   1.6676501028165294E-005
   1.6676501028206575E-005
   1.6676501028216834E-005
  -2.2077768008252625E-005
  -2.2077768008299418E-005
  -2.3220312845670689E-005
  -2.2077768008250914E-005
  -2.3220312845707681E-005
  -2.2077768008284673E-005
  -2.3220312845729880E-005
  -2.2077768008260607E-005
  -2.2077768008283962E-005
  -5.2871977221909985E-007
  -5.2871977224696522E-007
  -6.6269892250971294E-005
  -7.5930902216726333E-006
  -7.5930902216472960E-006
  -5.0034599871620397E-005
   1.5052438591885598E-005
   3.0149622451452565E-006
  -6.6246960706933234E-006
   3.0149622451080489E-006
   1.5052438591908699E-005
  -6.6246960706145756E-006
  -3.7771596610883020E-006
  -3.7771596610331140E-006
   1.6541894009877284E-006
   2.1941011810778245E-005
   2.1941011810850202E-005
   3.0857718563596543E-005
  -1.1652956148752597E-005
   1.8421301629473316E-005
   3.3381681002707043E-005
   1.8421301629486777E-005
  -1.1652956148725680E-005
   3.3381681002710215E-005
  -2.0249873887514072E-005
  -2.0249873887488095E-005
  -1.4004657787978023E-005
  -2.9165933193013690E-006
  -2.9165933193137090E-006
   1.8202943311494770E-005
  -8.6142669783190224E-006
  -4.2657748211106055E-006
   3.4625169162755934E-005
  -4.2657748211106732E-006
  -8.6142669783888907E-006
   3.4625169162777442E-005
  -1.1756738252436482E-005
  -1.1756738252430773E-005
   1.2881698602393618E-005
  -3.3119363749837664E-005
  -3.3119363749892673E-005
   1.0343930168501690E-005
   3.9482348521563957E-006
  -2.1653371165678654E-005
   1.9121575984296522E-005
  -2.1653371165660917E-005
   3.9482348521326915E-006
   1.9121575984347784E-005
  -4.1337712716254579E-005
  -4.1337712716200328E-005
   2.4756914486952714E-005
   5.9465713287574348E-006
   5.9465713287857655E-006
   4.6749928647315083E-006
  -2.2482105939348893E-005
   2.4870889171819857E-006
  -9.2711615006541364E-006
   2.4870889170843948E-006
  -2.2482105939315008E-005
  -9.2711615007182517E-006
  -1.8658569165644645E-005
  -1.8658569165588917E-005
  -5.9153931334057801E-005
  -1.0526333456454286E-005
  -1.0526333456454381E-005
  -1.6736169968183933E-005
  -3.4426405942065809E-005
  -3.1779015872458382E-006
  -2.6351829643011785E-006
  -3.1779015872517895E-006
  -3.4426405942054391E-005
  -2.6351829643103900E-006
  -5.2871977220727241E-007
  -6.6269892250983410E-005
  -5.2871977217968762E-007
   1.5052438591929218E-005
  -6.6246960706724355E-006
   3.0149622450733053E-006
  -7.5930902216557435E-006
  -5.0034599871641464E-005
  -7.5930902216400632E-006
   3.0149622450782761E-006
  -6.6246960706507549E-006
   1.5052438591884320E-005
  -3.2637173978923546E-005
  -4.1314360796518106E-006
  -4.1314360796201849E-006
  -3.8092238063400986E-006
   1.0122507940250541E-007
  -4.4270240964697233E-006
  -3.8092238063081379E-006
  -4.4270240964934199E-006
   1.0122507940114141E-007
   3.0690064453929545E-005
  -1.7507093391864101E-005
  -1.7507093391882488E-005
   1.6205218295482650E-006
  -1.8044005353424647E-006
  -2.2307794401110220E-005
  -2.7040251219020269E-005
   2.3518028687997502E-006
  -7.5215789831391639E-006
   1.0085437709219451E-005
  -2.5548131358506317E-005
   7.8269750660074155E-006
   1.3378671132096391E-006
   7.7686909204238950E-006
   1.9912443846233664E-005
   3.3309608033704626E-005
   1.8427167715805237E-006
   1.6606146241323762E-005
   1.0921966349743058E-005
  -4.0090217020555786E-005
   1.2573909039213681E-005
   8.9877245344086966E-006
  -1.4993933396095077E-005
   3.0502449148402073E-006
   7.5194766565806087E-006
   1.2186414484571205E-005
  -3.2340394737548629E-005
  -1.2149266414042055E-005
  -6.6991923888015287E-006
   7.0859246841326813E-006
  -3.6870763153902319E-006
   6.9714221747494218E-007
  -5.6332402773300123E-007
  -1.7095602676427442E-005
   1.4994898904541572E-005
   2.2301663989526860E-005
  -3.9337407915922814E-006
   3.0586622528563189E-006
   2.9845727057494467E-005
  -5.4408891010441523E-008
  -2.3487292365493022E-005
   1.6362258398148785E-005
  -4.8872573545642015E-007
  -9.4746549451994225E-006
   3.8413422430067346E-005
   1.9266725943602080E-006
  -2.3698723466749974E-005
   8.2073347090223047E-006
   1.7376295054313372E-006
   2.3152492393124786E-005
   2.1156168181804433E-005
  -1.1902348736337546E-005
   2.1839178164097962E-005
  -7.6129667602509897E-006
  -1.1377216031952199E-005
   7.2916617625328481E-006
   7.8210353625483102E-006
   1.2637539042609697E-005
  -3.1009418341930258E-005
  -1.5123093674234394E-005
   1.6971183366069413E-005
  -1.1416488836498805E-005
  -9.3401058894809862E-006
  -3.7771596610814313E-006
   1.6541894009920334E-006
  -3.7771596610519554E-006
  -1.1652956148730925E-005
   3.3381681002709469E-005
   1.8421301629453062E-005
   2.1941011810789247E-005
   3.0857718563557051E-005
   2.1941011810795298E-005
   1.8421301629527916E-005
   3.3381681002697082E-005
  -1.1652956148733359E-005
   1.6205218295660644E-006
  -2.2307794401126049E-005
  -1.8044005353316343E-006
   1.0085437709224774E-005
   7.8269750660407666E-006
  -2.5548131358545338E-005
  -2.7040251218967472E-005
  -7.5215789831525132E-006
   2.3518028687994076E-006
   1.3378671132035238E-006
   1.9912443846218888E-005
   7.7686909203824988E-006
  -1.3877500124017069E-005
  -5.6675009411122449E-006
  -5.6675009411191185E-006
   1.9564223177892920E-006
   1.0232766390822830E-006
  -1.1211561427442842E-005
   1.9564223177778397E-006
  -1.1211561427474904E-005
   1.0232766391274453E-006
   3.4042653266626446E-005
   1.3026258629436650E-005
   1.3026258629455529E-005
   5.4611843570339807E-006
   2.0988673289736191E-006
   3.6372711897065918E-006
   3.2865504732456525E-006
  -5.9159004319009440E-006
   1.6763015619423849E-006
  -1.3320756046221113E-005
   5.6432956573580532E-006
   2.1854979013196230E-005
   5.9534876202052888E-006
   1.2630561911813320E-005
   6.7892307466840669E-006
   2.4311037919005599E-007
   1.7539289376190469E-005
  -1.2326706797212758E-005
   2.3708714936658985E-005
   1.1136966878130639E-006
  -2.8415361143297018E-005
   2.0592157642587107E-006
   9.9988427422118918E-007
   2.4349056689549587E-005
   3.6099369963775633E-005
   1.1424834749771284E-005
  -1.2034966233985838E-005
  -2.2719573160145075E-005
   7.6479273129137783E-006
   4.4268921585987242E-005
  -5.5149801034790895E-006
   1.8300999407627735E-005
   1.1468469854319701E-005
  -1.2034713382948712E-005
  -4.3159005098143287E-006
   7.5623372315546724E-006
  -1.3081766211815616E-005
   3.1966217199052965E-005
   1.2537156589909200E-005
   7.9026127470489197E-006
   2.4105131699800090E-005
   2.2410457188946451E-005
  -5.7144219858405433E-007
  -1.6924423815607882E-005
   2.3309992564841360E-005
  -1.9759622844785538E-005
   1.4402497201697576E-005
   1.3488821787926053E-005
  -5.9417997477310229E-006
   4.2681766529167138E-006
   1.0096372071262558E-005
  -2.0249873887471754E-005
  -1.4004657787950419E-005
  -2.0249873887471910E-005
  -8.6142669784301006E-006
   3.4625169162765279E-005
  -4.2657748210822544E-006
  -2.9165933193331437E-006
   1.8202943311504551E-005
  -2.9165933193027001E-006
  -4.2657748210727524E-006
   3.4625169162730042E-005
  -8.6142669783615722E-006
   3.3309608033762529E-005
   1.6606146241313699E-005
   1.8427167715329458E-006
   8.9877245344021659E-006
   3.0502449148773221E-006
  -1.4993933396141113E-005
   1.0921966349772188E-005
   1.2573909039138665E-005
  -4.0090217020548021E-005
   7.5194766566052963E-006
  -3.2340394737544157E-005
   1.2186414484623515E-005
   5.4611843570281776E-006
   3.6372711897070975E-006
   2.0988673289630786E-006
  -1.3320756046262144E-005
   2.1854979013229871E-005
   5.6432956573755732E-006
   3.2865504732584037E-006
   1.6763015618914137E-006
  -5.9159004319211627E-006
   5.9534876202185424E-006
   6.7892307466380908E-006
   1.2630561911800640E-005
   1.3863123303769648E-005
   2.8610708086931982E-006
   2.8610708086867197E-006
   1.3614049963895252E-005
  -3.4715690163233288E-005
  -1.7538147209785876E-005
   1.3614049963837745E-005
  -1.7538147209858910E-005
  -3.4715690163196039E-005
   3.9854854033200335E-005
   1.0145833113142250E-005
   1.0145833113123827E-005
   2.9469575540581931E-005
  -8.5643631231923864E-006
  -7.7984041892195836E-006
   2.8809275256371131E-005
  -4.5620178141538840E-006
   5.2772421368160777E-006
   5.7428488482833347E-006
   1.0534045267807046E-005
   1.0212055136480600E-005
   3.0018146150681607E-005
   4.4184385920605046E-006
   2.1150660335759386E-006
  -1.1646370026633418E-006
  -1.1246789962740477E-005
   1.7874423888604453E-005
  -9.8645244716419372E-006
   4.1318523014933017E-006
   1.3784823042195622E-005
  -7.4010056390855840E-006
   2.2288778405966787E-005
  -1.0662038731120894E-005
   5.4547518890819014E-006
   2.4031690051129936E-006
   3.5265496358872049E-006
  -1.3463012937588651E-005
   1.4922738930105850E-005
  -4.8663761491369198E-006
  -1.7522567065116708E-005
   8.6341427971396361E-006
   1.9883196541705172E-005
  -4.5302297381211244E-006
   2.4646430350923951E-005
   2.3512827128848111E-005
  -3.5034950286337206E-006
  -3.4885109819572197E-006
  -1.1121225772467083E-005
  -1.1756738252396353E-005
   1.2881698602395157E-005
  -1.1756738252430280E-005
   3.9482348521746891E-006
   1.9121575984373754E-005
  -2.1653371165642632E-005
  -3.3119363749842719E-005
   1.0343930168467028E-005
  -3.3119363749858067E-005
  -2.1653371165670672E-005
   1.9121575984294499E-005
   3.9482348521551345E-006
  -1.2149266413992999E-005
   7.0859246841867296E-006
  -6.6991923887588213E-006
  -1.7095602676384853E-005
   2.2301663989515865E-005
   1.4994898904546239E-005
  -3.6870763153418489E-006
  -5.6332402776632012E-007
   6.9714221750295885E-007
  -3.9337407915446773E-006
   2.9845727057443740E-005
   3.0586622529169266E-006
   2.4311037924523479E-007
  -1.2326706797239922E-005
   1.7539289376147206E-005
   2.0592157642794638E-006
   2.4349056689509393E-005
   9.9988427423943850E-007
   2.3708714936719537E-005
  -2.8415361143317269E-005
   1.1136966878572498E-006
   3.6099369963838781E-005
  -1.2034966233979834E-005
   1.1424834749801731E-005
   2.9469575540611950E-005
  -7.7984041891487970E-006
  -8.5643631232263711E-006
   5.7428488482714796E-006
   1.0212055136495529E-005
   1.0534045267869898E-005
   2.8809275256377246E-005
   5.2772421368201392E-006
  -4.5620178142041597E-006
   3.0018146150672015E-005
   2.1150660335437784E-006
   4.4184385920887658E-006
   1.3077826301023488E-005
  -3.3548840719606117E-007
  -3.3548840715585135E-007
   3.8277459972943306E-005
  -1.5437911836538270E-005
   1.6553578508851790E-005
   3.8277459972937173E-005
   1.6553578508858319E-005
  -1.5437911836535953E-005
  -7.1263851074827092E-007
   1.0842491155007128E-005
   1.0842491154911977E-005
   4.1051283978894128E-005
   4.8022550482069540E-006
  -3.1704469258342885E-006
   1.5988502599089456E-005
   1.8090365157596351E-005
  -1.7689958142149043E-006
   1.3307269630387077E-005
  -7.4109584214087380E-006
   2.1344487644664094E-005
  -7.0257028886414214E-006
   2.0509185490922948E-005
  -1.0870227024759902E-005
   2.0471192154481231E-005
   2.3574006203208562E-005
  -3.1919110502386826E-005
   7.4463567282431062E-006
   3.6474482374740138E-005
   6.7995349598973062E-006
  -9.4257918062143287E-006
   2.5731026029966795E-005
   1.0925777876625665E-005
  -1.3395744844420288E-005
   1.4527709300946106E-005
  -5.0941151903866810E-005
  -4.1337712716185908E-005
   2.4756914486960859E-005
  -4.1337712716244652E-005
  -2.2482105939304908E-005
  -9.2711615007212671E-006
   2.4870889171119585E-006
   5.9465713287517783E-006
   4.6749928647601812E-006
   5.9465713286817380E-006
   2.4870889171645122E-006
  -9.2711615007474998E-006
  -2.2482105939283041E-005
  -5.4408891008919928E-008
   1.6362258398131614E-005
  -2.3487292365527083E-005
   1.9266725943628723E-006
   8.2073347090139496E-006
  -2.3698723466704871E-005
  -4.8872573543677831E-007
   3.8413422430037625E-005
  -9.4746549451579145E-006
   1.7376295054544798E-006
   2.1156168181815481E-005
   2.3152492393158532E-005
  -2.2719573160113518E-005
   4.4268921585994926E-005
   7.6479273128998989E-006
  -1.2034713382938675E-005
   7.5623372315849716E-006
  -4.3159005097890668E-006
  -5.5149801035264980E-006
   1.1468469854380649E-005
   1.8300999407627881E-005
  -1.3081766211803903E-005
   1.2537156589895083E-005
   3.1966217199052043E-005
  -1.1646370027132888E-006
   1.7874423888583585E-005
  -1.1246789962734084E-005
  -7.4010056391493334E-006
  -1.0662038731176314E-005
   2.2288778406003626E-005
  -9.8645244717047379E-006
   1.3784823042212012E-005
   4.1318523014833931E-006
   5.4547518890652132E-006
   3.5265496358599953E-006
   2.4031690051704250E-006
   4.1051283978838739E-005
  -3.1704469258685040E-006
   4.8022550482399087E-006
   1.3307269630391231E-005
   2.1344487644683501E-005
  -7.4109584214393193E-006
   1.5988502599081552E-005
  -1.7689958141500553E-006
   1.8090365157578970E-005
  -7.0257028886671255E-006
  -1.0870227024687497E-005
   2.0509185490982186E-005
  -1.6269622969963336E-006
   2.2022851277959291E-005
   2.2022851277944661E-005
   5.9645360698619101E-007
   1.6225112897017595E-006
   5.6475572070643730E-006
   5.9645360694452430E-007
   5.6475572071436172E-006
   1.6225112896425796E-006
   5.0282429617871832E-006
   1.3333671269902168E-005
   1.3333671269896723E-005
  -1.7493332612854987E-005
   3.3298943641503891E-005
  -2.0125912015646473E-005
  -5.1761871330392688E-006
  -1.3256169018871452E-005
  -1.6207359180333251E-005
  -8.7220607414789773E-006
   7.8253258807223270E-006
  -5.3861782119938358E-005
  -2.6605873003116707E-005
  -2.7810713423140350E-005
  -2.2864101202640598E-005
  -1.8658569165613701E-005
  -5.9153931334052563E-005
  -1.8658569165622520E-005
  -3.4426405942070525E-005
  -2.6351829642738752E-006
  -3.1779015872245396E-006
  -1.0526333456452086E-005
  -1.6736169968178997E-005
  -1.0526333456414029E-005
  -3.1779015871982129E-006
  -2.6351829642562756E-006
  -3.4426405942139555E-005
  -1.1902348736346020E-005
  -7.6129667602535148E-006
   2.1839178164127225E-005
   1.2637539042590850E-005
  -1.5123093674247020E-005
  -3.1009418341930244E-005
  -1.1377216031954264E-005
   7.8210353625701941E-006
   7.2916617625060615E-006
   1.6971183366039001E-005
  -9.3401058894451313E-006
  -1.1416488836487401E-005
   7.9026127470306187E-006
   2.2410457188948752E-005
   2.4105131699820202E-005
  -1.9759622844757756E-005
   1.3488821787915495E-005
   1.4402497201715094E-005
  -5.7144219850900742E-007
   2.3309992564851578E-005
  -1.6924423815544494E-005
  -5.9417997477257442E-006
   1.0096372071274210E-005
   4.2681766529243235E-006
  -1.3463012937598736E-005
  -4.8663761490450159E-006
   1.4922738930110163E-005
  -4.5302297381521105E-006
   2.3512827128875948E-005
   2.4646430350943850E-005
  -1.7522567065139538E-005
   1.9883196541712595E-005
   8.6341427971562956E-006
  -3.5034950287255390E-006
  -1.1121225772397999E-005
  -3.4885109818741732E-006
   2.0471192154470650E-005
  -3.1919110502320677E-005
   2.3574006203252947E-005
  -9.4257918062369072E-006
   1.0925777876628094E-005
   2.5731026030006077E-005
   7.4463567282413588E-006
   6.7995349599233228E-006
   3.6474482374754950E-005
  -1.3395744844441306E-005
  -5.0941151903885452E-005
   1.4527709300910106E-005
  -1.7493332612883396E-005
  -2.0125912015597372E-005
   3.3298943641523677E-005
  -8.7220607415670603E-006
  -5.3861782119870657E-005
   7.8253258806566006E-006
  -5.1761871330761520E-006
  -1.6207359180396291E-005
  -1.3256169018872243E-005
  -2.6605873003118570E-005
  -2.2864101202632436E-005
  -2.7810713423162563E-005
   1.3279224786393120E-005
  -2.1715772535371985E-005
  -2.1715772535327120E-005
   2.3827713702870553E-005
  -2.0917194584069743E-005
  -3.3202479035849180E-006
   2.3827713702893033E-005
  -3.3202479035790624E-006
  -2.0917194584073833E-005
  -6.4406297984672724E-005
  -4.3054362620266154E-006
  -4.3054362619914161E-006
  -6.6269892250998656E-005
  -5.2871977222658148E-007
  -5.2871977221164553E-007
  -6.6246960706380977E-006
   1.5052438591928308E-005
   3.0149622451126682E-006
  -6.6246960706118278E-006
   3.0149622451119939E-006
   1.5052438591934288E-005
  -5.0034599871676457E-005
  -7.5930902217067569E-006
  -7.5930902216553564E-006
  -4.1314360796329234E-006
  -3.2637173978836918E-005
  -4.1314360796607535E-006
   1.0122507941305967E-007
  -3.8092238063196495E-006
  -4.4270240964867978E-006
  -1.7507093391885049E-005
   3.0690064453950321E-005
  -1.7507093391866540E-005
  -4.4270240965108950E-006
  -3.8092238063045533E-006
   1.0122507939660981E-007
  -1.8044005353537741E-006
   1.6205218295811005E-006
  -2.2307794401147547E-005
   2.3518028687725367E-006
  -2.7040251218990857E-005
  -7.5215789831115269E-006
   7.7686909203832730E-006
   1.3378671132099184E-006
   1.9912443846235690E-005
  -2.5548131358513761E-005
   1.0085437709209805E-005
   7.8269750659983590E-006
   1.8427167715290213E-006
   3.3309608033730179E-005
   1.6606146241340381E-005
  -4.0090217020549200E-005
   1.0921966349723760E-005
   1.2573909039170220E-005
   1.2186414484611199E-005
   7.5194766566530766E-006
  -3.2340394737530760E-005
  -1.4993933396137625E-005
   8.9877245343537953E-006
   3.0502449148262079E-006
  -6.6991923887953115E-006
  -1.2149266413967215E-005
   7.0859246842024438E-006
   6.9714221754877380E-007
  -3.6870763154364511E-006
  -5.6332402780601473E-007
   3.0586622529225141E-006
  -3.9337407915381221E-006
   2.9845727057455873E-005
   1.4994898904533093E-005
  -1.7095602676454384E-005
   2.2301663989552365E-005
  -2.3487292365509688E-005
  -5.4408890967105849E-008
   1.6362258398112528E-005
  -9.4746549451472656E-006
  -4.8872573545607425E-007
   3.8413422430029616E-005
   2.3152492393191658E-005
   1.7376295054975441E-006
   2.1156168181856136E-005
  -2.3698723466700314E-005
   1.9266725943490678E-006
   8.2073347089960585E-006
   2.1839178164090498E-005
  -1.1902348736333575E-005
  -7.6129667602115782E-006
   7.2916617625675934E-006
  -1.1377216031960249E-005
   7.8210353625614307E-006
  -1.1416488836511621E-005
   1.6971183366042806E-005
  -9.3401058894706084E-006
  -3.1009418341895441E-005
   1.2637539042638391E-005
  -1.5123093674307375E-005
  -4.1314360796457407E-006
  -4.1314360796411286E-006
  -3.2637173978908048E-005
  -1.7507093391838466E-005
  -1.7507093391913859E-005
   3.0690064453892289E-005
   1.0122507944076580E-007
  -4.4270240965306046E-006
  -3.8092238062915352E-006
  -4.4270240964793659E-006
   1.0122507936019047E-007
  -3.8092238063036283E-006
  -6.0442207339632552E-005
  -6.0442207339643476E-005
  -6.0442207339629808E-005
  -3.5626151436748376E-005
  -3.5626151436722761E-005
  -1.3249422411099878E-005
  -3.5626151436726732E-005
  -1.3249422411087450E-005
  -3.5626151436694199E-005
  -1.3249422411107598E-005
  -3.5626151436763500E-005
  -3.5626151436768711E-005
  -1.3110220685770329E-005
  -1.3110220685812437E-005
  -4.3109905385263887E-006
  -1.9262329444865149E-005
  -1.9262329444871017E-005
  -3.9002504861737347E-005
  -3.2984715933898721E-005
   1.5416402817376671E-006
   5.4413043845174462E-006
   1.5416402817809738E-006
  -3.2984715933900158E-005
   5.4413043845000981E-006
   6.3757599174345967E-006
   6.3757599174385693E-006
  -3.4528601261580826E-005
   1.6548954921821092E-005
   1.6548954921779821E-005
  -7.5492390850710939E-006
  -1.5757517809232106E-005
   6.7487894288073908E-006
   2.7736337953261110E-005
   6.7487894287906475E-006
  -1.5757517809283744E-005
   2.7736337953250613E-005
   2.2820515188343106E-005
   2.2820515188381900E-005
   5.8925947524820170E-005
  -1.3069524539499399E-005
  -1.3069524539579601E-005
   9.1988681920536739E-006
   1.8269836826778825E-005
  -3.2140965840623239E-005
   2.7174544486291687E-005
  -3.2140965840628504E-005
   1.8269836826704994E-005
   2.7174544486272093E-005
  -2.9223545227898220E-006
  -2.9223545227617932E-006
   3.4935422008733260E-005
  -1.4969305881779978E-006
  -1.4969305882198821E-006
   7.6144486136164413E-005
  -2.4774114874190298E-006
   7.0588344335537291E-006
  -2.5890738665082874E-005
   7.0588344336127173E-006
  -2.4774114874686316E-006
  -2.5890738665076419E-005
  -4.2451312245974191E-005
  -4.2451312246007883E-005
   2.5918343112337907E-005
  -7.4232725963868176E-007
  -7.4232725971504665E-007
   2.0683005879667235E-005
  -1.3716857795966291E-005
   3.1599625475320324E-006
  -6.7058013124113276E-006
   3.1599625475804666E-006
  -1.3716857796026510E-005
  -6.7058013124583981E-006
  -1.8044005353464057E-006
  -2.2307794401165612E-005
   1.6205218295296309E-006
   7.7686909204217114E-006
   1.9912443846232149E-005
   1.3378671131901250E-006
   2.3518028688061326E-006
  -7.5215789831188021E-006
  -2.7040251219038894E-005
  -2.5548131358476725E-005
   7.8269750660343376E-006
   1.0085437709212316E-005
  -1.3110220685759046E-005
  -4.3109905385146183E-006
  -1.3110220685782687E-005
  -3.2984715933896708E-005
   5.4413043844872698E-006
   1.5416402817842660E-006
  -1.9262329444835246E-005
  -3.9002504861744265E-005
  -1.9262329444834382E-005
   1.5416402817712399E-006
   5.4413043844749709E-006
  -3.2984715933913669E-005
  -3.4071056555646489E-006
  -1.3117823528462937E-005
  -1.3117823528457370E-005
  -1.8713193837031778E-005
  -1.3791708198799557E-005
  -1.9458824871440455E-005
  -1.8713193837072128E-005
  -1.9458824871464111E-005
  -1.3791708198823380E-005
  -1.1188827682158964E-005
  -3.6963726612880892E-005
  -3.6963726612888589E-005
  -2.8768299849092258E-005
  -2.8323508282909221E-005
  -6.1502068734554096E-006
   1.4344270195950127E-005
  -4.0060564132694241E-006
  -3.0912295314626484E-005
   3.0265704193376634E-005
  -9.7473685010325926E-007
  -3.1301246374770029E-005
  -4.7547596021342865E-006
  -2.0314966815637767E-005
   8.2969908504420834E-006
  -1.6260993836469839E-007
   1.7030358447450689E-006
   1.0262392907844233E-005
  -1.4844760897025607E-005
  -1.9713489141896843E-005
   1.3151447387025362E-005
   1.9332118878787863E-005
   1.5776383664797556E-005
   2.7662161131383766E-005
  -8.0710569218345837E-006
  -6.5378932710602134E-006
   2.8155147174585294E-005
   2.8211211392867964E-005
  -3.1969418404290603E-006
  -2.5021495490621517E-006
  -1.3746678535844596E-005
   6.1148984559523586E-006
   3.8774990785693288E-005
   6.1143764642762730E-006
   1.2955550788866623E-006
   1.7286022525134712E-005
   9.5143774895141743E-006
   3.7517935232213252E-006
   1.3089980011979237E-005
   4.3609655292787001E-006
   1.1037033185722672E-006
   8.5411590737731189E-006
  -2.2555293707179857E-005
   3.6649094233741813E-006
   1.5219508959361369E-005
   1.1042365510790111E-005
   6.9651814970749268E-006
   1.3046702095191964E-005
  -2.0314769872256409E-005
  -1.3318321159127872E-005
   1.8313785760152073E-005
   1.8427167715875701E-006
   1.6606146241323775E-005
   3.3309608033745344E-005
   1.2186414484617806E-005
  -3.2340394737581467E-005
   7.5194766566085523E-006
  -4.0090217020586239E-005
   1.2573909039188199E-005
   1.0921966349685438E-005
  -1.4993933396082400E-005
   3.0502449148732437E-006
   8.9877245344146072E-006
   6.3757599174190570E-006
  -3.4528601261529780E-005
   6.3757599174050285E-006
  -1.5757517809253041E-005
   2.7736337953236942E-005
   6.7487894288030752E-006
   1.6548954921779364E-005
  -7.5492390850923366E-006
   1.6548954921844674E-005
   6.7487894288481907E-006
   2.7736337953220574E-005
  -1.5757517809232678E-005
  -2.8768299849100413E-005
  -6.1502068734948755E-006
  -2.8323508282859669E-005
   3.0265704193356285E-005
  -3.1301246374743975E-005
  -9.7473685007675200E-007
   1.4344270195929609E-005
  -3.0912295314641025E-005
  -4.0060564131825939E-006
  -4.7547596020754685E-006
   8.2969908504788972E-006
  -2.0314966815610005E-005
   1.2442882985388105E-005
  -8.6738633266902779E-006
  -8.6738633266994716E-006
  -1.1533137065710998E-005
   5.7940343874058764E-006
  -2.4167663974482117E-005
  -1.1533137065655159E-005
  -2.4167663974449662E-005
   5.7940343874481205E-006
   8.9851445644602354E-006
  -4.7777869964126720E-006
  -4.7777869964042330E-006
   1.0603969324327976E-005
  -9.7126232353530074E-006
  -1.3116852605900343E-005
  -2.2231035085492401E-005
   5.8225253928868354E-006
  -6.9511217600462967E-006
   2.7292300241141701E-005
  -5.9016135612740346E-006
  -6.1478288431576677E-007
   3.7877021989597728E-005
   2.5662739191764749E-007
   1.1352392793697827E-005
   1.8516764450317230E-005
   6.1793843440656277E-006
   2.6275500545483347E-006
   2.6228735711446572E-005
  -7.9012653751894909E-006
   1.6063159923326557E-005
  -1.3208861439991749E-005
   2.2513290210055138E-006
   6.8247199354456808E-006
   3.2285147838607201E-005
   1.1310083214592045E-005
   1.4187673856097542E-005
   2.6610568926822053E-005
   3.4929505814412962E-005
   8.0872837730886174E-006
   6.9643591085341933E-006
  -8.9166288416400175E-006
  -6.9866861830512649E-006
  -1.0673225715410844E-006
   2.1849521077024113E-005
   1.1464787925603024E-005
   7.8908443139055358E-006
   4.6580235086444931E-005
   1.7629328352462129E-007
  -6.6991923888266263E-006
   7.0859246841638521E-006
  -1.2149266413981059E-005
   3.0586622528805457E-006
   2.9845727057428178E-005
  -3.9337407915433695E-006
   6.9714221752964706E-007
  -5.6332402770520500E-007
  -3.6870763153552104E-006
   1.4994898904648081E-005
   2.2301663989487757E-005
  -1.7095602676400269E-005
   2.2820515188385596E-005
   5.8925947524804226E-005
   2.2820515188358637E-005
   1.8269836826798358E-005
   2.7174544486304081E-005
  -3.2140965840652486E-005
  -1.3069524539550251E-005
   9.1988681920819309E-006
  -1.3069524539481274E-005
  -3.2140965840665991E-005
   2.7174544486305995E-005
   1.8269836826797270E-005
  -1.6260993836917172E-007
   1.0262392907845376E-005
   1.7030358447913886E-006
   1.9332118878805655E-005
   2.7662161131368038E-005
   1.5776383664786033E-005
  -1.4844760896983769E-005
   1.3151447386949588E-005
  -1.9713489141842183E-005
  -8.0710569217943683E-006
   2.8155147174581408E-005
  -6.5378932710180176E-006
   1.0603969324352503E-005
  -1.3116852605987977E-005
  -9.7126232353730516E-006
   2.7292300241110127E-005
  -6.1478288427820330E-007
  -5.9016135611757381E-006
  -2.2231035085535491E-005
  -6.9511217600331152E-006
   5.8225253929106523E-006
   3.7877021989599659E-005
   1.1352392793706756E-005
   2.5662739191959143E-007
   2.8347471294506698E-005
  -9.5868660058302904E-006
  -9.5868660057777896E-006
   3.9500133374984611E-005
   3.6233637896345439E-006
  -3.8264753814297033E-006
   3.9500133374944618E-005
  -3.8264753814263982E-006
   3.6233637895767538E-006
   5.2168884974863193E-005
  -9.5991574993882270E-006
  -9.5991574994575194E-006
   4.8092258183174662E-005
  -9.1006068427911031E-006
   1.2550584525556897E-005
   1.5114637437224776E-005
   1.6279057310247522E-005
  -3.8352149105774175E-008
   5.0953169409053908E-005
   1.2113571607801289E-005
   1.3388622503431629E-005
   1.9016062652522363E-005
   4.5123078999948410E-006
   2.9722521258337639E-005
  -1.1685739847280273E-005
  -7.1598959956368009E-006
   1.4284691135397259E-005
   2.5118495693526227E-006
  -5.7471607298076399E-006
  -1.0061802948499381E-005
   1.3202435652945840E-005
   1.3334537884609146E-006
  -2.9060651178507590E-006
   3.2628389252866461E-006
   7.5351736037719438E-006
   1.9629960779767280E-005
  -2.3487292365509021E-005
   1.6362258398104319E-005
  -5.4408890963674843E-008
   2.3152492393192613E-005
   2.1156168181856756E-005
   1.7376295054577585E-006
  -9.4746549451415685E-006
   3.8413422430072008E-005
  -4.8872573541540872E-007
  -2.3698723466776347E-005
   8.2073347090273310E-006
   1.9266725943849180E-006
  -2.9223545227205664E-006
   3.4935422008748554E-005
  -2.9223545227404467E-006
  -2.4774114874300366E-006
  -2.5890738665046621E-005
   7.0588344335818794E-006
  -1.4969305881919182E-006
   7.6144486136212348E-005
  -1.4969305881761551E-006
   7.0588344335845560E-006
  -2.5890738665051994E-005
  -2.4774114874455106E-006
   2.8211211392843224E-005
  -2.5021495490931823E-006
  -3.1969418404714263E-006
   6.1143764642927003E-006
   1.7286022525130321E-005
   1.2955550789202744E-006
  -1.3746678535850073E-005
   3.8774990785719505E-005
   6.1148984558788701E-006
   9.5143774895069779E-006
   1.3089980012013904E-005
   3.7517935232510336E-006
   1.8516764450294241E-005
   2.6275500545554532E-006
   6.1793843440430204E-006
  -1.3208861440040209E-005
   6.8247199354865764E-006
   2.2513290209984547E-006
   2.6228735711488503E-005
   1.6063159923308261E-005
  -7.9012653752110767E-006
   3.2285147838606171E-005
   1.4187673856135623E-005
   1.1310083214582696E-005
   4.8092258183187679E-005
   1.2550584525538027E-005
  -9.1006068428795927E-006
   5.0953169409045316E-005
   1.3388622503445670E-005
   1.2113571607830536E-005
   1.5114637437203803E-005
  -3.8352149015248138E-008
   1.6279057310237039E-005
   1.9016062652549533E-005
   2.9722521258410605E-005
   4.5123079000537775E-006
   6.8114115907203532E-005
   2.6607438994276685E-005
   2.6607438994289475E-005
   1.9977209175073013E-005
   1.8967495390026760E-005
   5.6039453800181228E-006
   1.9977209175101131E-005
   5.6039453800453134E-006
   1.8967495389991852E-005
   3.5026195844140323E-005
  -1.2616532643684244E-006
  -1.2616532643624397E-006
   1.5062547173496006E-005
   9.8355076242629773E-006
  -2.5788499554755237E-006
   3.9928955482507867E-005
  -2.6739608190437576E-005
  -1.6270362121480163E-005
   2.3814138576483350E-005
   1.9804280843050637E-005
  -4.3088759374883448E-006
  -1.0226350026778734E-005
   2.3450288451762277E-005
   1.8143047576358938E-005
   2.1839178164146737E-005
  -7.6129667602345658E-006
  -1.1902348736325117E-005
  -1.1416488836519924E-005
  -9.3401058894976389E-006
   1.6971183366072618E-005
   7.2916617625567725E-006
   7.8210353625838839E-006
  -1.1377216031923315E-005
  -3.1009418341934486E-005
  -1.5123093674204350E-005
   1.2637539042596562E-005
  -4.2451312245991477E-005
   2.5918343112366222E-005
  -4.2451312245989438E-005
  -1.3716857795977487E-005
  -6.7058013124301868E-006
   3.1599625475563969E-006
  -7.4232725969592668E-007
   2.0683005879671944E-005
  -7.4232725968694326E-007
   3.1599625475191114E-006
  -6.7058013124493653E-006
  -1.3716857796004631E-005
   4.3609655292860651E-006
   8.5411590738470479E-006
   1.1037033185951699E-006
   1.1042365510792418E-005
   1.3046702095179314E-005
   6.9651814970947211E-006
  -2.2555293707182178E-005
   1.5219508959357235E-005
   3.6649094234247839E-006
  -2.0314769872256358E-005
   1.8313785760242353E-005
  -1.3318321159126798E-005
   2.6610568926811838E-005
   8.0872837731287329E-006
   3.4929505814348709E-005
  -1.0673225716313762E-006
   1.1464787925633558E-005
   2.1849521077051710E-005
   6.9643591085254290E-006
  -6.9866861830600783E-006
  -8.9166288416721929E-006
   7.8908443139095931E-006
   1.7629328350928157E-007
   4.6580235086481428E-005
  -1.1685739847221906E-005
   1.4284691135449495E-005
  -7.1598959956162840E-006
   1.3202435652984462E-005
  -2.9060651178574349E-006
   1.3334537884777892E-006
   2.5118495693848354E-006
  -1.0061802948448208E-005
  -5.7471607298626098E-006
   3.2628389252144852E-006
   1.9629960779773379E-005
   7.5351736037463109E-006
   1.5062547173553933E-005
  -2.5788499554717231E-006
   9.8355076242326061E-006
   2.3814138576516933E-005
  -4.3088759374079029E-006
   1.9804280843070627E-005
   3.9928955482495920E-005
  -1.6270362121426129E-005
  -2.6739608190474355E-005
  -1.0226350026725600E-005
   1.8143047576341489E-005
   2.3450288451694680E-005
   7.7355832880866553E-006
   1.0023961022245155E-005
   1.0023961022239474E-005
   1.2833530590173720E-005
   5.7305697634986080E-006
   2.1895586113924294E-005
   1.2833530590172180E-005
   2.1895586113945101E-005
   5.7305697634954985E-006
   1.5661617579136601E-005
  -1.5272753920085692E-005
  -1.5272753920138388E-005
   1.6541894010141698E-006
  -3.7771596610560326E-006
  -3.7771596610747736E-006
   3.3381681002732217E-005
  -1.1652956148694413E-005
   1.8421301629488295E-005
   3.3381681002722947E-005
   1.8421301629500499E-005
  -1.1652956148707410E-005
   3.0857718563609737E-005
   2.1941011810781085E-005
   2.1941011810834969E-005
  -2.2307794401151094E-005
   1.6205218295543711E-006
  -1.8044005353120742E-006
   7.8269750660360232E-006
   1.0085437709191255E-005
  -2.5548131358535702E-005
   1.9912443846299434E-005
   1.3378671132679002E-006
   7.7686909203883332E-006
  -7.5215789831072943E-006
  -2.7040251219036366E-005
   2.3518028687682910E-006
  -5.6675009411283876E-006
  -1.3877500124023237E-005
  -5.6675009411245167E-006
   1.0232766391165529E-006
   1.9564223177447101E-006
  -1.1211561427437179E-005
   1.3026258629448563E-005
   3.4042653266650637E-005
   1.3026258629466535E-005
  -1.1211561427464888E-005
   1.9564223177308196E-006
   1.0232766391039878E-006
   2.0988673290239036E-006
   5.4611843570131326E-006
   3.6372711896700237E-006
  -5.9159004319243611E-006
   3.2865504732176750E-006
   1.6763015618673262E-006
   1.2630561911838976E-005
   5.9534876201864042E-006
   6.7892307466930700E-006
   5.6432956573510728E-006
  -1.3320756046257207E-005
   2.1854979013194987E-005
   1.7539289376168656E-005
   2.4311037920018074E-007
  -1.2326706797263541E-005
   1.1136966878581257E-006
   2.3708714936689125E-005
  -2.8415361143297987E-005
   1.1424834749828169E-005
   3.6099369963737449E-005
  -1.2034966233955505E-005
   9.9988427422468234E-007
   2.0592157642915463E-006
   2.4349056689522929E-005
   7.6479273129206275E-006
  -2.2719573160117465E-005
   4.4268921585993483E-005
   1.8300999407672536E-005
  -5.5149801034969543E-006
   1.1468469854328739E-005
   3.1966217199087226E-005
  -1.3081766211829419E-005
   1.2537156589956048E-005
  -4.3159005097696579E-006
  -1.2034713382969099E-005
   7.5623372315558692E-006
   2.4105131699849279E-005
   7.9026127470092565E-006
   2.2410457188955575E-005
  -1.6924423815552947E-005
  -5.7144219852454010E-007
   2.3309992564820221E-005
   4.2681766529344430E-006
  -5.9417997477671082E-006
   1.0096372071281003E-005
   1.4402497201747507E-005
  -1.9759622844761635E-005
   1.3488821787888434E-005
  -2.2307794401154974E-005
  -1.8044005352918003E-006
   1.6205218295523217E-006
   1.9912443846281260E-005
   7.7686909204087670E-006
   1.3378671132068892E-006
   7.8269750660621847E-006
  -2.5548131358524312E-005
   1.0085437709206229E-005
  -7.5215789830972875E-006
   2.3518028687403698E-006
  -2.7040251219015719E-005
  -4.3109905384520268E-006
  -1.3110220685738994E-005
  -1.3110220685798201E-005
   5.4413043845135194E-006
  -3.2984715933898687E-005
   1.5416402817727173E-006
   5.4413043845536975E-006
   1.5416402817566349E-006
  -3.2984715933923414E-005
  -3.9002504861720725E-005
  -1.9262329444861002E-005
  -1.9262329444837095E-005
  -1.3117823528471240E-005
  -3.4071056555210267E-006
  -1.3117823528423911E-005
  -1.3791708198852498E-005
  -1.8713193837058494E-005
  -1.9458824871426293E-005
  -3.6963726612917450E-005
  -1.1188827682123773E-005
  -3.6963726612838357E-005
  -1.9458824871431165E-005
  -1.8713193837039073E-005
  -1.3791708198812894E-005
  -2.8323508282934713E-005
  -2.8768299849119123E-005
  -6.1502068734753081E-006
  -4.0060564132165887E-006
   1.4344270196019001E-005
  -3.0912295314683892E-005
  -2.0314966815640366E-005
  -4.7547596021422130E-006
   8.2969908504374857E-006
  -9.7473685003825647E-007
   3.0265704193337728E-005
  -3.1301246374761932E-005
   1.7030358448057179E-006
  -1.6260993839437196E-007
   1.0262392907813504E-005
  -1.9713489141873137E-005
  -1.4844760896982522E-005
   1.3151447386993951E-005
  -6.5378932710579933E-006
  -8.0710569218344058E-006
   2.8155147174606009E-005
   1.5776383664790814E-005
   1.9332118878808158E-005
   2.7662161131361157E-005
  -3.1969418404442459E-006
   2.8211211392835668E-005
  -2.5021495490384161E-006
   6.1148984559243837E-006
  -1.3746678535817291E-005
   3.8774990785677567E-005
   3.7517935232152134E-006
   9.5143774895318705E-006
   1.3089980012019415E-005
   1.2955550789065470E-006
   6.1143764642183478E-006
   1.7286022525136792E-005
   1.1037033186337540E-006
   4.3609655292510166E-006
   8.5411590737675403E-006
   3.6649094234420036E-006
  -2.2555293707193698E-005
   1.5219508959370484E-005
  -1.3318321159083325E-005
  -2.0314769872252343E-005
   1.8313785760186313E-005
   6.9651814971044586E-006
   1.1042365510801425E-005
   1.3046702095181211E-005
  -5.6675009411159074E-006
  -5.6675009411696830E-006
  -1.3877500124033991E-005
   1.3026258629467537E-005
   1.3026258629469021E-005
   3.4042653266609499E-005
   1.0232766390680399E-006
  -1.1211561427438834E-005
   1.9564223177447545E-006
  -1.1211561427449286E-005
   1.0232766390990398E-006
   1.9564223177069574E-006
  -1.3117823528459063E-005
  -1.3117823528502175E-005
  -3.4071056555301230E-006
  -3.6963726612870111E-005
  -3.6963726612872564E-005
  -1.1188827682103836E-005
  -1.3791708198847544E-005
  -1.9458824871421804E-005
  -1.8713193837031758E-005
  -1.9458824871418372E-005
  -1.3791708198778108E-005
  -1.8713193837053235E-005
   1.0248063405367154E-005
   1.0248063405386169E-005
   1.0248063405366497E-005
  -9.8186038453688640E-006
  -9.8186038453804124E-006
  -1.3188095824028849E-006
  -9.8186038453781593E-006
  -1.3188095823743159E-006
  -9.8186038454188389E-006
  -1.3188095824054846E-006
  -9.8186038453935939E-006
  -9.8186038453297226E-006
  -3.2795592010689989E-005
  -3.2795592010716078E-005
  -3.2831953074690930E-005
  -2.4175763092499652E-005
  -2.4175763092543766E-005
  -1.6712193996036824E-005
  -1.5277134649900997E-005
  -9.1190843353050988E-006
   1.7159177611822820E-006
  -9.1190843353424919E-006
  -1.5277134649892107E-005
   1.7159177612315696E-006
  -1.0584530455237938E-005
  -1.0584530455219083E-005
  -2.9299321843806738E-005
   1.7951892531926938E-005
   1.7951892531909736E-005
  -1.6188957350126367E-005
   1.1130817060628277E-005
   2.3087611551005062E-005
   9.6874678782372952E-006
   2.3087611551014928E-005
   1.1130817060630286E-005
   9.6874678781978624E-006
  -2.8336547964066155E-005
  -2.8336547964087426E-005
   7.1251497922786323E-006
  -5.6263053208001256E-007
  -5.6263053204681691E-007
   2.0644105625237700E-005
  -1.1323740697985195E-005
  -2.4328026385051311E-005
   4.8626716912988764E-006
  -2.4328026385060825E-005
  -1.1323740697966371E-005
   4.8626716913053536E-006
  -7.7458607716764819E-006
  -7.7458607717246087E-006
   1.9469557204345113E-005
  -1.2942935863547885E-006
  -1.2942935863418009E-006
   2.8116500444191553E-005
  -2.8444668501650694E-005
  -8.7558376513862728E-006
   1.0571382363944857E-006
  -8.7558376513617089E-006
  -2.8444668501616375E-005
   1.0571382364466869E-006
   2.0988673290310699E-006
   3.6372711896919546E-006
   5.4611843570135451E-006
   1.2630561911785747E-005
   6.7892307466550255E-006
   5.9534876201855572E-006
  -5.9159004319225959E-006
   1.6763015619120681E-006
   3.2865504732516702E-006
   5.6432956573697016E-006
   2.1854979013239449E-005
  -1.3320756046256248E-005
  -2.8323508282944474E-005
  -6.1502068734974589E-006
  -2.8768299849077516E-005
  -2.0314966815671649E-005
   8.2969908504696035E-006
  -4.7547596021124508E-006
  -4.0060564132440148E-006
  -3.0912295314649740E-005
   1.4344270195923163E-005
  -9.7473684998644389E-007
  -3.1301246374736216E-005
   3.0265704193404254E-005
  -3.2795592010669593E-005
  -3.2831953074762155E-005
  -3.2795592010725280E-005
  -1.5277134649930724E-005
   1.7159177611945564E-006
  -9.1190843353354412E-006
  -2.4175763092580042E-005
  -1.6712193996007269E-005
  -2.4175763092431436E-005
  -9.1190843352865336E-006
   1.7159177611609851E-006
  -1.5277134649942657E-005
  -3.2248966977394167E-005
  -2.8605076216362213E-005
  -2.8605076216316873E-005
  -2.7288565027753162E-005
  -3.7239589923422735E-007
  -4.0658907305455806E-005
  -2.7288565027784892E-005
  -4.0658907305427576E-005
  -3.7239589925000011E-007
   2.6977758315943452E-005
  -1.2789413936589265E-005
  -1.2789413936551999E-005
   3.9463509301019392E-007
   6.2622137526394953E-006
  -1.9579722800117873E-006
  -2.9785799102095035E-005
  -4.7765360765649853E-006
  -1.3485602999035072E-005
  -2.8052131279870862E-006
  -2.8572811432258306E-005
  -1.1703506478946617E-005
  -1.5299001540853793E-005
   1.7295401630360774E-005
  -2.2440323202343634E-005
   3.6066044486773799E-005
  -2.0672279974642900E-005
   2.3057838281173206E-005
  -2.6049400381703430E-006
  -2.1378901918781792E-006
   1.2362789594781746E-005
  -1.3518819357197955E-005
  -4.8295163100601954E-006
   5.2240183281751417E-006
   3.7018666053603151E-005
   9.8951907115724778E-006
   3.5649932404067201E-005
  -3.1165448810941585E-006
   1.5681111915646189E-005
   4.3398583007275791E-005
   1.2502203677978014E-005
   1.1649479455135882E-005
   1.5282936178161225E-005
  -3.1126923379087930E-006
   8.5083917434746365E-006
   2.5061093569897943E-005
  -2.1744427666012982E-005
   9.4205517256797212E-006
   1.3685139732748193E-005
   1.7539289376188918E-005
  -1.2326706797270195E-005
   2.4311037912134246E-007
   1.1424834749814077E-005
  -1.2034966233995318E-005
   3.6099369963758916E-005
   1.1136966878247932E-006
  -2.8415361143293972E-005
   2.3708714936642267E-005
   9.9988427418149933E-007
   2.4349056689502630E-005
   2.0592157642973328E-006
   1.7030358447343992E-006
   1.0262392907784488E-005
  -1.6260993832455911E-007
  -6.5378932710711063E-006
   2.8155147174569522E-005
  -8.0710569218743299E-006
  -1.9713489141943833E-005
   1.3151447386966125E-005
  -1.4844760897002517E-005
   1.5776383664751176E-005
   2.7662161131368851E-005
   1.9332118878870348E-005
  -1.0584530455195193E-005
  -2.9299321843828418E-005
  -1.0584530455205091E-005
   1.1130817060585419E-005
   9.6874678782639682E-006
   2.3087611551027915E-005
   1.7951892531900995E-005
  -1.6188957350176454E-005
   1.7951892531978316E-005
   2.3087611551011628E-005
   9.6874678782821591E-006
   1.1130817060681855E-005
   3.9463509300297100E-007
  -1.9579722800193873E-006
   6.2622137526286271E-006
  -2.8052131280546396E-006
  -1.1703506478968008E-005
  -2.8572811432242341E-005
  -2.9785799102091864E-005
  -1.3485602999092563E-005
  -4.7765360765584809E-006
  -1.5299001540870246E-005
  -2.2440323202275986E-005
   1.7295401630330867E-005
   1.0667393032968252E-005
  -3.9823141309253173E-005
  -3.9823141309249337E-005
  -3.8485185109989272E-006
  -3.5138459850886388E-005
  -2.7836309282653527E-005
  -3.8485185109746225E-006
  -2.7836309282632585E-005
  -3.5138459850864569E-005
  -1.5714974038161999E-005
   6.7260689618438128E-006
   6.7260689617898237E-006
   7.4972344959456567E-006
   1.9584774533970293E-005
  -1.2048227316056512E-005
   2.1441065855006947E-005
  -4.6358386172153263E-006
  -3.0785688673710721E-005
   4.2106366867769607E-006
   1.6154643835613575E-005
   5.5118246448935083E-006
  -3.4301929854842717E-006
   1.9823909260234545E-006
   1.7261080828536616E-005
   3.4780610853364686E-005
   3.7263694132545908E-005
   2.2271441230838586E-005
   4.1075480643294312E-005
   3.4680699152106272E-005
  -2.2144452372479940E-005
   4.3115217596154863E-006
   1.7438691696674365E-005
  -1.7607070302713293E-005
   2.0614820546867028E-005
   7.9462410227979925E-006
   1.1944933669079821E-006
   7.6479273128875983E-006
   4.4268921585977925E-005
  -2.2719573160150225E-005
   3.1966217199062723E-005
   1.2537156589894907E-005
  -1.3081766211852824E-005
   1.8300999407678727E-005
   1.1468469854262261E-005
  -5.5149801035382429E-006
  -4.3159005097942608E-006
   7.5623372315696750E-006
  -1.2034713382993746E-005
  -3.1969418404616418E-006
  -2.5021495490754056E-006
   2.8211211392856282E-005
   3.7517935232238502E-006
   1.3089980012049762E-005
   9.5143774895787894E-006
   6.1148984559331386E-006
   3.8774990785718312E-005
  -1.3746678535830618E-005
   1.2955550788861312E-006
   1.7286022525128342E-005
   6.1143764642509416E-006
  -2.8336547964092905E-005
   7.1251497923288088E-006
  -2.8336547964072783E-005
  -1.1323740697967369E-005
   4.8626716913442765E-006
  -2.4328026385056139E-005
  -5.6263053208696395E-007
   2.0644105625207712E-005
  -5.6263053199528661E-007
  -2.4328026385048041E-005
   4.8626716913717424E-006
  -1.1323740697993960E-005
   3.6066044486754453E-005
   2.3057838281253938E-005
  -2.0672279974645076E-005
  -1.3518819357184045E-005
   5.2240183281015481E-006
  -4.8295163100388807E-006
  -2.6049400381621784E-006
   1.2362789594746709E-005
  -2.1378901918523616E-006
   3.7018666053596578E-005
   3.5649932404116722E-005
   9.8951907115879497E-006
   7.4972344959591778E-006
  -1.2048227316009768E-005
   1.9584774533898678E-005
   4.2106366868026351E-006
   5.5118246449191361E-006
   1.6154643835566239E-005
   2.1441065854968871E-005
  -3.0785688673690690E-005
  -4.6358386172448522E-006
  -3.4301929854546132E-006
   1.7261080828554149E-005
   1.9823909260793816E-006
   4.0978971362289716E-005
  -1.0795526649009173E-005
  -1.0795526649050105E-005
   3.9155939528776562E-005
   1.2448311892810587E-006
  -1.2917053916299486E-006
   3.9155939528776752E-005
  -1.2917053916075175E-006
   1.2448311893105196E-006
  -5.9042363609475943E-006
  -1.1972099742294870E-006
  -1.1972099741873867E-006
   1.7956347727711292E-005
   6.9094355077660655E-006
  -1.0493258049167600E-005
   1.7756873728006308E-005
   6.2004731430334712E-006
  -9.5663191457106654E-006
   2.9211400141059879E-005
  -3.1889669148635051E-006
   4.0493673372595727E-005
   1.3649126963335398E-005
  -4.1860153038032070E-006
  -3.0912683666304595E-006
   2.4105131699824386E-005
   2.2410457188956510E-005
   7.9026127470458720E-006
   4.2681766529597922E-006
   1.0096372071265112E-005
  -5.9417997477706700E-006
  -1.6924423815605145E-005
   2.3309992564847760E-005
  -5.7144219850387959E-007
   1.4402497201742245E-005
   1.3488821787860807E-005
  -1.9759622844780378E-005
   1.1037033185895789E-006
   8.5411590738040932E-006
   4.3609655292775007E-006
  -1.3318321159110152E-005
   1.8313785760205565E-005
  -2.0314769872243859E-005
   3.6649094234383152E-006
   1.5219508959379517E-005
  -2.2555293707169022E-005
   6.9651814971120124E-006
   1.3046702095212779E-005
   1.1042365510786734E-005
  -7.7458607717130907E-006
   1.9469557204378767E-005
  -7.7458607716864668E-006
  -2.8444668501650616E-005
   1.0571382364512663E-006
  -8.7558376513745973E-006
  -1.2942935863900297E-006
   2.8116500444238058E-005
  -1.2942935863592992E-006
  -8.7558376513730168E-006
   1.0571382364305214E-006
  -2.8444668501661289E-005
  -3.1165448810571648E-006
   4.3398583007322161E-005
   1.5681111915704298E-005
  -3.1126923378812509E-006
   2.5061093569899377E-005
   8.5083917435005524E-006
   1.2502203677974241E-005
   1.5282936178168201E-005
   1.1649479455108436E-005
  -2.1744427665961798E-005
   1.3685139732774790E-005
   9.4205517256328617E-006
   3.4780610853395430E-005
   2.2271441230925925E-005
   3.7263694132519718E-005
   4.3115217596349698E-006
  -1.7607070302707438E-005
   1.7438691696666457E-005
   4.1075480643300648E-005
  -2.2144452372482796E-005
   3.4680699152115325E-005
   2.0614820546892487E-005
   1.1944933669398570E-006
   7.9462410227489696E-006
   1.7956347727745560E-005
  -1.0493258049118982E-005
   6.9094355077239612E-006
   2.9211400141068383E-005
   4.0493673372625502E-005
  -3.1889669148563684E-006
   1.7756873728026138E-005
  -9.5663191456136784E-006
   6.2004731430853791E-006
   1.3649126963338171E-005
  -3.0912683666216982E-006
  -4.1860153038389603E-006
   2.6301950474047518E-005
  -1.9849169783534290E-005
  -1.9849169783504929E-005
   3.1433423885024095E-005
   1.0122212543995559E-005
  -2.8710006235364375E-005
   3.1433423885040562E-005
  -2.8710006235349488E-005
   1.0122212543964951E-005
   4.3119134684018399E-005
  -1.7823018588335032E-005
  -1.7823018588371394E-005
  -1.4004657787943044E-005
  -2.0249873887499374E-005
  -2.0249873887472730E-005
   3.4625169162790541E-005
  -8.6142669783926092E-006
  -4.2657748210665691E-006
   3.4625169162788610E-005
  -4.2657748211514401E-006
  -8.6142669784302734E-006
   1.8202943311506459E-005
  -2.9165933192874116E-006
  -2.9165933192849374E-006
   1.6606146241343206E-005
   3.3309608033725591E-005
   1.8427167715900376E-006
   3.0502449149208998E-006
   8.9877245344455069E-006
  -1.4993933396123420E-005
  -3.2340394737588196E-005
   7.5194766565957909E-006
   1.2186414484591446E-005
   1.2573909039171299E-005
   1.0921966349719150E-005
  -4.0090217020553096E-005
   3.6372711897139576E-006
   5.4611843570656461E-006
   2.0988673290026240E-006
   2.1854979013221042E-005
  -1.3320756046233533E-005
   5.6432956573293947E-006
   6.7892307466419676E-006
   5.9534876201689325E-006
   1.2630561911756013E-005
   1.6763015618894041E-006
   3.2865504732212351E-006
  -5.9159004319119537E-006
   2.8610708086972932E-006
   1.3863123303754955E-005
   2.8610708086788063E-006
  -3.4715690163183692E-005
   1.3614049963829520E-005
  -1.7538147209812598E-005
   1.0145833113116684E-005
   3.9854854033197082E-005
   1.0145833113107796E-005
  -1.7538147209824948E-005
   1.3614049963862568E-005
  -3.4715690163189201E-005
  -8.5643631231155690E-006
   2.9469575540564655E-005
  -7.7984041891814789E-006
  -4.5620178141508330E-006
   2.8809275256374651E-005
   5.2772421367654870E-006
   4.4184385920784532E-006
   3.0018146150675522E-005
   2.1150660335610613E-006
   1.0534045267843659E-005
   5.7428488482262650E-006
   1.0212055136449420E-005
  -1.1246789962735124E-005
  -1.1646370026980386E-006
   1.7874423888562670E-005
   4.1318523014989599E-006
  -9.8645244716939518E-006
   1.3784823042257910E-005
   2.4031690051266872E-006
   5.4547518890944731E-006
   3.5265496358959662E-006
   2.2288778406021061E-005
  -7.4010056390733994E-006
  -1.0662038731214744E-005
   1.4922738930042384E-005
  -1.3463012937610494E-005
  -4.8663761490944919E-006
   8.6341427971693907E-006
  -1.7522567065138057E-005
   1.9883196541680933E-005
  -3.4885109819288776E-006
  -3.5034950287134404E-006
  -1.1121225772464630E-005
   2.4646430350958073E-005
  -4.5302297380860843E-006
   2.3512827128861928E-005
   1.6606146241334245E-005
   1.8427167715716442E-006
   3.3309608033763979E-005
  -3.2340394737551008E-005
   1.2186414484630149E-005
   7.5194766565779304E-006
   3.0502449148850462E-006
  -1.4993933396087144E-005
   8.9877245344388764E-006
   1.2573909039161689E-005
  -4.0090217020588021E-005
   1.0921966349708086E-005
  -3.4528601261563397E-005
   6.3757599174433355E-006
   6.3757599174203945E-006
   2.7736337953179832E-005
  -1.5757517809232258E-005
   6.7487894288060084E-006
   2.7736337953247642E-005
   6.7487894288348270E-006
  -1.5757517809208568E-005
  -7.5492390850624592E-006
   1.6548954921813215E-005
   1.6548954921808780E-005
  -6.1502068734557595E-006
  -2.8768299849029615E-005
  -2.8323508282922139E-005
  -3.1301246374712431E-005
   3.0265704193376654E-005
  -9.7473685003301249E-007
   8.2969908505089245E-006
  -4.7547596021500387E-006
  -2.0314966815626746E-005
  -3.0912295314664803E-005
   1.4344270195988989E-005
  -4.0060564132158475E-006
  -8.6738633266694087E-006
   1.2442882985421776E-005
  -8.6738633266649770E-006
   5.7940343874472955E-006
  -1.1533137065711990E-005
  -2.4167663974532410E-005
  -4.7777869963470074E-006
   8.9851445644644621E-006
  -4.7777869964310119E-006
  -2.4167663974430312E-005
  -1.1533137065700667E-005
   5.7940343874148084E-006
  -9.7126232353727958E-006
   1.0603969324367858E-005
  -1.3116852605956859E-005
   5.8225253928944367E-006
  -2.2231035085527278E-005
  -6.9511217600698899E-006
   2.5662739188852967E-007
   3.7877021989603636E-005
   1.1352392793671071E-005
  -5.9016135612527554E-006
   2.7292300241204324E-005
  -6.1478288432198219E-007
   6.1793843440895200E-006
   1.8516764450304765E-005
   2.6275500545508733E-006
  -7.9012653752585682E-006
   2.6228735711503001E-005
   1.6063159923317758E-005
   1.1310083214596272E-005
   3.2285147838587082E-005
   1.4187673856157483E-005
   2.2513290210031197E-006
  -1.3208861439997883E-005
   6.8247199354979716E-006
   3.4929505814429740E-005
   2.6610568926814982E-005
   8.0872837731083922E-006
  -8.9166288416826181E-006
   6.9643591085447456E-006
  -6.9866861831069548E-006
   4.6580235086451897E-005
   7.8908443139083141E-006
   1.7629328350013849E-007
   2.1849521077100800E-005
  -1.0673225716047554E-006
   1.1464787925612494E-005
   3.6372711896730357E-006
   2.0988673290313685E-006
   5.4611843570399014E-006
   6.7892307466859820E-006
   1.2630561911856769E-005
   5.9534876201984990E-006
   2.1854979013251914E-005
   5.6432956573187017E-006
  -1.3320756046272232E-005
   1.6763015618813028E-006
  -5.9159004319177017E-006
   3.2865504732073907E-006
  -6.1502068734579490E-006
  -2.8323508282904325E-005
  -2.8768299849059285E-005
   8.2969908504584210E-006
  -2.0314966815630351E-005
  -4.7547596021603819E-006
  -3.1301246374780763E-005
  -9.7473685000618081E-007
   3.0265704193386538E-005
  -3.0912295314662303E-005
  -4.0060564132350633E-006
   1.4344270195966302E-005
  -3.2831953074690584E-005
  -3.2795592010697877E-005
  -3.2795592010691419E-005
   1.7159177612215670E-006
  -1.5277134649879384E-005
  -9.1190843352984412E-006
   1.7159177612094267E-006
  -9.1190843353104114E-006
  -1.5277134649939130E-005
  -1.6712193996043180E-005
  -2.4175763092477172E-005
  -2.4175763092468197E-005
  -2.8605076216289300E-005
  -3.2248966977379300E-005
  -2.8605076216328213E-005
  -3.7239589925088049E-007
  -2.7288565027752610E-005
  -4.0658907305486821E-005
  -1.2789413936546766E-005
   2.6977758315939670E-005
  -1.2789413936567037E-005
  -4.0658907305472949E-005
  -2.7288565027744319E-005
  -3.7239589927481992E-007
   6.2622137526402958E-006
   3.9463509301362408E-007
  -1.9579722799875414E-006
  -4.7765360765155541E-006
  -2.9785799102089211E-005
  -1.3485602999074681E-005
   1.7295401630346351E-005
  -1.5299001540846088E-005
  -2.2440323202332497E-005
  -2.8572811432231123E-005
  -2.8052131280510499E-006
  -1.1703506478883935E-005
  -2.0672279974606349E-005
   3.6066044486775737E-005
   2.3057838281210211E-005
  -2.1378901918570550E-006
  -2.6049400381620497E-006
   1.2362789594815043E-005
   9.8951907115963286E-006
   3.7018666053637622E-005
   3.5649932404068861E-005
  -4.8295163100130767E-006
  -1.3518819357192846E-005
   5.2240183281358258E-006
   1.5681111915671040E-005
  -3.1165448810950487E-006
   4.3398583007263946E-005
   1.1649479455108631E-005
   1.2502203677982801E-005
   1.5282936178146845E-005
   9.4205517256846950E-006
  -2.1744427666005691E-005
   1.3685139732784500E-005
   8.5083917435242557E-006
  -3.1126923378905716E-006
   2.5061093569935504E-005
   2.8610708086892841E-006
   2.8610708086818835E-006
   1.3863123303744162E-005
   1.0145833113073124E-005
   1.0145833113117190E-005
   3.9854854033199156E-005
  -3.4715690163194521E-005
  -1.7538147209809948E-005
   1.3614049963853022E-005
  -1.7538147209824758E-005
  -3.4715690163170966E-005
   1.3614049963810155E-005
  -8.6738633266911690E-006
  -8.6738633266808555E-006
   1.2442882985446958E-005
  -4.7777869963899681E-006
  -4.7777869963977490E-006
   8.9851445644848824E-006
   5.7940343874435558E-006
  -2.4167663974486162E-005
  -1.1533137065696854E-005
  -2.4167663974511678E-005
   5.7940343874164753E-006
  -1.1533137065679701E-005
  -2.8605076216306762E-005
  -2.8605076216336175E-005
  -3.2248966977396213E-005
  -1.2789413936625369E-005
  -1.2789413936563204E-005
   2.6977758315884593E-005
  -3.7239589923814593E-007
  -4.0658907305497032E-005
  -2.7288565027765400E-005
  -4.0658907305537324E-005
  -3.7239589924755615E-007
  -2.7288565027769442E-005
  -3.2693910870315677E-005
  -3.2693910870263913E-005
  -3.2693910870222490E-005
  -2.0114898293845945E-005
  -2.0114898293769838E-005
  -1.7206165352805350E-006
  -2.0114898293824204E-005
  -1.7206165353216807E-006
  -2.0114898293823302E-005
  -1.7206165353137230E-006
  -2.0114898293741777E-005
  -2.0114898293781056E-005
  -2.5013063914957514E-005
  -2.5013063914971889E-005
   2.4464404802772714E-006
   7.0803658730635942E-007
   7.0803658731995917E-007
  -3.0164225897002602E-005
  -3.2674668573487831E-005
  -6.6429301017451935E-006
  -3.9207668236434624E-005
  -6.6429301017322670E-006
  -3.2674668573458185E-005
  -3.9207668236439537E-005
   4.6799946801538164E-006
   4.6799946801832643E-006
  -2.5654711800935704E-005
   1.7104509308885048E-005
   1.7104509308858621E-005
   8.3214945654724296E-006
   1.6857507528259695E-005
  -4.5344273524962811E-006
   1.1621607337557347E-005
  -4.5344273524961702E-006
   1.6857507528318578E-005
   1.1621607337566151E-005
  -1.7440426725916636E-005
  -1.7440426725900911E-005
   3.4102848416770743E-005
   6.0141854724202994E-007
   6.0141854728873280E-007
   3.8493960354633591E-005
  -6.1616927701013577E-007
  -1.9563395973764546E-005
   2.0924011542093224E-005
  -1.9563395973780772E-005
  -6.1616927697912939E-007
   2.0924011542083836E-005
  -8.5643631231821628E-006
  -7.7984041891991548E-006
   2.9469575540607586E-005
   4.4184385920428939E-006
   2.1150660335488738E-006
   3.0018146150652937E-005
  -4.5620178141916837E-006
   5.2772421367898909E-006
   2.8809275256381068E-005
   1.0534045267742797E-005
   1.0212055136480869E-005
   5.7428488482732338E-006
  -9.7126232353813017E-006
  -1.3116852605940223E-005
   1.0603969324392261E-005
   2.5662739190867418E-007
   1.1352392793714959E-005
   3.7877021989570487E-005
   5.8225253928729610E-006
  -6.9511217600959718E-006
  -2.2231035085457202E-005
  -5.9016135612074510E-006
  -6.1478288431294732E-007
   2.7292300241128589E-005
   6.2622137526464207E-006
  -1.9579722800801310E-006
   3.9463509304414633E-007
   1.7295401630351003E-005
  -2.2440323202340070E-005
  -1.5299001540823801E-005
  -4.7765360765801286E-006
  -1.3485602999072856E-005
  -2.9785799102062736E-005
  -2.8572811432288288E-005
  -1.1703506478943356E-005
  -2.8052131280159632E-006
  -2.5013063915009172E-005
   2.4464404802665738E-006
  -2.5013063914936348E-005
  -3.2674668573491104E-005
  -3.9207668236405784E-005
  -6.6429301017414336E-006
   7.0803658726075357E-007
  -3.0164225897024744E-005
   7.0803658733517812E-007
  -6.6429301017175913E-006
  -3.9207668236436555E-005
  -3.2674668573439530E-005
   1.0783327068311172E-006
  -3.5601195288919354E-005
  -3.5601195288944277E-005
   1.4488178979672624E-005
  -2.4490510860738638E-005
  -6.3199930790615986E-005
   1.4488178979697956E-005
  -6.3199930790683464E-005
  -2.4490510860753376E-005
  -5.8222632855723385E-005
   5.6027664687365120E-006
   5.6027664687202235E-006
  -4.6266629100169276E-006
  -2.3317214820995381E-005
   4.8910466596608984E-005
  -3.1619889541428544E-005
  -4.3233216818667408E-005
  -3.2343038677972173E-005
  -3.7560749226457188E-005
  -4.6691008302788515E-006
  -1.3563108951692966E-005
   4.3176438167467913E-006
  -3.1748213625475939E-005
  -2.8179888409485473E-005
   1.6467263896859887E-005
   1.3834763800465670E-005
   2.3064215586822457E-005
   7.1618399681213120E-006
  -4.1615571348696389E-005
  -1.0642957655167057E-006
   2.0731748611537793E-005
  -1.5464454538537752E-005
   2.7195913496795791E-005
   6.5712536601070244E-006
  -8.9791008721956976E-006
   3.8985097907003800E-005
  -1.1246789962706332E-005
   1.7874423888561613E-005
  -1.1646370026312299E-006
   2.4031690051296166E-006
   3.5265496358523711E-006
   5.4547518890851388E-006
   4.1318523015137914E-006
   1.3784823042195804E-005
  -9.8645244716314018E-006
   2.2288778405944354E-005
  -1.0662038731164013E-005
  -7.4010056391131735E-006
   6.1793843440639184E-006
   2.6275500544866428E-006
   1.8516764450319134E-005
   1.1310083214610218E-005
   1.4187673856146850E-005
   3.2285147838626662E-005
  -7.9012653752648989E-006
   1.6063159923291805E-005
   2.6228735711478447E-005
   2.2513290210185031E-006
   6.8247199355133723E-006
  -1.3208861440012493E-005
  -2.0672279974644306E-005
   2.3057838281221056E-005
   3.6066044486753992E-005
   9.8951907115771348E-006
   3.5649932404050728E-005
   3.7018666053646017E-005
  -2.1378901918634696E-006
   1.2362789594721600E-005
  -2.6049400381990066E-006
  -4.8295163100227854E-006
   5.2240183281247848E-006
  -1.3518819357179522E-005
   4.6799946801777561E-006
  -2.5654711800857827E-005
   4.6799946802076690E-006
   1.6857507528277707E-005
   1.1621607337603975E-005
  -4.5344273524572829E-006
   1.7104509308854230E-005
   8.3214945654644556E-006
   1.7104509308784614E-005
  -4.5344273524481561E-006
   1.1621607337555946E-005
   1.6857507528262453E-005
  -4.6266629100089375E-006
   4.8910466596568726E-005
  -2.3317214821045942E-005
  -3.7560749226522667E-005
  -1.3563108951692551E-005
  -4.6691008302851949E-006
  -3.1619889541458441E-005
  -3.2343038677955700E-005
  -4.3233216818624474E-005
   4.3176438167472208E-006
  -2.8179888409438744E-005
  -3.1748213625455848E-005
  -4.0668406359443772E-005
  -4.0092890257572964E-005
  -4.0092890257538988E-005
   1.3597235615295914E-005
  -4.2547813552574915E-005
  -2.0164554256142673E-005
   1.3597235615292993E-005
  -2.0164554256118783E-005
  -4.2547813552640854E-005
   2.1138248948837425E-005
   5.4804099011336325E-006
   5.4804099011383767E-006
  -4.7748979887859192E-006
  -1.7491296064658486E-005
  -1.0328098676420350E-005
   4.7773838710057308E-006
   8.0304790234575319E-006
  -1.4102697432979156E-005
   3.3712662293247722E-005
  -4.3359779121553721E-006
   9.5934922642516201E-006
   6.7944561281589161E-006
   8.2090658358663831E-006
   2.4649504989991789E-005
   1.4922738930073680E-005
  -4.8663761491311066E-006
  -1.3463012937639012E-005
  -3.4885109819144526E-006
  -1.1121225772402837E-005
  -3.5034950286408890E-006
   8.6341427971354619E-006
   1.9883196541695261E-005
  -1.7522567065126392E-005
   2.4646430350957419E-005
   2.3512827128872888E-005
  -4.5302297381265674E-006
   3.4929505814354076E-005
   8.0872837730912720E-006
   2.6610568926802863E-005
   4.6580235086411056E-005
   1.7629328353909989E-007
   7.8908443139022036E-006
  -8.9166288416495754E-006
  -6.9866861830708788E-006
   6.9643591085602167E-006
   2.1849521077083175E-005
   1.1464787925624683E-005
  -1.0673225715941601E-006
   1.5681111915672013E-005
   4.3398583007305763E-005
  -3.1165448810527276E-006
   9.4205517256322383E-006
   1.3685139732826328E-005
  -2.1744427665973158E-005
   1.1649479455145146E-005
   1.5282936178204369E-005
   1.2502203677981548E-005
   8.5083917435111437E-006
   2.5061093569886935E-005
  -3.1126923379187965E-006
  -1.7440426725856842E-005
   3.4102848416792942E-005
  -1.7440426725917781E-005
  -6.1616927701326799E-007
   2.0924011542122084E-005
  -1.9563395973795740E-005
   6.0141854731863835E-007
   3.8493960354669675E-005
   6.0141854725669081E-007
  -1.9563395973717434E-005
   2.0924011542101349E-005
  -6.1616927697948620E-007
   1.6467263896915439E-005
   2.3064215586856948E-005
   1.3834763800427171E-005
   2.0731748611520384E-005
   2.7195913496777140E-005
  -1.5464454538509289E-005
   7.1618399680993687E-006
  -1.0642957655310226E-006
  -4.1615571348639800E-005
   6.5712536601703562E-006
   3.8985097907012305E-005
  -8.9791008722240105E-006
  -4.7748979887617085E-006
  -1.0328098676405068E-005
  -1.7491296064711964E-005
   3.3712662293263694E-005
   9.5934922642364734E-006
  -4.3359779121653552E-006
   4.7773838710563157E-006
  -1.4102697432956291E-005
   8.0304790234675066E-006
   6.7944561282360215E-006
   2.4649504989968283E-005
   8.2090658358986280E-006
   4.2971674934342857E-005
   6.7258445838270638E-006
   6.7258445838104933E-006
  -1.9295235760370529E-006
  -3.4247263769691763E-006
  -1.1585475568526852E-005
  -1.9295235759963619E-006
  -1.1585475568587772E-005
  -3.4247263769016598E-006
   1.2193546678386677E-005
  -5.0916710879986056E-007
  -5.0916710883100416E-007
   1.2881698602388280E-005
  -1.1756738252455095E-005
  -1.1756738252416068E-005
   1.9121575984309888E-005
   3.9482348521708893E-006
  -2.1653371165684356E-005
   1.9121575984373554E-005
  -2.1653371165648801E-005
   3.9482348521525764E-006
   1.0343930168503923E-005
  -3.3119363749830759E-005
  -3.3119363749817992E-005
   7.0859246840886424E-006
  -1.2149266413999577E-005
  -6.6991923888159469E-006
   2.2301663989505884E-005
  -1.7095602676354363E-005
   1.4994898904573886E-005
   2.9845727057424882E-005
  -3.9337407916343510E-006
   3.0586622529197193E-006
  -5.6332402772658284E-007
  -3.6870763153242294E-006
   6.9714221750466922E-007
  -1.2326706797218526E-005
   2.4311037917376914E-007
   1.7539289376228139E-005
   2.4349056689473269E-005
   2.0592157643251574E-006
   9.9988427418170431E-007
  -1.2034966234041694E-005
   3.6099369963743073E-005
   1.1424834749819522E-005
  -2.8415361143275080E-005
   2.3708714936687618E-005
   1.1136966877726069E-006
  -7.7984041891704811E-006
   2.9469575540619071E-005
  -8.5643631231675853E-006
   1.0212055136511089E-005
   5.7428488482829645E-006
   1.0534045267808029E-005
   2.1150660335716297E-006
   3.0018146150689898E-005
   4.4184385920269477E-006
   5.2772421368031418E-006
   2.8809275256370870E-005
  -4.5620178141421153E-006
  -3.3548840717282446E-007
   1.3077826300985016E-005
  -3.3548840720853246E-007
  -1.5437911836568726E-005
   3.8277459972918884E-005
   1.6553578508881891E-005
   1.0842491154944476E-005
  -7.1263851070787338E-007
   1.0842491154986464E-005
   1.6553578508861284E-005
   3.8277459972930072E-005
  -1.5437911836542715E-005
   4.8022550482502933E-006
   4.1051283978901535E-005
  -3.1704469258889865E-006
   1.8090365157575697E-005
   1.5988502599144097E-005
  -1.7689958141837199E-006
   2.0509185490935152E-005
  -7.0257028886587001E-006
  -1.0870227024780420E-005
  -7.4109584214290490E-006
   1.3307269630420648E-005
   2.1344487644659788E-005
   2.3574006203226367E-005
   2.0471192154513324E-005
  -3.1919110502354707E-005
   3.6474482374751176E-005
   7.4463567282414782E-006
   6.7995349598845728E-006
   1.4527709300878091E-005
  -1.3395744844496493E-005
  -5.0941151903838872E-005
   2.5731026029957264E-005
  -9.4257918062331871E-006
   1.0925777876656817E-005
   7.0859246841562187E-006
  -6.6991923888061654E-006
  -1.2149266413969903E-005
   2.9845727057463259E-005
   3.0586622529234420E-006
  -3.9337407915866266E-006
   2.2301663989471298E-005
   1.4994898904637067E-005
  -1.7095602676402739E-005
  -5.6332402780954389E-007
   6.9714221753052554E-007
  -3.6870763153835259E-006
   5.8925947524759536E-005
   2.2820515188414494E-005
   2.2820515188392227E-005
   2.7174544486281980E-005
   1.8269836826831155E-005
  -3.2140965840685269E-005
   2.7174544486301475E-005
  -3.2140965840615867E-005
   1.8269836826760695E-005
   9.1988681920829101E-006
  -1.3069524539514141E-005
  -1.3069524539552633E-005
   1.0262392907809638E-005
  -1.6260993836931884E-007
   1.7030358447148713E-006
   2.7662161131388123E-005
   1.9332118878843110E-005
   1.5776383664734903E-005
   2.8155147174571531E-005
  -8.0710569218132164E-006
  -6.5378932710842022E-006
   1.3151447386955433E-005
  -1.4844760896967604E-005
  -1.9713489141914946E-005
  -1.3116852605953876E-005
   1.0603969324399179E-005
  -9.7126232353645237E-006
  -6.1478288434840126E-007
   2.7292300241142260E-005
  -5.9016135612388200E-006
   1.1352392793710210E-005
   3.7877021989588952E-005
   2.5662739188071235E-007
  -6.9511217600287767E-006
  -2.2231035085505750E-005
   5.8225253928747440E-006
  -9.5868660058151387E-006
   2.8347471294507213E-005
  -9.5868660058098938E-006
   3.6233637895896613E-006
   3.9500133375021346E-005
  -3.8264753814609275E-006
  -9.5991574994121929E-006
   5.2168884974897569E-005
  -9.5991574994304092E-006
  -3.8264753814338343E-006
   3.9500133374957608E-005
   3.6233637896110451E-006
  -9.1006068428539360E-006
   4.8092258183183986E-005
   1.2550584525556948E-005
   1.6279057310264313E-005
   1.5114637437247090E-005
  -3.8352149094844075E-008
   4.5123079000156509E-006
   1.9016062652508211E-005
   2.9722521258378025E-005
   1.2113571607859203E-005
   5.0953169409074305E-005
   1.3388622503444684E-005
  -7.1598959955838816E-006
  -1.1685739847193125E-005
   1.4284691135464279E-005
  -5.7471607298199948E-006
   2.5118495693746007E-006
  -1.0061802948481700E-005
   7.5351736037251249E-006
   3.2628389252870654E-006
   1.9629960779786213E-005
   1.3334537884401589E-006
   1.3202435652968238E-005
  -2.9060651178892787E-006
  -1.2326706797222807E-005
   1.7539289376199133E-005
   2.4311037916319605E-007
  -1.2034966233986144E-005
   1.1424834749888355E-005
   3.6099369963724005E-005
   2.4349056689508262E-005
   9.9988427418064933E-007
   2.0592157642922121E-006
  -2.8415361143296672E-005
   1.1136966878917452E-006
   2.3708714936707360E-005
   1.0262392907842571E-005
   1.7030358448126915E-006
  -1.6260993839475826E-007
   2.8155147174625264E-005
  -6.5378932710612197E-006
  -8.0710569218561254E-006
   2.7662161131403580E-005
   1.5776383664746040E-005
   1.9332118878809859E-005
   1.3151447386942461E-005
  -1.9713489141874756E-005
  -1.4844760896938658E-005
  -2.9299321843849188E-005
  -1.0584530455243767E-005
  -1.0584530455201027E-005
   9.6874678782620827E-006
   1.1130817060628852E-005
   2.3087611551020434E-005
   9.6874678782212219E-006
   2.3087611551043117E-005
   1.1130817060593491E-005
  -1.6188957350174875E-005
   1.7951892531939864E-005
   1.7951892531955042E-005
  -1.9579722800107865E-006
   3.9463509311884548E-007
   6.2622137526389625E-006
  -1.1703506478885356E-005
  -2.8052131279866991E-006
  -2.8572811432299506E-005
  -2.2440323202336654E-005
  -1.5299001540807297E-005
   1.7295401630329068E-005
  -1.3485602999095066E-005
  -2.9785799102066355E-005
  -4.7765360765457543E-006
  -3.9823141309192451E-005
   1.0667393033009782E-005
  -3.9823141309253722E-005
  -3.5138459850871718E-005
  -3.8485185110020291E-006
  -2.7836309282606801E-005
   6.7260689618713566E-006
  -1.5714974038171330E-005
   6.7260689618417613E-006
  -2.7836309282658704E-005
  -3.8485185109790050E-006
  -3.5138459850907408E-005
   1.9584774533946227E-005
   7.4972344960004817E-006
  -1.2048227316028931E-005
  -4.6358386172578914E-006
   2.1441065855009946E-005
  -3.0785688673739276E-005
   1.9823909259985619E-006
  -3.4301929854222100E-006
   1.7261080828565171E-005
   1.6154643835649523E-005
   4.2106366867886303E-006
   5.5118246449034381E-006
   3.7263694132517997E-005
   3.4780610853365567E-005
   2.2271441230899159E-005
   3.4680699152116877E-005
   4.1075480643292408E-005
  -2.2144452372517433E-005
   7.9462410227729000E-006
   2.0614820546899639E-005
   1.1944933669631383E-006
   1.7438691696695128E-005
   4.3115217596427574E-006
  -1.7607070302701844E-005
  -7.7984041891560425E-006
  -8.5643631231908601E-006
   2.9469575540544993E-005
   2.1150660335374786E-006
   4.4184385920565066E-006
   3.0018146150643050E-005
   1.0212055136481582E-005
   1.0534045267814463E-005
   5.7428488482424298E-006
   5.2772421367770761E-006
  -4.5620178142143537E-006
   2.8809275256377466E-005
  -1.3116852606013158E-005
  -9.7126232353615963E-006
   1.0603969324371564E-005
   1.1352392793684871E-005
   2.5662739190358357E-007
   3.7877021989594909E-005
  -6.1478288433636026E-007
  -5.9016135612183066E-006
   2.7292300241119248E-005
  -6.9511217600425350E-006
   5.8225253928757452E-006
  -2.2231035085542234E-005
  -1.9579722800254359E-006
   6.2622137526327894E-006
   3.9463509311344633E-007
  -2.2440323202296024E-005
   1.7295401630341777E-005
  -1.5299001540830472E-005
  -1.1703506478883760E-005
  -2.8572811432220647E-005
  -2.8052131280963615E-006
  -1.3485602999115171E-005
  -4.7765360765269290E-006
  -2.9785799102047832E-005
   2.4464404803168465E-006
  -2.5013063914949250E-005
  -2.5013063914949084E-005
  -3.9207668236369118E-005
  -3.2674668573492466E-005
  -6.6429301017828696E-006
  -3.9207668236482776E-005
  -6.6429301017367266E-006
  -3.2674668573518053E-005
  -3.0164225897008118E-005
   7.0803658729281229E-007
   7.0803658725987266E-007
  -3.5601195288921732E-005
   1.0783327068610947E-006
  -3.5601195288967764E-005
  -2.4490510860780952E-005
   1.4488178979696519E-005
  -6.3199930790686283E-005
   5.6027664687289132E-006
  -5.8222632855694213E-005
   5.6027664687457921E-006
  -6.3199930790628739E-005
   1.4488178979735813E-005
  -2.4490510860750638E-005
  -2.3317214820970187E-005
  -4.6266629099702823E-006
   4.8910466596605988E-005
  -4.3233216818685094E-005
  -3.1619889541409543E-005
  -3.2343038677953444E-005
  -3.1748213625484335E-005
   4.3176438167609419E-006
  -2.8179888409457707E-005
  -4.6691008303259770E-006
  -3.7560749226453271E-005
  -1.3563108951691717E-005
   1.3834763800485577E-005
   1.6467263896926423E-005
   2.3064215586756185E-005
  -4.1615571348651035E-005
   7.1618399681077603E-006
  -1.0642957655096304E-006
  -8.9791008721875999E-006
   6.5712536601300705E-006
   3.8985097906998454E-005
  -1.5464454538501665E-005
   2.0731748611502590E-005
   2.7195913496790414E-005
  -3.3548840716225550E-007
  -3.3548840720071620E-007
   1.3077826300939188E-005
   1.0842491154982035E-005
   1.0842491154903704E-005
  -7.1263851070224643E-007
  -1.5437911836572551E-005
   1.6553578508854538E-005
   3.8277459972901733E-005
   1.6553578508845085E-005
  -1.5437911836604528E-005
   3.8277459972928662E-005
  -9.5868660058245424E-006
  -9.5868660058265024E-006
   2.8347471294485529E-005
  -9.5991574993922809E-006
  -9.5991574994774179E-006
   5.2168884974867496E-005
   3.6233637896339810E-006
  -3.8264753814510341E-006
   3.9500133375017043E-005
  -3.8264753814828377E-006
   3.6233637895321236E-006
   3.9500133374984395E-005
  -3.9823141309243822E-005
  -3.9823141309250212E-005
   1.0667393032976822E-005
   6.7260689618369247E-006
   6.7260689617646541E-006
  -1.5714974038173315E-005
  -3.5138459850895231E-005
  -2.7836309282588441E-005
  -3.8485185110147346E-006
  -2.7836309282589789E-005
  -3.5138459850875994E-005
  -3.8485185109787297E-006
  -3.5601195288983918E-005
  -3.5601195288958873E-005
   1.0783327068688355E-006
   5.6027664687036428E-006
   5.6027664687128052E-006
  -5.8222632855698536E-005
  -2.4490510860799173E-005
  -6.3199930790694224E-005
   1.4488178979673165E-005
  -6.3199930790632886E-005
  -2.4490510860765912E-005
   1.4488178979708169E-005
   1.1642494648327455E-005
   1.1642494648332632E-005
   1.1642494648351279E-005
  -6.7472122016691720E-005
  -6.7472122016636724E-005
   9.8130592306780632E-006
  -6.7472122016721048E-005
   9.8130592307352990E-006
  -6.7472122016655196E-005
   9.8130592306785461E-006
  -6.7472122016697778E-005
  -6.7472122016671608E-005
  -2.6377121381138934E-005
  -2.6377121381163535E-005
  -5.2839237975349238E-005
  -6.5295947979097420E-006
  -6.5295947978651279E-006
  -5.2214491398775036E-005
  -2.8775960522315082E-005
  -5.2318881807658939E-005
   3.5045385417087866E-006
  -5.2318881807594727E-005
  -2.8775960522288912E-005
   3.5045385417420305E-006
  -5.5145561225124113E-006
  -5.5145561224708237E-006
   3.8929262243044142E-006
  -1.6392545192975921E-005
  -1.6392545192995921E-005
  -7.2080310063767572E-006
   5.9642717517039618E-006
  -1.4471963776153318E-005
   3.3729334792259405E-006
  -1.4471963776165612E-005
   5.9642717517118138E-006
   3.3729334792101907E-006
   4.8022550482280350E-006
  -3.1704469258667595E-006
   4.1051283978853762E-005
   2.0509185490878336E-005
  -1.0870227024770381E-005
  -7.0257028886617223E-006
   1.8090365157564310E-005
  -1.7689958142053818E-006
   1.5988502599127837E-005
  -7.4109584214147468E-006
   2.1344487644635603E-005
   1.3307269630423620E-005
  -9.1006068428631484E-006
   1.2550584525503702E-005
   4.8092258183147753E-005
   4.5123078999643842E-006
   2.9722521258317401E-005
   1.9016062652485161E-005
   1.6279057310280664E-005
  -3.8352149084596988E-008
   1.5114637437203390E-005
   1.2113571607822719E-005
   1.3388622503432200E-005
   5.0953169409088034E-005
   1.9584774533912027E-005
  -1.2048227316094476E-005
   7.4972344959767487E-006
   1.9823909259622238E-006
   1.7261080828567648E-005
  -3.4301929855159329E-006
  -4.6358386172180622E-006
  -3.0785688673727770E-005
   2.1441065854989048E-005
   1.6154643835632830E-005
   5.5118246449145351E-006
   4.2106366868183468E-006
  -2.3317214820981320E-005
   4.8910466596561963E-005
  -4.6266629099816376E-006
  -3.1748213625482939E-005
  -2.8179888409480282E-005
   4.3176438167235937E-006
  -4.3233216818656234E-005
  -3.2343038677962700E-005
  -3.1619889541418163E-005
  -4.6691008303408932E-006
  -1.3563108951678568E-005
  -3.7560749226494315E-005
  -2.6377121381167340E-005
  -5.2839237975312240E-005
  -2.6377121381142081E-005
  -2.8775960522282610E-005
   3.5045385416876273E-006
  -5.2318881807596448E-005
  -6.5295947979186604E-006
  -5.2214491398723414E-005
  -6.5295947978515881E-006
  -5.2318881807628669E-005
   3.5045385417199132E-006
  -2.8775960522335553E-005
  -3.7635557007781333E-006
  -6.9712882982549359E-006
  -6.9712882982315671E-006
  -3.9041369584745350E-006
  -3.1252208612433438E-005
   1.0319712438284564E-005
  -3.9041369584884543E-006
   1.0319712438247295E-005
  -3.1252208612380739E-005
   2.9979106748720112E-005
  -6.5018389715276610E-006
  -6.5018389715466388E-006
  -1.9467273671288297E-005
  -3.6754601585601437E-005
  -1.1761359139328958E-005
  -6.9544643602670275E-006
  -5.6455725066833978E-006
  -2.1904075295731908E-005
   4.9934612986019691E-006
  -2.5437464913080195E-005
  -1.5647673769661369E-005
   3.4193813122725289E-005
  -3.2115270707654321E-006
  -6.5012840903443430E-006
   2.3574006203154511E-005
  -3.1919110502376228E-005
   2.0471192154524583E-005
   1.4527709300894053E-005
  -5.0941151903860447E-005
  -1.3395744844456363E-005
   3.6474482374739873E-005
   6.7995349598502078E-006
   7.4463567283166278E-006
   2.5731026029976468E-005
   1.0925777876626693E-005
  -9.4257918061728817E-006
  -7.1598959956551544E-006
   1.4284691135386901E-005
  -1.1685739847242395E-005
   7.5351736037046725E-006
   1.9629960779747724E-005
   3.2628389252543280E-006
  -5.7471607298269642E-006
  -1.0061802948550240E-005
   2.5118495693244860E-006
   1.3334537884485585E-006
  -2.9060651178958898E-006
   1.3202435652944895E-005
   3.7263694132503360E-005
   2.2271441230853785E-005
   3.4780610853365797E-005
   7.9462410227497726E-006
   1.1944933669028455E-006
   2.0614820546862820E-005
   3.4680699152141312E-005
  -2.2144452372462931E-005
   4.1075480643303277E-005
   1.7438691696731374E-005
  -1.7607070302739974E-005
   4.3115217596317282E-006
   1.3834763800438536E-005
   2.3064215586748189E-005
   1.6467263896879995E-005
  -8.9791008722017979E-006
   3.8985097906979609E-005
   6.5712536601322855E-006
  -4.1615571348652912E-005
  -1.0642957655051299E-006
   7.1618399681548900E-006
  -1.5464454538508472E-005
   2.7195913496785868E-005
   2.0731748611526205E-005
  -5.5145561224984784E-006
   3.8929262243268716E-006
  -5.5145561224815581E-006
   5.9642717517548278E-006
   3.3729334792182486E-006
  -1.4471963776168506E-005
  -1.6392545192967586E-005
  -7.2080310063867073E-006
  -1.6392545193009704E-005
  -1.4471963776149192E-005
   3.3729334791725117E-006
   5.9642717517627188E-006
  -1.9467273671211484E-005
  -1.1761359139391870E-005
  -3.6754601585638219E-005
   4.9934612985564453E-006
  -1.5647673769666827E-005
  -2.5437464913080101E-005
  -6.9544643601982688E-006
  -2.1904075295771444E-005
  -5.6455725066414062E-006
   3.4193813122717429E-005
  -6.5012840903655782E-006
  -3.2115270708045270E-006
   4.1541994293681163E-005
  -5.3019427995167825E-005
  -5.3019427995093232E-005
   8.7340564269399856E-006
  -7.3822591662131693E-006
  -3.1594457894392890E-005
   8.7340564269072782E-006
  -3.1594457894372568E-005
  -7.3822591662401355E-006
  -3.6214938151188844E-005
  -7.2877672925910243E-006
  -7.2877672926325170E-006
   2.4756914486935499E-005
  -4.1337712716249924E-005
  -4.1337712716198261E-005
  -9.2711615007435272E-006
  -2.2482105939320765E-005
   2.4870889171561859E-006
  -9.2711615007777998E-006
   2.4870889171297551E-006
  -2.2482105939270640E-005
   4.6749928647373173E-006
   5.9465713287478870E-006
   5.9465713287669148E-006
   1.6362258398130868E-005
  -5.4408890976183309E-008
  -2.3487292365498999E-005
   8.2073347090195552E-006
   1.9266725943450304E-006
  -2.3698723466725800E-005
   2.1156168181808102E-005
   1.7376295054782775E-006
   2.3152492393123695E-005
   3.8413422430064019E-005
  -4.8872573540322066E-007
  -9.4746549451881028E-006
   4.4268921585964243E-005
  -2.2719573160122114E-005
   7.6479273128915674E-006
   7.5623372315516061E-006
  -1.2034713382995418E-005
  -4.3159005098231615E-006
   1.2537156589904970E-005
  -1.3081766211780022E-005
   3.1966217199056956E-005
   1.1468469854316315E-005
  -5.5149801035658630E-006
   1.8300999407622650E-005
   1.7874423888624582E-005
  -1.1646370026365499E-006
  -1.1246789962721197E-005
  -1.0662038731136547E-005
  -7.4010056391437362E-006
   2.2288778405959252E-005
   3.5265496358394069E-006
   5.4547518890821691E-006
   2.4031690051334245E-006
   1.3784823042222262E-005
  -9.8645244716362790E-006
   4.1318523014826782E-006
  -3.1704469258275766E-006
   4.1051283978888518E-005
   4.8022550482543252E-006
   2.1344487644617778E-005
   1.3307269630415945E-005
  -7.4109584213903277E-006
  -1.0870227024785145E-005
  -7.0257028886267263E-006
   2.0509185490968861E-005
  -1.7689958142229249E-006
   1.5988502599091804E-005
   1.8090365157627759E-005
   2.2022851277854798E-005
  -1.6269622969746121E-006
   2.2022851277910675E-005
   1.6225112896430514E-006
   5.9645360694219072E-007
   5.6475572071433843E-006
   1.3333671269857160E-005
   5.0282429618295509E-006
   1.3333671269888744E-005
   5.6475572071195369E-006
   5.9645360693444429E-007
   1.6225112896597562E-006
   3.3298943641538551E-005
  -1.7493332612907736E-005
  -2.0125912015624400E-005
  -1.3256169018924214E-005
  -5.1761871330722607E-006
  -1.6207359180410579E-005
  -2.7810713423154123E-005
  -2.6605873003108152E-005
  -2.2864101202610253E-005
   7.8253258807024234E-006
  -8.7220607415073546E-006
  -5.3861782119907357E-005
   1.6362258398123303E-005
  -2.3487292365535591E-005
  -5.4408890976409010E-008
   2.1156168181837006E-005
   2.3152492393196296E-005
   1.7376295054623028E-006
   8.2073347090718104E-006
  -2.3698723466730523E-005
   1.9266725943433054E-006
   3.8413422430050073E-005
  -9.4746549451457477E-006
  -4.8872573542861503E-007
   3.4935422008700131E-005
  -2.9223545227715540E-006
  -2.9223545227427379E-006
  -2.5890738665062220E-005
  -2.4774114874341248E-006
   7.0588344335432250E-006
  -2.5890738665058391E-005
   7.0588344335901092E-006
  -2.4774114874249908E-006
   7.6144486136209638E-005
  -1.4969305881368265E-006
  -1.4969305882219239E-006
  -2.5021495491033378E-006
   2.8211211392833093E-005
  -3.1969418404200809E-006
   1.7286022525163348E-005
   6.1143764642268155E-006
   1.2955550788451324E-006
   1.3089980012037762E-005
   9.5143774895570376E-006
   3.7517935232584718E-006
   3.8774990785689750E-005
  -1.3746678535785398E-005
   6.1148984559028640E-006
   2.6275500545051979E-006
   1.8516764450300608E-005
   6.1793843440766866E-006
   6.8247199355156119E-006
  -1.3208861440009259E-005
   2.2513290210153945E-006
   1.4187673856108532E-005
   3.2285147838652500E-005
   1.1310083214596284E-005
   1.6063159923290907E-005
   2.6228735711451779E-005
  -7.9012653751922065E-006
   1.2550584525525608E-005
   4.8092258183200723E-005
  -9.1006068428083928E-006
   1.3388622503385669E-005
   5.0953169409081562E-005
   1.2113571607858915E-005
   2.9722521258331103E-005
   1.9016062652521184E-005
   4.5123079000479872E-006
  -3.8352149037170065E-008
   1.5114637437242360E-005
   1.6279057310298706E-005
   2.6607438994273985E-005
   6.8114115907217220E-005
   2.6607438994276770E-005
   1.8967495389976365E-005
   1.9977209175012071E-005
   5.6039453799800572E-006
  -1.2616532643993506E-006
   3.5026195844152879E-005
  -1.2616532644013767E-006
   5.6039453800241808E-006
   1.9977209175057130E-005
   1.8967495389958858E-005
   9.8355076242208696E-006
   1.5062547173511305E-005
  -2.5788499555170948E-006
  -2.6739608190461510E-005
   3.9928955482530621E-005
  -1.6270362121459885E-005
   2.3450288451644786E-005
  -1.0226350026736132E-005
   1.8143047576383129E-005
   1.9804280843004968E-005
   2.3814138576476963E-005
  -4.3088759374613803E-006
   4.4268921585988387E-005
   7.6479273129182575E-006
  -2.2719573160091671E-005
   1.2537156589927198E-005
   3.1966217199046290E-005
  -1.3081766211847632E-005
   7.5623372315989934E-006
  -4.3159005097576622E-006
  -1.2034713382973344E-005
   1.1468469854352827E-005
   1.8300999407675467E-005
  -5.5149801035126371E-006
  -2.5021495490699219E-006
  -3.1969418404244863E-006
   2.8211211392857996E-005
   1.3089980012045622E-005
   3.7517935232772831E-006
   9.5143774895393159E-006
   1.7286022525175044E-005
   1.2955550789534417E-006
   6.1143764642289602E-006
   3.8774990785704042E-005
   6.1148984558990498E-006
  -1.3746678535844025E-005
   7.1251497923126475E-006
  -2.8336547964045688E-005
  -2.8336547964066247E-005
   4.8626716913692123E-006
  -1.1323740697959891E-005
  -2.4328026385071677E-005
   4.8626716913603041E-006
  -2.4328026385056773E-005
  -1.1323740697988753E-005
   2.0644105625221806E-005
  -5.6263053202086552E-007
  -5.6263053207550550E-007
   2.3057838281248259E-005
   3.6066044486788043E-005
  -2.0672279974622694E-005
   5.2240183282544596E-006
  -1.3518819357176881E-005
  -4.8295163100745924E-006
   3.5649932404100093E-005
   3.7018666053628670E-005
   9.8951907115707787E-006
   1.2362789594783160E-005
  -2.6049400381672162E-006
  -2.1378901919019342E-006
  -1.2048227316031204E-005
   7.4972344959203143E-006
   1.9584774533953556E-005
   5.5118246449439195E-006
   4.2106366868521967E-006
   1.6154643835656289E-005
   1.7261080828547089E-005
  -3.4301929854950938E-006
   1.9823909260018865E-006
  -3.0785688673699682E-005
   2.1441065855045091E-005
  -4.6358386172667048E-006
  -1.0795526649054174E-005
   4.0978971362321178E-005
  -1.0795526649071339E-005
   1.2448311892664239E-006
   3.9155939528747424E-005
  -1.2917053915712774E-006
  -1.1972099742706579E-006
  -5.9042363609365625E-006
  -1.1972099741988307E-006
  -1.2917053916540945E-006
   3.9155939528758165E-005
   1.2448311892865018E-006
   6.9094355077192483E-006
   1.7956347727820034E-005
  -1.0493258049177225E-005
   6.2004731430662353E-006
   1.7756873727999846E-005
  -9.5663191456494639E-006
  -4.1860153038186010E-006
   1.3649126963315435E-005
  -3.0912683666665800E-006
  -3.1889669148629876E-006
   2.9211400141088014E-005
   4.0493673372603601E-005
   1.7874423888551774E-005
  -1.1246789962720708E-005
  -1.1646370026945840E-006
   3.5265496358886813E-006
   2.4031690051341326E-006
   5.4547518890664821E-006
  -1.0662038731104318E-005
   2.2288778405973306E-005
  -7.4010056391180236E-006
   1.3784823042252650E-005
   4.1318523015198562E-006
  -9.8645244716404210E-006
   2.6275500545138728E-006
   6.1793843440748629E-006
   1.8516764450284897E-005
   1.4187673856202181E-005
   1.1310083214549091E-005
   3.2285147838596413E-005
   6.8247199355250927E-006
   2.2513290209926453E-006
  -1.3208861440029638E-005
   1.6063159923315694E-005
  -7.9012653752377633E-006
   2.6228735711507453E-005
   2.3057838281240389E-005
  -2.0672279974612732E-005
   3.6066044486732681E-005
   3.5649932404070264E-005
   9.8951907115498790E-006
   3.7018666053655640E-005
   5.2240183281602848E-006
  -4.8295163100788844E-006
  -1.3518819357223105E-005
   1.2362789594803915E-005
  -2.1378901918378685E-006
  -2.6049400382173300E-006
  -2.5654711800920816E-005
   4.6799946801934355E-006
   4.6799946801782016E-006
   1.1621607337581661E-005
   1.6857507528292435E-005
  -4.5344273524107681E-006
   1.1621607337578538E-005
  -4.5344273524535195E-006
   1.6857507528265398E-005
   8.3214945655245255E-006
   1.7104509308866817E-005
   1.7104509308862887E-005
   4.8910466596711325E-005
  -4.6266629099338921E-006
  -2.3317214820968404E-005
  -1.3563108951676139E-005
  -3.7560749226463354E-005
  -4.6691008302807818E-006
  -2.8179888409427041E-005
   4.3176438167887246E-006
  -3.1748213625429549E-005
  -3.2343038677915070E-005
  -3.1619889541412308E-005
  -4.3233216818668079E-005
  -4.0092890257584233E-005
  -4.0668406359489641E-005
  -4.0092890257627933E-005
  -4.2547813552552377E-005
   1.3597235615301604E-005
  -2.0164554256148141E-005
   5.4804099011387824E-006
   2.1138248948842701E-005
   5.4804099011211887E-006
  -2.0164554256150974E-005
   1.3597235615299295E-005
  -4.2547813552576006E-005
  -1.7491296064693749E-005
  -4.7748979887405530E-006
  -1.0328098676372988E-005
   8.0304790235262839E-006
   4.7773838710254506E-006
  -1.4102697432993993E-005
   8.2090658359136442E-006
   6.7944561281305583E-006
   2.4649504989936580E-005
  -4.3359779121397765E-006
   3.3712662293249714E-005
   9.5934922642481811E-006
  -3.1704469258626379E-006
   4.8022550482761126E-006
   4.1051283978872587E-005
  -1.0870227024783361E-005
   2.0509185490969989E-005
  -7.0257028886341327E-006
   2.1344487644661946E-005
  -7.4109584214236924E-006
   1.3307269630377129E-005
  -1.7689958142051101E-006
   1.8090365157575284E-005
   1.5988502599141776E-005
   1.2550584525495404E-005
  -9.1006068428956185E-006
   4.8092258183158188E-005
   2.9722521258374305E-005
   4.5123079000417734E-006
   1.9016062652544820E-005
   1.3388622503417619E-005
   1.2113571607879416E-005
   5.0953169409095562E-005
  -3.8352149039328596E-008
   1.6279057310266851E-005
   1.5114637437250836E-005
  -1.2048227316008639E-005
   1.9584774533895398E-005
   7.4972344960117362E-006
   1.7261080828607170E-005
   1.9823909260490311E-006
  -3.4301929855053988E-006
   5.5118246450318203E-006
   1.6154643835631837E-005
   4.2106366868516640E-006
  -3.0785688673797335E-005
  -4.6358386172704614E-006
   2.1441065855013212E-005
   4.8910466596632558E-005
  -2.3317214821022672E-005
  -4.6266629099581113E-006
  -2.8179888409436338E-005
  -3.1748213625440554E-005
   4.3176438167801102E-006
  -1.3563108951600677E-005
  -4.6691008302930621E-006
  -3.7560749226432495E-005
  -3.2343038677914358E-005
  -4.3233216818611741E-005
  -3.1619889541441825E-005
  -5.2839237975370475E-005
  -2.6377121381173228E-005
  -2.6377121381182339E-005
   3.5045385417248459E-006
  -2.8775960522296901E-005
  -5.2318881807594442E-005
   3.5045385417440079E-006
  -5.2318881807607669E-005
  -2.8775960522318463E-005
  -5.2214491398705430E-005
  -6.5295947978692640E-006
  -6.5295947978971474E-006
  -6.9712882982220702E-006
  -3.7635557007587646E-006
  -6.9712882982591745E-006
  -3.1252208612407891E-005
  -3.9041369584775640E-006
   1.0319712438317300E-005
  -6.5018389714609182E-006
   2.9979106748691415E-005
  -6.5018389715212846E-006
   1.0319712438274972E-005
  -3.9041369584591114E-006
  -3.1252208612359116E-005
  -3.6754601585642257E-005
  -1.9467273671259071E-005
  -1.1761359139384211E-005
  -5.6455725066595810E-006
  -6.9544643602026251E-006
  -2.1904075295699176E-005
  -3.2115270707618522E-006
   3.4193813122715538E-005
  -6.5012840903499487E-006
  -2.5437464913109032E-005
   4.9934612985625668E-006
  -1.5647673769684083E-005
   2.2022851277911393E-005
   2.2022851277939010E-005
  -1.6269622969948684E-006
   1.3333671269880011E-005
   1.3333671269889135E-005
   5.0282429618197728E-006
   1.6225112896867382E-006
   5.6475572070914459E-006
   5.9645360695232293E-007
   5.6475572070766923E-006
   1.6225112896603957E-006
   5.9645360693506919E-007
   2.6607438994278044E-005
   2.6607438994238426E-005
   6.8114115907193638E-005
  -1.2616532644304376E-006
  -1.2616532643844700E-006
   3.5026195844150745E-005
   1.8967495389959556E-005
   5.6039453799954012E-006
   1.9977209175028507E-005
   5.6039453799892542E-006
   1.8967495389915084E-005
   1.9977209175035601E-005
  -1.0795526649073585E-005
  -1.0795526649102232E-005
   4.0978971362311637E-005
  -1.1972099742434124E-006
  -1.1972099742733868E-006
  -5.9042363610034078E-006
   1.2448311893121679E-006
  -1.2917053916376390E-006
   3.9155939528726079E-005
  -1.2917053916638130E-006
   1.2448311892646981E-006
   3.9155939528782248E-005
  -4.0092890257550623E-005
  -4.0092890257577938E-005
  -4.0668406359472084E-005
   5.4804099011456553E-006
   5.4804099011062013E-006
   2.1138248948772770E-005
  -4.2547813552585032E-005
  -2.0164554256194467E-005
   1.3597235615353087E-005
  -2.0164554256115317E-005
  -4.2547813552631408E-005
   1.3597235615333320E-005
  -6.9712882981594431E-006
  -6.9712882982470628E-006
  -3.7635557007312009E-006
  -6.5018389715288156E-006
  -6.5018389715174585E-006
   2.9979106748663313E-005
  -3.1252208612406238E-005
   1.0319712438266123E-005
  -3.9041369584404165E-006
   1.0319712438229311E-005
  -3.1252208612383632E-005
  -3.9041369584599042E-006
   3.9517968281278689E-006
   3.9517968281805272E-006
   3.9517968281754874E-006
  -4.1604997902118818E-005
  -4.1604997902117110E-005
  -6.5575067275157933E-005
  -4.1604997902137283E-005
  -6.5575067275182869E-005
  -4.1604997902074989E-005
  -6.5575067275205556E-005
  -4.1604997902114508E-005
  -4.1604997902075687E-005
  -1.9810533502694941E-005
  -1.9810533502698120E-005
  -2.1397144457683275E-005
  -2.0708485208896501E-005
  -2.0708485208900916E-005
  -1.1360532559620640E-005
   1.2140681816018106E-006
   9.8637943570726908E-006
  -1.0514299670475354E-005
   9.8637943570874715E-006
   1.2140681815820396E-006
  -1.0514299670474866E-005
   3.3298943641515979E-005
  -2.0125912015670285E-005
  -1.7493332612886012E-005
  -2.7810713423214635E-005
  -2.2864101202685345E-005
  -2.6605873003006572E-005
  -1.3256169018901437E-005
  -1.6207359180385588E-005
  -5.1761871330571268E-006
   7.8253258806952202E-006
  -5.3861782119943291E-005
  -8.7220607414663294E-006
   9.8355076242078032E-006
  -2.5788499554860358E-006
   1.5062547173481515E-005
   2.3450288451688937E-005
   1.8143047576353832E-005
  -1.0226350026716272E-005
  -2.6739608190493521E-005
  -1.6270362121478469E-005
   3.9928955482494362E-005
   1.9804280843021133E-005
  -4.3088759374897830E-006
   2.3814138576460995E-005
   6.9094355077599313E-006
  -1.0493258049167999E-005
   1.7956347727858794E-005
  -4.1860153038580287E-006
  -3.0912683666567184E-006
   1.3649126963317610E-005
   6.2004731430264756E-006
  -9.5663191456427791E-006
   1.7756873727980100E-005
  -3.1889669148828365E-006
   4.0493673372604902E-005
   2.9211400141102553E-005
  -1.7491296064686458E-005
  -1.0328098676432097E-005
  -4.7748979887735949E-006
   8.2090658358695612E-006
   2.4649504989961594E-005
   6.7944561281930439E-006
   8.0304790235348677E-006
  -1.4102697433039509E-005
   4.7773838709884412E-006
  -4.3359779122054148E-006
   9.5934922642666820E-006
   3.3712662293250487E-005
  -3.6754601585678748E-005
  -1.1761359139422311E-005
  -1.9467273671288107E-005
  -3.2115270707603576E-006
  -6.5012840903532013E-006
   3.4193813122756975E-005
  -5.6455725066549045E-006
  -2.1904075295754819E-005
  -6.9544643601961368E-006
  -2.5437464913133477E-005
  -1.5647673769651245E-005
   4.9934612985647386E-006
  -1.9810533502634684E-005
  -2.1397144457792722E-005
  -1.9810533502689046E-005
   1.2140681816199928E-006
  -1.0514299670498815E-005
   9.8637943571241345E-006
  -2.0708485208927394E-005
  -1.1360532559688780E-005
  -2.0708485208929132E-005
   9.8637943570902819E-006
  -1.0514299670538529E-005
   1.2140681816300558E-006
  -6.6488124780288139E-006
  -1.4957038315760078E-005
  -1.4957038315689474E-005
  -4.1854623303119563E-005
  -1.4806813928285188E-005
  -1.9636079732161465E-005
  -4.1854623303083473E-005
  -1.9636079732144511E-005
  -1.4806813928236264E-005
  -1.5575529831780533E-005
  -2.8998961847488900E-005
  -2.8998961847451681E-005
  -5.9153931334077893E-005
  -1.8658569165684384E-005
  -1.8658569165631905E-005
  -2.6351829642461675E-006
  -3.4426405942122248E-005
  -3.1779015872333585E-006
  -2.6351829643130170E-006
  -3.1779015872433369E-006
  -3.4426405942104847E-005
  -1.6736169968199925E-005
  -1.0526333456406829E-005
  -1.0526333456458195E-005
  -7.6129667602914364E-006
  -1.1902348736347304E-005
   2.1839178164164305E-005
  -1.5123093674213828E-005
   1.2637539042625509E-005
  -3.1009418341948032E-005
  -9.3401058894818027E-006
   1.6971183366026824E-005
  -1.1416488836484848E-005
   7.8210353625414238E-006
  -1.1377216031947415E-005
   7.2916617625488485E-006
   2.2410457188938885E-005
   7.9026127470489129E-006
   2.4105131699796190E-005
   1.3488821787925024E-005
  -1.9759622844761198E-005
   1.4402497201735199E-005
   1.0096372071242754E-005
  -5.9417997477706658E-006
   4.2681766529154381E-006
   2.3309992564848129E-005
  -5.7144219853055774E-007
  -1.6924423815653354E-005
  -4.8663761491535979E-006
  -1.3463012937604045E-005
   1.4922738930050727E-005
   2.3512827128853684E-005
  -4.5302297381375907E-006
   2.4646430350881417E-005
  -1.1121225772447718E-005
  -3.5034950287185971E-006
  -3.4885109819743658E-006
   1.9883196541677897E-005
  -1.7522567065157993E-005
   8.6341427971535258E-006
  -3.1919110502420484E-005
   2.0471192154496939E-005
   2.3574006203173058E-005
   1.0925777876574563E-005
  -9.4257918062038018E-006
   2.5731026029930661E-005
  -5.0941151903935881E-005
  -1.3395744844470598E-005
   1.4527709300924725E-005
   6.7995349598681098E-006
   7.4463567282363333E-006
   3.6474482374721123E-005
  -2.0125912015694785E-005
  -1.7493332612854746E-005
   3.3298943641564945E-005
  -5.3861782119953713E-005
  -8.7220607415501942E-006
   7.8253258806603631E-006
  -2.2864101202727059E-005
  -2.6605873003075527E-005
  -2.7810713423171989E-005
  -1.6207359180381149E-005
  -5.1761871331130606E-006
  -1.3256169018866873E-005
  -2.1715772535348594E-005
   1.3279224786459521E-005
  -2.1715772535345050E-005
  -2.0917194584169524E-005
   2.3827713702961219E-005
  -3.3202479035989457E-006
  -4.3054362620295893E-006
  -6.4406297984672751E-005
  -4.3054362620019354E-006
  -3.3202479036503098E-006
   2.3827713702892403E-005
  -2.0917194584063248E-005
  -7.6129667603107352E-006
   2.1839178164132748E-005
  -1.1902348736353618E-005
  -9.3401058894724634E-006
  -1.1416488836526585E-005
   1.6971183366040570E-005
  -1.5123093674304252E-005
  -3.1009418341949157E-005
   1.2637539042614193E-005
   7.8210353625628486E-006
   7.2916617626016992E-006
  -1.1377216031947319E-005
   2.5918343112362322E-005
  -4.2451312245992223E-005
  -4.2451312246020764E-005
  -6.7058013125110047E-006
  -1.3716857795975168E-005
   3.1599625475620661E-006
  -6.7058013124648059E-006
   3.1599625475720429E-006
  -1.3716857795961360E-005
   2.0683005879674814E-005
  -7.4232725966397109E-007
  -7.4232725964535712E-007
   8.5411590737714960E-006
   4.3609655292784223E-006
   1.1037033186505917E-006
   1.3046702095219738E-005
   1.1042365510840944E-005
   6.9651814970871291E-006
   1.8313785760085191E-005
  -2.0314769872232190E-005
  -1.3318321159093555E-005
   1.5219508959347853E-005
  -2.2555293707183537E-005
   3.6649094234831927E-006
   8.0872837730922444E-006
   2.6610568926852807E-005
   3.4929505814337142E-005
   1.1464787925642326E-005
  -1.0673225715312607E-006
   2.1849521077092052E-005
   1.7629328351491297E-007
   7.8908443139085903E-006
   4.6580235086410738E-005
  -6.9866861830812143E-006
   6.9643591085120815E-006
  -8.9166288416436495E-006
   1.4284691135428314E-005
  -1.1685739847291052E-005
  -7.1598959956099194E-006
  -2.9060651178843329E-006
   1.3202435652981716E-005
   1.3334537883864222E-006
   1.9629960779743841E-005
   3.2628389252742752E-006
   7.5351736037348099E-006
  -1.0061802948518317E-005
   2.5118495693678579E-006
  -5.7471607298142443E-006
  -2.5788499555493477E-006
   1.5062547173472756E-005
   9.8355076242177745E-006
  -4.3088759375087871E-006
   2.3814138576468605E-005
   1.9804280843077169E-005
   1.8143047576368981E-005
  -1.0226350026757558E-005
   2.3450288451655025E-005
  -1.6270362121491601E-005
   3.9928955482494612E-005
  -2.6739608190457078E-005
   1.0023961022252380E-005
   7.7355832881215090E-006
   1.0023961022218254E-005
   5.7305697635209807E-006
   1.2833530590139956E-005
   2.1895586113892842E-005
  -1.5272753920121555E-005
   1.5661617579175846E-005
  -1.5272753920063900E-005
   2.1895586113910782E-005
   1.2833530590197588E-005
   5.7305697635132379E-006
   2.2410457188934738E-005
   2.4105131699849066E-005
   7.9026127470125277E-006
   1.0096372071293981E-005
   4.2681766528925530E-006
  -5.9417997477616330E-006
   1.3488821787907660E-005
   1.4402497201744545E-005
  -1.9759622844794801E-005
   2.3309992564832696E-005
  -1.6924423815551592E-005
  -5.7144219852588826E-007
   8.5411590738305460E-006
   1.1037033186464931E-006
   4.3609655292628013E-006
   1.8313785760177721E-005
  -1.3318321159093404E-005
  -2.0314769872225451E-005
   1.3046702095188450E-005
   6.9651814971014846E-006
   1.1042365510780373E-005
   1.5219508959385485E-005
   3.6649094234262408E-006
  -2.2555293707202873E-005
   1.9469557204381586E-005
  -7.7458607717046288E-006
  -7.7458607717183389E-006
   1.0571382364308643E-006
  -2.8444668501657521E-005
  -8.7558376513886513E-006
   1.0571382364421173E-006
  -8.7558376513748921E-006
  -2.8444668501627851E-005
   2.8116500444229507E-005
  -1.2942935863454087E-006
  -1.2942935862902639E-006
   4.3398583007321314E-005
  -3.1165448810766199E-006
   1.5681111915643671E-005
   2.5061093569917947E-005
  -3.1126923379186558E-006
   8.5083917435171915E-006
   1.3685139732791173E-005
  -2.1744427666037079E-005
   9.4205517256341763E-006
   1.5282936178174144E-005
   1.2502203677996449E-005
   1.1649479455140528E-005
   2.2271441230904702E-005
   3.4780610853332553E-005
   3.7263694132507629E-005
  -1.7607070302714980E-005
   4.3115217596188990E-006
   1.7438691696732150E-005
   1.1944933669774752E-006
   2.0614820546883325E-005
   7.9462410227726086E-006
  -2.2144452372473363E-005
   4.1075480643280793E-005
   3.4680699152080692E-005
  -1.0493258049114072E-005
   1.7956347727763754E-005
   6.9094355076857100E-006
   4.0493673372635043E-005
   2.9211400141020848E-005
  -3.1889669148579325E-006
  -3.0912683666201215E-006
   1.3649126963266744E-005
  -4.1860153038419232E-006
  -9.5663191456211594E-006
   1.7756873728006989E-005
   6.2004731430478530E-006
  -1.9849169783510160E-005
   2.6301950474071808E-005
  -1.9849169783498295E-005
   1.0122212543967966E-005
   3.1433423885029245E-005
  -2.8710006235358693E-005
  -1.7823018588320867E-005
   4.3119134684066395E-005
  -1.7823018588345783E-005
  -2.8710006235330165E-005
   3.1433423885031549E-005
   1.0122212543960949E-005
  -4.8663761490669074E-006
   1.4922738930047527E-005
  -1.3463012937648282E-005
  -1.1121225772422234E-005
  -3.4885109819491183E-006
  -3.5034950286921667E-006
   2.3512827128886810E-005
   2.4646430350919015E-005
  -4.5302297381451733E-006
   1.9883196541690772E-005
   8.6341427971168526E-006
  -1.7522567065110522E-005
   8.0872837730841942E-006
   3.4929505814395763E-005
   2.6610568926810693E-005
   1.7629328352639349E-007
   4.6580235086433248E-005
   7.8908443139065980E-006
   1.1464787925643084E-005
   2.1849521077085533E-005
  -1.0673225716003824E-006
  -6.9866861830689323E-006
  -8.9166288416987016E-006
   6.9643591085255086E-006
   4.3398583007329730E-005
   1.5681111915650312E-005
  -3.1165448810944313E-006
   1.3685139732824304E-005
   9.4205517256292296E-006
  -2.1744427665960378E-005
   2.5061093569954136E-005
   8.5083917435392313E-006
  -3.1126923378838347E-006
   1.5282936178248483E-005
   1.1649479455080872E-005
   1.2502203678019042E-005
   3.4102848416816869E-005
  -1.7440426725889639E-005
  -1.7440426725915304E-005
   2.0924011542134478E-005
  -6.1616927707342491E-007
  -1.9563395973757593E-005
   2.0924011542130043E-005
  -1.9563395973765603E-005
  -6.1616927695070476E-007
   3.8493960354700161E-005
   6.0141854728889807E-007
   6.0141854725950264E-007
   2.3064215586827729E-005
   1.6467263896916004E-005
   1.3834763800426695E-005
   2.7195913496795968E-005
   2.0731748611549288E-005
  -1.5464454538531474E-005
   3.8985097906984149E-005
   6.5712536601393582E-006
  -8.9791008722360265E-006
  -1.0642957654897999E-006
   7.1618399680984031E-006
  -4.1615571348650832E-005
  -1.0328098676369410E-005
  -4.7748979888119985E-006
  -1.7491296064694000E-005
   9.5934922642169832E-006
   3.3712662293232767E-005
  -4.3359779121695557E-006
   2.4649504990016397E-005
   6.7944561281810025E-006
   8.2090658359179861E-006
  -1.4102697432961104E-005
   4.7773838710294977E-006
   8.0304790234877015E-006
   6.7258445838252368E-006
   4.2971674934311645E-005
   6.7258445838722124E-006
  -3.4247263768667823E-006
  -1.9295235760266619E-006
  -1.1585475568590364E-005
  -5.0916710888921004E-007
   1.2193546678408861E-005
  -5.0916710884998670E-007
  -1.1585475568555800E-005
  -1.9295235760364884E-006
  -3.4247263769122744E-006
  -3.1919110502366511E-005
   2.3574006203159749E-005
   2.0471192154507534E-005
  -5.0941151903843500E-005
   1.4527709300900268E-005
  -1.3395744844474782E-005
   1.0925777876607277E-005
   2.5731026029971884E-005
  -9.4257918062007423E-006
   6.7995349599099245E-006
   3.6474482374716902E-005
   7.4463567282213925E-006
   1.4284691135431066E-005
  -7.1598959956327317E-006
  -1.1685739847261891E-005
   1.9629960779766318E-005
   7.5351736037284555E-006
   3.2628389252626907E-006
  -2.9060651178177205E-006
   1.3334537884033659E-006
   1.3202435652969093E-005
  -1.0061802948468205E-005
  -5.7471607298658574E-006
   2.5118495693552219E-006
   2.2271441230905722E-005
   3.7263694132556276E-005
   3.4780610853403459E-005
   1.1944933669735710E-006
   7.9462410228050212E-006
   2.0614820546918846E-005
  -1.7607070302733269E-005
   1.7438691696690682E-005
   4.3115217596121837E-006
  -2.2144452372462240E-005
   3.4680699152097084E-005
   4.1075480643260769E-005
   2.3064215586904704E-005
   1.3834763800487469E-005
   1.6467263896954294E-005
   3.8985097906996116E-005
  -8.9791008722468008E-006
   6.5712536601388051E-006
   2.7195913496769757E-005
  -1.5464454538539026E-005
   2.0731748611535614E-005
  -1.0642957655210571E-006
  -4.1615571348692269E-005
   7.1618399681033362E-006
   3.8929262243371757E-006
  -5.5145561224944948E-006
  -5.5145561224902122E-006
   3.3729334792268349E-006
   5.9642717517254942E-006
  -1.4471963776138516E-005
   3.3729334791556050E-006
  -1.4471963776138394E-005
   5.9642717518024446E-006
  -7.2080310063343742E-006
  -1.6392545192949442E-005
  -1.6392545192993217E-005
  -1.1761359139352504E-005
  -1.9467273671221730E-005
  -3.6754601585634614E-005
  -1.5647673769616594E-005
   4.9934612985590906E-006
  -2.5437464913069374E-005
  -6.5012840903054126E-006
   3.4193813122765838E-005
  -3.2115270707286629E-006
  -2.1904075295715293E-005
  -6.9544643602306381E-006
  -5.6455725066602654E-006
  -5.3019427995070118E-005
   4.1541994293679415E-005
  -5.3019427995197058E-005
  -7.3822591662412993E-006
   8.7340564269219302E-006
  -3.1594457894326598E-005
  -7.2877672925472013E-006
  -3.6214938151173631E-005
  -7.2877672925967502E-006
  -3.1594457894349190E-005
   8.7340564269094314E-006
  -7.3822591662095838E-006
  -2.0125912015637186E-005
   3.3298943641479530E-005
  -1.7493332612882929E-005
  -2.2864101202671311E-005
  -2.7810713423183380E-005
  -2.6605873003060203E-005
  -5.3861782119891961E-005
   7.8253258806754098E-006
  -8.7220607415203058E-006
  -1.6207359180356731E-005
  -1.3256169018962932E-005
  -5.1761871330429474E-006
  -2.5788499554677924E-006
   9.8355076241306385E-006
   1.5062547173520122E-005
   1.8143047576359369E-005
   2.3450288451631827E-005
  -1.0226350026728503E-005
  -4.3088759374258405E-006
   1.9804280843046527E-005
   2.3814138576473938E-005
  -1.6270362121459197E-005
  -2.6739608190469398E-005
   3.9928955482476357E-005
  -1.0493258049120991E-005
   6.9094355077336089E-006
   1.7956347727820576E-005
  -3.0912683666240208E-006
  -4.1860153038388010E-006
   1.3649126963323128E-005
   4.0493673372605173E-005
  -3.1889669148564235E-006
   2.9211400141035207E-005
  -9.5663191456051285E-006
   6.2004731430688179E-006
   1.7756873728005816E-005
  -1.0328098676416374E-005
  -1.7491296064682352E-005
  -4.7748979887941964E-006
   2.4649504989984058E-005
   8.2090658358801864E-006
   6.7944561281734842E-006
   9.5934922642539629E-006
  -4.3359779121684316E-006
   3.3712662293227359E-005
  -1.4102697432998236E-005
   8.0304790234780453E-006
   4.7773838710009358E-006
  -1.1761359139364759E-005
  -3.6754601585634770E-005
  -1.9467273671230278E-005
  -6.5012840903525499E-006
  -3.2115270707572274E-006
   3.4193813122681108E-005
  -1.5647673769678631E-005
  -2.5437464913084868E-005
   4.9934612985537771E-006
  -2.1904075295687327E-005
  -5.6455725066837273E-006
  -6.9544643601732390E-006
  -2.1397144457771234E-005
  -1.9810533502670591E-005
  -1.9810533502650455E-005
  -1.0514299670551670E-005
   1.2140681816590855E-006
   9.8637943571130570E-006
  -1.0514299670505280E-005
   9.8637943571510379E-006
   1.2140681816150239E-006
  -1.1360532559668868E-005
  -2.0708485208890613E-005
  -2.0708485208918554E-005
  -1.4957038315752832E-005
  -6.6488124780091864E-006
  -1.4957038315715715E-005
  -1.4806813928257145E-005
  -4.1854623303113275E-005
  -1.9636079732128451E-005
  -2.8998961847418755E-005
  -1.5575529831826090E-005
  -2.8998961847511515E-005
  -1.9636079732164586E-005
  -4.1854623303107610E-005
  -1.4806813928264594E-005
  -2.1715772535379192E-005
  -2.1715772535359635E-005
   1.3279224786490494E-005
  -4.3054362620575186E-006
  -4.3054362620422677E-006
  -6.4406297984672845E-005
  -2.0917194584114971E-005
  -3.3202479035701826E-006
   2.3827713702895019E-005
  -3.3202479035760936E-006
  -2.0917194584127755E-005
   2.3827713702861991E-005
   1.0023961022223028E-005
   1.0023961022202893E-005
   7.7355832881142483E-006
  -1.5272753920108338E-005
  -1.5272753920124269E-005
   1.5661617579174931E-005
   5.7305697635179034E-006
   2.1895586113908970E-005
   1.2833530590150716E-005
   2.1895586113911162E-005
   5.7305697634873806E-006
   1.2833530590122244E-005
  -1.9849169783513121E-005
  -1.9849169783475672E-005
   2.6301950474095331E-005
  -1.7823018588412875E-005
  -1.7823018588401013E-005
   4.3119134683984382E-005
   1.0122212543956323E-005
  -2.8710006235384053E-005
   3.1433423885042933E-005
  -2.8710006235369417E-005
   1.0122212543934410E-005
   3.1433423885024210E-005
   6.7258445838284131E-006
   6.7258445838580119E-006
   4.2971674934295423E-005
  -5.0916710892901509E-007
  -5.0916710884363554E-007
   1.2193546678364603E-005
  -3.4247263768999145E-006
  -1.1585475568542610E-005
  -1.9295235760302440E-006
  -1.1585475568660024E-005
  -3.4247263769181710E-006
  -1.9295235760584557E-006
  -5.3019427995257462E-005
  -5.3019427995148228E-005
   4.1541994293676799E-005
  -7.2877672925577791E-006
  -7.2877672926114488E-006
  -3.6214938151181105E-005
  -7.3822591662051149E-006
  -3.1594457894383030E-005
   8.7340564268885927E-006
  -3.1594457894378795E-005
  -7.3822591661714114E-006
   8.7340564269152234E-006
  -1.4957038315765128E-005
  -1.4957038315719256E-005
  -6.6488124780097243E-006
  -2.8998961847521954E-005
  -2.8998961847485823E-005
  -1.5575529831823606E-005
  -1.4806813928292593E-005
  -1.9636079732114787E-005
  -4.1854623303106248E-005
  -1.9636079732203437E-005
  -1.4806813928247109E-005
  -4.1854623303099295E-005
  -3.1532559232179454E-005
  -3.1532559232214731E-005
  -3.1532559232194829E-005
  -2.4883232796713762E-005
  -2.4883232796670740E-005
  -3.2722343426541128E-005
  -2.4883232796659576E-005
  -3.2722343426544875E-005
  -2.4883232796704005E-005
  -3.2722343426543872E-005
  -2.4883232796706942E-005
  -2.4883232796680217E-005
