  0.17318345000879171     
  0.17318345000979643     
  0.17318345000883678     
   5.1754410858520474     
   5.1754410858528903     
   79.351467654204370     
   5.1754410858516859     
   79.351467654203816     
   5.1754410858518032     
   79.351467654204157     
   5.1754410858523148     
   5.1754410858517383     
   79.277474151892335     
   79.277474151892946     
   9.8080049580758644     
   4.7946959882174056     
   4.7946959882173177     
   9.9086116178086705     
   4.6839305160310669     
   78.921957492452890     
   14.321797532783927     
   78.921957492452904     
   4.6839305160318032     
   14.321797532784231     
   79.494663619653750     
   79.494663619654190     
   19.282879584204625     
   4.8807848193307422     
   4.8807848193314909     
   20.026295869284656     
   5.0508354285340324     
   79.365358019545695     
   24.897361119535503     
   79.365358019545468     
   5.0508354285344472     
   24.897361119534967     
   79.544639744902796     
   79.544639744902284     
   29.300971178251114     
   5.1802326200741504     
   5.1802326200744480     
   29.762861550514401     
   4.8085330582391954     
   79.499557586672552     
   34.623454731193597     
   79.499557586673021     
   4.8085330582387709     
   34.623454731193419     
   79.270404730871718     
   79.270404730871448     
   39.985045137234259     
   5.2288019811663533     
   5.2288019811662911     
   39.637041475801063     
   4.7639176189179224     
   5.8102022360654149E-002
   44.637287352263762     
   5.8102022361280717E-002
   4.7639176189174632     
   44.637287352263357     
   78.967412376747987     
   78.967412376747703     
   50.901216825828421     
   4.5302263325282182     
   4.5302263325285663     
   49.650029447938415     
   5.0475453487669686     
  0.22042260678545245     
   55.023339591305557     
  0.22042260678530293     
   5.0475453487667918     
   55.023339591306055     
  0.35627696585480922     
  0.35627696585448881     
   59.491250581019827     
   5.0575662990616914     
   5.0575662990608681     
   59.435623037441033     
   5.2000333981666111     
   79.483385871999332     
   64.321118630795041     
   79.483385871999644     
   5.2000333981666644     
   64.321118630794615     
   79.390491733177811     
   79.390491733176958     
   69.540468373418960     
   5.1694512027314268     
   5.1694512027311346     
   68.997585509252275     
   5.0481657233909507     
   79.377702082553640     
   74.468645578296275     
   79.377702082553469     
   5.0481657233913086     
   74.468645578296858     
   79.277474151892292     
   9.8080049580758928     
   79.277474151892505     
   4.6839305160319462     
   14.321797532784279     
   78.921957492452918     
   4.7946959882178621     
   9.9086116178097647     
   4.7946959882172360     
   78.921957492453132     
   14.321797532784311     
   4.6839305160314977     
   79.247585519662238     
   10.106377176633140     
   10.106377176632952     
   4.9065538851898580     
   15.165295188996375     
   10.523031955599457     
   4.9065538851899158     
   10.523031955599903     
   15.165295188997339     
  0.35071557322075320     
   15.329947472264257     
   15.329947472263953     
   78.941055848651615     
   9.6967552241035921     
   19.700765556706923     
   4.8522845451086081     
   15.142905285709068     
   20.125459339001615     
   4.9971629625947989     
   9.9394875224951758     
   24.736349525828132     
   79.476550910274568     
   14.978623821346698     
   25.222521810252836     
   9.4099014540003356E-003
   9.9170689436313939     
   29.757405585940383     
   4.9684689693208304     
   14.959078444504108     
   29.849749823231249     
   5.5167349782687305     
   10.624952061667114     
   34.397522931328226     
   79.002101034035576     
   14.735468343819461     
   34.848427340046662     
  0.23383355116011631     
   9.7894356473239572     
   39.631161431253602     
   5.3098210470046814     
   14.720750014153200     
   39.761453077665664     
   5.1426939847451214     
   9.7085449908366748     
   44.698807779146435     
  0.17608989317234439     
   14.616161177573126     
   44.951916881161331     
  0.24509532498265682     
   10.176341523047702     
   49.620528440228021     
   5.5048408017732289     
   15.064308464685739     
   49.726399070703209     
   5.0621937964385939     
   9.7969006277121977     
   54.349738739807187     
   79.483913768261914     
   14.786838868077496     
   54.558858731733615     
   79.492975508005273     
   10.134268358611639     
   59.637233627515528     
   4.8702371971456548     
   14.822352374336973     
   59.899186252760934     
   4.8036149262579135     
   10.122837853478979     
   64.558771045911612     
   79.519915081404363     
   15.040843782035447     
   64.509235175285994     
   79.397707870011487     
   9.7936029933795918     
   69.636709667166116     
   5.0072404259033823     
   14.582093266167178     
   69.405663909850148     
   4.6644486409744834     
   9.5936362752017867     
   74.569366964489475     
   3.8170057373224688E-002
   14.671388527648503     
   74.095825696968305     
   79.494663619654773     
   19.282879584205286     
   79.494663619653707     
   5.0508354285343611     
   24.897361119534825     
   79.365358019544828     
   4.8807848193306800     
   20.026295869284525     
   4.8807848193311543     
   79.365358019545425     
   24.897361119535226     
   5.0508354285347847     
   78.941055848651047     
   19.700765556706845     
   9.6967552241031765     
   4.9971629625951905     
   24.736349525828096     
   9.9394875224956554     
   4.8522845451087973     
   20.125459339001079     
   15.142905285708183     
   79.476550910274170     
   25.222521810252875     
   14.978623821346087     
   78.986591633222531     
   19.913542436729653     
   19.913542436729607     
   4.8478598231199337     
   25.199081429885972     
   20.003545532825935     
   4.8478598231205208     
   20.003545532825079     
   25.199081429887084     
   6.3647488712457387E-002
   25.009048735524111     
   25.009048735524189     
   79.065374540285731     
   19.873182980625547     
   30.114868639937946     
   5.1954027119259862     
   24.657461264662874     
   30.172797735732306     
   4.8651779085551690     
   19.805001530183400     
   34.906775609775011     
  0.13523226945071914     
   24.596307255665362     
   35.307366857576682     
   5.5185333574593959E-002
   19.446011743691187     
   40.002597604413616     
   4.9397297349497133     
   25.170635049030810     
   39.977312725790256     
   5.0974060658338756     
   20.128868127959542     
   45.067124267124186     
   79.457981472430731     
   24.811622085101131     
   45.014733251459575     
  0.22547741348325920     
   19.941232302214917     
   49.852077706156408     
   5.0046760999210580     
   24.856298868109100     
   49.908851167485643     
   4.7863856803609668     
   19.888540459609647     
   54.769480473487171     
   79.415451495994915     
   24.945355160806674     
   54.743466133504576     
   79.491849635967540     
   19.622093270926843     
   59.367692218644478     
   4.4764928043665515     
   24.738170628475721     
   59.724213789137671     
   4.7531620092083351     
   19.874647022160648     
   65.028538400191479     
   79.228909590477869     
   24.789723702784777     
   64.530672909135021     
   79.144565758096135     
   19.900211109567380     
   69.573908488432835     
   4.8960169054869107     
   24.606531686584905     
   69.589176274361520     
   4.6353540691222523     
   19.735173896392244     
   74.547569054217348     
   3.1381353058984679E-002
   25.240708046505841     
   74.476378893413852     
   79.544639744903236     
   29.300971178251206     
   79.544639744902810     
   4.8085330582388144     
   34.623454731192830     
   79.499557586672339     
   5.1802326200739977     
   29.762861550514305     
   5.1802326200746229     
   79.499557586672438     
   34.623454731193512     
   4.8085330582387504     
   9.4099014536589594E-003
   29.757405585940653     
   9.9170689436321080     
   5.5167349782695352     
   34.397522931328517     
   10.624952061667438     
   4.9684689693208206     
   29.849749823230784     
   14.959078444504556     
   79.002101034035874     
   34.848427340047074     
   14.735468343819203     
   79.065374540285490     
   30.114868639937477     
   19.873182980624797     
   4.8651779085549158     
   34.906775609774982     
   19.805001530183041     
   5.1954027119253396     
   30.172797735732285     
   24.657461264662267     
  0.13523226945049063     
   35.307366857576028     
   24.596307255666066     
  0.80342319055730049     
   29.862060018893487     
   29.862060018893285     
   4.8291639601038820     
   35.182939888207130     
   30.386308856728942     
   4.8291639601034229     
   30.386308856728370     
   35.182939888207564     
   79.097444892019581     
   34.802995686680013     
   34.802995686679722     
   79.129498257200680     
   29.827245241222744     
   40.515388938684659     
   5.0181275497037605     
   35.198030026216713     
   39.728090305522429     
   4.6760380821217042     
   29.882574503386362     
   45.166964342829900     
   79.199421272204432     
   34.865218297902494     
   45.053792207080505     
   79.489823843648310     
   30.045519556925484     
   49.782475840640487     
   5.0472458607208130     
   34.739158684718667     
   49.768315753188588     
   4.6774937714813474     
   29.962531550250272     
   55.010191375573910     
   79.537724377001169     
   34.326794507250781     
   54.784977644590334     
   79.157129639783733     
   29.938209376580847     
   59.727104542040273     
   4.8193198227351592     
   34.774034545014025     
   59.730676572287031     
   4.8141872934798675     
   29.616306513043266     
   64.901016693153352     
  0.15532114378630840     
   34.796508618754103     
   64.959311096230977     
   79.322249548529115     
   29.502379102755977     
   69.478812465198956     
   5.1228764799178537     
   34.596631965357588     
   69.522110861840403     
   4.8413258126364100     
   29.700277239455971     
   74.514582475921060     
   79.481233625791205     
   34.148989222538070     
   74.336767964874710     
   79.270404730871093     
   39.985045137233797     
   79.270404730871348     
   4.7639176189173451     
   44.637287352263591     
   5.8102022360829078E-002
   5.2288019811660975     
   39.637041475800473     
   5.2288019811663462     
   5.8102022360571194E-002
   44.637287352263243     
   4.7639176189173664     
  0.23383355115904217     
   39.631161431253915     
   9.7894356473243587     
   5.1426939847449527     
   44.698807779146129     
   9.7085449908364243     
   5.3098210470050677     
   39.761453077665010     
   14.720750014153868     
  0.17608989317295765     
   44.951916881161509     
   14.616161177574087     
   5.5185333574379145E-002
   40.002597604413545     
   19.446011743690928     
   5.0974060658339191     
   45.067124267123624     
   20.128868127960232     
   4.9397297349500038     
   39.977312725789517     
   25.170635049030942     
   79.457981472431072     
   45.014733251458999     
   24.811622085101128     
   79.129498257200424     
   40.515388938684168     
   29.827245241222460     
   4.6760380821214955     
   45.166964342829829     
   29.882574503385985     
   5.0181275497036779     
   39.728090305522862     
   35.198030026216728     
   79.199421272204091     
   45.053792207080235     
   34.865218297901912     
  0.19540833732714136     
   39.740110818348398     
   39.740110818347851     
   5.2748135706241897     
   44.775954826506819     
   39.955404842349402     
   5.2748135706243140     
   39.955404842350042     
   44.775954826506307     
   78.834618247469436     
   44.829363452886952     
   44.829363452886611     
   78.840930074386151     
   40.178673902429516     
   49.684909117947569     
   4.8309481438646786     
   44.509364394845250     
   49.288914874273054     
   4.8023605357215109     
   39.611682902980071     
   54.345368377493543     
   79.475882495383658     
   44.713064366201579     
   54.720178837009989     
  0.25225493329365611     
   40.156652644363696     
   59.883312370880830     
   5.2083036120104653     
   44.905162728005905     
   60.179904610357504     
   4.9061101842074404     
   39.682162346947258     
   64.895063226697317     
   79.061121181999539     
   45.093439867480001     
   64.999678706713951     
  0.19636729181064100     
   39.676566780883647     
   70.031783503153960     
   4.5615043187145670     
   44.946461722848412     
   70.282424595389301     
   4.7592715993890646     
   39.721569444402817     
   74.709038446151993     
   79.462300758721682     
   45.222190876973229     
   74.703149113992723     
   78.967412376747788     
   50.901216825828172     
   78.967412376748115     
   5.0475453487661994     
   55.023339591305430     
  0.22042260678509776     
   4.5302263325281507     
   49.650029447937968     
   4.5302263325285059     
  0.22042260678511116     
   55.023339591304889     
   5.0475453487667146     
  0.24509532498240735     
   49.620528440227723     
   10.176341523047761     
   5.0621937964385335     
   54.349738739806746     
   9.7969006277127999     
   5.5048408017724668     
   49.726399070702882     
   15.064308464686277     
   79.483913768261232     
   54.558858731733665     
   14.786838868077609     
  0.22547741348334169     
   49.852077706156642     
   19.941232302215038     
   4.7863856803613700     
   54.769480473486915     
   19.888540459609601     
   5.0046760999213395     
   49.908851167485501     
   24.856298868108926     
   79.415451495994986     
   54.743466133504711     
   24.945355160806262     
   79.489823843648310     
   49.782475840641126     
   30.045519556924930     
   4.6774937714817275     
   55.010191375574173     
   29.962531550249881     
   5.0472458607212252     
   49.768315753187927     
   34.739158684717765     
   79.537724377001112     
   54.784977644590548     
   34.326794507250675     
   78.840930074386122     
   49.684909117948138     
   40.178673902428677     
   4.8023605357205490     
   54.345368377492917     
   39.611682902979936     
   4.8309481438645054     
   49.288914874272919     
   44.509364394845193     
   79.475882495383118     
   54.720178837009918     
   44.713064366201110     
   5.1734829878710545E-002
   49.851260274735225     
   49.851260274735999     
   4.4721870798419090     
   54.767758888059895     
   49.655975383808340     
   4.4721870798421683     
   49.655975383808190     
   54.767758888059980     
  0.25206919501814179     
   54.619522316737680     
   54.619522316738305     
   79.258835904421062     
   49.408978892892229     
   59.756126256081536     
   4.9472906002795787     
   54.115370024026042     
   59.734016529283139     
   4.6520618384015382     
   49.676962180591261     
   65.272207171383869     
  0.16023581129646164     
   55.028278513978776     
   64.851184298747995     
   79.509673333301791     
   50.383464988233818     
   69.977648176064960     
   5.1300127114518332     
   55.081053855046640     
   69.734075230814383     
   4.8261885049804611     
   49.935855119685542     
   74.622973562301382     
   9.7299200359743349E-002
   55.605976438479445     
   74.202852442342504     
  0.35627696585365815     
   59.491250581019223     
  0.35627696585428076     
   5.2000333981660596     
   64.321118630794956     
   79.483385871999346     
   5.0575662990606416     
   59.435623037440585     
   5.0575662990610848     
   79.483385871999516     
   64.321118630794217     
   5.2000333981665845     
   79.492975508004861     
   59.637233627514945     
   10.134268358611713     
   4.8036149262572234     
   64.558771045911428     
   10.122837853478972     
   4.8702371971455349     
   59.899186252760792     
   14.822352374336971     
   79.519915081403767     
   64.509235175285738     
   15.040843782035255     
   79.491849635968236     
   59.367692218644152     
   19.622093270926825     
   4.7531620092085589     
   65.028538400191550     
   19.874647022160989     
   4.4764928043668641     
   59.724213789138219     
   24.738170628475800     
   79.228909590478310     
   64.530672909134893     
   24.789723702784901     
   79.157129639783491     
   59.727104542040145     
   29.938209376581050     
   4.8141872934801393     
   64.901016693153750     
   29.616306513043835     
   4.8193198227351930     
   59.730676572286491     
   34.774034545014153     
  0.15532114378580592     
   64.959311096230962     
   34.796508618754068     
  0.25225493329293425     
   59.883312370880368     
   40.156652644363447     
   4.9061101842069634     
   64.895063226697388     
   39.682162346946626     
   5.2083036120098702     
   60.179904610357070     
   44.905162728005344     
   79.061121181999312     
   64.999678706713610     
   45.093439867480122     
   79.258835904420977     
   59.756126256081053     
   49.408978892892506     
   4.6520618384018029     
   65.272207171383556     
   49.676962180591168     
   4.9472906002794508     
   59.734016529283110     
   54.115370024026525     
  0.16023581129698292     
   64.851184298747071     
   55.028278513979281     
  0.96669265518171810     
   59.477289928308807     
   59.477289928310377     
   5.2683738759994263     
   64.607059320139612     
   59.826070854976663     
   5.2683738759988472     
   59.826070854977345     
   64.607059320140223     
  0.57794482602062036     
   64.675860120294573     
   64.675860120295425     
   79.542814481512124     
   59.944866714392880     
   69.231477994415158     
   5.1638992242228436     
   64.883510808896887     
   70.103166508885991     
   5.1896085229582081     
   59.989714071894774     
   74.576316796693817     
   9.0289517668290839E-002
   64.750638837314710     
   74.426032128702261     
   79.390491733177612     
   69.540468373419387     
   79.390491733177399     
   5.0481657233910084     
   74.468645578296247     
   79.377702082552830     
   5.1694512027305963     
   68.997585509252374     
   5.1694512027313761     
   79.377702082553313     
   74.468645578296659     
   5.0481657233914117     
   79.397707870010251     
   69.636709667166329     
   9.7936029933799720     
   4.6644486409740127     
   74.569366964489433     
   9.5936362752017921     
   5.0072404259027152     
   69.405663909850091     
   14.582093266166563     
   3.8170057373219976E-002
   74.095825696968760     
   14.671388527648439     
   79.144565758096022     
   69.573908488432892     
   19.900211109567778     
   4.6353540691216670     
   74.547569054217860     
   19.735173896392425     
   4.8960169054871683     
   69.589176274361861     
   24.606531686585342     
   3.1381353059004483E-002
   74.476378893413568     
   25.240708046505407     
   79.322249548529328     
   69.478812465198970     
   29.502379102756066     
   4.8413258126362395     
   74.514582475920975     
   29.700277239456558     
   5.1228764799175961     
   69.522110861840531     
   34.596631965357460     
   79.481233625790907     
   74.336767964874085     
   34.148989222538461     
  0.19636729180967918     
   70.031783503154131     
   39.676566780884428     
   4.7592715993890797     
   74.709038446151695     
   39.721569444402988     
   4.5615043187142144     
   70.282424595388562     
   44.946461722848383     
   79.462300758721753     
   74.703149113992694     
   45.222190876972931     
   79.509673333301265     
   69.977648176064790     
   50.383464988233833     
   4.8261885049803110     
   74.622973562301013     
   49.935855119685776     
   5.1300127114519869     
   69.734075230814426     
   55.081053855046093     
   9.7299200360470434E-002
   74.202852442341467     
   55.605976438480099     
   79.542814481512139     
   69.231477994414035     
   59.944866714393598     
   5.1896085229596247     
   74.576316796693618     
   59.989714071894845     
   5.1638992242222939     
   70.103166508886289     
   64.883510808897412     
   9.0289517668155836E-002
   74.426032128702502     
   64.750638837313986     
  0.65798085232011450     
   69.672599020082956     
   69.672599020082970     
   5.0168288148782887     
   74.747154712219299     
   69.813682546194144     
   5.0168288148785001     
   69.813682546192723     
   74.747154712219583     
   5.2599227138060374E-002
   74.542763732287398     
   74.542763732287341     
   9.8080049580761912     
   79.277474151892420     
   79.277474151892292     
   14.321797532784684     
   4.6839305160314204     
   78.921957492453075     
   14.321797532784270     
   78.921957492451668     
   4.6839305160318441     
   9.9086116178094237     
   4.7946959882166365     
   4.7946959882173070     
   10.106377176632703     
   79.247585519662181     
   10.106377176632984     
   15.165295188997893     
   4.9065538851900037     
   10.523031955600175     
   15.329947472263370     
  0.35071557322025743     
   15.329947472264145     
   10.523031955600338     
   4.9065538851906414     
   15.165295188997314     
   9.6967552241026542     
   78.941055848651573     
   19.700765556706578     
   15.142905285708965     
   4.8522845451086942     
   20.125459339001331     
   14.978623821346060     
   79.476550910274369     
   25.222521810252580     
   9.9394875224952113     
   4.9971629625946425     
   24.736349525828000     
   9.9170689436315573     
   9.4099014537549173E-003
   29.757405585940749     
   14.959078444504936     
   4.9684689693211226     
   29.849749823230717     
   14.735468343818823     
   79.002101034035604     
   34.848427340047280     
   10.624952061667862     
   5.5167349782692758     
   34.397522931327707     
   9.7894356473234421     
  0.23383355115896584     
   39.631161431253958     
   14.720750014153710     
   5.3098210470043190     
   39.761453077665522     
   14.616161177573115     
  0.17608989317288515     
   44.951916881161118     
   9.7085449908360761     
   5.1426939847448114     
   44.698807779146492     
   10.176341523047450     
  0.24509532498264244     
   49.620528440227844     
   15.064308464685855     
   5.5048408017725947     
   49.726399070702804     
   14.786838868077465     
   79.483913768260976     
   54.558858731733693     
   9.7969006277127857     
   5.0621937964389518     
   54.349738739806796     
   10.134268358612337     
   79.492975508004989     
   59.637233627515592     
   14.822352374336678     
   4.8702371971453564     
   59.899186252761119     
   15.040843782035292     
   79.519915081403255     
   64.509235175286236     
   10.122837853479028     
   4.8036149262573034     
   64.558771045911826     
   9.7936029933796025     
   79.397707870010521     
   69.636709667166670     
   14.582093266167337     
   5.0072404259028769     
   69.405663909850219     
   14.671388527648613     
   3.8170057373245615E-002
   74.095825696968703     
   9.5936362752021491     
   4.6644486409739176     
   74.569366964489703     
   10.106377176632952     
   10.106377176633005     
   79.247585519662096     
   15.329947472263839     
   15.329947472263495     
  0.35071557322087282     
   15.165295188996458     
   10.523031955600038     
   4.9065538851909789     
   10.523031955599771     
   15.165295188997588     
   4.9065538851903785     
   10.054023593631831     
   10.054023593631939     
   10.054023593631960     
   14.814640602409787     
   14.814640602409780     
   9.5683885152781656     
   14.814640602409680     
   9.5683885152784995     
   14.814640602409646     
   9.5683885152784693     
   14.814640602409911     
   14.814640602410055     
   10.274625227560133     
   10.274625227560135     
   20.066174358361163     
   14.993084809578791     
   14.993084809580202     
   19.661542784559998     
   15.135100631964074     
   10.206914362113494     
   24.616508716521391     
   10.206914362113521     
   15.135100631963839     
   24.616508716522016     
   10.022236180723848     
   10.022236180723933     
   29.106459248889053     
   14.861770935118397     
   14.861770935117853     
   29.976567332414334     
   15.421925246667934     
   9.8618829414022677     
   34.856441057838673     
   9.8618829414019267     
   15.421925246667580     
   34.856441057838488     
   10.154215477528629     
   10.154215477528608     
   39.302677312285240     
   15.143342092151711     
   15.143342092151203     
   39.897391858894601     
   14.789565946704080     
   10.098942688525984     
   44.630885634393444     
   10.098942688525705     
   14.789565946704514     
   44.630885634393373     
   10.066345547373087     
   10.066345547373338     
   49.562060479023650     
   14.468107079104259     
   14.468107079104961     
   50.112143982480092     
   14.903760913228281     
   9.8857463868287905     
   55.121382113213457     
   9.8857463868283499     
   14.903760913228322     
   55.121382113213706     
   9.8925847180193358     
   9.8925847180191990     
   59.781576968598344     
   14.750980673288499     
   14.750980673287794     
   59.977337017093362     
   14.658313226963596     
   10.044219043206173     
   64.625275613431654     
   10.044219043206621     
   14.658313226964216     
   64.625275613431455     
   9.9723548929298875     
   9.9723548929296388     
   69.467858605688519     
   14.718633665679146     
   14.718633665679324     
   69.299319613510818     
   14.570680873984125     
   10.170785069833299     
   74.440760095779240     
   10.170785069832821     
   14.570680873983934     
   74.440760095778501     
   9.6967552241026187     
   19.700765556707211     
   78.941055848651544     
   14.978623821346140     
   25.222521810252765     
   79.476550910273801     
   15.142905285708105     
   20.125459339001548     
   4.8522845451079206     
   9.9394875224955683     
   24.736349525828206     
   4.9971629625949916     
   10.274625227560447     
   20.066174358360769     
   10.274625227560179     
   15.135100631964416     
   24.616508716521416     
   10.206914362113029     
   14.993084809580179     
   19.661542784559977     
   14.993084809578695     
   10.206914362113592     
   24.616508716520951     
   15.135100631964344     
   9.6222033962685760     
   20.149631688768650     
   20.149631688769698     
   15.070726820247250     
   25.225275340092988     
   19.874312799752545     
   15.070726820248021     
   19.874312799752808     
   25.225275340094228     
   10.029133823617341     
   24.738156035173148     
   24.738156035173350     
   9.9763260608906208     
   19.821569945494069     
   29.800517298899631     
   14.589435114689966     
   25.166575264638418     
   29.916657455535937     
   14.984723144564420     
   20.134545997971777     
   34.983479684491918     
   9.7127537549951040     
   25.208834388816758     
   34.834249767880735     
   9.8865437823409703     
   20.476300125714385     
   39.609815181585240     
   14.910997409798096     
   25.013393738619929     
   39.977352774956984     
   14.906346803184512     
   19.865535360910208     
   44.833555694084893     
   10.120599032602060     
   24.956546033385688     
   45.003033424227709     
   10.073432752064653     
   19.821532531428339     
   49.845285312767331     
   15.229509682481998     
   24.796573702217049     
   50.103169121625214     
   14.893609761285509     
   19.656960974131270     
   54.726646727005239     
   9.8424465873946705     
   24.629517814778836     
   55.031307682123526     
   9.6888565356254244     
   19.509439763885783     
   59.793436923846095     
   14.836525070316192     
   24.458550363621811     
   60.087536867828312     
   14.868003222578023     
   19.588459157002557     
   64.477210360536262     
   9.5995425296252499     
   24.757966970141691     
   64.487999833767816     
   9.8332458336917608     
   19.490321300266434     
   69.678183751399629     
   14.290480261517059     
   23.998933237416431     
   69.198594309108628     
   14.380357982464407     
   20.068575952509114     
   74.320147103996078     
   9.9298180257260817     
   24.708803231577164     
   74.330392060521049     
   9.9170689436316959     
   29.757405585940408     
   9.4099014538624980E-003
   14.735468343819397     
   34.848427340047344     
   79.002101034035547     
   14.959078444503891     
   29.849749823231438     
   4.9684689693205302     
   10.624952061666864     
   34.397522931328695     
   5.5167349782692394     
   10.022236180724157     
   29.106459248889514     
   10.022236180723670     
   15.421925246667097     
   34.856441057839000     
   9.8618829414019054     
   14.861770935118017     
   29.976567332414465     
   14.861770935118557     
   9.8618829414017473     
   34.856441057838708     
   15.421925246667330     
   9.9763260608899742     
   29.800517298899244     
   19.821569945493987     
   14.984723144564953     
   34.983479684491996     
   20.134545997971681     
   14.589435114689694     
   29.916657455536015     
   25.166575264636901     
   9.7127537549950684     
   34.834249767880166     
   25.208834388817444     
   10.075112693800870     
   30.003388945677159     
   30.003388945677361     
   14.903797308328343     
   35.048273518658945     
   30.105010182007653     
   14.903797308328546     
   30.105010182007998     
   35.048273518659308     
   10.267674249010472     
   35.097929276190904     
   35.097929276190655     
   9.9581141746704116     
   30.186766604430847     
   39.889207228701430     
   15.046908163417635     
   35.253610977071169     
   40.211024649381550     
   14.930115651876873     
   29.800900512885988     
   44.821161580514037     
   10.105990157138777     
   34.851622769406333     
   44.967378904344770     
   9.9440118112429943     
   29.755172818218167     
   50.003032906871745     
   14.860784461540771     
   34.893644871111626     
   49.877349764925157     
   14.590960289934317     
   29.488919350068791     
   54.708826910836216     
   9.7443934240088801     
   34.747687021077368     
   54.594465999712426     
   9.8387553962516048     
   29.265904111123643     
   59.749113649916715     
   14.472819646494248     
   34.330266460043667     
   60.022925511432405     
   14.714097748697613     
   29.629594544235328     
   64.706853336354229     
   9.6269080790766264     
   34.658589391743135     
   64.791711088423682     
   9.7203365576415894     
   29.201655927578496     
   69.421751370916539     
   14.777469102341067     
   34.916775200524825     
   69.568221799398884     
   14.929147310019413     
   29.651916741265023     
   74.019652979817010     
   9.8874480774126230     
   34.715527069166555     
   74.420739865126905     
   9.7894356473235788     
   39.631161431253766     
  0.23383355115931256     
   14.616161177573311     
   44.951916881161758     
  0.17608989317286336     
   14.720750014152898     
   39.761453077665990     
   5.3098210470042257     
   9.7085449908361774     
   44.698807779146158     
   5.1426939847449518     
   10.154215477528711     
   39.302677312285560     
   10.154215477528538     
   14.789565946704311     
   44.630885634393103     
   10.098942688525131     
   15.143342092151673     
   39.897391858894544     
   15.143342092150714     
   10.098942688526186     
   44.630885634393330     
   14.789565946704204     
   9.8865437823413487     
   39.609815181583912     
   20.476300125714999     
   14.906346803184691     
   44.833555694085341     
   19.865535360910588     
   14.910997409798549     
   39.977352774956955     
   25.013393738620262     
   10.120599032602577     
   45.003033424226984     
   24.956546033385518     
   9.9581141746704205     
   39.889207228701977     
   30.186766604430915     
   14.930115651877031     
   44.821161580513760     
   29.800900512885601     
   15.046908163417728     
   40.211024649381805     
   35.253610977071574     
   10.105990157138571     
   44.967378904345580     
   34.851622769406575     
   9.9851690294824689     
   39.869058389528284     
   39.869058389528348     
   15.001899986378838     
   45.092184018522588     
   39.952097161391137     
   15.001899986378955     
   39.952097161391443     
   45.092184018521834     
   10.131670388284478     
   44.902463054316236     
   44.902463054315746     
   10.016926183414842     
   40.092319196168347     
   49.794815841741531     
   14.871485770644229     
   44.833469844901707     
   49.891793601461210     
   14.577212799689262     
   39.675012008584453     
   54.993285689930232     
   9.2301945455674517     
   45.029005568119175     
   54.884539598564743     
   9.7560495638165214     
   39.697453692692370     
   59.997206203324325     
   14.206734748841779     
   44.782625667836172     
   59.557250245416718     
   14.852030875533474     
   39.540750303307100     
   64.703553530022774     
   9.7197373506466267     
   44.800942608687556     
   64.953294875134603     
   10.053423548213257     
   39.738480490962878     
   69.694870612330021     
   14.542262008748962     
   44.929330157799832     
   69.784706680635608     
   15.084681590962560     
   39.987213437568649     
   74.516937130671266     
   9.7704597868416663     
   44.874499027031213     
   74.762750546971120     
   10.176341523048324     
   49.620528440228867     
  0.24509532498307976     
   14.786838868077837     
   54.558858731733778     
   79.483913768261630     
   15.064308464685404     
   49.726399070704161     
   5.5048408017730086     
   9.7969006277121817     
   54.349738739807229     
   5.0621937964392218     
   10.066345547372737     
   49.562060479023629     
   10.066345547373254     
   14.903760913228915     
   55.121382113214004     
   9.8857463868286821     
   14.468107079104943     
   50.112143982480070     
   14.468107079104165     
   9.8857463868286555     
   55.121382113213649     
   14.903760913228453     
   10.073432752064845     
   49.845285312767253     
   19.821532531428208     
   14.893609761286134     
   54.726646727004812     
   19.656960974130850     
   15.229509682482369     
   50.103169121625193     
   24.796573702217188     
   9.8424465873946190     
   55.031307682124101     
   24.629517814778755     
   9.9440118112429410     
   50.003032906871660     
   29.755172818217574     
   14.590960289933626     
   54.708826910836088     
   29.488919350068908     
   14.860784461540666     
   49.877349764925853     
   34.893644871111015     
   9.7443934240088179     
   54.594465999712831     
   34.747687021077375     
   10.016926183414256     
   49.794815841742185     
   40.092319196168354     
   14.577212799689532     
   54.993285689930296     
   39.675012008584517     
   14.871485770644822     
   49.891793601461281     
   44.833469844901643     
   9.2301945455674268     
   54.884539598564771     
   45.029005568118080     
   10.028512553067056     
   49.786032524358205     
   49.786032524357999     
   14.485947657413510     
   55.167789045664207     
   50.042200154266084     
   14.485947657413339     
   50.042200154265714     
   55.167789045663774     
   9.6808652449139991     
   54.639525793590032     
   54.639525793589570     
   10.043793273161548     
   49.925225465810627     
   59.843445953841240     
   14.721479067250462     
   54.827680321961800     
   59.708229675186118     
   14.820130047025078     
   49.628270563575498     
   64.414735350007618     
   9.6822980171537409     
   54.774367741612210     
   64.865729583369188     
   9.9471530555772265     
   49.811056866168428     
   69.596036263179329     
   14.881723262530031     
   54.555487714925185     
   69.381841261602688     
   14.985992710604590     
   49.712318710068793     
   74.634541365194892     
   9.8032088632125269     
   54.435995641532912     
   74.670994454071490     
   10.134268358611710     
   59.637233627515535     
   79.492975508005046     
   15.040843782035209     
   64.509235175286562     
   79.519915081403809     
   14.822352374336406     
   59.899186252761183     
   4.8702371971457152     
   10.122837853478718     
   64.558771045912692     
   4.8036149262572385     
   9.8925847180195774     
   59.781576968598422     
   9.8925847180193802     
   14.658313226963932     
   64.625275613431441     
   10.044219043206141     
   14.750980673288435     
   59.977337017094165     
   14.750980673287522     
   10.044219043206104     
   64.625275613431441     
   14.658313226963335     
   9.6888565356259306     
   59.793436923846663     
   19.509439763885588     
   14.868003222578594     
   64.477210360536233     
   19.588459157002141     
   14.836525070316226     
   60.087536867828767     
   24.458550363621796     
   9.5995425296256958     
   64.487999833767802     
   24.757966970141776     
   9.8387553962511340     
   59.749113649916886     
   29.265904111124204     
   14.714097748697547     
   64.706853336354328     
   29.629594544234198     
   14.472819646494850     
   60.022925511432533     
   34.330266460043894     
   9.6269080790767614     
   64.791711088423710     
   34.658589391743142     
   9.7560495638164202     
   59.997206203324524     
   39.697453692692470     
   14.852030875533455     
   64.703553530021750     
   39.540750303307263     
   14.206734748841860     
   59.557250245415936     
   44.782625667836513     
   9.7197373506469873     
   64.953294875135072     
   44.800942608686931     
   10.043793273161166     
   59.843445953841595     
   49.925225465810257     
   14.820130047025424     
   64.414735350007319     
   49.628270563575171     
   14.721479067250176     
   59.708229675187042     
   54.827680321961182     
   9.6822980171544213     
   64.865729583369287     
   54.774367741611691     
   9.5438069023452616     
   59.416745773364660     
   59.416745773365491     
   15.101607474272116     
   64.682820352606100     
   59.941283396590443     
   15.101607474271740     
   59.941283396589881     
   64.682820352606399     
   9.9725357373587915     
   64.803098898727413     
   64.803098898727143     
   10.158625712465993     
   59.713606692196052     
   69.365106297737896     
   14.693621507189690     
   64.615085025844692     
   69.864317405420152     
   14.783193183916779     
   59.118765299714866     
   74.482333592707207     
   10.184366766469900     
   64.229663399880593     
   74.690079070866787     
   9.7936029933797428     
   69.636709667166002     
   79.397707870011459     
   14.671388527647878     
   74.095825696968433     
   3.8170057372854754E-002
   14.582093266167067     
   69.405663909850134     
   5.0072404259030314     
   9.5936362752016304     
   74.569366964489575     
   4.6644486409736903     
   9.9723548929296548     
   69.467858605688320     
   9.9723548929292800     
   14.570680873983569     
   74.440760095778984     
   10.170785069832894     
   14.718633665679084     
   69.299319613511045     
   14.718633665679262     
   10.170785069832229     
   74.440760095778799     
   14.570680873983965     
   9.8332458336919473     
   69.678183751400368     
   19.490321300266739     
   14.380357982464453     
   74.320147103995964     
   20.068575952508734     
   14.290480261517999     
   69.198594309108927     
   23.998933237416630     
   9.9298180257262025     
   74.330392060521461     
   24.708803231576926     
   9.7203365576420531     
   69.421751370916468     
   29.201655927578084     
   14.929147310019227     
   74.019652979817167     
   29.651916741264696     
   14.777469102340964     
   69.568221799398430     
   34.916775200524114     
   9.8874480774125093     
   74.420739865126464     
   34.715527069166576     
   10.053423548213260     
   69.694870612330050     
   39.738480490962580     
   15.084681590962697     
   74.516937130670840     
   39.987213437568627     
   14.542262008749121     
   69.784706680635310     
   44.929330157800059     
   9.7704597868408296     
   74.762750546970921     
   44.874499027030332     
   9.9471530555765550     
   69.596036263179130     
   49.811056866167661     
   14.985992710604553     
   74.634541365195048     
   49.712318710068772     
   14.881723262529729     
   69.381841261602872     
   54.555487714925597     
   9.8032088632127863     
   74.670994454071007     
   54.435995641532486     
   10.158625712466158     
   69.365106297737697     
   59.713606692195704     
   14.783193183916927     
   74.482333592706652     
   59.118765299715207     
   14.693621507189825     
   69.864317405419285     
   64.615085025844820     
   10.184366766469504     
   74.690079070866119     
   64.229663399881275     
   10.242853002006276     
   69.484357071049729     
   69.484357071049786     
   14.896673134867708     
   74.514011633906904     
   69.289156654362813     
   14.896673134867891     
   69.289156654362998     
   74.514011633907131     
   10.324031395273924     
   74.357250479041198     
   74.357250479042293     
   19.282879584204665     
   79.494663619654261     
   79.494663619654062     
   24.897361119534420     
   5.0508354285342030     
   79.365358019545482     
   24.897361119535070     
   79.365358019545397     
   5.0508354285340662     
   20.026295869284880     
   4.8807848193308772     
   4.8807848193314509     
   19.700765556706930     
   78.941055848651331     
   9.6967552241026951     
   24.736349525828466     
   4.9971629625949570     
   9.9394875224955097     
   25.222521810252243     
   79.476550910274923     
   14.978623821345817     
   20.125459339001338     
   4.8522845451086516     
   15.142905285708899     
   19.913542436728971     
   78.986591633222531     
   19.913542436729241     
   25.199081429886956     
   4.8478598231193173     
   20.003545532825143     
   25.009048735523827     
   6.3647488712228237E-002
   25.009048735524605     
   20.003545532825200     
   4.8478598231196717     
   25.199081429886576     
   19.873182980624826     
   79.065374540285404     
   30.114868639938120     
   24.657461264661890     
   5.1954027119246069     
   30.172797735732022     
   24.596307255665828     
  0.13523226945021108     
   35.307366857576838     
   19.805001530184018     
   4.8651779085548359     
   34.906775609775025     
   19.446011743691507     
   5.5185333574177764E-002
   40.002597604413872     
   25.170635049030739     
   4.9397297349498652     
   39.977312725789638     
   24.811622085101103     
   79.457981472431229     
   45.014733251459340     
   20.128868127959493     
   5.0974060658336917     
   45.067124267123496     
   19.941232302214775     
  0.22547741348341946     
   49.852077706156699     
   24.856298868108968     
   5.0046760999211237     
   49.908851167485466     
   24.945355160806187     
   79.415451495994915     
   54.743466133504363     
   19.888540459609377     
   4.7863856803609588     
   54.769480473486773     
   19.622093270926523     
   79.491849635967327     
   59.367692218644564     
   24.738170628475210     
   4.4764928043662131     
   59.724213789138027     
   24.789723702784695     
   79.228909590478196     
   64.530672909134566     
   19.874647022160975     
   4.7531620092082543     
   65.028538400191167     
   19.900211109567827     
   79.144565758095951     
   69.573908488431840     
   24.606531686585317     
   4.8960169054865945     
   69.589176274361421     
   25.240708046505056     
   3.1381353058802283E-002
   74.476378893413326     
   19.735173896392617     
   4.6353540691220561     
   74.547569054217519     
   19.700765556707317     
   9.6967552241026720     
   78.941055848651729     
   25.222521810252520     
   14.978623821345634     
   79.476550910274952     
   24.736349525828420     
   9.9394875224954315     
   4.9971629625953229     
   20.125459339001996     
   15.142905285708670     
   4.8522845451077883     
   20.066174358360627     
   10.274625227560044     
   10.274625227559945     
   24.616508716521032     
   15.135100631964040     
   10.206914362113391     
   24.616508716521597     
   10.206914362113768     
   15.135100631963910     
   19.661542784559877     
   14.993084809579488     
   14.993084809579386     
   20.149631688769819     
   9.6222033962689419     
   20.149631688769325     
   25.225275340093656     
   15.070726820247428     
   19.874312799752971     
   24.738156035174594     
   10.029133823616199     
   24.738156035173557     
   19.874312799753231     
   15.070726820247703     
   25.225275340093933     
   19.821569945494556     
   9.9763260608897735     
   29.800517298898935     
   25.166575264637672     
   14.589435114690154     
   29.916657455535336     
   25.208834388817106     
   9.7127537549954273     
   34.834249767880131     
   20.134545997971600     
   14.984723144565045     
   34.983479684492359     
   20.476300125714161     
   9.8865437823417626     
   39.609815181584509     
   25.013393738620117     
   14.910997409798455     
   39.977352774956771     
   24.956546033385404     
   10.120599032602605     
   45.003033424227276     
   19.865535360910414     
   14.906346803184698     
   44.833555694085192     
   19.821532531428371     
   10.073432752064416     
   49.845285312767004     
   24.796573702217138     
   15.229509682483116     
   50.103169121625243     
   24.629517814779021     
   9.8424465873941482     
   55.031307682123355     
   19.656960974130801     
   14.893609761285417     
   54.726646727004344     
   19.509439763885815     
   9.6888565356250798     
   59.793436923846535     
   24.458550363622255     
   14.836525070315581     
   60.087536867828284     
   24.757966970141993     
   9.5995425296252872     
   64.487999833768185     
   19.588459157002394     
   14.868003222578428     
   64.477210360536048     
   19.490321300267055     
   9.8332458336918744     
   69.678183751399359     
   23.998933237416672     
   14.290480261517223     
   69.198594309108657     
   24.708803231576791     
   9.9298180257262931     
   74.330392060520964     
   20.068575952509050     
   14.380357982465151     
   74.320147103996476     
   19.913542436729681     
   19.913542436729681     
   78.986591633222531     
   25.009048735523642     
   25.009048735524082     
   6.3647488711593925E-002
   25.199081429886977     
   20.003545532825374     
   4.8478598231202197     
   20.003545532825022     
   25.199081429887212     
   4.8478598231198369     
   20.149631688768984     
   20.149631688768995     
   9.6222033962675049     
   24.738156035172985     
   24.738156035172857     
   10.029133823617535     
   25.225275340094427     
   19.874312799752538     
   15.070726820247932     
   19.874312799752243     
   25.225275340093873     
   15.070726820247240     
   20.139792332221635     
   20.139792332222157     
   20.139792332221781     
   24.806952116146217     
   24.806952116146832     
   19.127357715188271     
   24.806952116146594     
   19.127357715188925     
   24.806952116146807     
   19.127357715188278     
   24.806952116146942     
   24.806952116146146     
   19.772300528035522     
   19.772300528035821     
   30.492194003431027     
   24.902831486195890     
   24.902831486195574     
   30.569425047487719     
   24.918914117277005     
   19.892259149020401     
   35.227509820995913     
   19.892259149019900     
   24.918914117277321     
   35.227509820996403     
   19.652333434313686     
   19.652333434314070     
   40.142871548350747     
   24.487808571984946     
   24.487808571985060     
   40.294184045583492     
   24.768056230794777     
   19.849020998960761     
   45.145226360725317     
   19.849020998960526     
   24.768056230794208     
   45.145226360725673     
   19.587443727383526     
   19.587443727383643     
   49.825786194998493     
   24.923700103410170     
   24.923700103410763     
   49.853229409734240     
   24.485348508943993     
   19.585617671729889     
   54.994949867924397     
   19.585617671729430     
   24.485348508944885     
   54.994949867924056     
   19.578300384162251     
   19.578300384162308     
   59.781402675892025     
   24.554516542129043     
   24.554516542129122     
   59.463263532106431     
   24.582434530696922     
   19.676565381624233     
   65.020306624998724     
   19.676565381624172     
   24.582434530697221     
   65.020306624999364     
   19.497351843238611     
   19.497351843238210     
   69.702861802721316     
   24.547222559429052     
   24.547222559427997     
   69.840819692148770     
   24.786369408252831     
   19.423784958634872     
   74.339861183607752     
   19.423784958634418     
   24.786369408252412     
   74.339861183606928     
   19.873182980625380     
   30.114868639937807     
   79.065374540285845     
   24.596307255666268     
   35.307366857576518     
  0.13523226945082548     
   24.657461264663151     
   30.172797735732114     
   5.1954027119255288     
   19.805001530183244     
   34.906775609774712     
   4.8651779085547888     
   19.821569945494343     
   29.800517298899319     
   9.9763260608902922     
   25.208834388817511     
   34.834249767880884     
   9.7127537549949370     
   25.166575264637359     
   29.916657455535507     
   14.589435114689833     
   20.134545997970953     
   34.983479684492217     
   14.984723144565152     
   19.772300528035579     
   30.492194003430914     
   19.772300528035750     
   24.918914117276938     
   35.227509820996097     
   19.892259149019345     
   24.902831486195030     
   30.569425047487801     
   24.902831486196085     
   19.892259149019726     
   35.227509820996438     
   24.918914117277353     
   19.409553809943276     
   29.939738397590904     
   29.939738397590624     
   24.870510596488067     
   35.281087096338993     
   30.084074772854663     
   24.870510596488600     
   30.084074772853992     
   35.281087096339647     
   20.226500971617781     
   35.154222588829221     
   35.154222588829569     
   19.791143512000399     
   30.079010570769260     
   39.910937415054669     
   24.731680782139954     
   34.945795481074200     
   40.190958617137113     
   24.626209702209518     
   29.957012273650257     
   45.005570056664013     
   19.900945677742413     
   35.012946459607804     
   44.836788214300711     
   19.460734253229603     
   30.018152293936193     
   49.885015629805700     
   24.796202659208262     
   34.233702636781146     
   50.480261737818950     
   24.466780530355564     
   29.458974348027265     
   55.161855694535753     
   19.492476344237684     
   34.284437204422389     
   55.165759637625740     
   19.279337660261803     
   29.315056080285451     
   59.971568780497265     
   24.616283423143436     
   34.659399037556994     
   60.150298646841328     
   24.385376985674018     
   29.256759411975224     
   64.974334033568226     
   19.664160165499201     
   34.391293861428856     
   64.422169606128705     
   19.445901514587661     
   30.084898648023120     
   69.483498016449474     
   24.502396100846447     
   34.845614082337796     
   69.725410450109223     
   25.087341374938692     
   29.698452647913310     
   74.484909773749450     
   19.481806603329893     
   34.989655953778936     
   74.547541805755557     
   19.446011743691415     
   40.002597604413666     
   5.5185333574588102E-002
   24.811622085101046     
   45.014733251458779     
   79.457981472431399     
   25.170635049031194     
   39.977312725790036     
   4.9397297349501832     
   20.128868127959620     
   45.067124267124790     
   5.0974060658335860     
   20.476300125714108     
   39.609815181584175     
   9.8865437823408264     
   24.956546033385703     
   45.003033424227979     
   10.120599032602197     
   25.013393738619630     
   39.977352774957538     
   14.910997409797812     
   19.865535360910169     
   44.833555694085909     
   14.906346803184805     
   19.652333434313718     
   40.142871548351529     
   19.652333434313814     
   24.768056230794425     
   45.145226360725339     
   19.849020998960473     
   24.487808571985095     
   40.294184045583300     
   24.487808571984278     
   19.849020998961212     
   45.145226360725488     
   24.768056230794688     
   19.791143512000730     
   39.910937415053873     
   30.079010570769483     
   24.626209702209191     
   45.005570056664389     
   29.957012273650143     
   24.731680782139833     
   40.190958617137341     
   34.945795481074150     
   19.900945677742115     
   44.836788214301194     
   35.012946459607591     
   19.686943289994225     
   40.227461186126732     
   40.227461186125907     
   24.554071191506882     
   45.304961124359153     
   39.748080545449461     
   24.554071191507070     
   39.748080545449668     
   45.304961124358769     
   19.789427816529201     
   45.013054408730667     
   45.013054408730440     
   19.178244859826570     
   39.961549400737653     
   50.221740194533034     
   24.406943672549072     
   44.438193536869541     
   50.398845036464877     
   24.102555153830711     
   39.158603779108454     
   55.084024398610907     
   19.399298899319341     
   44.831404600709412     
   55.029746226952881     
   19.306355742026625     
   39.702381228860233     
   59.963093818642001     
   24.458689128052814     
   44.654746826569564     
   59.827072361140729     
   24.263525430444606     
   39.738986321903958     
   64.521028390296095     
   19.507475947923268     
   44.533352343310604     
   64.663687570762505     
   19.511145747408190     
   39.897342219709444     
   69.528302059159557     
   24.501444153760399     
   45.068024542172942     
   69.560840622475880     
   24.674070531299847     
   40.338450844686150     
   74.217108859730232     
   19.920443100268766     
   44.962761159285243     
   74.713176195584921     
   19.941232302214534     
   49.852077706156734     
  0.22547741348382760     
   24.945355160806667     
   54.743466133504690     
   79.415451495995015     
   24.856298868109302     
   49.908851167485686     
   5.0046760999217463     
   19.888540459609942     
   54.769480473487278     
   4.7863856803612794     
   19.821532531428193     
   49.845285312767480     
   10.073432752064582     
   24.629517814778641     
   55.031307682123860     
   9.8424465873948979     
   24.796573702217525     
   50.103169121625207     
   15.229509682482520     
   19.656960974131181     
   54.726646727004940     
   14.893609761286369     
   19.587443727383587     
   49.825786194998692     
   19.587443727383970     
   24.485348508944782     
   54.994949867924305     
   19.585617671730006     
   24.923700103410972     
   49.853229409734269     
   24.923700103410642     
   19.585617671729555     
   54.994949867924618     
   24.485348508944501     
   19.460734253229525     
   49.885015629805402     
   30.018152293935220     
   24.466780530355713     
   55.161855694536243     
   29.458974348026810     
   24.796202659208401     
   50.480261737818886     
   34.233702636781288     
   19.492476344237893     
   55.165759637625648     
   34.284437204422488     
   19.178244859826890     
   50.221740194533041     
   39.961549400737589     
   24.102555153831208     
   55.084024398610303     
   39.158603779108745     
   24.406943672548792     
   50.398845036464778     
   44.438193536869051     
   19.399298899319383     
   55.029746226952426     
   44.831404600710094     
   20.371900328816331     
   49.959112565756634     
   49.959112565756485     
   24.522597324810818     
   55.161378055426567     
   49.516282916159334     
   24.522597324810917     
   49.516282916159604     
   55.161378055425928     
   20.299672895816816     
   54.929938050718704     
   54.929938050719208     
   19.620010753236016     
   49.851184600613855     
   59.907754239609687     
   24.624404664091415     
   54.954278472765985     
   60.035613959365513     
   24.443590589695230     
   50.133534213073325     
   64.703937508051737     
   19.649262516279784     
   54.862966493707710     
   65.114574865311269     
   19.490499939859287     
   49.573916343543033     
   69.550801967171864     
   24.873076169588774     
   54.854375001734930     
   69.771060563075082     
   24.905604587545955     
   49.807041452168093     
   74.468926485906209     
   19.888748588976302     
   54.768318552471385     
   74.363504189950419     
   19.622093270926378     
   59.367692218644265     
   79.491849635967782     
   24.789723702785288     
   64.530672909135092     
   79.228909590478239     
   24.738170628475565     
   59.724213789138112     
   4.4764928043664671     
   19.874647022160929     
   65.028538400192147     
   4.7531620092082711     
   19.509439763886000     
   59.793436923846869     
   9.6888565356253054     
   24.757966970141773     
   64.487999833767688     
   9.5995425296252659     
   24.458550363622130     
   60.087536867828511     
   14.836525070316412     
   19.588459157003033     
   64.477210360536205     
   14.868003222577922     
   19.578300384162095     
   59.781402675892039     
   19.578300384161576     
   24.582434530697327     
   65.020306624999122     
   19.676565381624169     
   24.554516542128731     
   59.463263532107064     
   24.554516542129203     
   19.676565381624776     
   65.020306624998966     
   24.582434530696865     
   19.279337660261650     
   59.971568780497584     
   29.315056080285068     
   24.385376985674359     
   64.974334033568297     
   29.256759411975377     
   24.616283423143358     
   60.150298646841591     
   34.659399037557179     
   19.664160165499087     
   64.422169606129032     
   34.391293861429048     
   19.306355742027151     
   59.963093818642228     
   39.702381228860318     
   24.263525430444496     
   64.521028390295797     
   39.738986321903639     
   24.458689128052669     
   59.827072361140615     
   44.654746826569223     
   19.507475947923272     
   64.663687570762519     
   44.533352343310789     
   19.620010753236208     
   59.907754239609424     
   49.851184600613649     
   24.443590589695098     
   64.703937508051297     
   50.133534213072977     
   24.624404664091340     
   60.035613959365286     
   54.954278472766745     
   19.649262516279070     
   65.114574865310558     
   54.862966493707020     
   19.872086611318263     
   59.865812178519526     
   59.865812178520315     
   24.556573198769314     
   64.947164994281380     
   59.855902347784635     
   24.556573198770053     
   59.855902347785197     
   64.947164994281522     
   19.882626812521004     
   64.825648586123847     
   64.825648586124004     
   19.643052332873605     
   59.935912820207847     
   69.567816011291555     
   24.734929622947742     
   64.863121238395024     
   69.733209787766810     
   24.786806284605536     
   59.584912134477136     
   74.766189929258786     
   20.033659079525020     
   64.542207625256779     
   74.673103180361096     
   19.900211109567181     
   69.573908488432835     
   79.144565758095510     
   25.240708046505663     
   74.476378893413383     
   3.1381353058589585E-002
   24.606531686585818     
   69.589176274361549     
   4.8960169054870804     
   19.735173896392759     
   74.547569054217391     
   4.6353540691214326     
   19.490321300266679     
   69.678183751399942     
   9.8332458336917892     
   24.708803231577154     
   74.330392060521049     
   9.9298180257261865     
   23.998933237417031     
   69.198594309109339     
   14.290480261517278     
   20.068575952508901     
   74.320147103996206     
   14.380357982464520     
   19.497351843238761     
   69.702861802721486     
   19.497351843238182     
   24.786369408252646     
   74.339861183607894     
   19.423784958634304     
   24.547222559428612     
   69.840819692148955     
   24.547222559428366     
   19.423784958634823     
   74.339861183607525     
   24.786369408251890     
   19.445901514587572     
   69.483498016449701     
   30.084898648022836     
   25.087341374939072     
   74.484909773749067     
   29.698452647913932     
   24.502396100846230     
   69.725410450110047     
   34.845614082338123     
   19.481806603329733     
   74.547541805755586     
   34.989655953778708     
   19.511145747408396     
   69.528302059159174     
   39.897342219709458     
   24.674070531299872     
   74.217108859730601     
   40.338450844686683     
   24.501444153759827     
   69.560840622476704     
   45.068024542173340     
   19.920443100268258     
   74.713176195584822     
   44.962761159285499     
   19.490499939859287     
   69.550801967171537     
   49.573916343543310     
   24.905604587545596     
   74.468926485906096     
   49.807041452167930     
   24.873076169588415     
   69.771060563074442     
   54.854375001734901     
   19.888748588976316     
   74.363504189950362     
   54.768318552471271     
   19.643052332872525     
   69.567816011291214     
   59.935912820207115     
   24.786806284604779     
   74.766189929258900     
   59.584912134477186     
   24.734929622947114     
   69.733209787766185     
   64.863121238395181     
   20.033659079524554     
   74.673103180360073     
   64.542207625256594     
   19.639618152655256     
   69.479518683064768     
   69.479518683065777     
   24.700961477715879     
   74.363879895153786     
   69.630938410997018     
   24.700961477715936     
   69.630938410996862     
   74.363879895153772     
   19.676326254122024     
   74.552918816200943     
   74.552918816200176     
   29.300971178250517     
   79.544639744902710     
   79.544639744902014     
   34.623454731192865     
   4.8085330582390196     
   79.499557586672424     
   34.623454731192844     
   79.499557586672765     
   4.8085330582381385     
   29.762861550514618     
   5.1802326200747872     
   5.1802326200740927     
   29.757405585940553     
   9.4099014534971288E-003
   9.9170689436314614     
   34.397522931328048     
   5.5167349782689694     
   10.624952061666567     
   34.848427340047309     
   79.002101034035618     
   14.735468343819178     
   29.849749823231100     
   4.9684689693205710     
   14.959078444503799     
   30.114868639937733     
   79.065374540285816     
   19.873182980624623     
   34.906775609774570     
   4.8651779085550384     
   19.805001530183922     
   35.307366857576241     
  0.13523226945082320     
   24.596307255666659     
   30.172797735732154     
   5.1954027119253521     
   24.657461264662871     
   29.862060018892972     
  0.80342319055804834     
   29.862060018893359     
   35.182939888207216     
   4.8291639601036458     
   30.386308856729045     
   34.802995686679736     
   79.097444892018984     
   34.802995686680170     
   30.386308856728824     
   4.8291639601038332     
   35.182939888206946     
   29.827245241223071     
   79.129498257200808     
   40.515388938684211     
   35.198030026216372     
   5.0181275497042872     
   39.728090305521967     
   34.865218297902288     
   79.199421272203935     
   45.053792207080669     
   29.882574503385470     
   4.6760380821218419     
   45.166964342830092     
   30.045519556924862     
   79.489823843648040     
   49.782475840640721     
   34.739158684717950     
   5.0472458607213717     
   49.768315753188332     
   34.326794507250582     
   79.537724377000956     
   54.784977644590313     
   29.962531550249899     
   4.6774937714816884     
   55.010191375573527     
   29.938209376580627     
   79.157129639783733     
   59.727104542039882     
   34.774034545013599     
   4.8193198227358609     
   59.730676572286377     
   34.796508618753563     
  0.15532114378639972     
   64.959311096230650     
   29.616306513043089     
   4.8141872934792307     
   64.901016693153750     
   29.502379102755963     
   79.322249548528717     
   69.478812465198587     
   34.596631965356991     
   5.1228764799171245     
   69.522110861839892     
   34.148989222538134     
   79.481233625790935     
   74.336767964873786     
   29.700277239455659     
   4.8413258126362608     
   74.514582475920349     
   29.757405585940155     
   9.9170689436311985     
   9.4099014540598054E-003
   34.848427340047074     
   14.735468343818788     
   79.002101034035576     
   34.397522931328140     
   10.624952061667219     
   5.5167349782690005     
   29.849749823230809     
   14.959078444504392     
   4.9684689693206137     
   29.106459248889873     
   10.022236180724141     
   10.022236180724114     
   34.856441057838687     
   15.421925246667525     
   9.8618829414021398     
   34.856441057838452     
   9.8618829414018236     
   15.421925246667444     
   29.976567332414657     
   14.861770935117775     
   14.861770935118264     
   29.800517298898761     
   9.9763260608897664     
   19.821569945493906     
   34.983479684491911     
   14.984723144564372     
   20.134545997971856     
   34.834249767880287     
   9.7127537549951306     
   25.208834388816577     
   29.916657455535436     
   14.589435114691170     
   25.166575264637686     
   30.003388945677564     
   10.075112693801451     
   30.003388945676903     
   35.048273518659322     
   14.903797308328503     
   30.105010182007330     
   35.097929276190193     
   10.267674249010600     
   35.097929276190435     
   30.105010182007764     
   14.903797308328588     
   35.048273518659158     
   30.186766604431121     
   9.9581141746702144     
   39.889207228701459     
   35.253610977071112     
   15.046908163418122     
   40.211024649381578     
   34.851622769406063     
   10.105990157139129     
   44.967378904344983     
   29.800900512885256     
   14.930115651877051     
   44.821161580513603     
   29.755172818217410     
   9.9440118112433868     
   50.003032906871503     
   34.893644871111164     
   14.860784461540952     
   49.877349764925356     
   34.747687021076885     
   9.7443934240091963     
   54.594465999712327     
   29.488919350068418     
   14.590960289933875     
   54.708826910836308     
   29.265904111124264     
   9.8387553962511429     
   59.749113649916673     
   34.330266460044037     
   14.472819646494164     
   60.022925511432838     
   34.658589391742694     
   9.6269080790763226     
   64.791711088423625     
   29.629594544235012     
   14.714097748697574     
   64.706853336354399     
   29.201655927578010     
   9.7203365576417600     
   69.421751370916667     
   34.916775200524775     
   14.777469102340827     
   69.568221799398458     
   34.715527069166534     
   9.8874480774121434     
   74.420739865126436     
   29.651916741264674     
   14.929147310019125     
   74.019652979816513     
   30.114868639937669     
   19.873182980624545     
   79.065374540285987     
   35.307366857576461     
   24.596307255665607     
  0.13523226945087913     
   34.906775609774925     
   19.805001530183539     
   4.8651779085551974     
   30.172797735732367     
   24.657461264662473     
   5.1954027119256532     
   29.800517298899454     
   19.821569945494598     
   9.9763260608902762     
   34.834249767880486     
   25.208834388816939     
   9.7127537549954432     
   34.983479684491961     
   20.134545997971877     
   14.984723144565121     
   29.916657455535375     
   25.166575264638109     
   14.589435114690383     
   30.492194003430779     
   19.772300528035707     
   19.772300528035938     
   35.227509820995991     
   24.918914117277801     
   19.892259149021271     
   35.227509820995962     
   19.892259149020688     
   24.918914117277346     
   30.569425047486433     
   24.902831486195414     
   24.902831486195392     
   29.939738397591679     
   19.409553809943187     
   29.939738397591796     
   35.281087096339299     
   24.870510596488057     
   30.084074772854141     
   35.154222588828794     
   20.226500971617455     
   35.154222588829185     
   30.084074772854446     
   24.870510596488426     
   35.281087096339519     
   30.079010570768851     
   19.791143512000872     
   39.910937415053908     
   34.945795481073638     
   24.731680782139222     
   40.190958617137632     
   35.012946459607811     
   19.900945677742111     
   44.836788214301613     
   29.957012273649987     
   24.626209702209486     
   45.005570056664489     
   30.018152293935945     
   19.460734253229546     
   49.885015629805395     
   34.233702636781345     
   24.796202659208404     
   50.480261737819013     
   34.284437204422360     
   19.492476344237907     
   55.165759637625925     
   29.458974348026732     
   24.466780530355994     
   55.161855694536065     
   29.315056080285107     
   19.279337660261746     
   59.971568780497414     
   34.659399037556994     
   24.616283423143507     
   60.150298646841144     
   34.391293861429283     
   19.664160165499379     
   64.422169606128563     
   29.256759411975018     
   24.385376985674611     
   64.974334033567715     
   30.084898648023195     
   19.445901514587746     
   69.483498016449403     
   34.845614082337846     
   24.502396100846369     
   69.725410450109564     
   34.989655953778453     
   19.481806603330007     
   74.547541805755856     
   29.698452647913342     
   25.087341374938347     
   74.484909773749493     
   29.862060018893359     
   29.862060018893441     
  0.80342319055792233     
   34.802995686679687     
   34.802995686679900     
   79.097444892018601     
   35.182939888207294     
   30.386308856728853     
   4.8291639601035961     
   30.386308856729105     
   35.182939888207621     
   4.8291639601037755     
   30.003388945677738     
   30.003388945676985     
   10.075112693801110     
   35.097929276190428     
   35.097929276190385     
   10.267674249010435     
   35.048273518659165     
   30.105010182007344     
   14.903797308328560     
   30.105010182007707     
   35.048273518659137     
   14.903797308328311     
   29.939738397591338     
   29.939738397592311     
   19.409553809943997     
   35.154222588829327     
   35.154222588829015     
   20.226500971617902     
   35.281087096338780     
   30.084074772853700     
   24.870510596488792     
   30.084074772853931     
   35.281087096339334     
   24.870510596488916     
   30.096284567539687     
   30.096284567538540     
   30.096284567539822     
   35.026800246595407     
   35.026800246596295     
   30.111431149442513     
   35.026800246595521     
   30.111431149442225     
   35.026800246595400     
   30.111431149442598     
   35.026800246595784     
   35.026800246595762     
   29.481741844891829     
   29.481741844891985     
   40.226989237828391     
   34.611868193312972     
   34.611868193313718     
   39.816642666727290     
   34.836031890775800     
   29.453294490888197     
   45.373346828308343     
   29.453294490888595     
   34.836031890775573     
   45.373346828307959     
   29.702991568536941     
   29.702991568537051     
   50.258219215460109     
   34.761257980179423     
   34.761257980179366     
   49.728129590735399     
   34.500177275680684     
   29.538634074301218     
   55.222072913954094     
   29.538634074300674     
   34.500177275680365     
   55.222072913954619     
   29.482845161785601     
   29.482845161785857     
   60.003289422592111     
   34.826977187273130     
   34.826977187273101     
   59.832868676938638     
   34.727579222778985     
   29.219409565847990     
   65.085578801263239     
   29.219409565847752     
   34.727579222778530     
   65.085578801263438     
   29.524681202438604     
   29.524681202438074     
   69.726500708624840     
   34.729452379410766     
   34.729452379410120     
   69.855059905862134     
   34.698464995061016     
   29.489611669623816     
   74.648675392606222     
   29.489611669623955     
   34.698464995061038     
   74.648675392605597     
   29.827245241223018     
   40.515388938684488     
   79.129498257200865     
   34.865218297902530     
   45.053792207080711     
   79.199421272204106     
   35.198030026216792     
   39.728090305522208     
   5.0181275497050128     
   29.882574503386586     
   45.166964342829694     
   4.6760380821216607     
   30.186766604431142     
   39.889207228701935     
   9.9581141746709783     
   34.851622769406241     
   44.967378904345154     
   10.105990157139187     
   35.253610977071006     
   40.211024649381315     
   15.046908163417644     
   29.800900512884994     
   44.821161580512957     
   14.930115651876871     
   30.079010570769306     
   39.910937415053851     
   19.791143511999795     
   35.012946459607690     
   44.836788214300675     
   19.900945677742076     
   34.945795481073965     
   40.190958617137213     
   24.731680782139250     
   29.957012273650033     
   45.005570056664240     
   24.626209702209497     
   29.481741844891630     
   40.226989237828278     
   29.481741844892912     
   34.836031890774827     
   45.373346828308279     
   29.453294490888265     
   34.611868193313349     
   39.816642666727823     
   34.611868193314230     
   29.453294490888549     
   45.373346828308456     
   34.836031890775189     
   29.159660402291600     
   40.030864720809767     
   40.030864720809262     
   34.653035869175781     
   45.009013136796874     
   40.009239598540908     
   34.653035869175582     
   40.009239598541683     
   45.009013136796078     
   29.158148991601816     
   45.192574982544571     
   45.192574982542801     
   29.580238099752432     
   39.512630536721225     
   50.501853858842033     
   34.634590793327632     
   44.987178624907429     
   49.924215245939251     
   34.783983511101951     
   39.772052119612113     
   54.991577434681240     
   29.691092547598007     
   44.658641407666238     
   55.190944983368468     
   29.591839587727449     
   39.615402656685191     
   59.922340237236234     
   34.185069959019373     
   44.894366785256132     
   59.967438188355018     
   34.497353742594306     
   39.866423338149147     
   64.981918734158512     
   29.581286861214036     
   45.030412998256828     
   64.714323615478193     
   29.618160745650442     
   39.703245736734424     
   69.678046943978245     
   34.439047789286555     
   45.049336132697569     
   69.310547013867279     
   35.317505919193188     
   39.984456189293752     
   74.389439900429039     
   29.960754612496970     
   45.192365939168738     
   74.602867071243381     
   30.045519556924980     
   49.782475840640700     
   79.489823843648026     
   34.326794507250327     
   54.784977644590185     
   79.537724377000913     
   34.739158684718703     
   49.768315753188539     
   5.0472458607206523     
   29.962531550250198     
   55.010191375574557     
   4.6774937714815605     
   29.755172818217925     
   50.003032906872114     
   9.9440118112427829     
   34.747687021077368     
   54.594465999713073     
   9.7443934240092638     
   34.893644871111015     
   49.877349764924816     
   14.860784461540618     
   29.488919350069175     
   54.708826910836223     
   14.590960289933662     
   30.018152293935657     
   49.885015629805011     
   19.460734253229447     
   34.284437204422183     
   55.165759637626188     
   19.492476344237566     
   34.233702636781352     
   50.480261737819504     
   24.796202659208522     
   29.458974348026434     
   55.161855694536776     
   24.466780530355461     
   29.702991568536312     
   50.258219215460990     
   29.702991568537058     
   34.500177275681054     
   55.222072913954946     
   29.538634074300901     
   34.761257980179444     
   49.728129590735946     
   34.761257980179124     
   29.538634074301125     
   55.222072913954790     
   34.500177275680599     
   29.580238099753473     
   50.501853858842189     
   39.512630536721282     
   34.783983511101567     
   54.991577434681759     
   39.772052119612198     
   34.634590793327867     
   49.924215245938932     
   44.987178624907877     
   29.691092547597918     
   55.190944983368979     
   44.658641407665286     
   29.670120923178537     
   50.061200069592978     
   50.061200069593625     
   34.344445168164128     
   54.665821356792854     
   49.787771631575332     
   34.344445168164079     
   49.787771631575431     
   54.665821356792620     
   29.265111621600564     
   54.858947167496680     
   54.858947167496730     
   29.264660719119416     
   49.986166790552801     
   60.132863868617761     
   34.121409914375441     
   54.957145327080944     
   59.727835766868459     
   34.865972071072356     
   49.919819862252460     
   64.872857165679051     
   29.824987627992996     
   54.906519179948745     
   64.746314355983856     
   29.629841687990556     
   49.894987225384256     
   70.172408154477623     
   34.583005125310507     
   54.963864971060538     
   69.810117682551507     
   34.697189374139121     
   50.048553269446323     
   74.777622359378157     
   29.647428660598351     
   54.601708623038981     
   74.599498768335394     
   29.938209376581188     
   59.727104542039861     
   79.157129639784131     
   34.796508618753791     
   64.959311096230877     
  0.15532114378586642     
   34.774034545014686     
   59.730676572287152     
   4.8193198227351566     
   29.616306513043639     
   64.901016693152727     
   4.8141872934797600     
   29.265904111124467     
   59.749113649916666     
   9.8387553962514041     
   34.658589391743334     
   64.791711088423497     
   9.6269080790766779     
   34.330266460043809     
   60.022925511432788     
   14.472819646494376     
   29.629594544235335     
   64.706853336354413     
   14.714097748697125     
   29.315056080285149     
   59.971568780497421     
   19.279337660261831     
   34.391293861429560     
   64.422169606129358     
   19.664160165499212     
   34.659399037557442     
   60.150298646841769     
   24.616283423142708     
   29.256759411975381     
   64.974334033568098     
   24.385376985674608     
   29.482845161786177     
   60.003289422592111     
   29.482845161785910     
   34.727579222778694     
   65.085578801264518     
   29.219409565846963     
   34.826977187272419     
   59.832868676938787     
   34.826977187272739     
   29.219409565847247     
   65.085578801263622     
   34.727579222778466     
   29.591839587727801     
   59.922340237236497     
   39.615402656684886     
   34.497353742594719     
   64.981918734158739     
   39.866423338149069     
   34.185069959018584     
   59.967438188355352     
   44.894366785256558     
   29.581286861213744     
   64.714323615477909     
   45.030412998257169     
   29.264660719119203     
   60.132863868618166     
   49.986166790552737     
   34.865972071072640     
   64.872857165679207     
   49.919819862252446     
   34.121409914375086     
   59.727835766868594     
   54.957145327081008     
   29.824987627991906     
   64.746314355984424     
   54.906519179949079     
   29.220248699995281     
   59.916548962048786     
   59.916548962049283     
   34.515403688249236     
   64.519142340394339     
   59.849542651996792     
   34.515403688249613     
   59.849542651996821     
   64.519142340394723     
   30.273885765221738     
   64.526392676296851     
   64.526392676296922     
   29.551881405093354     
   59.513166398843865     
   69.587265595855797     
   34.651377179289391     
   64.380108134048996     
   69.604521901693616     
   35.058297036355469     
   59.797658130459276     
   74.739197658011093     
   29.540435399754390     
   64.502939943044481     
   74.606087726099474     
   29.502379102756482     
   69.478812465198970     
   79.322249548528518     
   34.148989222538177     
   74.336767964875051     
   79.481233625790622     
   34.596631965356771     
   69.522110861840602     
   5.1228764799170916     
   29.700277239456149     
   74.514582475921216     
   4.8413258126361693     
   29.201655927578472     
   69.421751370916539     
   9.7203365576417600     
   34.715527069166484     
   74.420739865126919     
   9.8874480774122553     
   34.916775200524505     
   69.568221799398970     
   14.777469102340653     
   29.651916741264728     
   74.019652979817607     
   14.929147310019168     
   30.084898648023159     
   69.483498016449758     
   19.445901514587757     
   34.989655953778730     
   74.547541805755870     
   19.481806603329591     
   34.845614082338393     
   69.725410450110246     
   24.502396100846042     
   29.698452647913356     
   74.484909773749450     
   25.087341374939381     
   29.524681202438533     
   69.726500708624300     
   29.524681202438714     
   34.698464995061542     
   74.648675392606407     
   29.489611669624328     
   34.729452379409885     
   69.855059905861197     
   34.729452379409274     
   29.489611669623919     
   74.648675392606208     
   34.698464995062082     
   29.618160745649263     
   69.678046943977563     
   39.703245736734573     
   35.317505919192335     
   74.389439900429181     
   39.984456189293596     
   34.439047789286121     
   69.310547013867293     
   45.049336132698258     
   29.960754612496178     
   74.602867071243793     
   45.192365939168980     
   29.629841687990364     
   70.172408154477807     
   49.894987225384305     
   34.697189374138965     
   74.777622359377773     
   50.048553269445982     
   34.583005125310301     
   69.810117682551336     
   54.963864971060907     
   29.647428660597900     
   74.599498768335195     
   54.601708623039627     
   29.551881405092679     
   69.587265595855825     
   59.513166398843751     
   35.058297036355178     
   74.739197658010411     
   59.797658130459411     
   34.651377179289256     
   69.604521901693388     
   64.380108134049010     
   29.540435399753896     
   74.606087726098920     
   64.502939943044339     
   29.606720202930944     
   69.399394545916138     
   69.399394545916252     
   34.656835458412317     
   74.839529263268858     
   69.671579186395718     
   34.656835458412786     
   69.671579186396471     
   74.839529263268176     
   29.721432737655483     
   74.620575382207946     
   74.620575382207363     
   39.985045137233804     
   79.270404730871618     
   79.270404730871846     
   44.637287352263421     
   4.7639176189179206     
   5.8102022360599540E-002
   44.637287352263471     
   5.8102022361190456E-002
   4.7639176189176098     
   39.637041475800892     
   5.2288019811662600     
   5.2288019811656890     
   39.631161431253261     
  0.23383355115990725     
   9.7894356473233213     
   44.698807779146385     
   5.1426939847446942     
   9.7085449908362467     
   44.951916881161168     
  0.17608989317235044     
   14.616161177572636     
   39.761453077665237     
   5.3098210470045322     
   14.720750014152918     
   40.002597604413843     
   5.5185333574542951E-002
   19.446011743691393     
   45.067124267123987     
   5.0974060658338871     
   20.128868127959624     
   45.014733251459681     
   79.457981472431555     
   24.811622085101511     
   39.977312725789510     
   4.9397297349502916     
   25.170635049031098     
   40.515388938683849     
   79.129498257200851     
   29.827245241222595     
   45.166964342829544     
   4.6760380821217309     
   29.882574503385914     
   45.053792207080356     
   79.199421272204859     
   34.865218297902260     
   39.728090305522187     
   5.0181275497047881     
   35.198030026216607     
   39.740110818347588     
  0.19540833732721807     
   39.740110818347908     
   44.775954826506464     
   5.2748135706248700     
   39.955404842349346     
   44.829363452886710     
   78.834618247469237     
   44.829363452886611     
   39.955404842349715     
   5.2748135706245662     
   44.775954826506336     
   40.178673902428635     
   78.840930074386705     
   49.684909117947726     
   44.509364394845363     
   4.8309481438648927     
   49.288914874273154     
   44.713064366201102     
   79.475882495383132     
   54.720178837009854     
   39.611682902979666     
   4.8023605357215615     
   54.345368377493031     
   40.156652644363078     
  0.25225493329365650     
   59.883312370880731     
   44.905162728005379     
   5.2083036120103703     
   60.179904610357035     
   45.093439867479809     
   79.061121181999724     
   64.999678706713610     
   39.682162346946633     
   4.9061101842073480     
   64.895063226697204     
   39.676566780883320     
  0.19636729181094820     
   70.031783503153321     
   44.946461722848973     
   4.5615043187142712     
   70.282424595388861     
   45.222190876973357     
   79.462300758721852     
   74.703149113992225     
   39.721569444402483     
   4.7592715993891437     
   74.709038446151609     
   39.631161431253481     
   9.7894356473239466     
  0.23383355115932974     
   44.951916881161480     
   14.616161177573273     
  0.17608989317209381     
   44.698807779146200     
   9.7085449908366392     
   5.1426939847445921     
   39.761453077665387     
   14.720750014153426     
   5.3098210470045668     
   39.302677312285049     
   10.154215477528657     
   10.154215477528210     
   44.630885634393508     
   14.789565946704172     
   10.098942688525554     
   44.630885634393508     
   10.098942688525838     
   14.789565946703904     
   39.897391858894416     
   15.143342092151617     
   15.143342092151679     
   39.609815181585084     
   9.8865437823410751     
   20.476300125714097     
   44.833555694085483     
   14.906346803184556     
   19.865535360910300     
   45.003033424227624     
   10.120599032602524     
   24.956546033386402     
   39.977352774956799     
   14.910997409798570     
   25.013393738620227     
   39.889207228701927     
   9.9581141746709765     
   30.186766604431202     
   44.821161580513618     
   14.930115651877555     
   29.800900512885963     
   44.967378904345345     
   10.105990157139374     
   34.851622769406596     
   40.211024649381613     
   15.046908163417966     
   35.253610977071702     
   39.869058389527922     
   9.9851690294833144     
   39.869058389528803     
   45.092184018522396     
   15.001899986378996     
   39.952097161391045     
   44.902463054315788     
   10.131670388284592     
   44.902463054315604     
   39.952097161390704     
   15.001899986378810     
   45.092184018522602     
   40.092319196168127     
   10.016926183414672     
   49.794815841741723     
   44.833469844901529     
   14.871485770644570     
   49.891793601461195     
   45.029005568118627     
   9.2301945455677199     
   54.884539598564245     
   39.675012008584240     
   14.577212799689200     
   54.993285689930431     
   39.697453692692022     
   9.7560495638162585     
   59.997206203323834     
   44.782625667835916     
   14.206734748841493     
   59.557250245415730     
   44.800942608687620     
   9.7197373506470903     
   64.953294875134588     
   39.540750303307910     
   14.852030875533378     
   64.703553530022347     
   39.738480490962552     
   10.053423548213154     
   69.694870612330291     
   44.929330157799953     
   14.542262008748713     
   69.784706680635935     
   44.874499027031291     
   9.7704597868412257     
   74.762750546970182     
   39.987213437568364     
   15.084681590961923     
   74.516937130670925     
   40.002597604413282     
   19.446011743690605     
   5.5185333574096863E-002
   45.014733251459141     
   24.811622085101003     
   79.457981472431001     
   45.067124267124001     
   20.128868127959453     
   5.0974060658334563     
   39.977312725790135     
   25.170635049031059     
   4.9397297349499150     
   39.609815181584530     
   20.476300125714289     
   9.8865437823412492     
   45.003033424227262     
   24.956546033385219     
   10.120599032602204     
   44.833555694085064     
   19.865535360910364     
   14.906346803185137     
   39.977352774956564     
   25.013393738620284     
   14.910997409798400     
   40.142871548350605     
   19.652333434313871     
   19.652333434314137     
   45.145226360725189     
   24.768056230794798     
   19.849020998961379     
   45.145226360725204     
   19.849020998960366     
   24.768056230795040     
   40.294184045583492     
   24.487808571984782     
   24.487808571985415     
   39.910937415054185     
   19.791143512000112     
   30.079010570769736     
   45.005570056663252     
   24.626209702208943     
   29.957012273649728     
   44.836788214300945     
   19.900945677742854     
   35.012946459608145     
   40.190958617137277     
   24.731680782139069     
   34.945795481074278     
   40.227461186125844     
   19.686943289994538     
   40.227461186126455     
   45.304961124358286     
   24.554071191507212     
   39.748080545450613     
   45.013054408730014     
   19.789427816528558     
   45.013054408730461     
   39.748080545449284     
   24.554071191506203     
   45.304961124359586     
   39.961549400738164     
   19.178244859827029     
   50.221740194533616     
   44.438193536868710     
   24.406943672548763     
   50.398845036464728     
   44.831404600709199     
   19.399298899319014     
   55.029746226952149     
   39.158603779108674     
   24.102555153830906     
   55.084024398610524     
   39.702381228861128     
   19.306355742027183     
   59.963093818642214     
   44.654746826569131     
   24.458689128052818     
   59.827072361140246     
   44.533352343310767     
   19.507475947922774     
   64.663687570762079     
   39.738986321903454     
   24.263525430444641     
   64.521028390295683     
   39.897342219709721     
   19.511145747408495     
   69.528302059159401     
   45.068024542173148     
   24.501444153759611     
   69.560840622476732     
   44.962761159285222     
   19.920443100267381     
   74.713176195584751     
   40.338450844686463     
   24.674070531299730     
   74.217108859730814     
   40.515388938684723     
   29.827245241223274     
   79.129498257200609     
   45.053792207080690     
   34.865218297902132     
   79.199421272203907     
   45.166964342830013     
   29.882574503385129     
   4.6760380821209235     
   39.728090305522329     
   35.198030026215761     
   5.0181275497045332     
   39.889207228701686     
   30.186766604430868     
   9.9581141746707118     
   44.967378904344713     
   34.851622769406092     
   10.105990157138288     
   44.821161580513532     
   29.800900512885455     
   14.930115651876603     
   40.211024649382217     
   35.253610977071006     
   15.046908163417868     
   39.910937415054619     
   30.079010570769160     
   19.791143512000041     
   44.836788214301208     
   35.012946459607520     
   19.900945677742598     
   45.005570056664268     
   29.957012273649873     
   24.626209702209085     
   40.190958617137575     
   34.945795481073837     
   24.731680782139787     
   40.226989237827972     
   29.481741844891808     
   29.481741844892515     
   45.373346828307831     
   34.836031890774976     
   29.453294490889075     
   45.373346828307959     
   29.453294490887700     
   34.836031890775253     
   39.816642666727546     
   34.611868193314280     
   34.611868193313974     
   40.030864720809006     
   29.159660402291472     
   40.030864720809987     
   45.009013136797130     
   34.653035869175028     
   40.009239598541654     
   45.192574982544301     
   29.158148991600843     
   45.192574982545061     
   40.009239598541868     
   34.653035869175859     
   45.009013136796632     
   39.512630536721908     
   29.580238099753046     
   50.501853858842054     
   44.987178624907649     
   34.634590793327554     
   49.924215245939507     
   44.658641407665669     
   29.691092547597705     
   55.190944983368773     
   39.772052119612141     
   34.783983511101532     
   54.991577434680970     
   39.615402656684488     
   29.591839587727534     
   59.922340237236256     
   44.894366785256473     
   34.185069959017696     
   59.967438188355409     
   45.030412998256416     
   29.581286861213975     
   64.714323615478477     
   39.866423338149453     
   34.497353742593781     
   64.981918734158697     
   39.703245736734488     
   29.618160745649714     
   69.678046943978813     
   45.049336132698535     
   34.439047789286555     
   69.310547013867293     
   45.192365939169107     
   29.960754612496522     
   74.602867071244120     
   39.984456189294058     
   35.317505919192435     
   74.389439900429551     
   39.740110818347866     
   39.740110818347169     
  0.19540833732750282     
   44.829363452887108     
   44.829363452886874     
   78.834618247469891     
   44.775954826506570     
   39.955404842349658     
   5.2748135706246986     
   39.955404842349211     
   44.775954826507110     
   5.2748135706244508     
   39.869058389528092     
   39.869058389528419     
   9.9851690294829520     
   44.902463054316151     
   44.902463054316364     
   10.131670388284466     
   45.092184018522431     
   39.952097161391229     
   15.001899986379078     
   39.952097161390697     
   45.092184018521934     
   15.001899986378842     
   40.227461186126014     
   40.227461186125915     
   19.686943289994769     
   45.013054408729900     
   45.013054408730149     
   19.789427816528306     
   45.304961124359203     
   39.748080545448794     
   24.554071191507369     
   39.748080545449831     
   45.304961124359224     
   24.554071191507550     
   40.030864720809390     
   40.030864720809653     
   29.159660402291745     
   45.192574982545096     
   45.192574982543789     
   29.158148991600406     
   45.009013136796412     
   40.009239598541676     
   34.653035869175888     
   40.009239598541612     
   45.009013136797009     
   34.653035869175127     
   40.181139992314215     
   40.181139992314471     
   40.181139992313589     
   44.838065530093701     
   44.838065530093552     
   39.947033368816562     
   44.838065530093779     
   39.947033368816378     
   44.838065530094404     
   39.947033368816832     
   44.838065530093729     
   44.838065530093587     
   39.883688234557646     
   39.883688234557006     
   50.303193627403765     
   44.886966219036118     
   44.886966219037312     
   49.822922534483553     
   45.011454666895503     
   39.501809245974748     
   55.243833685764059     
   39.501809245975537     
   45.011454666895773     
   55.243833685763832     
   39.970025125567048     
   39.970025125566657     
   59.895683186329450     
   44.762442375866890     
   44.762442375867465     
   59.797022529216250     
   45.233062342162725     
   39.734604113324963     
   64.640120593831483     
   39.734604113324671     
   45.233062342162860     
   64.640120593831540     
   40.472492712955912     
   40.472492712956409     
   68.994103316813380     
   45.134640804512031     
   45.134640804512486     
   69.214522872027501     
   45.235914707880873     
   39.679882351394475     
   74.072887825717046     
   39.679882351394184     
   45.235914707881051     
   74.072887825716890     
   40.178673902429033     
   49.684909117947051     
   78.840930074386392     
   44.713064366201195     
   54.720178837009321     
   79.475882495382663     
   44.509364394845583     
   49.288914874273303     
   4.8309481438650579     
   39.611682902980135     
   54.345368377493195     
   4.8023605357206662     
   40.092319196168560     
   49.794815841742214     
   10.016926183414997     
   45.029005568118244     
   54.884539598564416     
   9.2301945455679473     
   44.833469844901714     
   49.891793601461373     
   14.871485770644437     
   39.675012008584112     
   54.993285689930573     
   14.577212799689562     
   39.961549400737546     
   50.221740194532828     
   19.178244859826538     
   44.831404600709455     
   55.029746226951858     
   19.399298899318694     
   44.438193536869058     
   50.398845036464834     
   24.406943672548199     
   39.158603779108510     
   55.084024398610708     
   24.102555153830245     
   39.512630536721588     
   50.501853858842438     
   29.580238099752648     
   44.658641407665407     
   55.190944983369938     
   29.691092547597201     
   44.987178624908033     
   49.924215245939415     
   34.634590793327000     
   39.772052119612184     
   54.991577434681780     
   34.783983511101582     
   39.883688234557951     
   50.303193627403729     
   39.883688234557106     
   45.011454666895141     
   55.243833685764265     
   39.501809245974307     
   44.886966219036957     
   49.822922534483347     
   44.886966219036886     
   39.501809245974179     
   55.243833685764052     
   45.011454666895681     
   39.566879468159328     
   49.595338410464819     
   49.595338410466141     
   44.397038631090169     
   54.932916590793717     
   49.582703301009509     
   44.397038631090517     
   49.582703301010810     
   54.932916590794875     
   39.156975489217984     
   54.692422024538679     
   54.692422024538715     
   39.030343618699490     
   49.746096866951092     
   59.637992966340342     
   44.535600543893707     
   54.779406623127393     
   59.589398588393372     
   44.715072169622772     
   49.919847607333509     
   64.026819841884375     
   39.308553633335762     
   54.626707054564726     
   64.414934722008766     
   39.832921140885865     
   50.093502002864604     
   69.632272947766509     
   44.516867588584155     
   54.838300062599195     
   69.005389784451140     
   45.308564163829125     
   50.096533627703458     
   74.450575905102923     
   39.837576453090563     
   54.866600587041781     
   74.464948403106803     
   40.156652644363867     
   59.883312370880368     
  0.25225493329355575     
   45.093439867480313     
   64.999678706713439     
   79.061121181999596     
   44.905162728005592     
   60.179904610356786     
   5.2083036120097308     
   39.682162346946718     
   64.895063226697076     
   4.9061101842073391     
   39.697453692692029     
   59.997206203324588     
   9.7560495638168465     
   44.800942608687016     
   64.953294875134887     
   9.7197373506467333     
   44.782625667836079     
   59.557250245416334     
   14.206734748841356     
   39.540750303307483     
   64.703553530022745     
   14.852030875533703     
   39.702381228860816     
   59.963093818642641     
   19.306355742026927     
   44.533352343310746     
   64.663687570762562     
   19.507475947923798     
   44.654746826569308     
   59.827072361140786     
   24.458689128052363     
   39.738986321903766     
   64.521028390296365     
   24.263525430444229     
   39.615402656684829     
   59.922340237236959     
   29.591839587727623     
   45.030412998256942     
   64.714323615478634     
   29.581286861214164     
   44.894366785255698     
   59.967438188356226     
   34.185069959018264     
   39.866423338149353     
   64.981918734159152     
   34.497353742594633     
   39.970025125567631     
   59.895683186330061     
   39.970025125567325     
   45.233062342163173     
   64.640120593831952     
   39.734604113325268     
   44.762442375866783     
   59.797022529215909     
   44.762442375867600     
   39.734604113325695     
   64.640120593831554     
   45.233062342162967     
   39.030343618700002     
   59.637992966341400     
   49.746096866951000     
   44.715072169623987     
   64.026819841884205     
   49.919847607333715     
   44.535600543892485     
   59.589398588393003     
   54.779406623127564     
   39.308553633335926     
   64.414934722008155     
   54.626707054564690     
   39.502745445290543     
   59.761462331888424     
   59.761462331888580     
   44.454330401609027     
   64.697711018606157     
   59.592319388232305     
   44.454330401608814     
   59.592319388232134     
   64.697711018606284     
   39.600634691607794     
   64.285829231719788     
   64.285829231720214     
   39.666968327721754     
   59.928800731442053     
   69.434404854991101     
   44.725659362785784     
   64.771956745503957     
   69.610671705072647     
   44.593802923412611     
   59.839528907920212     
   73.884115182574618     
   39.566688865098264     
   64.580672895817727     
   74.834450280445125     
   39.676566780883654     
   70.031783503153889     
  0.19636729181022414     
   45.222190876973130     
   74.703149113992353     
   79.462300758721639     
   44.946461722848433     
   70.282424595388790     
   4.5615043187144249     
   39.721569444402121     
   74.709038446151936     
   4.7592715993889962     
   39.738480490962345     
   69.694870612330135     
   10.053423548212811     
   44.874499027030716     
   74.762750546970082     
   9.7704597868412684     
   44.929330157799534     
   69.784706680635821     
   14.542262008748898     
   39.987213437568727     
   74.516937130671295     
   15.084681590962802     
   39.897342219709628     
   69.528302059159699     
   19.511145747408321     
   44.962761159285748     
   74.713176195584779     
   19.920443100268105     
   45.068024542173433     
   69.560840622475808     
   24.501444153760666     
   40.338450844687308     
   74.217108859731141     
   24.674070531299563     
   39.703245736734608     
   69.678046943978956     
   29.618160745649597     
   45.192365939168937     
   74.602867071243622     
   29.960754612496821     
   45.049336132698151     
   69.310547013867350     
   34.439047789286597     
   39.984456189293823     
   74.389439900429338     
   35.317505919192826     
   40.472492712956459     
   68.994103316814076     
   40.472492712956303     
   45.235914707881264     
   74.072887825717274     
   39.679882351393893     
   45.134640804512401     
   69.214522872027828     
   45.134640804512159     
   39.679882351393921     
   74.072887825717274     
   45.235914707880902     
   39.832921140885510     
   69.632272947766651     
   50.093502002864554     
   45.308564163828848     
   74.450575905102923     
   50.096533627703899     
   44.516867588584404     
   69.005389784450472     
   54.838300062599437     
   39.837576453090740     
   74.464948403106249     
   54.866600587042086     
   39.666968327721655     
   69.434404854990845     
   59.928800731442031     
   44.593802923412831     
   73.884115182574135     
   59.839528907920688     
   44.725659362786274     
   69.610671705072193     
   64.771956745503573     
   39.566688865098108     
   74.834450280445111     
   64.580672895818012     
   39.888452982518551     
   69.697318171588577     
   69.697318171588179     
   45.398755777341080     
   74.432650695269359     
   69.917130320655488     
   45.398755777341584     
   69.917130320655346     
   74.432650695269629     
   39.476660523040046     
   74.438496474306490     
   74.438496474306760     
   50.901216825827944     
   78.967412376748271     
   78.967412376747902     
   55.023339591305621     
   5.0475453487671338     
  0.22042260678550182     
   55.023339591304932     
  0.22042260678494061     
   5.0475453487663158     
   49.650029447937861     
   4.5302263325285557     
   4.5302263325282333     
   49.620528440228640     
  0.24509532498233680     
   10.176341523047752     
   54.349738739807087     
   5.0621937964387822     
   9.7969006277125459     
   54.558858731734055     
   79.483913768261772     
   14.786838868077478     
   49.726399070702442     
   5.5048408017730548     
   15.064308464685443     
   49.852077706156507     
  0.22547741348374511     
   19.941232302214260     
   54.769480473486865     
   4.7863856803611968     
   19.888540459609036     
   54.743466133504498     
   79.415451495995086     
   24.945355160806322     
   49.908851167485700     
   5.0046760999217552     
   24.856298868108968     
   49.782475840640920     
   79.489823843648608     
   30.045519556925058     
   55.010191375573783     
   4.6774937714817035     
   29.962531550249988     
   54.784977644590775     
   79.537724377001283     
   34.326794507249978     
   49.768315753188176     
   5.0472458607209241     
   34.739158684718426     
   49.684909117948060     
   78.840930074386478     
   40.178673902428812     
   54.345368377493699     
   4.8023605357209949     
   39.611682902979965     
   54.720178837010124     
   79.475882495383217     
   44.713064366201564     
   49.288914874273125     
   4.8309481438645312     
   44.509364394844631     
   49.851260274735125     
   5.1734829878415184E-002
   49.851260274734976     
   54.767758888059362     
   4.4721870798416443     
   49.655975383808133     
   54.619522316737552     
  0.25206919501729014     
   54.619522316737154     
   49.655975383808112     
   4.4721870798419578     
   54.767758888059269     
   49.408978892892449     
   79.258835904421090     
   59.756126256081117     
   54.115370024026241     
   4.9472906002799402     
   59.734016529282336     
   55.028278513979110     
  0.16023581129679706     
   64.851184298747228     
   49.676962180591630     
   4.6520618384016315     
   65.272207171383030     
   50.383464988234159     
   79.509673333301762     
   69.977648176064321     
   55.081053855046392     
   5.1300127114515774     
   69.734075230814383     
   55.605976438480226     
   9.7299200359888913E-002
   74.202852442342092     
   49.935855119686060     
   4.8261885049806317     
   74.622973562300800     
   49.620528440228362     
   10.176341523048031     
  0.24509532498253170     
   54.558858731733572     
   14.786838868077588     
   79.483913768261203     
   54.349738739807194     
   9.7969006277127253     
   5.0621937964388222     
   49.726399070703124     
   15.064308464685762     
   5.5048408017727306     
   49.562060479023266     
   10.066345547373356     
   10.066345547372652     
   55.121382113213883     
   14.903760913228234     
   9.8857463868287301     
   55.121382113213727     
   9.8857463868282558     
   14.903760913228549     
   50.112143982479871     
   14.468107079104129     
   14.468107079104657     
   49.845285312766933     
   10.073432752065086     
   19.821532531428140     
   54.726646727004571     
   14.893609761286088     
   19.656960974131131     
   55.031307682123845     
   9.8424465873943543     
   24.629517814778584     
   50.103169121624781     
   15.229509682482384     
   24.796573702217557     
   50.003032906871191     
   9.9440118112430831     
   29.755172818217694     
   54.708826910836166     
   14.590960289933234     
   29.488919350068670     
   54.594465999712234     
   9.7443934240089263     
   34.747687021076800     
   49.877349764925356     
   14.860784461541078     
   34.893644871110581     
   49.794815841741766     
   10.016926183414812     
   40.092319196168482     
   54.993285689930524     
   14.577212799689253     
   39.675012008584766     
   54.884539598564636     
   9.2301945455672989     
   45.029005568118542     
   49.891793601461771     
   14.871485770644325     
   44.833469844902311     
   49.786032524357751     
   10.028512553066680     
   49.786032524357871     
   55.167789045663916     
   14.485947657413851     
   50.042200154265842     
   54.639525793589655     
   9.6808652449139014     
   54.639525793589875     
   50.042200154266546     
   14.485947657413645     
   55.167789045664129     
   49.925225465810506     
   10.043793273161402     
   59.843445953840785     
   54.827680321961751     
   14.721479067249742     
   59.708229675186708     
   54.774367741612146     
   9.6822980171535651     
   64.865729583369102     
   49.628270563574944     
   14.820130047024611     
   64.414735350007049     
   49.811056866168144     
   9.9471530555764591     
   69.596036263179229     
   54.555487714925285     
   14.881723262529945     
   69.381841261602304     
   54.435995641533196     
   9.8032088632123529     
   74.670994454070680     
   49.712318710069027     
   14.985992710604503     
   74.634541365194792     
   49.852077706157168     
   19.941232302214885     
  0.22547741348300326     
   54.743466133504583     
   24.945355160806020     
   79.415451495994887     
   54.769480473487143     
   19.888540459609732     
   4.7863856803610236     
   49.908851167485096     
   24.856298868108830     
   5.0046760999208173     
   49.845285312767025     
   19.821532531427987     
   10.073432752064967     
   55.031307682122957     
   24.629517814778680     
   9.8424465873946474     
   54.726646727004827     
   19.656960974130907     
   14.893609761285672     
   50.103169121625285     
   24.796573702216890     
   15.229509682482977     
   49.825786194998521     
   19.587443727383558     
   19.587443727383960     
   54.994949867924603     
   24.485348508944515     
   19.585617671730272     
   54.994949867924134     
   19.585617671730162     
   24.485348508944611     
   49.853229409734453     
   24.923700103410621     
   24.923700103410937     
   49.885015629805096     
   19.460734253229614     
   30.018152293936147     
   55.161855694536030     
   24.466780530355514     
   29.458974348027436     
   55.165759637625605     
   19.492476344237680     
   34.284437204421884     
   50.480261737818587     
   24.796202659208383     
   34.233702636781288     
   50.221740194532828     
   19.178244859826968     
   39.961549400738100     
   55.084024398610211     
   24.102555153830789     
   39.158603779108994     
   55.029746226952533     
   19.399298899319195     
   44.831404600709504     
   50.398845036464785     
   24.406943672548739     
   44.438193536868532     
   49.959112565756591     
   20.371900328817041     
   49.959112565756428     
   55.161378055426731     
   24.522597324811148     
   49.516282916159362     
   54.929938050718320     
   20.299672895816702     
   54.929938050719073     
   49.516282916158850     
   24.522597324811120     
   55.161378055426134     
   49.851184600613216     
   19.620010753236166     
   59.907754239609574     
   54.954278472766724     
   24.624404664091081     
   60.035613959365570     
   54.862966493707688     
   19.649262516279006     
   65.114574865310928     
   50.133534213073375     
   24.443590589694857     
   64.703937508051638     
   49.573916343543011     
   19.490499939859120     
   69.550801967171196     
   54.854375001735050     
   24.873076169588931     
   69.771060563074286     
   54.768318552471030     
   19.888748588976430     
   74.363504189949708     
   49.807041452168363     
   24.905604587545536     
   74.468926485906195     
   49.782475840641631     
   30.045519556924784     
   79.489823843647628     
   54.784977644591017     
   34.326794507250455     
   79.537724377000913     
   55.010191375574180     
   29.962531550249828     
   4.6774937714818305     
   49.768315753188098     
   34.739158684717928     
   5.0472458607208246     
   50.003032906870942     
   29.755172818217900     
   9.9440118112427189     
   54.594465999712440     
   34.747687021077333     
   9.7443934240092265     
   54.708826910835754     
   29.488919350067960     
   14.590960289933056     
   49.877349764925107     
   34.893644871110332     
   14.860784461541027     
   49.885015629805572     
   30.018152293935479     
   19.460734253229180     
   55.165759637625648     
   34.284437204422119     
   19.492476344237421     
   55.161855694535610     
   29.458974348026516     
   24.466780530355233     
   50.480261737818374     
   34.233702636781366     
   24.796202659208166     
   50.258219215459960     
   29.702991568536678     
   29.702991568536397     
   55.222072913953994     
   34.500177275679775     
   29.538634074300955     
   55.222072913953589     
   29.538634074300976     
   34.500177275681011     
   49.728129590735492     
   34.761257980179231     
   34.761257980179465     
   50.501853858841621     
   29.580238099752471     
   39.512630536722284     
   54.991577434681027     
   34.783983511101447     
   39.772052119612468     
   55.190944983368738     
   29.691092547598672     
   44.658641407665655     
   49.924215245938818     
   34.634590793327007     
   44.987178624908573     
   50.061200069593383     
   29.670120923178949     
   50.061200069593234     
   54.665821356793231     
   34.344445168164327     
   49.787771631575950     
   54.858947167497149     
   29.265111621600951     
   54.858947167496744     
   49.787771631575666     
   34.344445168164206     
   54.665821356793423     
   49.986166790552950     
   29.264660719119213     
   60.132863868618436     
   54.957145327081626     
   34.121409914374851     
   59.727835766867884     
   54.906519179949250     
   29.824987627992414     
   64.746314355983998     
   49.919819862253092     
   34.865972071072257     
   64.872857165678951     
   49.894987225383588     
   29.629841687990382     
   70.172408154477964     
   54.963864971060723     
   34.583005125309938     
   69.810117682551237     
   54.601708623039627     
   29.647428660597754     
   74.599498768334897     
   50.048553269446629     
   34.697189374139406     
   74.777622359378043     
   49.684909117948081     
   40.178673902428571     
   78.840930074386023     
   54.720178837010089     
   44.713064366201628     
   79.475882495382663     
   54.345368377492804     
   39.611682902979744     
   4.8023605357208341     
   49.288914874273267     
   44.509364394845178     
   4.8309481438644006     
   49.794815841742007     
   40.092319196168830     
   10.016926183415091     
   54.884539598564793     
   45.029005568118905     
   9.2301945455676435     
   54.993285689930119     
   39.675012008585078     
   14.577212799689088     
   49.891793601461522     
   44.833469844901842     
   14.871485770644918     
   50.221740194533254     
   39.961549400737134     
   19.178244859826528     
   55.029746226952845     
   44.831404600709426     
   19.399298899319831     
   55.084024398610730     
   39.158603779108191     
   24.102555153830988     
   50.398845036464358     
   44.438193536868155     
   24.406943672548351     
   50.501853858841557     
   39.512630536721666     
   29.580238099752627     
   55.190944983369000     
   44.658641407665392     
   29.691092547598380     
   54.991577434681147     
   39.772052119612056     
   34.783983511101411     
   49.924215245939564     
   44.987178624907699     
   34.634590793327277     
   50.303193627404355     
   39.883688234558448     
   39.883688234558612     
   55.243833685763747     
   45.011454666895425     
   39.501809245975579     
   55.243833685762759     
   39.501809245974563     
   45.011454666895737     
   49.822922534484029     
   44.886966219037461     
   44.886966219036800     
   49.595338410465907     
   39.566879468158419     
   49.595338410466063     
   54.932916590794640     
   44.397038631089721     
   49.582703301010284     
   54.692422024540363     
   39.156975489217551     
   54.692422024539916     
   49.582703301010277     
   44.397038631089671     
   54.932916590794186     
   49.746096866951149     
   39.030343618699334     
   59.637992966341336     
   54.779406623128345     
   44.535600543893359     
   59.589398588393934     
   54.626707054565003     
   39.308553633335464     
   64.414934722008212     
   49.919847607333118     
   44.715072169623554     
   64.026819841884347     
   50.093502002864440     
   39.832921140885489     
   69.632272947766680     
   54.838300062599444     
   44.516867588585242     
   69.005389784450287     
   54.866600587042747     
   39.837576453089845     
   74.464948403106519     
   50.096533627704190     
   45.308564163829097     
   74.450575905102696     
   49.851260274735004     
   49.851260274734948     
   5.1734829878675580E-002
   54.619522316737431     
   54.619522316737886     
  0.25206919501790104     
   54.767758888059042     
   49.655975383807771     
   4.4721870798424135     
   49.655975383808119     
   54.767758888059795     
   4.4721870798417180     
   49.786032524357950     
   49.786032524358241     
   10.028512553066758     
   54.639525793590238     
   54.639525793589840     
   9.6808652449146102     
   55.167789045663433     
   50.042200154265537     
   14.485947657413742     
   50.042200154265608     
   55.167789045663923     
   14.485947657413961     
   49.959112565757351     
   49.959112565756335     
   20.371900328816704     
   54.929938050719286     
   54.929938050718626     
   20.299672895816808     
   55.161378055425992     
   49.516282916159092     
   24.522597324811571     
   49.516282916159106     
   55.161378055425715     
   24.522597324811059     
   50.061200069593653     
   50.061200069593390     
   29.670120923178715     
   54.858947167497199     
   54.858947167496964     
   29.265111621601122     
   54.665821356792890     
   49.787771631575239     
   34.344445168164782     
   49.787771631575126     
   54.665821356793622     
   34.344445168164007     
   49.595338410465679     
   49.595338410464386     
   39.566879468159371     
   54.692422024538452     
   54.692422024539262     
   39.156975489217118     
   54.932916590794804     
   49.582703301010838     
   44.397038631090453     
   49.582703301009772     
   54.932916590794008     
   44.397038631090254     
   49.754699019156369     
   49.754699019156710     
   49.754699019156163     
   54.772259135293055     
   54.772259135293346     
   49.999022459353561     
   54.772259135293417     
   49.999022459354052     
   54.772259135294277     
   49.999022459353782     
   54.772259135293709     
   54.772259135293574     
   49.935237231937386     
   49.935237231937855     
   58.959620163035169     
   54.841818638587512     
   54.841818638587853     
   59.526831096726681     
   54.717104673512928     
   49.655465205273941     
   64.391934793305097     
   49.655465205273529     
   54.717104673513326     
   64.391934793305523     
   49.612299791858113     
   49.612299791858483     
   69.360119622061731     
   54.517047294990498     
   54.517047294990846     
   69.917427050272011     
   55.023637251931540     
   49.905039618106471     
   74.680673323305896     
   49.905039618105690     
   55.023637251931731     
   74.680673323306252     
   49.408978892892470     
   59.756126256081309     
   79.258835904421659     
   55.028278513978655     
   64.851184298747199     
  0.16023581129684000     
   54.115370024025957     
   59.734016529283480     
   4.9472906002797847     
   49.676962180591381     
   65.272207171383926     
   4.6520618384015453     
   49.925225465810300     
   59.843445953840970     
   10.043793273161450     
   54.774367741612060     
   64.865729583369117     
   9.6822980171540447     
   54.827680321961303     
   59.708229675186665     
   14.721479067249927     
   49.628270563575150     
   64.414735350007163     
   14.820130047025680     
   49.851184600614197     
   59.907754239609233     
   19.620010753236187     
   54.862966493708299     
   65.114574865310146     
   19.649262516279375     
   54.954278472767200     
   60.035613959364952     
   24.624404664091440     
   50.133534213073808     
   64.703937508050970     
   24.443590589695187     
   49.986166790552446     
   60.132863868617882     
   29.264660719119064     
   54.906519179948944     
   64.746314355984055     
   29.824987627992417     
   54.957145327081207     
   59.727835766868630     
   34.121409914375064     
   49.919819862253362     
   64.872857165679306     
   34.865972071072129     
   49.746096866950978     
   59.637992966342168     
   39.030343618699433     
   54.626707054564939     
   64.414934722008169     
   39.308553633335755     
   54.779406623127713     
   59.589398588392669     
   44.535600543892421     
   49.919847607332933     
   64.026819841883892     
   44.715072169624278     
   49.935237231937805     
   58.959620163034792     
   49.935237231937307     
   54.717104673512928     
   64.391934793304600     
   49.655465205273885     
   54.841818638587362     
   59.526831096726617     
   54.841818638588116     
   49.655465205273423     
   64.391934793305438     
   54.717104673512956     
   49.169748748647997     
   59.836921038801322     
   59.836921038801329     
   54.439542019346788     
   64.625406776460935     
   59.412894107681581     
   54.439542019347058     
   59.412894107682121     
   64.625406776460309     
   49.878500465562446     
   64.568946074314965     
   64.568946074314852     
   49.730756447275525     
   60.258997128263701     
   70.045198783928811     
   54.675122467410304     
   64.338687215041617     
   69.759288449609144     
   54.784833520788219     
   59.770035061929370     
   74.900426145214567     
   49.978879443083549     
   64.883406961860402     
   74.706357758214978     
   50.383464988233655     
   69.977648176064434     
   79.509673333301393     
   55.605976438479708     
   74.202852442342049     
   9.7299200360167037E-002
   55.081053855045766     
   69.734075230814341     
   5.1300127114516432     
   49.935855119685485     
   74.622973562301226     
   4.8261885049802258     
   49.811056866167782     
   69.596036263179542     
   9.9471530555770613     
   54.435995641532720     
   74.670994454070822     
   9.8032088632124896     
   54.555487714924986     
   69.381841261602574     
   14.881723262530130     
   49.712318710068992     
   74.634541365195176     
   14.985992710604920     
   49.573916343543807     
   69.550801967171310     
   19.490499939859415     
   54.768318552471086     
   74.363504189950376     
   19.888748588976444     
   54.854375001734915     
   69.771060563074428     
   24.873076169588725     
   49.807041452168050     
   74.468926485905968     
   24.905604587545721     
   49.894987225384241     
   70.172408154477381     
   29.629841687989863     
   54.601708623038938     
   74.599498768335721     
   29.647428660598035     
   54.963864971060588     
   69.810117682552104     
   34.583005125310351     
   50.048553269446494     
   74.777622359378313     
   34.697189374138645     
   50.093502002865407     
   69.632272947766523     
   39.832921140885844     
   54.866600587042633     
   74.464948403106774     
   39.837576453090975     
   54.838300062599508     
   69.005389784450031     
   44.516867588585008     
   50.096533627704446     
   74.450575905102781     
   45.308564163828990     
   49.612299791858902     
   69.360119622062868     
   49.612299791858881     
   55.023637251931611     
   74.680673323305783     
   49.905039618105803     
   54.517047294990320     
   69.917427050272124     
   54.517047294989872     
   49.905039618105441     
   74.680673323306067     
   55.023637251931547     
   49.730756447275610     
   70.045198783928925     
   60.258997128263019     
   54.784833520787764     
   74.900426145213572     
   59.770035061928610     
   54.675122467409800     
   69.759288449609684     
   64.338687215041730     
   49.978879443083777     
   74.706357758215404     
   64.883406961860459     
   50.459369032526965     
   69.838941996382601     
   69.838941996382189     
   55.288045945337949     
   74.783784472303978     
   69.518677103576778     
   55.288045945337124     
   69.518677103577446     
   74.783784472304731     
   50.961670566989937     
   74.317696919618029     
   74.317696919616708     
   59.491250581019962     
  0.35627696585361690     
  0.35627696585400087     
   64.321118630795326     
   5.2000333981663420     
   79.483385871999232     
   64.321118630795183     
   79.483385871999317     
   5.2000333981662346     
   59.435623037441161     
   5.0575662990607482     
   5.0575662990609427     
   59.637233627515322     
   79.492975508005173     
   10.134268358611115     
   64.558771045912010     
   4.8036149262579553     
   10.122837853478501     
   64.509235175285340     
   79.519915081403965     
   15.040843782035784     
   59.899186252760586     
   4.8702371971457223     
   14.822352374336473     
   59.367692218644358     
   79.491849635967995     
   19.622093270926577     
   65.028538400191792     
   4.7531620092083315     
   19.874647022161192     
   64.530672909134964     
   79.228909590477954     
   24.789723702785047     
   59.724213789138076     
   4.4764928043662149     
   24.738170628475842     
   59.727104542040159     
   79.157129639783761     
   29.938209376580605     
   64.901016693153451     
   4.8141872934802050     
   29.616306513043973     
   64.959311096230905     
  0.15532114378638084     
   34.796508618754189     
   59.730676572287088     
   4.8193198227362712     
   34.774034545014011     
   59.883312370880937     
  0.25225493329394472     
   40.156652644363149     
   64.895063226697516     
   4.9061101842075479     
   39.682162346947010     
   64.999678706713695     
   79.061121181999638     
   45.093439867480065     
   60.179904610357468     
   5.2083036120098987     
   44.905162728005912     
   59.756126256081231     
   79.258835904421005     
   49.408978892892570     
   65.272207171383783     
   4.6520618384013046     
   49.676962180591154     
   64.851184298747356     
  0.16023581129657466     
   55.028278513979210     
   59.734016529282925     
   4.9472906002803656     
   54.115370024026028     
   59.477289928309560     
  0.96669265518194525     
   59.477289928309297     
   64.607059320140081     
   5.2683738759991865     
   59.826070854977317     
   64.675860120294530     
  0.57794482602031449     
   64.675860120294288     
   59.826070854977289     
   5.2683738759988641     
   64.607059320139840     
   59.944866714393427     
   79.542814481512082     
   69.231477994414703     
   64.883510808897285     
   5.1638992242222619     
   70.103166508885920     
   64.750638837314497     
   9.0289517668237312E-002
   74.426032128702658     
   59.989714071895172     
   5.1896085229587721     
   74.576316796693590     
   59.637233627515485     
   10.134268358612044     
   79.492975508004733     
   64.509235175286435     
   15.040843782035493     
   79.519915081403866     
   64.558771045912408     
   10.122837853479011     
   4.8036149262569205     
   59.899186252760884     
   14.822352374336869     
   4.8702371971452898     
   59.781576968598401     
   9.8925847180192257     
   9.8925847180188065     
   64.625275613431256     
   14.658313226963653     
   10.044219043205398     
   64.625275613430915     
   10.044219043206114     
   14.658313226963148     
   59.977337017094150     
   14.750980673288032     
   14.750980673287994     
   59.793436923847111     
   9.6888565356251206     
   19.509439763886206     
   64.477210360536176     
   14.868003222578702     
   19.588459157002426     
   64.487999833768086     
   9.5995425296253476     
   24.757966970141986     
   60.087536867828533     
   14.836525070315725     
   24.458550363621931     
   59.749113649916708     
   9.8387553962514733     
   29.265904111123984     
   64.706853336354527     
   14.714097748697224     
   29.629594544235047     
   64.791711088423341     
   9.6269080790765038     
   34.658589391743860     
   60.022925511432362     
   14.472819646494607     
   34.330266460043624     
   59.997206203324197     
   9.7560495638161733     
   39.697453692692996     
   64.703553530022148     
   14.852030875533105     
   39.540750303307249     
   64.953294875134887     
   9.7197373506465219     
   44.800942608687620     
   59.557250245416078     
   14.206734748841644     
   44.782625667836342     
   59.843445953841510     
   10.043793273161295     
   49.925225465810648     
   64.414735350007092     
   14.820130047025598     
   49.628270563575512     
   64.865729583369387     
   9.6822980171539594     
   54.774367741612011     
   59.708229675186246     
   14.721479067250183     
   54.827680321961530     
   59.416745773365570     
   9.5438069023449401     
   59.416745773364902     
   64.682820352606981     
   15.101607474271987     
   59.941283396590585     
   64.803098898727171     
   9.9725357373583279     
   64.803098898727910     
   59.941283396590961     
   15.101607474271987     
   64.682820352606456     
   59.713606692195391     
   10.158625712465769     
   69.365106297738478     
   64.615085025844522     
   14.693621507189510     
   69.864317405420252     
   64.229663399880977     
   10.184366766469310     
   74.690079070866418     
   59.118765299715200     
   14.783193183917145     
   74.482333592707036     
   59.367692218644564     
   19.622093270927017     
   79.491849635967242     
   64.530672909135376     
   24.789723702784908     
   79.228909590478366     
   65.028538400191835     
   19.874647022161078     
   4.7531620092082454     
   59.724213789138204     
   24.738170628475462     
   4.4764928043664822     
   59.793436923846834     
   19.509439763885847     
   9.6888565356251437     
   64.487999833767688     
   24.757966970141659     
   9.5995425296253476     
   64.477210360535835     
   19.588459157002777     
   14.868003222578720     
   60.087536867828234     
   24.458550363622052     
   14.836525070315879     
   59.781402675891840     
   19.578300384161679     
   19.578300384161892     
   65.020306624998469     
   24.582434530696684     
   19.676565381624926     
   65.020306624999407     
   19.676565381624410     
   24.582434530697466     
   59.463263532106104     
   24.554516542129132     
   24.554516542129385     
   59.971568780496625     
   19.279337660261238     
   29.315056080285210     
   64.974334033567558     
   24.385376985674366     
   29.256759411975452     
   64.422169606128634     
   19.664160165498963     
   34.391293861428750     
   60.150298646841286     
   24.616283423142992     
   34.659399037557655     
   59.963093818642243     
   19.306355742026852     
   39.702381228859920     
   64.521028390295470     
   24.263525430443888     
   39.738986321903624     
   64.663687570762065     
   19.507475947923062     
   44.533352343310646     
   59.827072361140615     
   24.458689128052676     
   44.654746826569145     
   59.907754239609822     
   19.620010753236645     
   49.851184600614410     
   64.703937508052064     
   24.443590589695049     
   50.133534213073752     
   65.114574865311084     
   19.649262516279435     
   54.862966493708058     
   60.035613959365790     
   24.624404664091134     
   54.954278472766553     
   59.865812178520429     
   19.872086611318242     
   59.865812178519782     
   64.947164994281550     
   24.556573198769943     
   59.855902347785083     
   64.825648586124544     
   19.882626812520972     
   64.825648586124231     
   59.855902347785076     
   24.556573198769488     
   64.947164994280939     
   59.935912820207946     
   19.643052332873463     
   69.567816011291256     
   64.863121238395721     
   24.734929622947295     
   69.733209787766441     
   64.542207625257063     
   20.033659079524359     
   74.673103180360400     
   59.584912134477705     
   24.786806284604676     
   74.766189929258417     
   59.727104542039839     
   29.938209376580346     
   79.157129639783733     
   64.959311096231005     
   34.796508618753592     
  0.15532114378653064     
   64.901016693153878     
   29.616306513043611     
   4.8141872934800833     
   59.730676572286967     
   34.774034545013933     
   4.8193198227353644     
   59.749113649916694     
   29.265904111123785     
   9.8387553962517540     
   64.791711088423739     
   34.658589391743199     
   9.6269080790767383     
   64.706853336354342     
   29.629594544234788     
   14.714097748697412     
   60.022925511431744     
   34.330266460044236     
   14.472819646494417     
   59.971568780496980     
   29.315056080285139     
   19.279337660261337     
   64.422169606128506     
   34.391293861428700     
   19.664160165498721     
   64.974334033567771     
   29.256759411975541     
   24.385376985674583     
   60.150298646842010     
   34.659399037557137     
   24.616283423142928     
   60.003289422591685     
   29.482845161785285     
   29.482845161786010     
   65.085578801263622     
   34.727579222778189     
   29.219409565847311     
   65.085578801263580     
   29.219409565847300     
   34.727579222778282     
   59.832868676938162     
   34.826977187272362     
   34.826977187272917     
   59.922340237237151     
   29.591839587727485     
   39.615402656684807     
   64.981918734158299     
   34.497353742593859     
   39.866423338149637     
   64.714323615478051     
   29.581286861213940     
   45.030412998256011     
   59.967438188355608     
   34.185069959018520     
   44.894366785256459     
   60.132863868618919     
   29.264660719119110     
   49.986166790552751     
   64.872857165678923     
   34.865972071071887     
   49.919819862252965     
   64.746314355984225     
   29.824987627993423     
   54.906519179949107     
   59.727835766868623     
   34.121409914374752     
   54.957145327080909     
   59.916548962048431     
   29.220248699996056     
   59.916548962049141     
   64.519142340393842     
   34.515403688249393     
   59.849542651997290     
   64.526392676296467     
   30.273885765221330     
   64.526392676296823     
   59.849542651996742     
   34.515403688249698     
   64.519142340394623     
   59.513166398844490     
   29.551881405092445     
   69.587265595855769     
   64.380108134049436     
   34.651377179289092     
   69.604521901693587     
   64.502939943044581     
   29.540435399754330     
   74.606087726099261     
   59.797658130460022     
   35.058297036354432     
   74.739197658010411     
   59.883312370880631     
   40.156652644362964     
  0.25225493329382281     
   64.999678706714008     
   45.093439867480022     
   79.061121181999951     
   64.895063226697246     
   39.682162346947052     
   4.9061101842070967     
   60.179904610356843     
   44.905162728006495     
   5.2083036120101784     
   59.997206203324147     
   39.697453692692036     
   9.7560495638162443     
   64.953294875134986     
   44.800942608687244     
   9.7197373506464082     
   64.703553530022333     
   39.540750303307377     
   14.852030875533046     
   59.557250245416533     
   44.782625667836477     
   14.206734748841052     
   59.963093818642434     
   39.702381228860652     
   19.306355742026781     
   64.663687570762292     
   44.533352343310703     
   19.507475947923009     
   64.521028390295498     
   39.738986321903937     
   24.263525430444268     
   59.827072361140246     
   44.654746826569756     
   24.458689128052306     
   59.922340237236455     
   39.615402656684410     
   29.591839587728384     
   64.714323615477952     
   45.030412998256338     
   29.581286861214181     
   64.981918734158612     
   39.866423338148785     
   34.497353742594612     
   59.967438188354997     
   44.894366785255997     
   34.185069959019323     
   59.895683186329478     
   39.970025125566622     
   39.970025125567346     
   64.640120593831298     
   45.233062342162995     
   39.734604113324480     
   64.640120593831412     
   39.734604113325084     
   45.233062342162825     
   59.797022529216605     
   44.762442375867195     
   44.762442375867010     
   59.637992966341955     
   39.030343618699590     
   49.746096866950744     
   64.026819841884162     
   44.715072169623021     
   49.919847607333487     
   64.414934722008155     
   39.308553633335627     
   54.626707054563809     
   59.589398588393223     
   44.535600543892770     
   54.779406623128025     
   59.761462331888438     
   39.502745445291744     
   59.761462331888922     
   64.697711018606213     
   44.454330401608367     
   59.592319388232696     
   64.285829231720157     
   39.600634691607802     
   64.285829231720356     
   59.592319388232738     
   44.454330401608850     
   64.697711018606569     
   59.928800731442102     
   39.666968327721641     
   69.434404854991257     
   64.771956745503573     
   44.725659362785187     
   69.610671705071596     
   64.580672895817642     
   39.566688865097561     
   74.834450280445182     
   59.839528907920482     
   44.593802923412603     
   73.884115182574476     
   59.756126256080847     
   49.408978892892286     
   79.258835904420593     
   64.851184298747526     
   55.028278513978648     
  0.16023581129710054     
   65.272207171383840     
   49.676962180591090     
   4.6520618384019832     
   59.734016529282549     
   54.115370024025772     
   4.9472906002794126     
   59.843445953840877     
   49.925225465810939     
   10.043793273161834     
   64.865729583368960     
   54.774367741612060     
   9.6822980171536059     
   64.414735350007291     
   49.628270563575207     
   14.820130047025646     
   59.708229675186395     
   54.827680321961424     
   14.721479067249954     
   59.907754239609268     
   49.851184600613919     
   19.620010753236407     
   65.114574865311809     
   54.862966493707894     
   19.649262516279546     
   64.703937508051823     
   50.133534213073695     
   24.443590589695102     
   60.035613959366358     
   54.954278472766234     
   24.624404664091355     
   60.132863868617896     
   49.986166790552602     
   29.264660719119693     
   64.746314355983984     
   54.906519179948894     
   29.824987627992982     
   64.872857165679548     
   49.919819862252446     
   34.865972071072939     
   59.727835766868942     
   54.957145327080823     
   34.121409914376009     
   59.637992966341528     
   49.746096866950985     
   39.030343618699575     
   64.414934722008226     
   54.626707054564740     
   39.308553633335919     
   64.026819841884958     
   49.919847607333750     
   44.715072169623674     
   59.589398588392633     
   54.779406623128040     
   44.535600543893160     
   58.959620163035453     
   49.935237231937791     
   49.935237231937755     
   64.391934793304202     
   54.717104673513560     
   49.655465205272975     
   64.391934793304387     
   49.655465205274048     
   54.717104673512715     
   59.526831096726269     
   54.841818638587959     
   54.841818638587654     
   59.836921038801705     
   49.169748748647855     
   59.836921038801556     
   64.625406776461091     
   54.439542019346760     
   59.412894107681488     
   64.568946074315818     
   49.878500465562432     
   64.568946074314994     
   59.412894107681566     
   54.439542019346391     
   64.625406776460892     
   60.258997128263687     
   49.730756447275340     
   70.045198783928740     
   64.338687215041844     
   54.675122467409551     
   69.759288449609699     
   64.883406961860615     
   49.978879443083024     
   74.706357758215432     
   59.770035061929498     
   54.784833520788013     
   74.900426145214183     
   59.477289928309560     
   59.477289928309091     
  0.96669265518167080     
   64.675860120295042     
   64.675860120295098     
  0.57794482602064901     
   64.607059320140124     
   59.826070854977203     
   5.2683738759993233     
   59.826070854977338     
   64.607059320140223     
   5.2683738759987033     
   59.416745773365193     
   59.416745773365548     
   9.5438069023455245     
   64.803098898727342     
   64.803098898727683     
   9.9725357373584842     
   64.682820352606683     
   59.941283396590741     
   15.101607474272223     
   59.941283396590364     
   64.682820352606171     
   15.101607474272212     
   59.865812178520194     
   59.865812178519839     
   19.872086611318920     
   64.825648586123975     
   64.825648586124061     
   19.882626812520783     
   64.947164994281451     
   59.855902347784976     
   24.556573198770305     
   59.855902347785616     
   64.947164994281081     
   24.556573198769964     
   59.916548962048836     
   59.916548962048701     
   29.220248699995707     
   64.526392676296169     
   64.526392676296737     
   30.273885765221493     
   64.519142340394851     
   59.849542651997133     
   34.515403688249883     
   59.849542651996956     
   64.519142340394524     
   34.515403688249997     
   59.761462331888723     
   59.761462331889177     
   39.502745445291758     
   64.285829231720740     
   64.285829231720541     
   39.600634691608306     
   64.697711018606213     
   59.592319388232120     
   44.454330401608495     
   59.592319388232802     
   64.697711018606611     
   44.454330401608900     
   59.836921038801115     
   59.836921038800739     
   49.169748748647621     
   64.568946074314965     
   64.568946074314596     
   49.878500465561963     
   64.625406776460451     
   59.412894107681076     
   54.439542019346739     
   59.412894107681218     
   64.625406776460238     
   54.439542019346888     
   59.429602588507180     
   59.429602588506540     
   59.429602588506910     
   64.519635374919986     
   64.519635374919645     
   59.477855068624990     
   64.519635374920185     
   59.477855068625715     
   64.519635374919147     
   59.477855068625324     
   64.519635374920398     
   64.519635374919289     
   59.633748815862234     
   59.633748815862404     
   69.316262921705501     
   64.461732858168432     
   64.461732858168418     
   69.252929798432035     
   64.460294829087161     
   59.634850697687376     
   74.550530616274429     
   59.634850697687256     
   64.460294829087786     
   74.550530616273960     
   59.944866714393129     
   69.231477994414533     
   79.542814481512096     
   64.750638837314327     
   74.426032128702474     
   9.0289517668736052E-002
   64.883510808896688     
   70.103166508885508     
   5.1638992242226411     
   59.989714071894532     
   74.576316796693888     
   5.1896085229588662     
   59.713606692195860     
   69.365106297737881     
   10.158625712465680     
   64.229663399880650     
   74.690079070866844     
   10.184366766469605     
   64.615085025844422     
   69.864317405420095     
   14.693621507190043     
   59.118765299714696     
   74.482333592707107     
   14.783193183916948     
   59.935912820207626     
   69.567816011291427     
   19.643052332873651     
   64.542207625256793     
   74.673103180360641     
   20.033659079525101     
   64.863121238395749     
   69.733209787766697     
   24.734929622947433     
   59.584912134477200     
   74.766189929258630     
   24.786806284604697     
   59.513166398843524     
   69.587265595856039     
   29.551881405092594     
   64.502939943044495     
   74.606087726099119     
   29.540435399754326     
   64.380108134049152     
   69.604521901693232     
   34.651377179289220     
   59.797658130459418     
   74.739197658010966     
   35.058297036354652     
   59.928800731442131     
   69.434404854990419     
   39.666968327721385     
   64.580672895817429     
   74.834450280444685     
   39.566688865097746     
   64.771956745503488     
   69.610671705071525     
   44.725659362786729     
   59.839528907920368     
   73.884115182574106     
   44.593802923412383     
   60.258997128263722     
   70.045198783928583     
   49.730756447275446     
   64.883406961860359     
   74.706357758215006     
   49.978879443083848     
   64.338687215041872     
   69.759288449609102     
   54.675122467409551     
   59.770035061929391     
   74.900426145214183     
   54.784833520788347     
   59.633748815862276     
   69.316262921705928     
   59.633748815861793     
   64.460294829087275     
   74.550530616274173     
   59.634850697687220     
   64.461732858168531     
   69.252929798431751     
   64.461732858167721     
   59.634850697686666     
   74.550530616274287     
   64.460294829086749     
   59.771672822446995     
   69.421594788727461     
   69.421594788728584     
   64.346243881993871     
   74.212743627369079     
   68.875410301552122     
   64.346243881994567     
   68.875410301552719     
   74.212743627370301     
   60.720462623641154     
   74.559381958320813     
   74.559381958321140     
   69.540468373419898     
   79.390491733177129     
   79.390491733177328     
   74.468645578296517     
   5.0481657233910333     
   79.377702082553995     
   74.468645578296815     
   79.377702082553228     
   5.0481657233911310     
   68.997585509251977     
   5.1694512027310600     
   5.1694512027308104     
   69.636709667165874     
   79.397707870011544     
   9.7936029933803184     
   74.569366964489703     
   4.6644486409740891     
   9.5936362752014315     
   74.095825696969044     
   3.8170057373811475E-002
   14.671388527648732     
   69.405663909850134     
   5.0072404259032011     
   14.582093266166909     
   69.573908488432195     
   79.144565758095865     
   19.900211109567504     
   74.547569054217675     
   4.6353540691224504     
   19.735173896392958     
   74.476378893413766     
   3.1381353058848122E-002
   25.240708046506214     
   69.589176274361776     
   4.8960169054870617     
   24.606531686585456     
   69.478812465198743     
   79.322249548529030     
   29.502379102756429     
   74.514582475921145     
   4.8413258126365610     
   29.700277239456017     
   74.336767964874682     
   79.481233625791120     
   34.148989222538134     
   69.522110861840517     
   5.1228764799175730     
   34.596631965357552     
   70.031783503153605     
  0.19636729181073895     
   39.676566780883356     
   74.709038446151908     
   4.7592715993895078     
   39.721569444402476     
   74.703149113992183     
   79.462300758721497     
   45.222190876972761     
   70.282424595388377     
   4.5615043187142605     
   44.946461722848355     
   69.977648176064719     
   79.509673333302203     
   50.383464988233975     
   74.622973562301141     
   4.8261885049804656     
   49.935855119685030     
   74.202852442342490     
   9.7299200360468061E-002
   55.605976438480248     
   69.734075230814355     
   5.1300127114518279     
   55.081053855046250     
   69.231477994414931     
   79.542814481511300     
   59.944866714393690     
   74.576316796693163     
   5.1896085229591993     
   59.989714071894724     
   74.426032128703440     
   9.0289517668182065E-002
   64.750638837314199     
   70.103166508886474     
   5.1638992242225710     
   64.883510808897896     
   69.672599020083808     
  0.65798085232042547     
   69.672599020083268     
   74.747154712219924     
   5.0168288148784734     
   69.813682546193235     
   74.542763732287582     
   5.2599227137427873E-002
   74.542763732287284     
   69.813682546193860     
   5.0168288148785765     
   74.747154712219000     
   69.636709667166684     
   9.7936029933799702     
   79.397707870010592     
   74.095825696969030     
   14.671388527648752     
   3.8170057373601116E-002
   74.569366964489674     
   9.5936362752017104     
   4.6644486409741441     
   69.405663909850148     
   14.582093266167416     
   5.0072404259030492     
   69.467858605688619     
   9.9723548929295607     
   9.9723548929288341     
   74.440760095778913     
   14.570680873983852     
   10.170785069832604     
   74.440760095778742     
   10.170785069832696     
   14.570680873983592     
   69.299319613510107     
   14.718633665678777     
   14.718633665678677     
   69.678183751399771     
   9.8332458336920574     
   19.490321300266977     
   74.320147103996376     
   14.380357982465034     
   20.068575952509629     
   74.330392060521518     
   9.9298180257264459     
   24.708803231577729     
   69.198594309108799     
   14.290480261517391     
   23.998933237416779     
   69.421751370916624     
   9.7203365576423444     
   29.201655927578802     
   74.019652979817209     
   14.929147310019582     
   29.651916741264408     
   74.420739865127203     
   9.8874480774125466     
   34.715527069166775     
   69.568221799398643     
   14.777469102340662     
   34.916775200524221     
   69.694870612329623     
   10.053423548213447     
   39.738480490962665     
   74.516937130670513     
   15.084681590962603     
   39.987213437568649     
   74.762750546970594     
   9.7704597868411192     
   44.874499027030502     
   69.784706680636319     
   14.542262008749443     
   44.929330157799797     
   69.596036263179499     
   9.9471530555769458     
   49.811056866167490     
   74.634541365194906     
   14.985992710605080     
   49.712318710069027     
   74.670994454070325     
   9.8032088632126655     
   54.435995641533069     
   69.381841261602915     
   14.881723262530029     
   54.555487714925228     
   69.365106297737611     
   10.158625712466199     
   59.713606692195825     
   74.482333592707164     
   14.783193183917287     
   59.118765299715427     
   74.690079070867213     
   10.184366766469283     
   64.229663399880522     
   69.864317405420380     
   14.693621507189443     
   64.615085025845005     
   69.484357071049914     
   10.242853002005903     
   69.484357071050567     
   74.514011633907813     
   14.896673134867992     
   69.289156654362969     
   74.357250479041937     
   10.324031395274446     
   74.357250479041767     
   69.289156654363055     
   14.896673134868326     
   74.514011633907629     
   69.573908488432551     
   19.900211109567273     
   79.144565758095951     
   74.476378893414207     
   25.240708046506288     
   3.1381353059260708E-002
   74.547569054217831     
   19.735173896391995     
   4.6353540691219592     
   69.589176274361378     
   24.606531686585296     
   4.8960169054868707     
   69.678183751399885     
   19.490321300266668     
   9.8332458336915423     
   74.330392060520381     
   24.708803231577015     
   9.9298180257260213     
   74.320147103996348     
   20.068575952509498     
   14.380357982464592     
   69.198594309109041     
   23.998933237416690     
   14.290480261518159     
   69.702861802721912     
   19.497351843237979     
   19.497351843238189     
   74.339861183607368     
   24.786369408252149     
   19.423784958634982     
   74.339861183607681     
   19.423784958635007     
   24.786369408252263     
   69.840819692147903     
   24.547222559428111     
   24.547222559428487     
   69.483498016450014     
   19.445901514588055     
   30.084898648022769     
   74.484909773749393     
   25.087341374939054     
   29.698452647913470     
   74.547541805755614     
   19.481806603330242     
   34.989655953778396     
   69.725410450110047     
   24.502396100845875     
   34.845614082338379     
   69.528302059158790     
   19.511145747408147     
   39.897342219709699     
   74.217108859730430     
   24.674070531299172     
   40.338450844687173     
   74.713176195584680     
   19.920443100268457     
   44.962761159285535     
   69.560840622476476     
   24.501444153760264     
   45.068024542174214     
   69.550801967171367     
   19.490499939859106     
   49.573916343543864     
   74.468926485906266     
   24.905604587546183     
   49.807041452168868     
   74.363504189950334     
   19.888748588976043     
   54.768318552471335     
   69.771060563075139     
   24.873076169588746     
   54.854375001734603     
   69.567816011291711     
   19.643052332873491     
   59.935912820207790     
   74.766189929258488     
   24.786806284605539     
   59.584912134477243     
   74.673103180360584     
   20.033659079524824     
   64.542207625256623     
   69.733209787766867     
   24.734929622947565     
   64.863121238395848     
   69.479518683065834     
   19.639618152655249     
   69.479518683065407     
   74.363879895154113     
   24.700961477716195     
   69.630938410997445     
   74.552918816199906     
   19.676326254122845     
   74.552918816200020     
   69.630938410997103     
   24.700961477716255     
   74.363879895154298     
   69.478812465199169     
   29.502379102756404     
   79.322249548529399     
   74.336767964874767     
   34.148989222538020     
   79.481233625791106     
   74.514582475921031     
   29.700277239456096     
   4.8413258126370300     
   69.522110861840190     
   34.596631965357268     
   5.1228764799180189     
   69.421751370916368     
   29.201655927578120     
   9.7203365576420655     
   74.420739865126791     
   34.715527069166257     
   9.8874480774129250     
   74.019652979817053     
   29.651916741264532     
   14.929147310019502     
   69.568221799398671     
   34.916775200524164     
   14.777469102341120     
   69.483498016449317     
   30.084898648023028     
   19.445901514587707     
   74.547541805755756     
   34.989655953778907     
   19.481806603329922     
   74.484909773748782     
   29.698452647913943     
   25.087341374938305     
   69.725410450109663     
   34.845614082337953     
   24.502396100845242     
   69.726500708624627     
   29.524681202438678     
   29.524681202437957     
   74.648675392605810     
   34.698464995061293     
   29.489611669624530     
   74.648675392606208     
   29.489611669623709     
   34.698464995061798     
   69.855059905862191     
   34.729452379410056     
   34.729452379409977     
   69.678046943978131     
   29.618160745649845     
   39.703245736734367     
   74.389439900429835     
   35.317505919192776     
   39.984456189293709     
   74.602867071243779     
   29.960754612496764     
   45.192365939168887     
   69.310547013867179     
   34.439047789285716     
   45.049336132697803     
   70.172408154478205     
   29.629841687990538     
   49.894987225383893     
   74.777622359378384     
   34.697189374139285     
   50.048553269446252     
   74.599498768335607     
   29.647428660598802     
   54.601708623039301     
   69.810117682551478     
   34.583005125311040     
   54.963864971060289     
   69.587265595855698     
   29.551881405093262     
   59.513166398843914     
   74.739197658010852     
   35.058297036355306     
   59.797658130459858     
   74.606087726099346     
   29.540435399754486     
   64.502939943044368     
   69.604521901693687     
   34.651377179288794     
   64.380108134048569     
   69.399394545916252     
   29.606720202930880     
   69.399394545916095     
   74.839529263268659     
   34.656835458412324     
   69.671579186396059     
   74.620575382208443     
   29.721432737656301     
   74.620575382207917     
   69.671579186396116     
   34.656835458412516     
   74.839529263269156     
   70.031783503154003     
   39.676566780883434     
  0.19636729181044324     
   74.703149113991870     
   45.222190876972554     
   79.462300758721540     
   74.709038446151496     
   39.721569444402249     
   4.7592715993893666     
   70.282424595389088     
   44.946461722848589     
   4.5615043187146798     
   69.694870612330348     
   39.738480490962765     
   10.053423548213180     
   74.762750546970793     
   44.874499027030843     
   9.7704597868412755     
   74.516937130671224     
   39.987213437568428     
   15.084681590962802     
   69.784706680636347     
   44.929330157799562     
   14.542262008748883     
   69.528302059159074     
   39.897342219709721     
   19.511145747408190     
   74.713176195584381     
   44.962761159285208     
   19.920443100267821     
   74.217108859730402     
   40.338450844686456     
   24.674070531299083     
   69.560840622476135     
   45.068024542173447     
   24.501444153759859     
   69.678046943977847     
   39.703245736733876     
   29.618160745649440     
   74.602867071243494     
   45.192365939168894     
   29.960754612496000     
   74.389439900429451     
   39.984456189293972     
   35.317505919192442     
   69.310547013868103     
   45.049336132697306     
   34.439047789285745     
   68.994103316813650     
   40.472492712956495     
   40.472492712956431     
   74.072887825717018     
   45.235914707880426     
   39.679882351394482     
   74.072887825716620     
   39.679882351393843     
   45.235914707880958     
   69.214522872028354     
   45.134640804511555     
   45.134640804512046     
   69.632272947766680     
   39.832921140884871     
   50.093502002864938     
   74.450575905102696     
   45.308564163830368     
   50.096533627704375     
   74.464948403106135     
   39.837576453091081     
   54.866600587042356     
   69.005389784450230     
   44.516867588585129     
   54.838300062599721     
   69.434404854990731     
   39.666968327721975     
   59.928800731442067     
   73.884115182574632     
   44.593802923412404     
   59.839528907920183     
   74.834450280444742     
   39.566688865098293     
   64.580672895818054     
   69.610671705072363     
   44.725659362785343     
   64.771956745503886     
   69.697318171588890     
   39.888452982517499     
   69.697318171588961     
   74.432650695270453     
   45.398755777341123     
   69.917130320655687     
   74.438496474306604     
   39.476660523038902     
   74.438496474306760     
   69.917130320655417     
   45.398755777341279     
   74.432650695269743     
   69.977648176064534     
   50.383464988234010     
   79.509673333301564     
   74.202852442341793     
   55.605976438480091     
   9.7299200360104726E-002
   74.622973562301468     
   49.935855119685854     
   4.8261885049797284     
   69.734075230814724     
   55.081053855045788     
   5.1300127114518244     
   69.596036263179002     
   49.811056866167789     
   9.9471530555770062     
   74.670994454070751     
   54.435995641532351     
   9.8032088632132659     
   74.634541365195062     
   49.712318710068722     
   14.985992710604975     
   69.381841261602744     
   54.555487714924780     
   14.881723262529976     
   69.550801967171950     
   49.573916343543011     
   19.490499939859589     
   74.363504189949950     
   54.768318552471314     
   19.888748588976377     
   74.468926485906280     
   49.807041452168157     
   24.905604587545270     
   69.771060563074855     
   54.854375001734788     
   24.873076169589439     
   70.172408154477878     
   49.894987225384014     
   29.629841687990684     
   74.599498768335721     
   54.601708623038895     
   29.647428660597967     
   74.777622359377801     
   50.048553269446167     
   34.697189374138958     
   69.810117682551407     
   54.963864971060417     
   34.583005125310713     
   69.632272947766396     
   50.093502002864120     
   39.832921140885766     
   74.464948403106007     
   54.866600587042313     
   39.837576453090634     
   74.450575905103221     
   50.096533627704154     
   45.308564163829082     
   69.005389784451140     
   54.838300062600126     
   44.516867588584859     
   69.360119622062243     
   49.612299791858817     
   49.612299791857978     
   74.680673323306479     
   55.023637251931270     
   49.905039618106642     
   74.680673323305925     
   49.905039618106095     
   55.023637251932165     
   69.917427050272096     
   54.517047294990434     
   54.517047294990228     
   70.045198783929010     
   49.730756447275674     
   60.258997128263864     
   74.900426145213814     
   54.784833520788531     
   59.770035061929384     
   74.706357758214992     
   49.978879443083343     
   64.883406961860175     
   69.759288449609826     
   54.675122467409793     
   64.338687215042569     
   69.838941996382303     
   50.459369032526375     
   69.838941996382474     
   74.783784472303708     
   55.288045945337778     
   69.518677103577218     
   74.317696919617248     
   50.961670566989916     
   74.317696919617248     
   69.518677103576579     
   55.288045945337764     
   74.783784472303722     
   69.231477994414433     
   59.944866714392980     
   79.542814481512622     
   74.426032128702502     
   64.750638837314327     
   9.0289517668474276E-002
   74.576316796693177     
   59.989714071894156     
   5.1896085229595625     
   70.103166508885877     
   64.883510808896986     
   5.1638992242232016     
   69.365106297737327     
   59.713606692195512     
   10.158625712466641     
   74.690079070866631     
   64.229663399880693     
   10.184366766469598     
   74.482333592707079     
   59.118765299715093     
   14.783193183917318     
   69.864317405419627     
   64.615085025845730     
   14.693621507189469     
   69.567816011291910     
   59.935912820208216     
   19.643052332873832     
   74.673103180361380     
   64.542207625256751     
   20.033659079524547     
   74.766189929258829     
   59.584912134477179     
   24.786806284604971     
   69.733209787766896     
   64.863121238395522     
   24.734929622947480     
   69.587265595855598     
   59.513166398843744     
   29.551881405092967     
   74.606087726099673     
   64.502939943044893     
   29.540435399755516     
   74.739197658010639     
   59.797658130459610     
   35.058297036355484     
   69.604521901693218     
   64.380108134049081     
   34.651377179288758     
   69.434404854990987     
   59.928800731441939     
   39.666968327721996     
   74.834450280444528     
   64.580672895818239     
   39.566688865098264     
   73.884115182574519     
   59.839528907919799     
   44.593802923412817     
   69.610671705072065     
   64.771956745503587     
   44.725659362786296     
   70.045198783929493     
   60.258997128263104     
   49.730756447275752     
   74.706357758215177     
   64.883406961860445     
   49.978879443083684     
   74.900426145213856     
   59.770035061929732     
   54.784833520788105     
   69.759288449609699     
   64.338687215042000     
   54.675122467410098     
   69.316262921706070     
   59.633748815861992     
   59.633748815862468     
   74.550530616273761     
   64.460294829087431     
   59.634850697687433     
   74.550530616274017     
   59.634850697687888     
   64.460294829088156     
   69.252929798431339     
   64.461732858168858     
   64.461732858168560     
   69.421594788728399     
   59.771672822446320     
   69.421594788727759     
   74.212743627369065     
   64.346243881995306     
   68.875410301552719     
   74.559381958321310     
   60.720462623640984     
   74.559381958320699     
   68.875410301552549     
   64.346243881993843     
   74.212743627369150     
   69.672599020083240     
   69.672599020082572     
  0.65798085232030490     
   74.542763732287469     
   74.542763732288051     
   5.2599227136979447E-002
   74.747154712219540     
   69.813682546193505     
   5.0168288148776528     
   69.813682546193263     
   74.747154712219114     
   5.0168288148785747     
   69.484357071050127     
   69.484357071050397     
   10.242853002006267     
   74.357250479041440     
   74.357250479042051     
   10.324031395274309     
   74.514011633907643     
   69.289156654363012     
   14.896673134868006     
   69.289156654362273     
   74.514011633907955     
   14.896673134867857     
   69.479518683065251     
   69.479518683065663     
   19.639618152654542     
   74.552918816200716     
   74.552918816200616     
   19.676326254122621     
   74.363879895153900     
   69.630938410997217     
   24.700961477716042     
   69.630938410997132     
   74.363879895154525     
   24.700961477716131     
   69.399394545916508     
   69.399394545916934     
   29.606720202931115     
   74.620575382208031     
   74.620575382207676     
   29.721432737656187     
   74.839529263268659     
   69.671579186396087     
   34.656835458412701     
   69.671579186395959     
   74.839529263268915     
   34.656835458412182     
   69.697318171588478     
   69.697318171588620     
   39.888452982518679     
   74.438496474306660     
   74.438496474307044     
   39.476660523039435     
   74.432650695270098     
   69.917130320656099     
   45.398755777341883     
   69.917130320655403     
   74.432650695269615     
   45.398755777340966     
   69.838941996382374     
   69.838941996381976     
   50.459369032526489     
   74.317696919617219     
   74.317696919617632     
   50.961670566989717     
   74.783784472304063     
   69.518677103576991     
   55.288045945337537     
   69.518677103576778     
   74.783784472304433     
   55.288045945337402     
   69.421594788727404     
   69.421594788728058     
   59.771672822446703     
   74.559381958320358     
   74.559381958320969     
   60.720462623640444     
   74.212743627368795     
   68.875410301552222     
   64.346243881993431     
   68.875410301552222     
   74.212743627368923     
   64.346243881994340     
   69.586446020196519     
   69.586446020197457     
   69.586446020197016     
   74.732982247494235     
   74.732982247494306     
   69.873071516297813     
   74.732982247494363     
   69.873071516298168     
   74.732982247494675     
   69.873071516298268     
   74.732982247494178     
   74.732982247494391     
