  -3.7641726573797425E-005
  -3.7641726573798103E-005
  -3.7641726573796876E-005
  -3.9678308914486504E-006
  -3.9678308914487469E-006
  -4.4956577652504282E-005
  -3.9678308914510322E-006
  -4.4956577652507683E-005
  -3.9678308914499226E-006
  -4.4956577652510001E-005
  -3.9678308914501098E-006
  -3.9678308914502419E-006
   1.1884654869262914E-004
   1.1884654869263390E-004
   3.5892481930652979E-005
   6.0654956383865869E-006
   6.0654956383872375E-006
  -3.7608923151725042E-005
   9.3873185107987343E-005
   2.9838085121358805E-005
  -5.5255186803207951E-005
   2.9838085121357115E-005
   9.3873185107985052E-005
  -5.5255186803207077E-005
   1.6123467612664225E-005
   1.6123467612664388E-005
   1.6578740736018186E-004
  -5.6709391470355984E-005
  -5.6709391470356750E-005
  -2.7106231023492733E-006
  -9.0305867254356379E-005
  -5.5425345963161634E-005
  -5.2690712669442271E-005
  -5.5425345963160171E-005
  -9.0305867254356583E-005
  -5.2690712669444195E-005
  -3.6997258037932965E-005
  -3.6997258037939348E-005
   1.6268472865685340E-005
   4.8444388208279602E-005
   4.8444388208280306E-005
   4.4217454736407058E-005
   1.3225350466455736E-004
   2.2545599932479690E-005
  -3.8268529541463706E-006
   2.2545599932480117E-005
   1.3225350466456197E-004
  -3.8268529541442768E-006
   1.1788475309563488E-004
   1.1788475309563487E-004
  -1.7408268928432904E-004
   5.8652199360564732E-005
   5.8652199360563228E-005
   7.2466805433412504E-005
   1.1355736723261749E-004
   5.3157387167614971E-006
  -5.1322600978276619E-005
   5.3157387167649843E-006
   1.1355736723261859E-004
  -5.1322600978276361E-005
   7.9833803558776098E-005
   7.9833803558776085E-005
   6.9155974667887263E-005
  -4.3468250760314800E-005
  -4.3468250760314705E-005
  -1.5021828052194210E-005
  -2.8755941445862435E-005
   8.2151072361087506E-005
  -1.1685398493106726E-004
   8.2151072361087344E-005
  -2.8755941445866680E-005
  -1.1685398493106680E-004
   3.2575388127678515E-005
   3.2575388127677342E-005
  -4.7644552586050451E-005
  -1.2058187056413089E-005
  -1.2058187056414129E-005
  -1.3559899966762511E-004
   1.1602429948633704E-005
  -6.2216767109343497E-005
   2.1800555126245100E-005
  -6.2216767109344351E-005
   1.1602429948633660E-005
   2.1800555126246594E-005
   1.1884654869263254E-004
   3.5892481930654442E-005
   1.1884654869263323E-004
   9.3873185107986719E-005
  -5.5255186803210777E-005
   2.9838085121354678E-005
   6.0654956383864150E-006
  -3.7608923151724466E-005
   6.0654956383862058E-006
   2.9838085121356118E-005
  -5.5255186803211102E-005
   9.3873185107987790E-005
   8.5531148982960156E-005
   3.1721932971987918E-005
   3.1721932971987796E-005
   2.3760433387344051E-005
   5.9719492703770749E-005
   6.2490560004400660E-005
   2.3760433387346033E-005
   6.2490560004399575E-005
   5.9719492703771779E-005
   8.6212849181470171E-005
  -8.7210622060109315E-005
  -8.7210622060105737E-005
  -6.3221457504465271E-005
  -6.9710955888474570E-005
   6.1151827152272739E-005
  -5.9213229394153276E-007
   1.5846950679025550E-005
   2.0073239771529372E-005
   1.1592741792755925E-005
  -3.7496954386333907E-005
  -8.9103761622863955E-005
  -3.1251083227646532E-005
  -3.2335333012029114E-005
   1.0014547261437071E-005
   2.6239785546367403E-005
   8.1165209367326332E-005
  -2.4558166596060170E-005
  -1.8969404610366378E-005
  -3.2553649091247593E-005
  -8.6265293018550045E-005
   2.5475304323581782E-005
  -1.0927067225768454E-005
   7.2550716124155266E-006
  -4.3659736564171766E-005
  -2.3870656048172798E-005
  -1.5072468116591296E-004
   4.7588466470812415E-005
   4.3264426331261253E-005
  -3.3527620650243201E-005
   5.7391831606860143E-005
   3.4443868413773707E-005
   1.3396865979426880E-005
  -1.2173531268697812E-004
   6.7622953311220828E-005
   6.7301697883506028E-005
   1.5083657506868338E-004
   4.8628467684331179E-005
   2.9974516995660598E-005
  -5.4670454144496542E-005
   8.4760636120108420E-005
   5.3800238054647582E-005
   3.2998859488504088E-005
  -1.3227118467937197E-004
  -8.9926019860992285E-006
   1.0150694367393696E-005
   8.7522101037096028E-005
   6.5482983687496299E-007
   1.3970559871181968E-004
  -2.5665868752400865E-005
   6.2714224707018763E-005
   1.1802681864187971E-004
  -1.0016987596959583E-004
   4.7424291030373132E-005
   1.4984334228250988E-004
  -2.0022318907711754E-005
  -3.0564303757803511E-005
   6.6480639393185601E-005
   9.5354718800256864E-006
  -4.8122383026850930E-005
   1.5678702974744524E-005
   7.2807969131522668E-005
   4.4487238980718296E-006
   1.6123467612663612E-005
   1.6578740736018283E-004
   1.6123467612663615E-005
  -9.0305867254354211E-005
  -5.2690712669444189E-005
  -5.5425345963162122E-005
  -5.6709391470355639E-005
  -2.7106231023465670E-006
  -5.6709391470353802E-005
  -5.5425345963163091E-005
  -5.2690712669445246E-005
  -9.0305867254353506E-005
  -6.3221457504465813E-005
   6.1151827152273037E-005
  -6.9710955888476413E-005
   1.1592741792756620E-005
  -8.9103761622864796E-005
  -3.7496954386337193E-005
  -5.9213229393946124E-007
   2.0073239771528596E-005
   1.5846950679026574E-005
  -3.1251083227646288E-005
   1.0014547261435465E-005
  -3.2335333012028382E-005
  -1.6515066646610290E-004
  -7.5252595183473121E-005
  -7.5252595183476875E-005
  -2.5539549627409558E-005
   1.4783156123234939E-005
  -6.3201499814252181E-005
  -2.5539549627413339E-005
  -6.3201499814251070E-005
   1.4783156123238588E-005
   1.1910758298153528E-004
   6.8069277553989518E-005
   6.8069277553988719E-005
   4.9623540841983174E-005
   9.6124379518121644E-005
   2.2285757527600324E-005
  -4.9919636453910246E-005
   6.7446587247328745E-005
   6.2049576679294502E-005
   4.5250387033205373E-005
  -1.2648916456973395E-005
  -9.1925914826962758E-005
  -6.2101746791216588E-005
  -5.4196242132635862E-005
   1.7204211261863248E-005
  -9.7917623029009098E-005
   5.8406533812656014E-005
  -1.4648193785781095E-004
  -7.4425435474240848E-005
   3.6460600720295549E-005
   7.8219723210414045E-005
  -5.3524235998249586E-005
  -1.6469716834993951E-004
   1.3871311557332074E-004
   4.9911776448384097E-006
   1.0372331444385863E-004
  -6.8431844301303698E-005
   2.4120329312926376E-004
  -1.4233228050951893E-005
   2.3878376818163231E-005
   1.5156743759144875E-004
  -2.8806812352234117E-005
  -6.8146727150441552E-005
  -3.4405338683462521E-005
   7.7121238661957163E-005
   1.1764353072982596E-004
   7.1549710660549697E-005
   3.7585822896083130E-005
  -3.1545197762659469E-005
   1.6389351005178916E-004
  -7.8991436106337244E-005
   2.8103850117957470E-005
   1.9846634507888552E-005
  -4.9360249345245421E-005
  -3.8552042307051247E-005
  -6.4276210451539449E-006
  -1.8325075539837774E-005
   2.8622137706351840E-005
  -7.6550365699269458E-006
  -7.2014599902145028E-005
  -1.3836239095983132E-004
  -3.6997258037935554E-005
   1.6268472865687241E-005
  -3.6997258037934653E-005
   1.3225350466455730E-004
  -3.8268529541480385E-006
   2.2545599932480520E-005
   4.8444388208279724E-005
   4.4217454736407418E-005
   4.8444388208279737E-005
   2.2545599932481852E-005
  -3.8268529541500993E-006
   1.3225350466455928E-004
   2.6239785546362561E-005
  -2.4558166596060729E-005
   8.1165209367327484E-005
   2.5475304323583944E-005
   7.2550716124226188E-006
  -1.0927067225774425E-005
  -1.8969404610366124E-005
  -8.6265293018550479E-005
  -3.2553649091247546E-005
  -4.3659736564169571E-005
  -1.5072468116591320E-004
  -2.3870656048167587E-005
   4.9623540841982713E-005
   2.2285757527600643E-005
   9.6124379518121604E-005
   4.5250387033201314E-005
  -9.1925914826959275E-005
  -1.2648916456974545E-005
  -4.9919636453911005E-005
   6.2049576679297578E-005
   6.7446587247330710E-005
  -6.2101746791209879E-005
   1.7204211261862543E-005
  -5.4196242132636553E-005
   7.0314715778674875E-005
   1.1936501924466778E-004
   1.1936501924466919E-004
   2.0713345387741820E-005
   1.0323749699861383E-004
   3.9671964358139791E-005
   2.0713345387745842E-005
   3.9671964358138761E-005
   1.0323749699861097E-004
   2.8347627819079192E-004
  -3.6846962655552636E-005
  -3.6846962655552568E-005
   2.8028438544478004E-005
  -2.1935345315918400E-005
  -8.9729910908958500E-006
   8.0386995816567999E-005
  -6.0744582989344855E-005
  -1.3235488613482215E-004
   7.6101825114460516E-005
  -2.0468840848671101E-005
  -1.0394381238268760E-004
  -3.1738448503137522E-005
   8.9118869929784888E-005
   2.4711583894712636E-006
  -9.3452201304890860E-005
   4.0547716382015839E-005
   3.5971187302039064E-005
  -4.2049089069517709E-005
   6.2175068028666901E-006
  -1.5999242725074991E-005
   3.1404934056148480E-005
   1.0214731091970895E-005
  -3.2785801179635539E-005
  -2.5606104524054964E-005
  -4.9938534424520807E-005
  -8.1426388767227696E-005
   1.1766454618171788E-005
  -8.6793334416727621E-005
  -7.2801249530502662E-005
   4.6354176830272786E-005
   8.3344434413418100E-005
  -5.7895023573641839E-005
   3.2599051846800464E-005
  -6.4186553213819222E-005
  -1.2961295244746316E-005
   3.2601726814682569E-007
  -1.4503312880297857E-005
   1.3913056711954825E-005
   1.1788475309563365E-004
  -1.7408268928431649E-004
   1.1788475309563384E-004
   1.1355736723261526E-004
  -5.1322600978278536E-005
   5.3157387167687824E-006
   5.8652199360571122E-005
   7.2466805433403627E-005
   5.8652199360567280E-005
   5.3157387167657085E-006
  -5.1322600978278204E-005
   1.1355736723261114E-004
   4.7588466470810098E-005
  -3.3527620650242076E-005
   4.3264426331254816E-005
  -1.2173531268697619E-004
   6.7301697883506611E-005
   6.7622953311222101E-005
   5.7391831606857351E-005
   1.3396865979425858E-005
   3.4443868413774080E-005
   1.5083657506867872E-004
   2.9974516995666057E-005
   4.8628467684328245E-005
  -9.7917623029010576E-005
  -1.4648193785781198E-004
   5.8406533812658948E-005
  -5.3524235998248075E-005
   1.3871311557332199E-004
  -1.6469716834994312E-004
  -7.4425435474240875E-005
   7.8219723210412676E-005
   3.6460600720295678E-005
   4.9911776448405679E-006
  -6.8431844301295431E-005
   1.0372331444386096E-004
   2.8028438544474054E-005
  -8.9729910908971815E-006
  -2.1935345315913958E-005
   7.6101825114460476E-005
  -1.0394381238269095E-004
  -2.0468840848669353E-005
   8.0386995816566318E-005
  -1.3235488613481716E-004
  -6.0744582989343683E-005
  -3.1738448503138572E-005
   2.4711583894727506E-006
   8.9118869929786135E-005
   2.5121898553424370E-005
  -3.6007939214738646E-005
  -3.6007939214737575E-005
   5.0822679778544424E-005
  -1.3555940274616612E-005
   9.7417066186516763E-005
   5.0822679778543469E-005
   9.7417066186518999E-005
  -1.3555940274614483E-005
   1.7026455518775717E-004
  -1.8526919080084115E-005
  -1.8526919080081980E-005
  -2.2698004933645044E-005
   4.0792884756700383E-005
  -5.7921303507957106E-005
  -6.1989826644666263E-006
  -3.0289617621154805E-005
  -6.1362694421998988E-005
   1.3039077623078877E-005
  -4.8804487358769202E-005
  -7.4743806784036306E-005
   7.8060975515625684E-005
   5.7143822144939565E-006
  -1.7304478758086024E-005
  -7.4284447559219028E-006
   9.7192919123571334E-005
  -6.8224225135421498E-005
   4.2576442112104725E-006
   1.4616769128286382E-004
   1.0292701110729275E-005
   1.6070135158723538E-006
   5.3323220530285071E-005
  -5.3720580842708621E-005
   9.4393157959250229E-005
  -6.3990343926005963E-005
  -5.2873711323299267E-005
   7.9833803558773930E-005
   6.9155974667874212E-005
   7.9833803558774594E-005
  -2.8755941445868480E-005
  -1.1685398493106666E-004
   8.2151072361084200E-005
  -4.3468250760313967E-005
  -1.5021828052193307E-005
  -4.3468250760314759E-005
   8.2151072361086029E-005
  -1.1685398493106566E-004
  -2.8755941445866067E-005
  -5.4670454144498934E-005
   5.3800238054644058E-005
   8.4760636120107715E-005
   1.0150694367395670E-005
   6.5482983687763009E-007
   8.7522101037091759E-005
   3.2998859488500721E-005
  -8.9926019861083968E-006
  -1.3227118467937164E-004
   1.3970559871181852E-004
   6.2714224707024157E-005
  -2.5665868752393052E-005
   2.4120329312926278E-004
   2.3878376818163231E-005
  -1.4233228050950983E-005
  -3.4405338683463077E-005
   1.1764353072983403E-004
   7.7121238661960660E-005
   1.5156743759145043E-004
  -6.8146727150443477E-005
  -2.8806812352238654E-005
   7.1549710660549290E-005
  -3.1545197762662898E-005
   3.7585822896086125E-005
  -9.3452201304893503E-005
   3.5971187302033514E-005
   4.0547716382014572E-005
   3.1404934056149815E-005
  -3.2785801179641393E-005
   1.0214731091964831E-005
  -4.2049089069516408E-005
  -1.5999242725079128E-005
   6.2175068028670145E-006
  -2.5606104524056621E-005
  -8.1426388767231924E-005
  -4.9938534424522345E-005
  -2.2698004933644505E-005
  -5.7921303507956658E-005
   4.0792884756697544E-005
   1.3039077623079864E-005
  -7.4743806784035642E-005
  -4.8804487358774772E-005
  -6.1989826644652981E-006
  -6.1362694422000466E-005
  -3.0289617621156652E-005
   7.8060975515626064E-005
  -1.7304478758084106E-005
   5.7143822144976462E-006
  -1.5239421730742662E-004
   7.9527144157763552E-005
   7.9527144157762156E-005
  -5.4741361338670556E-005
   6.1677518642198740E-005
  -7.7482723758811754E-005
  -5.4741361338670895E-005
  -7.7482723758807390E-005
   6.1677518642194796E-005
   1.8094046371971005E-004
   1.4842770138132519E-004
   1.4842770138132224E-004
   4.3898530410657790E-005
   4.4703733167930977E-005
  -1.1450587367897543E-004
   3.1335943633767436E-005
   1.0913262995844145E-004
   5.4139219305469399E-005
   1.8712051609559579E-005
  -1.1614255103137179E-004
   3.2187528971181753E-005
   6.3103945165531191E-005
   6.5890814016151347E-006
  -7.7546806860193289E-005
   3.2575388127678921E-005
  -4.7644552586050058E-005
   3.2575388127677186E-005
   1.1602429948634577E-005
   2.1800555126249528E-005
  -6.2216767109344920E-005
  -1.2058187056412728E-005
  -1.3559899966762576E-004
  -1.2058187056412759E-005
  -6.2216767109344337E-005
   2.1800555126250294E-005
   1.1602429948634263E-005
   1.1802681864187984E-004
   4.7424291030372462E-005
  -1.0016987596959328E-004
   6.6480639393185466E-005
  -4.8122383026853694E-005
   9.5354718800239059E-006
   1.4984334228251061E-004
  -3.0564303757807821E-005
  -2.0022318907710466E-005
   1.5678702974741187E-005
   4.4487238980705862E-006
   7.2807969131521950E-005
   1.6389351005178837E-004
   2.8103850117957270E-005
  -7.8991436106340767E-005
  -6.4276210451541398E-006
   2.8622137706353110E-005
  -1.8325075539837716E-005
   1.9846634507888619E-005
  -3.8552042307056532E-005
  -4.9360249345247834E-005
  -7.6550365699300663E-006
  -1.3836239095982634E-004
  -7.2014599902144337E-005
   1.1766454618171422E-005
  -7.2801249530503949E-005
  -8.6793334416727688E-005
   3.2599051846801440E-005
  -1.2961295244743005E-005
  -6.4186553213820997E-005
   4.6354176830270577E-005
  -5.7895023573642923E-005
   8.3344434413423264E-005
   3.2601726814663918E-007
   1.3913056711955309E-005
  -1.4503312880295286E-005
  -7.4284447559145886E-006
  -6.8224225135422731E-005
   9.7192919123580170E-005
   1.6070135158736042E-006
  -5.3720580842709251E-005
   5.3323220530293311E-005
   4.2576442112116762E-006
   1.0292701110738233E-005
   1.4616769128288009E-004
   9.4393157959250947E-005
  -5.2873711323295385E-005
  -6.3990343926008308E-005
   4.3898530410663089E-005
  -1.1450587367897325E-004
   4.4703733167932333E-005
   1.8712051609555801E-005
   3.2187528971177856E-005
  -1.1614255103137189E-004
   3.1335943633768764E-005
   5.4139219305468172E-005
   1.0913262995844191E-004
   6.3103945165524956E-005
  -7.7546806860190592E-005
   6.5890814016104295E-006
   2.5795423179928131E-005
  -9.3591092340855806E-005
  -9.3591092340855332E-005
   7.8871496931434503E-005
   8.5560247390701512E-006
  -2.8602047300506409E-006
   7.8871496931432456E-005
  -2.8602047300520982E-006
   8.5560247390676491E-006
  -3.9369800399432532E-006
   7.0410029167517372E-005
   7.0410029167518795E-005
   3.5892481930654883E-005
   1.1884654869262887E-004
   1.1884654869263029E-004
  -5.5255186803206745E-005
   9.3873185107984022E-005
   2.9838085121358456E-005
  -5.5255186803209029E-005
   2.9838085121357209E-005
   9.3873185107986204E-005
  -3.7608923151723572E-005
   6.0654956383855756E-006
   6.0654956383867360E-006
   3.1721932971986021E-005
   8.5531148982965536E-005
   3.1721932971986685E-005
   5.9719492703773256E-005
   2.3760433387344820E-005
   6.2490560004399901E-005
  -8.7210622060106944E-005
   8.6212849181471052E-005
  -8.7210622060105914E-005
   6.2490560004400456E-005
   2.3760433387344884E-005
   5.9719492703773446E-005
  -6.9710955888474625E-005
  -6.3221457504464051E-005
   6.1151827152273715E-005
   1.5846950679028220E-005
  -5.9213229394214707E-007
   2.0073239771527214E-005
  -3.2335333012028477E-005
  -3.1251083227646295E-005
   1.0014547261435314E-005
  -3.7496954386333968E-005
   1.1592741792755808E-005
  -8.9103761622866056E-005
   8.1165209367325790E-005
   2.6239785546365021E-005
  -2.4558166596061064E-005
  -3.2553649091247228E-005
  -1.8969404610366656E-005
  -8.6265293018548866E-005
  -2.3870656048172337E-005
  -4.3659736564167748E-005
  -1.5072468116591019E-004
  -1.0927067225768584E-005
   2.5475304323582297E-005
   7.2550716124173570E-006
   4.3264426331256076E-005
   4.7588466470809115E-005
  -3.3527620650243079E-005
   3.4443868413775157E-005
   5.7391831606857080E-005
   1.3396865979425806E-005
   4.8628467684330949E-005
   1.5083657506868267E-004
   2.9974516995663648E-005
   6.7622953311220638E-005
  -1.2173531268697713E-004
   6.7301697883504117E-005
   8.4760636120106996E-005
  -5.4670454144498629E-005
   5.3800238054648625E-005
  -1.3227118467937536E-004
   3.2998859488499515E-005
  -8.9926019861035569E-006
  -2.5665868752401288E-005
   1.3970559871182212E-004
   6.2714224707016432E-005
   8.7522101037096001E-005
   1.0150694367395021E-005
   6.5482983687369594E-007
  -1.0016987596959479E-004
   1.1802681864187708E-004
   4.7424291030374325E-005
  -2.0022318907711009E-005
   1.4984334228250912E-004
  -3.0564303757803376E-005
   7.2807969131523793E-005
   1.5678702974741895E-005
   4.4487238980708149E-006
   9.5354718800258015E-006
   6.6480639393185642E-005
  -4.8122383026853965E-005
   3.1721932971986095E-005
   3.1721932971986813E-005
   8.5531148982962650E-005
  -8.7210622060104355E-005
  -8.7210622060106686E-005
   8.6212849181475525E-005
   5.9719492703771013E-005
   6.2490560004400429E-005
   2.3760433387343780E-005
   6.2490560004400118E-005
   5.9719492703771129E-005
   2.3760433387343858E-005
  -2.2641499945478881E-005
  -2.2641499945478027E-005
  -2.2641499945479528E-005
  -1.4651784794978388E-004
  -1.4651784794978396E-004
   4.3313686779452695E-005
  -1.4651784794978442E-004
   4.3313686779453183E-005
  -1.4651784794978605E-004
   4.3313686779454362E-005
  -1.4651784794978391E-004
  -1.4651784794978413E-004
  -4.5748630056760267E-005
  -4.5748630056760281E-005
  -1.2912627509272139E-004
  -1.1652369033241003E-004
  -1.1652369033240833E-004
   1.2048802066944139E-004
   1.0913925271904743E-004
  -1.1165617420640608E-006
  -2.0399318447223488E-005
  -1.1165617420635787E-006
   1.0913925271904675E-004
  -2.0399318447221642E-005
   9.1226273033433329E-005
   9.1226273033435457E-005
   1.0047737620821782E-004
  -2.4673976187496315E-005
  -2.4673976187492981E-005
  -1.1485170473988737E-004
   5.3723293220410965E-005
  -1.9272157477849172E-005
   4.3772765820504183E-006
  -1.9272157477849389E-005
   5.3723293220411161E-005
   4.3772765820486421E-006
  -2.1604857711384246E-005
  -2.1604857711385713E-005
  -3.2828938785001049E-005
  -7.5120300653394107E-005
  -7.5120300653388049E-005
  -1.3033938672560770E-005
  -5.2989704562780592E-005
  -1.4140562632879701E-004
   2.5551779223515509E-005
  -1.4140562632879232E-004
  -5.2989704562776642E-005
   2.5551779223517576E-005
  -1.4430512158181954E-005
  -1.4430512158181177E-005
   3.5433751035622965E-005
   3.3115409766322718E-005
   3.3115409766322914E-005
  -2.8120131279898643E-005
  -1.0328376799827799E-004
   8.9367034313472243E-005
  -1.2241484155660232E-004
   8.9367034313471823E-005
  -1.0328376799827972E-004
  -1.2241484155660044E-004
  -1.1459115073874205E-004
  -1.1459115073874270E-004
  -1.4506012032300392E-004
  -3.8801964276845367E-005
  -3.8801964276844777E-005
  -1.0481300115077597E-004
  -8.9150024438071140E-005
  -1.0681404465913891E-004
  -2.5509648737116578E-006
  -1.0681404465913815E-004
  -8.9150024438072929E-005
  -2.5509648737153487E-006
  -6.9710955888477145E-005
   6.1151827152279068E-005
  -6.3221457504460907E-005
  -3.2335333012028077E-005
   1.0014547261434487E-005
  -3.1251083227644323E-005
   1.5846950679027160E-005
   2.0073239771526275E-005
  -5.9213229394203886E-007
  -3.7496954386336448E-005
  -8.9103761622865053E-005
   1.1592741792756681E-005
  -4.5748630056758919E-005
  -1.2912627509271811E-004
  -4.5748630056759217E-005
   1.0913925271904818E-004
  -2.0399318447222743E-005
  -1.1165617420626008E-006
  -1.1652369033240953E-004
   1.2048802066943950E-004
  -1.1652369033240822E-004
  -1.1165617420630586E-006
  -2.0399318447222336E-005
   1.0913925271904564E-004
  -1.2006434129552912E-004
   2.5281195161952565E-005
   2.5281195161951948E-005
   6.2127009498508381E-005
  -5.1928460107204223E-005
   2.1866341028512216E-005
   6.2127009498507080E-005
   2.1866341028510553E-005
  -5.1928460107200544E-005
   2.4869890451409757E-004
   4.9057708371862465E-005
   4.9057708371858934E-005
   6.7743223389556926E-005
  -7.2702682733701614E-005
   4.1312751293390632E-005
   1.5301418268879711E-005
  -3.8414251373393226E-005
   4.5992919206238499E-005
  -4.4036079594808747E-005
   1.9179242997862657E-005
   4.3344042499513142E-005
  -1.1075696202215017E-004
  -2.1092097153673518E-005
  -1.6612512429633590E-004
  -2.9637522321809788E-005
   6.1247200193534566E-005
  -7.8972773908463019E-005
   3.2098803184549993E-005
  -1.1330878601842702E-004
   9.7331146941152788E-005
  -9.2189350189789623E-005
   2.1096140975735276E-005
   8.6582764571310715E-005
  -1.5415370073677690E-004
  -1.3942342202987376E-004
   3.0310011615658210E-005
   3.1957331614812581E-005
   1.2873748345506973E-004
  -9.7566472679691524E-005
   1.2865859271391847E-004
   1.2865195847386706E-004
   7.9364510523640731E-005
  -7.0402943751298987E-005
   7.6214692735293186E-005
   1.5645942087100842E-005
  -8.4228754753882975E-005
   7.9553853004271752E-005
  -6.8073579843918537E-005
   8.4175986282178798E-005
  -1.1109736916119394E-005
   3.6630320161963842E-005
  -1.1255352386454570E-004
  -7.7921142896702068E-005
   3.5222437613686630E-005
   4.8592543184935004E-005
   2.8845867864112455E-006
  -1.1392522356685081E-004
  -9.7591844089118579E-006
   5.4200411777130395E-005
   6.6376401922425723E-005
   8.1165209367326752E-005
  -2.4558166596060553E-005
   2.6239785546363473E-005
  -2.3870656048169840E-005
  -1.5072468116591559E-004
  -4.3659736564167172E-005
  -3.2553649091245283E-005
  -8.6265293018548012E-005
  -1.8969404610366615E-005
  -1.0927067225773131E-005
   7.2550716124215303E-006
   2.5475304323583304E-005
   9.1226273033432801E-005
   1.0047737620821704E-004
   9.1226273033433953E-005
   5.3723293220411358E-005
   4.3772765820499847E-006
  -1.9272157477848745E-005
  -2.4673976187497623E-005
  -1.1485170473988632E-004
  -2.4673976187494984E-005
  -1.9272157477849504E-005
   4.3772765820492918E-006
   5.3723293220411981E-005
   6.7743223389555692E-005
   4.1312751293391635E-005
  -7.2702682733698457E-005
  -4.4036079594808036E-005
   4.3344042499513258E-005
   1.9179242997862125E-005
   1.5301418268878911E-005
   4.5992919206237977E-005
  -3.8414251373393917E-005
  -1.1075696202214889E-004
  -1.6612512429633211E-004
  -2.1092097153673965E-005
   8.3814727187165987E-005
   2.9053979542058497E-005
   2.9053979542063199E-005
   1.2129480500119282E-004
  -8.6688436300931114E-005
  -5.1828725853082852E-005
   1.2129480500119168E-004
  -5.1828725853082649E-005
  -8.6688436300929786E-005
   1.7907931672405633E-005
   9.7142120782170316E-005
   9.7142120782169625E-005
  -8.8002049252106031E-005
   8.4441467392390795E-005
   1.0221781321434367E-004
  -4.2427418724942942E-005
  -5.4652815676493320E-005
   8.4054204861827730E-005
   9.9442545390244496E-005
  -4.1877916299357305E-005
   3.7529530473614152E-005
  -1.0829393900341077E-005
  -1.2709884983110118E-004
   5.6403288300173565E-005
  -4.7027064611480556E-005
   3.5941700258132466E-005
  -8.6905131625425303E-005
  -3.0527028196710626E-005
   5.8465978337315081E-005
   1.2644247858296638E-004
  -5.7676935078879122E-005
  -2.3995450988160340E-005
   9.0812532618371510E-006
  -1.0222393165898986E-004
  -1.7085752768742285E-004
   5.9323607342504909E-005
   9.6911738020269027E-006
  -9.1219671801183444E-005
  -2.7604152290841649E-005
  -5.0347905161746267E-005
   7.1039304511850194E-006
   2.2874788428691459E-005
  -4.4353628171252320E-005
  -6.2557760092408479E-005
   1.0437235253798867E-005
   1.1607818879609315E-004
   3.6883010987072613E-005
   3.3006210095492702E-005
   4.3264426331254335E-005
  -3.3527620650244509E-005
   4.7588466470807930E-005
   4.8628467684329831E-005
   2.9974516995664254E-005
   1.5083657506867988E-004
   3.4443868413774209E-005
   1.3396865979427226E-005
   5.7391831606860516E-005
   6.7622953311220868E-005
   6.7301697883506923E-005
  -1.2173531268697673E-004
  -2.1604857711388203E-005
  -3.2828938785002072E-005
  -2.1604857711387590E-005
  -5.2989704562781439E-005
   2.5551779223515807E-005
  -1.4140562632879776E-004
  -7.5120300653386070E-005
  -1.3033938672553065E-005
  -7.5120300653390949E-005
  -1.4140562632879823E-004
   2.5551779223516346E-005
  -5.2989704562782605E-005
  -2.9637522321806691E-005
  -7.8972773908457693E-005
   6.1247200193537032E-005
  -9.2189350189791371E-005
   8.6582764571307028E-005
   2.1096140975740009E-005
   3.2098803184549255E-005
   9.7331146941152829E-005
  -1.1330878601842928E-004
  -1.5415370073677573E-004
   3.0310011615652413E-005
  -1.3942342202987273E-004
  -8.8002049252106884E-005
   1.0221781321434200E-004
   8.4441467392389793E-005
   9.9442545390242626E-005
   3.7529530473615819E-005
  -4.1877916299360517E-005
  -4.2427418724939513E-005
   8.4054204861827892E-005
  -5.4652815676488725E-005
  -1.0829393900344358E-005
   5.6403288300173125E-005
  -1.2709884983110007E-004
  -7.5765801663833195E-006
   5.5238191400869900E-005
   5.5238191400870009E-005
   6.1683405970589271E-005
   1.0674844631010406E-004
   1.0143881156549843E-004
   6.1683405970588905E-005
   1.0143881156549974E-004
   1.0674844631010568E-004
   4.9535710128073280E-005
  -2.9034377071095536E-005
  -2.9034377071095749E-005
  -2.1367652226762326E-004
  -3.1194184914646393E-005
  -1.2097574020543430E-004
  -4.0854607576527798E-005
   1.6551900024933113E-005
  -4.8664706199804574E-005
   5.4097040772664820E-005
  -1.4652980478372686E-004
  -9.7582155013867572E-006
   4.5420047421504192E-005
  -1.3317606320555053E-004
   2.3671184578594336E-005
   5.9375618810759992E-005
   9.5589339681126091E-005
   4.2969788523443217E-005
   5.4855808496935493E-005
   7.8429567709605621E-005
   1.8933491270599719E-004
  -9.5275289468453424E-005
   2.5655328272356680E-005
  -6.5368122983111354E-005
   6.2500826652070731E-005
  -6.0660099526874317E-005
   1.0413019721225917E-004
   8.4760636120108569E-005
   5.3800238054646125E-005
  -5.4670454144499110E-005
  -2.5665868752401261E-005
   6.2714224707020850E-005
   1.3970559871182299E-004
  -1.3227118467936950E-004
  -8.9926019861032875E-006
   3.2998859488504122E-005
   8.7522101037093792E-005
   6.5482983687580082E-007
   1.0150694367394160E-005
  -1.4430512158185161E-005
   3.5433751035625581E-005
  -1.4430512158183784E-005
  -1.0328376799828101E-004
  -1.2241484155660340E-004
   8.9367034313474086E-005
   3.3115409766324798E-005
  -2.8120131279898067E-005
   3.3115409766324493E-005
   8.9367034313472745E-005
  -1.2241484155660299E-004
  -1.0328376799827952E-004
   3.1957331614813455E-005
  -9.7566472679693462E-005
   1.2873748345507006E-004
  -7.0402943751302009E-005
   1.5645942087103214E-005
   7.6214692735291899E-005
   1.2865859271392333E-004
   7.9364510523645366E-005
   1.2865195847386600E-004
  -8.4228754753883341E-005
  -6.8073579843916572E-005
   7.9553853004273392E-005
  -4.7027064611481044E-005
  -8.6905131625422010E-005
   3.5941700258131409E-005
  -5.7676935078882043E-005
   9.0812532618363328E-006
  -2.3995450988160838E-005
  -3.0527028196706737E-005
   1.2644247858296961E-004
   5.8465978337315969E-005
  -1.0222393165899103E-004
   5.9323607342502077E-005
  -1.7085752768742862E-004
  -2.1367652226762302E-004
  -1.2097574020543213E-004
  -3.1194184914651564E-005
   5.4097040772665531E-005
  -9.7582155013928982E-006
  -1.4652980478372860E-004
  -4.0854607576526578E-005
  -4.8664706199804432E-005
   1.6551900024930944E-005
   4.5420047421510114E-005
   2.3671184578588031E-005
  -1.3317606320554598E-004
   1.4332901371459880E-004
   5.0535192937619782E-005
   5.0535192937620615E-005
   1.1024880439772613E-004
   6.2563908497372584E-006
  -7.0793253033322124E-006
   1.1024880439772659E-004
  -7.0793253033329781E-006
   6.2563908497394268E-006
  -1.2926586217978345E-004
  -2.8699799940685297E-005
  -2.8699799940678558E-005
  -1.2733406279945650E-004
  -5.0699142010589957E-005
   1.5483800429780010E-004
   9.6202487812607635E-005
  -8.0198816712441024E-005
   7.7893400210711611E-005
  -4.2393722606068663E-006
  -4.4994252960921427E-006
  -1.2865528527246332E-004
  -5.6568172522255628E-005
   4.7064650688333518E-005
  -1.7165304597887521E-005
  -1.0016987596959418E-004
   4.7424291030375084E-005
   1.1802681864188887E-004
   7.2807969131523725E-005
   4.4487238980774886E-006
   1.5678702974739395E-005
  -2.0022318907718473E-005
  -3.0564303757807672E-005
   1.4984334228251094E-004
   9.5354718800248884E-006
  -4.8122383026855219E-005
   6.6480639393186374E-005
  -1.1459115073874131E-004
  -1.4506012032300235E-004
  -1.1459115073874173E-004
  -8.9150024438075463E-005
  -2.5509648737159675E-006
  -1.0681404465913620E-004
  -3.8801964276845299E-005
  -1.0481300115078052E-004
  -3.8801964276846031E-005
  -1.0681404465913618E-004
  -2.5509648737094915E-006
  -8.9150024438070842E-005
   8.4175986282178703E-005
   3.6630320161963909E-005
  -1.1109736916119541E-005
   4.8592543184934028E-005
  -1.1392522356685099E-004
   2.8845867864120057E-006
  -1.1255352386454567E-004
   3.5222437613687620E-005
  -7.7921142896701418E-005
  -9.7591844089108821E-006
   6.6376401922426536E-005
   5.4200411777131615E-005
   9.6911738020296861E-006
  -2.7604152290843034E-005
  -9.1219671801185301E-005
  -4.4353628171251683E-005
   1.0437235253798476E-005
  -6.2557760092409278E-005
  -5.0347905161749242E-005
   2.2874788428691964E-005
   7.1039304511846239E-006
   1.1607818879609442E-004
   3.3006210095495853E-005
   3.6883010987076502E-005
   5.9375618810762770E-005
   4.2969788523444654E-005
   9.5589339681119979E-005
  -9.5275289468454156E-005
  -6.5368122983116097E-005
   2.5655328272353268E-005
   5.4855808496932078E-005
   1.8933491270600039E-004
   7.8429567709609280E-005
   6.2500826652070040E-005
   1.0413019721226123E-004
  -6.0660099526875109E-005
  -1.2733406279945894E-004
   1.5483800429780422E-004
  -5.0699142010591556E-005
  -4.2393722606067985E-006
  -1.2865528527246706E-004
  -4.4994252960888334E-006
   9.6202487812607052E-005
   7.7893400210712234E-005
  -8.0198816712443639E-005
  -5.6568172522253209E-005
  -1.7165304597874744E-005
   4.7064650688330957E-005
  -4.1003878384274639E-005
   3.4252646377432837E-005
   3.4252646377434029E-005
  -1.1396828608601960E-004
   1.4904920302498032E-005
   5.2385666875861655E-005
  -1.1396828608601537E-004
   5.2385666875853192E-005
   1.4904920302501613E-005
  -1.2324559946349010E-006
   2.8365909779483466E-005
   2.8365909779481114E-005
   1.6578740736017741E-004
   1.6123467612663161E-005
   1.6123467612663537E-005
  -5.2690712669444602E-005
  -9.0305867254355282E-005
  -5.5425345963162000E-005
  -5.2690712669443945E-005
  -5.5425345963163952E-005
  -9.0305867254353371E-005
  -2.7106231023504939E-006
  -5.6709391470354656E-005
  -5.6709391470355097E-005
   6.1151827152278526E-005
  -6.3221457504457926E-005
  -6.9710955888476915E-005
  -8.9103761622862410E-005
   1.1592741792754084E-005
  -3.7496954386334591E-005
   1.0014547261434963E-005
  -3.1251083227640989E-005
  -3.2335333012028016E-005
   2.0073239771529951E-005
  -5.9213229394203145E-007
   1.5846950679025754E-005
  -7.5252595183474043E-005
  -1.6515066646609867E-004
  -7.5252595183476157E-005
   1.4783156123237233E-005
  -2.5539549627411967E-005
  -6.3201499814250989E-005
   6.8069277553986428E-005
   1.1910758298153526E-004
   6.8069277553988922E-005
  -6.3201499814250392E-005
  -2.5539549627410978E-005
   1.4783156123236515E-005
   9.6124379518120614E-005
   4.9623540841978837E-005
   2.2285757527599213E-005
   6.7446587247329179E-005
  -4.9919636453910639E-005
   6.2049576679296982E-005
  -5.4196242132635862E-005
  -6.2101746791214053E-005
   1.7204211261862486E-005
  -1.2648916456972244E-005
   4.5250387033205915E-005
  -9.1925914826960630E-005
   5.8406533812654422E-005
  -9.7917623029007567E-005
  -1.4648193785781713E-004
   3.6460600720297168E-005
  -7.4425435474241960E-005
   7.8219723210413313E-005
   1.0372331444385592E-004
   4.9911776448420613E-006
  -6.8431844301306910E-005
  -1.6469716834994041E-004
  -5.3524235998246374E-005
   1.3871311557332221E-004
  -1.4233228050955433E-005
   2.4120329312926397E-004
   2.3878376818163858E-005
  -2.8806812352233504E-005
   1.5156743759144807E-004
  -6.8146727150441660E-005
   3.7585822896087046E-005
   7.1549710660550713E-005
  -3.1545197762663637E-005
   7.7121238661959521E-005
  -3.4405338683460014E-005
   1.1764353072983050E-004
  -7.8991436106339019E-005
   1.6389351005178892E-004
   2.8103850117959960E-005
  -4.9360249345248836E-005
   1.9846634507887739E-005
  -3.8552042307057217E-005
  -7.2014599902147793E-005
  -7.6550365699297969E-006
  -1.3836239095983084E-004
  -1.8325075539837852E-005
  -6.4276210451545523E-006
   2.8622137706351352E-005
   6.1151827152276249E-005
  -6.9710955888476725E-005
  -6.3221457504460704E-005
   1.0014547261433310E-005
  -3.2335333012026979E-005
  -3.1251083227642181E-005
  -8.9103761622863075E-005
  -3.7496954386334944E-005
   1.1592741792758439E-005
   2.0073239771527224E-005
   1.5846950679027078E-005
  -5.9213229394130385E-007
  -1.2912627509272017E-004
  -4.5748630056759827E-005
  -4.5748630056759874E-005
  -2.0399318447222611E-005
   1.0913925271904568E-004
  -1.1165617420634808E-006
  -2.0399318447222153E-005
  -1.1165617420621273E-006
   1.0913925271904537E-004
   1.2048802066943944E-004
  -1.1652369033240841E-004
  -1.1652369033240826E-004
   2.5281195161953639E-005
  -1.2006434129552845E-004
   2.5281195161951914E-005
  -5.1928460107200639E-005
   6.2127009498506836E-005
   2.1866341028513243E-005
   4.9057708371859991E-005
   2.4869890451409719E-004
   4.9057708371861008E-005
   2.1866341028512450E-005
   6.2127009498508340E-005
  -5.1928460107199914E-005
  -7.2702682733698524E-005
   6.7743223389557617E-005
   4.1312751293390462E-005
  -3.8414251373393653E-005
   1.5301418268881666E-005
   4.5992919206235199E-005
  -2.1092097153671935E-005
  -1.1075696202215125E-004
  -1.6612512429632802E-004
   1.9179242997862697E-005
  -4.4036079594809947E-005
   4.3344042499515243E-005
   6.1247200193535162E-005
  -2.9637522321807389E-005
  -7.8972773908456704E-005
  -1.1330878601842821E-004
   3.2098803184547784E-005
   9.7331146941150918E-005
  -1.3942342202987818E-004
  -1.5415370073677492E-004
   3.0310011615657729E-005
   2.1096140975743658E-005
  -9.2189350189794420E-005
   8.6582764571307340E-005
   1.2873748345507106E-004
   3.1957331614814892E-005
  -9.7566472679689085E-005
   1.2865195847386996E-004
   1.2865859271391728E-004
   7.9364510523635852E-005
   7.9553853004273880E-005
  -8.4228754753883653E-005
  -6.8073579843916734E-005
   7.6214692735291912E-005
  -7.0402943751299583E-005
   1.5645942087094743E-005
  -1.1109736916118736E-005
   8.4175986282178025E-005
   3.6630320161962364E-005
  -7.7921142896704345E-005
  -1.1255352386454468E-004
   3.5222437613688223E-005
   5.4200411777130978E-005
  -9.7591844089099487E-006
   6.6376401922425425E-005
   2.8845867864116114E-006
   4.8592543184934096E-005
  -1.1392522356685142E-004
  -7.5252595183474653E-005
  -7.5252595183478448E-005
  -1.6515066646610087E-004
   6.8069277553989017E-005
   6.8069277553989058E-005
   1.1910758298153609E-004
   1.4783156123236351E-005
  -6.3201499814253347E-005
  -2.5539549627410768E-005
  -6.3201499814251680E-005
   1.4783156123234573E-005
  -2.5539549627411079E-005
   2.5281195161950403E-005
   2.5281195161951196E-005
  -1.2006434129552809E-004
   4.9057708371860838E-005
   4.9057708371860262E-005
   2.4869890451409697E-004
  -5.1928460107199948E-005
   2.1866341028513263E-005
   6.2127009498507121E-005
   2.1866341028514066E-005
  -5.1928460107201777E-005
   6.2127009498506606E-005
   1.1505827797635932E-004
   1.1505827797635817E-004
   1.1505827797635760E-004
  -2.6259601914820992E-005
  -2.6259601914820965E-005
  -6.9187812971744583E-006
  -2.6259601914820517E-005
  -6.9187812971758914E-006
  -2.6259601914820490E-005
  -6.9187812971760481E-006
  -2.6259601914821270E-005
  -2.6259601914821503E-005
   4.0900941413394320E-005
   4.0900941413396516E-005
  -1.3051771509967085E-005
  -8.4670802730073765E-006
  -8.4670802730104817E-006
   1.5116468906653470E-004
  -6.3281696825413295E-005
   4.7469815201378443E-005
  -1.2253687788243698E-005
   4.7469815201378897E-005
  -6.3281696825412618E-005
  -1.2253687788243716E-005
  -2.0182047869945276E-005
  -2.0182047869946530E-005
   2.1649125799083361E-004
  -7.6865590254492723E-006
  -7.6865590254496823E-006
  -2.3347292293111744E-005
   6.9942434313170852E-005
   1.7125998794062844E-004
  -8.7657112841210948E-005
   1.7125998794062831E-004
   6.9942434313169320E-005
  -8.7657112841211897E-005
  -3.4395372784553374E-005
  -3.4395372784556274E-005
  -1.5410833359393207E-006
  -3.3260902532693170E-005
  -3.3260902532691923E-005
  -1.2642238912610820E-005
   3.2544362114531440E-005
  -1.1383857637968496E-004
   1.3247749587163665E-004
  -1.1383857637968289E-004
   3.2544362114531922E-005
   1.3247749587163408E-004
   9.2021273542042877E-005
   9.2021273542042850E-005
   2.2698206240392448E-004
  -3.3604206709966424E-005
  -3.3604206709965875E-005
   2.4647475555542804E-005
  -1.8211066148760723E-005
   8.0611411119470158E-007
   9.5574288425115392E-005
   8.0611411119419506E-007
  -1.8211066148760093E-005
   9.5574288425113833E-005
   9.6124379518121522E-005
   2.2285757527601490E-005
   4.9623540841982476E-005
  -5.4196242132635638E-005
   1.7204211261863414E-005
  -6.2101746791213972E-005
   6.7446587247330480E-005
   6.2049576679299652E-005
  -4.9919636453911147E-005
  -1.2648916456978047E-005
  -9.1925914826961863E-005
   4.5250387033200589E-005
  -7.2702682733697915E-005
   4.1312751293390293E-005
   6.7743223389557210E-005
  -2.1092097153670472E-005
  -1.6612512429633024E-004
  -1.1075696202215079E-004
  -3.8414251373393972E-005
   4.5992919206236866E-005
   1.5301418268881832E-005
   1.9179242997861369E-005
   4.3344042499512668E-005
  -4.4036079594808083E-005
   4.0900941413396285E-005
  -1.3051771509965002E-005
   4.0900941413395215E-005
  -6.3281696825412740E-005
  -1.2253687788245595E-005
   4.7469815201378402E-005
  -8.4670802730079339E-006
   1.5116468906653445E-004
  -8.4670802730096635E-006
   4.7469815201378443E-005
  -1.2253687788243731E-005
  -6.3281696825413810E-005
  -1.2898498605995356E-004
  -3.5801870016435554E-005
  -3.5801870016433772E-005
  -4.2411423984609721E-005
   6.9121893433947788E-006
   1.1754512297036227E-004
  -4.2411423984610141E-005
   1.1754512297036202E-004
   6.9121893433949169E-006
   9.9696514339582713E-005
   5.8670634454474789E-005
   5.8670634454475453E-005
  -9.8637280531571020E-005
   7.1845735031091791E-006
  -1.7769758885512958E-004
   9.9902978026846054E-005
  -7.0379725247913874E-005
  -7.9085045752457154E-005
   9.2984668803335388E-005
  -2.8475544778883681E-005
   5.0564760112185195E-005
   3.3455921515233564E-005
  -1.1873489500312176E-004
   1.4171852665489896E-004
   1.6065674685745030E-005
   1.1533893898010651E-006
  -8.7458486040789307E-006
  -4.9367697363791073E-005
  -2.7133210933207112E-005
  -9.6729289085278991E-005
   1.0024213424931115E-004
  -1.3661457766873895E-004
   4.4889125753278897E-006
  -1.9665059017295918E-005
   1.1381581884046152E-004
   1.2473608711655989E-004
   4.8046914149526239E-005
   5.6783418309424610E-005
   6.8382368779623589E-005
   1.4053468263547432E-004
  -7.4262760777207184E-005
  -4.4734436063794769E-005
   1.2485078559122630E-005
  -5.6167050146028408E-005
   4.6631577821286852E-005
  -1.9444878915814940E-005
  -6.0460320249980635E-006
  -5.4213662668748804E-005
   5.8406533812662547E-005
  -1.4648193785781233E-004
  -9.7917623029009369E-005
   1.0372331444385718E-004
  -6.8431844301299673E-005
   4.9911776448388341E-006
   3.6460600720296897E-005
   7.8219723210415577E-005
  -7.4425435474242407E-005
  -1.6469716834994295E-004
   1.3871311557332153E-004
  -5.3524235998248339E-005
   6.1247200193536653E-005
  -7.8972773908461203E-005
  -2.9637522321808348E-005
  -1.3942342202987915E-004
   3.0310011615659050E-005
  -1.5415370073677465E-004
  -1.1330878601842776E-004
   9.7331146941152409E-005
   3.2098803184548828E-005
   2.1096140975737668E-005
   8.6582764571304860E-005
  -9.2189350189790111E-005
  -2.0182047869946845E-005
   2.1649125799083312E-004
  -2.0182047869946364E-005
   6.9942434313170350E-005
  -8.7657112841210284E-005
   1.7125998794062779E-004
  -7.6865590254466025E-006
  -2.3347292293110639E-005
  -7.6865590254467516E-006
   1.7125998794062861E-004
  -8.7657112841210135E-005
   6.9942434313169374E-005
  -9.8637280531571454E-005
  -1.7769758885513004E-004
   7.1845735031093231E-006
   9.2984668803336825E-005
   5.0564760112186862E-005
  -2.8475544778884477E-005
   9.9902978026845973E-005
  -7.9085045752458658E-005
  -7.0379725247911434E-005
   3.3455921515234370E-005
   1.4171852665489869E-004
  -1.1873489500312086E-004
   2.2250880995046117E-004
   1.1065307751596628E-006
   1.1065307751570224E-006
  -3.7620177266518544E-005
  -3.3728759667725568E-005
  -3.3482243313694566E-005
  -3.7620177266517677E-005
  -3.3482243313695386E-005
  -3.3728759667726131E-005
  -4.5213983640161113E-005
  -1.5980474895725415E-005
  -1.5980474895724490E-005
  -1.2961892755547965E-004
   1.8164462106071996E-005
  -1.3394634511197572E-004
  -8.0022759825197417E-005
   3.3848934250631052E-005
  -1.9270197325136025E-005
  -3.5593920506541491E-005
   7.0178026324299909E-005
   6.8560602025577252E-005
   6.0130228301295615E-005
  -1.2914423142151073E-004
   6.1186465584467823E-005
   1.0310160692584564E-004
  -5.6544306566975059E-005
  -5.1717225650414322E-006
  -4.1688329784134718E-005
  -1.2714936915781671E-004
   7.4142813297143833E-005
  -3.1104764012979447E-005
   2.0434725681649355E-005
  -9.4281785787197044E-005
  -5.4112794254806865E-006
  -1.2483259049943116E-004
   5.1317102043079549E-005
  -1.4233228050952582E-005
   2.3878376818161974E-005
   2.4120329312925945E-004
   3.7585822896086105E-005
  -3.1545197762661279E-005
   7.1549710660549616E-005
  -2.8806812352230495E-005
  -6.8146727150442189E-005
   1.5156743759145027E-004
   7.7121238661959142E-005
   1.1764353072983038E-004
  -3.4405338683465550E-005
   1.2873748345507147E-004
  -9.7566472679693923E-005
   3.1957331614813381E-005
   7.9553853004270234E-005
  -6.8073579843920488E-005
  -8.4228754753882989E-005
   1.2865195847386820E-004
   7.9364510523632952E-005
   1.2865859271391712E-004
   7.6214692735292292E-005
   1.5645942087098016E-005
  -7.0402943751296128E-005
  -3.4395372784552839E-005
  -1.5410833359433759E-006
  -3.4395372784554878E-005
   3.2544362114530302E-005
   1.3247749587163662E-004
  -1.1383857637968633E-004
  -3.3260902532693116E-005
  -1.2642238912609868E-005
  -3.3260902532692106E-005
  -1.1383857637968439E-004
   1.3247749587163562E-004
   3.2544362114532348E-005
   1.6065674685746568E-005
  -8.7458486040806264E-006
   1.1533893898001886E-006
   1.0024213424931287E-004
   4.4889125753245948E-006
  -1.3661457766874185E-004
  -4.9367697363789487E-005
  -9.6729289085278680E-005
  -2.7133210933204201E-005
  -1.9665059017299137E-005
   1.2473608711656138E-004
   1.1381581884046296E-004
  -1.2961892755547784E-004
  -1.3394634511197523E-004
   1.8164462106071156E-005
  -3.5593920506541931E-005
   6.8560602025578743E-005
   7.0178026324294989E-005
  -8.0022759825195113E-005
  -1.9270197325136042E-005
   3.3848934250635301E-005
   6.0130228301302141E-005
   6.1186465584466983E-005
  -1.2914423142151269E-004
   4.1579561070450255E-005
   1.2949887516662206E-004
   1.2949887516662388E-004
  -5.5064400478796365E-005
  -2.6657915015447400E-005
  -1.6427379766870332E-005
  -5.5064400478798547E-005
  -1.6427379766871230E-005
  -2.6657915015441955E-005
  -3.1977318400822075E-005
   1.0672446440567181E-004
   1.0672446440566753E-004
  -9.1942429248409066E-006
  -1.5170519402014942E-004
  -9.0396589145209160E-005
   4.5673771754498227E-005
  -8.5461801091632063E-005
   3.0422352408819467E-005
  -9.1110099728384554E-005
   3.3553499770825122E-005
  -4.5918354625788007E-005
   2.3899612447879384E-004
  -2.1903507633556186E-005
  -7.0934840566482828E-005
  -7.8991436106338965E-005
   2.8103850117960380E-005
   1.6389351005178816E-004
  -7.2014599902142548E-005
  -1.3836239095982579E-004
  -7.6550365699279589E-006
  -4.9360249345248586E-005
  -3.8552042307059778E-005
   1.9846634507887647E-005
  -1.8325075539837858E-005
   2.8622137706353727E-005
  -6.4276210451535274E-006
  -1.1109736916116634E-005
   3.6630320161965732E-005
   8.4175986282177768E-005
   5.4200411777131439E-005
   6.6376401922428095E-005
  -9.7591844089126372E-006
  -7.7921142896705321E-005
   3.5222437613687294E-005
  -1.1255352386454830E-004
   2.8845867864105378E-006
  -1.1392522356685062E-004
   4.8592543184934015E-005
   9.2021273542043731E-005
   2.2698206240392494E-004
   9.2021273542040437E-005
  -1.8211066148758663E-005
   9.5574288425113115E-005
   8.0611411119688184E-007
  -3.3604206709963496E-005
   2.4647475555543366E-005
  -3.3604206709966010E-005
   8.0611411119586562E-007
   9.5574288425114525E-005
  -1.8211066148762014E-005
   4.8046914149525771E-005
   6.8382368779623697E-005
   5.6783418309425301E-005
   1.2485078559120445E-005
   4.6631577821282461E-005
  -5.6167050146028097E-005
   1.4053468263547497E-004
  -4.4734436063794966E-005
  -7.4262760777205056E-005
  -1.9444878915815103E-005
  -5.4213662668745375E-005
  -6.0460320249992705E-006
   1.0310160692584692E-004
  -5.1717225650434727E-006
  -5.6544306566973487E-005
  -3.1104764012976317E-005
  -9.4281785787196366E-005
   2.0434725681650843E-005
  -4.1688329784135036E-005
   7.4142813297146395E-005
  -1.2714936915781929E-004
  -5.4112794254828100E-006
   5.1317102043079875E-005
  -1.2483259049943213E-004
  -9.1942429248414216E-006
  -9.0396589145212277E-005
  -1.5170519402014741E-004
  -9.1110099728382508E-005
  -4.5918354625786340E-005
   3.3553499770826640E-005
   4.5673771754497590E-005
   3.0422352408818931E-005
  -8.5461801091630979E-005
   2.3899612447878980E-004
  -7.0934840566486853E-005
  -2.1903507633554702E-005
   1.8215707848072239E-004
   4.5537453573221904E-005
   4.5537453573222832E-005
  -3.0259445764531630E-005
  -2.1711912174449018E-005
  -1.7644588717182139E-004
  -3.0259445764527334E-005
  -1.7644588717182297E-004
  -2.1711912174447788E-005
  -5.3079857681308134E-005
   1.4381566228570351E-004
   1.4381566228570123E-004
   1.6268472865686922E-005
  -3.6997258037941578E-005
  -3.6997258037937370E-005
  -3.8268529541501908E-006
   1.3225350466455936E-004
   2.2545599932478799E-005
  -3.8268529541481104E-006
   2.2545599932486202E-005
   1.3225350466456064E-004
   4.4217454736408475E-005
   4.8444388208281621E-005
   4.8444388208282319E-005
  -2.4558166596060102E-005
   2.6239785546370130E-005
   8.1165209367326386E-005
   7.2550716124142221E-006
   2.5475304323578791E-005
  -1.0927067225770094E-005
  -1.5072468116591529E-004
  -4.3659736564167477E-005
  -2.3870656048168251E-005
  -8.6265293018548839E-005
  -1.8969404610367309E-005
  -3.2553649091248617E-005
   2.2285757527600063E-005
   4.9623540841984888E-005
   9.6124379518121766E-005
  -9.1925914826961633E-005
   4.5250387033203218E-005
  -1.2648916456973932E-005
   1.7204211261863140E-005
  -6.2101746791216506E-005
  -5.4196242132637217E-005
   6.2049576679297470E-005
  -4.9919636453911777E-005
   6.7446587247328501E-005
   1.1936501924467127E-004
   7.0314715778675241E-005
   1.1936501924466870E-004
   1.0323749699861560E-004
   2.0713345387741614E-005
   3.9671964358135725E-005
  -3.6846962655555943E-005
   2.8347627819078774E-004
  -3.6846962655553734E-005
   3.9671964358136742E-005
   2.0713345387744029E-005
   1.0323749699861461E-004
  -2.1935345315907287E-005
   2.8028438544471252E-005
  -8.9729910908939492E-006
  -6.0744582989351191E-005
   8.0386995816568460E-005
  -1.3235488613482158E-004
   8.9118869929788032E-005
  -3.1738448503139860E-005
   2.4711583894696140E-006
  -2.0468840848669017E-005
   7.6101825114459161E-005
  -1.0394381238268818E-004
   4.0547716382018651E-005
  -9.3452201304887093E-005
   3.5971187302043672E-005
   6.2175068028655161E-006
  -4.2049089069518108E-005
  -1.5999242725077126E-005
  -4.9938534424522270E-005
  -2.5606104524053738E-005
  -8.1426388767229078E-005
   1.0214731091963064E-005
   3.1404934056147606E-005
  -3.2785801179642220E-005
  -8.6793334416729098E-005
   1.1766454618171979E-005
  -7.2801249530505616E-005
   8.3344434413427086E-005
   4.6354176830271763E-005
  -5.7895023573644116E-005
  -1.4503312880297070E-005
   3.2601726814857015E-007
   1.3913056711954969E-005
  -6.4186553213822176E-005
   3.2599051846798282E-005
  -1.2961295244734898E-005
  -2.4558166596061888E-005
   8.1165209367327403E-005
   2.6239785546365692E-005
  -1.5072468116591144E-004
  -2.3870656048169251E-005
  -4.3659736564169232E-005
   7.2550716124227153E-006
  -1.0927067225771589E-005
   2.5475304323581986E-005
  -8.6265293018548121E-005
  -3.2553649091246198E-005
  -1.8969404610367316E-005
   1.0047737620821492E-004
   9.1226273033435240E-005
   9.1226273033433221E-005
   4.3772765820486311E-006
   5.3723293220411595E-005
  -1.9272157477849399E-005
   4.3772765820498254E-006
  -1.9272157477849016E-005
   5.3723293220412429E-005
  -1.1485170473988631E-004
  -2.4673976187496353E-005
  -2.4673976187495448E-005
   4.1312751293390476E-005
   6.7743223389556546E-005
  -7.2702682733700395E-005
   4.3344042499513197E-005
  -4.4036079594807785E-005
   1.9179242997862138E-005
  -1.6612512429633059E-004
  -1.1075696202215102E-004
  -2.1092097153670912E-005
   4.5992919206236216E-005
   1.5301418268883540E-005
  -3.8414251373390184E-005
   2.9053979542059750E-005
   8.3814727187166366E-005
   2.9053979542059723E-005
  -8.6688436300928499E-005
   1.2129480500118945E-004
  -5.1828725853085976E-005
   9.7142120782172037E-005
   1.7907931672410637E-005
   9.7142120782174707E-005
  -5.1828725853083916E-005
   1.2129480500119280E-004
  -8.6688436300929271E-005
   8.4441467392388315E-005
  -8.8002049252107332E-005
   1.0221781321434528E-004
  -5.4652815676487614E-005
  -4.2427418724938178E-005
   8.4054204861828001E-005
  -1.2709884983109834E-004
  -1.0829393900341219E-005
   5.6403288300173728E-005
  -4.1877916299356756E-005
   9.9442545390246041E-005
   3.7529530473612431E-005
   3.5941700258129688E-005
  -4.7027064611482731E-005
  -8.6905131625422756E-005
   5.8465978337316714E-005
  -3.0527028196704860E-005
   1.2644247858296909E-004
  -1.7085752768742648E-004
  -1.0222393165898989E-004
   5.9323607342504862E-005
  -2.3995450988161573E-005
  -5.7676935078879827E-005
   9.0812532618351029E-006
  -9.1219671801186033E-005
   9.6911738020297606E-006
  -2.7604152290843305E-005
   7.1039304511832161E-006
  -5.0347905161748592E-005
   2.2874788428690456E-005
   3.6883010987077377E-005
   1.1607818879609435E-004
   3.3006210095493563E-005
  -6.2557760092407435E-005
  -4.4353628171252211E-005
   1.0437235253798066E-005
   2.2285757527600646E-005
   9.6124379518122295E-005
   4.9623540841981947E-005
   1.7204211261865728E-005
  -5.4196242132635693E-005
  -6.2101746791213064E-005
  -9.1925914826960006E-005
  -1.2648916456976744E-005
   4.5250387033201883E-005
   6.2049576679297538E-005
   6.7446587247331605E-005
  -4.9919636453910605E-005
   4.1312751293391350E-005
  -7.2702682733698308E-005
   6.7743223389556858E-005
  -1.6612512429632975E-004
  -2.1092097153674717E-005
  -1.1075696202215074E-004
   4.3344042499514836E-005
   1.9179242997863561E-005
  -4.4036079594808714E-005
   4.5992919206238872E-005
  -3.8414251373395686E-005
   1.5301418268880090E-005
  -1.3051771509966889E-005
   4.0900941413396136E-005
   4.0900941413397525E-005
  -1.2253687788244841E-005
  -6.3281696825413065E-005
   4.7469815201377968E-005
  -1.2253687788244711E-005
   4.7469815201379500E-005
  -6.3281696825411167E-005
   1.5116468906653470E-004
  -8.4670802730084370E-006
  -8.4670802730084065E-006
  -3.5801870016435053E-005
  -1.2898498605995584E-004
  -3.5801870016434612E-005
   6.9121893433968524E-006
  -4.2411423984609531E-005
   1.1754512297036123E-004
   5.8670634454471814E-005
   9.9696514339587931E-005
   5.8670634454475257E-005
   1.1754512297036181E-004
  -4.2411423984610520E-005
   6.9121893433960951E-006
   7.1845735031100718E-006
  -9.8637280531570356E-005
  -1.7769758885512952E-004
  -7.0379725247911895E-005
   9.9902978026841433E-005
  -7.9085045752456869E-005
  -1.1873489500312286E-004
   3.3455921515233022E-005
   1.4171852665489676E-004
  -2.8475544778884772E-005
   9.2984668803333816E-005
   5.0564760112189688E-005
   1.1533893898013065E-006
   1.6065674685745514E-005
  -8.7458486040788578E-006
  -2.7133210933205214E-005
  -4.9367697363789867E-005
  -9.6729289085285470E-005
   1.1381581884046338E-004
  -1.9665059017299632E-005
   1.2473608711656114E-004
  -1.3661457766874071E-004
   1.0024213424930606E-004
   4.4889125753342111E-006
   5.6783418309428120E-005
   4.8046914149529803E-005
   6.8382368779622735E-005
  -7.4262760777207306E-005
   1.4053468263547630E-004
  -4.4734436063794654E-005
  -6.0460320249963957E-006
  -1.9444878915817217E-005
  -5.4213662668747001E-005
  -5.6167050146031668E-005
   1.2485078559122261E-005
   4.6631577821285138E-005
   1.1936501924466824E-004
   1.1936501924466899E-004
   7.0314715778675146E-005
  -3.6846962655555238E-005
  -3.6846962655555455E-005
   2.8347627819078536E-004
   1.0323749699861623E-004
   3.9671964358138565E-005
   2.0713345387742556E-005
   3.9671964358138646E-005
   1.0323749699861315E-004
   2.0713345387744924E-005
   2.9053979542058344E-005
   2.9053979542061797E-005
   8.3814727187167545E-005
   9.7142120782168798E-005
   9.7142120782169110E-005
   1.7907931672407639E-005
  -8.6688436300932131E-005
  -5.1828725853082290E-005
   1.2129480500119233E-004
  -5.1828725853084051E-005
  -8.6688436300930925E-005
   1.2129480500119031E-004
  -3.5801870016434721E-005
  -3.5801870016435304E-005
  -1.2898498605995470E-004
   5.8670634454474898E-005
   5.8670634454475209E-005
   9.9696514339586047E-005
   6.9121893433972945E-006
   1.1754512297036108E-004
  -4.2411423984612729E-005
   1.1754512297036123E-004
   6.9121893433967422E-006
  -4.2411423984611022E-005
   1.5833175617170636E-004
   1.5833175617170614E-004
   1.5833175617170565E-004
  -2.4358361101124156E-006
  -2.4358361101123961E-006
  -8.2912141203390704E-005
  -2.4358361101141948E-006
  -8.2912141203392086E-005
  -2.4358361101155844E-006
  -8.2912141203393238E-005
  -2.4358361101156551E-006
  -2.4358361101159558E-006
   8.4457989575056672E-005
   8.4457989575057214E-005
   2.0599171090500641E-005
  -7.0104274986228427E-005
  -7.0104274986229877E-005
   4.9846540661398529E-005
   6.8646754142181259E-005
   1.1898026372853993E-004
  -3.2822055203399386E-005
   1.1898026372853802E-004
   6.8646754142178223E-005
  -3.2822055203400660E-005
  -4.8653267206987219E-005
  -4.8653267206981812E-005
   1.0892012079409508E-004
   2.7994197012987169E-005
   2.7994197012988890E-005
   7.4928895189288955E-006
  -1.0132481291350324E-005
   8.2105006736143409E-005
  -8.7032743274219234E-005
   8.2105006736139249E-005
  -1.0132481291356755E-005
  -8.7032743274218340E-005
   7.6810145559780502E-005
   7.6810145559779553E-005
  -7.1865441584308647E-005
   5.7096525062403112E-005
   5.7096525062404779E-005
  -1.3567463180319569E-004
  -4.6810818905445957E-005
   4.2404872452556261E-005
  -1.6645636477349832E-004
   4.2404872452554628E-005
  -4.6810818905445930E-005
  -1.6645636477349610E-004
  -2.1935345315917292E-005
  -8.9729910908974034E-006
   2.8028438544474901E-005
   8.9118869929784143E-005
   2.4711583894703895E-006
  -3.1738448503139270E-005
  -6.0744582989347098E-005
  -1.3235488613481781E-004
   8.0386995816568676E-005
  -2.0468840848671376E-005
  -1.0394381238268725E-004
   7.6101825114461411E-005
   8.4441467392386188E-005
   1.0221781321434302E-004
  -8.8002049252106817E-005
  -1.2709884983109958E-004
   5.6403288300172461E-005
  -1.0829393900338922E-005
  -5.4652815676489600E-005
   8.4054204861831890E-005
  -4.2427418724942190E-005
  -4.1877916299355021E-005
   3.7529530473608555E-005
   9.9442545390246976E-005
   7.1845735031087412E-006
  -1.7769758885512882E-004
  -9.8637280531567944E-005
  -1.1873489500312563E-004
   1.4171852665489820E-004
   3.3455921515229647E-005
  -7.0379725247910296E-005
  -7.9085045752459471E-005
   9.9902978026844455E-005
  -2.8475544778885852E-005
   5.0564760112190826E-005
   9.2984668803335117E-005
   8.4457989575056685E-005
   2.0599171090504093E-005
   8.4457989575054368E-005
   6.8646754142179172E-005
  -3.2822055203399271E-005
   1.1898026372854024E-004
  -7.0104274986230718E-005
   4.9846540661400467E-005
  -7.0104274986227926E-005
   1.1898026372853703E-004
  -3.2822055203399867E-005
   6.8646754142177600E-005
   3.1942439325834548E-005
  -4.8625503687095717E-005
  -4.8625503687095961E-005
   1.0411451101361708E-004
  -4.6747256158915333E-005
  -2.0690337261946811E-005
   1.0411451101361421E-004
  -2.0690337261940923E-005
  -4.6747256158910569E-005
  -1.1321136533739144E-004
   1.7357388077862490E-006
   1.7357388077902818E-006
   3.5580168037397861E-005
   6.2833447557881975E-006
  -6.7994563632217951E-005
   9.1869981754822262E-006
   6.1987663410181798E-005
  -7.6040054200070305E-005
   5.7110686949513658E-005
   1.7724904226998377E-005
   2.1140957790661490E-005
   2.6477692599508135E-005
   6.7124184038458236E-005
  -7.8461468640696717E-005
  -1.8064117687636216E-005
  -1.4176570996324029E-004
  -2.8266037471806996E-005
  -2.1094648126936721E-005
  -6.1496575696174850E-005
   1.1655697768624751E-004
   9.0548408344502920E-005
  -6.4792109797196643E-005
  -4.3429924091684481E-005
   8.5990770159522455E-005
   2.1350278040772735E-006
   1.9963236886737665E-005
   4.0547716382014382E-005
   3.5971187302037194E-005
  -9.3452201304889396E-005
  -4.9938534424520888E-005
  -8.1426388767233320E-005
  -2.5606104524053009E-005
   6.2175068028697767E-006
  -1.5999242725075069E-005
  -4.2049089069517925E-005
   1.0214731091968210E-005
  -3.2785801179633784E-005
   3.1404934056149653E-005
   3.5941700258129464E-005
  -8.6905131625424138E-005
  -4.7027064611487624E-005
  -1.7085752768742813E-004
   5.9323607342501243E-005
  -1.0222393165899115E-004
   5.8465978337316924E-005
   1.2644247858296709E-004
  -3.0527028196708282E-005
  -2.3995450988159906E-005
   9.0812532618409135E-006
  -5.7676935078875951E-005
   1.1533893898012667E-006
  -8.7458486040795558E-006
   1.6065674685743180E-005
   1.1381581884045762E-004
   1.2473608711656211E-004
  -1.9665059017299886E-005
  -2.7133210933214372E-005
  -9.6729289085277487E-005
  -4.9367697363789900E-005
  -1.3661457766873887E-004
   4.4889125753211872E-006
   1.0024213424930844E-004
  -4.8653267206982902E-005
   1.0892012079410042E-004
  -4.8653267206980510E-005
  -1.0132481291360723E-005
  -8.7032743274221999E-005
   8.2105006736142406E-005
   2.7994197012990997E-005
   7.4928895189311113E-006
   2.7994197012988517E-005
   8.2105006736137988E-005
  -8.7032743274222013E-005
  -1.0132481291361410E-005
   3.5580168037398220E-005
  -6.7994563632219754E-005
   6.2833447557874284E-006
   5.7110686949515820E-005
   2.1140957790659332E-005
   1.7724904227000111E-005
   9.1869981754822414E-006
  -7.6040054200066239E-005
   6.1987663410179725E-005
   2.6477692599507542E-005
  -7.8461468640697422E-005
   6.7124184038456841E-005
  -4.7948101964793992E-005
  -2.7351717345800907E-005
  -2.7351717345804485E-005
  -2.0695474114594495E-005
   5.0218033716371254E-005
  -3.6751702181259895E-005
  -2.0695474114595617E-005
  -3.6751702181261603E-005
   5.0218033716370630E-005
  -4.7746257744442630E-005
   8.4736564354592040E-005
   8.4736564354594750E-005
   5.5777090720171831E-005
  -2.5339579517940142E-005
  -1.1525785339834224E-005
   2.7253356690428683E-005
  -5.3439018447197655E-005
  -5.6538249811769577E-005
   6.5046831674656049E-006
  -5.6107123756160569E-005
  -4.4618563894004731E-005
   8.1758618647394677E-005
   5.7134600009031931E-006
   5.3823971806819097E-006
  -8.6793334416729017E-005
  -7.2801249530502160E-005
   1.1766454618171393E-005
  -1.4503312880296927E-005
   1.3913056711947945E-005
   3.2601726814517218E-007
   8.3344434413419943E-005
  -5.7895023573644258E-005
   4.6354176830268829E-005
  -6.4186553213816660E-005
  -1.2961295244737394E-005
   3.2599051846798702E-005
  -9.1219671801184217E-005
  -2.7604152290842299E-005
   9.6911738020305856E-006
   3.6883010987072545E-005
   3.3006210095487572E-005
   1.1607818879609557E-004
   7.1039304511841622E-006
   2.2874788428692801E-005
  -5.0347905161746931E-005
  -6.2557760092408899E-005
   1.0437235253796939E-005
  -4.4353628171253323E-005
   5.6783418309427856E-005
   6.8382368779622003E-005
   4.8046914149528983E-005
  -6.0460320249980144E-006
  -5.4213662668748485E-005
  -1.9444878915817658E-005
  -7.4262760777208566E-005
  -4.4734436063798882E-005
   1.4053468263547372E-004
  -5.6167050146029391E-005
   4.6631577821284440E-005
   1.2485078559122261E-005
   7.6810145559779648E-005
  -7.1865441584308701E-005
   7.6810145559777845E-005
  -4.6810818905449589E-005
  -1.6645636477350247E-004
   4.2404872452555129E-005
   5.7096525062404169E-005
  -1.3567463180319672E-004
   5.7096525062402353E-005
   4.2404872452554086E-005
  -1.6645636477349829E-004
  -4.6810818905447739E-005
  -1.8064117687637893E-005
  -2.8266037471804502E-005
  -1.4176570996323306E-004
   9.0548408344498637E-005
  -4.3429924091675468E-005
  -6.4792109797190124E-005
  -2.1094648126940685E-005
   1.1655697768624628E-004
  -6.1496575696179254E-005
   8.5990770159524732E-005
   1.9963236886736438E-005
   2.1350278040727525E-006
   5.5777090720171933E-005
  -1.1525785339834660E-005
  -2.5339579517939878E-005
   6.5046831674670906E-006
  -4.4618563894003667E-005
  -5.6107123756165245E-005
   2.7253356690433122E-005
  -5.6538249811771211E-005
  -5.3439018447194904E-005
   8.1758618647389216E-005
   5.3823971806810220E-006
   5.7134600009042638E-006
   1.9835043063735824E-005
   2.8240707446301475E-005
   2.8240707446299449E-005
  -4.1804430409189309E-005
  -4.3492553310454024E-005
  -3.7661636239461537E-005
  -4.1804430409185589E-005
  -3.7661636239461029E-005
  -4.3492553310453007E-005
   2.1520268669361861E-005
  -5.3417864132628470E-005
  -5.3417864132622724E-005
  -1.7408268928431378E-004
   1.1788475309563244E-004
   1.1788475309563452E-004
  -5.1322600978275229E-005
   1.1355736723261451E-004
   5.3157387167579370E-006
  -5.1322600978276978E-005
   5.3157387167562861E-006
   1.1355736723261592E-004
   7.2466805433406541E-005
   5.8652199360568710E-005
   5.8652199360567551E-005
  -3.3527620650241398E-005
   4.7588466470812470E-005
   4.3264426331257662E-005
   6.7301697883506503E-005
  -1.2173531268697793E-004
   6.7622953311221153E-005
   2.9974516995663353E-005
   1.5083657506868278E-004
   4.8628467684332657E-005
   1.3396865979428642E-005
   5.7391831606858625E-005
   3.4443868413773802E-005
  -1.4648193785781304E-004
  -9.7917623029007892E-005
   5.8406533812656448E-005
   1.3871311557332006E-004
  -5.3524235998247601E-005
  -1.6469716834994171E-004
  -6.8431844301304349E-005
   4.9911776448389814E-006
   1.0372331444385734E-004
   7.8219723210414208E-005
  -7.4425435474240564E-005
   3.6460600720296179E-005
  -8.9729910908909135E-006
   2.8028438544474931E-005
  -2.1935345315914730E-005
  -1.0394381238268981E-004
   7.6101825114460991E-005
  -2.0468840848669770E-005
   2.4711583894705508E-006
  -3.1738448503140117E-005
   8.9118869929787043E-005
  -1.3235488613482009E-004
   8.0386995816570276E-005
  -6.0744582989351272E-005
  -3.6007939214740001E-005
   2.5121898553424103E-005
  -3.6007939214740116E-005
  -1.3555940274618647E-005
   5.0822679778544763E-005
   9.7417066186517969E-005
  -1.8526919080080957E-005
   1.7026455518773145E-004
  -1.8526919080079504E-005
   9.7417066186516844E-005
   5.0822679778545373E-005
  -1.3555940274615579E-005
   4.0792884756698235E-005
  -2.2698004933643844E-005
  -5.7921303507959803E-005
  -3.0289617621159871E-005
  -6.1989826644671421E-006
  -6.1362694421989813E-005
   5.7143822144964451E-006
   7.8060975515625494E-005
  -1.7304478758088870E-005
  -4.8804487358769080E-005
   1.3039077623080378E-005
  -7.4743806784036238E-005
   9.7192919123579845E-005
  -7.4284447559167672E-006
  -6.8224225135424859E-005
   1.4616769128286474E-004
   4.2576442112156276E-006
   1.0292701110735157E-005
  -6.3990343926005204E-005
   9.4393157959255636E-005
  -5.2873711323296760E-005
   5.3323220530285911E-005
   1.6070135158706766E-006
  -5.3720580842708960E-005
  -3.3527620650244739E-005
   4.3264426331254883E-005
   4.7588466470811270E-005
   2.9974516995664224E-005
   4.8628467684329722E-005
   1.5083657506868376E-004
   6.7301697883508115E-005
   6.7622953311223199E-005
  -1.2173531268697603E-004
   1.3396865979424944E-005
   3.4443868413772413E-005
   5.7391831606859398E-005
  -3.2828938785001747E-005
  -2.1604857711385452E-005
  -2.1604857711386692E-005
   2.5551779223518250E-005
  -5.2989704562777943E-005
  -1.4140562632879392E-004
   2.5551779223516881E-005
  -1.4140562632879592E-004
  -5.2989704562780064E-005
  -1.3033938672555656E-005
  -7.5120300653386138E-005
  -7.5120300653391600E-005
  -7.8972773908466827E-005
  -2.9637522321811136E-005
   6.1247200193537913E-005
   8.6582764571312287E-005
  -9.2189350189787752E-005
   2.1096140975737360E-005
   3.0310011615659487E-005
  -1.5415370073677365E-004
  -1.3942342202987362E-004
   9.7331146941154360E-005
   3.2098803184547737E-005
  -1.1330878601843019E-004
   1.0221781321434256E-004
  -8.8002049252108145E-005
   8.4441467392387827E-005
   3.7529530473611861E-005
   9.9442545390244564E-005
  -4.1877916299358247E-005
   5.6403288300175246E-005
  -1.0829393900343796E-005
  -1.2709884983109855E-004
   8.4054204861828001E-005
  -4.2427418724942596E-005
  -5.4652815676489810E-005
   5.5238191400873289E-005
  -7.5765801663819736E-006
   5.5238191400868328E-005
   1.0674844631010534E-004
   6.1683405970582711E-005
   1.0143881156549857E-004
  -2.9034377071094994E-005
   4.9535710128078410E-005
  -2.9034377071096572E-005
   1.0143881156549639E-004
   6.1683405970582061E-005
   1.0674844631010610E-004
  -3.1194184914644835E-005
  -2.1367652226762375E-004
  -1.2097574020543365E-004
   1.6551900024935305E-005
  -4.0854607576526246E-005
  -4.8664706199806925E-005
  -1.3317606320554593E-004
   4.5420047421502925E-005
   2.3671184578594041E-005
  -1.4652980478372952E-004
   5.4097040772665674E-005
  -9.7582155013887663E-006
   9.5589339681127975E-005
   5.9375618810757261E-005
   4.2969788523445494E-005
   7.8429567709605133E-005
   5.4855808496934314E-005
   1.8933491270600034E-004
  -6.0660099526871667E-005
   6.2500826652075298E-005
   1.0413019721226039E-004
   2.5655328272353752E-005
  -9.5275289468452190E-005
  -6.5368122983110337E-005
  -1.4648193785781488E-004
   5.8406533812660087E-005
  -9.7917623029002702E-005
  -6.8431844301301151E-005
   1.0372331444385126E-004
   4.9911776448438815E-006
   1.3871311557331914E-004
  -1.6469716834993740E-004
  -5.3524235998248238E-005
   7.8219723210416579E-005
   3.6460600720295474E-005
  -7.4425435474243992E-005
  -7.8972773908459509E-005
   6.1247200193532790E-005
  -2.9637522321805132E-005
   3.0310011615658186E-005
  -1.3942342202987983E-004
  -1.5415370073677750E-004
   8.6582764571303030E-005
   2.1096140975737421E-005
  -9.2189350189792374E-005
   9.7331146941152490E-005
  -1.1330878601842768E-004
   3.2098803184548523E-005
   2.1649125799083315E-004
  -2.0182047869947499E-005
  -2.0182047869947658E-005
  -8.7657112841213767E-005
   6.9942434313165647E-005
   1.7125998794062974E-004
  -8.7657112841210854E-005
   1.7125998794063039E-004
   6.9942434313170160E-005
  -2.3347292293111964E-005
  -7.6865590254493621E-006
  -7.6865590254503837E-006
  -1.7769758885512790E-004
  -9.8637280531566385E-005
   7.1845735031091765E-006
   5.0564760112184714E-005
   9.2984668803331824E-005
  -2.8475544778883115E-005
   1.4171852665489741E-004
   3.3455921515232839E-005
  -1.1873489500312185E-004
  -7.9085045752457845E-005
   9.9902978026844590E-005
  -7.0379725247911434E-005
   1.1065307751496557E-006
   2.2250880995046212E-004
   1.1065307751553006E-006
  -3.3728759667723115E-005
  -3.7620177266515983E-005
  -3.3482243313693645E-005
  -1.5980474895720804E-005
  -4.5213983640161424E-005
  -1.5980474895719330E-005
  -3.3482243313691619E-005
  -3.7620177266515373E-005
  -3.3728759667724206E-005
   1.8164462106070082E-005
  -1.2961892755547724E-004
  -1.3394634511197396E-004
   3.3848934250627142E-005
  -8.0022759825195994E-005
  -1.9270197325137960E-005
  -1.2914423142151106E-004
   6.0130228301301287E-005
   6.1186465584466657E-005
   7.0178026324297767E-005
  -3.5593920506539770E-005
   6.8560602025576628E-005
  -5.6544306566974408E-005
   1.0310160692584261E-004
  -5.1717225650417811E-006
  -1.2714936915781880E-004
  -4.1688329784134217E-005
   7.4142813297144647E-005
  -1.2483259049942896E-004
  -5.4112794254816013E-006
   5.1317102043082090E-005
   2.0434725681647011E-005
  -3.1104764012979298E-005
  -9.4281785787202492E-005
  -8.9729910908962904E-006
  -2.1935345315914446E-005
   2.8028438544476768E-005
   2.4711583894717473E-006
   8.9118869929786311E-005
  -3.1738448503138993E-005
  -1.0394381238268389E-004
  -2.0468840848673348E-005
   7.6101825114463105E-005
  -1.3235488613482304E-004
  -6.0744582989346529E-005
   8.0386995816570072E-005
   1.0221781321434236E-004
   8.4441467392388573E-005
  -8.8002049252107183E-005
   5.6403288300172054E-005
  -1.2709884983110023E-004
  -1.0829393900339317E-005
   3.7529530473612241E-005
  -4.1877916299357467E-005
   9.9442545390246041E-005
   8.4054204861831294E-005
  -5.4652815676487269E-005
  -4.2427418724942549E-005
  -1.7769758885513253E-004
   7.1845735031100913E-006
  -9.8637280531567117E-005
   1.4171852665489863E-004
  -1.1873489500312473E-004
   3.3455921515227723E-005
   5.0564760112190230E-005
  -2.8475544778885263E-005
   9.2984668803336635E-005
  -7.9085045752461260E-005
  -7.0379725247910702E-005
   9.9902978026843018E-005
   2.0599171090499926E-005
   8.4457989575056685E-005
   8.4457989575057241E-005
  -3.2822055203399054E-005
   6.8646754142180012E-005
   1.1898026372854026E-004
  -3.2822055203398674E-005
   1.1898026372853652E-004
   6.8646754142178996E-005
   4.9846540661403211E-005
  -7.0104274986222681E-005
  -7.0104274986228698E-005
  -4.8625503687097750E-005
   3.1942439325833315E-005
  -4.8625503687095751E-005
  -4.6747256158914167E-005
   1.0411451101361571E-004
  -2.0690337261943349E-005
   1.7357388077907879E-006
  -1.1321136533738844E-004
   1.7357388077887867E-006
  -2.0690337261942939E-005
   1.0411451101361367E-004
  -4.6747256158914689E-005
   6.2833447557883533E-006
   3.5580168037396302E-005
  -6.7994563632218182E-005
   6.1987663410181459E-005
   9.1869981754827225E-006
  -7.6040054200066294E-005
   6.7124184038459402E-005
   2.6477692599507915E-005
  -7.8461468640696744E-005
   1.7724904227000765E-005
   5.7110686949511883E-005
   2.1140957790660250E-005
  -1.4176570996324235E-004
  -1.8064117687636968E-005
  -2.8266037471807284E-005
  -6.1496575696179728E-005
  -2.1094648126942809E-005
   1.1655697768624521E-004
   2.1350278040718449E-006
   8.5990770159525111E-005
   1.9963236886736845E-005
  -6.4792109797197659E-005
   9.0548408344498488E-005
  -4.3429924091682746E-005
  -3.6007939214735739E-005
  -3.6007939214733956E-005
   2.5121898553420759E-005
  -1.8526919080085253E-005
  -1.8526919080081130E-005
   1.7026455518774839E-004
  -1.3555940274615926E-005
   9.7417066186516438E-005
   5.0822679778544899E-005
   9.7417066186516533E-005
  -1.3555940274615770E-005
   5.0822679778545651E-005
   5.5238191400871229E-005
   5.5238191400869758E-005
  -7.5765801663835431E-006
  -2.9034377071097298E-005
  -2.9034377071094723E-005
   4.9535710128076858E-005
   1.0674844631010362E-004
   1.0143881156549638E-004
   6.1683405970586601E-005
   1.0143881156549856E-004
   1.0674844631010403E-004
   6.1683405970582630E-005
   1.1065307751571143E-006
   1.1065307751547087E-006
   2.2250880995046594E-004
  -1.5980474895725540E-005
  -1.5980474895725489E-005
  -4.5213983640158199E-005
  -3.3728759667727852E-005
  -3.3482243313690961E-005
  -3.7620177266515576E-005
  -3.3482243313689999E-005
  -3.3728759667727425E-005
  -3.7620177266513530E-005
  -4.8625503687098401E-005
  -4.8625503687101138E-005
   3.1942439325831702E-005
   1.7357388077851606E-006
   1.7357388077903817E-006
  -1.1321136533738693E-004
  -4.6747256158919060E-005
  -2.0690337261947878E-005
   1.0411451101361739E-004
  -2.0690337261940235E-005
  -4.6747256158913144E-005
   1.0411451101361242E-004
  -2.4938253859045355E-005
  -2.4938253859046639E-005
  -2.4938253859045294E-005
   5.2160451844851027E-006
   5.2160451844824413E-006
   9.6772374442210515E-005
   5.2160451844828902E-006
   9.6772374442208672E-005
   5.2160451844826861E-006
   9.6772374442209431E-005
   5.2160451844821194E-006
   5.2160451844822439E-006
   1.3705505969852666E-004
   1.3705505969852696E-004
  -4.1767524227370797E-005
  -4.8088858392207573E-005
  -4.8088858392196188E-005
   1.1038101966933758E-004
  -1.1439983157425290E-004
  -1.7867643485250438E-004
  -1.0375174376344867E-004
  -1.7867643485250780E-004
  -1.1439983157425489E-004
  -1.0375174376344907E-004
  -3.0256970308605893E-005
  -3.0256970308607421E-005
   5.0888328442486659E-005
   2.7600906068852904E-005
   2.7600906068849516E-005
  -4.7246791111520336E-005
   1.1493554661109262E-004
  -5.1027392121140528E-005
   1.2036677509726460E-005
  -5.1027392121140345E-005
   1.1493554661109259E-004
   1.2036677509731724E-005
   4.0792884756700099E-005
  -5.7921303507953257E-005
  -2.2698004933642008E-005
   5.7143822144956997E-006
  -1.7304478758081149E-005
   7.8060975515621957E-005
  -3.0289617621152532E-005
  -6.1362694421993703E-005
  -6.1989826644666661E-006
  -4.8804487358768348E-005
  -7.4743806784033148E-005
   1.3039077623079536E-005
  -3.1194184914646780E-005
  -1.2097574020543460E-004
  -2.1367652226762457E-004
  -1.3317606320554772E-004
   2.3671184578588830E-005
   4.5420047421500478E-005
   1.6551900024928816E-005
  -4.8664706199803598E-005
  -4.0854607576527093E-005
  -1.4652980478372299E-004
  -9.7582155013854866E-006
   5.4097040772665884E-005
   1.8164462106073639E-005
  -1.3394634511197391E-004
  -1.2961892755548098E-004
  -1.2914423142151225E-004
   6.1186465584468880E-005
   6.0130228301301341E-005
   3.3848934250631913E-005
  -1.9270197325137394E-005
  -8.0022759825196699E-005
   7.0178026324302687E-005
   6.8560602025578959E-005
  -3.5593920506532322E-005
   6.2833447557895468E-006
  -6.7994563632215336E-005
   3.5580168037392996E-005
   6.7124184038456041E-005
  -7.8461468640698642E-005
   2.6477692599507603E-005
   6.1987663410182029E-005
  -7.6040054200062838E-005
   9.1869981754814249E-006
   1.7724904227000315E-005
   2.1140957790663198E-005
   5.7110686949512824E-005
   1.3705505969852417E-004
  -4.1767524227369564E-005
   1.3705505969852810E-004
  -1.1439983157425970E-004
  -1.0375174376344671E-004
  -1.7867643485250796E-004
  -4.8088858392214464E-005
   1.1038101966933611E-004
  -4.8088858392200715E-005
  -1.7867643485250807E-004
  -1.0375174376344774E-004
  -1.1439983157425886E-004
  -2.9529001558134798E-004
  -5.2150242056566238E-005
  -5.2150242056567458E-005
  -5.8588310497902667E-005
   7.2084552911488509E-005
  -4.0404226724404816E-005
  -5.8588310497892868E-005
  -4.0404226724407011E-005
   7.2084552911492330E-005
   1.4362678894547218E-005
  -3.9582530814214952E-005
  -3.9582530814215568E-005
   5.5825543829199697E-006
  -1.7228720649924424E-004
   5.4400182731586340E-005
   6.5112430676450919E-005
   8.7993809572213300E-005
   2.2624507189496807E-005
  -1.8643472611721133E-004
   1.1250752470764631E-004
  -1.9612260347878557E-004
  -9.0269204258673803E-005
  -6.7250190010005554E-005
  -9.9054750026923493E-005
   9.7192919123581010E-005
  -6.8224225135420522E-005
  -7.4284447559156356E-006
  -6.3990343926009731E-005
  -5.2873711323293555E-005
   9.4393157959254620E-005
   1.4616769128286249E-004
   1.0292701110727200E-005
   4.2576442112135329E-006
   5.3323220530285918E-005
  -5.3720580842709705E-005
   1.6070135158676464E-006
   9.5589339681128761E-005
   4.2969788523443475E-005
   5.9375618810759964E-005
  -6.0660099526874235E-005
   1.0413019721225828E-004
   6.2500826652070772E-005
   7.8429567709604726E-005
   1.8933491270599874E-004
   5.4855808496934328E-005
   2.5655328272352255E-005
  -6.5368122983114674E-005
  -9.5275289468453695E-005
  -5.6544306566972409E-005
  -5.1717225650454471E-006
   1.0310160692584591E-004
  -1.2483259049943159E-004
   5.1317102043076622E-005
  -5.4112794254812515E-006
  -1.2714936915782514E-004
   7.4142813297146571E-005
  -4.1688329784135687E-005
   2.0434725681650084E-005
  -9.4281785787192314E-005
  -3.1104764012979203E-005
  -1.4176570996323425E-004
  -2.8266037471804797E-005
  -1.8064117687634996E-005
   2.1350278040797638E-006
   1.9963236886738356E-005
   8.5990770159518796E-005
  -6.1496575696182846E-005
   1.1655697768624707E-004
  -2.1094648126945002E-005
  -6.4792109797192103E-005
  -4.3429924091680327E-005
   9.0548408344500589E-005
  -3.0256970308604975E-005
   5.0888328442484965E-005
  -3.0256970308604789E-005
   1.1493554661109053E-004
   1.2036677509733587E-005
  -5.1027392121141490E-005
   2.7600906068840541E-005
  -4.7246791111516446E-005
   2.7600906068841666E-005
  -5.1027392121140081E-005
   1.2036677509736484E-005
   1.1493554661109136E-004
   5.5825543829248749E-006
   5.4400182731585289E-005
  -1.7228720649924405E-004
  -1.8643472611721364E-004
  -1.9612260347878663E-004
   1.1250752470764448E-004
   6.5112430676456435E-005
   2.2624507189494653E-005
   8.7993809572212202E-005
  -9.0269204258670402E-005
  -9.9054750026919888E-005
  -6.7250190010004863E-005
   1.4540129604562229E-004
  -1.9276162013002010E-005
  -1.9276162012999756E-005
  -1.9429974745217206E-005
   2.3706477485463166E-005
  -3.1903031280986112E-005
  -1.9429974745208444E-005
  -3.1903031280988429E-005
   2.3706477485465863E-005
  -7.7899540173057021E-005
   2.0702197370137787E-005
   2.0702197370136920E-005
   6.9155974667882588E-005
   7.9833803558775664E-005
   7.9833803558775705E-005
  -1.1685398493106771E-004
  -2.8755941445868026E-005
   8.2151072361085555E-005
  -1.1685398493106700E-004
   8.2151072361087371E-005
  -2.8755941445865779E-005
  -1.5021828052191677E-005
  -4.3468250760314502E-005
  -4.3468250760313994E-005
   5.3800238054649235E-005
  -5.4670454144498107E-005
   8.4760636120107308E-005
   6.5482983687414709E-007
   1.0150694367394965E-005
   8.7522101037091975E-005
   6.2714224707025200E-005
   1.3970559871182326E-004
  -2.5665868752394488E-005
  -8.9926019861045631E-006
   3.2998859488500938E-005
  -1.3227118467937246E-004
   2.3878376818166850E-005
   2.4120329312926167E-004
  -1.4233228050953371E-005
   1.1764353072983520E-004
  -3.4405338683463707E-005
   7.7121238661960334E-005
  -3.1545197762665893E-005
   7.1549710660550076E-005
   3.7585822896088673E-005
  -6.8146727150442325E-005
   1.5156743759145075E-004
  -2.8806812352229882E-005
   3.5971187302042039E-005
  -9.3452201304887214E-005
   4.0547716382015256E-005
  -3.2785801179642498E-005
   3.1404934056147708E-005
   1.0214731091963984E-005
  -8.1426388767230284E-005
  -2.5606104524055239E-005
  -4.9938534424523097E-005
  -1.5999242725078976E-005
  -4.2049089069516130E-005
   6.2175068028666020E-006
  -5.7921303507955154E-005
  -2.2698004933645362E-005
   4.0792884756699448E-005
  -7.4743806784036617E-005
   1.3039077623079031E-005
  -4.8804487358773579E-005
  -1.7304478758086407E-005
   7.8060975515622919E-005
   5.7143822144924573E-006
  -6.1362694421995004E-005
  -6.1989826644671379E-006
  -3.0289617621162808E-005
   7.9527144157764176E-005
  -1.5239421730742811E-004
   7.9527144157766520E-005
   6.1677518642201437E-005
  -5.4741361338668523E-005
  -7.7482723758805439E-005
   1.4842770138132267E-004
   1.8094046371970872E-004
   1.4842770138132381E-004
  -7.7482723758813448E-005
  -5.4741361338666267E-005
   6.1677518642194430E-005
   4.4703733167933532E-005
   4.3898530410650323E-005
  -1.1450587367897478E-004
   1.0913262995843249E-004
   3.1335943633767707E-005
   5.4139219305475992E-005
   6.5890814016112655E-006
   6.3103945165530567E-005
  -7.7546806860192462E-005
  -1.1614255103137133E-004
   1.8712051609560578E-005
   3.2187528971182132E-005
   5.3800238054647805E-005
   8.4760636120108704E-005
  -5.4670454144498080E-005
   6.2714224707021825E-005
  -2.5665868752397598E-005
   1.3970559871181602E-004
   6.5482983687342912E-007
   8.7522101037095323E-005
   1.0150694367394833E-005
  -8.9926019861013258E-006
  -1.3227118467937273E-004
   3.2998859488500694E-005
   3.5433751035624822E-005
  -1.4430512158179979E-005
  -1.4430512158179862E-005
  -1.2241484155660345E-004
  -1.0328376799828219E-004
   8.9367034313472406E-005
  -1.2241484155660291E-004
   8.9367034313470820E-005
  -1.0328376799827883E-004
  -2.8120131279897741E-005
   3.3115409766320739E-005
   3.3115409766323802E-005
  -9.7566472679694479E-005
   3.1957331614814871E-005
   1.2873748345507025E-004
   1.5645942087097186E-005
  -7.0402943751295464E-005
   7.6214692735293701E-005
  -6.8073579843916910E-005
  -8.4228754753883667E-005
   7.9553853004273433E-005
   7.9364510523639457E-005
   1.2865859271391785E-004
   1.2865195847386871E-004
  -8.6905131625427811E-005
  -4.7027064611489555E-005
   3.5941700258128962E-005
   9.0812532618442373E-006
  -5.7676935078876622E-005
  -2.3995450988162007E-005
   5.9323607342503378E-005
  -1.0222393165899245E-004
  -1.7085752768743249E-004
   1.2644247858296866E-004
  -3.0527028196707882E-005
   5.8465978337319987E-005
  -1.2097574020543518E-004
  -2.1367652226762579E-004
  -3.1194184914650838E-005
  -9.7582155013982040E-006
   5.4097040772665755E-005
  -1.4652980478373142E-004
   2.3671184578583809E-005
   4.5420047421509958E-005
  -1.3317606320554609E-004
  -4.8664706199805069E-005
  -4.0854607576529431E-005
   1.6551900024931805E-005
   5.0535192937621090E-005
   1.4332901371460176E-004
   5.0535192937617980E-005
   6.2563908497374016E-006
   1.1024880439772647E-004
  -7.0793253033336879E-006
  -2.8699799940684708E-005
  -1.2926586217978190E-004
  -2.8699799940683430E-005
  -7.0793253033312315E-006
   1.1024880439772667E-004
   6.2563908497352315E-006
  -5.0699142010591400E-005
  -1.2733406279945880E-004
   1.5483800429780031E-004
  -8.0198816712437161E-005
   9.6202487812613422E-005
   7.7893400210711354E-005
   4.7064650688331445E-005
  -5.6568172522252036E-005
  -1.7165304597882655E-005
  -4.4994252960951836E-006
  -4.2393722606113403E-006
  -1.2865528527246820E-004
   2.3878376818160917E-005
  -1.4233228050949401E-005
   2.4120329312926218E-004
  -3.1545197762662580E-005
   3.7585822896086206E-005
   7.1549710660550646E-005
   1.1764353072982750E-004
   7.7121238661957082E-005
  -3.4405338683461491E-005
  -6.8146727150443395E-005
  -2.8806812352235706E-005
   1.5156743759145097E-004
  -9.7566472679690074E-005
   1.2873748345507008E-004
   3.1957331614809125E-005
  -6.8073579843912939E-005
   7.9553853004272131E-005
  -8.4228754753883450E-005
   1.5645942087096268E-005
   7.6214692735293118E-005
  -7.0402943751299150E-005
   7.9364510523637153E-005
   1.2865195847386906E-004
   1.2865859271391546E-004
  -1.5410833359397256E-006
  -3.4395372784557555E-005
  -3.4395372784557358E-005
   1.3247749587163557E-004
   3.2544362114530288E-005
  -1.1383857637968461E-004
   1.3247749587163364E-004
  -1.1383857637968477E-004
   3.2544362114530438E-005
  -1.2642238912610639E-005
  -3.3260902532693726E-005
  -3.3260902532692580E-005
  -8.7458486040797438E-006
   1.6065674685745643E-005
   1.1533893897985511E-006
   4.4889125753257959E-006
   1.0024213424931057E-004
  -1.3661457766874006E-004
   1.2473608711656181E-004
  -1.9665059017297521E-005
   1.1381581884046487E-004
  -9.6729289085283328E-005
  -4.9367697363790239E-005
  -2.7133210933211957E-005
  -1.3394634511197640E-004
  -1.2961892755547513E-004
   1.8164462106070397E-005
   6.8560602025580382E-005
  -3.5593920506540861E-005
   7.0178026324302362E-005
   6.1186465584467565E-005
   6.0130228301302913E-005
  -1.2914423142151334E-004
  -1.9270197325137275E-005
  -8.0022759825197119E-005
   3.3848934250629656E-005
   1.2949887516661667E-004
   4.1579561070452430E-005
   1.2949887516662141E-004
  -2.6657915015446895E-005
  -5.5064400478795606E-005
  -1.6427379766868557E-005
   1.0672446440567649E-004
  -3.1977318400824121E-005
   1.0672446440567233E-004
  -1.6427379766872630E-005
  -5.5064400478793485E-005
  -2.6657915015446719E-005
  -1.5170519402014890E-004
  -9.1942429248414640E-006
  -9.0396589145209390E-005
  -8.5461801091628160E-005
   4.5673771754497691E-005
   3.0422352408817139E-005
  -2.1903507633558710E-005
   2.3899612447879053E-004
  -7.0934840566476906E-005
   3.3553499770828314E-005
  -9.1110099728390138E-005
  -4.5918354625787675E-005
   3.5971187302042716E-005
   4.0547716382020155E-005
  -9.3452201304892270E-005
  -8.1426388767230501E-005
  -4.9938534424520746E-005
  -2.5606104524056604E-005
  -3.2785801179641515E-005
   1.0214731091964280E-005
   3.1404934056148717E-005
  -1.5999242725077573E-005
   6.2175068028645133E-006
  -4.2049089069517973E-005
  -8.6905131625424897E-005
   3.5941700258132547E-005
  -4.7027064611487082E-005
   5.9323607342505587E-005
  -1.7085752768742474E-004
  -1.0222393165899160E-004
   9.0812532618424805E-006
  -2.3995450988161692E-005
  -5.7676935078876378E-005
   1.2644247858296532E-004
   5.8465978337315264E-005
  -3.0527028196707401E-005
  -8.7458486040816615E-006
   1.1533893898007765E-006
   1.6065674685745467E-005
   1.2473608711656154E-004
   1.1381581884046532E-004
  -1.9665059017297765E-005
   4.4889125753282319E-006
  -1.3661457766873963E-004
   1.0024213424930898E-004
  -9.6729289085279208E-005
  -2.7133210933211987E-005
  -4.9367697363790558E-005
   1.0892012079409525E-004
  -4.8653267206987131E-005
  -4.8653267206981893E-005
  -8.7032743274216239E-005
  -1.0132481291355339E-005
   8.2105006736140997E-005
  -8.7032743274217012E-005
   8.2105006736141458E-005
  -1.0132481291357294E-005
   7.4928895189296341E-006
   2.7994197012989496E-005
   2.7994197012988531E-005
  -6.7994563632220513E-005
   3.5580168037397576E-005
   6.2833447557896120E-006
   2.1140957790660186E-005
   5.7110686949514315E-005
   1.7724904226999685E-005
  -7.8461468640694888E-005
   2.6477692599508840E-005
   6.7124184038458413E-005
  -7.6040054200067920E-005
   9.1869981754818721E-006
   6.1987663410181907E-005
  -2.7351717345802719E-005
  -4.7948101964792962E-005
  -2.7351717345801008E-005
   5.0218033716368835E-005
  -2.0695474114600797E-005
  -3.6751702181259970E-005
   8.4736564354591972E-005
  -4.7746257744442637E-005
   8.4736564354589722E-005
  -3.6751702181263067E-005
  -2.0695474114599269E-005
   5.0218033716369370E-005
  -2.5339579517938397E-005
   5.5777090720177476E-005
  -1.1525785339834616E-005
  -5.3439018447196537E-005
   2.7253356690427081E-005
  -5.6538249811770181E-005
   5.7134600009049770E-006
   8.1758618647395003E-005
   5.3823971806754061E-006
  -5.6107123756159180E-005
   6.5046831674692446E-006
  -4.4618563894002556E-005
  -5.7921303507951739E-005
   4.0792884756700194E-005
  -2.2698004933644451E-005
  -1.7304478758088138E-005
   5.7143822144952135E-006
   7.8060975515626633E-005
  -7.4743806784034855E-005
  -4.8804487358767196E-005
   1.3039077623079890E-005
  -6.1362694421998690E-005
  -3.0289617621156208E-005
  -6.1989826644672616E-006
  -1.2097574020543526E-004
  -3.1194184914641806E-005
  -2.1367652226762335E-004
   2.3671184578594821E-005
  -1.3317606320555241E-004
   4.5420047421503575E-005
  -9.7582155013916547E-006
  -1.4652980478373318E-004
   5.4097040772666372E-005
  -4.8664706199804459E-005
   1.6551900024930328E-005
  -4.0854607576528977E-005
  -1.3394634511197285E-004
   1.8164462106070055E-005
  -1.2961892755548085E-004
   6.1186465584468717E-005
  -1.2914423142151391E-004
   6.0130228301299512E-005
   6.8560602025577875E-005
   7.0178026324299733E-005
  -3.5593920506539133E-005
  -1.9270197325133250E-005
   3.3848934250638323E-005
  -8.0022759825197634E-005
  -6.7994563632213940E-005
   6.2833447557880272E-006
   3.5580168037395659E-005
  -7.8461468640696568E-005
   6.7124184038458006E-005
   2.6477692599508978E-005
   2.1140957790658973E-005
   1.7724904226998238E-005
   5.7110686949514458E-005
  -7.6040054200064857E-005
   6.1987663410180145E-005
   9.1869981754830275E-006
  -4.1767524227371041E-005
   1.3705505969852615E-004
   1.3705505969852628E-004
  -1.0375174376344702E-004
  -1.1439983157425246E-004
  -1.7867643485250430E-004
  -1.0375174376344714E-004
  -1.7867643485250666E-004
  -1.1439983157426052E-004
   1.1038101966934211E-004
  -4.8088858392207810E-005
  -4.8088858392207200E-005
  -5.2150242056563426E-005
  -2.9529001558134803E-004
  -5.2150242056570419E-005
   7.2084552911484050E-005
  -5.8588310497898513E-005
  -4.0404226724406219E-005
  -3.9582530814212953E-005
   1.4362678894550559E-005
  -3.9582530814218089E-005
  -4.0404226724410549E-005
  -5.8588310497897598E-005
   7.2084552911494282E-005
  -1.7228720649924338E-004
   5.5825543829186780E-006
   5.4400182731587092E-005
   8.7993809572212690E-005
   6.5112430676459403E-005
   2.2624507189496259E-005
  -6.7250190010009213E-005
  -9.0269204258668870E-005
  -9.9054750026917991E-005
   1.1250752470764685E-004
  -1.8643472611721046E-004
  -1.9612260347878541E-004
   7.9527144157766385E-005
   7.9527144157762617E-005
  -1.5239421730742586E-004
   1.4842770138131668E-004
   1.4842770138132004E-004
   1.8094046371971363E-004
   6.1677518642197249E-005
  -7.7482723758814085E-005
  -5.4741361338671695E-005
  -7.7482723758814980E-005
   6.1677518642197371E-005
  -5.4741361338669045E-005
   5.0535192937618169E-005
   5.0535192937618813E-005
   1.4332901371459926E-004
  -2.8699799940682573E-005
  -2.8699799940683522E-005
  -1.2926586217978180E-004
   6.2563908497398156E-006
  -7.0793253033367118E-006
   1.1024880439772492E-004
  -7.0793253033347857E-006
   6.2563908497402061E-006
   1.1024880439772668E-004
   1.2949887516662358E-004
   1.2949887516662163E-004
   4.1579561070451617E-005
   1.0672446440567534E-004
   1.0672446440567363E-004
  -3.1977318400824731E-005
  -2.6657915015450381E-005
  -1.6427379766872819E-005
  -5.5064400478794434E-005
  -1.6427379766873185E-005
  -2.6657915015446766E-005
  -5.5064400478794563E-005
  -2.7351717345802526E-005
  -2.7351717345803739E-005
  -4.7948101964792515E-005
   8.4736564354595699E-005
   8.4736564354590102E-005
  -4.7746257744442847E-005
   5.0218033716370413E-005
  -3.6751702181262389E-005
  -2.0695474114597887E-005
  -3.6751702181261122E-005
   5.0218033716369153E-005
  -2.0695474114598317E-005
  -5.2150242056567824E-005
  -5.2150242056568759E-005
  -2.9529001558135112E-004
  -3.9582530814213414E-005
  -3.9582530814217263E-005
   1.4362678894549465E-005
   7.2084552911492981E-005
  -4.0404226724411240E-005
  -5.8588310497902294E-005
  -4.0404226724403847E-005
   7.2084552911491273E-005
  -5.8588310497901149E-005
   2.8807476183042423E-005
   2.8807476183037646E-005
   2.8807476183046082E-005
   1.2573624865165573E-005
   1.2573624865167519E-005
  -1.0148725618396255E-004
   1.2573624865160464E-005
  -1.0148725618395895E-004
   1.2573624865170791E-005
  -1.0148725618396010E-004
   1.2573624865166390E-005
   1.2573624865168089E-005
  -3.5612918412614694E-005
  -3.5612918412620237E-005
   1.5067968765855629E-004
  -4.6015165327240463E-005
  -4.6015165327240185E-005
   2.8926990408207958E-004
   3.9631237481674409E-005
   7.5929358798955930E-005
  -2.3938405721544599E-004
   7.5929358798951024E-005
   3.9631237481674734E-005
  -2.3938405721544591E-004
   4.4703733167935165E-005
  -1.1450587367897318E-004
   4.3898530410654375E-005
   6.5890814016144147E-006
  -7.7546806860196216E-005
   6.3103945165526420E-005
   1.0913262995844477E-004
   5.4139219305464398E-005
   3.1335943633768764E-005
  -1.1614255103137355E-004
   3.2187528971184484E-005
   1.8712051609559996E-005
  -5.0699142010592457E-005
   1.5483800429780270E-004
  -1.2733406279945671E-004
   4.7064650688332671E-005
  -1.7165304597884173E-005
  -5.6568172522251494E-005
  -8.0198816712440075E-005
   7.7893400210710811E-005
   9.6202487812608231E-005
  -4.4994252960925383E-006
  -1.2865528527246565E-004
  -4.2393722606059396E-006
  -1.5170519402014974E-004
  -9.0396589145210745E-005
  -9.1942429248395378E-006
  -2.1903507633558504E-005
  -7.0934840566485688E-005
   2.3899612447879058E-004
  -8.5461801091633418E-005
   3.0422352408815160E-005
   4.5673771754498640E-005
   3.3553499770818692E-005
  -4.5918354625783325E-005
  -9.1110099728382440E-005
  -2.5339579517937303E-005
  -1.1525785339833789E-005
   5.5777090720174630E-005
   5.7134600009055673E-006
   5.3823971806814285E-006
   8.1758618647391167E-005
  -5.3439018447193081E-005
  -5.6538249811770906E-005
   2.7253356690431912E-005
  -5.6107123756161186E-005
  -4.4618563894002156E-005
   6.5046831674694513E-006
  -1.7228720649924462E-004
   5.4400182731587322E-005
   5.5825543829235857E-006
  -6.7250190010005093E-005
  -9.9054750026921623E-005
  -9.0269204258669602E-005
   8.7993809572215671E-005
   2.2624507189498115E-005
   6.5112430676455513E-005
   1.1250752470764190E-004
  -1.9612260347879053E-004
  -1.8643472611721626E-004
  -3.5612918412619518E-005
   1.5067968765855282E-004
  -3.5612918412613372E-005
   3.9631237481674002E-005
  -2.3938405721544393E-004
   7.5929358798952908E-005
  -4.6015165327237908E-005
   2.8926990408207362E-004
  -4.6015165327240510E-005
   7.5929358798957204E-005
  -2.3938405721544406E-004
   3.9631237481672640E-005
   2.9348390275382176E-005
  -3.3242548164862492E-005
  -3.3242548164861469E-005
   4.3996796874719589E-005
  -5.6091550396959782E-005
   1.3010914634798145E-005
   4.3996796874721005E-005
   1.3010914634804285E-005
  -5.6091550396966958E-005
   1.2205817390876611E-004
  -2.9385643713028333E-005
  -2.9385643713027039E-005
  -4.7644552586049319E-005
   3.2575388127678223E-005
   3.2575388127678460E-005
   2.1800555126247147E-005
   1.1602429948633970E-005
  -6.2216767109343253E-005
   2.1800555126246659E-005
  -6.2216767109343524E-005
   1.1602429948634439E-005
  -1.3559899966762514E-004
  -1.2058187056413037E-005
  -1.2058187056413487E-005
   4.7424291030371953E-005
   1.1802681864188454E-004
  -1.0016987596959605E-004
  -4.8122383026851824E-005
   6.6480639393184327E-005
   9.5354718800226845E-006
   4.4487238980736516E-006
   1.5678702974745619E-005
   7.2807969131522329E-005
  -3.0564303757807706E-005
   1.4984334228251102E-004
  -2.0022318907707573E-005
   2.8103850117959221E-005
   1.6389351005178835E-004
  -7.8991436106345714E-005
   2.8622137706353188E-005
  -6.4276210451539424E-006
  -1.8325075539838726E-005
  -1.3836239095982970E-004
  -7.6550365699309303E-006
  -7.2014599902148606E-005
  -3.8552042307056953E-005
   1.9846634507887427E-005
  -4.9360249345247129E-005
  -7.2801249530502797E-005
   1.1766454618168368E-005
  -8.6793334416728773E-005
  -1.2961295244742159E-005
   3.2599051846797544E-005
  -6.4186553213815983E-005
   1.3913056711946344E-005
   3.2601726814698747E-007
  -1.4503312880295504E-005
  -5.7895023573640260E-005
   4.6354176830273342E-005
   8.3344434413420933E-005
  -6.8224225135422989E-005
  -7.4284447559125168E-006
   9.7192919123578476E-005
  -5.3720580842709915E-005
   1.6070135158700960E-006
   5.3323220530286433E-005
  -5.2873711323295195E-005
   9.4393157959249673E-005
  -6.3990343926003496E-005
   1.0292701110739878E-005
   4.2576442112110519E-006
   1.4616769128288228E-004
  -1.1450587367897100E-004
   4.3898530410658326E-005
   4.4703733167931465E-005
   3.2187528971174895E-005
   1.8712051609554937E-005
  -1.1614255103137213E-004
  -7.7546806860190809E-005
   6.3103945165528317E-005
   6.5890814016119101E-006
   5.4139219305477151E-005
   3.1335943633770688E-005
   1.0913262995843479E-004
  -9.3591092340856836E-005
   2.5795423179927667E-005
  -9.3591092340859249E-005
   8.5560247390693635E-006
   7.8871496931434286E-005
  -2.8602047300504770E-006
   7.0410029167519703E-005
  -3.9369800399429906E-006
   7.0410029167521858E-005
  -2.8602047300528982E-006
   7.8871496931434760E-005
   8.5560247390683318E-006
   4.7424291030372285E-005
  -1.0016987596959410E-004
   1.1802681864187922E-004
   4.4487238980755667E-006
   7.2807969131523183E-005
   1.5678702974741136E-005
  -4.8122383026850489E-005
   9.5354718800222406E-006
   6.6480639393184951E-005
  -3.0564303757807279E-005
  -2.0022318907711103E-005
   1.4984334228251151E-004
  -1.4506012032300218E-004
  -1.1459115073874054E-004
  -1.1459115073874154E-004
  -2.5509648737062270E-006
  -8.9150024438073837E-005
  -1.0681404465913584E-004
  -2.5509648737059433E-006
  -1.0681404465913462E-004
  -8.9150024438072726E-005
  -1.0481300115077703E-004
  -3.8801964276846844E-005
  -3.8801964276844337E-005
   3.6630320161962893E-005
   8.4175986282176006E-005
  -1.1109736916119097E-005
  -1.1392522356685134E-004
   4.8592543184936895E-005
   2.8845867864101562E-006
   6.6376401922423650E-005
  -9.7591844089098081E-006
   5.4200411777131093E-005
   3.5222437613687078E-005
  -1.1255352386454604E-004
  -7.7921142896704223E-005
  -2.7604152290843637E-005
   9.6911738020294625E-006
  -9.1219671801186195E-005
   1.0437235253794466E-005
  -4.4353628171252747E-005
  -6.2557760092409726E-005
   3.3006210095492113E-005
   1.1607818879609319E-004
   3.6883010987081632E-005
   2.2874788428692123E-005
  -5.0347905161748714E-005
   7.1039304511798864E-006
   4.2969788523444627E-005
   5.9375618810763183E-005
   9.5589339681119206E-005
  -6.5368122983114349E-005
  -9.5275289468452421E-005
   2.5655328272353745E-005
   1.0413019721226432E-004
   6.2500826652072371E-005
  -6.0660099526875042E-005
   1.8933491270600375E-004
   5.4855808496934382E-005
   7.8429567709614403E-005
   1.5483800429780400E-004
  -1.2733406279945986E-004
  -5.0699142010586799E-005
  -1.2865528527246541E-004
  -4.2393722606042108E-006
  -4.4994252960892789E-006
  -1.7165304597876865E-005
  -5.6568172522254381E-005
   4.7064650688334847E-005
   7.7893400210711462E-005
   9.6202487812607458E-005
  -8.0198816712442393E-005
   3.4252646377437987E-005
  -4.1003878384276211E-005
   3.4252646377436571E-005
   1.4904920302499487E-005
  -1.1396828608602074E-004
   5.2385666875858958E-005
   2.8365909779479952E-005
  -1.2324559946356272E-006
   2.8365909779483727E-005
   5.2385666875855170E-005
  -1.1396828608602038E-004
   1.4904920302501037E-005
   2.8103850117959801E-005
  -7.8991436106338802E-005
   1.6389351005179030E-004
  -1.3836239095983081E-004
  -7.2014599902144852E-005
  -7.6550365699288347E-006
   2.8622137706353781E-005
  -1.8325075539834697E-005
  -6.4276210451514513E-006
  -3.8552042307055326E-005
  -4.9360249345248850E-005
   1.9846634507887952E-005
   3.6630320161962968E-005
  -1.1109736916117673E-005
   8.4175986282177930E-005
   6.6376401922428895E-005
   5.4200411777130415E-005
  -9.7591844089136435E-006
  -1.1392522356685092E-004
   2.8845867864114789E-006
   4.8592543184936177E-005
   3.5222437613686773E-005
  -7.7921142896706446E-005
  -1.1255352386454775E-004
   2.2698206240392464E-004
   9.2021273542041224E-005
   9.2021273542044015E-005
   9.5574288425115961E-005
  -1.8211066148760435E-005
   8.0611411119565873E-007
   9.5574288425115514E-005
   8.0611411119521573E-007
  -1.8211066148761858E-005
   2.4647475555542587E-005
  -3.3604206709966410E-005
  -3.3604206709967040E-005
   6.8382368779625378E-005
   4.8046914149524924E-005
   5.6783418309425532E-005
   4.6631577821285564E-005
   1.2485078559122532E-005
  -5.6167050146028361E-005
  -5.4213662668746710E-005
  -1.9444878915814192E-005
  -6.0460320249965355E-006
  -4.4734436063798489E-005
   1.4053468263547540E-004
  -7.4262760777209393E-005
  -5.1717225650409265E-006
   1.0310160692584564E-004
  -5.6544306566974144E-005
  -9.4281785787197545E-005
  -3.1104764012981663E-005
   2.0434725681649870E-005
   5.1317102043080281E-005
  -5.4112794254821180E-006
  -1.2483259049943007E-004
   7.4142813297145094E-005
  -4.1688329784134643E-005
  -1.2714936915782051E-004
  -9.0396589145209336E-005
  -9.1942429248385078E-006
  -1.5170519402014576E-004
  -4.5918354625788319E-005
  -9.1110099728389243E-005
   3.3553499770826227E-005
  -7.0934840566485240E-005
   2.3899612447878863E-004
  -2.1903507633558497E-005
   3.0422352408815581E-005
   4.5673771754503573E-005
  -8.5461801091632266E-005
   4.5537453573218035E-005
   1.8215707848071792E-004
   4.5537453573218482E-005
  -2.1711912174442486E-005
  -3.0259445764526910E-005
  -1.7644588717182665E-004
   1.4381566228570300E-004
  -5.3079857681308582E-005
   1.4381566228570113E-004
  -1.7644588717182375E-004
  -3.0259445764533998E-005
  -2.1711912174445684E-005
  -7.2801249530502770E-005
  -8.6793334416726889E-005
   1.1766454618171613E-005
   1.3913056711951620E-005
  -1.4503312880297385E-005
   3.2601726814644564E-007
  -1.2961295244738979E-005
  -6.4186553213820360E-005
   3.2599051846799495E-005
  -5.7895023573642205E-005
   8.3344434413422586E-005
   4.6354176830270028E-005
  -2.7604152290844000E-005
  -9.1219671801183539E-005
   9.6911738020307923E-006
   3.3006210095491476E-005
   3.6883010987070058E-005
   1.1607818879609429E-004
   1.0437235253796959E-005
  -6.2557760092405985E-005
  -4.4353628171254299E-005
   2.2874788428692872E-005
   7.1039304511826799E-006
  -5.0347905161749411E-005
   6.8382368779624280E-005
   5.6783418309426846E-005
   4.8046914149526707E-005
  -5.4213662668747767E-005
  -6.0460320249972707E-006
  -1.9444878915814344E-005
   4.6631577821284860E-005
  -5.6167050146030712E-005
   1.2485078559122001E-005
  -4.4734436063795684E-005
  -7.4262760777204704E-005
   1.4053468263547584E-004
  -7.1865441584307698E-005
   7.6810145559781057E-005
   7.6810145559781410E-005
  -1.6645636477349805E-004
  -4.6810818905444175E-005
   4.2404872452553821E-005
  -1.6645636477349962E-004
   4.2404872452553618E-005
  -4.6810818905445910E-005
  -1.3567463180319542E-004
   5.7096525062405098E-005
   5.7096525062404515E-005
  -2.8266037471805180E-005
  -1.8064117687634755E-005
  -1.4176570996323999E-004
  -4.3429924091686222E-005
   9.0548408344501619E-005
  -6.4792109797197415E-005
   1.9963236886737062E-005
   8.5990770159523593E-005
   2.1350278040747409E-006
   1.1655697768624457E-004
  -2.1094648126939980E-005
  -6.1496575696178915E-005
  -1.1525785339836133E-005
   5.5777090720169920E-005
  -2.5339579517934575E-005
  -4.4618563894004399E-005
   6.5046831674669059E-006
  -5.6107123756160000E-005
   5.3823971806767876E-006
   8.1758618647391289E-005
   5.7134600009065541E-006
  -5.6538249811769659E-005
   2.7253356690429165E-005
  -5.3439018447196171E-005
   2.8240707446305121E-005
   1.9835043063735970E-005
   2.8240707446298649E-005
  -4.3492553310442362E-005
  -4.1804430409180540E-005
  -3.7661636239456909E-005
  -5.3417864132629426E-005
   2.1520268669360472E-005
  -5.3417864132624852E-005
  -3.7661636239458359E-005
  -4.1804430409178142E-005
  -4.3492553310443839E-005
  -6.8224225135421620E-005
   9.7192919123577663E-005
  -7.4284447559235172E-006
  -5.2873711323296354E-005
  -6.3990343926006735E-005
   9.4393157959253346E-005
  -5.3720580842707720E-005
   5.3323220530286033E-005
   1.6070135158706470E-006
   1.0292701110728064E-005
   1.4616769128286060E-004
   4.2576442112103362E-006
   4.2969788523443549E-005
   9.5589339681125508E-005
   5.9375618810761421E-005
   1.0413019721226092E-004
  -6.0660099526873720E-005
   6.2500826652074363E-005
  -6.5368122983112560E-005
   2.5655328272356249E-005
  -9.5275289468452055E-005
   1.8933491270600481E-004
   7.8429567709611692E-005
   5.4855808496934687E-005
  -5.1717225650419692E-006
  -5.6544306566972328E-005
   1.0310160692584675E-004
   5.1317102043081182E-005
  -1.2483259049943138E-004
  -5.4112794254825195E-006
  -9.4281785787203413E-005
   2.0434725681646489E-005
  -3.1104764012982456E-005
   7.4142813297146015E-005
  -1.2714936915782270E-004
  -4.1688329784133817E-005
  -2.8266037471804038E-005
  -1.4176570996323972E-004
  -1.8064117687636666E-005
   1.9963236886733619E-005
   2.1350278040814125E-006
   8.5990770159513158E-005
  -4.3429924091682089E-005
  -6.4792109797197402E-005
   9.0548408344499342E-005
   1.1655697768624595E-004
  -6.1496575696179485E-005
  -2.1094648126939570E-005
   5.0888328442486131E-005
  -3.0256970308606144E-005
  -3.0256970308604592E-005
   1.2036677509722871E-005
   1.1493554661109158E-004
  -5.1027392121146240E-005
   1.2036677509724742E-005
  -5.1027392121143198E-005
   1.1493554661109090E-004
  -4.7246791111517402E-005
   2.7600906068853768E-005
   2.7600906068848720E-005
   5.4400182731588861E-005
   5.5825543829219840E-006
  -1.7228720649924037E-004
  -1.9612260347878920E-004
  -1.8643472611720865E-004
   1.1250752470764273E-004
  -9.9054750026922097E-005
  -9.0269204258672936E-005
  -6.7250190010006137E-005
   2.2624507189494659E-005
   6.5112430676459322E-005
   8.7993809572210223E-005
  -1.9276162013000116E-005
   1.4540129604562316E-004
  -1.9276162012997422E-005
   2.3706477485467597E-005
  -1.9429974745216559E-005
  -3.1903031280984363E-005
   2.0702197370138895E-005
  -7.7899540173054203E-005
   2.0702197370138207E-005
  -3.1903031280986742E-005
  -1.9429974745214360E-005
   2.3706477485461563E-005
  -1.1450587367897520E-004
   4.4703733167934196E-005
   4.3898530410652661E-005
  -7.7546806860195430E-005
   6.5890814016176775E-006
   6.3103945165529469E-005
   3.2187528971183542E-005
  -1.1614255103137252E-004
   1.8712051609558854E-005
   5.4139219305461504E-005
   1.0913262995844242E-004
   3.1335943633769394E-005
   1.5483800429780310E-004
  -5.0699142010587843E-005
  -1.2733406279945983E-004
  -1.7165304597880765E-005
   4.7064650688329405E-005
  -5.6568172522255391E-005
  -1.2865528527246592E-004
  -4.4994252960959061E-006
  -4.2393722606076726E-006
   7.7893400210708074E-005
  -8.0198816712434668E-005
   9.6202487812610616E-005
  -9.0396589145209255E-005
  -1.5170519402014375E-004
  -9.1942429248385603E-006
  -7.0934840566475239E-005
  -2.1903507633558002E-005
   2.3899612447878766E-004
  -4.5918354625784165E-005
   3.3553499770819200E-005
  -9.1110099728380719E-005
   3.0422352408817376E-005
  -8.5461801091629963E-005
   4.5673771754497664E-005
  -1.1525785339834297E-005
  -2.5339579517937099E-005
   5.5777090720172468E-005
   5.3823971806791322E-006
   5.7134600009032643E-006
   8.1758618647392685E-005
  -4.4618563894004162E-005
  -5.6107123756157506E-005
   6.5046831674685204E-006
  -5.6538249811769117E-005
  -5.3439018447196801E-005
   2.7253356690428870E-005
   5.4400182731585337E-005
  -1.7228720649924132E-004
   5.5825543829214224E-006
  -9.9054750026921650E-005
  -6.7250190010003006E-005
  -9.0269204258672909E-005
  -1.9612260347878790E-004
   1.1250752470764302E-004
  -1.8643472611720615E-004
   2.2624507189496953E-005
   8.7993809572213015E-005
   6.5112430676456706E-005
   1.5067968765855984E-004
  -3.5612918412621897E-005
  -3.5612918412617452E-005
  -2.3938405721544905E-004
   3.9631237481671319E-005
   7.5929358798953680E-005
  -2.3938405721544775E-004
   7.5929358798953152E-005
   3.9631237481676740E-005
   2.8926990408207519E-004
  -4.6015165327239528E-005
  -4.6015165327238274E-005
  -3.3242548164865846E-005
   2.9348390275382715E-005
  -3.3242548164863291E-005
  -5.6091550396966511E-005
   4.3996796874719379E-005
   1.3010914634797195E-005
  -2.9385643713026781E-005
   1.2205817390876300E-004
  -2.9385643713026720E-005
   1.3010914634804927E-005
   4.3996796874722340E-005
  -5.6091550396966565E-005
  -9.3591092340861417E-005
  -9.3591092340858341E-005
   2.5795423179930069E-005
   7.0410029167524419E-005
   7.0410029167522549E-005
  -3.9369800399416769E-006
   8.5560247390705256E-006
  -2.8602047300532108E-006
   7.8871496931434083E-005
  -2.8602047300538842E-006
   8.5560247390702901E-006
   7.8871496931433324E-005
   3.4252646377435934E-005
   3.4252646377439024E-005
  -4.1003878384276746E-005
   2.8365909779486132E-005
   2.8365909779483205E-005
  -1.2324559946347962E-006
   1.4904920302504915E-005
   5.2385666875855109E-005
  -1.1396828608602110E-004
   5.2385666875853334E-005
   1.4904920302496240E-005
  -1.1396828608601824E-004
   4.5537453573220610E-005
   4.5537453573220881E-005
   1.8215707848071578E-004
   1.4381566228569923E-004
   1.4381566228570411E-004
  -5.3079857681306217E-005
  -2.1711912174448351E-005
  -1.7644588717182424E-004
  -3.0259445764529350E-005
  -1.7644588717182335E-004
  -2.1711912174448279E-005
  -3.0259445764533131E-005
   2.8240707446295559E-005
   2.8240707446298615E-005
   1.9835043063733198E-005
  -5.3417864132624567E-005
  -5.3417864132623849E-005
   2.1520268669361715E-005
  -4.3492553310456063E-005
  -3.7661636239461273E-005
  -4.1804430409187242E-005
  -3.7661636239461612E-005
  -4.3492553310453109E-005
  -4.1804430409188916E-005
  -1.9276162013000803E-005
  -1.9276162013001115E-005
   1.4540129604562378E-004
   2.0702197370134267E-005
   2.0702197370138505E-005
  -7.7899540173059840E-005
   2.3706477485463037E-005
  -3.1903031280989486E-005
  -1.9429974745213022E-005
  -3.1903031280990367E-005
   2.3706477485463714E-005
  -1.9429974745213835E-005
  -3.3242548164861048E-005
  -3.3242548164861136E-005
   2.9348390275380844E-005
  -2.9385643713030549E-005
  -2.9385643713029353E-005
   1.2205817390876268E-004
  -5.6091550396963786E-005
   1.3010914634799516E-005
   4.3996796874722103E-005
   1.3010914634802098E-005
  -5.6091550396963400E-005
   4.3996796874722842E-005
  -5.2818496387809439E-005
  -5.2818496387805468E-005
  -5.2818496387808355E-005
   7.4567479796028936E-005
   7.4567479796028529E-005
  -7.5436076575063294E-005
   7.4567479796031904E-005
  -7.5436076575059608E-005
   7.4567479796030942E-005
  -7.5436076575059906E-005
   7.4567479796029370E-005
   7.4567479796026713E-005
