   8.4352136796666518E-005
   8.4352114487336937E-005
   8.4352115699796689E-005
   3.5079897511818515E-006
   3.5080202109573013E-006
   6.8314801356108787E-005
   3.5079820872553280E-006
   6.8314829423955038E-005
   3.5080014353570921E-006
   6.8314802500174694E-005
   3.5079883808030269E-006
   3.5080378261932670E-006
   9.5166950448588773E-005
   9.5166948888976714E-005
  -1.5348091345991513E-004
  -9.1887102496359771E-005
  -9.1887043029543100E-005
  -6.4020510129989751E-005
   5.3586251194635200E-005
  -4.2346012115591093E-005
   3.9705925246412446E-005
  -4.2345985194121381E-005
   5.3586232207393218E-005
   3.9705928592301265E-005
  -5.5217634964047023E-005
  -5.5217573214030695E-005
  -2.3756276819986388E-005
  -2.3481183248881954E-005
  -2.3481194409966340E-005
  -6.0761123006345442E-005
  -1.7504397021964496E-005
   2.3933649168421915E-005
  -3.2077780106305696E-005
   2.3933630263312663E-005
  -1.7504358572864940E-005
  -3.2077813955726860E-005
   5.4526677600404723E-006
   5.4526388861727802E-006
  -3.6510298378677432E-005
  -2.0320565106525646E-005
  -2.0320569961864582E-005
   5.3706468165680286E-005
   3.2844219294179684E-005
  -2.1659675154597906E-005
   3.4112219464486876E-006
  -2.1659676909798763E-005
   3.2844230573319409E-005
   3.4112425419225105E-006
   1.8998325110936250E-005
   1.8998311075450281E-005
   7.6444867204854044E-005
  -1.4631354968965172E-005
  -1.4631398080211086E-005
   1.2262062178251999E-004
   1.5980110654483009E-005
   5.4671176109419933E-005
  -1.7640486894428923E-005
   5.4671211170865373E-005
   1.5980116792533835E-005
  -1.7640507693464608E-005
   2.4101180269756789E-005
   2.4101166038464589E-005
   1.2225746144087479E-004
   5.9819400468804444E-005
   5.9819415810070184E-005
  -8.9594013729220841E-005
   1.6611018844746897E-005
   1.2697111932390735E-005
   6.2701571521258929E-006
   1.2697140567573654E-005
   1.6610957636890514E-005
   6.2702082089757250E-006
  -7.8704648044091924E-005
  -7.8704605589506937E-005
   4.6986723711231345E-005
  -7.9410158269916568E-005
  -7.9410135315286916E-005
   1.1950129346833067E-004
   4.4695124973801522E-005
   3.1999376420017602E-005
   2.8731373708093310E-005
   3.1999313595445560E-005
   4.4695199098154140E-005
   2.8731387021507364E-005
   9.5166911842800529E-005
  -1.5348093499457834E-004
   9.5166969566741431E-005
   5.3586215436872441E-005
   3.9705907539759387E-005
  -4.2345967688306095E-005
  -9.1887050490452486E-005
  -6.4020477625099953E-005
  -9.1887097271048349E-005
  -4.2346025586161700E-005
   3.9705908798652733E-005
   5.3586268610882436E-005
   1.9067013896246940E-004
  -3.3861040581700855E-005
  -3.3861044531970328E-005
   1.2197423672760048E-005
  -1.2920231215709836E-006
   5.2281771597471527E-005
   1.2197393697632243E-005
   5.2281725521949759E-005
  -1.2920225417181211E-006
   1.1310720781533463E-004
   1.1031903881154885E-004
   1.1031907944817136E-004
  -1.0205378281713226E-004
   1.8134454046485922E-005
   1.0931975543728038E-005
   5.9547723631309345E-005
  -8.4382485763417154E-005
  -7.9745115227880490E-005
  -7.3696506417991371E-005
   7.0561278244586643E-006
  -3.4240319984360566E-005
  -4.7278834335688195E-005
   7.4636859152287110E-005
  -4.8370864651408760E-005
  -4.4035036609428313E-005
   5.8727182476261534E-005
   8.7619157068211077E-006
   2.6721351963697499E-005
   4.8507010578064508E-005
  -1.6179750063409184E-004
   1.1124961961582235E-004
   5.5748872420729323E-005
  -9.9150106271152032E-005
  -6.9328116028043291E-005
  -3.9074937373795235E-005
  -1.7765651049688345E-004
   5.8244070124204302E-005
   4.4885454298790625E-005
  -7.8579373885928519E-005
  -5.3783943770311110E-006
  -2.7356843913161056E-005
  -7.9962294421604492E-005
  -2.6380811209412809E-005
  -1.0475898815857916E-004
  -9.4764799755955365E-005
  -3.2657832852045097E-005
  -5.5987926366678914E-005
  -5.2321951298317012E-005
  -6.5770241314098846E-006
  -1.9030476805004942E-005
  -2.3339244362828090E-005
  -6.4067746447926522E-005
  -7.3963672287534558E-005
  -3.5430324565484851E-005
  -3.5809952538285101E-005
  -2.8253076796187369E-005
   1.2707979196350722E-004
   5.7280190797474344E-005
  -1.5335548970854879E-006
  -2.3507006862990692E-005
  -1.4896592004918789E-004
   5.2195861567999220E-005
   5.8117982978495705E-005
  -5.8719894330425679E-005
   6.2840918952363723E-005
   6.0569977687823037E-006
  -3.2338141057013300E-005
   7.0671769596283712E-006
   4.6891863354016285E-005
  -3.9142620333805820E-005
  -1.2339472498453953E-004
  -1.1904481542162839E-004
  -5.5217618153756077E-005
  -2.3756257724594769E-005
  -5.5217593511431472E-005
  -1.7504342667986326E-005
  -3.2077794956556967E-005
   2.3933625764803821E-005
  -2.3481204050182042E-005
  -6.0761136267423909E-005
  -2.3481191553432144E-005
   2.3933656491118523E-005
  -3.2077745290041919E-005
  -1.7504389199491476E-005
  -1.0205377612908694E-004
   1.0931964892298166E-005
   1.8134477932745733E-005
  -7.3696509642505180E-005
  -3.4240349341511222E-005
   7.0561491712298321E-006
   5.9547744379178506E-005
  -7.9745085174538608E-005
  -8.4382454325425161E-005
  -4.7278831561798997E-005
  -4.8370909229265675E-005
   7.4636849804933042E-005
  -8.4781084062330908E-005
  -7.9737423351828405E-005
  -7.9737375682936053E-005
   1.4875015571287419E-004
   2.3802379650110269E-005
  -4.9308966465691634E-006
   1.4875022299262104E-004
  -4.9309136395671730E-006
   2.3802336224169878E-005
  -1.7567642974222570E-005
   2.9258744735035671E-005
   2.9258810576965097E-005
  -5.3929577604398011E-005
  -5.2264204561905290E-005
  -1.7404034916859817E-005
   3.4810944749660997E-005
   9.2183224183349237E-006
  -1.0361480611891432E-005
   2.0548599741664911E-005
  -9.8343002666027559E-005
  -7.9568315688190224E-005
  -6.4438152499492955E-005
   7.6861240551009106E-005
   3.2648781757165692E-005
   8.0284487841549213E-005
  -7.1001453181246754E-005
  -2.7096650580322134E-005
  -4.4215257752963615E-005
   2.9285178193526695E-005
  -1.3892020225743777E-005
  -5.1417446379434984E-006
  -1.5235385544981372E-004
   3.6065519373250951E-005
  -1.6835294452060192E-006
  -2.4648605799098242E-005
   1.8098602896480161E-005
  -7.6658090310466025E-005
   3.7182433480096608E-006
   1.0717434454094529E-005
  -5.4634138390624575E-005
   4.0112659742330853E-005
  -6.1713486493640657E-005
   7.3767569080702633E-006
  -1.2207521607738970E-004
   2.4216039134122446E-005
   3.2657435548151275E-006
   1.6831599925938227E-005
   9.0278140070939367E-006
  -1.5780454701332789E-004
  -1.0625843400415980E-004
  -6.0263181913677233E-005
   1.7921297806828626E-005
  -3.7339010683464885E-005
  -5.4509994805476171E-005
  -7.2464065905950351E-005
  -1.2116187532722649E-004
   4.4023056303448844E-005
  -4.9832973936245888E-005
  -1.3684646326365428E-004
  -2.5474823036342730E-005
   5.4526599650314485E-006
  -3.6510312006257440E-005
   5.4526529075892671E-006
   3.2844208740790582E-005
   3.4111879103594630E-006
  -2.1659665564082468E-005
  -2.0320588103287489E-005
   5.3706480122413598E-005
  -2.0320600251146302E-005
  -2.1659658702814411E-005
   3.4112677447491428E-006
   3.2844220944535541E-005
  -4.4035030124654664E-005
   8.7619147833863629E-006
   5.8727136150015668E-005
   1.1124962540407375E-004
  -9.9150170369699832E-005
   5.5748969705832995E-005
   2.6721415179109212E-005
  -1.6179749953313481E-004
   4.8506992587662819E-005
  -6.9328132052384880E-005
  -1.7765651455554628E-004
  -3.9074938617694323E-005
  -5.3929601289541600E-005
  -1.7404019295559916E-005
  -5.2264133349307568E-005
   2.0548617423600016E-005
  -7.9568282901930663E-005
  -9.8343027610368205E-005
   3.4810943305900860E-005
  -1.0361486658473724E-005
   9.2182605860298057E-006
  -6.4438120492604103E-005
   3.2648754826133960E-005
   7.6861235775994480E-005
  -5.3494355751675346E-006
  -2.8217837679437259E-006
  -2.8217809374117643E-006
  -5.9667738355208466E-005
  -3.3206126227198155E-005
  -1.5472535516716441E-005
  -5.9667764497100218E-005
  -1.5472566930521463E-005
  -3.3206115924092937E-005
  -8.1572290859361740E-005
   7.9646198182720251E-005
   7.9646196167948086E-005
   1.6217097243162176E-005
   7.9705043865430314E-005
   8.0308010415351582E-005
   3.0851459549910197E-005
   1.4409401145335340E-005
   6.4399167138119064E-005
   3.3543471941999858E-005
  -1.2858174011815028E-005
   3.0451216161759404E-005
  -4.7842835771690266E-005
   2.2379370327880336E-006
  -1.6551757406116020E-005
  -9.7751455370855234E-005
   1.0239786564423888E-004
  -8.5894524660352057E-005
  -7.0666877703441953E-005
   7.3234661624958810E-005
   6.2617162153690337E-005
  -4.0122083864201267E-006
  -1.1539997107680424E-005
   7.1500018576595026E-007
   5.7137081462519814E-005
   5.4250677124578132E-005
   4.1974653162875262E-006
  -5.6074047239185808E-005
   3.8955477028826924E-005
  -6.2663532017322184E-005
   9.6760540405186788E-005
  -2.5931838209601280E-005
  -4.8074391246901272E-005
   6.2199841096737891E-005
  -4.5900922099949007E-005
  -1.2856391235805453E-004
  -4.3634336898107098E-005
  -5.8715771154641923E-005
   2.9188684066993164E-005
   1.8998319074734428E-005
   7.6444874640020744E-005
   1.8998324656561448E-005
   1.5980107233692245E-005
  -1.7640497629064577E-005
   5.4671192138579798E-005
  -1.4631383353803674E-005
   1.2262063637702582E-004
  -1.4631372393113695E-005
   5.4671230641412319E-005
  -1.7640500532511943E-005
   1.5980094853216674E-005
   5.8244100757818206E-005
  -7.8579359898315286E-005
   4.4885390752457560E-005
  -2.6380820665563766E-005
  -9.4764779258552464E-005
  -1.0475900144730624E-004
  -5.3783909102292769E-006
  -7.9962263296128096E-005
  -2.7356866340438675E-005
  -3.2657860490968128E-005
  -5.2321994025572658E-005
  -5.5987900144871982E-005
   8.0284479275785297E-005
  -2.7096650701888858E-005
  -7.1001469615229835E-005
  -5.1417246045832670E-006
   3.6065532935251459E-005
  -1.5235380981194101E-004
  -4.4215253477254820E-005
  -1.3892062769747755E-005
   2.9285169974046704E-005
  -1.6835074375918724E-006
   1.8098593272901358E-005
  -2.4648589483822221E-005
   1.6217146886524273E-005
   8.0308019595147435E-005
   7.9705049996001910E-005
   3.3543520828421380E-005
   3.0451212885241587E-005
  -1.2858196588814417E-005
   3.0851492039714650E-005
   6.4399151628612828E-005
   1.4409408939448726E-005
  -4.7842829006835036E-005
  -1.6551748685486635E-005
   2.2379249576349101E-006
  -5.4246405793568353E-005
  -3.0459471774439292E-005
  -3.0459480650708041E-005
  -7.3645070549044854E-005
   2.2270162221973907E-005
   1.0914694775902185E-004
  -7.3645073619298297E-005
   1.0914696325694860E-004
   2.2270168650021434E-005
  -9.7867563958529473E-006
   2.5503599392194152E-005
   2.5503622617596609E-005
   2.0236764381078474E-005
   1.5999609913767908E-007
   1.5827676816658134E-004
   3.3740768724335102E-005
  -1.9310770649525443E-005
   1.0448389972739323E-005
  -3.4777354370571166E-005
   5.9982836260945782E-005
   5.7935480462243680E-005
   1.0729048305392352E-004
   3.0817100571526753E-005
   5.1757910042015296E-005
   3.4034998060203283E-005
   1.3632496312089576E-004
  -1.7865274612945362E-005
   1.0817624353093380E-004
  -1.2799089202571607E-004
   8.9836603296913632E-005
   2.9339288563810648E-005
   4.5763422587367885E-005
  -9.1717549702554989E-006
   9.6362774082069639E-005
   1.8787030597328537E-004
   5.8030328867734618E-005
   2.4101195468040447E-005
   1.2225743497624883E-004
   2.4101125288897602E-005
   1.6611000641558134E-005
   6.2701486884525535E-006
   1.2697095191519899E-005
   5.9819433819932510E-005
  -8.9594014488732544E-005
   5.9819384134505540E-005
   1.2697215398187541E-005
   6.2702488688698863E-006
   1.6611000437227732E-005
  -6.5770129316735618E-006
  -2.3339216770514778E-005
  -1.9030497455791927E-005
  -3.5809945480252469E-005
   1.2707975924891677E-004
  -2.8253056872625108E-005
  -6.4067724559852785E-005
  -3.5430321242292239E-005
  -7.3963668837371212E-005
   5.7280203339306012E-005
  -2.3507022081177507E-005
  -1.5335838786208914E-006
  -7.6658130424181624E-005
   1.0717416604240298E-005
   3.7182329595897116E-006
   7.3767708503338658E-006
   2.4216043886701751E-005
  -1.2207518086130347E-004
  -5.4634134804247977E-005
  -6.1713457483797776E-005
   4.0112682068017027E-005
   3.2657382097231840E-006
   9.0277680730230350E-006
   1.6831607420974185E-005
  -9.7751445618327049E-005
  -8.5894479130551736E-005
   1.0239787585596943E-004
  -4.0121822207373970E-006
   7.1499063197246512E-007
  -1.1539990144006271E-005
  -7.0666878699307873E-005
   6.2617156898404466E-005
   7.3234672812648013E-005
   5.7137066652717734E-005
   4.1974718693676474E-006
   5.4250694079394312E-005
   2.0236773670284824E-005
   1.5827673247722417E-004
   1.5995281281702517E-007
  -3.4777367123874035E-005
   5.7935572214963692E-005
   5.9982876225539550E-005
   3.3740748105745123E-005
   1.0448383174370931E-005
  -1.9310791123796725E-005
   1.0729050842796500E-004
   5.1757931311827522E-005
   3.0817120483852373E-005
   5.8959464098417102E-005
   3.3569353542873400E-006
   3.3569132208523262E-006
  -1.1329629025700052E-004
  -7.5176638500298803E-005
  -3.9789293589668189E-005
  -1.1329626164754248E-004
  -3.9789309824899251E-005
  -7.5176606229172927E-005
  -1.4080186229566079E-004
   1.8161893351941748E-004
   1.8161888453560235E-004
  -5.8776375001490138E-006
   5.2574446209923111E-005
   6.3127012353569672E-005
  -1.1830095675256933E-004
  -3.3322724216518199E-006
  -2.7095377727243314E-005
  -7.0996599260999855E-005
   6.8283391758889594E-005
   1.2370967303289036E-004
   1.2452694166610622E-004
  -7.1971461880184672E-005
   1.9626618020045233E-005
  -7.8704637557213482E-005
   4.6986709974315782E-005
  -7.8704570436517003E-005
   4.4695228527253481E-005
   2.8731383421641493E-005
   3.1999404065359097E-005
  -7.9410202440781031E-005
   1.1950128274063664E-004
  -7.9410096169727008E-005
   3.1999300689168839E-005
   2.8731398693380092E-005
   4.4695144080774700E-005
  -1.4896592148296177E-004
   5.8118034142333337E-005
   5.2195876033202167E-005
  -3.2338205250036640E-005
   4.6891901078281857E-005
   7.0671441949392059E-006
  -5.8719896633220753E-005
   6.0570290884676539E-006
   6.2840924295523164E-005
  -3.9142588841768008E-005
  -1.1904488141859548E-004
  -1.2339481466574920E-004
  -1.5780459505878390E-004
  -6.0263154816357063E-005
  -1.0625848528847740E-004
  -7.2464050369082944E-005
   4.4023045556265393E-005
  -1.2116185254810559E-004
   1.7921327715719362E-005
  -5.4509960357554883E-005
  -3.7339003996978248E-005
  -4.9832954606710709E-005
  -2.5474816833437166E-005
  -1.3684650233232763E-004
  -5.6074060778331124E-005
  -6.2663504388462129E-005
   3.8955446233106085E-005
   6.2199888642765349E-005
  -1.2856391501305168E-004
  -4.5900910584382417E-005
   9.6760517013457683E-005
  -4.8074387305686072E-005
  -2.5931861947367132E-005
  -4.3634344212884957E-005
   2.9188680230608087E-005
  -5.8715766327144078E-005
   3.4035013690004847E-005
  -1.7865312496111686E-005
   1.3632498708416845E-004
   2.9339279703839220E-005
  -9.1717260902573305E-006
   4.5763370727157789E-005
   1.0817624448485336E-004
   8.9836567937889627E-005
  -1.2799087871236627E-004
   9.6362759008915082E-005
   5.8030314295923426E-005
   1.8787030330132671E-004
  -5.8776538409964791E-006
   6.3126985734724171E-005
   5.2574469874883524E-005
  -7.0996609164087373E-005
   1.2370966758994489E-004
   6.8283336218560490E-005
  -1.1830094950024678E-004
  -2.7095364725266743E-005
  -3.3322755347770306E-006
   1.2452694735625594E-004
   1.9626607198933086E-005
  -7.1971532302825833E-005
   9.2374676163433180E-006
   4.4153325103457598E-005
   4.4153311709640869E-005
  -2.2087713457763517E-005
   1.2775378581564206E-004
  -3.7911475452250363E-006
  -2.2087750860909480E-005
  -3.7911825970462799E-006
   1.2775385015400634E-004
   2.0158499266587192E-005
  -7.3469302665489733E-006
  -7.3469252269754624E-006
  -1.5348092237859619E-004
   9.5166932082208335E-005
   9.5166940678063862E-005
   3.9705911304498586E-005
   5.3586243805002308E-005
  -4.2346019224529104E-005
   3.9705914638885328E-005
  -4.2345952317010693E-005
   5.3586243695063564E-005
  -6.4020524094180543E-005
  -9.1887148824935458E-005
  -9.1887067952481718E-005
  -3.3861032521661023E-005
   1.9067014589879875E-004
  -3.3861005456823510E-005
  -1.2919623339856265E-006
   1.2197331209155449E-005
   5.2281689492037645E-005
   1.1031907590397875E-004
   1.1310717794011738E-004
   1.1031910078984716E-004
   5.2281779444469555E-005
   1.2197382715964502E-005
  -1.2919558431552585E-006
   1.8134494340180752E-005
  -1.0205375933566743E-004
   1.0931941650085019E-005
  -8.4382447909069134E-005
   5.9547742607382682E-005
  -7.9745067627004558E-005
   7.4636858520418705E-005
  -4.7278846361189253E-005
  -4.8370891549705887E-005
   7.0561163058021591E-006
  -7.3696544515295491E-005
  -3.4240334873431011E-005
   5.8727153053700493E-005
  -4.4035049256551889E-005
   8.7619044082582957E-006
   4.8506998267024219E-005
   2.6721406626802576E-005
  -1.6179748703980081E-004
  -3.9074953807269981E-005
  -6.9328137484263772E-005
  -1.7765653861024966E-004
   5.5748871273765749E-005
   1.1124963450585638E-004
  -9.9150111703165595E-005
   4.4885442747722587E-005
   5.8244085972398878E-005
  -7.8579364983443419E-005
  -2.7356859317870103E-005
  -5.3783766781131114E-006
  -7.9962297374498498E-005
  -5.5987918459874742E-005
  -3.2657846162341274E-005
  -5.2321947498545209E-005
  -1.0475896629055044E-004
  -2.6380793303199937E-005
  -9.4764803813917326E-005
  -1.9030500520875352E-005
  -6.5769903397874193E-006
  -2.3339254832583063E-005
  -7.3963655736971148E-005
  -6.4067738218962883E-005
  -3.5430309821336837E-005
  -1.5335439210546038E-006
   5.7280182952173905E-005
  -2.3507005618119157E-005
  -2.8253038766884419E-005
  -3.5810000584892978E-005
   1.2707986882781370E-004
   5.2195807564909513E-005
  -1.4896591074055096E-004
   5.8117934450676993E-005
   6.2840933402293962E-005
  -5.8719898976861537E-005
   6.0570286176022994E-006
  -1.2339473068715610E-004
  -3.9142580732111358E-005
  -1.1904483344491064E-004
   7.0671424193458117E-006
  -3.2338168953313743E-005
   4.6891902354131305E-005
  -3.3861037168553398E-005
  -3.3861022490383735E-005
   1.9067012914114831E-004
   1.1031905440040149E-004
   1.1031911040386248E-004
   1.1310717649882425E-004
  -1.2919777460013239E-006
   5.2281820598992176E-005
   1.2197437324326509E-005
   5.2281724535541653E-005
  -1.2919745103268702E-006
   1.2197369467510516E-005
   1.3375615235858751E-004
   1.3375616012361609E-004
   1.3375618345080350E-004
   1.2358447217972062E-006
   1.2358619037442022E-006
  -9.3168238274338004E-005
   1.2358674607118342E-006
  -9.3168237115519303E-005
   1.2358645783233058E-006
  -9.3168237677102879E-005
   1.2358726954166009E-006
   1.2358652723672696E-006
  -4.8437448934876345E-005
  -4.8437463038384935E-005
  -3.1946359525596565E-005
   1.7087263242677643E-005
   1.7087249290186009E-005
  -4.0378726836677771E-005
  -1.9062406793370061E-005
   3.3787105049733798E-005
  -4.4500480474986651E-005
   3.3787080596884479E-005
  -1.9062368153750789E-005
  -4.4500484312781561E-005
  -5.0550155540754866E-005
  -5.0550107318885639E-005
   7.6041904306244497E-005
   7.1206285463043983E-006
   7.1205907903366218E-006
  -4.4175016630746249E-005
  -3.9163865121545376E-005
  -4.5396184248071915E-005
  -5.2640246057517512E-005
  -4.5396176335001780E-005
  -3.9163902370936502E-005
  -5.2640265076412376E-005
  -5.1952793442349305E-005
  -5.1952787264000938E-005
  -8.8210416491399444E-005
  -6.5117913580183428E-006
  -6.5117912834755259E-006
   4.0331451689977139E-005
   6.6281573751039461E-005
   4.2204597511191632E-005
   4.1775808730151660E-005
   4.2204620538165453E-005
   6.6281602495186931E-005
   4.1775816121502720E-005
   1.6893979588667604E-005
   1.6893954732511110E-005
   1.1653607004644467E-004
  -9.4843601436692942E-005
  -9.4843595390098484E-005
  -8.1195200469727933E-005
   5.2060089438127854E-006
  -4.2005353505465164E-005
   1.2179196966125227E-005
  -4.2005362423168633E-005
   5.2059913531392049E-006
   1.2179231997677640E-005
   4.3110570270271000E-005
   4.3110595903591736E-005
   1.1933343891381357E-004
   6.9582062352870338E-007
   6.9577057274607631E-007
  -6.4865565858661626E-006
  -2.6175840350678519E-006
   1.5091027074964081E-004
  -1.1923287366348224E-005
   1.5091027716075428E-004
  -2.6175570052059657E-006
  -1.1923225183545309E-005
   1.8134489576247401E-005
   1.0931958562761367E-005
  -1.0205377620925256E-004
   7.4636856585798137E-005
  -4.8370854281306285E-005
  -4.7278821039450501E-005
  -8.4382469900763136E-005
  -7.9745097235413816E-005
   5.9547716877757573E-005
   7.0561215290368075E-006
  -3.4240305633252889E-005
  -7.3696514223606561E-005
  -4.8437447780640445E-005
  -3.1946383851905762E-005
  -4.8437470514832883E-005
  -1.9062377445853945E-005
  -4.4500499973015352E-005
   3.3787103326107070E-005
   1.7087247817197303E-005
  -4.0378730344447007E-005
   1.7087260882003372E-005
   3.3787110841615725E-005
  -4.4500462684149719E-005
  -1.9062403043212084E-005
   1.2492642670931703E-004
  -2.2201556220944747E-005
  -2.2201588038792742E-005
  -7.3586866380959728E-005
  -2.4126330301880206E-005
   3.0715532401311073E-005
  -7.3586889731708593E-005
   3.0715555743244535E-005
  -2.4126348581848694E-005
   1.3395582290821875E-004
   2.2985511562132750E-005
   2.2985581018536795E-005
  -1.1502218692327379E-005
  -3.3197783294663344E-005
  -2.4447821869129476E-005
  -9.2433064859032398E-005
   5.6320609536479832E-005
   9.1275470675725292E-005
  -3.1257586572736864E-005
   4.1310357606488098E-005
  -2.7710879028345173E-005
  -7.3898329629585443E-007
   4.2306958137348132E-005
  -1.6402820800799620E-004
  -1.2860757753015386E-005
   1.2262265718694047E-004
  -1.2566774735646216E-005
   5.3142499641561252E-005
   3.4488031330810185E-005
   8.6088372729638491E-006
   8.5684986330021321E-005
   4.0178287062255992E-005
   2.9382113046754098E-005
   1.9314037262566993E-005
  -1.9927663027943752E-007
  -1.1818997575291426E-004
  -2.1347636857120958E-005
  -2.7323327735128694E-005
  -5.6531879758557773E-006
  -5.9109749019697284E-006
   2.6369468680416181E-005
   4.8584027712984455E-005
   1.6311135154300756E-005
   1.4378814102152559E-004
  -1.3604079295855161E-004
   3.0861371372205836E-005
  -7.5978581238229337E-005
   1.6185513668323153E-005
  -2.8664367616091385E-005
  -5.7826120501487083E-006
  -2.4284052225929656E-005
   9.6897514460169917E-006
  -1.9737113260867527E-005
  -9.4382094863829051E-005
   2.1356828997744688E-005
  -7.1773160278010675E-006
   3.4923476584043793E-005
   8.6941100363482167E-005
   2.1586652272145665E-005
   9.3848340298493852E-005
   5.8727152824541760E-005
   8.7619052176227205E-006
  -4.4035068851538255E-005
  -3.9074953243066078E-005
  -1.7765652340956585E-004
  -6.9328136005986188E-005
   4.8507022693447431E-005
  -1.6179748865464684E-004
   2.6721348585841216E-005
   5.5748837488796556E-005
  -9.9150052817635517E-005
   1.1124964027829679E-004
  -5.0550169845885778E-005
   7.6041899781290097E-005
  -5.0550123162534772E-005
  -3.9163898280407791E-005
  -5.2640210065254007E-005
  -4.5396178073000319E-005
   7.1205965286994037E-006
  -4.4175020355944032E-005
   7.1205873349264025E-006
  -4.5396226519596771E-005
  -5.2640292867347762E-005
  -3.9163890579373862E-005
  -1.1502257202536769E-005
  -2.4447857901911666E-005
  -3.3197812587418970E-005
  -3.1257533608415323E-005
  -2.7710837046249334E-005
   4.1310352773084171E-005
  -9.2433022425946151E-005
   9.1275492310281228E-005
   5.6320570809641249E-005
  -7.3897773858798440E-007
  -1.6402821376912234E-004
   4.2307001674181369E-005
   3.5394095585491047E-005
  -3.3733908315000273E-006
  -3.3733659142949970E-006
   2.6882340174940691E-005
  -9.0777103163110353E-005
   2.4667689263606442E-005
   2.6882365125518207E-005
   2.4667713683158852E-005
  -9.0777132569504136E-005
   1.5757880585919371E-004
  -4.2617239526324551E-005
  -4.2617259096218535E-005
  -5.9622279431179319E-005
   1.3199746394354316E-004
  -4.8236847431978964E-005
  -7.8963868825166538E-005
   7.1800563064895907E-005
   4.5916602554175113E-005
   1.6331849294736707E-006
   2.9929224429333605E-005
  -4.5035273053945348E-007
  -1.4780932243034601E-004
  -2.1600112378685554E-005
   5.5128724914562126E-005
  -1.3002573637098890E-005
  -5.1005932947634786E-005
  -1.1088933326966968E-004
   1.4271828373665133E-005
   2.8321509659517059E-005
   8.0983568627411101E-005
  -7.3569243476015431E-005
  -1.2416549831039360E-004
  -4.4290977161785872E-005
  -4.3278211273590434E-005
  -1.1147250567261003E-004
   4.8874567472675329E-005
   6.8658347078535555E-005
  -4.4867597846535165E-005
  -6.9080614708423406E-006
  -1.0047457781397860E-004
  -4.4079382975611296E-005
  -2.2772512674228162E-005
   1.8597647850578178E-005
  -1.0175460131058679E-004
  -4.0669925591577829E-005
  -2.9106838010631196E-005
  -7.5554606724388439E-006
  -1.6509911813221329E-005
   4.4885485398012462E-005
  -7.8579371407056010E-005
   5.8244050861529127E-005
  -5.5987906377423159E-005
  -5.2321954708044970E-005
  -3.2657844122806846E-005
  -2.7356846681232815E-005
  -7.9962326702801508E-005
  -5.3783768818388323E-006
  -1.0475897041436965E-004
  -9.4764789663733670E-005
  -2.6380811195179630E-005
  -5.1952761973999420E-005
  -8.8210477730146699E-005
  -5.1952776667044181E-005
   6.6281569716480153E-005
   4.1775786836408798E-005
   4.2204610759044703E-005
  -6.5117872080427729E-006
   4.0331456477553623E-005
  -6.5117907314302864E-006
   4.2204642465358818E-005
   4.1775824496455788E-005
   6.6281620162901282E-005
  -1.2860720354841355E-005
  -1.2566795674505410E-005
   1.2262266321228529E-004
   8.5684982731740306E-005
   2.9382070356404819E-005
   4.0178271953388161E-005
   5.3142493596514295E-005
   8.6088293600025829E-006
   3.4488075803485897E-005
   1.9314019982407075E-005
  -1.1818999086839478E-004
  -1.9931942315087286E-007
  -5.9622267167276948E-005
  -4.8236830889861488E-005
   1.3199748594845922E-004
   1.6331952614524682E-006
  -4.5035199554641120E-007
   2.9929221170045576E-005
  -7.8963850880941127E-005
   4.5916564688064875E-005
   7.1800528251120401E-005
  -1.4780933645156243E-004
   5.5128683050011380E-005
  -2.1600136025549551E-005
  -4.9362931709423100E-005
  -3.4374681666524212E-005
  -3.4374632531383099E-005
   3.9935615835556198E-005
  -2.0920993012979505E-005
  -1.0325921930155441E-004
   3.9935619243858051E-005
  -1.0325917912524970E-004
  -2.0920994561034711E-005
  -4.9569010615437056E-005
   4.8485905120132613E-005
   4.8485925103929985E-005
  -5.7224042493365089E-005
   3.9139933998775015E-005
  -5.0013180244737474E-005
  -2.2070498534431982E-005
   4.5350354348336065E-005
   1.0845596737992183E-004
  -4.8380993088749385E-005
  -2.9104685653675629E-006
  -1.0767574013406454E-005
  -2.8360217772671654E-005
   5.7221372474335825E-005
   8.4595394458898975E-005
  -2.3116695299308912E-005
   8.5015987826827374E-005
  -1.5512838770014802E-005
  -2.7534994368563395E-005
   9.9652496223333150E-005
   1.2016276347299582E-004
   5.2251952672021421E-005
  -1.9121868476604504E-005
   4.7183937986182607E-005
   2.8214161284166213E-005
  -4.5312996361962834E-005
   7.4852890072794542E-005
  -1.9030497541169271E-005
  -2.3339244535951351E-005
  -6.5770309768359517E-006
  -1.5335520139910501E-006
  -2.3507035304255698E-005
   5.7280228625918199E-005
  -7.3963666032893168E-005
  -3.5430314754891900E-005
  -6.4067728720384743E-005
  -2.8253074310940731E-005
   1.2707988541662191E-004
  -3.5809980270765604E-005
   1.6893993247744186E-005
   1.1653608065533931E-004
   1.6893976842850897E-005
   5.2060273446880896E-006
   1.2179260147925415E-005
  -4.2005362185165291E-005
  -9.4843634155082531E-005
  -8.1195213824800189E-005
  -9.4843595457636296E-005
  -4.2005352505088882E-005
   1.2179109034554238E-005
   5.2059894283343976E-006
  -2.1347677045353250E-005
  -5.6531156747036574E-006
  -2.7323373552204905E-005
   1.6311148173559946E-005
  -1.3604078958521029E-004
   1.4378812031000309E-004
  -5.9109876436165366E-006
   4.8584074643098364E-005
   2.6369502263819915E-005
   3.0861407311249095E-005
   1.6185492354463167E-005
  -7.5978617419655126E-005
  -1.3002559396470189E-005
  -1.1088935154552572E-004
  -5.1005919555270664E-005
  -7.3569234055312973E-005
  -4.4290970045876237E-005
  -1.2416549243034368E-004
   1.4271831816657413E-005
   8.0983576157987578E-005
   2.8321518272098654E-005
  -4.3278252893447274E-005
   4.8874615085021233E-005
  -1.1147254092984609E-004
  -5.7224017709446031E-005
  -5.0013192457203661E-005
   3.9139956603085928E-005
  -4.8380987921549086E-005
  -1.0767557146373625E-005
  -2.9104515295366739E-006
  -2.2070500789003691E-005
   1.0845599449481575E-004
   4.5350377162578917E-005
  -2.8360183926438041E-005
   8.4595391158750422E-005
   5.7221405073151637E-005
   6.0779660620576277E-005
  -7.4234305216225862E-006
  -7.4234401074727628E-006
  -8.0552082185973681E-005
   6.7975783946265419E-005
   4.7130850312902593E-005
  -8.0552097436019387E-005
   4.7130829694804158E-005
   6.7975785493293197E-005
  -9.3071402849824155E-005
   7.8134928091140826E-005
   7.8134954422338045E-005
  -3.8810407501705437E-005
  -9.1083019713287882E-005
  -1.2988406317904898E-005
  -7.2917797383981916E-005
  -2.6363895329889050E-005
   3.2405959479905546E-005
  -1.5542976291352129E-004
   5.8566362626656013E-005
   4.8300459088564637E-005
  -1.6221078433839802E-005
  -3.1367673094818983E-005
   1.7551988670161234E-005
   5.2195821759771942E-005
   5.8117874567018305E-005
  -1.4896589149864596E-004
  -1.2339460628665427E-004
  -1.1904478409351446E-004
  -3.9142597981397782E-005
   6.2840904188254232E-005
   6.0570096454003661E-006
  -5.8719897105598857E-005
   7.0671614604469143E-006
   4.6891890135312385E-005
  -3.2338168807164428E-005
   4.3110576291723447E-005
   1.1933340864496807E-004
   4.3110579478835704E-005
  -2.6175370403497789E-006
  -1.1923259481010293E-005
   1.5091025347600470E-004
   6.9579113604941315E-007
  -6.4865639481037005E-006
   6.9580165128015385E-007
   1.5091024800755300E-004
  -1.1923258169045501E-005
  -2.6175400526483719E-006
  -2.8664372150914582E-005
  -2.4284056875733706E-005
  -5.7825993731308510E-006
   2.1356837068430125E-005
   3.4923498632552712E-005
  -7.1772862199342832E-006
   9.6897597602977690E-006
  -9.4382072079591799E-005
  -1.9737128579050267E-005
   8.6941084934230323E-005
   9.3848315809957653E-005
   2.1586679081335828E-005
   6.8658323428044348E-005
  -6.9080841999349456E-006
  -4.4867636255289824E-005
   1.8597671211853759E-005
  -4.0669906235522408E-005
  -1.0175461278886003E-004
  -1.0047457313686113E-004
  -2.2772491003059932E-005
  -4.4079369376771597E-005
  -2.9106828755240933E-005
  -1.6509931835726102E-005
  -7.5554565856115242E-006
  -2.3116721873277131E-005
  -1.5512842005492649E-005
   8.5016030434359691E-005
   5.2251953973571286E-005
   4.7183943628221797E-005
  -1.9121838827859917E-005
  -2.7535000015646697E-005
   1.2016277920617869E-004
   9.9652488139043930E-005
   2.8214202634508986E-005
   7.4852866673839324E-005
  -4.5312990916983785E-005
  -3.8810404161426517E-005
  -1.2988434887972656E-005
  -9.1083050231546036E-005
  -1.5542975144202591E-004
   4.8300443635243974E-005
   5.8566386498238587E-005
  -7.2917788251786387E-005
   3.2405978513981579E-005
  -2.6363929621652113E-005
  -1.6221059688687796E-005
   1.7551984045219339E-005
  -3.1367621954985648E-005
  -2.2143741765569348E-004
   2.9255509551839217E-005
   2.9255530366348526E-005
  -1.4584562669865887E-004
  -7.2237712645779526E-005
   1.3602732141283207E-005
  -1.4584570072399228E-004
   1.3602708184034448E-005
  -7.2237726355549106E-005
  -6.8721284293547032E-005
   5.0513850281286985E-005
   5.0513847820243409E-005
  -2.3756269796540327E-005
  -5.5217661244762860E-005
  -5.5217632964433793E-005
  -3.2077795954014672E-005
  -1.7504395674451815E-005
   2.3933639738850506E-005
  -3.2077812683757859E-005
   2.3933598538089130E-005
  -1.7504366114735551E-005
  -6.0761136279498296E-005
  -2.3481140000954373E-005
  -2.3481153925922563E-005
   1.0931965586190588E-005
  -1.0205373951467018E-004
   1.8134422219556639E-005
  -3.4240301318744096E-005
  -7.3696514721277869E-005
   7.0561052018117674E-006
  -4.8370857836105257E-005
  -4.7278830597968670E-005
   7.4636841609619379E-005
  -7.9745062170343366E-005
   5.9547730688694559E-005
  -8.4382477215991353E-005
  -7.9737414570179603E-005
  -8.4781075025790810E-005
  -7.9737434880806753E-005
   2.3802292446335178E-005
   1.4875023250246120E-004
  -4.9308460686884795E-006
   2.9258819786265622E-005
  -1.7567741490068757E-005
   2.9258745707383674E-005
  -4.9308404089164722E-006
   1.4875020876037342E-004
   2.3802304669466698E-005
  -5.2264179216634886E-005
  -5.3929584693962495E-005
  -1.7404013395120846E-005
   9.2182927909683795E-006
   3.4810986001453777E-005
  -1.0361436076741059E-005
   7.6861251410924056E-005
  -6.4438136990102864E-005
   3.2648782005819864E-005
  -9.8343003021562903E-005
   2.0548639045704311E-005
  -7.9568318670242166E-005
  -7.1001481721082329E-005
   8.0284478047489458E-005
  -2.7096657766125553E-005
   2.9285177877291999E-005
  -4.4215254947553435E-005
  -1.3892012462942437E-005
  -2.4648605729644267E-005
  -1.6835303175741433E-006
   1.8098588676685626E-005
  -1.5235382688281426E-004
  -5.1417344547646498E-006
   3.6065549625743126E-005
   3.7182651347410725E-006
  -7.6658104024045627E-005
   1.0717441995369633E-005
   4.0112686035144273E-005
  -5.4634157563751894E-005
  -6.1713498242305863E-005
   1.6831584575150895E-005
   3.2657268847989982E-006
   9.0277853786951890E-006
  -1.2207517697820561E-004
   7.3767563801144773E-006
   2.4216050324849346E-005
  -1.0625844230041434E-004
  -1.5780453415676634E-004
  -6.0263157625888913E-005
  -3.7338950604549850E-005
   1.7921320570584977E-005
  -5.4509978523497117E-005
  -1.3684648757123427E-004
  -4.9832941007152015E-005
  -2.5474847443430622E-005
  -1.2116189981385659E-004
  -7.2464042940343314E-005
   4.4023089924720877E-005
   1.0932061067459527E-005
   1.8134451811970144E-005
  -1.0205374213106660E-004
  -4.8370889369931975E-005
   7.4636858659067915E-005
  -4.7278842665148194E-005
  -3.4240360243790599E-005
   7.0561390087369188E-006
  -7.3696544504668493E-005
  -7.9745080241112762E-005
  -8.4382446292529523E-005
   5.9547757172252120E-005
  -3.1946338697661926E-005
  -4.8437496971788006E-005
  -4.8437407519138420E-005
  -4.4500480728297099E-005
  -1.9062392794760434E-005
   3.3787092368612908E-005
  -4.4500494508211205E-005
   3.3787094968304447E-005
  -1.9062377381358647E-005
  -4.0378716217358599E-005
   1.7087249174394186E-005
   1.7087248064236881E-005
  -2.2201587558816243E-005
   1.2492643441339393E-004
  -2.2201567221655170E-005
  -2.4126337162115358E-005
  -7.3586871502287122E-005
   3.0715561429029148E-005
   2.2985578778510593E-005
   1.3395579045916687E-004
   2.2985570357690325E-005
   3.0715546616170255E-005
  -7.3586882337918179E-005
  -2.4126338356056256E-005
  -3.3197794669747514E-005
  -1.1502238695257769E-005
  -2.4447876709243507E-005
   5.6320583012807508E-005
  -9.2433095267325483E-005
   9.1275463984680452E-005
   4.2307005436244825E-005
  -7.3898478916825348E-007
  -1.6402821943829098E-004
   4.1310337390359976E-005
  -3.1257520617408893E-005
  -2.7710868099098913E-005
   1.2262266049189183E-004
  -1.2860747999912498E-005
  -1.2566796155760083E-005
   3.4488012502496623E-005
   5.3142536310555137E-005
   8.6088587334875403E-006
  -1.9932962256723428E-007
   1.9314032319593377E-005
  -1.1818999698547358E-004
   4.0178310576781111E-005
   8.5684984977653424E-005
   2.9382113541267951E-005
  -2.7323354153252357E-005
  -2.1347616221438948E-005
  -5.6531725763496772E-006
   2.6369469295021109E-005
  -5.9109808114061106E-006
   4.8584018224613490E-005
  -7.5978592069533873E-005
   3.0861418695465446E-005
   1.6185477060445376E-005
   1.4378812486513914E-004
   1.6311138905505266E-005
  -1.3604081035035673E-004
  -5.7826075802771537E-006
  -2.8664369628642634E-005
  -2.4284069440418628E-005
  -1.9737167534949199E-005
   9.6897226942317644E-006
  -9.4382067948924081E-005
   2.1586676065577998E-005
   8.6941095057874759E-005
   9.3848271326335260E-005
  -7.1772867211228116E-006
   2.1356811667637802E-005
   3.4923497384771280E-005
  -7.9737419922169871E-005
  -7.9737401100023745E-005
  -8.4781095146840344E-005
   2.9258776837295608E-005
   2.9258791916320998E-005
  -1.7567720091174629E-005
   2.3802333586923299E-005
  -4.9308458088063555E-006
   1.4875013365966741E-004
  -4.9308660952812565E-006
   2.3802305663729289E-005
   1.4875024642764073E-004
  -2.2201542062634928E-005
  -2.2201607657887319E-005
   1.2492644064043758E-004
   2.2985540646783125E-005
   2.2985577573084189E-005
   1.3395583727992603E-004
  -2.4126304997165330E-005
   3.0715553479809185E-005
  -7.3586889283821843E-005
   3.0715551766421134E-005
  -2.4126337943889882E-005
  -7.3586878847094460E-005
  -5.7592488190649303E-005
  -5.7592484314445333E-005
  -5.7592483676138149E-005
  -6.2397763947574477E-005
  -6.2397753745714802E-005
  -1.1347403423595079E-004
  -6.2397712865108000E-005
  -1.1347406074310375E-004
  -6.2397760778570369E-005
  -1.1347406235054663E-004
  -6.2397736477760862E-005
  -6.2397724149635336E-005
   8.1617372032584780E-005
   8.1617373766134337E-005
  -1.3174107813485495E-005
   5.2235684495738245E-005
   5.2235687589523056E-005
  -5.4048213706191444E-005
   1.1819737251022146E-004
  -6.5849085090654953E-005
  -9.9504088441901522E-005
  -6.5849034782072675E-005
   1.1819732936734291E-004
  -9.9504072111764058E-005
   1.5237005443474551E-005
   1.5237020509373977E-005
   1.2365453616016973E-004
   3.4709345372296987E-005
   3.4709345248360461E-005
  -4.3202227345288785E-005
   5.9484562469581201E-005
   5.1789541879213147E-005
  -4.6390494630535926E-005
   5.1789588979517706E-005
   5.9484567540953932E-005
  -4.6390470826960252E-005
  -3.3038809522758761E-005
  -3.3038798178609305E-005
  -1.0119562864337512E-004
  -8.4060912211472176E-005
  -8.4060931051965605E-005
  -1.7839106117637302E-004
   1.5623197869503788E-005
   4.3144312810204001E-005
  -6.9673707222062958E-005
   4.3144269314816927E-005
   1.5623192913951231E-005
  -6.9673640127220797E-005
  -1.1358070230287708E-005
  -1.1358124929301449E-005
   3.2870348867196147E-005
  -3.4296770392367404E-005
  -3.4296746485482279E-005
  -7.9146063238482109E-005
   5.7247584592580970E-005
   1.0037026526349030E-006
   5.4344287340436865E-005
   1.0037390037751088E-006
   5.7247595491380974E-005
   5.4344226773513189E-005
  -5.2264202792896224E-005
  -1.7403984095036444E-005
  -5.3929540463393899E-005
   7.6861223154243112E-005
   3.2648775646018940E-005
  -6.4438162290586130E-005
   9.2182963679148832E-006
  -1.0361467766558631E-005
   3.4810965974029092E-005
  -9.8343010384414076E-005
  -7.9568287636050890E-005
   2.0548625304206083E-005
  -3.3197773406340436E-005
  -2.4447826363930655E-005
  -1.1502196258197957E-005
   4.2306929429066822E-005
  -1.6402823185821645E-004
  -7.3895498545282796E-007
   5.6320586922959042E-005
   9.1275471330356454E-005
  -9.2433048094493368E-005
   4.1310389114868957E-005
  -2.7710897644472849E-005
  -3.1257579900568268E-005
   8.1617367088742123E-005
  -1.3174069310578545E-005
   8.1617385860049331E-005
   1.1819734100762411E-004
  -9.9504127306713363E-005
  -6.5849062113965595E-005
   5.2235726402232850E-005
  -5.4048191259893578E-005
   5.2235707778886319E-005
  -6.5849042356032580E-005
  -9.9504077030936766E-005
   1.1819731185918929E-004
  -5.1609592759236084E-005
  -7.0383453024598161E-005
  -7.0383405888114047E-005
   1.1030091036017645E-004
   3.9954662141604374E-005
   6.3876152880191440E-005
   1.1030087262620763E-004
   6.3876179449548940E-005
   3.9954594026585019E-005
   1.4459275289911553E-004
   1.7061004873080443E-004
   1.7061006462017558E-004
   4.6361370032071240E-005
   2.0115066875383327E-005
   9.0868872830601277E-005
   7.8833311822368865E-005
   1.2026176689232069E-004
  -1.0574834261214745E-006
   6.7378474335386132E-005
  -1.9201150605504177E-005
   4.4960117794123051E-005
   1.0345266608423867E-005
   7.8061670182272864E-006
  -5.2778390159942008E-005
  -2.8814776369127196E-005
  -5.4623148307517792E-005
  -5.6603736715045876E-006
   1.1240954842364117E-005
   1.4991655080044602E-004
   1.2155072151621821E-005
  -5.6634363488760108E-006
  -1.0073840336190063E-004
  -8.3007667537264309E-006
   4.3501908111934065E-006
  -4.1318848879213761E-005
  -4.6211683122696649E-005
   8.0720752673553583E-005
  -4.3172792543514072E-005
   8.8310278155164022E-005
  -6.1855859385957548E-005
  -8.1484955449072949E-005
   5.3992450246133326E-005
   5.3870747444237462E-005
  -4.4304133219210431E-005
  -2.1889171705957863E-005
   7.9801750192702139E-005
  -4.5705673760513896E-005
   9.7694279279725486E-007
  -7.1001456768304258E-005
  -2.7096640490672922E-005
   8.0284508960866595E-005
  -2.4648629454603585E-005
   1.8098597545010443E-005
  -1.6835230163217314E-006
   2.9285183340956009E-005
  -1.3892044493736015E-005
  -4.4215269079757082E-005
  -1.5235379059223741E-004
   3.6065564723604679E-005
  -5.1417351989355244E-006
   1.2262265975916678E-004
  -1.2566806580493384E-005
  -1.2860764405842545E-005
  -1.9930596229041845E-007
  -1.1818997923292026E-004
   1.9314036923815962E-005
   3.4488011487877672E-005
   8.6088501457826844E-006
   5.3142562591272980E-005
   4.0178287862009519E-005
   2.9382112635400096E-005
   8.5684990298625480E-005
   1.5237055378351278E-005
   1.2365452372866130E-004
   1.5237051597835120E-005
   5.9484552220897578E-005
  -4.6390476925007131E-005
   5.1789577332298533E-005
   3.4709364733623941E-005
  -4.3202216560358375E-005
   3.4709342113640757E-005
   5.1789611172136021E-005
  -4.6390475509441706E-005
   5.9484565756771355E-005
   4.6361347557017589E-005
   9.0868876990994905E-005
   2.0115074762286348E-005
   6.7378484972006501E-005
   4.4960164012658784E-005
  -1.9201175159686263E-005
   7.8833326545376645E-005
  -1.0574865129583155E-006
   1.2026175901867753E-004
   1.0345243526333234E-005
  -5.2778385641333383E-005
   7.8061660269644979E-006
   2.3458015215362161E-005
  -2.5978427515430786E-005
  -2.5978410424998499E-005
   5.8672501675945486E-005
   3.6541442058797223E-005
   7.3766766157668922E-005
   5.8672529615615920E-005
   7.3766799492570791E-005
   3.6541416921946004E-005
  -8.5083321299800959E-005
   1.4378963590661236E-005
   1.4378968583182613E-005
  -9.0217394943772219E-005
   9.8618313039200054E-005
  -6.0663107280674495E-005
  -5.2558248900529223E-005
   1.5969342268496879E-004
  -3.5417662650071699E-005
   8.7997085388710674E-005
  -9.8160666564793072E-006
   5.8756456554195407E-005
  -4.6175257946330234E-005
   2.1223584203628554E-005
  -9.0263384159735028E-005
  -6.4101291590139467E-006
  -7.5431701760114337E-005
  -7.7265145608933696E-005
  -1.4239401700039709E-005
   9.8834098358082973E-005
   3.5673471717005886E-005
   8.7553090928462581E-006
   5.6385305388436994E-005
  -4.3547272167802281E-007
   9.9812085738659979E-006
   1.7490130677086849E-006
  -5.0248925465058907E-005
   3.7182327663414516E-006
   1.0717431106500417E-005
  -7.6658138703659178E-005
   1.6831591766869080E-005
   9.0278383834352684E-006
   3.2657115548560980E-006
   4.0112669033205326E-005
  -6.1713481905481906E-005
  -5.4634139820117668E-005
  -1.2207518025912325E-004
   2.4216055325493773E-005
   7.3767647976391875E-006
  -2.7323328190179500E-005
  -5.6531944636283979E-006
  -2.1347641430996551E-005
  -7.5978593027137430E-005
   1.6185508735108146E-005
   3.0861400226975064E-005
   2.6369464804654839E-005
   4.8584050212982529E-005
  -5.9110088456862657E-006
   1.4378813822933480E-004
  -1.3604079635769225E-004
   1.6311118427630624E-005
  -3.3038797251462491E-005
  -1.0119562625639944E-004
  -3.3038813576725674E-005
   1.5623177699608937E-005
  -6.9673676526980726E-005
   4.3144278290848752E-005
  -8.4060916806638072E-005
  -1.7839107976584458E-004
  -8.4060943325858336E-005
   4.3144318001811508E-005
  -6.9673667668595970E-005
   1.5623175367247937E-005
  -2.8814763632530892E-005
  -5.6604270217815096E-006
  -5.4623157456928527E-005
  -5.6634126539094389E-006
  -8.3007217956433439E-006
  -1.0073841946723297E-004
   1.1240947796165246E-005
   1.2155075325881896E-005
   1.4991657852505126E-004
   4.3502155543619310E-006
  -4.6211693855939347E-005
  -4.1318882373944988E-005
  -9.0217387364996965E-005
  -6.0663112142506210E-005
   9.8618315630335694E-005
   8.7997089007674594E-005
   5.8756451452217275E-005
  -9.8160549971499672E-006
  -5.2558197115748068E-005
  -3.5417683727494154E-005
   1.5969341955374239E-004
  -4.6175259859013597E-005
  -9.0263359235371322E-005
   2.1223608223947932E-005
  -7.3121268911246237E-005
  -1.9526300017181816E-005
  -1.9526344839961130E-005
  -9.9040147113443579E-006
   1.2687176452822159E-005
   7.2744185088662746E-005
  -9.9040200061790140E-006
   7.2744195628923888E-005
   1.2687181043581894E-005
   3.7392435562506449E-005
   2.4056243623433362E-005
   2.4056223038358265E-005
  -4.0339596882938293E-005
  -1.1893436516597465E-005
   4.1927177112210227E-005
   5.2413018230118025E-005
   6.9044608835466362E-005
  -1.5994520317862309E-005
  -3.9309814153570684E-005
  -6.4564721682754220E-005
  -1.2318566367441734E-004
   1.5138573055545868E-005
  -1.7380212301560768E-005
  -8.3873888073015247E-005
  -1.0625845083061936E-004
  -6.0263181375318589E-005
  -1.5780456340537332E-004
  -1.3684646307231415E-004
  -2.5474825692926650E-005
  -4.9832952764662446E-005
  -3.7339038146616883E-005
  -5.4509992090755267E-005
   1.7921231468398651E-005
  -1.2116181831787489E-004
   4.4023047983173650E-005
  -7.2464058358834166E-005
  -5.7826278121209563E-006
  -2.4284059784478786E-005
  -2.8664366383273179E-005
   2.1586621114981817E-005
   9.3848350666293176E-005
   8.6941134446254741E-005
  -1.9737113675888226E-005
  -9.4382083012413626E-005
   9.6897343778912432E-006
  -7.1773539522591607E-006
   3.4923475252011360E-005
   2.1356805967413282E-005
  -1.1358105561482717E-005
   3.2870350875341337E-005
  -1.1358094486032878E-005
   5.7247576937291136E-005
   5.4344258550169955E-005
   1.0037474306590252E-006
  -3.4296760589501494E-005
  -7.9146075017650692E-005
  -3.4296732616222155E-005
   1.0036948705655576E-006
   5.4344237868934585E-005
   5.7247612967322417E-005
   8.0720739445163168E-005
   8.8310279178484136E-005
  -4.3172805694326725E-005
   5.3870772413537100E-005
  -2.1889132607136504E-005
  -4.4304138874679756E-005
  -6.1855882597247860E-005
   5.3992440597582501E-005
  -8.1484924340292548E-005
   7.9801746781822758E-005
   9.7692810213373888E-007
  -4.5705686847239569E-005
  -6.4101165914134821E-006
  -7.7265168006467760E-005
  -7.5431708074444892E-005
   8.7552891249701862E-006
  -4.3548428004475007E-007
   5.6385321787571656E-005
  -1.4239402016071986E-005
   3.5673455458480517E-005
   9.8834091458981497E-005
   9.9812275882064219E-006
  -5.0248927978312801E-005
   1.7489773700607712E-006
  -4.0339595564582569E-005
   4.1927176534698142E-005
  -1.1893424662996099E-005
  -3.9309835144825378E-005
  -1.2318567143256500E-004
  -6.4564709038949285E-005
   5.2412992645527379E-005
  -1.5994499342419227E-005
   6.9044618997055678E-005
   1.5138598636879059E-005
  -8.3873896158931840E-005
  -1.7380236049773945E-005
   2.9385297157471135E-004
  -4.0079224332888766E-005
  -4.0079274891225194E-005
   6.6476907818331927E-006
   2.4341681235106621E-005
   4.3944265965505321E-005
   6.6476847551140799E-006
   4.3944250132374433E-005
   2.4341662806166888E-005
   9.2678452688415910E-005
  -1.2080439951450490E-005
  -1.2080449146230270E-005
  -3.6510320776935262E-005
   5.4526327505134922E-006
   5.4526153164204360E-006
   3.4112394059593992E-006
   3.2844199887671952E-005
  -2.1659680265115391E-005
   3.4112210443503313E-006
  -2.1659687754823321E-005
   3.2844225250065927E-005
   5.3706423037411779E-005
  -2.0320566154226082E-005
  -2.0320570758448467E-005
   8.7619087258197747E-006
  -4.4035055239026529E-005
   5.8727190897205075E-005
  -9.9150101898404507E-005
   1.1124962794091000E-004
   5.5748842743969507E-005
  -1.7765652990706397E-004
  -6.9328137679477530E-005
  -3.9074934391163278E-005
  -1.6179749631195267E-004
   2.6721338683000685E-005
   4.8507037472518410E-005
  -1.7404004599398202E-005
  -5.3929516620588843E-005
  -5.2264223112404365E-005
  -7.9568297312336027E-005
   2.0548627781466640E-005
  -9.8343009641081150E-005
   3.2648761559262677E-005
  -6.4438161600398179E-005
   7.6861209452024824E-005
  -1.0361465111956165E-005
   3.4810962693493567E-005
   9.2182716573035541E-006
  -2.8217890932374805E-006
  -5.3494194906878095E-006
  -2.8217790535776921E-006
  -3.3206050181092016E-005
  -5.9667783519958410E-005
  -1.5472546522850261E-005
   7.9646200255788869E-005
  -8.1572250117944555E-005
   7.9646203476296308E-005
  -1.5472512686537186E-005
  -5.9667749060104623E-005
  -3.3206055997764240E-005
   7.9705056926911966E-005
   1.6217134797708556E-005
   8.0308027120493084E-005
   1.4409372547927189E-005
   3.0851455797603667E-005
   6.4399143046293904E-005
   2.2379719277003043E-006
  -4.7842839021580274E-005
  -1.6551768367903718E-005
  -1.2858160402884107E-005
   3.3543502950638460E-005
   3.0451212467714128E-005
   1.0239787267612077E-004
  -9.7751461506220900E-005
  -8.5894525447388170E-005
   7.3234678939640738E-005
  -7.0666848510734064E-005
   6.2617154327314464E-005
   5.4250680219096752E-005
   5.7137082871775643E-005
   4.1974757002429803E-006
  -1.1540006387126399E-005
  -4.0121887810537944E-006
   7.1499590267964218E-007
   3.8955450675649207E-005
  -5.6074070112057929E-005
  -6.2663493866233031E-005
  -2.5931839615143490E-005
   9.6760474655985308E-005
  -4.8074345643256578E-005
  -5.8715766605750765E-005
  -4.3634328849866618E-005
   2.9188674391473654E-005
  -4.5900914818628102E-005
   6.2199909597536281E-005
  -1.2856393300127048E-004
   8.7619390201284250E-006
   5.8727155484696030E-005
  -4.4035030752861928E-005
  -1.7765654743108654E-004
  -3.9074944866223503E-005
  -6.9328141223525032E-005
  -9.9150162906078964E-005
   5.5748899067802380E-005
   1.1124965461276255E-004
  -1.6179750664441648E-004
   4.8507015595449846E-005
   2.6721361360604150E-005
   7.6041918014839330E-005
  -5.0550122163228795E-005
  -5.0550154858886513E-005
  -5.2640288974202217E-005
  -3.9163859762213915E-005
  -4.5396196111217350E-005
  -5.2640235525258385E-005
  -4.5396190730319990E-005
  -3.9163893211894393E-005
  -4.4175010234767762E-005
   7.1206292955247193E-006
   7.1206099183948053E-006
  -2.4447833487795937E-005
  -1.1502189652283970E-005
  -3.3197791248945583E-005
  -2.7710872267197227E-005
  -3.1257589272731335E-005
   4.1310349016311717E-005
  -1.6402821553777993E-004
  -7.3897256828802472E-007
   4.2306952606962562E-005
   9.1275477255961987E-005
  -9.2433032632250852E-005
   5.6320597772176271E-005
  -3.3733946529825521E-006
   3.5394126935704542E-005
  -3.3733736060050351E-006
  -9.0777119129594212E-005
   2.6882326686667482E-005
   2.4667735143094344E-005
  -4.2617230952306896E-005
   1.5757881092106428E-004
  -4.2617228915029871E-005
   2.4667717616867090E-005
   2.6882349012619099E-005
  -9.0777102915530090E-005
   1.3199748411956021E-004
  -5.9622302150363831E-005
  -4.8236840913651162E-005
   7.1800547225830185E-005
  -7.8963858470773495E-005
   4.5916534917200560E-005
  -2.1600149429359555E-005
  -1.4780934353462885E-004
   5.5128716798776955E-005
   2.9929237003684345E-005
   1.6331865819348427E-006
  -4.5033616677859645E-007
  -5.1005932076365489E-005
  -1.3002546558918750E-005
  -1.1088934666557444E-004
   2.8321511215912340E-005
   1.4271822314777684E-005
   8.0983582674460270E-005
  -1.1147253103811929E-004
  -4.3278265708266121E-005
   4.8874627218712935E-005
  -1.2416548792386093E-004
  -7.3569215162368120E-005
  -4.4290965483221703E-005
  -4.4867644327656072E-005
   6.8658300820990722E-005
  -6.9080693871427674E-006
  -4.4079365883957703E-005
  -1.0047458812810155E-004
  -2.2772467183748825E-005
  -7.5554497854859328E-006
  -2.9106838120837549E-005
  -1.6509910687220778E-005
  -1.0175462015417813E-004
   1.8597702264883186E-005
  -4.0669862530201376E-005
  -1.7404013193399696E-005
  -5.2264191751508179E-005
  -5.3929554526198673E-005
   3.2648771301062125E-005
   7.6861245248871377E-005
  -6.4438098077325187E-005
  -7.9568289021167291E-005
  -9.8343034028890481E-005
   2.0548630797454917E-005
  -1.0361463267362283E-005
   9.2182890287551450E-006
   3.4810988232408558E-005
  -2.4447868301484097E-005
  -3.3197813124448911E-005
  -1.1502242445973534E-005
  -1.6402822049089186E-004
   4.2307030956016484E-005
  -7.3896886689463606E-007
  -2.7710854303392524E-005
   4.1310308258458130E-005
  -3.1257558260288761E-005
   9.1275446628084799E-005
   5.6320555525759104E-005
  -9.2433035566032284E-005
  -1.3174133012170068E-005
   8.1617396135526997E-005
   8.1617393272514612E-005
  -9.9504089871837770E-005
   1.1819728960823455E-004
  -6.5849013257088609E-005
  -9.9504066542930306E-005
  -6.5849046005092692E-005
   1.1819731048584071E-004
  -5.4048191859665831E-005
   5.2235694759632221E-005
   5.2235686685632988E-005
  -7.0383443192465969E-005
  -5.1609555383553417E-005
  -7.0383424308544850E-005
   3.9954624934589927E-005
   1.1030086370279379E-004
   6.3876159195638168E-005
   1.7061001617519079E-004
   1.4459276030731393E-004
   1.7061007754349723E-004
   6.3876208871284468E-005
   1.1030090696800489E-004
   3.9954615734405022E-005
   2.0115080050284292E-005
   4.6361363954960366E-005
   9.0868893345484432E-005
   1.2026174695124998E-004
   7.8833297018039174E-005
  -1.0574854889784744E-006
   7.8061620300546544E-006
   1.0345264202754860E-005
  -5.2778386496747077E-005
  -1.9201153911504409E-005
   6.7378493029374181E-005
   4.4960128564928306E-005
  -5.4623166577815230E-005
  -2.8814752762714550E-005
  -5.6603829709854321E-006
   1.4991661423449258E-004
   1.1240951145816016E-005
   1.2155090793548125E-005
  -4.1318865168622846E-005
   4.3502194457711113E-006
  -4.6211713177158695E-005
  -1.0073843039815858E-004
  -5.6634125285741405E-006
  -8.3007536970771175E-006
  -4.3172791292590011E-005
   8.0720753247521228E-005
   8.8310281403924116E-005
  -8.1484922300619321E-005
  -6.1855902136602979E-005
   5.3992453720105345E-005
  -4.5705684879193529E-005
   7.9801753555516520E-005
   9.7693401906524925E-007
  -4.4304154672510512E-005
   5.3870770953854377E-005
  -2.1889164654996926E-005
  -2.8218092401101430E-006
  -2.8218055285641963E-006
  -5.3494607073475767E-006
   7.9646210407056784E-005
   7.9646198248520047E-005
  -8.1572254722481170E-005
  -3.3206043039759236E-005
  -1.5472518056071501E-005
  -5.9667783240666839E-005
  -1.5472563911969827E-005
  -3.3206109925487475E-005
  -5.9667709745820143E-005
  -3.3733717443105072E-006
  -3.3733685928581970E-006
   3.5394116619591012E-005
  -4.2617225085781071E-005
  -4.2617250410133400E-005
   1.5757879162558514E-004
  -9.0777104993766938E-005
   2.4667701272670548E-005
   2.6882342501679918E-005
   2.4667722599218657E-005
  -9.0777114388022602E-005
   2.6882312061050433E-005
  -7.0383440101244097E-005
  -7.0383427262878987E-005
  -5.1609593000821990E-005
   1.7061003991477030E-004
   1.7061002205881744E-004
   1.4459276901411275E-004
   3.9954627688317749E-005
   6.3876180369501381E-005
   1.1030087565760861E-004
   6.3876192665625434E-005
   3.9954606430258607E-005
   1.1030091228474358E-004
  -5.2122591296790582E-006
  -5.2122020399461546E-006
  -5.2122390769094920E-006
  -3.0955964124876625E-005
  -3.0955965744778660E-005
   6.8516358671571927E-005
  -3.0955946895040076E-005
   6.8516350149456893E-005
  -3.0955958819514309E-005
   6.8516335689755174E-005
  -3.0955979848855351E-005
  -3.0955981051201049E-005
  -1.6522621254974130E-005
  -1.6522613892012232E-005
  -1.5593586705473322E-004
  -6.9566382253155579E-005
  -6.9566399091651143E-005
   1.6219245914059222E-005
   6.8050504824477455E-005
   3.1231382047409171E-005
  -1.5773226442316557E-005
   3.1231379553508468E-005
   6.8050454011250511E-005
  -1.5773241781853713E-005
   7.2904260524704490E-005
   7.2904283728182596E-005
   1.0259309328965367E-004
   2.5288184806481959E-005
   2.5288196235036598E-005
  -8.6666626870903859E-005
  -1.8599476929402596E-005
   1.1601522654464654E-005
   9.5251583700488686E-005
   1.1601530940247926E-005
  -1.8599479048574266E-005
   9.5251604585926881E-005
  -8.6394361895432612E-007
  -8.6387668893627584E-007
  -2.8573956785878432E-004
  -5.6141106988973199E-005
  -5.6141061039525746E-005
   1.3333157709831991E-004
  -7.9676129480904013E-005
   5.3185388559715807E-006
  -4.8733839735542009E-005
   5.3185160572330985E-006
  -7.9676147018229257E-005
  -4.8733786838335402E-005
   7.9705082227446921E-005
   8.0308004395880176E-005
   1.6217115405426491E-005
   2.2379747302460025E-006
  -1.6551748206415872E-005
  -4.7842873589561259E-005
   1.4409429469507548E-005
   6.4399211195547329E-005
   3.0851455213021093E-005
  -1.2858186280384958E-005
   3.0451181914001790E-005
   3.3543509489372885E-005
   1.3199744339228382E-004
  -4.8236868103821355E-005
  -5.9622280053796620E-005
  -2.1600109819103223E-005
   5.5128754971247578E-005
  -1.4780931426912116E-004
   7.1800593334788823E-005
   4.5916565816693634E-005
  -7.8963857068742443E-005
   2.9929258360571121E-005
  -4.5036127698749609E-007
   1.6331718184149927E-006
   2.0115070562866544E-005
   9.0868887248240682E-005
   4.6361342546621648E-005
   7.8061625377741380E-006
  -5.2778400856685182E-005
   1.0345274330904940E-005
   1.2026176147109591E-004
  -1.0574800635365420E-006
   7.8833306086749258E-005
  -1.9201157319046460E-005
   4.4960158046276936E-005
   6.7378454959319571E-005
  -1.6522656337039621E-005
  -1.5593589089154991E-004
  -1.6522655187191392E-005
   6.8050493127279015E-005
  -1.5773230101119985E-005
   3.1231382164502843E-005
  -6.9566417866069672E-005
   1.6219277484415384E-005
  -6.9566412315305085E-005
   3.1231403181966911E-005
  -1.5773239020027796E-005
   6.8050496057703080E-005
   1.3875157975040233E-004
   2.8386482991374904E-005
   2.8386457626866034E-005
  -6.0391155676757467E-005
   1.4148873044431617E-004
  -7.8394629508823035E-005
  -6.0391158287809860E-005
  -7.8394604610467861E-005
   1.4148871714964891E-004
   1.6067541039097991E-005
   1.7145851397822665E-005
   1.7145876466268767E-005
  -2.5940991913233790E-005
   3.3172262899552314E-005
  -1.1945335403965576E-004
  -8.3923436963977794E-005
   8.5037398509097594E-005
  -5.1337775764283256E-005
   7.4126401536679220E-005
   1.5051363324385122E-004
  -4.4751595652009920E-005
   7.8745158080645239E-006
  -4.3969906130703605E-005
   4.4177892429413863E-005
  -1.0919673222817901E-005
   1.5063038875925253E-005
  -1.4897502148204565E-005
   1.0696309411938877E-004
   1.0330963373249820E-004
   2.3638982198538900E-006
  -9.4586993552653824E-005
  -6.9970571462359907E-006
  -1.7610455146651721E-005
  -3.1700043674077387E-005
  -3.7813931273121550E-006
   3.8385495244483104E-005
   1.0239785867638126E-004
  -8.5894586991755768E-005
  -9.7751483075499395E-005
   5.4250671807357713E-005
   4.1974879209181611E-006
   5.7137074903790919E-005
   7.3234692284149898E-005
   6.2617163491013750E-005
  -7.0666849543222056E-005
  -1.1539982269094209E-005
   7.1497244499475340E-007
  -4.0121780688770822E-006
  -5.1005925246672658E-005
  -1.1088935620852457E-004
  -1.3002558303856238E-005
  -1.1147252063693997E-004
   4.8874597963878953E-005
  -4.3278253631421910E-005
   2.8321508142845573E-005
   8.0983567398780677E-005
   1.4271812730642349E-005
  -1.2416548635666485E-004
  -4.4290961471501602E-005
  -7.3569232920887723E-005
  -5.4623178622810535E-005
  -5.6603876164889481E-006
  -2.8814719726303680E-005
  -4.1318833621917914E-005
  -4.6211689014913458E-005
   4.3501918655644356E-006
   1.4991657265886433E-004
   1.2155097132559540E-005
   1.1240939120355824E-005
  -1.0073843564016836E-004
  -8.3007416444974530E-006
  -5.6634438104012007E-006
   7.2904292698887905E-005
   1.0259309253697989E-004
   7.2904270158395863E-005
  -1.8599478805043478E-005
   9.5251593273451091E-005
   1.1601527287084609E-005
   2.5288173613685063E-005
  -8.6666622497236497E-005
   2.5288224439775964E-005
   1.1601516377190994E-005
   9.5251558927821452E-005
  -1.8599474500944239E-005
  -2.5940989951061279E-005
  -1.1945334735804810E-004
   3.3172278900430766E-005
   7.4126390049090359E-005
  -4.4751577656329453E-005
   1.5051365663378650E-004
  -8.3923421676094639E-005
  -5.1337786679246092E-005
   8.5037395785918612E-005
   7.8745001808230780E-006
   4.4177870118620067E-005
  -4.3969909069459709E-005
   1.2097866144273262E-004
   4.0249958661897580E-005
   4.0249958168687670E-005
   1.0005715003202562E-004
  -3.0654480558886706E-005
   2.1432155894459933E-005
   1.0005713321838537E-004
   2.1432170523269066E-005
  -3.0654495105115429E-005
  -1.7456794438463431E-004
  -8.3714150477759910E-005
  -8.3714114658166810E-005
   2.5547615592139575E-005
  -4.8096765184774648E-005
   7.1542830520906564E-005
   9.3350565849040901E-005
  -6.0934937916928594E-005
   6.0140881513723680E-005
   4.5747193948815037E-005
  -9.9757925459286435E-006
   6.1347336688732416E-005
  -9.3206663085054206E-005
   2.6791028797122325E-005
   8.9865887426134321E-005
   3.8955464306773580E-005
  -6.2663552461871545E-005
  -5.6074030256043831E-005
  -5.8715799394281452E-005
   2.9188683505486563E-005
  -4.3634317811648928E-005
  -2.5931847338854727E-005
  -4.8074365550520159E-005
   9.6760509539050020E-005
  -4.5900889764314992E-005
  -1.2856392130198606E-004
   6.2199868161183803E-005
  -4.4867634507203929E-005
  -6.9080321130854060E-006
   6.8658358808086899E-005
  -7.5554659624417471E-006
  -1.6509920923360090E-005
  -2.9106840582602515E-005
  -4.4079380992981720E-005
  -2.2772474122976239E-005
  -1.0047457136181404E-004
  -1.0175457208413382E-004
  -4.0669965604272877E-005
   1.8597619189800658E-005
  -4.3172799619587577E-005
   8.8310286587309209E-005
   8.0720753823214150E-005
  -4.5705689896107890E-005
   9.7695151826895416E-007
   7.9801750640646189E-005
  -8.1484936781419222E-005
   5.3992466391177320E-005
  -6.1855871946902454E-005
  -4.4304144007778150E-005
  -2.1889139873148959E-005
   5.3870766130121011E-005
  -8.6386042245802132E-007
  -2.8573958278593509E-004
  -8.6396865177381129E-007
  -7.9676122801172213E-005
  -4.8733770174498994E-005
   5.3185401057313207E-006
  -5.6141094465400234E-005
   1.3333156627484691E-004
  -5.6141082703074156E-005
   5.3184849495200938E-006
  -4.8733802786545155E-005
  -7.9676170014815757E-005
  -1.0919713010020722E-005
  -1.4897519098035239E-005
   1.5063052334686778E-005
  -9.4587017260527894E-005
  -1.7610444263766023E-005
  -6.9970565642684636E-006
   1.0696310455337149E-004
   2.3638858582005673E-006
   1.0330959931122984E-004
  -3.1700026133258126E-005
   3.8385487853533293E-005
  -3.7813671168852274E-006
   2.5547634185370737E-005
   7.1542841623187985E-005
  -4.8096751995418946E-005
   4.5747211621249117E-005
   6.1347304590061229E-005
  -9.9757940920824278E-006
   9.3350558527388353E-005
   6.0140924975568304E-005
  -6.0934904110786464E-005
  -9.3206707304914794E-005
   8.9865890429438348E-005
   2.6791059546098268E-005
  -3.7445146891831623E-005
   1.2659475814939648E-004
   1.2659470694439848E-004
  -1.1628735260915632E-004
   6.2984827915413789E-005
   5.9591453237215438E-005
  -1.1628734990854788E-004
   5.9591478327493858E-005
   6.2984843034574772E-005
   1.1996156499597766E-004
   6.8769811085144935E-005
   6.8769755937751081E-005
   7.6444863372253263E-005
   1.8998313404182851E-005
   1.8998311575457004E-005
  -1.7640519686581776E-005
   1.5980058721534277E-005
   5.4671221639779100E-005
  -1.7640531194614822E-005
   5.4671230171859612E-005
   1.5980103092804343E-005
   1.2262062098906739E-004
  -1.4631368723568011E-005
  -1.4631368443924280E-005
  -7.8579375714350766E-005
   5.8244068651160406E-005
   4.4885475619880321E-005
  -9.4764795602300948E-005
  -2.6380834127755262E-005
  -1.0475898867468782E-004
  -5.2321973099922008E-005
  -3.2657829958349912E-005
  -5.5987914848200062E-005
  -7.9962291431306961E-005
  -5.3783839154232203E-006
  -2.7356849556447835E-005
  -2.7096649467388113E-005
   8.0284485154910419E-005
  -7.1001469767575879E-005
   3.6065517033324914E-005
  -5.1417344441442525E-006
  -1.5235380166161148E-004
   1.8098608973684141E-005
  -1.6834950813086267E-006
  -2.4648618618428485E-005
  -1.3892019717951676E-005
  -4.4215228248293464E-005
   2.9285163755711406E-005
   8.0308020969925440E-005
   1.6217113891828633E-005
   7.9705092660103979E-005
   3.0451215225370112E-005
   3.3543515739133014E-005
  -1.2858196324891112E-005
  -1.6551777814613954E-005
  -4.7842839470070640E-005
   2.2379653940956445E-006
   6.4399160768198848E-005
   3.0851503872668897E-005
   1.4409351219618056E-005
  -3.0459512588141001E-005
  -5.4246433312615276E-005
  -3.0459520078591166E-005
   2.2270132193668662E-005
  -7.3645091224324648E-005
   1.0914691337017123E-004
   2.5503633425887296E-005
  -9.7867841912643971E-006
   2.5503656455980774E-005
   1.0914690987800276E-004
  -7.3645070439319312E-005
   2.2270150329686269E-005
   1.5995312777359706E-007
   2.0236748711315064E-005
   1.5827675736538268E-004
  -1.9310802939961786E-005
   3.3740777716284322E-005
   1.0448405111855886E-005
   3.0817105395009526E-005
   1.0729049496598770E-004
   5.1757921552736952E-005
   5.9982813784213657E-005
  -3.4777375267259137E-005
   5.7935497670144258E-005
   1.3632497184443309E-004
   3.4034984088153732E-005
  -1.7865301246638192E-005
  -1.2799092540928214E-004
   1.0817624539458554E-004
   8.9836652333376930E-005
   1.8787031397794439E-004
   9.6362755880903994E-005
   5.8030309872461483E-005
   4.5763441830958324E-005
   2.9339311717460212E-005
  -9.1718305577097719E-006
  -7.8579340574340750E-005
   4.4885434339002266E-005
   5.8244089797086718E-005
  -5.2321960423684541E-005
  -5.5987913347561378E-005
  -3.2657847288582573E-005
  -9.4764805397325766E-005
  -1.0475898491970538E-004
  -2.6380806072863874E-005
  -7.9962271912974373E-005
  -2.7356843415260707E-005
  -5.3783904387732677E-006
  -8.8210425802279772E-005
  -5.1952812661163528E-005
  -5.1952765144558505E-005
   4.1775798408216526E-005
   6.6281592047713749E-005
   4.2204638222324685E-005
   4.1775801496123362E-005
   4.2204636855966655E-005
   6.6281602606652876E-005
   4.0331464555900981E-005
  -6.5118016311165659E-006
  -6.5118051484794949E-006
  -1.2566784085052507E-005
  -1.2860774461897144E-005
   1.2262266741174126E-004
   2.9382100255224452E-005
   8.5684998529370938E-005
   4.0178240144574623E-005
  -1.1818999588417995E-004
   1.9314013006884119E-005
  -1.9928685672228290E-007
   8.6088231078331091E-006
   5.3142526497266568E-005
   3.4488029919750975E-005
  -4.8236842679187995E-005
  -5.9622251914692990E-005
   1.3199747865121943E-004
  -4.5036621244467366E-007
   1.6332213157009863E-006
   2.9929185658168582E-005
   5.5128718325740949E-005
  -1.4780929768978035E-004
  -2.1600136374239575E-005
   4.5916607419289711E-005
  -7.8963876721758203E-005
   7.1800563166272253E-005
  -3.4374660147105363E-005
  -4.9362952508470846E-005
  -3.4374661955529121E-005
  -2.0921046447194010E-005
   3.9935632201374574E-005
  -1.0325924259873687E-004
   4.8485933795727999E-005
  -4.9569039386820024E-005
   4.8485932552408918E-005
  -1.0325922713296865E-004
   3.9935621981439737E-005
  -2.0921042763980977E-005
   3.9139981536806266E-005
  -5.7224007499743569E-005
  -5.0013226972684080E-005
   4.5350395729028069E-005
  -2.2070477397342449E-005
   1.0845598402105151E-004
   5.7221389478812686E-005
  -2.8360234273792476E-005
   8.4595346688508833E-005
  -2.9104667217689579E-006
  -4.8380998113989280E-005
  -1.0767556497273033E-005
   8.5016013582154404E-005
  -2.3116695178718553E-005
  -1.5512845280064330E-005
   9.9652474427996591E-005
  -2.7535002267643101E-005
   1.2016277612571921E-004
  -4.5312996289246444E-005
   2.8214174715471306E-005
   7.4852840506709094E-005
  -1.9121816829307039E-005
   5.2251958559158689E-005
   4.7183949439639212E-005
  -2.7096634087777425E-005
  -7.1001468316057680E-005
   8.0284462188947114E-005
   1.8098560602805170E-005
  -2.4648603382959633E-005
  -1.6834979973108544E-006
   3.6065516773343005E-005
  -1.5235381005023968E-004
  -5.1417307054301362E-006
  -1.3892008551408493E-005
   2.9285166181982036E-005
  -4.4215248606499132E-005
  -1.2566796793816968E-005
   1.2262266347311775E-004
  -1.2860747625370075E-005
  -1.1819000161715933E-004
  -1.9928998102631426E-007
   1.9314023051255483E-005
   2.9382096118444486E-005
   4.0178269520555593E-005
   8.5685009731917465E-005
   8.6088788925070322E-006
   3.4488042356031028E-005
   5.3142538206495837E-005
   1.2365452549746150E-004
   1.5237069654919677E-005
   1.5237060692931763E-005
  -4.6390495268754029E-005
   5.9484555481250476E-005
   5.1789577577163290E-005
  -4.6390486592297957E-005
   5.1789572632336570E-005
   5.9484576842036521E-005
  -4.3202273687065440E-005
   3.4709359538694202E-005
   3.4709343777862740E-005
   9.0868860310968608E-005
   4.6361374174036995E-005
   2.0115078198490285E-005
   4.4960135716634623E-005
   6.7378483577703750E-005
  -1.9201172904474512E-005
  -5.2778390958934872E-005
   1.0345247451582974E-005
   7.8061564709728035E-006
  -1.0574846786854724E-006
   7.8833308268074474E-005
   1.2026178753383756E-004
  -2.5978414998178896E-005
   2.3457996939268012E-005
  -2.5978434673459330E-005
   3.6541457282479401E-005
   5.8672509605033800E-005
   7.3766793400731003E-005
   1.4378949064868976E-005
  -8.5083317030229975E-005
   1.4378921546129908E-005
   7.3766759328628131E-005
   5.8672504158607592E-005
   3.6541450494525379E-005
   9.8618315095392334E-005
  -9.0217367895427549E-005
  -6.0663110458848751E-005
   1.5969342709971836E-004
  -5.2558203433711277E-005
  -3.5417687919183054E-005
   2.1223619341696777E-005
  -4.6175250622620643E-005
  -9.0263367578947748E-005
  -9.8160638794961808E-006
   8.7997082049859452E-005
   5.8756436259853280E-005
  -7.5431704673465999E-005
  -6.4101012896638051E-006
  -7.7265187735185375E-005
   9.8834089996688917E-005
  -1.4239433692099469E-005
   3.5673431126221578E-005
   1.7489835845263309E-006
   9.9812577085141828E-006
  -5.0248907401031623E-005
   5.6385301054785244E-005
   8.7552958590210439E-006
  -4.3550240546866681E-007
   8.0307978824381373E-005
   7.9705040521237553E-005
   1.6217150454398737E-005
  -1.6551764651473221E-005
   2.2379771937831596E-006
  -4.7842818648561911E-005
   3.0451209059355612E-005
  -1.2858187294891979E-005
   3.3543502799212097E-005
   6.4399137148097666E-005
   1.4409351726941067E-005
   3.0851497223055243E-005
  -4.8236837555628446E-005
   1.3199747951454026E-004
  -5.9622288376696206E-005
   5.5128733571443849E-005
  -2.1600143254628561E-005
  -1.4780932465804426E-004
  -4.5034487333506251E-007
   2.9929213539895026E-005
   1.6331969310705029E-006
   4.5916591119319304E-005
   7.1800533434962581E-005
  -7.8963896306493268E-005
   9.0868879984426159E-005
   2.0115087243485534E-005
   4.6361370697282148E-005
  -5.2778383623717999E-005
   7.8061775109301894E-006
   1.0345269340394861E-005
   4.4960145877112639E-005
  -1.9201175300082638E-005
   6.7378484036742414E-005
  -1.0574747924108030E-006
   1.2026174489643504E-004
   7.8833309612786725E-005
  -1.5593590243299509E-004
  -1.6522590151143979E-005
  -1.6522586621294992E-005
  -1.5773209702798772E-005
   6.8050480568446312E-005
   3.1231353473470877E-005
  -1.5773242628448555E-005
   3.1231358146459910E-005
   6.8050451854377849E-005
   1.6219275921001116E-005
  -6.9566386221836215E-005
  -6.9566396061836706E-005
   2.8386479191557710E-005
   1.3875160888216691E-004
   2.8386469068306934E-005
   1.4148868498189127E-004
  -6.0391152964772113E-005
  -7.8394541587928471E-005
   1.7145897020980718E-005
   1.6067546132198137E-005
   1.7145909442186258E-005
  -7.8394599893242024E-005
  -6.0391184753614668E-005
   1.4148869067793130E-004
   3.3172272519972721E-005
  -2.5940971926500808E-005
  -1.1945334952387543E-004
   8.5037423649635479E-005
  -8.3923456707805325E-005
  -5.1337801214529645E-005
  -4.3969888623159037E-005
   7.8745006846240957E-006
   4.4177864660854202E-005
   1.5051369504841096E-004
   7.4126401411133460E-005
  -4.4751552041300577E-005
   1.5063055431240752E-005
  -1.0919704647574687E-005
  -1.4897524642738426E-005
   1.0330961118514478E-004
   1.0696310878775537E-004
   2.3638874464789996E-006
  -3.7813552991569604E-006
  -3.1700020863648555E-005
   3.8385500938911093E-005
  -6.9970417197764678E-006
  -9.4586998193579082E-005
  -1.7610469631804432E-005
  -3.0459526417896315E-005
  -3.0459499258006655E-005
  -5.4246432690841485E-005
   2.5503659466716888E-005
   2.5503631342497077E-005
  -9.7867913685922159E-006
   2.2270144660684001E-005
   1.0914688815551979E-004
  -7.3645085332772807E-005
   1.0914694544515213E-004
   2.2270148227185024E-005
  -7.3645074156263450E-005
  -3.4374692460310520E-005
  -3.4374640889728236E-005
  -4.9362949333985493E-005
   4.8485946616029643E-005
   4.8485941842751170E-005
  -4.9569061053148667E-005
  -2.0921076230791619E-005
  -1.0325923556100103E-004
   3.9935652521912388E-005
  -1.0325918054559250E-004
  -2.0920996344187692E-005
   3.9935605921604513E-005
  -2.5978453474033729E-005
  -2.5978409310621727E-005
   2.3458002990173963E-005
   1.4378914685385416E-005
   1.4378951808100199E-005
  -8.5083291622543915E-005
   3.6541440830880793E-005
   7.3766775252793112E-005
   5.8672512864310567E-005
   7.3766786991775552E-005
   3.6541434763517120E-005
   5.8672517663785519E-005
   2.8386467337673652E-005
   2.8386483051474135E-005
   1.3875159707503088E-004
   1.7145868384767837E-005
   1.7145886020512769E-005
   1.6067524796644059E-005
   1.4148871282602135E-004
  -7.8394608444271442E-005
  -6.0391149136011461E-005
  -7.8394633703705188E-005
   1.4148872741666970E-004
  -6.0391140234582368E-005
  -1.1580569007842064E-005
  -1.1580556173562597E-005
  -1.1580570740913970E-005
   7.2521324532735706E-005
   7.2521294017414913E-005
   4.5305661799145867E-005
   7.2521347221701104E-005
   4.5305680880574335E-005
   7.2521304931343650E-005
   4.5305721973332973E-005
   7.2521317775723452E-005
   7.2521337514209376E-005
  -5.0603239988045194E-005
  -5.0603217684096900E-005
  -2.3523897520478761E-004
  -6.6984053261634734E-005
  -6.6984065858970710E-005
  -2.4531742904048184E-005
  -1.1327722619050360E-005
   1.2686176593220143E-004
  -4.0884540664075431E-005
   1.2686177476776655E-004
  -1.1327714509552634E-005
  -4.0884550829043121E-005
   5.5470096996056406E-005
   5.5470084065001199E-005
  -4.3365512083056991E-005
  -4.9915459303811715E-006
  -4.9915526473497226E-006
   6.2816520980786606E-006
  -1.6028009704421709E-004
   1.0018917034324229E-004
   3.9188324720787441E-005
   1.0018919267340554E-004
  -1.6028006357320741E-004
   3.9188310972770319E-005
   1.5995286144914520E-007
   1.5827676737964388E-004
   2.0236767581972484E-005
   3.0817098776578639E-005
   5.1757962696385289E-005
   1.0729052752334441E-004
  -1.9310774389444980E-005
   1.0448418654062322E-005
   3.3740741996941651E-005
   5.9982799268781574E-005
   5.7935478972124075E-005
  -3.4777352476499833E-005
   3.9139964133695555E-005
  -5.0013235717920942E-005
  -5.7224038835687656E-005
   5.7221391238727904E-005
   8.4595370000164281E-005
  -2.8360200087838943E-005
   4.5350371001841212E-005
   1.0845596816836054E-004
  -2.2070488254475987E-005
  -2.9104742999462090E-006
  -1.0767580630968487E-005
  -4.8381016610666750E-005
   9.8618313423323790E-005
  -6.0663114626655781E-005
  -9.0217362723432230E-005
   2.1223611329897992E-005
  -9.0263356943566419E-005
  -4.6175262679552512E-005
   1.5969342386820402E-004
  -3.5417674836368694E-005
  -5.2558245901461947E-005
  -9.8160796704176161E-006
   5.8756457300815547E-005
   8.7997082739007856E-005
   3.3172254915837550E-005
  -1.1945334522688274E-004
  -2.5940983007965147E-005
  -4.3969917094840904E-005
   4.4177886209516816E-005
   7.8745234334779438E-006
   8.5037402197004724E-005
  -5.1337783442407391E-005
  -8.3923424979146657E-005
   1.5051368692793986E-004
  -4.4751577022142638E-005
   7.4126377791023130E-005
  -5.0603242313716994E-005
  -2.3523897253075376E-004
  -5.0603218931984361E-005
  -1.1327726906872091E-005
  -4.0884563188751328E-005
   1.2686175258050614E-004
  -6.6984037544453719E-005
  -2.4531742973697349E-005
  -6.6984051169558277E-005
   1.2686175240054682E-004
  -4.0884549297987253E-005
  -1.1327707741893816E-005
  -3.1183517694450476E-006
  -1.7389574737385985E-005
  -1.7389565021218868E-005
  -1.3461910643147097E-004
  -5.9308962231393367E-006
   4.7350558553520878E-005
  -1.3461909537827537E-004
   4.7350568428190096E-005
  -5.9309000129943166E-006
   1.9031246546330068E-005
  -8.8217622754668227E-005
  -8.8217628384169703E-005
  -6.7968347606405882E-005
   1.0422135142293352E-005
  -8.8534570865582524E-005
   1.1485449570363748E-005
  -2.9196082756148342E-005
   7.3277385203627428E-006
  -5.1257048490941142E-005
  -5.8720197951189308E-005
  -8.1531472356941799E-005
   1.2989527511900093E-005
  -6.1445621893525113E-005
   7.0083574027310141E-005
   1.3632498388417233E-004
  -1.7865299574029828E-005
   3.4035028274766407E-005
   1.8787031594803409E-004
   5.8030322122200399E-005
   9.6362763766022524E-005
  -1.2799094938508094E-004
   8.9836677203771343E-005
   1.0817623271589602E-004
   4.5763467776974384E-005
  -9.1718517073796627E-006
   2.9339311474262992E-005
   8.5016013603191870E-005
  -1.5512852772167429E-005
  -2.3116701148301796E-005
  -4.5313013079794353E-005
   7.4852876738254148E-005
   2.8214164336801279E-005
   9.9652487176684913E-005
   1.2016276352810711E-004
  -2.7534996973035074E-005
  -1.9121861097266705E-005
   4.7183940750463287E-005
   5.2251985883083672E-005
  -7.5431703558190091E-005
  -7.7265149604995926E-005
  -6.4101253815779885E-006
   1.7489942779107311E-006
  -5.0248910636576221E-005
   9.9812337132838738E-006
   9.8834080310613570E-005
   3.5673453810226196E-005
  -1.4239420591905681E-005
   5.6385289395945748E-005
  -4.3548461317716042E-007
   8.7553114198736500E-006
   1.5063051882255588E-005
  -1.4897538912721287E-005
  -1.0919683661927309E-005
  -3.7813730224108090E-006
   3.8385492966774788E-005
  -3.1700019794014021E-005
   1.0330962272059110E-004
   2.3638509053832138E-006
   1.0696310157535673E-004
  -6.9970312141251043E-006
  -1.7610455972225474E-005
  -9.4586991084508263E-005
   5.5470092826401699E-005
  -4.3365548369736754E-005
   5.5470107080385394E-005
  -1.6028006542671545E-004
   3.9188310691407936E-005
   1.0018917833017029E-004
  -4.9915267669685494E-006
   6.2816463869683429E-006
  -4.9915476396738436E-006
   1.0018919441960621E-004
   3.9188329477973507E-005
  -1.6028005449391690E-004
  -6.7968363007144943E-005
  -8.8534582368559453E-005
   1.0422110537376677E-005
  -5.1257081581785219E-005
  -8.1531445900342870E-005
  -5.8720177062416778E-005
   1.1485486243523491E-005
   7.3277402985866444E-006
  -2.9196106875225283E-005
   1.2989531840097805E-005
   7.0083559129140678E-005
  -6.1445613528734793E-005
  -3.1634962446717838E-005
   6.7677661343434685E-006
   6.7677927040129202E-006
   8.1413088641727504E-005
   1.0972982361531984E-004
   1.3675502189950853E-004
   8.1413100477669968E-005
   1.3675499769678261E-004
   1.0972977910148005E-004
  -2.7354730681645325E-005
  -3.0997597514330208E-006
  -3.0998016795352077E-006
   1.2225749177158240E-004
   2.4101157262655862E-005
   2.4101157505988417E-005
   6.2701838063438171E-006
   1.6610976197636061E-005
   1.2697140649917574E-005
   6.2701897179421568E-006
   1.2697122425690966E-005
   1.6610973609653282E-005
  -8.9594018430980574E-005
   5.9819383381724009E-005
   5.9819390883718382E-005
  -2.3339210007050986E-005
  -6.5770358690457435E-006
  -1.9030475809308843E-005
   1.2707982134637358E-004
  -3.5809992353196797E-005
  -2.8253050860546134E-005
  -2.3506975477709881E-005
   5.7280210386427335E-005
  -1.5335417401180919E-006
  -3.5430296912567264E-005
  -6.4067741030014133E-005
  -7.3963657581222516E-005
   1.0717417061169963E-005
  -7.6658106644305972E-005
   3.7182375819028186E-006
   2.4216057538419101E-005
   7.3767360889102577E-006
  -1.2207518249114730E-004
   9.0278007162604608E-006
   3.2657250869554435E-006
   1.6831582337671006E-005
  -6.1713477575411031E-005
  -5.4634133610731900E-005
   4.0112687283949822E-005
  -8.5894525019639608E-005
  -9.7751465987198636E-005
   1.0239786353391266E-004
   7.1496704283470864E-007
  -4.0121794471987308E-006
  -1.1539969984337874E-005
   4.1974679459859829E-006
   5.7137068743719679E-005
   5.4250690121738535E-005
   6.2617174287491598E-005
  -7.0666848783209493E-005
   7.3234681455753463E-005
   1.5827673568751522E-004
   2.0236758092739931E-005
   1.5992726168094622E-007
   5.7935464215467993E-005
  -3.4777347406675160E-005
   5.9982814281323477E-005
   5.1757938298477014E-005
   1.0729049635900653E-004
   3.0817111714307692E-005
   1.0448393328407010E-005
   3.3740773064093425E-005
  -1.9310796061610148E-005
   3.3569657611195007E-006
   5.8959461194596214E-005
   3.3569665386665719E-006
  -7.5176635531456725E-005
  -1.1329623561802393E-004
  -3.9789337032590179E-005
   1.8161890212699879E-004
  -1.4080181335938616E-004
   1.8161888035585379E-004
  -3.9789317842278106E-005
  -1.1329625902146684E-004
  -7.5176623118851181E-005
   5.2574480331564984E-005
  -5.8776706311854049E-006
   6.3127008052924329E-005
  -3.3322577279621590E-006
  -1.1830090969965693E-004
  -2.7095402765571387E-005
  -7.1971550837381085E-005
   1.2452696743536957E-004
   1.9626592918702056E-005
   6.8283404706796108E-005
  -7.0996579518174831E-005
   1.2370968862335756E-004
  -2.3339197758331003E-005
  -1.9030477045674365E-005
  -6.5770195667881632E-006
  -2.3507012276771458E-005
  -1.5335465390848981E-006
   5.7280217596640400E-005
   1.2707982227271676E-004
  -2.8253043228509299E-005
  -3.5810007552422193E-005
  -3.5430318758152643E-005
  -7.3963682567123411E-005
  -6.4067730262580842E-005
   1.1653606347872625E-004
   1.6893977155094272E-005
   1.6893943812933730E-005
   1.2179199887559949E-005
   5.2059997462956140E-006
  -4.2005384185137867E-005
   1.2179225907278452E-005
  -4.2005404079401106E-005
   5.2060014774818186E-006
  -8.1195238285525776E-005
  -9.4843553316312473E-005
  -9.4843563848469027E-005
  -5.6531753831009279E-006
  -2.1347653270644100E-005
  -2.7323346466706137E-005
  -1.3604079124163746E-004
   1.6311136864349041E-005
   1.4378812284084844E-004
   1.6185498942262609E-005
   3.0861398143643727E-005
  -7.5978628194015276E-005
   4.8584018748680540E-005
  -5.9109714788581519E-006
   2.6369493053815859E-005
  -1.1088933952987842E-004
  -1.3002573035449534E-005
  -5.1005923438033929E-005
  -4.4290979981427053E-005
  -7.3569242684802470E-005
  -1.2416550111710704E-004
   4.8874608548099031E-005
  -4.3278221199142527E-005
  -1.1147255230422020E-004
   8.0983563817461733E-005
   1.4271827786038979E-005
   2.8321516424597461E-005
  -5.0013187572332324E-005
  -5.7224037476156909E-005
   3.9139962816873903E-005
  -1.0767581043573575E-005
  -4.8381013207719372E-005
  -2.9104610981227139E-006
   8.4595383863273469E-005
  -2.8360248782574897E-005
   5.7221425586606341E-005
   1.0845599146528554E-004
  -2.2070471805436412E-005
   4.5350388469289747E-005
  -7.4233907432097592E-006
   6.0779584317267418E-005
  -7.4234289300750434E-006
   6.7975801689875738E-005
  -8.0552076862911568E-005
   4.7130846465434676E-005
   7.8134967871908956E-005
  -9.3071375923169632E-005
   7.8134990389378318E-005
   4.7130839449292438E-005
  -8.0552076892138975E-005
   6.7975818454764315E-005
  -9.1083044025587031E-005
  -3.8810398693098788E-005
  -1.2988435817169449E-005
  -2.6363896770815661E-005
  -7.2917733580740268E-005
   3.2405958384173866E-005
  -3.1367636539933677E-005
  -1.6221076648823799E-005
   1.7552023356167211E-005
   5.8566378529210968E-005
  -1.5542976484388861E-004
   4.8300461968778656E-005
   1.0717432780269517E-005
   3.7182561232242107E-006
  -7.6658105243259566E-005
   9.0277944051397487E-006
   1.6831572966115554E-005
   3.2657187500306414E-006
   2.4216049017871410E-005
  -1.2207517292766063E-004
   7.3767572463179706E-006
  -6.1713475799137540E-005
   4.0112667177861906E-005
  -5.4634131788702265E-005
  -5.6531425550003342E-006
  -2.7323374060656404E-005
  -2.1347657133865431E-005
   1.6185503324520305E-005
  -7.5978605360413148E-005
   3.0861407350263988E-005
  -1.3604074673041243E-004
   1.4378814312507611E-004
   1.6311134325862157E-005
   4.8584024893933358E-005
   2.6369489401716748E-005
  -5.9109856373078966E-006
  -1.0119559352356101E-004
  -3.3038788046590180E-005
  -3.3038833034122163E-005
  -6.9673710598315753E-005
   1.5623168155011233E-005
   4.3144319912869591E-005
  -6.9673668705994354E-005
   4.3144268826251948E-005
   1.5623216213671586E-005
  -1.7839106029198285E-004
  -8.4060908605808381E-005
  -8.4060930975289675E-005
  -5.6603773542082361E-006
  -2.8814763068017812E-005
  -5.4623160542751736E-005
  -8.3007662842401477E-006
  -5.6634369131150443E-006
  -1.0073845808296469E-004
  -4.6211718071084190E-005
   4.3502325442796257E-006
  -4.1318885467581812E-005
   1.2155093699649083E-005
   1.1240945080496340E-005
   1.4991657225330889E-004
  -6.0663127222926542E-005
  -9.0217363226866262E-005
   9.8618315725438723E-005
   5.8756454690933889E-005
   8.7997058325902801E-005
  -9.8160564484941373E-006
  -9.0263388199497815E-005
  -4.6175273018224799E-005
   2.1223614175218163E-005
  -3.5417643406588143E-005
  -5.2558232208468017E-005
   1.5969343364180755E-004
  -1.9526332314936171E-005
  -7.3121303879309038E-005
  -1.9526316494819016E-005
   1.2687178028745555E-005
  -9.9040162126396669E-006
   7.2744189524711741E-005
   2.4056256039573703E-005
   3.7392387352610962E-005
   2.4056228213666390E-005
   7.2744230707539397E-005
  -9.9040037805292161E-006
   1.2687174882570387E-005
  -1.1893424803691319E-005
  -4.0339598958205470E-005
   4.1927190301288074E-005
   6.9044558132268834E-005
   5.2412998997475928E-005
  -1.5994473823140428E-005
  -1.7380234334273905E-005
   1.5138625964553115E-005
  -8.3873881098905697E-005
  -6.4564736086731214E-005
  -3.9309873245780759E-005
  -1.2318568147962495E-004
  -8.5894517595471652E-005
   1.0239787452587773E-004
  -9.7751485454106472E-005
   4.1974516707822792E-006
   5.4250690469751392E-005
   5.7137063588541739E-005
   7.1496839489265324E-007
  -1.1540016570931127E-005
  -4.0121855867516701E-006
   6.2617147393728828E-005
   7.3234651137439428E-005
  -7.0666847248949347E-005
  -1.1088936175152998E-004
  -5.1005912085610086E-005
  -1.3002572580822166E-005
   4.8874597651872206E-005
  -1.1147250371444334E-004
  -4.3278254041857335E-005
  -4.4290961357796631E-005
  -1.2416548494619591E-004
  -7.3569224101347085E-005
   8.0983543847501708E-005
   2.8321521909206416E-005
   1.4271828434271925E-005
  -5.6603804749895091E-006
  -5.4623172373988972E-005
  -2.8814745613757285E-005
  -4.6211694927956937E-005
  -4.1318889470683671E-005
   4.3502135596445193E-006
  -8.3007869277592328E-006
  -1.0073844840053733E-004
  -5.6634128203573109E-006
   1.2155077729127408E-005
   1.4991657129707743E-004
   1.1240962910997341E-005
   1.0259315152291628E-004
   7.2904298131424935E-005
   7.2904310662123378E-005
   9.5251599019271577E-005
  -1.8599471403732726E-005
   1.1601562371878384E-005
   9.5251579317298749E-005
   1.1601568677125760E-005
  -1.8599440635641123E-005
  -8.6666669046736022E-005
   2.5288202157786959E-005
   2.5288180325945903E-005
  -1.1945336883788040E-004
  -2.5941012003061699E-005
   3.3172272674899709E-005
  -4.4751563149537594E-005
   7.4126361605596569E-005
   1.5051360658258170E-004
   4.4177888293593413E-005
   7.8744888426685908E-006
  -4.3969891482222507E-005
  -5.1337806075113057E-005
  -8.3923434667016901E-005
   8.5037393912409384E-005
   4.0249965014448282E-005
   1.2097869039380795E-004
   4.0249972230239058E-005
  -3.0654480721810234E-005
   1.0005716504872055E-004
   2.1432148211836749E-005
  -8.3714096594365853E-005
  -1.7456795825426409E-004
  -8.3714141211792183E-005
   2.1432163573623543E-005
   1.0005711033010994E-004
  -3.0654489410956540E-005
  -4.8096746772382926E-005
   2.5547635378734660E-005
   7.1542834049208184E-005
  -6.0934905317253553E-005
   9.3350572299273488E-005
   6.0140886782497684E-005
   2.6791060877797793E-005
  -9.3206679081393347E-005
   8.9865877588009757E-005
  -9.9757888604490029E-006
   4.5747190287856057E-005
   6.1347332737105481E-005
   1.5827677437445491E-004
   1.5995214388223891E-007
   2.0236764017806846E-005
   5.1757936305534982E-005
   3.0817079284722267E-005
   1.0729047928239193E-004
   5.7935505791090651E-005
   5.9982873154704521E-005
  -3.4777335041766191E-005
   1.0448352026517735E-005
  -1.9310790103165768E-005
   3.3740823309293217E-005
  -5.0013183591641066E-005
   3.9139978587133953E-005
  -5.7224019572456272E-005
   8.4595358951045264E-005
   5.7221424720522525E-005
  -2.8360298794475899E-005
  -1.0767568649328785E-005
  -2.9104835008463483E-006
  -4.8381026420378258E-005
   1.0845606681983422E-004
   4.5350397026563750E-005
  -2.2070481140016982E-005
  -6.0663103748593760E-005
   9.8618315218804086E-005
  -9.0217366111734117E-005
  -9.0263371953137113E-005
   2.1223618676803334E-005
  -4.6175272990685535E-005
   5.8756420106489741E-005
  -9.8160748911271003E-006
   8.7997086215764974E-005
  -3.5417637789838246E-005
   1.5969344513250549E-004
  -5.2558214695443214E-005
  -1.1945337031110155E-004
   3.3172278219428751E-005
  -2.5940991822482788E-005
   4.4177875581264530E-005
  -4.3969896601084649E-005
   7.8745125652687723E-006
  -4.4751555446138186E-005
   1.5051360758553545E-004
   7.4126407940361343E-005
  -5.1337797379820599E-005
   8.5037369503364747E-005
  -8.3923432879756511E-005
  -2.3523898406944098E-004
  -5.0603236464618628E-005
  -5.0603225129900646E-005
  -4.0884529849791751E-005
  -1.1327709489403648E-005
   1.2686175313194207E-004
  -4.0884565710169102E-005
   1.2686175809834224E-004
  -1.1327712539611632E-005
  -2.4531750531651327E-005
  -6.6984079232825495E-005
  -6.6984062716794534E-005
  -1.7389565612195002E-005
  -3.1183492984690870E-006
  -1.7389567189679002E-005
  -5.9308875331598019E-006
  -1.3461909819899171E-004
   4.7350550808397047E-005
  -8.8217629590089155E-005
   1.9031251656144485E-005
  -8.8217619748181227E-005
   4.7350552200065722E-005
  -1.3461908466718724E-004
  -5.9309025758930581E-006
   1.0422113160213782E-005
  -6.7968351231910117E-005
  -8.8534611769230777E-005
  -2.9196084074717680E-005
   1.1485476871753969E-005
   7.3277324280524826E-006
  -6.1445629319542677E-005
   1.2989548802155923E-005
   7.0083559824530293E-005
  -5.8720197851482261E-005
  -5.1257072078488286E-005
  -8.1531462833314252E-005
   3.3569598053079672E-006
   3.3569588847215308E-006
   5.8959456554097217E-005
   1.8161891401267163E-004
   1.8161888994465937E-004
  -1.4080185652201146E-004
  -7.5176617830776028E-005
  -3.9789356225946413E-005
  -1.1329627312831433E-004
  -3.9789296505793376E-005
  -7.5176632611958965E-005
  -1.1329624285898014E-004
  -7.4233923906293866E-006
  -7.4234198252808644E-006
   6.0779615366617934E-005
   7.8134957767229100E-005
   7.8134974287645103E-005
  -9.3071368516776546E-005
   6.7975795540957233E-005
   4.7130863951808733E-005
  -8.0552051962516887E-005
   4.7130830566055769E-005
   6.7975785583347802E-005
  -8.0552082495645783E-005
  -1.9526342510450739E-005
  -1.9526375250080475E-005
  -7.3121278538805688E-005
   2.4056258774934222E-005
   2.4056246117474662E-005
   3.7392404762649481E-005
   1.2687155521399274E-005
   7.2744188221892465E-005
  -9.9040011115290532E-006
   7.2744223696090087E-005
   1.2687164877720022E-005
  -9.9040275449831693E-006
   4.0249956515529855E-005
   4.0249977278966181E-005
   1.2097864695255586E-004
  -8.3714163361573230E-005
  -8.3714134104084328E-005
  -1.7456793661762540E-004
  -3.0654472699759626E-005
   2.1432152981429744E-005
   1.0005713140708421E-004
   2.1432149968870815E-005
  -3.0654468260919740E-005
   1.0005715381651429E-004
  -1.7389568541989633E-005
  -1.7389562435242625E-005
  -3.1183536620358548E-006
  -8.8217628196290274E-005
  -8.8217615512185951E-005
   1.9031235961194771E-005
  -5.9309031636736461E-006
   4.7350564738453876E-005
  -1.3461908663937313E-004
   4.7350579169077727E-005
  -5.9309001726841405E-006
  -1.3461908885617488E-004
   1.1161056150671281E-004
   1.1161054875923395E-004
   1.1161054939583279E-004
  -7.1326769080040293E-006
  -7.1326796105658111E-006
  -2.7501021380572524E-005
  -7.1326728257332784E-006
  -2.7501001465532173E-005
  -7.1326778539008106E-006
  -2.7501011318891821E-005
  -7.1326778073743377E-006
  -7.1326583655740308E-006
   4.9721043593918088E-005
   4.9721059149390085E-005
  -1.2509611211404973E-004
   8.4712387358228289E-006
   8.4712074099425270E-006
   2.2881479475254388E-005
   6.1766332687360873E-005
  -2.9791953235939879E-005
  -1.5653591063780274E-005
  -2.9791943303737137E-005
   6.1766322258730271E-005
  -1.5653608699149516E-005
   5.2574448726709871E-005
   6.3127018772148543E-005
  -5.8776382228100627E-006
  -7.1971534525568806E-005
   1.9626555246771909E-005
   1.2452694975889313E-004
  -3.3322686236034784E-006
  -2.7095376300739318E-005
  -1.1830096919391943E-004
   6.8283438664788979E-005
   1.2370969864467865E-004
  -7.0996561582557390E-005
  -9.1083017364472255E-005
  -1.2988419658356292E-005
  -3.8810447839882023E-005
  -3.1367659834460189E-005
   1.7551997136682087E-005
  -1.6221061159648251E-005
  -2.6363919380033958E-005
   3.2405970819407394E-005
  -7.2917748214422826E-005
   5.8566377909216034E-005
   4.8300448074882213E-005
  -1.5542975234164759E-004
  -1.1893443973267804E-005
   4.1927189500301830E-005
  -4.0339610410057801E-005
  -1.7380229407938212E-005
  -8.3873885502458212E-005
   1.5138605364069241E-005
   6.9044589528616650E-005
  -1.5994505680072553E-005
   5.2413015076024652E-005
  -6.4564764002679006E-005
  -1.2318568169572238E-004
  -3.9309817400583952E-005
  -4.8096750252644273E-005
   7.1542839984520146E-005
   2.5547628096177917E-005
   2.6791027554042769E-005
   8.9865879577486130E-005
  -9.3206687148724668E-005
  -6.0934932811208169E-005
   6.0140861169913087E-005
   9.3350573399400490E-005
  -9.9757841358225596E-006
   6.1347338285851744E-005
   4.5747194434944864E-005
   1.0422108473467135E-005
  -8.8534610830000163E-005
  -6.7968363481051556E-005
  -6.1445602637900281E-005
   7.0083562169876378E-005
   1.2989531276138810E-005
  -2.9196081804658997E-005
   7.3277236840996476E-006
   1.1485472435433179E-005
  -5.8720194967869371E-005
  -8.1531463430424924E-005
  -5.1257035388100477E-005
   4.9721042788476274E-005
  -1.2509611274912560E-004
   4.9721033376694868E-005
   6.1766333428516721E-005
  -1.5653607152039346E-005
  -2.9791957353136284E-005
   8.4712439338547887E-006
   2.2881491112111312E-005
   8.4712179544715272E-006
  -2.9791954566484322E-005
  -1.5653603239286303E-005
   6.1766322475288732E-005
  -1.0299985655609771E-004
   4.0203507051983843E-005
   4.0203496794755569E-005
  -2.0290111500005328E-006
   9.0438173345667197E-005
  -1.7313158159476626E-005
  -2.0290035679992972E-006
  -1.7313155205541505E-005
   9.0438181609301901E-005
   6.5567741505265261E-005
   3.7849737461475773E-005
   3.7849785897786887E-005
   4.6986696758889273E-005
  -7.8704612895575963E-005
  -7.8704633938865104E-005
   2.8731364172379051E-005
   4.4695148425769882E-005
   3.1999360930717310E-005
   2.8731391697840090E-005
   3.1999385847544402E-005
   4.4695219058490068E-005
   1.1950131441974852E-004
  -7.9410127952993036E-005
  -7.9410151099421875E-005
   5.8117942091140660E-005
  -1.4896587084929898E-004
   5.2195828804377922E-005
   4.6891920998233762E-005
  -3.2338197549564185E-005
   7.0671596555180324E-006
  -1.1904478346026836E-004
  -3.9142609624154332E-005
  -1.2339463684415394E-004
   6.0570088528831912E-006
  -5.8719919609525836E-005
   6.2840893698098735E-005
  -6.0263204977878301E-005
  -1.5780457808544249E-004
  -1.0625846414104050E-004
   4.4023042038279963E-005
  -7.2464002876373770E-005
  -1.2116180032288010E-004
  -2.5474852634393628E-005
  -4.9832926234086357E-005
  -1.3684649279431852E-004
  -5.4509935395426774E-005
   1.7921278948662000E-005
  -3.7339011921135190E-005
  -6.2663502501730161E-005
  -5.6074071792686480E-005
   3.8955468403882964E-005
  -1.2856391376448589E-004
   6.2199890698982416E-005
  -4.5900908527034628E-005
   2.9188675202356766E-005
  -4.3634372535955591E-005
  -5.8715749969519663E-005
  -4.8074382348433819E-005
   9.6760527017049550E-005
  -2.5931843636373294E-005
  -1.7865291557556122E-005
   3.4035020046158522E-005
   1.3632495614589101E-004
  -9.1718823259483071E-006
   2.9339325836889118E-005
   4.5763456733061577E-005
   5.8030320207820307E-005
   9.6362756223006521E-005
   1.8787032988901300E-004
   8.9836691324188025E-005
   1.0817622806515442E-004
  -1.2799094915840877E-004
   6.3126993325642760E-005
  -5.8776352720452768E-006
   5.2574480712329760E-005
   1.2370969230016360E-004
  -7.0996576751147406E-005
   6.8283413150639971E-005
   1.9626564795031207E-005
   1.2452698210401361E-004
  -7.1971448086246756E-005
  -2.7095424040293981E-005
  -1.1830093706998152E-004
  -3.3322580011114245E-006
   4.4153327656643593E-005
   9.2374931983347959E-006
   4.4153345476301784E-005
   1.2775378211708603E-004
  -2.2087710241493592E-005
  -3.7912484789898941E-006
  -7.3468941717720655E-006
   2.0158460293879312E-005
  -7.3468810233976119E-006
  -3.7911761562608427E-006
  -2.2087746299269261E-005
   1.2775378598111237E-004
   5.8117983017863174E-005
   5.2195838547507423E-005
  -1.4896588839807012E-004
  -1.1904479381969336E-004
  -1.2339470226284564E-004
  -3.9142636115172309E-005
   4.6891929211650118E-005
   7.0671673181176157E-006
  -3.2338215305728962E-005
   6.0570270845895241E-006
   6.2840929329142830E-005
  -5.8719906546953531E-005
   1.1933342288542613E-004
   4.3110607680918971E-005
   4.3110598466621643E-005
  -1.1923286682225918E-005
  -2.6175379904529622E-006
   1.5091023848522774E-004
  -1.1923239744762538E-005
   1.5091024465016355E-004
  -2.6175535146300425E-006
  -6.4865583199686999E-006
   6.9580742863751471E-007
   6.9577599660318554E-007
  -2.4284079811514893E-005
  -2.8664335567990938E-005
  -5.7826161812075947E-006
   3.4923459062397922E-005
   2.1356830123757613E-005
  -7.1772784810250816E-006
   9.3848317065987465E-005
   8.6941102284037190E-005
   2.1586653031710311E-005
  -9.4382089190491952E-005
   9.6897525229839544E-006
  -1.9737169160733636E-005
  -6.9080270666967739E-006
   6.8658330520053701E-005
  -4.4867653339340490E-005
  -4.0669919322915889E-005
   1.8597655151894685E-005
  -1.0175460848934965E-004
  -1.6509919318161053E-005
  -2.9106832802108307E-005
  -7.5554532784284302E-006
  -2.2772489952396882E-005
  -1.0047457575297748E-004
  -4.4079378449717232E-005
  -1.5512843796508593E-005
  -2.3116712297430284E-005
   8.5016022642975643E-005
   4.7183960959639437E-005
   5.2251959507314109E-005
  -1.9121856794284401E-005
   7.4852854369578104E-005
   2.8214167816318799E-005
  -4.5313006835603648E-005
   1.2016280750590007E-004
  -2.7534972797400062E-005
   9.9652489766424289E-005
  -1.2988463318299589E-005
  -3.8810407365780705E-005
  -9.1083086245621466E-005
   4.8300469909182124E-005
  -1.5542974594840518E-004
   5.8566374640846748E-005
   1.7552023860339144E-005
  -1.6221082433162316E-005
  -3.1367577740697886E-005
   3.2405965923156847E-005
  -7.2917764626762344E-005
  -2.6363923110914790E-005
   2.9255480394456942E-005
  -2.2143744301886896E-004
   2.9255519329054695E-005
  -7.2237718442815879E-005
  -1.4584561546657232E-004
   1.3602682504788072E-005
   5.0513889713917316E-005
  -6.8721361184853058E-005
   5.0513857144217862E-005
   1.3602715936035998E-005
  -1.4584567074385575E-004
  -7.2237715207869253E-005
  -6.0263180877295369E-005
  -1.0625845829580610E-004
  -1.5780456984388694E-004
  -2.5474857791166941E-005
  -1.3684649943524512E-004
  -4.9832911623438067E-005
   4.4023052196503801E-005
  -1.2116184249881251E-004
  -7.2464022972833016E-005
  -5.4509894422970850E-005
  -3.7338979503073933E-005
   1.7921291553981644E-005
  -2.4284099094130023E-005
  -5.7826025238887445E-006
  -2.8664330756921027E-005
   9.3848263455978523E-005
   2.1586670704994093E-005
   8.6941085666722488E-005
   3.4923522198989946E-005
  -7.1772658723562660E-006
   2.1356823855762897E-005
  -9.4382094975463399E-005
  -1.9737138098201034E-005
   9.6897039223784486E-006
   3.2870396228998039E-005
  -1.1358095290487818E-005
  -1.1358112623373211E-005
   5.4344267723339212E-005
   5.7247592880751305E-005
   1.0037178674384534E-006
   5.4344261665884374E-005
   1.0037444199303635E-006
   5.7247602525115259E-005
  -7.9146077473557399E-005
  -3.4296770989044056E-005
  -3.4296755519558196E-005
   8.8310289242204108E-005
   8.0720754167113267E-005
  -4.3172811128419917E-005
  -2.1889193116086317E-005
   5.3870748198028189E-005
  -4.4304142461234881E-005
   9.7694045105376902E-007
   7.9801753714456330E-005
  -4.5705669373370944E-005
   5.3992432372107519E-005
  -6.1855895320553884E-005
  -8.1484963723091233E-005
  -7.7265177087060239E-005
  -6.4101308383087462E-006
  -7.5431701861057015E-005
  -4.3549314052111817E-007
   8.7553035519283478E-006
   5.6385298730114542E-005
  -5.0248907786601699E-005
   9.9812492582772839E-006
   1.7490023499468160E-006
   3.5673422565790541E-005
  -1.4239397415211900E-005
   9.8834116512712912E-005
   4.1927171938366343E-005
  -4.0339585459868276E-005
  -1.1893431605894201E-005
  -1.2318570664438238E-004
  -3.9309852877103833E-005
  -6.4564722314329457E-005
  -8.3873882344465925E-005
   1.5138608365518440E-005
  -1.7380264080316455E-005
  -1.5994468614819708E-005
   5.2413031900501169E-005
   6.9044584985569667E-005
  -4.0079208104018718E-005
   2.9385297980178207E-004
  -4.0079208437228422E-005
   2.4341684537540678E-005
   6.6477015244154653E-006
   4.3944255142317970E-005
  -1.2080457075246375E-005
   9.2678508042437122E-005
  -1.2080440175580772E-005
   4.3944258763952199E-005
   6.6477007727734120E-006
   2.4341693938467683E-005
  -6.2663467559608658E-005
   3.8955458823741190E-005
  -5.6074076141786668E-005
   2.9188678836634094E-005
  -5.8715775542056257E-005
  -4.3634351557355780E-005
  -1.2856390297568700E-004
  -4.5900946810211414E-005
   6.2199904319907862E-005
  -4.8074339962502865E-005
  -2.5931835213944409E-005
   9.6760511310784608E-005
  -6.9080483289189221E-006
  -4.4867682282099344E-005
   6.8658291822943989E-005
  -1.6509933127847358E-005
  -7.5554715421728119E-006
  -2.9106832818223983E-005
  -4.0669859717354320E-005
  -1.0175463943818873E-004
   1.8597668146745784E-005
  -2.2772492578525672E-005
  -4.4079374751196908E-005
  -1.0047456893045094E-004
   8.8310307316749468E-005
  -4.3172788682089417E-005
   8.0720752097912255E-005
   9.7692526785078317E-007
  -4.5705689413477082E-005
   7.9801726358937574E-005
  -2.1889173973899377E-005
  -4.4304126783388876E-005
   5.3870741510878426E-005
   5.3992475279103909E-005
  -8.1484927715313812E-005
  -6.1855936540061902E-005
  -2.8573955811130302E-004
  -8.6390915162536882E-007
  -8.6391147413661870E-007
  -4.8733813768085919E-005
  -7.9676130386002004E-005
   5.3185565046768267E-006
  -4.8733785011119750E-005
   5.3185086084646101E-006
  -7.9676159996955139E-005
   1.3333160443754788E-004
  -5.6141056550930886E-005
  -5.6141067410416005E-005
  -1.4897519455151687E-005
  -1.0919676236729062E-005
   1.5063054863948516E-005
  -1.7610453642302761E-005
  -9.4587019622535524E-005
  -6.9970622945225534E-006
   3.8385499810506228E-005
  -3.1700033253239129E-005
  -3.7813625889703026E-006
   2.3638854276114537E-006
   1.0696312028271021E-004
   1.0330960112517429E-004
   7.1542838303545315E-005
   2.5547620447063194E-005
  -4.8096758900900172E-005
   6.1347307017614450E-005
   4.5747207398662617E-005
  -9.9757683548703819E-006
   8.9865887697598962E-005
  -9.3206679496194840E-005
   2.6791048867164697E-005
   6.0140860564728260E-005
   9.3350558397204647E-005
  -6.0934899162194946E-005
   1.2659470177842948E-004
  -3.7445155161482781E-005
   1.2659473459081813E-004
   6.2984831304230415E-005
  -1.1628736575627254E-004
   5.9591450204444551E-005
   6.8769760390187737E-005
   1.1996155000240918E-004
   6.8769819201955733E-005
   5.9591470944026526E-005
  -1.1628736324067733E-004
   6.2984862492047568E-005
  -1.7865310048512305E-005
   1.3632496758973390E-004
   3.4034950413809786E-005
   5.8030316067533167E-005
   1.8787034424195626E-004
   9.6362752653574336E-005
  -9.1718406333856443E-006
   4.5763453299720211E-005
   2.9339304175891707E-005
   8.9836673752880159E-005
  -1.2799092713457267E-004
   1.0817626901195619E-004
  -1.5512859895534619E-005
   8.5016009370538959E-005
  -2.3116704496244626E-005
   7.4852816944950552E-005
  -4.5312985098381451E-005
   2.8214177099909951E-005
   4.7183968231637829E-005
  -1.9121821496198559E-005
   5.2251919926658488E-005
   1.2016279355587214E-004
   9.9652475498638999E-005
  -2.7534963233253587E-005
  -7.7265199654043027E-005
  -7.5431716046912698E-005
  -6.4100716983307455E-006
  -5.0248913339087958E-005
   1.7489909247586940E-006
   9.9812622948580015E-006
  -4.3550310286003483E-007
   5.6385312902927855E-005
   8.7552853232642066E-006
   3.5673424899326426E-005
   9.8834089717515463E-005
  -1.4239393012293837E-005
  -1.4897559335882142E-005
   1.5063085470367865E-005
  -1.0919689659556956E-005
   3.8385491856712510E-005
  -3.7813727408991997E-006
  -3.1700040967494775E-005
  -1.7610454839497987E-005
  -6.9970573757980291E-006
  -9.4587009254465867E-005
   2.3638962036992298E-006
   1.0330963653857986E-004
   1.0696311250827610E-004
  -4.3365537689267041E-005
   5.5470050354090407E-005
   5.5470066220656755E-005
   3.9188313438400924E-005
  -1.6028007524381677E-004
   1.0018917161287990E-004
   3.9188342488296795E-005
   1.0018920606904121E-004
  -1.6028005025878504E-004
   6.2816428417509879E-006
  -4.9915149395494750E-006
  -4.9915108323071078E-006
  -8.8534559576295338E-005
  -6.7968376917394672E-005
   1.0422144287652486E-005
  -8.1531461384757415E-005
  -5.1257035355745879E-005
  -5.8720164766730811E-005
   7.0083557576528486E-005
   1.2989538554826732E-005
  -6.1445612056176770E-005
   7.3277397137529595E-006
   1.1485470771768674E-005
  -2.9196089877023250E-005
   6.7677652802145400E-006
  -3.1634961009463578E-005
   6.7677859471704228E-006
   1.0972977341400835E-004
   8.1413097771259989E-005
   1.3675503208776432E-004
  -3.0997607183212736E-006
  -2.7354717101598265E-005
  -3.0997845998801469E-006
   1.3675500964417737E-004
   8.1413077115348532E-005
   1.0972982221464688E-004
   6.3126986868960484E-005
   5.2574532633462131E-005
  -5.8776718911095547E-006
   1.9626591280153177E-005
  -7.1971418912366553E-005
   1.2452701397075772E-004
   1.2370970688408117E-004
   6.8283380169909642E-005
  -7.0996609898398301E-005
  -2.7095409701458341E-005
  -3.3322535036231548E-006
  -1.1830094131129038E-004
  -1.2988476439133407E-005
  -9.1083128758944081E-005
  -3.8810356327626316E-005
   1.7552047330587889E-005
  -3.1367570998253006E-005
  -1.6221084723206013E-005
   4.8300507301432668E-005
   5.8566385805894835E-005
  -1.5542975592740835E-004
   3.2405951733789352E-005
  -2.6363884915807038E-005
  -7.2917776448518239E-005
   4.1927198134488905E-005
  -1.1893454108188830E-005
  -4.0339578254505058E-005
  -8.3873917347433179E-005
  -1.7380235472601700E-005
   1.5138598471622706E-005
  -1.2318568683608296E-004
  -6.4564779623246170E-005
  -3.9309800920403857E-005
  -1.5994462376093247E-005
   6.9044592590850615E-005
   5.2413000979037971E-005
   7.1542860732544348E-005
  -4.8096756024996447E-005
   2.5547638348868625E-005
   8.9865890641452185E-005
   2.6790988863170977E-005
  -9.3206700665516263E-005
   6.1347345169141445E-005
  -9.9757453986183313E-006
   4.5747209379171967E-005
   6.0140901029719332E-005
  -6.0934894257380545E-005
   9.3350564352421260E-005
  -8.8534606652885319E-005
   1.0422105617419861E-005
  -6.7968357003027818E-005
   7.0083569689736723E-005
  -6.1445605030149860E-005
   1.2989547895032741E-005
  -8.1531460481252131E-005
  -5.8720190711833729E-005
  -5.1257039107876457E-005
   7.3277384234566680E-006
  -2.9196086517968194E-005
   1.1485468437970347E-005
  -1.2509611423874417E-004
   4.9721032767374020E-005
   4.9721029368994724E-005
  -1.5653595034054226E-005
   6.1766307393521300E-005
  -2.9791957614321319E-005
  -1.5653623857697690E-005
  -2.9791967642880458E-005
   6.1766342021272772E-005
   2.2881493944325786E-005
   8.4712443650844900E-006
   8.4712280567541664E-006
   4.0203514355295702E-005
  -1.0299985343155039E-004
   4.0203509899153222E-005
   9.0438152017712821E-005
  -2.0290292821298287E-006
  -1.7313160186547073E-005
   3.7849751917785613E-005
   6.5567744031646167E-005
   3.7849758157891065E-005
  -1.7313153765760068E-005
  -2.0289872878252203E-006
   9.0438165138021873E-005
   4.4153323040006382E-005
   4.4153322316128698E-005
   9.2375167110966001E-006
  -7.3469169890683797E-006
  -7.3468814947310232E-006
   2.0158474931607753E-005
   1.2775372906476614E-004
  -3.7912582356842551E-006
  -2.2087773998985398E-005
  -3.7911715920253082E-006
   1.2775380386615987E-004
  -2.2087728029620649E-005
   2.9255497547970479E-005
   2.9255473974133240E-005
  -2.2143747094052738E-004
   5.0513886709215997E-005
   5.0513860530715644E-005
  -6.8721352418396354E-005
  -7.2237685865832722E-005
   1.3602710774849725E-005
  -1.4584563912659751E-004
   1.3602729758270281E-005
  -7.2237665993135660E-005
  -1.4584564021288742E-004
  -4.0079205258694807E-005
  -4.0079205160223730E-005
   2.9385295684655267E-004
  -1.2080521830230941E-005
  -1.2080437180693200E-005
   9.2678471956783953E-005
   2.4341684148500983E-005
   4.3944287752452296E-005
   6.6477072554326404E-006
   4.3944249153860939E-005
   2.4341681505790297E-005
   6.6476979343783106E-006
   1.2659474072652981E-004
   1.2659473652114705E-004
  -3.7445132952142078E-005
   6.8769773697370472E-005
   6.8769777718555319E-005
   1.1996156798074699E-004
   6.2984842762167973E-005
   5.9591470621141347E-005
  -1.1628736912738505E-004
   5.9591468459168490E-005
   6.2984833134066204E-005
  -1.1628735487097578E-004
   6.7677614678839398E-006
   6.7677703335860812E-006
  -3.1634972994661996E-005
  -3.0997658150133269E-006
  -3.0997986488233581E-006
  -2.7354711800237600E-005
   1.0972978269274481E-004
   1.3675504753252207E-004
   8.1413070255134326E-005
   1.3675502179225302E-004
   1.0972979497083023E-004
   8.1413106307722907E-005
   4.0203527956375437E-005
   4.0203521615262039E-005
  -1.0299986018811295E-004
   3.7849780908980278E-005
   3.7849774800532858E-005
   6.5567729196562444E-005
   9.0438144478825744E-005
  -1.7313164102800791E-005
  -2.0290347973850403E-006
  -1.7313159702619312E-005
   9.0438164231753743E-005
  -2.0289964270440968E-006
  -3.1866218198424359E-005
  -3.1866206610259557E-005
  -3.1866195822750908E-005
   1.2547062499628802E-004
   1.2547056609898074E-004
   2.6887544412726101E-005
   1.2547061090065507E-004
   2.6887556952388985E-005
   1.2547057811664435E-004
   2.6887571258171340E-005
   1.2547062557049452E-004
   1.2547059824384875E-004
