        8788
Ar    1  0.6848407E+02  0.6834660E+02  0.2373870E-01 -0.4482626E-04  0.9002753E-05  0.1798961E-04
Ar    2  0.2647906E+01  0.2545628E+01  0.6843387E+02  0.3809015E-04 -0.4473051E-04  0.3025969E-04
Ar    3  0.2582644E+01  0.6846174E+02  0.2645814E+01  0.3896855E-04  0.5978253E-04  0.1800789E-04
Ar    4  0.6843121E+02  0.2696870E+01  0.2575945E+01 -0.2544094E-05  0.4495524E-05  0.4425415E-04
Ar    5  0.6840684E+02  0.6835512E+02  0.5241346E+01 -0.1864289E-04  0.9748168E-05  0.3848864E-04
Ar    6  0.2796177E+01  0.2675859E+01  0.5169724E+01  0.4713440E-04 -0.2427669E-04  0.6702663E-04
Ar    7  0.2646458E+01  0.6843376E+02  0.7928191E+01 -0.5336824E-04  0.3515677E-05  0.9526783E-05
Ar    8  0.6831468E+02  0.2632194E+01  0.7875702E+01  0.1618102E-04 -0.7689154E-04  0.4164657E-06
Ar    9  0.2531705E-01  0.6842329E+02  0.1056900E+02 -0.4298282E-04 -0.2849389E-04  0.4719559E-04
Ar   10  0.2611667E+01  0.2646647E+01  0.1056679E+02 -0.1151604E-04 -0.2836579E-04 -0.2956504E-05
Ar   11  0.2750346E+01  0.6845309E+02  0.1318592E+02 -0.5936667E-04  0.1839628E-04  0.2724494E-04
Ar   12  0.6838344E+02  0.2655946E+01  0.1306961E+02 -0.3947706E-04 -0.1115642E-04  0.3405443E-04
Ar   13  0.6844245E+02  0.6846507E+02  0.1590039E+02 -0.1264342E-04 -0.8749961E-05  0.6425169E-04
Ar   14  0.2581646E+01  0.2587775E+01  0.1578803E+02  0.2174579E-04 -0.4374507E-04 -0.3878976E-04
Ar   15  0.2615632E+01  0.6836146E+02  0.1827302E+02 -0.1272501E-04 -0.4416943E-04  0.5535440E-06
Ar   16  0.6839872E+02  0.2674996E+01  0.1843309E+02  0.3169660E-04  0.4163035E-04  0.1386361E-04
Ar   17  0.6840849E+02  0.6830730E+02  0.2100314E+02 -0.1813412E-04 -0.7095272E-04 -0.4346338E-04
Ar   18  0.2608842E+01  0.2661452E+01  0.2109197E+02 -0.8326460E-05  0.1892188E-05 -0.1892381E-04
Ar   19  0.2582370E+01  0.6832165E+02  0.2374259E+02  0.5468026E-05 -0.1659570E-03  0.8103302E-04
Ar   20  0.6834551E+02  0.2562596E+01  0.2369058E+02  0.5465658E-05  0.1892649E-04 -0.4034482E-04
Ar   21  0.6847257E+02  0.6847340E+02  0.2637843E+02 -0.4670725E-04 -0.4820569E-04  0.3589333E-04
Ar   22  0.2533794E+01  0.2644992E+01  0.2639247E+02 -0.1575850E-04  0.1411028E-04  0.8832439E-04
Ar   23  0.2563142E+01  0.6840852E+02  0.2893308E+02 -0.2525741E-04 -0.6462229E-04 -0.3933054E-04
Ar   24  0.6834027E+02  0.2708424E+01  0.2884682E+02  0.2723722E-04  0.2571124E-05  0.3434352E-05
Ar   25  0.6843170E+02  0.3567803E-01  0.3159602E+02 -0.5183057E-04 -0.6795302E-05  0.5120090E-04
Ar   26  0.2549334E+01  0.2495972E+01  0.3150186E+02  0.7344293E-04 -0.7875199E-04  0.3212512E-04
Ar   27  0.2553815E+01  0.6835148E+02  0.3423444E+02 -0.4264159E-04 -0.2101329E-04 -0.2732717E-04
Ar   28  0.6841492E+02  0.2727760E+01  0.3423405E+02 -0.1349997E-03 -0.5824050E-04 -0.1371899E-03
Ar   29  0.6834510E+02  0.6736153E-01  0.3684985E+02  0.6628330E-04  0.7837445E-04 -0.3944819E-04
Ar   30  0.2652451E+01  0.2555617E+01  0.3671453E+02  0.7128528E-04 -0.1021720E-03  0.1751922E-04
Ar   31  0.2605726E+01  0.6843618E+02  0.3949773E+02  0.1444453E-04  0.5123447E-05  0.1279195E-04
Ar   32  0.6835998E+02  0.2532603E+01  0.3957701E+02 -0.3148353E-04 -0.1184564E-03 -0.3830799E-04
Ar   33  0.6848879E+02  0.6845916E+02  0.4192444E+02 -0.4616077E-04 -0.3318120E-06 -0.7322500E-04
Ar   34  0.2682222E+01  0.2591328E+01  0.4203022E+02 -0.5374777E-04  0.4114258E-04 -0.6496143E-04
Ar   35  0.2581332E+01  0.6857184E+02  0.4476082E+02  0.3132493E-05 -0.3866414E-04 -0.1439403E-03
Ar   36  0.5958830E-01  0.2563978E+01  0.4475761E+02 -0.3855244E-04  0.4220163E-05 -0.1019235E-03
Ar   37  0.8452823E-01  0.6839075E+02  0.4734259E+02 -0.4359672E-04 -0.1579203E-04 -0.4271095E-04
Ar   38  0.2700770E+01  0.2672157E+01  0.4740467E+02 -0.3453869E-04 -0.2596545E-04 -0.4284475E-04
Ar   39  0.2595942E+01  0.6836755E+02  0.5000994E+02 -0.4726864E-04 -0.9197698E-04  0.1060686E-04
Ar   40  0.6847388E+02  0.2651168E+01  0.4993466E+02 -0.4397830E-04 -0.4362585E-04  0.2934576E-04
Ar   41  0.6846706E+02  0.6842846E+02  0.5271611E+02  0.3079878E-04 -0.2981293E-04 -0.9171938E-04
Ar   42  0.2717741E+01  0.2610209E+01  0.5270449E+02  0.1429301E-04 -0.1735757E-04 -0.6743026E-04
Ar   43  0.2746131E+01  0.6822052E+02  0.5517278E+02  0.1741099E-04 -0.2930565E-04 -0.1380184E-04
Ar   44  0.6840509E+02  0.2615984E+01  0.5529708E+02  0.4220517E-04 -0.1049049E-03 -0.6759547E-04
Ar   45  0.6844342E+02  0.6838291E+02  0.5792707E+02  0.2908543E-05  0.5374214E-04 -0.2371352E-04
Ar   46  0.2646180E+01  0.2712175E+01  0.5783428E+02  0.6155129E-05  0.7351696E-04 -0.4969320E-04
Ar   47  0.2588146E+01  0.6858116E+02  0.6054374E+02  0.1124810E-03  0.2492236E-05 -0.1339073E-04
Ar   48  0.6837124E+02  0.2644637E+01  0.6057228E+02 -0.2956250E-04 -0.1915198E-04 -0.7164282E-06
Ar   49  0.6847586E+02  0.6854922E+02  0.6324923E+02 -0.6568699E-04 -0.7756755E-04  0.2758051E-04
Ar   50  0.2677713E+01  0.2574982E+01  0.6319291E+02  0.4346253E-04 -0.6622635E-04 -0.4692564E-04
Ar   51  0.2521159E+01  0.6842784E+02  0.6583992E+02 -0.1720786E-04 -0.1295526E-03  0.4016935E-04
Ar   52  0.6830814E+02  0.2731960E+01  0.6587214E+02 -0.2435882E-04 -0.2187114E-04  0.5308092E-04
Ar   53  0.6838436E+02  0.5181781E+01  0.6838008E+02 -0.1696539E-04  0.6129839E-04 -0.7683855E-05
Ar   54  0.2556866E+01  0.7874631E+01  0.6827031E+02 -0.9658095E-05 -0.5023611E-05 -0.1299133E-03
Ar   55  0.2689346E+01  0.5268551E+01  0.2638592E+01 -0.4570983E-06 -0.6996245E-05  0.1603706E-04
Ar   56  0.6833965E+02  0.7937547E+01  0.2650632E+01 -0.4119040E-04 -0.6772970E-04  0.9284561E-05
Ar   57  0.1147046E+00  0.5297385E+01  0.5320688E+01  0.3057335E-04 -0.1760749E-05 -0.7330042E-04
Ar   58  0.2626198E+01  0.7910284E+01  0.5123372E+01  0.5192121E-05  0.6351814E-04  0.1439670E-04
Ar   59  0.2754283E+01  0.5262233E+01  0.7945011E+01 -0.3596271E-05 -0.3999298E-04 -0.1811372E-04
Ar   60  0.6843895E+02  0.7857228E+01  0.7816411E+01  0.8230173E-05  0.6490866E-04 -0.6209598E-04
Ar   61  0.1979566E-01  0.5281960E+01  0.1060328E+02 -0.1220655E-03  0.1005112E-03 -0.4609621E-05
Ar   62  0.2789809E+01  0.7866567E+01  0.1051615E+02  0.6232134E-04  0.2336496E-04  0.2919986E-04
Ar   63  0.2579518E+01  0.5238368E+01  0.1323892E+02  0.4644689E-04  0.9675266E-04 -0.3815133E-04
Ar   64  0.4066899E-01  0.7801846E+01  0.1314426E+02 -0.1674631E-04  0.2213660E-04 -0.1203477E-04
Ar   65  0.6856231E+02  0.5360632E+01  0.1578121E+02  0.3232310E-04 -0.1698672E-04 -0.1927092E-04
Ar   66  0.2740426E+01  0.7902638E+01  0.1572134E+02  0.5935347E-05  0.6704994E-04 -0.6169000E-04
Ar   67  0.2532335E+01  0.5328759E+01  0.1838665E+02 -0.3790439E-05 -0.1124443E-04  0.4927248E-04
Ar   68  0.6835982E+02  0.7812389E+01  0.1861748E+02  0.2424863E-04 -0.6517032E-04 -0.3210347E-04
Ar   69  0.6835583E+02  0.5366203E+01  0.2101974E+02 -0.4686297E-04  0.8348710E-04  0.2123205E-04
Ar   70  0.2549838E+01  0.8012446E+01  0.2093208E+02 -0.2453305E-05 -0.5140168E-06  0.1840393E-04
Ar   71  0.2741303E+01  0.5324637E+01  0.2366582E+02 -0.3493598E-04 -0.2607362E-04 -0.4290920E-04
Ar   72  0.6845770E+02  0.7879316E+01  0.2361272E+02 -0.4850853E-04  0.9992092E-05 -0.6515636E-04
Ar   73  0.4670120E-01  0.5372635E+01  0.2640143E+02  0.2539293E-04  0.4344090E-04 -0.1408741E-04
Ar   74  0.2662540E+01  0.7875120E+01  0.2615727E+02 -0.3080868E-04 -0.8732463E-04 -0.9487638E-05
Ar   75  0.2682282E+01  0.5264253E+01  0.2890304E+02  0.1910337E-04  0.7114414E-05 -0.8735042E-05
Ar   76  0.6836071E+02  0.7903688E+01  0.2893866E+02 -0.4035496E-04  0.7917973E-05 -0.7810123E-04
Ar   77  0.6854916E+02  0.5246456E+01  0.3157780E+02  0.8051677E-04 -0.7404614E-04 -0.7095487E-04
Ar   78  0.2633399E+01  0.7970892E+01  0.3154912E+02 -0.5885315E-04  0.4362149E-04  0.5458892E-04
Ar   79  0.2585041E+01  0.5338478E+01  0.3426457E+02  0.1312395E-04  0.2308604E-04 -0.4569653E-04
Ar   80  0.6839453E+02  0.7958966E+01  0.3421171E+02 -0.7554041E-04 -0.6431841E-04 -0.1346117E-04
Ar   81  0.6841935E+02  0.5324899E+01  0.3688705E+02  0.1721753E-04 -0.2944323E-04  0.4383217E-06
Ar   82  0.2609901E+01  0.7905215E+01  0.3681646E+02 -0.2545513E-05  0.8862054E-04 -0.2256680E-05
Ar   83  0.2664550E+01  0.5173096E+01  0.3940865E+02 -0.8589822E-05 -0.6362800E-05  0.6067829E-04
Ar   84  0.6830557E+02  0.7848218E+01  0.3949358E+02  0.4759064E-04  0.2941761E-04 -0.5259004E-05
Ar   85  0.6832854E+02  0.5157960E+01  0.4215067E+02 -0.4353126E-04  0.4356587E-05  0.6626027E-04
Ar   86  0.2680371E+01  0.7837254E+01  0.4202461E+02 -0.4133093E-04 -0.1442208E-04  0.2934223E-04
Ar   87  0.2643756E+01  0.5314460E+01  0.4479254E+02 -0.4879682E-04  0.9297908E-05  0.1446270E-04
Ar   88  0.6849253E+02  0.7849744E+01  0.4471191E+02 -0.9553653E-05  0.1479993E-03 -0.2496823E-04
Ar   89  0.6836170E+02  0.5162040E+01  0.4730943E+02 -0.5302840E-04 -0.2544901E-04 -0.3006981E-04
Ar   90  0.2574477E+01  0.7810334E+01  0.4747998E+02  0.3320362E-04 -0.4020360E-04 -0.1259182E-04
Ar   91  0.2656289E+01  0.5213907E+01  0.4999803E+02 -0.6027400E-05  0.1061468E-03  0.1102861E-04
Ar   92  0.6833447E+02  0.7867965E+01  0.4995602E+02  0.4759565E-04 -0.9991323E-04 -0.4314707E-04
Ar   93  0.6843428E+02  0.5288658E+01  0.5265101E+02 -0.9786326E-04  0.4049189E-04  0.8774066E-04
Ar   94  0.2639103E+01  0.7860150E+01  0.5256419E+02  0.6488970E-04 -0.4933525E-04  0.2156841E-04
Ar   95  0.2611738E+01  0.5132094E+01  0.5512571E+02 -0.9239183E-05 -0.6098727E-04  0.1669025E-04
Ar   96  0.6848400E+02  0.7903498E+01  0.5518216E+02 -0.5756520E-04  0.6279300E-04  0.5717624E-04
Ar   97  0.6850263E+02  0.5122459E+01  0.5788362E+02 -0.6188744E-04  0.3011846E-04  0.3572978E-04
Ar   98  0.2563943E+01  0.7913304E+01  0.5788454E+02  0.1436128E-04 -0.3907363E-04  0.2857665E-05
Ar   99  0.2599554E+01  0.5263813E+01  0.6057789E+02  0.3463545E-04 -0.4574201E-04 -0.5879008E-04
Ar  100  0.1440042E+00  0.7918429E+01  0.6055662E+02  0.3031173E-04 -0.8788036E-05 -0.3149606E-05
Ar  101  0.6842542E+02  0.5223546E+01  0.6318939E+02 -0.1068000E-04 -0.5906310E-05 -0.4303108E-04
Ar  102  0.2604390E+01  0.7984620E+01  0.6309184E+02 -0.1455026E-04 -0.3608388E-05 -0.1244710E-03
Ar  103  0.2710793E+01  0.5331756E+01  0.6578868E+02  0.2318960E-04 -0.9443753E-04 -0.2746050E-04
Ar  104  0.6844933E+02  0.7978287E+01  0.6579841E+02 -0.5114301E-04  0.2847560E-04 -0.3673326E-04
Ar  105  0.3899320E-01  0.1044929E+02  0.6841190E+02 -0.1093806E-04 -0.1670342E-04 -0.1695446E-04
Ar  106  0.2629889E+01  0.1311423E+02  0.6849584E+02 -0.2862743E-04  0.1540923E-04 -0.1191510E-03
Ar  107  0.2556239E+01  0.1042778E+02  0.2570589E+01  0.9034761E-04 -0.7075792E-04 -0.2619487E-04
Ar  108  0.1486946E-01  0.1313214E+02  0.2676229E+01 -0.1784563E-04  0.1862395E-04 -0.6276965E-04
Ar  109  0.6837263E+02  0.1052850E+02  0.5268674E+01 -0.5567367E-06  0.5537642E-04  0.4737381E-05
Ar  110  0.2497065E+01  0.1309939E+02  0.5236365E+01  0.3380732E-04 -0.5579058E-04 -0.3135119E-04
Ar  111  0.2529548E+01  0.1046173E+02  0.7788375E+01 -0.5504256E-04  0.2702282E-05  0.1479565E-04
Ar  112  0.6834343E+02  0.1324817E+02  0.7916670E+01 -0.3270414E-04  0.6297765E-04  0.5605252E-04
Ar  113  0.8188781E-01  0.1052763E+02  0.1044898E+02 -0.3276927E-04 -0.5749091E-05  0.2754616E-04
Ar  114  0.2692315E+01  0.1308979E+02  0.1053082E+02  0.5563014E-04 -0.2166907E-04 -0.9921496E-04
Ar  115  0.2507997E+01  0.1058516E+02  0.1311344E+02  0.1054078E-04  0.1642153E-04  0.5954785E-04
Ar  116  0.6857868E+02  0.1312692E+02  0.1308280E+02 -0.3644742E-04 -0.5897487E-04  0.2684838E-04
Ar  117  0.6840396E+02  0.1056167E+02  0.1583368E+02 -0.3698518E-04  0.5532452E-04  0.7219972E-05
Ar  118  0.2655495E+01  0.1305910E+02  0.1569917E+02 -0.2933686E-04 -0.5120701E-05  0.7458644E-05
Ar  119  0.2582865E+01  0.1048812E+02  0.1848926E+02 -0.5661640E-04 -0.5002070E-04 -0.5508085E-04
Ar  120  0.6839144E+02  0.1318750E+02  0.1839632E+02 -0.6179087E-04 -0.4522525E-04 -0.3895447E-04
Ar  121  0.6842306E+02  0.1066543E+02  0.2107252E+02 -0.3712252E-04  0.2092339E-04 -0.7414886E-04
Ar  122  0.2631881E+01  0.1320158E+02  0.2108451E+02 -0.2234109E-04 -0.1966499E-04  0.6807127E-04
Ar  123  0.2554236E+01  0.1042567E+02  0.2364069E+02  0.9510155E-05 -0.2005213E-05  0.7830017E-04
Ar  124  0.6860038E+02  0.1323217E+02  0.2377360E+02  0.1041398E-03 -0.9930510E-04 -0.9117598E-04
Ar  125  0.6836584E+02  0.1046810E+02  0.2633653E+02  0.3623020E-04 -0.2847872E-04 -0.3928276E-04
Ar  126  0.2635767E+01  0.1318420E+02  0.2637738E+02 -0.3528227E-04 -0.7611302E-05  0.2413510E-05
Ar  127  0.2501576E+01  0.1050783E+02  0.2893989E+02 -0.3667752E-04 -0.3905207E-05  0.2978647E-04
Ar  128  0.6831904E+02  0.1313230E+02  0.2897879E+02  0.1768595E-05  0.1889552E-05 -0.2771516E-05
Ar  129  0.6843299E+02  0.1059292E+02  0.3151796E+02 -0.2539975E-04 -0.3914551E-04 -0.8949473E-04
Ar  130  0.2747989E+01  0.1310576E+02  0.3150063E+02  0.1620739E-04  0.1794661E-05 -0.8066182E-04
Ar  131  0.2577009E+01  0.1057269E+02  0.3419332E+02 -0.1040605E-03  0.5062757E-04 -0.4566479E-04
Ar  132  0.6840090E+02  0.1316155E+02  0.3430183E+02  0.2470310E-05 -0.6300028E-04  0.4186271E-06
Ar  133  0.1406656E+00  0.1048632E+02  0.3681911E+02 -0.2079023E-04 -0.1831675E-04  0.1468748E-04
Ar  134  0.2723537E+01  0.1312066E+02  0.3682237E+02 -0.3522085E-04  0.3925821E-04  0.6515710E-05
Ar  135  0.2568543E+01  0.1039903E+02  0.3943977E+02 -0.4296308E-04 -0.4435911E-05  0.5612134E-04
Ar  136  0.6849680E+02  0.1310282E+02  0.3953055E+02 -0.3667416E-04  0.5648249E-04 -0.4954749E-04
Ar  137  0.6844070E+02  0.1058654E+02  0.4203720E+02 -0.5854634E-04  0.4417351E-04  0.3448489E-04
Ar  138  0.2589375E+01  0.1320097E+02  0.4205320E+02 -0.5912298E-04 -0.1214273E-03 -0.8946271E-04
Ar  139  0.2625670E+01  0.1054807E+02  0.4467229E+02 -0.8565270E-05  0.1255653E-04 -0.1081372E-03
Ar  140  0.6847802E+02  0.1313224E+02  0.4468392E+02  0.9608622E-04 -0.2834347E-04 -0.9992648E-05
Ar  141  0.6841134E+02  0.1058202E+02  0.4745258E+02  0.5297266E-04  0.7060317E-04 -0.2751249E-04
Ar  142  0.2641557E+01  0.1315021E+02  0.4723645E+02  0.1139375E-04 -0.6274223E-04 -0.5174496E-04
Ar  143  0.2638749E+01  0.1049883E+02  0.5010784E+02 -0.4013921E-04  0.1021567E-04 -0.3841461E-05
Ar  144  0.6844555E+02  0.1321725E+02  0.5004037E+02 -0.3087172E-04 -0.6623254E-05 -0.7238929E-04
Ar  145  0.6843365E+02  0.1049079E+02  0.5261400E+02 -0.5524861E-04 -0.4679163E-04 -0.5718028E-04
Ar  146  0.2619855E+01  0.1313111E+02  0.5258590E+02 -0.1544409E-04  0.8287122E-04  0.6107466E-05
Ar  147  0.2666915E+01  0.1057200E+02  0.5516607E+02 -0.3612294E-04  0.3892456E-05 -0.7107097E-04
Ar  148  0.1032125E+00  0.1317020E+02  0.5523559E+02  0.1950099E-04  0.2682365E-04 -0.5289973E-04
Ar  149  0.6838808E-01  0.1046126E+02  0.5781439E+02 -0.4696406E-04 -0.1065476E-03 -0.2040697E-04
Ar  150  0.2660471E+01  0.1320223E+02  0.5779779E+02 -0.2261551E-04 -0.2755672E-04  0.6686766E-04
Ar  151  0.2611799E+01  0.1042920E+02  0.6059198E+02 -0.1121623E-04  0.5722249E-05  0.9562909E-05
Ar  152  0.6845047E+02  0.1320443E+02  0.6055282E+02 -0.1147458E-05 -0.3805054E-04 -0.5976659E-04
Ar  153  0.6845052E+02  0.1055473E+02  0.6318119E+02  0.1068724E-03  0.7471152E-05 -0.5586617E-04
Ar  154  0.2577880E+01  0.1323122E+02  0.6308830E+02  0.2257675E-04 -0.6694450E-04 -0.9706430E-04
Ar  155  0.2499539E+01  0.1049337E+02  0.6574120E+02 -0.4682821E-05  0.1876054E-04 -0.1201905E-04
Ar  156  0.6839226E+02  0.1317165E+02  0.6583708E+02  0.6165556E-05 -0.4414450E-04 -0.3036265E-05
Ar  157  0.6850622E+02  0.1570753E+02  0.6835997E+02  0.3531117E-04  0.3471270E-04 -0.4560639E-04
Ar  158  0.2588526E+01  0.1848970E+02  0.6831167E+02  0.3824804E-04  0.4379568E-04 -0.1084064E-03
Ar  159  0.2504125E+01  0.1572897E+02  0.2563766E+01 -0.6130753E-04 -0.5605387E-04 -0.1015224E-03
Ar  160  0.6843018E+02  0.1837340E+02  0.2523726E+01  0.8019298E-04  0.4813565E-06 -0.4066397E-04
Ar  161  0.6837917E+02  0.1573450E+02  0.5196358E+01  0.4160646E-04  0.2179273E-04  0.4703834E-04
Ar  162  0.2663579E+01  0.1833170E+02  0.5357454E+01 -0.1151399E-03 -0.1249375E-03  0.2351871E-04
Ar  163  0.2770327E+01  0.1567573E+02  0.8029593E+01 -0.3318650E-05  0.5771500E-05  0.1636113E-04
Ar  164  0.6831977E+02  0.1829900E+02  0.7945605E+01  0.1873135E-05  0.2210334E-04  0.5543297E-04
Ar  165  0.6846975E+02  0.1585306E+02  0.1048312E+02 -0.4612544E-05 -0.2841821E-04  0.6411603E-04
Ar  166  0.2495345E+01  0.1844936E+02  0.1035409E+02  0.2983811E-04 -0.5386616E-04 -0.4883272E-04
Ar  167  0.2750827E+01  0.1571986E+02  0.1320551E+02 -0.5406116E-05 -0.4793146E-04  0.6824929E-04
Ar  168  0.6833426E+02  0.1837000E+02  0.1303892E+02  0.8932082E-04 -0.2260582E-04 -0.4208454E-04
Ar  169  0.6839600E+02  0.1570714E+02  0.1580935E+02 -0.6345013E-04 -0.4691178E-04 -0.2482204E-04
Ar  170  0.2583310E+01  0.1845619E+02  0.1574465E+02 -0.4420938E-04 -0.2585068E-04  0.8649918E-05
Ar  171  0.2638806E+01  0.1580077E+02  0.1839378E+02  0.1464831E-03 -0.8179727E-04 -0.2437440E-04
Ar  172  0.6846155E+02  0.1848522E+02  0.1844261E+02 -0.5139717E-04 -0.3048932E-04 -0.1589169E-04
Ar  173  0.6843512E+02  0.1583611E+02  0.2104676E+02 -0.2039312E-05 -0.2583034E-04  0.7770047E-04
Ar  174  0.2525497E+01  0.1845161E+02  0.2103296E+02 -0.9188688E-05  0.8706600E-05  0.6045321E-04
Ar  175  0.2590118E+01  0.1583615E+02  0.2375613E+02  0.4792568E-05 -0.9772783E-04 -0.4123944E-07
Ar  176  0.6853928E+02  0.1836899E+02  0.2364648E+02 -0.3864342E-04  0.2217916E-04 -0.9830324E-04
Ar  177  0.6850694E+02  0.1577627E+02  0.2635451E+02 -0.8894820E-04 -0.2628808E-04 -0.1073660E-04
Ar  178  0.2664709E+01  0.1840455E+02  0.2624592E+02 -0.9404705E-04 -0.6656914E-04 -0.4479462E-04
Ar  179  0.2616627E+01  0.1587288E+02  0.2894549E+02 -0.1291543E-04 -0.3201406E-06  0.4940469E-04
Ar  180  0.6829144E+02  0.1841072E+02  0.2891872E+02  0.5926993E-04 -0.4525168E-04 -0.9819210E-05
Ar  181  0.8183160E-02  0.1574016E+02  0.3152979E+02 -0.3771322E-04 -0.1356526E-04 -0.6313517E-04
Ar  182  0.2626801E+01  0.1845829E+02  0.3172352E+02 -0.2113260E-04  0.8569676E-04 -0.1359864E-04
Ar  183  0.2720565E+01  0.1571573E+02  0.3406766E+02  0.6607815E-04  0.2165656E-05 -0.1065438E-03
Ar  184  0.7652026E-01  0.1837161E+02  0.3430084E+02  0.2885472E-05 -0.1640160E-04 -0.3220448E-04
Ar  185  0.6846049E+02  0.1573420E+02  0.3682217E+02 -0.6836527E-05  0.1787176E-04  0.7364371E-04
Ar  186  0.2543225E+01  0.1842700E+02  0.3686461E+02 -0.3317773E-04 -0.9759602E-04 -0.6564300E-04
Ar  187  0.2555112E+01  0.1573824E+02  0.3938683E+02  0.8478632E-04 -0.1169041E-03 -0.3331621E-06
Ar  188  0.6850118E+02  0.1854401E+02  0.3943909E+02 -0.8915234E-05 -0.1912173E-04 -0.3048224E-04
Ar  189  0.6846908E+02  0.1574174E+02  0.4208697E+02 -0.6155322E-04  0.4922380E-04 -0.1440992E-04
Ar  190  0.2637269E+01  0.1832662E+02  0.4216824E+02 -0.8891515E-05 -0.2601055E-04 -0.8255516E-04
Ar  191  0.2663134E+01  0.1585160E+02  0.4468783E+02 -0.3111238E-04 -0.1570192E-04 -0.4903828E-04
Ar  192  0.6847209E+02  0.1834300E+02  0.4463217E+02 -0.1327022E-04 -0.6694216E-04 -0.7165004E-04
Ar  193  0.6830639E+02  0.1581913E+02  0.4733647E+02  0.1429507E-04  0.6078887E-04  0.7584797E-04
Ar  194  0.2626308E+01  0.1848951E+02  0.4725256E+02 -0.4962598E-05 -0.2857886E-04  0.4098495E-04
Ar  195  0.2612836E+01  0.1572557E+02  0.4994814E+02  0.1442358E-04 -0.1025937E-03  0.8447501E-05
Ar  196  0.6851939E+02  0.1837216E+02  0.4993021E+02  0.7496404E-05 -0.8960504E-04  0.6028523E-04
Ar  197  0.6833893E+02  0.1583564E+02  0.5253473E+02 -0.1948453E-04 -0.6393664E-04  0.2196814E-04
Ar  198  0.2579941E+01  0.1846830E+02  0.5268911E+02 -0.1260966E-04 -0.6543576E-05 -0.6806691E-05
Ar  199  0.2672450E+01  0.1578341E+02  0.5523620E+02  0.2967417E-04 -0.1420338E-04 -0.6786636E-04
Ar  200  0.6839453E+02  0.1832736E+02  0.5534652E+02 -0.7940866E-04  0.4606418E-04  0.3969324E-04
Ar  201  0.1161770E+00  0.1578640E+02  0.5790917E+02  0.1145088E-03 -0.7080390E-04 -0.7163987E-04
Ar  202  0.2699986E+01  0.1826225E+02  0.5784184E+02  0.5015911E-04  0.1121209E-04  0.7007411E-05
Ar  203  0.2568229E+01  0.1585179E+02  0.6047592E+02 -0.3331117E-04  0.9852735E-05 -0.4918235E-04
Ar  204  0.6854139E+02  0.1831483E+02  0.6058907E+02  0.6001282E-05 -0.6991284E-04 -0.6342479E-04
Ar  205  0.6834689E+02  0.1580254E+02  0.6325196E+02 -0.1402389E-04  0.3325584E-04  0.1699080E-04
Ar  206  0.2635832E+01  0.1847830E+02  0.6319738E+02 -0.2795920E-04 -0.9202454E-04 -0.7318151E-04
Ar  207  0.2566476E+01  0.1567461E+02  0.6584603E+02  0.2582823E-04 -0.1864068E-04 -0.4683784E-04
Ar  208  0.6840630E+02  0.1845896E+02  0.6577874E+02 -0.9992801E-05 -0.4009555E-04 -0.4371144E-04
Ar  209  0.6841849E+02  0.2096259E+02  0.6834038E+02 -0.1087161E-03  0.5730584E-04 -0.1124215E-03
Ar  210  0.2571212E+01  0.2356080E+02  0.6836282E+02 -0.7137932E-05  0.5651990E-04 -0.1189535E-03
Ar  211  0.2716117E+01  0.2116274E+02  0.2582549E+01 -0.3841519E-04 -0.1478840E-03  0.5359146E-04
Ar  212  0.6842896E+02  0.2366669E+02  0.2622769E+01  0.7825722E-04 -0.3579386E-04 -0.5251163E-04
Ar  213  0.6832494E+02  0.2103166E+02  0.5296893E+01 -0.6862699E-04 -0.2834931E-04  0.2124710E-04
Ar  214  0.2653096E+01  0.2363347E+02  0.5233626E+01 -0.2189614E-04  0.9584037E-05 -0.1166342E-04
Ar  215  0.2617557E+01  0.2110917E+02  0.7859421E+01  0.2497287E-04  0.3858889E-04  0.2290509E-04
Ar  216  0.1130663E+00  0.2374535E+02  0.7950539E+01  0.6586557E-05 -0.1473458E-04  0.8875916E-04
Ar  217  0.6836294E+02  0.2101606E+02  0.1054297E+02  0.1364084E-04  0.6980521E-04  0.4370130E-04
Ar  218  0.2645723E+01  0.2365048E+02  0.1050590E+02 -0.4963822E-04 -0.6782763E-04 -0.9637753E-06
Ar  219  0.2644212E+01  0.2107920E+02  0.1308469E+02  0.7295249E-04  0.5063672E-04  0.3115754E-04
Ar  220  0.1668387E+00  0.2369764E+02  0.1316633E+02  0.1007924E-03 -0.3597612E-04 -0.1022655E-03
Ar  221  0.6845213E+02  0.2113179E+02  0.1590965E+02 -0.3120331E-04 -0.4702854E-04  0.8527064E-05
Ar  222  0.2705924E+01  0.2368435E+02  0.1587143E+02  0.1085241E-04 -0.1416677E-03  0.3476035E-04
Ar  223  0.2588366E+01  0.2109534E+02  0.1844693E+02  0.2445460E-05  0.8024004E-04 -0.4799795E-04
Ar  224  0.6836530E+02  0.2379097E+02  0.1832861E+02 -0.2736109E-04 -0.5904546E-04  0.4080591E-04
Ar  225  0.6835278E+02  0.2105678E+02  0.2104570E+02  0.5259208E-04  0.2612441E-04  0.3966852E-04
Ar  226  0.2641812E+01  0.2369614E+02  0.2095373E+02  0.1164630E-04 -0.1231005E-03  0.2380169E-06
Ar  227  0.2683054E+01  0.2095807E+02  0.2364246E+02 -0.6398152E-04 -0.8993451E-04 -0.8597806E-05
Ar  228  0.6838129E+02  0.2368669E+02  0.2362143E+02 -0.6691087E-04 -0.1058660E-03 -0.5348152E-04
Ar  229  0.6841569E+02  0.2111821E+02  0.2630196E+02 -0.6816792E-04 -0.9256239E-04  0.7704046E-04
Ar  230  0.2627238E+01  0.2384465E+02  0.2621426E+02 -0.8694643E-04  0.2265690E-04 -0.6842960E-04
Ar  231  0.2557170E+01  0.2103829E+02  0.2899911E+02  0.4398610E-04 -0.1281148E-04  0.3446611E-04
Ar  232  0.6838234E+02  0.2376117E+02  0.2897823E+02 -0.4576842E-04  0.1599540E-04 -0.1808274E-05
Ar  233  0.6834612E+02  0.2106354E+02  0.3164065E+02  0.2994735E-04 -0.4668856E-04 -0.4131287E-04
Ar  234  0.2617391E+01  0.2371837E+02  0.3150092E+02 -0.2989280E-04  0.1335839E-04 -0.4180820E-04
Ar  235  0.2607132E+01  0.2108743E+02  0.3416032E+02 -0.3248284E-04 -0.3907568E-05  0.1582409E-04
Ar  236  0.6856826E+02  0.2370363E+02  0.3419431E+02 -0.2013402E-04 -0.2772692E-04 -0.2842218E-04
Ar  237  0.6854947E+02  0.2108857E+02  0.3691104E+02  0.5526582E-04  0.3804888E-04 -0.3679335E-04
Ar  238  0.2691989E+01  0.2366311E+02  0.3682899E+02 -0.1445792E-05 -0.2825551E-04 -0.2381419E-04
Ar  239  0.2593466E+01  0.2119602E+02  0.3939592E+02  0.4394490E-04 -0.6121132E-04  0.3755616E-04
Ar  240  0.6847860E+02  0.2366183E+02  0.3940014E+02 -0.3711805E-04  0.4426752E-04  0.2095966E-04
Ar  241  0.6853990E+02  0.2115889E+02  0.4201813E+02 -0.5943748E-04 -0.9981285E-04  0.4631148E-04
Ar  242  0.2672345E+01  0.2360292E+02  0.4218314E+02  0.4320726E-04 -0.2053703E-04  0.5440005E-06
Ar  243  0.2573960E+01  0.2095649E+02  0.4463029E+02  0.1603469E-04  0.3607869E-04 -0.9177908E-06
Ar  244  0.6851070E+02  0.2378568E+02  0.4469547E+02 -0.1092609E-03 -0.6525964E-04 -0.2183323E-04
Ar  245  0.6850811E+02  0.2115781E+02  0.4744631E+02 -0.7250061E-06 -0.4499501E-04 -0.1538815E-04
Ar  246  0.2581935E+01  0.2367630E+02  0.4735440E+02  0.4630915E-04 -0.3643256E-04  0.2055460E-04
Ar  247  0.2642525E+01  0.2107789E+02  0.4998622E+02  0.5583368E-04 -0.4517386E-04  0.1942281E-04
Ar  248  0.6853574E+02  0.2374962E+02  0.5012262E+02  0.1491083E-04 -0.4282574E-04 -0.8144343E-04
Ar  249  0.6848934E+02  0.2098163E+02  0.5261794E+02 -0.4243293E-04  0.2052696E-04  0.8329399E-04
Ar  250  0.2531867E+01  0.2362210E+02  0.5258595E+02  0.4482044E-04 -0.2454533E-05 -0.5479367E-05
Ar  251  0.2693519E+01  0.2097487E+02  0.5538824E+02  0.2417500E-04  0.2124979E-04  0.6717058E-04
Ar  252  0.6843689E+02  0.2369714E+02  0.5520895E+02  0.3196931E-04  0.8714237E-04  0.9457348E-05
Ar  253  0.6836723E+02  0.2101353E+02  0.5780999E+02 -0.3558071E-04  0.7008412E-04 -0.5178541E-04
Ar  254  0.2648536E+01  0.2374080E+02  0.5797772E+02  0.1885334E-04  0.1160740E-03  0.4381092E-04
Ar  255  0.2661560E+01  0.2111621E+02  0.6055118E+02  0.2128779E-04  0.2863274E-04 -0.8172790E-04
Ar  256  0.6846115E+02  0.2366282E+02  0.6061786E+02 -0.2664182E-04 -0.1529342E-04 -0.1862236E-05
Ar  257  0.6834423E+02  0.2101681E+02  0.6307523E+02 -0.1326004E-04 -0.5453672E-04  0.5233311E-04
Ar  258  0.2606336E+01  0.2370432E+02  0.6311081E+02 -0.2987476E-04  0.7809515E-05 -0.1029495E-04
Ar  259  0.2605520E+01  0.2099686E+02  0.6577554E+02 -0.3515237E-04 -0.2237782E-05 -0.3233117E-04
Ar  260  0.6843218E+02  0.2374033E+02  0.6581141E+02 -0.9037512E-04  0.3926351E-04  0.1862759E-05
Ar  261  0.6834800E+02  0.2641177E+02  0.6842408E+02 -0.3533124E-04 -0.5854897E-04 -0.1130757E-04
Ar  262  0.2468208E+01  0.2895588E+02  0.6842503E+02  0.1673023E-04  0.6178934E-04 -0.1245810E-03
Ar  263  0.2657072E+01  0.2638883E+02  0.2612422E+01 -0.4680840E-04  0.1808194E-04 -0.2505385E-05
Ar  264  0.5622390E-01  0.2896885E+02  0.2582604E+01  0.2063751E-04 -0.1685406E-04  0.6154838E-04
Ar  265  0.6844144E+02  0.2629749E+02  0.5058234E+01  0.8208175E-04  0.7704528E-04 -0.4330412E-04
Ar  266  0.2683708E+01  0.2897136E+02  0.5253177E+01 -0.5649819E-04 -0.1228655E-04  0.8641846E-06
Ar  267  0.2681299E+01  0.2632939E+02  0.7801305E+01  0.5535348E-04 -0.8204211E-05 -0.1065247E-03
Ar  268  0.6852236E+02  0.2895396E+02  0.7872373E+01 -0.2190867E-05 -0.7052451E-05 -0.1453921E-04
Ar  269  0.6839408E+02  0.2628439E+02  0.1049189E+02 -0.1132161E-03  0.7663192E-04 -0.5487664E-05
Ar  270  0.2658738E+01  0.2896554E+02  0.1039838E+02 -0.4080831E-06  0.4891024E-04  0.2108849E-04
Ar  271  0.2697577E+01  0.2632567E+02  0.1322298E+02 -0.5404568E-04 -0.7704535E-05  0.6405391E-04
Ar  272  0.6835478E+02  0.2888747E+02  0.1321974E+02 -0.5958500E-04 -0.5826455E-04 -0.2544838E-04
Ar  273  0.6843506E+02  0.2627111E+02  0.1579109E+02  0.2532951E-04  0.6483846E-04  0.4496812E-04
Ar  274  0.2694640E+01  0.2901214E+02  0.1580432E+02 -0.5880517E-04 -0.9091258E-04  0.4497358E-04
Ar  275  0.2741610E+01  0.2638475E+02  0.1846809E+02  0.2079677E-04  0.1763884E-04 -0.6490526E-04
Ar  276  0.6020172E-01  0.2893729E+02  0.1837175E+02  0.1233751E-04  0.2878528E-04 -0.1300009E-04
Ar  277  0.6844393E+02  0.2631310E+02  0.2096427E+02  0.2809494E-04  0.3662647E-04 -0.5225393E-04
Ar  278  0.2687686E+01  0.2891614E+02  0.2110348E+02 -0.1779804E-04 -0.1365919E-04  0.1320349E-04
Ar  279  0.2698573E+01  0.2631867E+02  0.2369536E+02  0.7566295E-04 -0.1451932E-03  0.6786036E-04
Ar  280  0.6845396E+02  0.2892381E+02  0.2370264E+02 -0.6652591E-04 -0.7456009E-04  0.9771690E-04
Ar  281  0.7275434E-01  0.2629068E+02  0.2633452E+02  0.4523474E-04  0.1186815E-04 -0.1575432E-04
Ar  282  0.2568214E+01  0.2891195E+02  0.2635365E+02 -0.3603382E-04 -0.1884093E-04  0.8336985E-05
Ar  283  0.2706954E+01  0.2614581E+02  0.2892321E+02  0.4274029E-04 -0.1268023E-04  0.4377185E-05
Ar  284  0.6848875E+02  0.2902116E+02  0.2893616E+02 -0.5765033E-04 -0.6408194E-04 -0.8591174E-04
Ar  285  0.6846603E+02  0.2647197E+02  0.3160901E+02 -0.6018386E-04  0.8196466E-04 -0.6522626E-06
Ar  286  0.2590865E+01  0.2893255E+02  0.3152523E+02  0.2914536E-04  0.1561895E-04 -0.4445377E-05
Ar  287  0.2636836E+01  0.2625289E+02  0.3422645E+02 -0.7620422E-04 -0.1928507E-04  0.5586587E-05
Ar  288  0.6851177E+02  0.2889110E+02  0.3432248E+02  0.1255355E-04 -0.1101832E-04 -0.4424855E-04
Ar  289  0.6836081E+02  0.2637162E+02  0.3686195E+02 -0.1600124E-04  0.2994279E-04 -0.4494439E-04
Ar  290  0.2731503E+01  0.2886110E+02  0.3679947E+02 -0.4562763E-04 -0.4953668E-04 -0.6274055E-04
Ar  291  0.2695452E+01  0.2638838E+02  0.3947694E+02  0.6529160E-04 -0.5784631E-04 -0.1815259E-04
Ar  292  0.6842395E+02  0.2897272E+02  0.3941533E+02 -0.4530564E-04  0.5592947E-04  0.1682004E-04
Ar  293  0.6841790E+02  0.2617356E+02  0.4202297E+02 -0.1063328E-03  0.5481083E-04  0.4436362E-04
Ar  294  0.2635066E+01  0.2894864E+02  0.4220076E+02  0.4267518E-04 -0.1668575E-04 -0.1034008E-04
Ar  295  0.2562842E+01  0.2628599E+02  0.4476394E+02  0.4918486E-04 -0.1085444E-04 -0.1033769E-04
Ar  296  0.7576519E-01  0.2890828E+02  0.4470511E+02 -0.4953663E-04  0.1119492E-04  0.1640580E-04
Ar  297  0.6839649E+02  0.2624788E+02  0.4740772E+02 -0.1242808E-03  0.2468360E-04 -0.3824249E-04
Ar  298  0.2591635E+01  0.2901772E+02  0.4732378E+02 -0.9959473E-05  0.1168569E-04 -0.1066514E-04
Ar  299  0.2688800E+01  0.2623170E+02  0.4990899E+02  0.8635893E-05  0.1695269E-04  0.1650127E-04
Ar  300  0.6844749E+02  0.2887081E+02  0.4995454E+02  0.6414119E-05 -0.5025500E-04  0.1626815E-04
Ar  301  0.6837091E+02  0.2630664E+02  0.5259672E+02 -0.3104593E-04  0.1827132E-04  0.1210466E-04
Ar  302  0.2615027E+01  0.2892396E+02  0.5256926E+02 -0.3329150E-04  0.4682626E-04  0.5837979E-04
Ar  303  0.2648263E+01  0.2636671E+02  0.5520718E+02 -0.4937726E-04 -0.4421034E-04 -0.8238230E-04
Ar  304  0.6843309E+02  0.2900217E+02  0.5520134E+02  0.2632709E-04 -0.5006469E-04 -0.2444456E-04
Ar  305  0.1954658E-01  0.2640814E+02  0.5802228E+02  0.3826718E-04  0.1610387E-04  0.3343037E-04
Ar  306  0.2632594E+01  0.2882764E+02  0.5781990E+02  0.1843666E-04  0.1447894E-04 -0.2827935E-04
Ar  307  0.2551890E+01  0.2624549E+02  0.6052184E+02  0.2661264E-04 -0.6279464E-04  0.5693561E-04
Ar  308  0.6832104E+02  0.2898538E+02  0.6044381E+02 -0.4027606E-06 -0.1255141E-05 -0.3458342E-04
Ar  309  0.6857514E+02  0.2636863E+02  0.6316790E+02 -0.4366768E-04  0.1681805E-04 -0.1224450E-03
Ar  310  0.2700256E+01  0.2898552E+02  0.6322408E+02 -0.2127239E-04 -0.1994561E-04  0.2699842E-04
Ar  311  0.2652642E+01  0.2629548E+02  0.6582267E+02  0.7412057E-05  0.9717542E-04 -0.6938404E-04
Ar  312  0.6848088E+02  0.2890049E+02  0.6587967E+02 -0.2661311E-04  0.7198889E-04 -0.3180876E-04
Ar  313  0.6831856E+02  0.3153324E+02  0.6833051E+02 -0.1774626E-04 -0.7526918E-05  0.4804946E-04
Ar  314  0.2588243E+01  0.3415483E+02  0.6839817E+02 -0.1432358E-04  0.1021516E-04 -0.7428551E-04
Ar  315  0.2619247E+01  0.3153688E+02  0.2727230E+01  0.7810694E-05 -0.6458080E-04  0.1380089E-04
Ar  316  0.6841739E+02  0.3418627E+02  0.2757675E+01 -0.6937122E-04  0.5079129E-04  0.9955547E-05
Ar  317  0.4894577E-01  0.3152771E+02  0.5311870E+01 -0.2235771E-04 -0.1133301E-04 -0.5905226E-04
Ar  318  0.2668214E+01  0.3418335E+02  0.5163760E+01 -0.2142072E-04 -0.1890632E-04 -0.4106598E-04
Ar  319  0.2591849E+01  0.3158401E+02  0.7877402E+01 -0.6851844E-04 -0.5462958E-04  0.6516603E-04
Ar  320  0.6848951E+02  0.3417027E+02  0.7867787E+01 -0.4779813E-04 -0.2672800E-04  0.7767412E-05
Ar  321  0.6846904E+02  0.3157930E+02  0.1048571E+02 -0.7395245E-05 -0.6736523E-04 -0.7521146E-04
Ar  322  0.2579183E+01  0.3419805E+02  0.1044328E+02 -0.5000100E-04 -0.2219962E-04  0.6934534E-05
Ar  323  0.2515407E+01  0.3157898E+02  0.1311860E+02 -0.3169372E-04 -0.2468422E-05 -0.8286838E-05
Ar  324  0.6839512E+02  0.3412477E+02  0.1307356E+02 -0.4971004E-04 -0.7729737E-04  0.2013962E-04
Ar  325  0.6840362E+02  0.3150315E+02  0.1583409E+02 -0.5513500E-04  0.2166551E-04  0.3918158E-04
Ar  326  0.2620081E+01  0.3415065E+02  0.1582823E+02  0.2178795E-04 -0.1195143E-07 -0.5243945E-04
Ar  327  0.2621370E+01  0.3150141E+02  0.1832304E+02  0.1072862E-03 -0.6824016E-04  0.1587776E-04
Ar  328  0.6841511E+02  0.3418699E+02  0.1830388E+02  0.1348217E-03  0.2778114E-04 -0.2405303E-04
Ar  329  0.1075013E+00  0.3151660E+02  0.2099235E+02 -0.1570657E-04  0.3648114E-05  0.4882707E-04
Ar  330  0.2647539E+01  0.3423563E+02  0.2106967E+02 -0.4061210E-04  0.4532307E-04 -0.6797045E-05
Ar  331  0.2670640E+01  0.3160914E+02  0.2360546E+02  0.8785087E-04  0.3551849E-05  0.4340844E-04
Ar  332  0.6833982E+02  0.3413917E+02  0.2360470E+02 -0.3578023E-04 -0.3177082E-04 -0.1160731E-03
Ar  333  0.6852549E+02  0.3159317E+02  0.2631074E+02 -0.2197342E-04 -0.2857086E-04 -0.4417831E-04
Ar  334  0.2589683E+01  0.3412152E+02  0.2623354E+02  0.2258578E-04 -0.4199703E-04 -0.3308239E-04
Ar  335  0.2693322E+01  0.3161920E+02  0.2898304E+02 -0.2002673E-04  0.1706452E-04 -0.6340117E-04
Ar  336  0.6843167E+02  0.3417652E+02  0.2894486E+02  0.4208151E-04 -0.2979540E-04 -0.5288372E-04
Ar  337  0.1183104E+00  0.3151873E+02  0.3158091E+02 -0.5070896E-04  0.3343080E-04  0.3073264E-05
Ar  338  0.2613493E+01  0.3421192E+02  0.3156967E+02  0.2223532E-04  0.2828094E-04 -0.6181750E-05
Ar  339  0.2636137E+01  0.3146975E+02  0.3423100E+02  0.6150027E-04 -0.8510202E-04 -0.8661862E-04
Ar  340  0.6857917E+02  0.3413146E+02  0.3430367E+02  0.3235453E-04 -0.1072010E-04 -0.8879358E-04
Ar  341  0.6844438E+02  0.3152611E+02  0.3665253E+02  0.1297451E-05 -0.3161265E-04  0.3732789E-04
Ar  342  0.2596455E+01  0.3420381E+02  0.3694180E+02 -0.1358685E-04 -0.6441304E-05  0.2651905E-04
Ar  343  0.2615132E+01  0.3163435E+02  0.3936004E+02  0.3721900E-04  0.2155756E-04  0.1313957E-04
Ar  344  0.6853976E+02  0.3433410E+02  0.3948403E+02  0.5652991E-04  0.3359793E-04 -0.2179513E-04
Ar  345  0.6838622E+02  0.3155513E+02  0.4215696E+02  0.5370732E-04 -0.3900917E-04 -0.1551417E-04
Ar  346  0.2679556E+01  0.3419658E+02  0.4213941E+02  0.1222580E-04  0.3946266E-04  0.1005205E-04
Ar  347  0.2420234E+01  0.3147846E+02  0.4473751E+02  0.8745551E-05  0.3341476E-04 -0.7386489E-04
Ar  348  0.6837205E+02  0.3408754E+02  0.4472555E+02  0.2412289E-04 -0.2902651E-04 -0.3568586E-04
Ar  349  0.7957054E-01  0.3151940E+02  0.4728734E+02  0.4151746E-04  0.9664041E-04 -0.6523072E-04
Ar  350  0.2601293E+01  0.3415313E+02  0.4736403E+02 -0.4634899E-04  0.3051245E-04 -0.6492304E-06
Ar  351  0.2640184E+01  0.3159681E+02  0.4987485E+02 -0.4778763E-04 -0.2387491E-04  0.2296515E-04
Ar  352  0.6846791E+02  0.3413018E+02  0.4988954E+02 -0.8806892E-04 -0.7614384E-04 -0.8783865E-04
Ar  353  0.6832571E+02  0.3165883E+02  0.5262453E+02  0.1383600E-04 -0.2419646E-04 -0.2162899E-04
Ar  354  0.2757911E+01  0.3413155E+02  0.5263855E+02  0.1101914E-04 -0.2595556E-04  0.4919878E-04
Ar  355  0.2787098E+01  0.3152588E+02  0.5524417E+02  0.6054211E-04  0.1202942E-05  0.8910269E-05
Ar  356  0.6846196E+02  0.3410393E+02  0.5533507E+02 -0.1195368E-03 -0.4792287E-04 -0.4063405E-04
Ar  357  0.6834481E+02  0.3152070E+02  0.5780752E+02 -0.6522624E-04 -0.5293225E-05 -0.3624745E-04
Ar  358  0.2633962E+01  0.3410811E+02  0.5786524E+02 -0.1054703E-03  0.9233239E-05 -0.6356174E-04
Ar  359  0.2636517E+01  0.3159123E+02  0.6045987E+02  0.7760851E-05 -0.2936012E-04  0.2462989E-04
Ar  360  0.6845406E+02  0.3420855E+02  0.6059953E+02  0.3019071E-04  0.4129250E-04 -0.4742333E-04
Ar  361  0.1103962E+00  0.3161930E+02  0.6302732E+02  0.4306397E-04 -0.3305098E-04 -0.6442273E-04
Ar  362  0.2671113E+01  0.3420576E+02  0.6322501E+02 -0.4615050E-04  0.3227601E-04 -0.1510434E-04
Ar  363  0.2578656E+01  0.3156730E+02  0.6582001E+02 -0.1535034E-04 -0.1091293E-03 -0.1194281E-03
Ar  364  0.3918708E-01  0.3418339E+02  0.6575043E+02  0.4534980E-04 -0.2700310E-05 -0.1462077E-03
Ar  365  0.6838941E+02  0.3682513E+02  0.6848908E+02 -0.2051755E-04 -0.5133276E-04  0.3847237E-04
Ar  366  0.2678774E+01  0.3945304E+02  0.6847972E+02  0.5929063E-04 -0.3471866E-04 -0.4346197E-04
Ar  367  0.2591404E+01  0.3693120E+02  0.2599743E+01  0.2735144E-04  0.3651470E-05  0.1830334E-04
Ar  368  0.6836925E+02  0.3947988E+02  0.2667541E+01  0.1522822E-04  0.4534022E-05 -0.2365869E-05
Ar  369  0.6835067E+02  0.3678843E+02  0.5261995E+01  0.1298251E-05 -0.5003569E-04 -0.1160296E-05
Ar  370  0.2625047E+01  0.3956248E+02  0.5367403E+01  0.1208398E-04 -0.4351517E-04 -0.1761802E-04
Ar  371  0.2584699E+01  0.3684453E+02  0.7988993E+01  0.6139614E-04 -0.9699767E-04  0.3344624E-04
Ar  372  0.6832549E+02  0.3950920E+02  0.7824913E+01 -0.2428473E-04 -0.1728930E-04 -0.4349572E-04
Ar  373  0.6858227E+02  0.3677595E+02  0.1058739E+02  0.2344089E-04 -0.7768359E-04 -0.8330354E-04
Ar  374  0.2509320E+01  0.3944210E+02  0.1051410E+02 -0.1042761E-03 -0.1040997E-04  0.2190278E-04
Ar  375  0.2621721E+01  0.3685464E+02  0.1306893E+02 -0.3717555E-04  0.4544108E-06 -0.4216498E-04
Ar  376  0.1350589E+00  0.3951966E+02  0.1315938E+02  0.5291520E-04 -0.2808297E-05  0.3682026E-05
Ar  377  0.6835680E+02  0.3685940E+02  0.1579690E+02 -0.5532145E-04 -0.2745243E-05 -0.2494889E-04
Ar  378  0.2695749E+01  0.3957727E+02  0.1575805E+02 -0.3514134E-04  0.3593349E-04  0.6865376E-05
Ar  379  0.2703413E+01  0.3687069E+02  0.1846299E+02 -0.8778290E-05 -0.5473805E-04  0.3767963E-05
Ar  380  0.6839023E+02  0.3946599E+02  0.1837990E+02 -0.1317557E-03 -0.6586368E-04 -0.9717193E-04
Ar  381  0.6528495E-01  0.3666872E+02  0.2112917E+02  0.2778998E-04 -0.6914024E-04 -0.5683404E-04
Ar  382  0.2611221E+01  0.3948396E+02  0.2109808E+02 -0.1850266E-04  0.3070064E-04 -0.7165011E-04
Ar  383  0.2574980E+01  0.3684316E+02  0.2359544E+02 -0.4474406E-04  0.2336260E-04 -0.9374218E-04
Ar  384  0.6848091E+02  0.3949100E+02  0.2366636E+02 -0.3523236E-04 -0.1365052E-03  0.1607489E-03
Ar  385  0.6848327E+02  0.3675298E+02  0.2623379E+02 -0.4021456E-04 -0.3959677E-04  0.1658210E-04
Ar  386  0.2681938E+01  0.3939883E+02  0.2625145E+02 -0.1357652E-03 -0.8617733E-04 -0.6005069E-05
Ar  387  0.2561066E+01  0.3693485E+02  0.2890683E+02  0.4134905E-04 -0.4532167E-04  0.9862820E-05
Ar  388  0.6843926E+02  0.3941837E+02  0.2894862E+02 -0.1328621E-04 -0.6743972E-04  0.3079875E-04
Ar  389  0.4679691E-01  0.3683656E+02  0.3158537E+02  0.3911649E-04  0.2254770E-04 -0.1115787E-04
Ar  390  0.2602577E+01  0.3949540E+02  0.3164775E+02 -0.2234642E-04 -0.3198764E-04 -0.2473362E-04
Ar  391  0.2557631E+01  0.3677130E+02  0.3420150E+02 -0.5356036E-04 -0.6445214E-05 -0.2574421E-04
Ar  392  0.3082783E-01  0.3944588E+02  0.3415724E+02 -0.1125127E-04  0.3655154E-04  0.7291008E-04
Ar  393  0.6843565E+02  0.3675335E+02  0.3684441E+02 -0.2994923E-04  0.3055871E-04 -0.5307208E-04
Ar  394  0.2647898E+01  0.3942267E+02  0.3692008E+02  0.6823289E-04 -0.2455935E-04 -0.1511955E-04
Ar  395  0.2659908E+01  0.3682162E+02  0.3941027E+02 -0.8674417E-04 -0.1812341E-04  0.2838999E-04
Ar  396  0.6844619E+02  0.3951303E+02  0.3940617E+02  0.1574696E-06 -0.6966110E-04  0.1091508E-04
Ar  397  0.7121155E-01  0.3687175E+02  0.4216703E+02  0.6560124E-04 -0.6876850E-04 -0.5147115E-04
Ar  398  0.2726026E+01  0.3955190E+02  0.4215466E+02  0.7584948E-04 -0.1343572E-03 -0.4105020E-04
Ar  399  0.2620573E+01  0.3675871E+02  0.4468602E+02 -0.5953287E-04 -0.3879196E-04 -0.7650877E-04
Ar  400  0.6839540E+02  0.3939371E+02  0.4471503E+02 -0.2293908E-04  0.4555398E-04  0.6485143E-04
Ar  401  0.4751702E-01  0.3687693E+02  0.4739213E+02 -0.2621671E-04  0.1232977E-04  0.9123491E-05
Ar  402  0.2645580E+01  0.3961078E+02  0.4731643E+02 -0.3866043E-04  0.2725361E-04 -0.1228351E-03
Ar  403  0.2619122E+01  0.3673558E+02  0.4998486E+02  0.2951227E-04 -0.8314640E-04 -0.7455157E-05
Ar  404  0.5432637E-01  0.3951941E+02  0.4986539E+02  0.3577676E-04  0.1475912E-04 -0.7098696E-04
Ar  405  0.6846394E+02  0.3678568E+02  0.5268079E+02 -0.3247402E-04 -0.3982212E-04 -0.7334332E-04
Ar  406  0.2639494E+01  0.3954586E+02  0.5262609E+02 -0.3502868E-04 -0.1595963E-04 -0.1406506E-03
Ar  407  0.2722960E+01  0.3688414E+02  0.5531420E+02  0.1022142E-04 -0.8237496E-06 -0.9219040E-04
Ar  408  0.9144757E-02  0.3956054E+02  0.5517626E+02  0.3930097E-04 -0.2279410E-05 -0.5442176E-06
Ar  409  0.1264802E+00  0.3686924E+02  0.5788081E+02  0.9864876E-06 -0.3086371E-04 -0.4878660E-04
Ar  410  0.2678580E+01  0.3945351E+02  0.5780811E+02 -0.7703861E-04  0.3462002E-04 -0.4306511E-04
Ar  411  0.2714650E+01  0.3689733E+02  0.6044501E+02  0.1334687E-04 -0.1241008E-04  0.6009272E-05
Ar  412  0.4382690E-01  0.3945021E+02  0.6054971E+02  0.2151787E-04 -0.2014413E-04 -0.4144507E-04
Ar  413  0.9198078E-01  0.3689645E+02  0.6316661E+02 -0.1330150E-04 -0.2517314E-04 -0.6860396E-06
Ar  414  0.2557503E+01  0.3955439E+02  0.6305843E+02  0.3128526E-04  0.4397190E-05 -0.5136749E-05
Ar  415  0.2614448E+01  0.3683365E+02  0.6569083E+02  0.1128938E-04 -0.5097904E-04 -0.1055145E-04
Ar  416  0.7327678E-01  0.3962181E+02  0.6573859E+02 -0.2146837E-04 -0.5411044E-04 -0.7304794E-04
Ar  417  0.6836901E+02  0.4198871E+02  0.4611335E-01  0.8296039E-05 -0.3960167E-05 -0.7231666E-05
Ar  418  0.2568606E+01  0.4476161E+02  0.6839732E+02 -0.4376749E-04  0.2299258E-04  0.1769709E-04
Ar  419  0.2640517E+01  0.4216838E+02  0.2571173E+01 -0.3276832E-04  0.5566673E-04 -0.9235049E-05
Ar  420  0.6843544E+02  0.4464237E+02  0.2613019E+01  0.6035994E-04 -0.2027442E-05  0.3710723E-04
Ar  421  0.4615897E-01  0.4213349E+02  0.5199818E+01 -0.3785735E-04 -0.6793321E-04  0.2862439E-04
Ar  422  0.2538915E+01  0.4474916E+02  0.5263991E+01 -0.3345520E-04 -0.3349960E-05 -0.7261067E-04
Ar  423  0.2728229E+01  0.4217448E+02  0.7915114E+01 -0.5888491E-04 -0.9098440E-04 -0.3272899E-04
Ar  424  0.6850685E+02  0.4467120E+02  0.7983769E+01 -0.3093590E-04 -0.6957508E-04  0.8383375E-04
Ar  425  0.1187166E+00  0.4209975E+02  0.1058024E+02  0.1739851E-04 -0.1752615E-04  0.1817391E-04
Ar  426  0.2617567E+01  0.4479067E+02  0.1042797E+02 -0.1732163E-04 -0.5231630E-04 -0.6517890E-05
Ar  427  0.2711395E+01  0.4216048E+02  0.1318480E+02 -0.2038221E-04 -0.4016653E-04 -0.3209154E-04
Ar  428  0.1144014E+00  0.4485088E+02  0.1317982E+02 -0.3021233E-05 -0.1073228E-03 -0.1015501E-04
Ar  429  0.5868208E-01  0.4220846E+02  0.1581776E+02  0.5101742E-04  0.3930463E-04  0.5105146E-04
Ar  430  0.2662636E+01  0.4470707E+02  0.1585151E+02  0.7381599E-05  0.9835268E-05  0.3847318E-04
Ar  431  0.2677008E+01  0.4200983E+02  0.1845293E+02  0.2742960E-04 -0.3189605E-04 -0.4958302E-04
Ar  432  0.6835032E+02  0.4475250E+02  0.1839798E+02  0.8834808E-04  0.3297359E-04  0.2619853E-04
Ar  433  0.6860054E+02  0.4211899E+02  0.2101884E+02 -0.3917272E-04  0.2150334E-05  0.4295363E-04
Ar  434  0.2601518E+01  0.4475379E+02  0.2106385E+02 -0.5176885E-04  0.2296005E-04 -0.2549165E-04
Ar  435  0.2673175E+01  0.4212579E+02  0.2363360E+02  0.9233814E-04 -0.5478767E-04  0.4069254E-05
Ar  436  0.6862828E+02  0.4471462E+02  0.2370720E+02 -0.9347745E-05 -0.1044015E-03 -0.2260763E-04
Ar  437  0.7686582E-01  0.4210707E+02  0.2624416E+02  0.3416474E-05 -0.1092927E-04  0.4819043E-05
Ar  438  0.2550756E+01  0.4484030E+02  0.2625207E+02 -0.9592304E-04 -0.3595190E-04 -0.5370313E-05
Ar  439  0.2648580E+01  0.4220864E+02  0.2911006E+02 -0.1491659E-04  0.2736863E-04  0.8824977E-04
Ar  440  0.6833824E+02  0.4472603E+02  0.2909163E+02 -0.5939502E-04 -0.6408451E-05 -0.1219196E-04
Ar  441  0.6840027E+02  0.4207676E+02  0.3170936E+02 -0.5515524E-05 -0.7648616E-04  0.4749701E-05
Ar  442  0.2623151E+01  0.4460350E+02  0.3166538E+02  0.3121276E-04 -0.3309002E-05  0.3222426E-04
Ar  443  0.2711568E+01  0.4204455E+02  0.3415553E+02  0.2949863E-04 -0.6374935E-04 -0.1927267E-04
Ar  444  0.6844191E+02  0.4484607E+02  0.3414699E+02 -0.2118390E-04 -0.1070543E-03 -0.5483527E-04
Ar  445  0.6846026E+02  0.4216405E+02  0.3675034E+02 -0.3732511E-04 -0.1470947E-04 -0.9014486E-04
Ar  446  0.2557446E+01  0.4470051E+02  0.3675770E+02  0.1107320E-04 -0.1405440E-03  0.1789886E-04
Ar  447  0.2598134E+01  0.4214366E+02  0.3942636E+02 -0.3262022E-04 -0.9371888E-04  0.5672905E-05
Ar  448  0.6846220E+02  0.4476683E+02  0.3944603E+02 -0.7215513E-05  0.2463706E-04 -0.1077093E-03
Ar  449  0.6839450E+02  0.4204548E+02  0.4202293E+02  0.2260930E-04 -0.2728852E-04  0.4877433E-05
Ar  450  0.2669984E+01  0.4462772E+02  0.4220288E+02  0.7320514E-04 -0.4092223E-04 -0.6621959E-04
Ar  451  0.2692020E+01  0.4211977E+02  0.4477119E+02 -0.3052484E-04 -0.3312451E-04 -0.1604555E-04
Ar  452  0.6852519E+02  0.4465387E+02  0.4465419E+02  0.6039964E-04 -0.6208637E-04  0.3878001E-04
Ar  453  0.6838619E+02  0.4209017E+02  0.4726231E+02 -0.1288752E-03  0.5433155E-04  0.6351697E-05
Ar  454  0.2638336E+01  0.4473394E+02  0.4737277E+02 -0.5955199E-04 -0.7754126E-04  0.4551719E-04
Ar  455  0.2615297E+01  0.4208679E+02  0.5008220E+02  0.4154952E-04  0.1910783E-04 -0.1438010E-04
Ar  456  0.4269040E-01  0.4469718E+02  0.5004914E+02 -0.2031201E-04 -0.3062020E-04 -0.5931841E-04
Ar  457  0.6843658E+02  0.4215101E+02  0.5254455E+02  0.4526403E-04 -0.4229858E-05 -0.8827560E-04
Ar  458  0.2580690E+01  0.4487945E+02  0.5269225E+02 -0.6939077E-04  0.2301102E-04 -0.5115870E-05
Ar  459  0.2755920E+01  0.4214597E+02  0.5525543E+02 -0.5204206E-04 -0.7840848E-04 -0.3715236E-04
Ar  460  0.6847798E+02  0.4472286E+02  0.5531919E+02  0.2866224E-04 -0.1037018E-06 -0.2006616E-04
Ar  461  0.6090837E-01  0.4207370E+02  0.5778854E+02  0.2949383E-04 -0.5711152E-04 -0.1177675E-03
Ar  462  0.2593532E+01  0.4474224E+02  0.5792849E+02  0.3009780E-04 -0.5935831E-04 -0.2041493E-04
Ar  463  0.2556217E+01  0.4210535E+02  0.6058303E+02 -0.7554822E-04 -0.3144492E-04 -0.4366182E-04
Ar  464  0.6848295E+02  0.4479773E+02  0.6051955E+02 -0.7046668E-04 -0.3163861E-04 -0.2866240E-04
Ar  465  0.6830965E+02  0.4216362E+02  0.6315769E+02 -0.5589705E-05 -0.1038207E-03 -0.2895254E-05
Ar  466  0.2594972E+01  0.4477233E+02  0.6319362E+02  0.9501627E-05  0.1076433E-03  0.4005040E-04
Ar  467  0.2597092E+01  0.4201631E+02  0.6578712E+02  0.8754891E-04 -0.1330746E-04 -0.5898562E-04
Ar  468  0.6832997E+02  0.4481764E+02  0.6572959E+02 -0.5472452E-04 -0.5683987E-04 -0.1195811E-03
Ar  469  0.6839236E+02  0.4729137E+02  0.6846682E+02  0.5633612E-04 -0.9851867E-05 -0.6493701E-04
Ar  470  0.2579837E+01  0.5004935E+02  0.6837612E+02 -0.3068193E-04 -0.1255911E-04  0.3281823E-05
Ar  471  0.2603655E+01  0.4737766E+02  0.2558130E+01  0.5587167E-04 -0.1106965E-04 -0.8254631E-05
Ar  472  0.6835313E+02  0.4984841E+02  0.2704764E+01 -0.3870580E-04 -0.2637080E-04  0.2495750E-04
Ar  473  0.6861658E+02  0.4741758E+02  0.5237599E+01 -0.1219245E-04 -0.1187234E-04  0.4680695E-04
Ar  474  0.2699929E+01  0.4997265E+02  0.5304898E+01  0.2310855E-05  0.3671863E-04 -0.1106111E-04
Ar  475  0.2638026E+01  0.4736978E+02  0.7889442E+01 -0.8861190E-04 -0.7346252E-04 -0.1344940E-03
Ar  476  0.5616877E-01  0.5006423E+02  0.7929921E+01  0.3673412E-05  0.1611545E-04 -0.9631826E-04
Ar  477  0.6559761E-01  0.4731964E+02  0.1053321E+02 -0.1064521E-04 -0.6191736E-04  0.3994603E-04
Ar  478  0.2547036E+01  0.5005678E+02  0.1053869E+02  0.1434014E-04 -0.2503031E-04 -0.3054384E-04
Ar  479  0.2609117E+01  0.4731483E+02  0.1323407E+02  0.7127504E-04 -0.5241115E-04  0.4173803E-04
Ar  480  0.6841679E+02  0.5003183E+02  0.1313713E+02  0.2079398E-04 -0.7145180E-05 -0.7338985E-05
Ar  481  0.6830657E+02  0.4735292E+02  0.1581937E+02  0.4857037E-04 -0.3996289E-04 -0.2146022E-04
Ar  482  0.2589455E+01  0.5001564E+02  0.1583776E+02 -0.2194993E-04  0.2235755E-04  0.1088825E-03
Ar  483  0.2717006E+01  0.4742539E+02  0.1833079E+02 -0.5321422E-04  0.8557712E-05 -0.8201555E-04
Ar  484  0.6845604E+02  0.4998624E+02  0.1827376E+02 -0.4419062E-05 -0.4447549E-04 -0.8004478E-04
Ar  485  0.3648539E-01  0.4734014E+02  0.2103786E+02  0.4082339E-04 -0.7572167E-04  0.4153661E-04
Ar  486  0.2672012E+01  0.5001315E+02  0.2096548E+02 -0.2196214E-04 -0.1914473E-04 -0.2119201E-04
Ar  487  0.2593846E+01  0.4739704E+02  0.2370210E+02  0.3713931E-04 -0.1268016E-04 -0.1553335E-04
Ar  488  0.6834143E+02  0.4995931E+02  0.2367332E+02  0.8233362E-05 -0.3288493E-04 -0.1933249E-04
Ar  489  0.6830482E+02  0.4737859E+02  0.2641328E+02 -0.4894069E-04  0.1452154E-04  0.2933514E-04
Ar  490  0.2676743E+01  0.5006169E+02  0.2628184E+02 -0.8769564E-04  0.8726186E-05  0.1720132E-04
Ar  491  0.2550581E+01  0.4731764E+02  0.2902824E+02 -0.3494044E-04 -0.3797905E-05  0.1351859E-05
Ar  492  0.6847601E+02  0.5013603E+02  0.2887844E+02 -0.4855789E-05 -0.2552215E-05 -0.2128592E-05
Ar  493  0.6834194E+02  0.4731947E+02  0.3153254E+02 -0.5995100E-04 -0.5145278E-04 -0.4821727E-04
Ar  494  0.2647284E+01  0.5008091E+02  0.3155299E+02  0.1031904E-04 -0.6907277E-04 -0.7971621E-04
Ar  495  0.2638718E+01  0.4740188E+02  0.3416118E+02 -0.4283295E-04 -0.5260230E-04 -0.1219985E-04
Ar  496  0.6843125E+02  0.4996273E+02  0.3431405E+02 -0.1225732E-03 -0.1307948E-04 -0.4016730E-04
Ar  497  0.6334349E-01  0.4746527E+02  0.3688754E+02  0.6834399E-05 -0.1148143E-04  0.8456906E-06
Ar  498  0.2645139E+01  0.5004530E+02  0.3682160E+02 -0.9136251E-04  0.5248991E-04  0.6030209E-05
Ar  499  0.2721717E+01  0.4745299E+02  0.3945907E+02  0.3324144E-04 -0.1433422E-04 -0.4325954E-04
Ar  500  0.6834643E+02  0.5006272E+02  0.3954573E+02 -0.5262869E-04 -0.7184979E-04  0.8179550E-04
Ar  501  0.6831014E+02  0.4746662E+02  0.4204449E+02 -0.7455358E-04  0.2980116E-04  0.1184087E-03
Ar  502  0.2611458E+01  0.5003094E+02  0.4207178E+02 -0.3618852E-04 -0.1268908E-03  0.4981135E-04
Ar  503  0.2661800E+01  0.4729710E+02  0.4472307E+02 -0.7890604E-05 -0.2924114E-04  0.1664954E-04
Ar  504  0.9117554E-01  0.5009651E+02  0.4458000E+02  0.1053650E-03 -0.4610136E-04  0.4595280E-04
Ar  505  0.6833739E+02  0.4738429E+02  0.4739872E+02  0.1687425E-04  0.2029212E-04 -0.4045763E-04
Ar  506  0.2747459E+01  0.4990853E+02  0.4733993E+02 -0.3445315E-04  0.6294560E-05 -0.2505998E-04
Ar  507  0.2555574E+01  0.4733394E+02  0.5002680E+02 -0.8817802E-04 -0.3668691E-04  0.7140452E-04
Ar  508  0.1883310E-01  0.5003697E+02  0.5004691E+02  0.3550261E-04 -0.5891193E-04 -0.1457931E-04
Ar  509  0.6855629E+02  0.4735416E+02  0.5251225E+02  0.2572492E-04 -0.1297610E-03 -0.1915538E-04
Ar  510  0.2403140E+01  0.4995304E+02  0.5264693E+02 -0.2701377E-04  0.1296835E-04 -0.1596119E-04
Ar  511  0.2591145E+01  0.4751316E+02  0.5539842E+02 -0.5561039E-04 -0.8094394E-04 -0.6034838E-05
Ar  512  0.2904825E-01  0.5005923E+02  0.5515027E+02 -0.1126531E-04 -0.1503200E-04 -0.8659602E-04
Ar  513  0.6847233E+02  0.4730016E+02  0.5791240E+02 -0.1282645E-03 -0.9178341E-05 -0.7109344E-04
Ar  514  0.2545328E+01  0.5007103E+02  0.5796930E+02  0.1031843E-03 -0.2503197E-04  0.2516357E-04
Ar  515  0.2620602E+01  0.4736796E+02  0.6057145E+02 -0.2458713E-04  0.3477484E-04 -0.9579492E-04
Ar  516  0.6847522E+02  0.4996434E+02  0.6051298E+02  0.1921578E-05 -0.5370117E-04 -0.2776105E-04
Ar  517  0.6837268E+02  0.4744842E+02  0.6308421E+02  0.6994348E-05  0.6775547E-05 -0.5569555E-04
Ar  518  0.2589908E+01  0.4996268E+02  0.6312447E+02  0.3594287E-04 -0.4955971E-04 -0.2112473E-04
Ar  519  0.2558368E+01  0.4722668E+02  0.6588443E+02  0.1333676E-04  0.4792767E-05  0.1703157E-04
Ar  520  0.6847758E+02  0.5005360E+02  0.6586563E+02 -0.3550748E-04  0.6494901E-06  0.6052304E-05
Ar  521  0.6270771E-01  0.5263864E+02  0.6819790E+02  0.9102661E-05 -0.1721716E-04 -0.1091832E-03
Ar  522  0.2720857E+01  0.5520043E+02  0.6828301E+02 -0.6509534E-04  0.1522394E-04 -0.9431053E-04
Ar  523  0.2570155E+01  0.5274362E+02  0.2485105E+01 -0.3081788E-04 -0.2121599E-04  0.4309820E-05
Ar  524  0.6842672E+02  0.5526698E+02  0.2639114E+01  0.2661003E-05 -0.1308623E-03  0.5681106E-04
Ar  525  0.6852749E+02  0.5253037E+02  0.5316298E+01 -0.3738914E-04 -0.8118920E-04  0.7212456E-05
Ar  526  0.2612625E+01  0.5529386E+02  0.5219230E+01 -0.9438046E-05 -0.1064098E-04 -0.2557156E-04
Ar  527  0.2638805E+01  0.5251263E+02  0.7772699E+01 -0.3245755E-04  0.1756348E-04 -0.3961973E-04
Ar  528  0.6849414E+02  0.5527321E+02  0.7997544E+01 -0.4462747E-04 -0.7711787E-04  0.4042905E-04
Ar  529  0.6849961E+02  0.5266919E+02  0.1059714E+02 -0.8489422E-04 -0.3176105E-04 -0.8802854E-05
Ar  530  0.2658099E+01  0.5517856E+02  0.1063704E+02 -0.9393476E-04 -0.6415578E-04  0.3331540E-04
Ar  531  0.2559740E+01  0.5262636E+02  0.1328032E+02 -0.1079161E-05 -0.6783013E-04  0.1978159E-05
Ar  532  0.6843921E+02  0.5523948E+02  0.1315436E+02 -0.1959600E-04 -0.8193034E-05 -0.2422132E-04
Ar  533  0.6835756E+02  0.5267063E+02  0.1575959E+02  0.3160597E-04 -0.4029298E-04  0.7004707E-04
Ar  534  0.2643608E+01  0.5518822E+02  0.1575097E+02 -0.4266969E-04 -0.7888663E-04 -0.2574506E-04
Ar  535  0.2693331E+01  0.5260742E+02  0.1841882E+02 -0.5005256E-04  0.2255783E-04 -0.7943431E-05
Ar  536  0.6848726E+02  0.5519514E+02  0.1851477E+02 -0.1338287E-04 -0.5697622E-04 -0.3082022E-04
Ar  537  0.6825294E+02  0.5264975E+02  0.2097631E+02 -0.2784945E-04  0.3196056E-04  0.3360825E-04
Ar  538  0.2662506E+01  0.5523363E+02  0.2114080E+02 -0.8360342E-04 -0.1143758E-04  0.3057619E-04
Ar  539  0.2567522E+01  0.5257252E+02  0.2364493E+02  0.5111762E-04 -0.2824786E-04  0.8085510E-04
Ar  540  0.6898852E-01  0.5535477E+02  0.2372611E+02  0.2932159E-04 -0.5736679E-04 -0.1896654E-04
Ar  541  0.6830666E+02  0.5267705E+02  0.2625072E+02 -0.1129043E-03  0.5353596E-04  0.5558792E-04
Ar  542  0.2675194E+01  0.5516478E+02  0.2627464E+02  0.3614720E-04 -0.9040901E-05  0.5952537E-04
Ar  543  0.2549418E+01  0.5254183E+02  0.2901704E+02 -0.3406854E-04  0.3299211E-04 -0.1039188E-03
Ar  544  0.6843279E+02  0.5520036E+02  0.2888898E+02 -0.4540096E-04 -0.8702202E-04 -0.7706874E-04
Ar  545  0.6832429E+02  0.5265093E+02  0.3155214E+02 -0.4944839E-04 -0.2029613E-04  0.6034442E-04
Ar  546  0.2648573E+01  0.5535410E+02  0.3161251E+02  0.1782674E-04 -0.5398383E-04 -0.1891358E-04
Ar  547  0.2635980E+01  0.5262154E+02  0.3414726E+02 -0.9159063E-05  0.3144767E-04 -0.2531557E-04
Ar  548  0.6971912E-01  0.5513967E+02  0.3422045E+02 -0.3809853E-04  0.1327257E-03  0.2330698E-04
Ar  549  0.6840044E+02  0.5268232E+02  0.3682585E+02 -0.5485803E-04 -0.8041093E-04  0.5218946E-04
Ar  550  0.2646431E+01  0.5525597E+02  0.3688445E+02 -0.3867057E-04  0.3901002E-04  0.4133957E-04
Ar  551  0.2586499E+01  0.5255645E+02  0.3951730E+02  0.7016148E-04 -0.2261869E-04 -0.1655171E-04
Ar  552  0.6851594E+02  0.5525442E+02  0.3951001E+02 -0.2742436E-04 -0.7456022E-04 -0.3286931E-04
Ar  553  0.6846578E+02  0.5264132E+02  0.4214305E+02 -0.5801017E-04 -0.4996922E-04  0.2185882E-04
Ar  554  0.2632576E+01  0.5521570E+02  0.4196721E+02  0.3530296E-04 -0.5149512E-04  0.7429348E-04
Ar  555  0.2687700E+01  0.5269060E+02  0.4482104E+02 -0.6979302E-04 -0.4926322E-04  0.5571191E-04
Ar  556  0.1312360E+00  0.5523805E+02  0.4485533E+02 -0.1649034E-04 -0.2309337E-04 -0.8072092E-04
Ar  557  0.1159670E+00  0.5267600E+02  0.4739567E+02 -0.1906611E-04 -0.2785684E-04 -0.4689628E-04
Ar  558  0.2642991E+01  0.5523427E+02  0.4733303E+02 -0.5489463E-04  0.1593908E-04 -0.3898653E-04
Ar  559  0.2688079E+01  0.5260369E+02  0.4998804E+02 -0.6030816E-05  0.9003069E-05  0.4380233E-05
Ar  560  0.5604084E-01  0.5521202E+02  0.5002083E+02  0.1880283E-04  0.1455892E-04 -0.1878180E-04
Ar  561  0.6839394E+02  0.5259063E+02  0.5262779E+02 -0.2112031E-04 -0.5695106E-04 -0.4032092E-04
Ar  562  0.2549190E+01  0.5525137E+02  0.5264519E+02  0.3750013E-04  0.1692268E-04  0.2814478E-04
Ar  563  0.2577866E+01  0.5268337E+02  0.5514578E+02 -0.4754697E-04  0.2194228E-05  0.6062074E-04
Ar  564  0.6849625E+02  0.5527369E+02  0.5517984E+02 -0.5525991E-04 -0.1330478E-03 -0.8216773E-04
Ar  565  0.6847084E+02  0.5259492E+02  0.5796830E+02 -0.4837609E-04  0.5986057E-05  0.3386446E-05
Ar  566  0.2782814E+01  0.5532210E+02  0.5790282E+02  0.4756172E-05  0.1362498E-04 -0.5163898E-04
Ar  567  0.2577275E+01  0.5259596E+02  0.6056077E+02  0.1834446E-04 -0.4211484E-04  0.1891009E-04
Ar  568  0.6829289E+02  0.5523700E+02  0.6048711E+02  0.2594226E-04 -0.2027040E-04  0.1511917E-04
Ar  569  0.6840182E+02  0.5267501E+02  0.6316393E+02 -0.6300188E-04  0.6614678E-04 -0.7115859E-05
Ar  570  0.2605479E+01  0.5534531E+02  0.6312231E+02 -0.5583412E-04 -0.1113238E-04 -0.1782062E-04
Ar  571  0.2623801E+01  0.5278405E+02  0.6571761E+02  0.5540001E-04 -0.1143140E-03 -0.3554812E-04
Ar  572  0.6850632E+02  0.5528811E+02  0.6574035E+02 -0.5012392E-04  0.1253960E-04  0.2038181E-04
Ar  573  0.7643885E-01  0.5785142E+02  0.6840813E+02 -0.1111078E-03 -0.5684017E-04  0.7090047E-04
Ar  574  0.2694472E+01  0.6058687E+02  0.1061524E+00  0.1841827E-06 -0.8996646E-04  0.2256739E-04
Ar  575  0.2713701E+01  0.5784133E+02  0.2658419E+01 -0.1575597E-04 -0.5998435E-04  0.1207675E-04
Ar  576  0.2629394E-01  0.6040005E+02  0.2609057E+01 -0.4464542E-04 -0.9281227E-05 -0.6769926E-04
Ar  577  0.1875345E-01  0.5793544E+02  0.5197096E+01 -0.1012646E-03  0.3343608E-04 -0.4416445E-04
Ar  578  0.2558433E+01  0.6057104E+02  0.5205167E+01 -0.3195492E-04 -0.4379838E-04  0.3447849E-04
Ar  579  0.2575224E+01  0.5792437E+02  0.7917585E+01  0.1489939E-04 -0.6080236E-04  0.1664233E-04
Ar  580  0.1055007E+00  0.6043746E+02  0.7865747E+01 -0.2149608E-04 -0.5932021E-04  0.3720137E-04
Ar  581  0.6837359E+02  0.5786534E+02  0.1047779E+02 -0.4180619E-04  0.4941680E-04  0.1490204E-05
Ar  582  0.2645786E+01  0.6055676E+02  0.1064968E+02  0.7380088E-04 -0.8302350E-04 -0.7918545E-04
Ar  583  0.2595985E+01  0.5797041E+02  0.1318927E+02 -0.3210414E-04 -0.3916567E-04  0.1180124E-04
Ar  584  0.6838653E+02  0.6048715E+02  0.1324844E+02  0.3813425E-04  0.3702470E-04  0.3957574E-04
Ar  585  0.3752378E-01  0.5783359E+02  0.1582487E+02 -0.2665429E-04 -0.2727154E-04 -0.9207364E-05
Ar  586  0.2637342E+01  0.6045974E+02  0.1584711E+02 -0.5393699E-04 -0.8914721E-04  0.2738742E-04
Ar  587  0.2614715E+01  0.5797478E+02  0.1851796E+02 -0.2226516E-04 -0.4973238E-04  0.5532127E-04
Ar  588  0.6833301E+02  0.6039265E+02  0.1832730E+02 -0.1534587E-04 -0.2339827E-04 -0.2136710E-04
Ar  589  0.6836278E+02  0.5771819E+02  0.2104155E+02 -0.6052903E-04  0.1741665E-04  0.4202523E-04
Ar  590  0.2649661E+01  0.6056455E+02  0.2108501E+02 -0.1493941E-04  0.7814004E-05 -0.1019082E-03
Ar  591  0.2642282E+01  0.5795365E+02  0.2371083E+02  0.3565521E-04 -0.3097313E-04  0.4116724E-04
Ar  592  0.6844230E+02  0.6053806E+02  0.2362217E+02 -0.4263438E-04 -0.4049614E-04 -0.6151064E-04
Ar  593  0.6844478E+02  0.5795910E+02  0.2634383E+02 -0.4378347E-04  0.3180518E-05 -0.4416628E-04
Ar  594  0.2695178E+01  0.6063993E+02  0.2631424E+02 -0.5083357E-04  0.2039718E-04 -0.1525486E-03
Ar  595  0.2704326E+01  0.5784557E+02  0.2886654E+02  0.1987132E-04 -0.6951373E-04 -0.1091973E-04
Ar  596  0.2407939E+00  0.6051263E+02  0.2905319E+02  0.2918283E-04  0.2580591E-04 -0.1042667E-03
Ar  597  0.6837228E+02  0.5797656E+02  0.3161555E+02 -0.6240551E-04  0.2765033E-04 -0.3754917E-04
Ar  598  0.2650309E+01  0.6049982E+02  0.3138346E+02 -0.1292635E-04 -0.3298694E-04 -0.9560147E-04
Ar  599  0.2699494E+01  0.5790367E+02  0.3424324E+02  0.4093760E-05 -0.1392734E-04 -0.1897189E-04
Ar  600  0.6836390E+02  0.6051301E+02  0.3426708E+02 -0.3217613E-05 -0.5077246E-05  0.4274923E-04
Ar  601  0.6835154E+02  0.5786466E+02  0.3687217E+02  0.9310556E-05  0.3934661E-04 -0.4375523E-04
Ar  602  0.2657721E+01  0.6045662E+02  0.3671417E+02 -0.5944280E-04  0.2129363E-04  0.5371466E-04
Ar  603  0.2626763E+01  0.5792758E+02  0.3954256E+02 -0.3549888E-04  0.2778922E-04  0.5377697E-04
Ar  604  0.6836766E+02  0.6046335E+02  0.3947144E+02 -0.6786790E-05 -0.1808982E-04 -0.5195282E-07
Ar  605  0.6843753E+02  0.5776910E+02  0.4211795E+02 -0.5511351E-04  0.1555004E-04  0.3399763E-04
Ar  606  0.2686176E+01  0.6055813E+02  0.4208977E+02  0.4454148E-05 -0.9016237E-04  0.8610621E-05
Ar  607  0.2524259E+01  0.5787879E+02  0.4481007E+02  0.3771952E-04  0.5371068E-05  0.3173333E-04
Ar  608  0.6844225E+02  0.6048439E+02  0.4477564E+02 -0.7085337E-04 -0.5072490E-04  0.3470597E-04
Ar  609  0.6859473E+02  0.5788626E+02  0.4738698E+02 -0.2223433E-05 -0.3201330E-04 -0.6409435E-04
Ar  610  0.2606192E+01  0.6057999E+02  0.4736222E+02 -0.7211743E-04  0.3266773E-04 -0.9835634E-05
Ar  611  0.2666723E+01  0.5795867E+02  0.4997878E+02 -0.5323639E-04 -0.1553487E-04  0.1267568E-04
Ar  612  0.6838532E+02  0.6049812E+02  0.5001026E+02 -0.1532091E-04 -0.2155617E-04 -0.6004020E-05
Ar  613  0.6828516E+02  0.5785627E+02  0.5267172E+02 -0.1009332E-03  0.9481456E-04 -0.3252008E-04
Ar  614  0.2416036E+01  0.6048655E+02  0.5271623E+02  0.5053134E-04  0.2247822E-04  0.1761094E-05
Ar  615  0.2523987E+01  0.5781662E+02  0.5516226E+02 -0.7028402E-05 -0.3524398E-05 -0.4540805E-04
Ar  616  0.6837032E+02  0.6040400E+02  0.5545290E+02 -0.3986832E-04 -0.2945318E-05 -0.3847051E-04
Ar  617  0.6847921E+02  0.5790616E+02  0.5789295E+02  0.2245935E-04 -0.7851325E-04 -0.1987974E-04
Ar  618  0.2638114E+01  0.6045735E+02  0.5786001E+02 -0.8150582E-04 -0.3586873E-04 -0.2626195E-04
Ar  619  0.2593716E+01  0.5788249E+02  0.6048572E+02  0.9906053E-05 -0.5737108E-04  0.1228204E-04
Ar  620  0.3272440E-01  0.6056085E+02  0.6039179E+02 -0.1939450E-04  0.3428158E-04 -0.3839210E-04
Ar  621  0.6856449E+02  0.5783947E+02  0.6314250E+02  0.3075943E-04 -0.6056638E-05  0.5158958E-04
Ar  622  0.2569082E+01  0.6049917E+02  0.6308519E+02  0.1909304E-05 -0.9396380E-04 -0.9147853E-04
Ar  623  0.2622849E+01  0.5789929E+02  0.6580733E+02  0.3822146E-05  0.1746765E-04 -0.1746080E-04
Ar  624  0.6845176E+02  0.6059008E+02  0.6589013E+02  0.8772115E-06 -0.8274173E-04  0.1252223E-04
Ar  625  0.6770921E-01  0.6322011E+02  0.6841610E+02 -0.6475797E-04 -0.9283317E-05 -0.1701608E-04
Ar  626  0.2567759E+01  0.6569021E+02  0.6834383E+02 -0.3430586E-04 -0.7154681E-04 -0.2996291E-05
Ar  627  0.2569472E+01  0.6318262E+02  0.2738409E+01  0.1576648E-04 -0.3805211E-04 -0.2791659E-04
Ar  628  0.6841678E+02  0.6576069E+02  0.2611637E+01  0.3527508E-04 -0.1466250E-04 -0.7059850E-04
Ar  629  0.6829463E+02  0.6315633E+02  0.5281482E+01 -0.1287072E-04 -0.5808011E-04 -0.1133475E-04
Ar  630  0.2647557E+01  0.6578873E+02  0.5261644E+01  0.2185766E-05 -0.1665619E-04  0.2526672E-04
Ar  631  0.2609695E+01  0.6323442E+02  0.8011864E+01  0.7629947E-04 -0.6003553E-04  0.2978483E-04
Ar  632  0.6847818E+02  0.6585048E+02  0.8040398E+01 -0.4145684E-04 -0.5168197E-04  0.4645938E-04
Ar  633  0.6840993E+02  0.6318156E+02  0.1054632E+02  0.1419289E-04  0.7374402E-05 -0.1415703E-04
Ar  634  0.2699460E+01  0.6576765E+02  0.1047127E+02  0.1311892E-04 -0.1508016E-04 -0.1214815E-04
Ar  635  0.2546891E+01  0.6311438E+02  0.1316848E+02 -0.7965300E-04 -0.5731723E-04 -0.1903012E-04
Ar  636  0.6822079E+02  0.6576372E+02  0.1305438E+02  0.2558768E-04 -0.6274730E-04 -0.7987683E-04
Ar  637  0.6319453E-01  0.6317066E+02  0.1573053E+02  0.9492163E-04 -0.2645368E-04 -0.3335947E-05
Ar  638  0.2551349E+01  0.6576805E+02  0.1570710E+02  0.1043276E-03 -0.5305328E-04  0.2330371E-04
Ar  639  0.2607256E+01  0.6304853E+02  0.1832861E+02 -0.3277387E-04 -0.7622761E-04  0.8730268E-05
Ar  640  0.6839745E+02  0.6583235E+02  0.1849222E+02 -0.3378759E-04 -0.2281279E-04  0.2156979E-04
Ar  641  0.6847606E+02  0.6317251E+02  0.2103901E+02  0.5620692E-04 -0.3043382E-04 -0.5604774E-04
Ar  642  0.2656696E+01  0.6578586E+02  0.2117442E+02  0.1984544E-04  0.1723748E-04 -0.2384191E-04
Ar  643  0.2580122E+01  0.6322884E+02  0.2357792E+02 -0.1115691E-04  0.2240708E-05  0.6076454E-04
Ar  644  0.1095918E+00  0.6581927E+02  0.2369188E+02 -0.4631468E-04  0.8647170E-05  0.2103488E-04
Ar  645  0.6848494E+02  0.6322646E+02  0.2632634E+02 -0.3518329E-05  0.7503505E-04 -0.3021313E-04
Ar  646  0.2679506E+01  0.6581305E+02  0.2631670E+02 -0.4200282E-04 -0.1682611E-05  0.1874047E-04
Ar  647  0.2531455E+01  0.6318128E+02  0.2885122E+02 -0.3593403E-04 -0.1235467E-03  0.9026027E-05
Ar  648  0.6841478E+02  0.6578766E+02  0.2894771E+02 -0.3478210E-04 -0.2942106E-04  0.7933290E-05
Ar  649  0.3991368E-01  0.6318522E+02  0.3165067E+02  0.1637762E-04 -0.6244600E-04  0.9859482E-05
Ar  650  0.2663618E+01  0.6573621E+02  0.3151589E+02  0.6929092E-04 -0.5608126E-04 -0.6518274E-04
Ar  651  0.2613591E+01  0.6306944E+02  0.3425892E+02  0.1418055E-05 -0.3882081E-04  0.8570780E-04
Ar  652  0.4409611E-01  0.6572318E+02  0.3416212E+02  0.2552870E-04 -0.3209688E-04 -0.4308306E-06
Ar  653  0.6840174E+02  0.6310774E+02  0.3684097E+02 -0.1083501E-03 -0.9291800E-05 -0.8188413E-04
Ar  654  0.2783061E+01  0.6576732E+02  0.3676975E+02  0.3681750E-04  0.9864705E-04 -0.4068463E-04
Ar  655  0.2587535E+01  0.6310480E+02  0.3943028E+02  0.1075462E-04 -0.4359758E-04 -0.3747946E-04
Ar  656  0.7638074E-01  0.6573872E+02  0.3945388E+02  0.3254992E-04 -0.8692861E-04 -0.2425400E-05
Ar  657  0.3460335E-01  0.6331182E+02  0.4198049E+02  0.1875394E-04 -0.8733518E-04  0.2943776E-04
Ar  658  0.2553014E+01  0.6582932E+02  0.4209463E+02 -0.5990526E-04 -0.3066748E-04  0.7937126E-04
Ar  659  0.2624931E+01  0.6317567E+02  0.4480383E+02  0.5191544E-04 -0.5292880E-04  0.1154615E-03
Ar  660  0.6847089E+02  0.6567036E+02  0.4460526E+02 -0.2766098E-04  0.6009552E-04 -0.1796697E-04
Ar  661  0.6823376E+02  0.6312919E+02  0.4729429E+02 -0.2277276E-04  0.7569032E-04  0.3547578E-04
Ar  662  0.2634433E+01  0.6572584E+02  0.4743479E+02 -0.1901750E-04  0.1284883E-04 -0.8617844E-04
Ar  663  0.2611223E+01  0.6307481E+02  0.4991364E+02 -0.4963130E-04 -0.8494817E-04 -0.3301134E-04
Ar  664  0.6851056E+02  0.6578736E+02  0.5000288E+02  0.2583555E-04  0.1528573E-03 -0.1600597E-04
Ar  665  0.6840196E+02  0.6308351E+02  0.5261302E+02 -0.8720683E-04  0.2177582E-04 -0.4689824E-05
Ar  666  0.2736325E+01  0.6569376E+02  0.5264948E+02  0.4480849E-04 -0.6063077E-04 -0.3784322E-04
Ar  667  0.2740612E+01  0.6312434E+02  0.5527101E+02 -0.2586957E-04  0.1998278E-05 -0.4122180E-04
Ar  668  0.6853767E+02  0.6583614E+02  0.5519294E+02  0.5057727E-04 -0.5456515E-04  0.3323114E-04
Ar  669  0.6830444E+02  0.6326675E+02  0.5785282E+02 -0.2949548E-04 -0.2121328E-04  0.6215827E-05
Ar  670  0.2516682E+01  0.6573860E+02  0.5788898E+02  0.3958163E-04  0.2196914E-04 -0.4278332E-05
Ar  671  0.2708604E+01  0.6314253E+02  0.6050164E+02 -0.4625065E-04 -0.3416715E-04 -0.7298467E-04
Ar  672  0.7039593E-01  0.6572098E+02  0.6037507E+02 -0.2211233E-04  0.3933341E-04 -0.1147030E-03
Ar  673  0.6839189E+02  0.6307775E+02  0.6310853E+02 -0.5585850E-04  0.2481438E-04  0.2449928E-04
Ar  674  0.2520376E+01  0.6582986E+02  0.6324839E+02  0.4826024E-04 -0.9717848E-04 -0.7380274E-04
Ar  675  0.2670966E+01  0.6311191E+02  0.6572601E+02 -0.1879585E-04 -0.1846242E-04 -0.5623271E-05
Ar  676  0.6839128E+02  0.6580399E+02  0.6576067E+02  0.1268243E-04  0.1273216E-04 -0.6709485E-04
Ar  677  0.5396479E+01  0.6841183E+02  0.6833284E+02 -0.2456120E-05 -0.9212645E-04 -0.2572717E-04
Ar  678  0.7842501E+01  0.2580258E+01  0.6832159E+02  0.1525296E-04 -0.6707852E-04  0.5804047E-04
Ar  679  0.7920527E+01  0.6842620E+02  0.2766624E+01 -0.4640508E-04  0.5114516E-06 -0.9090783E-04
Ar  680  0.5192279E+01  0.2587788E+01  0.2520749E+01 -0.8838061E-04 -0.6221621E-04  0.8868421E-04
Ar  681  0.5146489E+01  0.6842211E+02  0.5272098E+01  0.1682096E-04 -0.5378397E-04  0.4969517E-04
Ar  682  0.7949074E+01  0.2628357E+01  0.5362389E+01  0.1100831E-04 -0.7276112E-04  0.7747434E-05
Ar  683  0.7904342E+01  0.6839285E+02  0.7808783E+01 -0.8157941E-04 -0.4620926E-04 -0.4182648E-04
Ar  684  0.5250692E+01  0.2540241E+01  0.7787554E+01  0.6607814E-04 -0.2077938E-04  0.4696792E-04
Ar  685  0.5259329E+01  0.6843607E+02  0.1060804E+02 -0.7260847E-04 -0.2845361E-05 -0.2953410E-04
Ar  686  0.8038486E+01  0.2686302E+01  0.1050276E+02  0.7757948E-04 -0.3811813E-04 -0.8239935E-04
Ar  687  0.7948276E+01  0.6849092E+02  0.1322935E+02 -0.7858858E-04 -0.5685363E-04 -0.4127696E-05
Ar  688  0.5164403E+01  0.2646904E+01  0.1318385E+02  0.3664990E-04  0.4054532E-05 -0.3584725E-04
Ar  689  0.5319394E+01  0.3467896E-01  0.1573040E+02 -0.9496701E-04 -0.2174940E-04  0.2257914E-05
Ar  690  0.7822770E+01  0.2733405E+01  0.1583747E+02 -0.5773076E-04 -0.2651897E-04 -0.2950106E-04
Ar  691  0.7863909E+01  0.6847713E+02  0.1842767E+02 -0.2513634E-05 -0.1897437E-04  0.2529293E-04
Ar  692  0.5286694E+01  0.2609452E+01  0.1836667E+02 -0.4216853E-05  0.3622000E-05 -0.7998569E-05
Ar  693  0.5288578E+01  0.6845159E+02  0.2094305E+02 -0.5745038E-04 -0.9831300E-04 -0.1061619E-04
Ar  694  0.7962549E+01  0.2631713E+01  0.2095821E+02  0.2520667E-04 -0.3997006E-04 -0.7234599E-04
Ar  695  0.7848138E+01  0.6831397E+02  0.2366081E+02  0.1267067E-04 -0.4353697E-04 -0.3678696E-04
Ar  696  0.5392230E+01  0.2604064E+01  0.2382562E+02  0.1992124E-05 -0.6266811E-04 -0.5134900E-04
Ar  697  0.5221672E+01  0.6839403E+02  0.2635305E+02 -0.2265061E-04 -0.1599642E-04 -0.3704608E-04
Ar  698  0.7923397E+01  0.2576502E+01  0.2616873E+02 -0.7075483E-04  0.1582026E-05  0.1347008E-04
Ar  699  0.7938537E+01  0.6848112E+02  0.2885714E+02  0.2653640E-04 -0.1857037E-05  0.9000707E-04
Ar  700  0.5271975E+01  0.2608220E+01  0.2906253E+02 -0.9131817E-05  0.8262371E-05 -0.7343763E-05
Ar  701  0.5226977E+01  0.6836853E+02  0.3156458E+02  0.6694732E-04 -0.1603690E-04 -0.3503394E-04
Ar  702  0.7888583E+01  0.2692496E+01  0.3165136E+02  0.2242982E-04  0.5778797E-04  0.1509500E-05
Ar  703  0.7798875E+01  0.6849534E+02  0.3423511E+02  0.4835029E-05 -0.4712744E-04  0.5013011E-04
Ar  704  0.5246746E+01  0.2758894E+01  0.3426712E+02 -0.4555187E-04  0.1293955E-04  0.2818003E-04
Ar  705  0.5258589E+01  0.6832928E+02  0.3692085E+02 -0.1780572E-04  0.1534758E-04  0.5657100E-04
Ar  706  0.7767200E+01  0.2632088E+01  0.3691261E+02 -0.1521923E-04 -0.1053710E-05 -0.2946444E-04
Ar  707  0.7908341E+01  0.8302597E-01  0.3954207E+02 -0.4853304E-04  0.7012381E-05  0.6862753E-05
Ar  708  0.5292572E+01  0.2643260E+01  0.3954118E+02 -0.4511727E-04  0.1413157E-04 -0.1550870E-04
Ar  709  0.5278093E+01  0.6841443E+02  0.4206070E+02 -0.3069889E-04 -0.3933892E-05 -0.1724386E-05
Ar  710  0.7842710E+01  0.2684851E+01  0.4201011E+02  0.3919706E-04 -0.7924649E-06  0.1834432E-04
Ar  711  0.7934925E+01  0.5121259E-01  0.4483563E+02 -0.5362029E-05  0.4157278E-04  0.3244160E-04
Ar  712  0.5172627E+01  0.2647582E+01  0.4485146E+02  0.1602317E-04  0.5245778E-04  0.2543814E-04
Ar  713  0.5329412E+01  0.6847670E+02  0.4728388E+02  0.1029717E-04 -0.4245374E-04 -0.1606556E-04
Ar  714  0.7819354E+01  0.2594866E+01  0.4722140E+02 -0.1918807E-04 -0.6276103E-04  0.6485085E-05
Ar  715  0.7866042E+01  0.6844261E+02  0.5000746E+02  0.4476788E-04  0.5638254E-07 -0.2970552E-05
Ar  716  0.5269326E+01  0.2610445E+01  0.4992878E+02  0.6176177E-04 -0.8918801E-04 -0.8406502E-04
Ar  717  0.5205340E+01  0.6849132E+02  0.5264989E+02 -0.4378970E-04  0.2836535E-04 -0.9787581E-04
Ar  718  0.7816024E+01  0.2649485E+01  0.5265230E+02 -0.1367759E-04  0.7213782E-04 -0.2505646E-04
Ar  719  0.7930240E+01  0.1696475E-01  0.5526302E+02  0.9810767E-04 -0.1516229E-04 -0.6537133E-04
Ar  720  0.5267832E+01  0.2666046E+01  0.5531986E+02 -0.1342994E-04  0.9302359E-06 -0.3831266E-04
Ar  721  0.5276876E+01  0.6840709E+02  0.5800302E+02  0.1015346E-03  0.2553156E-04  0.1961847E-04
Ar  722  0.7949527E+01  0.2595146E+01  0.5786207E+02  0.5149902E-04 -0.2688998E-04  0.8224127E-05
Ar  723  0.7787736E+01  0.6839949E+02  0.6056890E+02  0.3131714E-04 -0.6555203E-05 -0.3993564E-04
Ar  724  0.5257652E+01  0.2634680E+01  0.6050403E+02 -0.2078435E-04  0.1239780E-04 -0.7179655E-04
Ar  725  0.5206666E+01  0.7085275E-01  0.6319691E+02  0.4146452E-05 -0.3142573E-04 -0.2040305E-04
Ar  726  0.7861042E+01  0.2550470E+01  0.6322966E+02 -0.4556701E-04  0.1041878E-04 -0.2347582E-04
Ar  727  0.7933861E+01  0.6836358E+02  0.6577267E+02  0.1710848E-04 -0.3612014E-04  0.4665574E-04
Ar  728  0.5225255E+01  0.2601557E+01  0.6577012E+02  0.3507727E-04  0.1713861E-04 -0.9837144E-04
Ar  729  0.5255440E+01  0.5261845E+01  0.6851467E+02  0.1694535E-05 -0.2880215E-04 -0.6861131E-04
Ar  730  0.7841386E+01  0.7901947E+01  0.6840536E+02  0.9000483E-04 -0.7739291E-05  0.1717238E-04
Ar  731  0.7795128E+01  0.5212478E+01  0.2728957E+01  0.2472247E-04  0.4214110E-06  0.1948466E-04
Ar  732  0.5323027E+01  0.7920222E+01  0.2703382E+01 -0.1775969E-04 -0.1283244E-04  0.4717239E-04
Ar  733  0.5263701E+01  0.5308101E+01  0.5223384E+01 -0.6368468E-05 -0.6896732E-05 -0.3908671E-04
Ar  734  0.7900874E+01  0.7982636E+01  0.5173912E+01  0.6546898E-04 -0.1052589E-04  0.1287755E-04
Ar  735  0.7946629E+01  0.5239674E+01  0.7924813E+01  0.5020343E-04 -0.3184171E-04 -0.2316889E-04
Ar  736  0.5304998E+01  0.7866633E+01  0.7929227E+01 -0.4393906E-04 -0.5974095E-04  0.2672760E-04
Ar  737  0.5188294E+01  0.5288917E+01  0.1055104E+02  0.5007984E-04 -0.4696988E-04  0.1723063E-04
Ar  738  0.7841682E+01  0.7897436E+01  0.1049646E+02 -0.3489702E-04  0.1976559E-04  0.1297431E-05
Ar  739  0.7971855E+01  0.5233441E+01  0.1313357E+02  0.1147058E-04 -0.6521871E-04 -0.2631345E-04
Ar  740  0.5320831E+01  0.7854085E+01  0.1315401E+02  0.3312430E-04 -0.7745277E-04 -0.4714911E-04
Ar  741  0.5142462E+01  0.5249443E+01  0.1569244E+02 -0.9309502E-04 -0.1868648E-05 -0.6657025E-04
Ar  742  0.7923802E+01  0.7984846E+01  0.1578144E+02 -0.4856504E-05  0.5485427E-04 -0.1824479E-05
Ar  743  0.7959311E+01  0.5149754E+01  0.1838068E+02 -0.7115605E-05  0.6880621E-04 -0.4986598E-04
Ar  744  0.5254402E+01  0.7834258E+01  0.1846006E+02 -0.4961654E-04 -0.3127727E-04  0.3740301E-04
Ar  745  0.5223287E+01  0.5160127E+01  0.2096242E+02  0.7027988E-04 -0.1363687E-04  0.5087683E-04
Ar  746  0.7941442E+01  0.7936667E+01  0.2102904E+02  0.1077897E-03  0.2800588E-04 -0.8401197E-04
Ar  747  0.7963941E+01  0.5234161E+01  0.2373436E+02 -0.5833833E-04 -0.5697936E-04 -0.1145587E-04
Ar  748  0.5349238E+01  0.7896601E+01  0.2365644E+02 -0.1154783E-04  0.1622507E-04  0.4455885E-04
Ar  749  0.5362897E+01  0.5288716E+01  0.2631840E+02 -0.4056143E-04 -0.3545684E-04  0.1305416E-04
Ar  750  0.7994144E+01  0.7835888E+01  0.2626028E+02  0.2560935E-04  0.5029305E-04 -0.5482758E-04
Ar  751  0.7853473E+01  0.5294501E+01  0.2897546E+02  0.5910820E-04 -0.5618698E-04 -0.8556562E-05
Ar  752  0.5254166E+01  0.7875646E+01  0.2900875E+02  0.4261178E-04 -0.9957305E-05 -0.5396198E-04
Ar  753  0.5206316E+01  0.5232447E+01  0.3154132E+02  0.4277796E-04 -0.1402370E-04 -0.3611906E-04
Ar  754  0.7780241E+01  0.7844844E+01  0.3169816E+02 -0.1771890E-04 -0.1235437E-03  0.9655577E-05
Ar  755  0.7882793E+01  0.5275124E+01  0.3430771E+02  0.4566269E-04 -0.1943771E-04 -0.6367982E-04
Ar  756  0.5268333E+01  0.7872928E+01  0.3428623E+02 -0.4718119E-04  0.2121595E-04 -0.9350584E-04
Ar  757  0.5258813E+01  0.5256845E+01  0.3687557E+02  0.2485015E-04 -0.1934219E-04  0.1819492E-04
Ar  758  0.7853274E+01  0.7861024E+01  0.3678543E+02  0.3999796E-04 -0.3518187E-04 -0.1621180E-04
Ar  759  0.7981555E+01  0.5376007E+01  0.3948220E+02 -0.5640539E-04  0.1411808E-04 -0.6430642E-04
Ar  760  0.5309865E+01  0.7825447E+01  0.3949044E+02 -0.6058876E-04 -0.1972901E-04  0.7546415E-04
Ar  761  0.5342661E+01  0.5143256E+01  0.4206056E+02 -0.1948197E-04 -0.9778257E-05 -0.2029514E-04
Ar  762  0.7952819E+01  0.7945528E+01  0.4215610E+02  0.6962734E-04 -0.1521359E-04 -0.8439071E-04
Ar  763  0.7890579E+01  0.5342424E+01  0.4469965E+02  0.5887306E-04 -0.9824057E-04 -0.8394686E-05
Ar  764  0.5201712E+01  0.7930002E+01  0.4470585E+02  0.2013526E-04  0.5832337E-04 -0.1063714E-04
Ar  765  0.5250864E+01  0.5307698E+01  0.4738225E+02  0.1165711E-04  0.2922157E-04  0.1101648E-04
Ar  766  0.7993630E+01  0.7928368E+01  0.4733068E+02 -0.2630972E-04  0.1422999E-04  0.3298073E-06
Ar  767  0.7907336E+01  0.5203570E+01  0.4982229E+02 -0.2560812E-04  0.4618385E-04 -0.4589528E-04
Ar  768  0.5301758E+01  0.7888549E+01  0.4994906E+02 -0.3039107E-04  0.8898325E-04 -0.8400437E-05
Ar  769  0.5250763E+01  0.5415411E+01  0.5252935E+02 -0.3259579E-04 -0.1849864E-04  0.1070245E-05
Ar  770  0.7895032E+01  0.7847411E+01  0.5270719E+02 -0.6854219E-04 -0.7848349E-04  0.5233030E-04
Ar  771  0.7814228E+01  0.5204190E+01  0.5535776E+02  0.2657432E-04  0.8527032E-04 -0.1016915E-03
Ar  772  0.5225529E+01  0.7820335E+01  0.5529964E+02 -0.1880478E-04 -0.3344175E-04 -0.1200533E-04
Ar  773  0.5261360E+01  0.5368858E+01  0.5793899E+02 -0.1311951E-03  0.3145703E-04 -0.3780235E-07
Ar  774  0.7924281E+01  0.7791675E+01  0.5780207E+02  0.8907191E-05  0.7194840E-04 -0.2460529E-04
Ar  775  0.7908317E+01  0.5281686E+01  0.6049934E+02  0.2190652E-04  0.2494554E-04 -0.4523836E-04
Ar  776  0.5182732E+01  0.7951696E+01  0.6047327E+02  0.1909534E-04  0.2848611E-04 -0.2806557E-04
Ar  777  0.5319720E+01  0.5223655E+01  0.6320501E+02 -0.5725655E-04  0.4554338E-04 -0.3299604E-04
Ar  778  0.7796968E+01  0.7889542E+01  0.6305535E+02  0.1872967E-04 -0.6301732E-04  0.3894874E-06
Ar  779  0.7942284E+01  0.5218731E+01  0.6579935E+02 -0.2598432E-05  0.4075628E-05  0.2040512E-04
Ar  780  0.5337324E+01  0.7912936E+01  0.6587097E+02 -0.1110010E-04 -0.2340684E-04 -0.1176633E-04
Ar  781  0.5248195E+01  0.1050804E+02  0.6843303E+02 -0.9597481E-04 -0.6323690E-04 -0.4890664E-04
Ar  782  0.7974803E+01  0.1309237E+02  0.6835489E+02 -0.1794645E-04  0.7383821E-04 -0.4140614E-05
Ar  783  0.7938058E+01  0.1051946E+02  0.2600129E+01  0.6605031E-04 -0.3967532E-04 -0.3652753E-04
Ar  784  0.5202144E+01  0.1316217E+02  0.2592247E+01  0.2363261E-04 -0.2473764E-04 -0.6753141E-05
Ar  785  0.5246095E+01  0.1055412E+02  0.5256716E+01  0.2007224E-04 -0.5851074E-05  0.6324619E-05
Ar  786  0.7889618E+01  0.1308821E+02  0.5251571E+01  0.3091818E-04  0.4279465E-05  0.7326289E-04
Ar  787  0.8044136E+01  0.1052741E+02  0.7931621E+01 -0.4442401E-04 -0.3038150E-04 -0.2643623E-05
Ar  788  0.5280874E+01  0.1299877E+02  0.8001060E+01 -0.5116596E-04  0.5614496E-04  0.7085682E-04
Ar  789  0.5320975E+01  0.1047892E+02  0.1068600E+02  0.2362146E-04  0.2255038E-04  0.3339215E-04
Ar  790  0.7904830E+01  0.1308939E+02  0.1041839E+02 -0.3479496E-04  0.3703149E-04  0.3774105E-04
Ar  791  0.7819617E+01  0.1051313E+02  0.1323265E+02 -0.1694542E-04  0.3230344E-04 -0.9014986E-05
Ar  792  0.5275643E+01  0.1321979E+02  0.1317380E+02 -0.3458326E-04  0.2837830E-04 -0.9800757E-05
Ar  793  0.5395701E+01  0.1043987E+02  0.1578389E+02  0.5293911E-04 -0.6575247E-05  0.2746164E-04
Ar  794  0.7877676E+01  0.1308504E+02  0.1572753E+02  0.3606633E-04  0.8509967E-05  0.3868815E-04
Ar  795  0.7914588E+01  0.1054911E+02  0.1832711E+02 -0.1392724E-04  0.2350725E-04  0.7131529E-04
Ar  796  0.5319351E+01  0.1324320E+02  0.1833799E+02  0.1034386E-04 -0.8114820E-04 -0.2973077E-04
Ar  797  0.5221152E+01  0.1057116E+02  0.2101885E+02 -0.9475961E-05 -0.2811721E-04  0.6387338E-04
Ar  798  0.7876158E+01  0.1306276E+02  0.2100410E+02  0.6107403E-05 -0.1926107E-04 -0.3790558E-04
Ar  799  0.7912108E+01  0.1058184E+02  0.2381194E+02 -0.2250737E-05  0.7309837E-04  0.4784486E-04
Ar  800  0.5256277E+01  0.1315034E+02  0.2376532E+02 -0.7867414E-05  0.1465415E-04 -0.2116446E-04
Ar  801  0.5225166E+01  0.1052040E+02  0.2625658E+02  0.4159105E-05 -0.1851186E-04 -0.6104361E-04
Ar  802  0.7785004E+01  0.1319512E+02  0.2637503E+02  0.3270501E-04 -0.2948954E-04 -0.1027331E-04
Ar  803  0.7827155E+01  0.1053824E+02  0.2911294E+02 -0.2266222E-04  0.6627235E-04 -0.7830296E-04
Ar  804  0.5213333E+01  0.1309582E+02  0.2904287E+02  0.3302510E-04 -0.1728239E-04  0.3287907E-04
Ar  805  0.5259604E+01  0.1037158E+02  0.3145076E+02 -0.2360272E-04  0.6378254E-04  0.3322621E-04
Ar  806  0.7968432E+01  0.1324067E+02  0.3157026E+02 -0.5218417E-05  0.2590397E-04 -0.2494825E-04
Ar  807  0.7820645E+01  0.1049030E+02  0.3408755E+02 -0.7220090E-04 -0.1058499E-04 -0.5631594E-04
Ar  808  0.5259859E+01  0.1319466E+02  0.3420112E+02  0.5344317E-04  0.5411379E-04 -0.1758983E-04
Ar  809  0.5253650E+01  0.1046918E+02  0.3686739E+02 -0.2302357E-04  0.7733548E-04 -0.4236158E-04
Ar  810  0.7942159E+01  0.1316766E+02  0.3683617E+02  0.4224860E-04 -0.2758805E-04 -0.4911350E-04
Ar  811  0.7862780E+01  0.1051588E+02  0.3956978E+02 -0.4031771E-04  0.3964011E-05 -0.7125790E-05
Ar  812  0.5221465E+01  0.1310580E+02  0.3953325E+02  0.6466607E-04  0.3069219E-04 -0.7693793E-04
Ar  813  0.5227468E+01  0.1061277E+02  0.4200592E+02 -0.2277986E-05 -0.6095388E-04  0.1137974E-04
Ar  814  0.8016660E+01  0.1314415E+02  0.4222172E+02  0.6948584E-04 -0.6080647E-04  0.1453958E-04
Ar  815  0.7944242E+01  0.1043902E+02  0.4483038E+02  0.2959427E-04  0.4598136E-05 -0.4056323E-04
Ar  816  0.5320892E+01  0.1317171E+02  0.4472763E+02 -0.3349812E-04  0.2148627E-04 -0.6112945E-04
Ar  817  0.5167023E+01  0.1046795E+02  0.4738931E+02 -0.2307013E-06  0.2215807E-04 -0.7466722E-04
Ar  818  0.7846034E+01  0.1314490E+02  0.4735691E+02  0.2053975E-04  0.3715420E-04 -0.2481490E-04
Ar  819  0.7807598E+01  0.1050109E+02  0.4991186E+02 -0.5527715E-05 -0.8992626E-04  0.1786910E-04
Ar  820  0.5244325E+01  0.1314792E+02  0.4991224E+02  0.1380338E-04 -0.3660595E-04 -0.9930911E-05
Ar  821  0.5355526E+01  0.1049144E+02  0.5264304E+02 -0.6953247E-05 -0.3597756E-05 -0.5212096E-04
Ar  822  0.7941529E+01  0.1311740E+02  0.5251153E+02  0.2749798E-04  0.3229022E-04 -0.7264154E-04
Ar  823  0.7892125E+01  0.1052351E+02  0.5514519E+02  0.4630377E-04  0.1078700E-04 -0.3399678E-04
Ar  824  0.5324671E+01  0.1311846E+02  0.5527879E+02 -0.2499387E-04 -0.9355439E-05  0.6371016E-05
Ar  825  0.5293493E+01  0.1054980E+02  0.5794737E+02  0.4761830E-04  0.6855004E-05 -0.4229690E-04
Ar  826  0.7843083E+01  0.1314067E+02  0.5789443E+02 -0.2684592E-04 -0.5328220E-04 -0.3779449E-05
Ar  827  0.7983079E+01  0.1050895E+02  0.6051677E+02 -0.7553758E-04  0.1394367E-04 -0.4539510E-04
Ar  828  0.5339843E+01  0.1312975E+02  0.6051655E+02 -0.3592670E-05  0.4997927E-04  0.3950753E-04
Ar  829  0.5345601E+01  0.1058536E+02  0.6318271E+02 -0.2058962E-04 -0.1346291E-04  0.5615315E-04
Ar  830  0.7952607E+01  0.1305745E+02  0.6320567E+02  0.6304000E-05  0.1313408E-05 -0.1115678E-04
Ar  831  0.7993784E+01  0.1046921E+02  0.6581945E+02  0.2451567E-04  0.1575661E-04 -0.8537836E-05
Ar  832  0.5198101E+01  0.1304416E+02  0.6576876E+02  0.3264833E-04  0.1171581E-03 -0.4101559E-04
Ar  833  0.5243822E+01  0.1587012E+02  0.6832347E+02  0.2716433E-04  0.7792988E-04  0.5035056E-05
Ar  834  0.7904929E+01  0.1846936E+02  0.6839341E+02  0.1476689E-04  0.4447084E-04  0.1991136E-04
Ar  835  0.7791939E+01  0.1576175E+02  0.2610412E+01  0.7151162E-04  0.5453883E-05  0.6616953E-04
Ar  836  0.5136239E+01  0.1841498E+02  0.2628429E+01  0.3851755E-05  0.3786675E-04 -0.1524437E-04
Ar  837  0.5333212E+01  0.1578756E+02  0.5331416E+01 -0.5604408E-04  0.7243385E-04 -0.1552150E-04
Ar  838  0.7792305E+01  0.1856188E+02  0.5170967E+01  0.3579908E-04  0.6765982E-04  0.8142306E-04
Ar  839  0.7859443E+01  0.1583223E+02  0.7882735E+01  0.2838261E-04 -0.1388434E-04 -0.1167524E-04
Ar  840  0.5325388E+01  0.1837487E+02  0.7870955E+01 -0.2349542E-05 -0.6010122E-04 -0.7447659E-05
Ar  841  0.5227505E+01  0.1577202E+02  0.1047081E+02  0.5453220E-05 -0.1147514E-04 -0.5652366E-06
Ar  842  0.7946722E+01  0.1844215E+02  0.1053315E+02  0.1042297E-04  0.3286037E-04  0.5719752E-04
Ar  843  0.7869498E+01  0.1569388E+02  0.1314685E+02  0.3195865E-04 -0.7804514E-04  0.2547222E-05
Ar  844  0.5215356E+01  0.1854937E+02  0.1314074E+02 -0.7268846E-04 -0.2652673E-04 -0.2930209E-04
Ar  845  0.5203691E+01  0.1574308E+02  0.1592345E+02 -0.5341660E-04  0.3894973E-04  0.2251422E-04
Ar  846  0.7973790E+01  0.1839015E+02  0.1585375E+02  0.6565309E-05  0.4741643E-04  0.2563042E-04
Ar  847  0.7758286E+01  0.1587504E+02  0.1841737E+02 -0.1154022E-04 -0.2102356E-04 -0.7620716E-05
Ar  848  0.5190502E+01  0.1842432E+02  0.1842233E+02 -0.3795144E-04  0.3482193E-04 -0.4498254E-04
Ar  849  0.5231686E+01  0.1584636E+02  0.2109050E+02 -0.2994302E-04  0.1055689E-04 -0.2698475E-04
Ar  850  0.7858737E+01  0.1834156E+02  0.2098776E+02 -0.4360682E-04  0.1735186E-04 -0.4744328E-05
Ar  851  0.7844232E+01  0.1584849E+02  0.2365812E+02 -0.4577592E-04 -0.9844650E-05  0.1823623E-04
Ar  852  0.5333314E+01  0.1841575E+02  0.2358687E+02  0.5781532E-04 -0.1049012E-05  0.8141566E-05
Ar  853  0.5341480E+01  0.1584721E+02  0.2643713E+02 -0.3759039E-05  0.6420789E-04 -0.5779383E-04
Ar  854  0.7876654E+01  0.1841735E+02  0.2628685E+02  0.3693408E-04  0.4913826E-04 -0.5468244E-05
Ar  855  0.8013762E+01  0.1581319E+02  0.2907138E+02 -0.1464572E-04 -0.1889486E-05  0.8054494E-04
Ar  856  0.5371498E+01  0.1848288E+02  0.2901448E+02  0.6462862E-05 -0.6129120E-04 -0.4285782E-04
Ar  857  0.5287260E+01  0.1584961E+02  0.3165578E+02 -0.3332271E-04  0.1073130E-04  0.1414405E-06
Ar  858  0.7893208E+01  0.1845885E+02  0.3158522E+02  0.1838626E-04 -0.3860450E-04  0.4370973E-05
Ar  859  0.7916852E+01  0.1589194E+02  0.3433757E+02  0.4681257E-04  0.1671075E-04 -0.9630382E-05
Ar  860  0.5360478E+01  0.1835966E+02  0.3420603E+02 -0.4889355E-04  0.6445984E-04  0.4702801E-05
Ar  861  0.5314011E+01  0.1576971E+02  0.3682752E+02  0.9288201E-05  0.3984271E-04 -0.1388335E-04
Ar  862  0.7935869E+01  0.1846000E+02  0.3690756E+02 -0.2159160E-04 -0.1839445E-04 -0.5386223E-05
Ar  863  0.7782477E+01  0.1567636E+02  0.3943514E+02  0.1456024E-04  0.1683477E-05  0.6073361E-04
Ar  864  0.5345908E+01  0.1842132E+02  0.3946696E+02  0.3481630E-04 -0.3413265E-04  0.3700223E-04
Ar  865  0.5251264E+01  0.1577113E+02  0.4219392E+02  0.2466968E-04 -0.7724572E-05  0.1231263E-04
Ar  866  0.7985837E+01  0.1832999E+02  0.4211253E+02  0.5466519E-04 -0.6512681E-04  0.4489311E-04
Ar  867  0.7934431E+01  0.1584063E+02  0.4472667E+02  0.2758337E-05 -0.6982072E-04 -0.9293502E-05
Ar  868  0.5361027E+01  0.1835370E+02  0.4468803E+02 -0.3215406E-04  0.1680590E-04 -0.4341712E-04
Ar  869  0.5302630E+01  0.1579028E+02  0.4741995E+02 -0.5013319E-04 -0.4783260E-04 -0.7692156E-04
Ar  870  0.7864313E+01  0.1841597E+02  0.4735612E+02  0.4592891E-04  0.4648132E-04 -0.8515981E-04
Ar  871  0.7961775E+01  0.1576167E+02  0.5010292E+02  0.3375057E-04 -0.1222967E-04 -0.5299199E-04
Ar  872  0.5268304E+01  0.1846346E+02  0.5001168E+02  0.7848237E-04 -0.4945148E-04 -0.5498155E-05
Ar  873  0.5131502E+01  0.1581894E+02  0.5251929E+02 -0.6866591E-04  0.2413798E-04  0.4674088E-04
Ar  874  0.7863013E+01  0.1833932E+02  0.5264704E+02  0.4469409E-04  0.2201168E-04  0.2862901E-05
Ar  875  0.7894570E+01  0.1580965E+02  0.5514816E+02 -0.1553326E-04 -0.1201315E-04 -0.1763567E-05
Ar  876  0.5342786E+01  0.1842605E+02  0.5520340E+02  0.6587518E-04  0.1058438E-05 -0.1027978E-04
Ar  877  0.5346065E+01  0.1580485E+02  0.5777417E+02  0.2173219E-04 -0.1640066E-04 -0.4567289E-04
Ar  878  0.8029491E+01  0.1840918E+02  0.5781233E+02  0.7307886E-04 -0.1651012E-04 -0.2737488E-04
Ar  879  0.7900355E+01  0.1579784E+02  0.6039971E+02 -0.9275673E-04  0.3916079E-05  0.4457467E-04
Ar  880  0.5204782E+01  0.1839951E+02  0.6062915E+02 -0.2670363E-04  0.2563429E-04  0.1357063E-04
Ar  881  0.5301238E+01  0.1574768E+02  0.6316372E+02  0.5727991E-04 -0.9290014E-05 -0.1257660E-04
Ar  882  0.7879498E+01  0.1837863E+02  0.6326153E+02 -0.2775102E-04  0.5502351E-04 -0.9006727E-04
Ar  883  0.7938773E+01  0.1571386E+02  0.6571735E+02  0.4081453E-04 -0.4082581E-05 -0.1049589E-04
Ar  884  0.5256130E+01  0.1844552E+02  0.6575703E+02 -0.1302583E-04  0.1421235E-04 -0.7579844E-04
Ar  885  0.5149851E+01  0.2111434E+02  0.6823839E+02  0.2560733E-04 -0.1826000E-04 -0.7564814E-05
Ar  886  0.7870978E+01  0.2362278E+02  0.6840348E+02 -0.1137797E-04 -0.6416583E-04 -0.3565108E-04
Ar  887  0.7867608E+01  0.2106887E+02  0.2633127E+01  0.2329538E-04 -0.8470917E-05 -0.1176790E-04
Ar  888  0.5204996E+01  0.2362638E+02  0.2541351E+01 -0.1780058E-04 -0.1108533E-03 -0.2740338E-05
Ar  889  0.5098309E+01  0.2112566E+02  0.5224932E+01  0.5259140E-07  0.4307838E-04  0.3094569E-04
Ar  890  0.7857418E+01  0.2370067E+02  0.5226950E+01 -0.2275748E-04 -0.7018984E-05 -0.1243022E-04
Ar  891  0.7959089E+01  0.2113416E+02  0.8006117E+01 -0.1092056E-04 -0.6617758E-05  0.2486416E-04
Ar  892  0.5252328E+01  0.2372296E+02  0.7882746E+01  0.1325686E-04 -0.3877004E-04 -0.1946495E-04
Ar  893  0.5149471E+01  0.2103592E+02  0.1054530E+02 -0.2748971E-04 -0.4712888E-04  0.1156245E-05
Ar  894  0.7794419E+01  0.2366145E+02  0.1049355E+02 -0.9524069E-04  0.3718175E-04 -0.8273884E-04
Ar  895  0.7903605E+01  0.2093624E+02  0.1326512E+02 -0.3210415E-04  0.3105138E-04 -0.2305457E-05
Ar  896  0.5270157E+01  0.2357101E+02  0.1311052E+02  0.4790763E-04  0.4875159E-05  0.5966499E-04
Ar  897  0.5291934E+01  0.2109403E+02  0.1576975E+02  0.1595386E-04  0.4076395E-04 -0.4054052E-04
Ar  898  0.7835979E+01  0.2369513E+02  0.1571270E+02 -0.1131684E-03 -0.2592143E-04 -0.1047471E-04
Ar  899  0.7943074E+01  0.2099820E+02  0.1857406E+02  0.4696398E-04 -0.4481904E-04  0.8373075E-04
Ar  900  0.5345666E+01  0.2348364E+02  0.1843091E+02 -0.5887677E-04 -0.3043400E-04  0.2225851E-04
Ar  901  0.5258612E+01  0.2104772E+02  0.2097914E+02  0.4877152E-04 -0.1925411E-04  0.3749424E-04
Ar  902  0.7962084E+01  0.2367430E+02  0.2113181E+02  0.2717219E-04  0.1243030E-06  0.3990169E-04
Ar  903  0.7892005E+01  0.2115642E+02  0.2373887E+02  0.1719193E-04  0.2054358E-04 -0.4136003E-04
Ar  904  0.5193880E+01  0.2368334E+02  0.2365958E+02  0.2845844E-04  0.1878674E-04  0.7369316E-04
Ar  905  0.5306016E+01  0.2112745E+02  0.2634828E+02  0.1498068E-04 -0.3322386E-04  0.5665518E-04
Ar  906  0.7793455E+01  0.2369007E+02  0.2626333E+02 -0.1881146E-04 -0.1571505E-04  0.1010421E-04
Ar  907  0.7879169E+01  0.2099707E+02  0.2893994E+02  0.4264413E-04 -0.1167822E-03 -0.1694065E-05
Ar  908  0.5355874E+01  0.2365549E+02  0.2890387E+02 -0.1445092E-04  0.3937903E-04  0.4645988E-06
Ar  909  0.5338865E+01  0.2102884E+02  0.3160619E+02  0.6378891E-05  0.1262100E-04 -0.6041450E-05
Ar  910  0.7904538E+01  0.2366526E+02  0.3157675E+02 -0.1694828E-04  0.1683212E-05 -0.1035946E-03
Ar  911  0.7860533E+01  0.2103315E+02  0.3428370E+02 -0.1119146E-04 -0.1049253E-04 -0.5877609E-04
Ar  912  0.5146755E+01  0.2360466E+02  0.3427146E+02 -0.4821807E-04  0.7780280E-04 -0.2834445E-04
Ar  913  0.5163236E+01  0.2106075E+02  0.3682625E+02 -0.4700094E-04 -0.1766555E-06  0.6555195E-04
Ar  914  0.7914398E+01  0.2359366E+02  0.3685510E+02 -0.3048766E-04 -0.1151302E-03  0.1367165E-05
Ar  915  0.7904608E+01  0.2099138E+02  0.3947576E+02  0.3035599E-04 -0.1731930E-04  0.3766786E-04
Ar  916  0.5243844E+01  0.2370153E+02  0.3951653E+02 -0.3489213E-04 -0.2783778E-04  0.4095699E-04
Ar  917  0.5320077E+01  0.2104448E+02  0.4213290E+02 -0.8059678E-04  0.5501388E-04 -0.2351460E-04
Ar  918  0.7829932E+01  0.2372773E+02  0.4204694E+02 -0.2265199E-04  0.1416259E-04 -0.6342935E-04
Ar  919  0.7951130E+01  0.2094962E+02  0.4463994E+02  0.8508324E-04 -0.6741069E-04 -0.1602835E-04
Ar  920  0.5257430E+01  0.2367791E+02  0.4463600E+02  0.5204390E-04  0.2252552E-04 -0.1444570E-04
Ar  921  0.5197973E+01  0.2105789E+02  0.4732165E+02 -0.3049347E-04  0.6143398E-05 -0.1823664E-04
Ar  922  0.7801861E+01  0.2358564E+02  0.4733294E+02  0.4338624E-04  0.2684959E-04 -0.1066800E-03
Ar  923  0.7914029E+01  0.2106915E+02  0.5004283E+02  0.3918626E-04  0.1042429E-03  0.1021277E-04
Ar  924  0.5280602E+01  0.2371156E+02  0.4997638E+02 -0.2704368E-04  0.2304642E-04  0.2052578E-04
Ar  925  0.5287090E+01  0.2102336E+02  0.5260074E+02  0.2160784E-04  0.2187075E-04 -0.6974022E-04
Ar  926  0.7877716E+01  0.2370287E+02  0.5270976E+02  0.7655020E-05  0.7316647E-04 -0.1073658E-03
Ar  927  0.7931986E+01  0.2107126E+02  0.5517330E+02  0.3102378E-04 -0.4072530E-05  0.4851107E-04
Ar  928  0.5286014E+01  0.2361609E+02  0.5533814E+02  0.1987939E-04 -0.4221654E-04 -0.1403278E-04
Ar  929  0.5238169E+01  0.2111510E+02  0.5801870E+02 -0.4372910E-04  0.3861383E-04 -0.5776209E-05
Ar  930  0.7823095E+01  0.2370359E+02  0.5780928E+02  0.1860017E-04  0.4201590E-04 -0.1319345E-04
Ar  931  0.7869950E+01  0.2100764E+02  0.6043576E+02  0.4817577E-04 -0.4622254E-04  0.2569900E-04
Ar  932  0.5130639E+01  0.2366886E+02  0.6048737E+02 -0.4112843E-04 -0.8307638E-04 -0.4082349E-04
Ar  933  0.5246597E+01  0.2095092E+02  0.6322627E+02 -0.4272538E-04 -0.8514922E-04 -0.5641161E-04
Ar  934  0.8047428E+01  0.2358130E+02  0.6302156E+02 -0.8897330E-05 -0.9055136E-04  0.1652200E-04
Ar  935  0.7815098E+01  0.2113239E+02  0.6573317E+02  0.1518514E-04  0.7158725E-04  0.3359722E-05
Ar  936  0.5252713E+01  0.2377520E+02  0.6572894E+02 -0.4251967E-04 -0.1073054E-03 -0.4515354E-04
Ar  937  0.5166716E+01  0.2627323E+02  0.6853053E+02 -0.9301439E-05 -0.1172175E-04 -0.3563966E-04
Ar  938  0.7860241E+01  0.2891328E+02  0.6839151E+02  0.3331974E-04  0.4745434E-04 -0.4403456E-04
Ar  939  0.7956698E+01  0.2637687E+02  0.2536302E+01 -0.7656106E-04  0.4061588E-04  0.2785165E-04
Ar  940  0.5294017E+01  0.2895909E+02  0.2626315E+01 -0.1464995E-04 -0.4069756E-04 -0.4695836E-04
Ar  941  0.5304277E+01  0.2630631E+02  0.5179443E+01  0.2335356E-04  0.5132102E-05 -0.1752497E-04
Ar  942  0.7874206E+01  0.2888707E+02  0.5226571E+01 -0.2581061E-05  0.5941821E-04  0.9842700E-06
Ar  943  0.7929482E+01  0.2616172E+02  0.7769976E+01 -0.5173437E-04 -0.9006363E-04 -0.1648597E-04
Ar  944  0.5311761E+01  0.2894916E+02  0.7900145E+01 -0.2738687E-04  0.8593756E-05 -0.9892117E-05
Ar  945  0.5310409E+01  0.2627226E+02  0.1041339E+02 -0.1959913E-04 -0.6507967E-04  0.2812555E-04
Ar  946  0.7877667E+01  0.2893548E+02  0.1058876E+02  0.3833107E-04  0.2493202E-04  0.9056036E-04
Ar  947  0.8009386E+01  0.2635412E+02  0.1316657E+02 -0.4414297E-04  0.5144204E-04 -0.7322330E-04
Ar  948  0.5351862E+01  0.2893001E+02  0.1321647E+02  0.6504853E-05  0.2853638E-04 -0.1857545E-04
Ar  949  0.5167541E+01  0.2638792E+02  0.1569755E+02 -0.4538562E-04  0.4049048E-04  0.2612292E-04
Ar  950  0.7822914E+01  0.2886303E+02  0.1581074E+02 -0.4431306E-04 -0.2643532E-04 -0.6769469E-04
Ar  951  0.7841832E+01  0.2627536E+02  0.1837301E+02  0.1016896E-03 -0.4513165E-04 -0.1830634E-05
Ar  952  0.5205460E+01  0.2897021E+02  0.1848503E+02 -0.8981606E-04 -0.1792083E-04  0.6641852E-04
Ar  953  0.5272962E+01  0.2627542E+02  0.2107640E+02 -0.3465738E-04  0.5069259E-04  0.3506659E-04
Ar  954  0.7828416E+01  0.2889554E+02  0.2096213E+02 -0.2535888E-04 -0.2089803E-04  0.9147394E-05
Ar  955  0.7833827E+01  0.2622865E+02  0.2369925E+02  0.2835298E-04 -0.1201470E-04 -0.4943834E-04
Ar  956  0.5264469E+01  0.2894815E+02  0.2370911E+02  0.3251061E-04  0.6704121E-04  0.1100660E-03
Ar  957  0.5329666E+01  0.2629997E+02  0.2636357E+02 -0.2911386E-04 -0.1121634E-05  0.4518194E-04
Ar  958  0.7782787E+01  0.2891503E+02  0.2632370E+02 -0.1237014E-03  0.2867195E-04  0.1076745E-04
Ar  959  0.7807288E+01  0.2633429E+02  0.2884917E+02 -0.7233994E-04 -0.2870855E-04 -0.3650406E-04
Ar  960  0.5209361E+01  0.2893280E+02  0.2893150E+02  0.4934396E-04 -0.1629230E-03 -0.1683853E-04
Ar  961  0.5244493E+01  0.2615895E+02  0.3161333E+02 -0.5662935E-05 -0.4299859E-04  0.1520349E-04
Ar  962  0.7688189E+01  0.2894042E+02  0.3153389E+02 -0.2613711E-04 -0.3697534E-04  0.2732892E-04
Ar  963  0.7935703E+01  0.2639897E+02  0.3425576E+02  0.2937527E-04 -0.2141588E-04 -0.7938755E-04
Ar  964  0.5225694E+01  0.2888898E+02  0.3420900E+02 -0.9426117E-05 -0.4444533E-04  0.4731453E-05
Ar  965  0.5207070E+01  0.2637890E+02  0.3680405E+02  0.1471452E-04 -0.6522011E-04 -0.1076428E-03
Ar  966  0.7782177E+01  0.2899712E+02  0.3694742E+02 -0.5902944E-04  0.2425815E-05 -0.8259982E-05
Ar  967  0.7902544E+01  0.2635712E+02  0.3943301E+02  0.2752322E-04 -0.1518648E-04  0.2641297E-04
Ar  968  0.5193204E+01  0.2901422E+02  0.3955073E+02  0.5496599E-04  0.4489139E-04 -0.7999156E-04
Ar  969  0.5261038E+01  0.2643278E+02  0.4195283E+02 -0.2413239E-04  0.3581230E-04  0.1362212E-04
Ar  970  0.7851825E+01  0.2893313E+02  0.4216067E+02  0.9364689E-04 -0.1253451E-03 -0.9363788E-04
Ar  971  0.8002686E+01  0.2631856E+02  0.4474471E+02 -0.7144027E-05  0.3545545E-04 -0.1343527E-04
Ar  972  0.5228130E+01  0.2900333E+02  0.4475687E+02 -0.8096860E-04 -0.6210486E-04 -0.7414784E-04
Ar  973  0.5307676E+01  0.2640352E+02  0.4736989E+02  0.1128781E-04 -0.6905681E-04 -0.7592872E-04
Ar  974  0.7979790E+01  0.2887471E+02  0.4731949E+02  0.2501986E-04  0.1082053E-04  0.8938792E-05
Ar  975  0.7932958E+01  0.2623383E+02  0.5017270E+02 -0.3399650E-04  0.6739977E-04 -0.2877379E-04
Ar  976  0.5325290E+01  0.2892058E+02  0.5005100E+02 -0.6022128E-04 -0.5015046E-05 -0.4451499E-04
Ar  977  0.5285613E+01  0.2615720E+02  0.5253230E+02 -0.2272415E-04  0.2027473E-04 -0.6784181E-04
Ar  978  0.7810893E+01  0.2899383E+02  0.5257467E+02  0.3307633E-05  0.2445673E-04 -0.1487982E-04
Ar  979  0.7879326E+01  0.2626845E+02  0.5520544E+02 -0.2321346E-04  0.9870473E-05 -0.1658664E-04
Ar  980  0.5195365E+01  0.2897812E+02  0.5522985E+02 -0.6722962E-05 -0.1161145E-04  0.3507045E-04
Ar  981  0.5245447E+01  0.2631503E+02  0.5796849E+02  0.2424822E-04 -0.8953327E-04 -0.5757544E-04
Ar  982  0.7885074E+01  0.2888322E+02  0.5790224E+02 -0.5371647E-04  0.2470686E-04 -0.6436868E-05
Ar  983  0.7931233E+01  0.2635164E+02  0.6049296E+02  0.2107368E-04 -0.5969510E-04 -0.3981324E-04
Ar  984  0.5173081E+01  0.2892574E+02  0.6056744E+02 -0.5476842E-04 -0.2905447E-04 -0.3835512E-04
Ar  985  0.5208357E+01  0.2641822E+02  0.6311902E+02 -0.3313291E-04 -0.2854282E-05  0.6753479E-04
Ar  986  0.7951221E+01  0.2893392E+02  0.6306163E+02 -0.6943809E-04 -0.3945880E-04 -0.1448718E-05
Ar  987  0.7910812E+01  0.2630454E+02  0.6581706E+02 -0.2874595E-04  0.5898571E-04 -0.6751812E-04
Ar  988  0.5367070E+01  0.2886459E+02  0.6580003E+02  0.3067201E-04  0.7308676E-04  0.3018423E-05
Ar  989  0.5160514E+01  0.3157959E+02  0.6836453E+02  0.8319578E-04  0.2139670E-05 -0.1624898E-04
Ar  990  0.8023019E+01  0.3417550E+02  0.3598124E-01  0.1479582E-04 -0.4509871E-05 -0.2737254E-04
Ar  991  0.7837964E+01  0.3154628E+02  0.2547179E+01 -0.7280288E-05 -0.9624874E-05  0.3339314E-04
Ar  992  0.5215611E+01  0.3431211E+02  0.2549547E+01  0.2017069E-04 -0.1600182E-05 -0.9014915E-05
Ar  993  0.5215353E+01  0.3153265E+02  0.5233187E+01 -0.5858780E-04  0.1310254E-04 -0.7925329E-04
Ar  994  0.7798585E+01  0.3412761E+02  0.5189684E+01  0.2893889E-04  0.9391124E-05  0.2036374E-04
Ar  995  0.7963380E+01  0.3163601E+02  0.7909003E+01  0.1211406E-05  0.7958130E-05  0.6244336E-04
Ar  996  0.5247289E+01  0.3425286E+02  0.7884709E+01 -0.5670991E-05  0.3688482E-04  0.8891855E-04
Ar  997  0.5289367E+01  0.3159628E+02  0.1048231E+02 -0.3814684E-04  0.3387855E-04 -0.3943078E-04
Ar  998  0.7967241E+01  0.3423739E+02  0.1048946E+02 -0.4634647E-04 -0.4262673E-04 -0.4228120E-04
Ar  999  0.7855711E+01  0.3150462E+02  0.1309523E+02  0.8056758E-04 -0.9543512E-04 -0.2317970E-04
Ar 1000  0.5312215E+01  0.3413347E+02  0.1324250E+02  0.9300165E-05 -0.4529539E-04 -0.4470117E-04
Ar 1001  0.5196225E+01  0.3160091E+02  0.1576584E+02 -0.7808613E-04 -0.3033686E-04 -0.7633218E-04
Ar 1002  0.7893310E+01  0.3422635E+02  0.1592328E+02 -0.6662575E-04 -0.4780992E-04 -0.1379762E-04
Ar 1003  0.7791689E+01  0.3162360E+02  0.1828676E+02 -0.2008437E-04 -0.5965172E-05  0.3797776E-04
Ar 1004  0.5207100E+01  0.3419355E+02  0.1835201E+02 -0.9714786E-05 -0.4842255E-04  0.4609683E-04
Ar 1005  0.5285710E+01  0.3148184E+02  0.2096528E+02 -0.4374221E-04 -0.5862547E-06  0.7112492E-05
Ar 1006  0.7829594E+01  0.3422138E+02  0.2108638E+02 -0.4427492E-04  0.2367999E-04  0.3261041E-04
Ar 1007  0.7945876E+01  0.3161757E+02  0.2378096E+02 -0.4009844E-04 -0.2244975E-04 -0.3769777E-04
Ar 1008  0.5266505E+01  0.3429930E+02  0.2355324E+02  0.1575875E-05  0.4054139E-04  0.1944076E-04
Ar 1009  0.5293591E+01  0.3154291E+02  0.2628526E+02 -0.1750279E-04  0.1533098E-05 -0.1043447E-04
Ar 1010  0.7994531E+01  0.3411143E+02  0.2627378E+02 -0.1254813E-03  0.4061179E-04 -0.4300625E-04
Ar 1011  0.7897202E+01  0.3165909E+02  0.2892708E+02  0.2953836E-04  0.1745299E-04  0.1824402E-04
Ar 1012  0.5216915E+01  0.3427563E+02  0.2895637E+02  0.8161662E-04 -0.2117210E-04 -0.3241253E-04
Ar 1013  0.5183374E+01  0.3160164E+02  0.3161946E+02  0.7149879E-04 -0.6443530E-04 -0.3009581E-04
Ar 1014  0.7874386E+01  0.3421367E+02  0.3155802E+02 -0.9221286E-04 -0.1504852E-04 -0.6044078E-04
Ar 1015  0.7822242E+01  0.3150750E+02  0.3422506E+02  0.2163640E-04 -0.1928912E-04 -0.1321008E-05
Ar 1016  0.5260038E+01  0.3418765E+02  0.3420252E+02  0.1155312E-04  0.3122796E-04  0.7854948E-05
Ar 1017  0.5193201E+01  0.3162641E+02  0.3684937E+02  0.4652436E-04  0.4275215E-04 -0.2048713E-04
Ar 1018  0.7962471E+01  0.3418089E+02  0.3682400E+02  0.2627059E-04 -0.8440730E-05  0.4721479E-05
Ar 1019  0.7927341E+01  0.3145616E+02  0.3950331E+02 -0.5720570E-04  0.4582314E-04 -0.1433052E-04
Ar 1020  0.5344269E+01  0.3424252E+02  0.3952346E+02  0.2885671E-04 -0.5484220E-04 -0.5162984E-04
Ar 1021  0.5270412E+01  0.3158869E+02  0.4207127E+02 -0.8218819E-06  0.2224966E-04 -0.3805253E-04
Ar 1022  0.7852572E+01  0.3423534E+02  0.4215003E+02  0.2890955E-05 -0.6417621E-04 -0.1466418E-04
Ar 1023  0.7976282E+01  0.3156462E+02  0.4475395E+02  0.8548312E-04 -0.2621243E-04  0.1779140E-05
Ar 1024  0.5169456E+01  0.3414839E+02  0.4471666E+02  0.4282330E-05  0.4016340E-05  0.4980081E-04
Ar 1025  0.5220447E+01  0.3145986E+02  0.4734067E+02  0.1607239E-04 -0.3923804E-05 -0.2990440E-04
Ar 1026  0.7948322E+01  0.3415880E+02  0.4744274E+02 -0.1112228E-04 -0.2160283E-04 -0.1736584E-04
Ar 1027  0.7947018E+01  0.3154810E+02  0.5006340E+02 -0.3667688E-05  0.5615644E-04 -0.8725645E-04
Ar 1028  0.5367372E+01  0.3419888E+02  0.4995094E+02 -0.2320665E-04  0.3344753E-04 -0.1590560E-04
Ar 1029  0.5256741E+01  0.3168924E+02  0.5243304E+02 -0.7555494E-04 -0.9210762E-04 -0.3457808E-04
Ar 1030  0.7757520E+01  0.3439704E+02  0.5256832E+02 -0.8988613E-05 -0.1086560E-03  0.2086221E-04
Ar 1031  0.7783656E+01  0.3152199E+02  0.5523342E+02  0.5566176E-04 -0.5857182E-05 -0.2692421E-05
Ar 1032  0.5310033E+01  0.3422586E+02  0.5532081E+02  0.6192423E-05  0.1564781E-04 -0.5808627E-04
Ar 1033  0.5243408E+01  0.3155274E+02  0.5788547E+02 -0.5719086E-05  0.1014992E-04  0.8924690E-05
Ar 1034  0.7983558E+01  0.3428660E+02  0.5795580E+02  0.3000294E-04 -0.1960968E-04  0.2159417E-04
Ar 1035  0.7892012E+01  0.3147361E+02  0.6050202E+02 -0.3134725E-04 -0.1181151E-03 -0.3885227E-04
Ar 1036  0.5363456E+01  0.3424556E+02  0.6063275E+02 -0.4220792E-05 -0.2974357E-04 -0.1738026E-04
Ar 1037  0.5256604E+01  0.3163837E+02  0.6324633E+02  0.5244747E-04 -0.6257578E-04 -0.2373204E-04
Ar 1038  0.7939952E+01  0.3423531E+02  0.6320944E+02 -0.4938637E-04 -0.3699499E-04 -0.2168112E-04
Ar 1039  0.7859623E+01  0.3166291E+02  0.6574642E+02  0.3982870E-04 -0.4806730E-04 -0.6867478E-04
Ar 1040  0.5155136E+01  0.3414241E+02  0.6582145E+02  0.4533139E-04 -0.1208029E-03 -0.4436731E-04
Ar 1041  0.5335960E+01  0.3684135E+02  0.6840241E+02  0.9410290E-05  0.1015378E-04 -0.6141796E-04
Ar 1042  0.7921169E+01  0.3947185E+02  0.6339841E-01  0.5536506E-05  0.6700897E-05 -0.4612528E-04
Ar 1043  0.7815084E+01  0.3682137E+02  0.2626032E+01  0.2537542E-04 -0.2331006E-04 -0.7278941E-05
Ar 1044  0.5346658E+01  0.3936975E+02  0.2665173E+01 -0.1840038E-06  0.3070195E-04  0.1622753E-04
Ar 1045  0.5303147E+01  0.3689164E+02  0.5169770E+01  0.1083464E-03 -0.1449651E-04  0.8252356E-04
Ar 1046  0.7832375E+01  0.3946348E+02  0.5292083E+01 -0.4317136E-04  0.5437666E-05 -0.7148401E-04
Ar 1047  0.7847715E+01  0.3687438E+02  0.7867871E+01  0.6853340E-04 -0.1233624E-04 -0.3788834E-04
Ar 1048  0.5309810E+01  0.3953011E+02  0.7978048E+01 -0.3634964E-04 -0.3058971E-04 -0.4111510E-04
Ar 1049  0.5226384E+01  0.3682016E+02  0.1044359E+02 -0.1295410E-03 -0.1416013E-04  0.2713545E-04
Ar 1050  0.7879958E+01  0.3952957E+02  0.1063010E+02  0.4209392E-04  0.1189984E-04 -0.6018644E-06
Ar 1051  0.8010064E+01  0.3691507E+02  0.1312300E+02  0.1287343E-04 -0.1238642E-04  0.7503640E-05
Ar 1052  0.5256779E+01  0.3940231E+02  0.1307848E+02  0.3028802E-04 -0.5943231E-05  0.2541118E-04
Ar 1053  0.5122244E+01  0.3686407E+02  0.1577660E+02  0.3044069E-04 -0.1010093E-03 -0.6929661E-05
Ar 1054  0.7943284E+01  0.3943328E+02  0.1582632E+02 -0.2449760E-04 -0.2094375E-04 -0.4983036E-04
Ar 1055  0.7876719E+01  0.3684010E+02  0.1843329E+02  0.5021817E-04 -0.1643544E-05  0.2124189E-04
Ar 1056  0.5172299E+01  0.3942056E+02  0.1839378E+02 -0.5544778E-05  0.2289286E-04 -0.3512605E-04
Ar 1057  0.5318053E+01  0.3685361E+02  0.2108273E+02 -0.6794191E-05  0.2763940E-04 -0.6835467E-04
Ar 1058  0.8009109E+01  0.3949497E+02  0.2100152E+02  0.6449117E-04 -0.4206407E-04 -0.6667489E-04
Ar 1059  0.7887719E+01  0.3684864E+02  0.2367739E+02 -0.2369682E-04  0.1545406E-04 -0.8209232E-04
Ar 1060  0.5220335E+01  0.3952093E+02  0.2368518E+02 -0.2404381E-04  0.4675281E-04 -0.1090999E-03
Ar 1061  0.5342722E+01  0.3679889E+02  0.2631695E+02  0.3942774E-04  0.1172345E-04 -0.1395568E-04
Ar 1062  0.7864830E+01  0.3943933E+02  0.2625007E+02 -0.4115104E-04  0.2890968E-04 -0.7528589E-04
Ar 1063  0.7952802E+01  0.3678656E+02  0.2885655E+02 -0.5563191E-04 -0.8914442E-04 -0.2698630E-05
Ar 1064  0.5257757E+01  0.3948492E+02  0.2900261E+02  0.4201337E-04  0.1933942E-04 -0.2272557E-04
Ar 1065  0.5312045E+01  0.3695806E+02  0.3161377E+02  0.5264479E-04 -0.1407059E-04  0.2576242E-04
Ar 1066  0.7888417E+01  0.3943090E+02  0.3164702E+02 -0.1665367E-04  0.1746613E-04  0.7260301E-05
Ar 1067  0.7893267E+01  0.3684104E+02  0.3421212E+02  0.3603345E-04 -0.9594495E-05 -0.6392713E-04
Ar 1068  0.5177333E+01  0.3943010E+02  0.3416126E+02  0.6326518E-04  0.6448619E-04  0.2184364E-05
Ar 1069  0.5300669E+01  0.3676998E+02  0.3691539E+02  0.3353365E-05  0.1138245E-04  0.1268574E-03
Ar 1070  0.7893919E+01  0.3944472E+02  0.3676332E+02 -0.1314758E-04 -0.8514430E-04 -0.7483527E-04
Ar 1071  0.7973711E+01  0.3676119E+02  0.3941870E+02 -0.5332163E-04 -0.1071057E-03 -0.1507804E-04
Ar 1072  0.5204021E+01  0.3944157E+02  0.3941944E+02  0.5983428E-04 -0.4099608E-04  0.4691172E-04
Ar 1073  0.5411608E+01  0.3677623E+02  0.4211361E+02  0.8965146E-04  0.4350139E-04 -0.2809652E-04
Ar 1074  0.7855676E+01  0.3945769E+02  0.4202312E+02  0.4720571E-04 -0.5384459E-04 -0.8246870E-04
Ar 1075  0.7812702E+01  0.3688524E+02  0.4490129E+02 -0.6374303E-04 -0.7568526E-05  0.2709881E-04
Ar 1076  0.5202299E+01  0.3943686E+02  0.4479399E+02 -0.1018655E-04 -0.2567000E-04  0.2890502E-04
Ar 1077  0.5082991E+01  0.3681220E+02  0.4737744E+02 -0.8579882E-04  0.2751439E-04 -0.6048986E-04
Ar 1078  0.7906484E+01  0.3935556E+02  0.4734442E+02 -0.9118885E-05 -0.1328939E-03 -0.1569452E-03
Ar 1079  0.7895529E+01  0.3685583E+02  0.5005559E+02  0.5782558E-04  0.3572614E-04  0.1507972E-04
Ar 1080  0.5393009E+01  0.3944904E+02  0.5006744E+02 -0.1861906E-04 -0.6947008E-04  0.2143945E-04
Ar 1081  0.5204824E+01  0.3689238E+02  0.5265986E+02 -0.4597159E-04  0.1711320E-04 -0.4992029E-04
Ar 1082  0.7880557E+01  0.3953556E+02  0.5263516E+02  0.3618261E-04 -0.9224875E-04 -0.5587553E-04
Ar 1083  0.7966007E+01  0.3675758E+02  0.5533607E+02 -0.5083030E-05 -0.5872083E-04  0.3619047E-04
Ar 1084  0.5331482E+01  0.3942150E+02  0.5513147E+02 -0.4391298E-04  0.1600356E-04 -0.6376268E-05
Ar 1085  0.5289568E+01  0.3675594E+02  0.5777009E+02  0.5739543E-04 -0.1077819E-03 -0.3550800E-04
Ar 1086  0.7927891E+01  0.3940732E+02  0.5784820E+02  0.6006798E-04 -0.1318111E-04 -0.1238527E-03
Ar 1087  0.7858112E+01  0.3692031E+02  0.6044971E+02  0.6542864E-04  0.3815711E-04  0.4559855E-04
Ar 1088  0.5354562E+01  0.3946169E+02  0.6044061E+02 -0.3108310E-04 -0.9831312E-04  0.8914467E-05
Ar 1089  0.5213130E+01  0.3681819E+02  0.6314881E+02  0.2060768E-04 -0.1408958E-04 -0.1018795E-03
Ar 1090  0.7967604E+01  0.3950728E+02  0.6314508E+02  0.2780773E-04 -0.8862358E-04 -0.7431465E-04
Ar 1091  0.7911355E+01  0.3675131E+02  0.6571659E+02 -0.4386314E-04 -0.3679710E-04 -0.1804036E-04
Ar 1092  0.5186665E+01  0.3940553E+02  0.6586399E+02 -0.2147224E-04  0.9869644E-05 -0.8242730E-05
Ar 1093  0.5272511E+01  0.4217380E+02  0.6839337E+02  0.2504036E-04  0.3013399E-04 -0.6897383E-04
Ar 1094  0.7925926E+01  0.4468651E+02  0.6834917E+02  0.4286889E-04 -0.5055484E-04 -0.8163649E-04
Ar 1095  0.8014977E+01  0.4211357E+02  0.2713170E+01  0.3246433E-04  0.1017915E-04  0.6063878E-04
Ar 1096  0.5189280E+01  0.4468457E+02  0.2683404E+01 -0.4087777E-04 -0.1964820E-04  0.1487418E-04
Ar 1097  0.5360211E+01  0.4212624E+02  0.5261078E+01  0.1460712E-04 -0.1858394E-04 -0.1253530E-04
Ar 1098  0.7935569E+01  0.4469587E+02  0.5329444E+01  0.6444766E-04 -0.3283421E-04 -0.2653656E-05
Ar 1099  0.7854493E+01  0.4216888E+02  0.7808747E+01  0.1334906E-04 -0.1524736E-04  0.3116728E-04
Ar 1100  0.5267850E+01  0.4471405E+02  0.7936707E+01  0.2517391E-04  0.3932114E-04 -0.8113229E-04
Ar 1101  0.5380579E+01  0.4202692E+02  0.1049334E+02 -0.7401298E-04 -0.1103599E-04 -0.6372016E-04
Ar 1102  0.7950270E+01  0.4482133E+02  0.1054449E+02 -0.1061223E-05 -0.7991677E-04  0.8145313E-07
Ar 1103  0.7836461E+01  0.4211844E+02  0.1314863E+02 -0.7912574E-04  0.6358568E-04  0.2885057E-05
Ar 1104  0.5181009E+01  0.4467366E+02  0.1320841E+02  0.6467799E-04 -0.1109732E-03 -0.4573553E-04
Ar 1105  0.5238875E+01  0.4214928E+02  0.1590865E+02 -0.1001172E-03 -0.2060490E-04 -0.2930716E-04
Ar 1106  0.7910176E+01  0.4474499E+02  0.1587207E+02 -0.3219471E-04 -0.2907860E-04  0.2385052E-04
Ar 1107  0.7786137E+01  0.4197117E+02  0.1844615E+02  0.5105783E-04  0.4482215E-04  0.5939400E-05
Ar 1108  0.5282235E+01  0.4468640E+02  0.1838514E+02  0.3722901E-04 -0.5054395E-04  0.6199654E-05
Ar 1109  0.5178182E+01  0.4207632E+02  0.2107003E+02 -0.5844615E-04 -0.9189455E-04 -0.1800333E-05
Ar 1110  0.7748460E+01  0.4475039E+02  0.2109509E+02 -0.7534367E-05 -0.8241502E-04  0.4246719E-04
Ar 1111  0.7953372E+01  0.4208055E+02  0.2367197E+02  0.2458487E-04 -0.5758173E-04 -0.1372555E-04
Ar 1112  0.5337937E+01  0.4477143E+02  0.2370674E+02  0.5078083E-04 -0.2350877E-04  0.8726408E-07
Ar 1113  0.5365781E+01  0.4212558E+02  0.2629184E+02 -0.5151181E-05  0.4672197E-04 -0.2102891E-04
Ar 1114  0.7815805E+01  0.4476951E+02  0.2638129E+02  0.3368021E-05  0.2082532E-04 -0.3206753E-04
Ar 1115  0.7904511E+01  0.4197661E+02  0.2900123E+02 -0.6760880E-05 -0.2283381E-04  0.7869302E-05
Ar 1116  0.5206884E+01  0.4466821E+02  0.2899334E+02 -0.3612427E-04 -0.3601076E-04 -0.8449862E-05
Ar 1117  0.5274339E+01  0.4214486E+02  0.3155235E+02  0.4223295E-04  0.1134194E-03 -0.8137078E-04
Ar 1118  0.7925115E+01  0.4467693E+02  0.3154307E+02  0.5658999E-04 -0.3572230E-04 -0.9225768E-04
Ar 1119  0.7865365E+01  0.4215038E+02  0.3423980E+02 -0.2915270E-04 -0.2469349E-04  0.1291894E-03
Ar 1120  0.5219495E+01  0.4473603E+02  0.3420388E+02 -0.2757023E-04 -0.1320400E-04  0.3604888E-04
Ar 1121  0.5328891E+01  0.4213142E+02  0.3681118E+02  0.2858728E-04  0.6058761E-04 -0.3640073E-04
Ar 1122  0.7841938E+01  0.4484115E+02  0.3690384E+02  0.9323499E-05  0.5178622E-04 -0.4177797E-04
Ar 1123  0.7915445E+01  0.4201232E+02  0.3955668E+02  0.4612610E-05 -0.5678185E-04 -0.3435197E-05
Ar 1124  0.5279069E+01  0.4466358E+02  0.3953414E+02 -0.3045863E-04 -0.1315577E-04 -0.6120240E-04
Ar 1125  0.5210079E+01  0.4197391E+02  0.4214346E+02 -0.2792430E-04 -0.3349016E-04 -0.9198415E-04
Ar 1126  0.7884327E+01  0.4480925E+02  0.4219952E+02  0.5509749E-04 -0.2215090E-04 -0.3152068E-04
Ar 1127  0.7908768E+01  0.4217478E+02  0.4466414E+02  0.5102541E-05 -0.3800898E-04  0.5734114E-04
Ar 1128  0.5342229E+01  0.4473292E+02  0.4480109E+02 -0.6097139E-04  0.3109576E-04 -0.8390448E-05
Ar 1129  0.5471744E+01  0.4191873E+02  0.4742368E+02 -0.4218220E-05  0.4946539E-04  0.3168928E-04
Ar 1130  0.7897112E+01  0.4471037E+02  0.4737542E+02  0.3184087E-04 -0.8831729E-04  0.3289701E-04
Ar 1131  0.7868012E+01  0.4210202E+02  0.4995706E+02 -0.4217870E-04 -0.6074072E-04  0.2092545E-05
Ar 1132  0.5188580E+01  0.4467420E+02  0.4978132E+02 -0.2341747E-04 -0.4203039E-05 -0.4918100E-04
Ar 1133  0.5229072E+01  0.4209675E+02  0.5256569E+02 -0.6051176E-04 -0.5776412E-04  0.1096824E-04
Ar 1134  0.7750192E+01  0.4478836E+02  0.5270936E+02 -0.2543060E-04 -0.9877968E-04 -0.3637962E-04
Ar 1135  0.7902255E+01  0.4219128E+02  0.5528240E+02 -0.2335812E-04 -0.1362553E-05  0.3986055E-04
Ar 1136  0.5249480E+01  0.4475216E+02  0.5540827E+02  0.2626576E-04 -0.1930696E-04 -0.1638125E-04
Ar 1137  0.5309182E+01  0.4208141E+02  0.5786231E+02 -0.3243626E-04 -0.5832573E-04 -0.5732575E-05
Ar 1138  0.7989586E+01  0.4485585E+02  0.5789039E+02 -0.1152948E-05 -0.1383744E-04  0.1144338E-05
Ar 1139  0.7942940E+01  0.4200975E+02  0.6048133E+02  0.1156244E-03 -0.7168054E-04  0.5490759E-04
Ar 1140  0.5193670E+01  0.4470927E+02  0.6050789E+02 -0.7575951E-05 -0.7742416E-04  0.2117299E-04
Ar 1141  0.5275971E+01  0.4209142E+02  0.6321057E+02 -0.5472937E-04 -0.8630685E-04  0.2999018E-04
Ar 1142  0.7902592E+01  0.4474475E+02  0.6308011E+02 -0.2738131E-04 -0.3219348E-04  0.1684603E-05
Ar 1143  0.7888229E+01  0.4205895E+02  0.6571133E+02 -0.4113132E-04 -0.5602299E-04  0.4887061E-05
Ar 1144  0.5347915E+01  0.4479102E+02  0.6581929E+02  0.7142430E-05  0.1029578E-04 -0.2468708E-05
Ar 1145  0.5283098E+01  0.4742741E+02  0.6838267E+02 -0.3776663E-04 -0.8082307E-04 -0.6533491E-05
Ar 1146  0.7925134E+01  0.4991217E+02  0.6851260E+02 -0.1707892E-04 -0.3594815E-04 -0.3020447E-04
Ar 1147  0.7817956E+01  0.4743834E+02  0.2748450E+01 -0.4601964E-04 -0.5927313E-04 -0.3265566E-04
Ar 1148  0.5299908E+01  0.4995948E+02  0.2679543E+01  0.3394503E-04 -0.7345921E-04  0.3964022E-04
Ar 1149  0.5217609E+01  0.4737885E+02  0.5192700E+01  0.1645518E-04  0.8938842E-04  0.3027340E-04
Ar 1150  0.7849936E+01  0.4990965E+02  0.5289003E+01 -0.1919861E-04 -0.9821166E-05 -0.4625721E-04
Ar 1151  0.7820048E+01  0.4740262E+02  0.7936354E+01 -0.6982609E-04  0.3337893E-04  0.1552822E-04
Ar 1152  0.5247292E+01  0.5008381E+02  0.7976289E+01 -0.2318890E-04  0.7517672E-04 -0.3550823E-04
Ar 1153  0.5269471E+01  0.4723595E+02  0.1051204E+02 -0.4575476E-04 -0.5353582E-04 -0.3585426E-04
Ar 1154  0.7986906E+01  0.4994676E+02  0.1053056E+02  0.3299322E-04 -0.3128321E-04 -0.7137548E-04
Ar 1155  0.7869329E+01  0.4732644E+02  0.1312316E+02 -0.7936692E-05 -0.3501297E-04 -0.4541932E-04
Ar 1156  0.5253824E+01  0.4990738E+02  0.1315926E+02  0.2160506E-04  0.2250290E-04  0.2251316E-04
Ar 1157  0.5272738E+01  0.4730831E+02  0.1574708E+02 -0.3608108E-04 -0.1868732E-04  0.6093795E-04
Ar 1158  0.7870464E+01  0.5005650E+02  0.1582241E+02 -0.2108313E-04  0.4061179E-05 -0.2285144E-04
Ar 1159  0.7965447E+01  0.4734865E+02  0.1845452E+02  0.8206596E-04 -0.6994360E-04  0.4426927E-04
Ar 1160  0.5223439E+01  0.5003109E+02  0.1842075E+02  0.4908136E-04  0.4705927E-05  0.2340753E-04
Ar 1161  0.5288263E+01  0.4737084E+02  0.2105385E+02  0.4831338E-04 -0.2181930E-04 -0.8914339E-04
Ar 1162  0.7785312E+01  0.5004325E+02  0.2101102E+02 -0.5370236E-04 -0.5535250E-05 -0.4522887E-05
Ar 1163  0.7897702E+01  0.4738306E+02  0.2368602E+02  0.1452543E-04 -0.4537850E-04 -0.1944436E-04
Ar 1164  0.5088985E+01  0.4993411E+02  0.2372624E+02  0.5123682E-04 -0.3589944E-04 -0.1947291E-06
Ar 1165  0.5282223E+01  0.4744921E+02  0.2617801E+02  0.6456732E-04 -0.1030627E-04 -0.2080555E-04
Ar 1166  0.7839002E+01  0.5015509E+02  0.2640431E+02  0.9121021E-04 -0.2319718E-04  0.3515057E-04
Ar 1167  0.7835811E+01  0.4749673E+02  0.2899600E+02  0.1576325E-04 -0.7386485E-04  0.1502416E-05
Ar 1168  0.5188688E+01  0.5000219E+02  0.2894347E+02  0.4679029E-04 -0.2076485E-05  0.6480439E-04
Ar 1169  0.5307867E+01  0.4732575E+02  0.3162118E+02 -0.4677363E-04  0.1245684E-03  0.2369839E-04
Ar 1170  0.7914631E+01  0.4986258E+02  0.3154312E+02 -0.4265027E-04 -0.3687496E-04 -0.2715023E-04
Ar 1171  0.7828104E+01  0.4739731E+02  0.3422198E+02 -0.9406422E-05 -0.5932898E-04  0.4055111E-05
Ar 1172  0.5230846E+01  0.5004109E+02  0.3426275E+02 -0.3784592E-04 -0.7312437E-05 -0.1813676E-05
Ar 1173  0.5307248E+01  0.4725361E+02  0.3672392E+02  0.2535373E-04 -0.7929972E-04 -0.6824546E-04
Ar 1174  0.7992315E+01  0.4994795E+02  0.3675368E+02  0.2817940E-04  0.2188413E-04 -0.9801637E-04
Ar 1175  0.8026258E+01  0.4737918E+02  0.3948676E+02 -0.2727951E-04  0.4527542E-04 -0.2818171E-04
Ar 1176  0.5323340E+01  0.4988818E+02  0.3947886E+02  0.6553790E-04  0.3710409E-04 -0.1244545E-03
Ar 1177  0.5181198E+01  0.4741405E+02  0.4208052E+02 -0.2891814E-04  0.2587475E-04 -0.1104979E-03
Ar 1178  0.7960454E+01  0.5010868E+02  0.4205943E+02 -0.7581795E-04 -0.4274491E-04 -0.3422103E-04
Ar 1179  0.7899699E+01  0.4733932E+02  0.4466903E+02 -0.2538588E-04 -0.4932251E-04 -0.4553844E-05
Ar 1180  0.5326649E+01  0.5001584E+02  0.4481851E+02  0.4853174E-05 -0.7056244E-04  0.2541278E-04
Ar 1181  0.5241455E+01  0.4734399E+02  0.4745684E+02  0.3980876E-04 -0.1016312E-03 -0.1257441E-04
Ar 1182  0.7942168E+01  0.5003978E+02  0.4734419E+02  0.7967344E-04 -0.3579536E-04 -0.4287579E-04
Ar 1183  0.7775976E+01  0.4733332E+02  0.4997400E+02  0.6130992E-05 -0.2855642E-04 -0.1963007E-04
Ar 1184  0.5310640E+01  0.5008336E+02  0.4999629E+02 -0.3409019E-04 -0.1547928E-04  0.1190056E-04
Ar 1185  0.5283330E+01  0.4737313E+02  0.5270680E+02 -0.1588794E-04 -0.2824617E-04 -0.1769072E-04
Ar 1186  0.7940035E+01  0.4998003E+02  0.5252871E+02  0.8253329E-04 -0.8545246E-04  0.4618095E-04
Ar 1187  0.7881595E+01  0.4738234E+02  0.5525253E+02 -0.1160403E-03  0.2193941E-04  0.1660720E-04
Ar 1188  0.5157181E+01  0.5010485E+02  0.5526580E+02  0.1165571E-03 -0.4366203E-04 -0.4708247E-04
Ar 1189  0.5212949E+01  0.4732262E+02  0.5789135E+02  0.2530924E-04  0.4874530E-05  0.4930691E-05
Ar 1190  0.7879680E+01  0.5000866E+02  0.5782783E+02  0.6292240E-04  0.6379635E-04  0.9528476E-04
Ar 1191  0.7845643E+01  0.4739436E+02  0.6043471E+02  0.4164271E-04 -0.8542979E-04  0.9990304E-05
Ar 1192  0.5270673E+01  0.5002221E+02  0.6056464E+02  0.4284987E-05 -0.2764477E-04 -0.1083744E-03
Ar 1193  0.5313140E+01  0.4724478E+02  0.6306403E+02 -0.1840753E-04 -0.2375421E-04 -0.1909516E-04
Ar 1194  0.7909049E+01  0.5016234E+02  0.6319006E+02 -0.3490978E-05 -0.3603064E-04 -0.2083714E-04
Ar 1195  0.7793861E+01  0.4732285E+02  0.6575406E+02 -0.5703225E-04 -0.2039151E-04 -0.6788510E-04
Ar 1196  0.5301587E+01  0.5009901E+02  0.6578900E+02 -0.3104140E-04  0.2760538E-04 -0.2289636E-06
Ar 1197  0.5348319E+01  0.5266582E+02  0.6847618E+02 -0.2905490E-04 -0.3984037E-04  0.4244145E-04
Ar 1198  0.7941363E+01  0.5517317E+02  0.6840082E+02 -0.7177729E-06 -0.7808404E-04 -0.3074356E-04
Ar 1199  0.7924790E+01  0.5262839E+02  0.2665194E+01  0.1621494E-04 -0.4644729E-04 -0.2899496E-04
Ar 1200  0.5234922E+01  0.5529955E+02  0.2651786E+01  0.3526754E-04 -0.2160522E-04  0.2330194E-05
Ar 1201  0.5228516E+01  0.5266471E+02  0.5207180E+01  0.2816061E-05  0.1419163E-04  0.7375052E-04
Ar 1202  0.8005059E+01  0.5527686E+02  0.5384958E+01  0.1470379E-04  0.6713413E-04  0.1144523E-03
Ar 1203  0.7866665E+01  0.5260325E+02  0.7962596E+01  0.1982336E-04  0.9251707E-05  0.1007281E-04
Ar 1204  0.5188545E+01  0.5532339E+02  0.7947583E+01  0.2382131E-04  0.1020559E-04  0.3807666E-04
Ar 1205  0.5181970E+01  0.5246547E+02  0.1057826E+02  0.1739323E-04 -0.4906764E-04  0.6151248E-04
Ar 1206  0.7933762E+01  0.5539398E+02  0.1051106E+02 -0.2284629E-04 -0.1256281E-04  0.7950645E-04
Ar 1207  0.7923505E+01  0.5263069E+02  0.1305193E+02 -0.1766151E-04 -0.4254685E-04 -0.7292156E-05
Ar 1208  0.5341285E+01  0.5520812E+02  0.1326333E+02  0.7224912E-04 -0.5636606E-04  0.2471050E-04
Ar 1209  0.5277335E+01  0.5261274E+02  0.1578470E+02 -0.6512140E-04 -0.6148994E-04 -0.4088746E-04
Ar 1210  0.7847594E+01  0.5527869E+02  0.1573783E+02 -0.1685243E-04 -0.2467102E-04  0.1769145E-05
Ar 1211  0.7816718E+01  0.5260214E+02  0.1841774E+02  0.4790139E-04 -0.4191978E-04 -0.3251087E-04
Ar 1212  0.5195108E+01  0.5516288E+02  0.1846183E+02 -0.4014541E-04 -0.5567708E-04 -0.1280146E-04
Ar 1213  0.5311844E+01  0.5264566E+02  0.2104844E+02  0.8790080E-04 -0.6602784E-04 -0.1430146E-03
Ar 1214  0.7834672E+01  0.5520259E+02  0.2082468E+02  0.2589159E-04 -0.5682479E-04 -0.5832773E-04
Ar 1215  0.7970555E+01  0.5258330E+02  0.2373126E+02 -0.1729603E-04  0.2030748E-04 -0.3623811E-04
Ar 1216  0.5312197E+01  0.5515085E+02  0.2371075E+02  0.2043523E-05  0.4867336E-04  0.5024182E-04
Ar 1217  0.5343608E+01  0.5264390E+02  0.2635670E+02  0.1233355E-03 -0.1548940E-04 -0.6766378E-04
Ar 1218  0.7796213E+01  0.5529794E+02  0.2626354E+02 -0.7300629E-04 -0.7020731E-04  0.6391270E-04
Ar 1219  0.7838898E+01  0.5262461E+02  0.2900584E+02 -0.2871309E-04 -0.7639537E-04  0.3400172E-04
Ar 1220  0.5312447E+01  0.5520217E+02  0.2894163E+02  0.5216392E-04  0.7257099E-04  0.3445163E-04
Ar 1221  0.5165781E+01  0.5261230E+02  0.3161923E+02 -0.9729296E-06 -0.4591383E-04 -0.3851263E-04
Ar 1222  0.7961786E+01  0.5526432E+02  0.3157290E+02  0.6450841E-05 -0.2381852E-04  0.4473473E-04
Ar 1223  0.7847351E+01  0.5254452E+02  0.3410698E+02 -0.4830187E-04 -0.3850074E-04 -0.2640533E-04
Ar 1224  0.5281128E+01  0.5515414E+02  0.3412991E+02 -0.4216835E-04 -0.5564703E-05  0.1340850E-04
Ar 1225  0.5361066E+01  0.5255858E+02  0.3676175E+02  0.9981498E-05 -0.4716939E-04  0.1962136E-04
Ar 1226  0.7973960E+01  0.5509336E+02  0.3686408E+02  0.3546070E-04 -0.6952656E-04 -0.3010596E-04
Ar 1227  0.7793882E+01  0.5254954E+02  0.3943189E+02  0.4643191E-04 -0.9262558E-05 -0.7096090E-04
Ar 1228  0.5172331E+01  0.5529312E+02  0.3941958E+02 -0.5706014E-04 -0.1266671E-03  0.6793223E-04
Ar 1229  0.5269683E+01  0.5259010E+02  0.4208396E+02 -0.6334342E-04 -0.1161779E-03 -0.5492807E-04
Ar 1230  0.7947783E+01  0.5520121E+02  0.4213655E+02  0.5781418E-05  0.1274051E-04 -0.4352952E-05
Ar 1231  0.7943261E+01  0.5265776E+02  0.4473837E+02  0.1584951E-03 -0.1768107E-04  0.6471471E-04
Ar 1232  0.5266485E+01  0.5521039E+02  0.4465694E+02 -0.6385517E-04 -0.9702126E-05 -0.2041038E-04
Ar 1233  0.5245075E+01  0.5253896E+02  0.4744938E+02  0.1651991E-04  0.2377479E-04  0.7189977E-04
Ar 1234  0.7866325E+01  0.5529502E+02  0.4743544E+02  0.2843187E-04 -0.5207757E-04  0.8046954E-04
Ar 1235  0.7896651E+01  0.5262560E+02  0.4991925E+02  0.1950246E-04  0.4796504E-04  0.5351534E-04
Ar 1236  0.5201191E+01  0.5518780E+02  0.5004602E+02  0.9032714E-04 -0.3347677E-04  0.1331119E-04
Ar 1237  0.5241187E+01  0.5267040E+02  0.5261318E+02  0.3344078E-04 -0.2828401E-04 -0.7196012E-04
Ar 1238  0.7814876E+01  0.5526215E+02  0.5266881E+02 -0.1793618E-04  0.8392946E-05  0.1934191E-04
Ar 1239  0.7828988E+01  0.5261113E+02  0.5524711E+02  0.3968066E-04 -0.1120868E-03 -0.7247347E-04
Ar 1240  0.5256447E+01  0.5523668E+02  0.5522181E+02  0.8795052E-05 -0.2290751E-04  0.3201400E-04
Ar 1241  0.5340618E+01  0.5270948E+02  0.5783586E+02 -0.9719930E-04 -0.5881728E-05 -0.1237369E-04
Ar 1242  0.7976287E+01  0.5523939E+02  0.5778352E+02  0.9344882E-04  0.6937123E-04 -0.1760233E-04
Ar 1243  0.7905241E+01  0.5265487E+02  0.6042752E+02  0.3519119E-04  0.5725209E-04 -0.6463375E-04
Ar 1244  0.5249918E+01  0.5525693E+02  0.6052714E+02  0.1048251E-04 -0.4388783E-04 -0.2751292E-04
Ar 1245  0.5235364E+01  0.5263002E+02  0.6312634E+02 -0.4687297E-05 -0.7800548E-04 -0.5381513E-04
Ar 1246  0.7839004E+01  0.5523363E+02  0.6319199E+02  0.6874433E-04  0.6267000E-04 -0.9953226E-04
Ar 1247  0.7922443E+01  0.5272019E+02  0.6572072E+02  0.5465348E-05 -0.7825377E-04 -0.2375790E-04
Ar 1248  0.5282404E+01  0.5526335E+02  0.6568426E+02  0.3751075E-04  0.5726397E-04 -0.8356002E-05
Ar 1249  0.5235166E+01  0.5783121E+02  0.6845548E+02  0.2852251E-04 -0.2922670E-04 -0.8031581E-04
Ar 1250  0.7905288E+01  0.6056835E+02  0.4754220E-01  0.1838298E-04  0.3531755E-05  0.3778865E-04
Ar 1251  0.7910776E+01  0.5787997E+02  0.2601046E+01  0.4101072E-04  0.5799615E-04 -0.1013841E-04
Ar 1252  0.5284196E+01  0.6052542E+02  0.2701431E+01  0.6133594E-04  0.7861570E-05  0.3649935E-05
Ar 1253  0.5326329E+01  0.5779244E+02  0.5271040E+01 -0.3029632E-04  0.3646347E-04 -0.5549737E-04
Ar 1254  0.7904193E+01  0.6045458E+02  0.5315553E+01  0.2822195E-04 -0.5712440E-04  0.2589701E-05
Ar 1255  0.7873586E+01  0.5783726E+02  0.7911774E+01  0.3007145E-04 -0.4404870E-04  0.6774381E-04
Ar 1256  0.5245405E+01  0.6056353E+02  0.7961435E+01 -0.8131772E-05 -0.2191373E-04 -0.5897944E-04
Ar 1257  0.5320272E+01  0.5789545E+02  0.1049457E+02  0.5227773E-04  0.2656345E-04 -0.1776220E-04
Ar 1258  0.7903519E+01  0.6051204E+02  0.1051695E+02 -0.5728315E-05 -0.4922697E-04 -0.9103258E-04
Ar 1259  0.7810380E+01  0.5792609E+02  0.1319962E+02  0.1831504E-04  0.5487414E-04 -0.8391588E-04
Ar 1260  0.5237584E+01  0.6053468E+02  0.1313192E+02  0.2791645E-04 -0.2609030E-04 -0.3284445E-04
Ar 1261  0.5288820E+01  0.5780244E+02  0.1589661E+02 -0.3073169E-04 -0.3211783E-04  0.9831782E-04
Ar 1262  0.7914905E+01  0.6053755E+02  0.1575214E+02  0.1579555E-04  0.2005809E-04  0.5531994E-04
Ar 1263  0.7813120E+01  0.5769132E+02  0.1844840E+02 -0.4962713E-04 -0.1612802E-03 -0.4511966E-04
Ar 1264  0.5242586E+01  0.6051765E+02  0.1838412E+02 -0.6903175E-04 -0.5328765E-04 -0.9294490E-05
Ar 1265  0.5010462E+01  0.5790793E+02  0.2111704E+02  0.3152830E-04  0.2255433E-04 -0.5161098E-05
Ar 1266  0.7912517E+01  0.6056954E+02  0.2106153E+02 -0.2118082E-04 -0.5581531E-05  0.3586382E-04
Ar 1267  0.7904299E+01  0.5796137E+02  0.2374065E+02 -0.1717432E-04 -0.1746527E-04 -0.1308563E-04
Ar 1268  0.5166714E+01  0.6063215E+02  0.2375904E+02  0.2228324E-04 -0.1396067E-04  0.8577732E-04
Ar 1269  0.5275508E+01  0.5802250E+02  0.2629966E+02 -0.2201523E-04 -0.5338858E-05 -0.2907275E-04
Ar 1270  0.7884478E+01  0.6057020E+02  0.2623144E+02 -0.3893697E-04  0.1477246E-04  0.2641431E-04
Ar 1271  0.7727276E+01  0.5790792E+02  0.2888969E+02 -0.5579565E-04 -0.6433039E-04  0.2143026E-04
Ar 1272  0.5325520E+01  0.6055498E+02  0.2903905E+02 -0.4270324E-05  0.4201339E-04  0.6695911E-04
Ar 1273  0.5325310E+01  0.5808779E+02  0.3158795E+02  0.2683162E-04 -0.4511336E-04 -0.6975288E-04
Ar 1274  0.7856232E+01  0.6065895E+02  0.3155627E+02 -0.6554910E-04 -0.1203210E-04 -0.1356471E-04
Ar 1275  0.7809863E+01  0.5798121E+02  0.3419835E+02 -0.2847260E-04 -0.6123492E-04  0.1067010E-04
Ar 1276  0.5174169E+01  0.6044017E+02  0.3422821E+02 -0.2907034E-04 -0.4464099E-05  0.3306251E-05
Ar 1277  0.5337616E+01  0.5790542E+02  0.3681311E+02  0.2806939E-05  0.1097242E-04  0.5081432E-04
Ar 1278  0.7792382E+01  0.6050289E+02  0.3687946E+02  0.3548484E-04 -0.1581661E-04 -0.2253619E-04
Ar 1279  0.7873293E+01  0.5785049E+02  0.3947243E+02 -0.3436918E-04  0.1257512E-04  0.2259428E-04
Ar 1280  0.5303175E+01  0.6049073E+02  0.3947460E+02 -0.5784585E-04  0.9785805E-05  0.1040267E-04
Ar 1281  0.5311652E+01  0.5771558E+02  0.4210058E+02 -0.1929401E-04 -0.5662455E-04  0.2578748E-04
Ar 1282  0.7856515E+01  0.6055051E+02  0.4217142E+02 -0.5197425E-05 -0.8813103E-04 -0.8412946E-04
Ar 1283  0.7880546E+01  0.5787729E+02  0.4462574E+02  0.6208383E-04 -0.2791811E-04  0.3980335E-04
Ar 1284  0.5195451E+01  0.6050000E+02  0.4466623E+02 -0.2443116E-04 -0.2339131E-04  0.1526194E-04
Ar 1285  0.5332842E+01  0.5786735E+02  0.4732709E+02 -0.3477545E-04 -0.3416345E-04  0.3732261E-04
Ar 1286  0.7833983E+01  0.6049992E+02  0.4743635E+02 -0.8587585E-04  0.1045091E-04  0.2430597E-04
Ar 1287  0.7839381E+01  0.5787128E+02  0.5006211E+02  0.3445356E-04  0.3324970E-04 -0.8299195E-04
Ar 1288  0.5329428E+01  0.6053093E+02  0.5006285E+02 -0.6270208E-05 -0.1575958E-03  0.1804377E-04
Ar 1289  0.5367061E+01  0.5802571E+02  0.5254750E+02 -0.2187333E-04 -0.1994634E-04  0.5329109E-05
Ar 1290  0.7975923E+01  0.6048778E+02  0.5261112E+02 -0.5601184E-04  0.1724400E-04  0.9558452E-04
Ar 1291  0.7880456E+01  0.5781210E+02  0.5523571E+02 -0.3017637E-04 -0.4729560E-04 -0.6734478E-04
Ar 1292  0.5275317E+01  0.6054062E+02  0.5517757E+02 -0.7080560E-04 -0.3174493E-05 -0.4711957E-04
Ar 1293  0.5402617E+01  0.5788482E+02  0.5783563E+02 -0.1406300E-06  0.6990829E-06 -0.1804240E-04
Ar 1294  0.7969836E+01  0.6049187E+02  0.5789362E+02 -0.1832047E-05 -0.5219424E-04  0.1411424E-04
Ar 1295  0.7772680E+01  0.5783622E+02  0.6055086E+02  0.2145465E-04 -0.2126047E-04 -0.1166468E-03
Ar 1296  0.5131506E+01  0.6054271E+02  0.6055531E+02 -0.7569895E-04 -0.9512554E-04  0.1327007E-04
Ar 1297  0.5320018E+01  0.5773584E+02  0.6306828E+02 -0.1045856E-04 -0.3248126E-04 -0.2681063E-04
Ar 1298  0.7897017E+01  0.6046333E+02  0.6325043E+02  0.5600411E-06 -0.7493075E-05 -0.4771142E-04
Ar 1299  0.7901382E+01  0.5773936E+02  0.6574752E+02  0.1371345E-04  0.9357266E-04 -0.1581569E-04
Ar 1300  0.5236609E+01  0.6045651E+02  0.6567523E+02  0.6962109E-04 -0.5580768E-04  0.1753621E-04
Ar 1301  0.5269609E+01  0.6314727E+02  0.6847584E+02  0.1837369E-04  0.1153052E-05  0.3727575E-04
Ar 1302  0.7789862E+01  0.6578492E+02  0.6834349E+02  0.4021145E-04 -0.4326697E-04 -0.4114854E-04
Ar 1303  0.7989427E+01  0.6324242E+02  0.2567798E+01  0.1101450E-04 -0.9622030E-04 -0.6368028E-05
Ar 1304  0.5338049E+01  0.6577104E+02  0.2669981E+01 -0.4375055E-04  0.2361785E-04 -0.2222932E-05
Ar 1305  0.5219512E+01  0.6316255E+02  0.5227589E+01 -0.5499859E-04 -0.3345509E-04  0.1872283E-04
Ar 1306  0.8021848E+01  0.6587339E+02  0.5220477E+01 -0.4342803E-04 -0.7352537E-04  0.1351208E-04
Ar 1307  0.7860519E+01  0.6316111E+02  0.7885754E+01  0.2999428E-04  0.3529473E-04 -0.3344710E-04
Ar 1308  0.5238771E+01  0.6592579E+02  0.7861595E+01 -0.3584101E-04 -0.6436402E-04  0.5219513E-04
Ar 1309  0.5235864E+01  0.6324624E+02  0.1053698E+02  0.2999662E-04 -0.1802292E-04  0.1330588E-03
Ar 1310  0.7919960E+01  0.6577833E+02  0.1044029E+02  0.2816999E-04  0.1166640E-04 -0.3685463E-04
Ar 1311  0.7983658E+01  0.6311113E+02  0.1312183E+02  0.1941792E-05 -0.3979869E-04  0.1306492E-04
Ar 1312  0.5175121E+01  0.6573606E+02  0.1319861E+02 -0.2660234E-04  0.1378297E-05 -0.5746909E-04
Ar 1313  0.5288944E+01  0.6313303E+02  0.1576571E+02  0.5332832E-04  0.3390905E-04  0.9017275E-05
Ar 1314  0.7820003E+01  0.6581809E+02  0.1580455E+02 -0.1020243E-04  0.1585075E-04  0.1587284E-04
Ar 1315  0.7801977E+01  0.6321285E+02  0.1849911E+02  0.1655561E-04 -0.4962841E-04 -0.9934571E-04
Ar 1316  0.5338012E+01  0.6571676E+02  0.1842261E+02  0.1938794E-05 -0.5567066E-04 -0.6854600E-04
Ar 1317  0.5328928E+01  0.6309580E+02  0.2097250E+02  0.8803267E-05 -0.4383518E-04  0.2715238E-05
Ar 1318  0.7911173E+01  0.6567152E+02  0.2110676E+02 -0.6639263E-04 -0.3117061E-04  0.2556161E-04
Ar 1319  0.7929318E+01  0.6332343E+02  0.2372490E+02 -0.1350819E-04  0.1975860E-04 -0.3461960E-05
Ar 1320  0.5209984E+01  0.6572192E+02  0.2356372E+02 -0.4744484E-04  0.8060054E-04  0.2647930E-04
Ar 1321  0.5261756E+01  0.6325342E+02  0.2634558E+02 -0.7966243E-04 -0.3841624E-04 -0.3976440E-04
Ar 1322  0.7876608E+01  0.6582425E+02  0.2625545E+02 -0.6917194E-04 -0.5707857E-04  0.1250686E-04
Ar 1323  0.7912353E+01  0.6310591E+02  0.2899552E+02 -0.5702952E-04 -0.2322694E-04 -0.2075454E-04
Ar 1324  0.5238868E+01  0.6581392E+02  0.2891070E+02 -0.9394943E-04 -0.4016737E-04 -0.6359757E-05
Ar 1325  0.5193560E+01  0.6323191E+02  0.3156852E+02 -0.1731036E-04 -0.4193248E-04 -0.3659471E-04
Ar 1326  0.7902127E+01  0.6583764E+02  0.3141958E+02  0.5142783E-04  0.2373490E-05 -0.7670203E-04
Ar 1327  0.7921051E+01  0.6318141E+02  0.3416143E+02  0.6451944E-04  0.8106535E-05 -0.6966393E-04
Ar 1328  0.5217438E+01  0.6572372E+02  0.3411819E+02 -0.2915412E-04  0.4807611E-04  0.4865106E-04
Ar 1329  0.5149124E+01  0.6307543E+02  0.3679087E+02  0.1068246E-04 -0.8196119E-04 -0.3214758E-04
Ar 1330  0.7869070E+01  0.6571451E+02  0.3684425E+02 -0.1918227E-04  0.5995555E-04 -0.6545384E-04
Ar 1331  0.8017370E+01  0.6310557E+02  0.3943727E+02  0.1228960E-04 -0.4637249E-04  0.5964143E-04
Ar 1332  0.5274919E+01  0.6578450E+02  0.3951175E+02  0.1676829E-04 -0.5648719E-04  0.6695418E-04
Ar 1333  0.5250887E+01  0.6302818E+02  0.4210146E+02  0.4843872E-04  0.5755582E-04 -0.5763244E-04
Ar 1334  0.7906520E+01  0.6589570E+02  0.4201761E+02 -0.5052457E-04 -0.2060578E-04  0.1338941E-04
Ar 1335  0.7945287E+01  0.6311010E+02  0.4474147E+02  0.1114976E-03  0.3087033E-05 -0.1200468E-04
Ar 1336  0.5219143E+01  0.6594467E+02  0.4470491E+02  0.2540854E-04 -0.2838860E-04 -0.2535436E-04
Ar 1337  0.5189918E+01  0.6330765E+02  0.4734178E+02  0.3487929E-04 -0.7227511E-04 -0.1006507E-04
Ar 1338  0.7893555E+01  0.6580726E+02  0.4736905E+02 -0.3607742E-04 -0.2837611E-04  0.5176550E-05
Ar 1339  0.7863889E+01  0.6307511E+02  0.4999980E+02  0.4080739E-04  0.2329755E-05 -0.2544012E-05
Ar 1340  0.5293997E+01  0.6571128E+02  0.5004158E+02 -0.8910572E-04  0.8051023E-04  0.4149221E-04
Ar 1341  0.5295473E+01  0.6324625E+02  0.5264317E+02 -0.4415418E-04  0.3682648E-04  0.1684276E-04
Ar 1342  0.7865165E+01  0.6580292E+02  0.5266604E+02 -0.6140365E-04 -0.9038504E-04 -0.1646522E-03
Ar 1343  0.7916522E+01  0.6312092E+02  0.5525814E+02 -0.2073403E-04 -0.4828506E-05 -0.6816808E-04
Ar 1344  0.5360431E+01  0.6579630E+02  0.5529321E+02  0.2086434E-04 -0.1827313E-04 -0.4818522E-04
Ar 1345  0.5254527E+01  0.6316107E+02  0.5790860E+02  0.4380778E-04  0.2801687E-04 -0.1160464E-03
Ar 1346  0.7787164E+01  0.6576030E+02  0.5786129E+02 -0.4459780E-04  0.2966955E-04 -0.3117510E-04
Ar 1347  0.7919814E+01  0.6312801E+02  0.6048928E+02  0.2238087E-04 -0.5614412E-04 -0.6612128E-04
Ar 1348  0.5260811E+01  0.6587741E+02  0.6068498E+02  0.1062829E-04 -0.1458381E-04 -0.2368205E-04
Ar 1349  0.5312651E+01  0.6315545E+02  0.6310141E+02  0.1068067E-03 -0.2043073E-04 -0.1469157E-04
Ar 1350  0.7887782E+01  0.6571839E+02  0.6311694E+02  0.1017698E-04  0.3897676E-04  0.4185265E-04
Ar 1351  0.7862622E+01  0.6312431E+02  0.6573493E+02 -0.5768104E-04  0.1085396E-04 -0.1888553E-04
Ar 1352  0.5264330E+01  0.6564069E+02  0.6580095E+02  0.4004291E-04 -0.2578547E-04  0.2126504E-04
Ar 1353  0.1049421E+02  0.1004569E+00  0.6854693E+02  0.1084590E-04  0.1703836E-04 -0.1204146E-04
Ar 1354  0.1312452E+02  0.2620268E+01  0.6837749E+02  0.4806723E-05 -0.3538543E-04 -0.6205585E-04
Ar 1355  0.1308893E+02  0.6847192E+02  0.2655703E+01 -0.1137621E-03 -0.1713868E-04 -0.6714479E-04
Ar 1356  0.1058912E+02  0.2606631E+01  0.2680812E+01  0.3177354E-04 -0.2287272E-04 -0.3612656E-04
Ar 1357  0.1049648E+02  0.6849577E+02  0.5299047E+01 -0.6409081E-04 -0.1278001E-03  0.3797539E-04
Ar 1358  0.1322866E+02  0.2709422E+01  0.5329174E+01 -0.5169277E-04 -0.3264169E-04 -0.2065870E-04
Ar 1359  0.1318118E+02  0.8366404E-01  0.7879970E+01  0.1858271E-04 -0.4484439E-04  0.2808116E-05
Ar 1360  0.1050218E+02  0.2662340E+01  0.7904324E+01 -0.8913752E-05  0.4060009E-04 -0.1489706E-04
Ar 1361  0.1060607E+02  0.6840385E+02  0.1049168E+02 -0.3803783E-04  0.3447045E-05  0.7874246E-04
Ar 1362  0.1309743E+02  0.2560649E+01  0.1047081E+02 -0.3335172E-04 -0.2100446E-04 -0.2000767E-04
Ar 1363  0.1314871E+02  0.6831793E+02  0.1316758E+02 -0.2721952E-04 -0.7487117E-04 -0.9198343E-04
Ar 1364  0.1058949E+02  0.2670300E+01  0.1314533E+02  0.5120960E-04 -0.7829466E-05 -0.1056754E-06
Ar 1365  0.1060702E+02  0.9506604E-01  0.1577377E+02  0.4600202E-05 -0.3854287E-04 -0.3828740E-04
Ar 1366  0.1314221E+02  0.2699944E+01  0.1582101E+02 -0.7196388E-05  0.1991957E-04  0.5355276E-04
Ar 1367  0.1308081E+02  0.6830140E+02  0.1837639E+02 -0.3289559E-05 -0.4319897E-04 -0.7695765E-05
Ar 1368  0.1046288E+02  0.2708638E+01  0.1839102E+02  0.8801707E-05 -0.8461210E-06  0.6713823E-04
Ar 1369  0.1054339E+02  0.6836308E+02  0.2102402E+02 -0.3162975E-04 -0.4005297E-04 -0.1130107E-04
Ar 1370  0.1320242E+02  0.2542237E+01  0.2095487E+02 -0.2830453E-04  0.4002026E-05  0.3772666E-04
Ar 1371  0.1316274E+02  0.6832075E+02  0.2379373E+02 -0.1560169E-04  0.8538584E-04  0.3547189E-04
Ar 1372  0.1053963E+02  0.2479225E+01  0.2354351E+02 -0.5861383E-04 -0.1218126E-04  0.4245235E-04
Ar 1373  0.1051435E+02  0.6853811E+02  0.2631456E+02  0.2256410E-04 -0.5054691E-04 -0.4955606E-04
Ar 1374  0.1305174E+02  0.2609218E+01  0.2630480E+02 -0.1046822E-03 -0.4811306E-04  0.4624806E-04
Ar 1375  0.1320654E+02  0.6848945E+02  0.2900525E+02 -0.6730505E-04  0.2190343E-04  0.4698357E-04
Ar 1376  0.1063037E+02  0.2660441E+01  0.2912202E+02  0.5590033E-04  0.5858922E-04 -0.3405456E-04
Ar 1377  0.1045065E+02  0.6830843E+02  0.3155811E+02 -0.1030832E-03 -0.1519275E-04 -0.1181881E-03
Ar 1378  0.1322193E+02  0.2409932E+01  0.3154311E+02 -0.1925447E-04 -0.2517738E-04 -0.4705976E-04
Ar 1379  0.1324020E+02  0.6841721E+02  0.3423275E+02  0.2993168E-04  0.1819128E-04 -0.6280062E-04
Ar 1380  0.1051649E+02  0.2607328E+01  0.3423808E+02 -0.2408519E-04 -0.5265912E-04  0.1532483E-04
Ar 1381  0.1051108E+02  0.6845231E+02  0.3686422E+02  0.5948385E-04 -0.1112890E-03 -0.1403635E-04
Ar 1382  0.1310396E+02  0.2640715E+01  0.3683901E+02 -0.9563705E-04  0.2884875E-04  0.2323670E-04
Ar 1383  0.1312142E+02  0.6843204E+02  0.3943962E+02 -0.4196109E-04 -0.3586595E-04 -0.9486246E-04
Ar 1384  0.1062913E+02  0.2777798E+01  0.3935005E+02 -0.1409677E-04 -0.2510259E-04  0.1291910E-04
Ar 1385  0.1046106E+02  0.6850980E+02  0.4209093E+02  0.1103876E-04 -0.9486989E-04  0.2787202E-05
Ar 1386  0.1319423E+02  0.2565105E+01  0.4208985E+02  0.2397946E-06  0.2466871E-04  0.2068302E-04
Ar 1387  0.1316727E+02  0.1805648E-01  0.4467817E+02 -0.4688271E-04  0.1437772E-04 -0.4637723E-04
Ar 1388  0.1057588E+02  0.2635020E+01  0.4469156E+02 -0.1497347E-05 -0.4123961E-04  0.5103883E-04
Ar 1389  0.1042956E+02  0.6850274E+02  0.4731181E+02 -0.5777154E-04 -0.3101854E-04 -0.5182706E-04
Ar 1390  0.1306791E+02  0.2585616E+01  0.4734553E+02 -0.1194500E-03  0.1030311E-04 -0.7343480E-04
Ar 1391  0.1314119E+02  0.9583090E-01  0.4995284E+02 -0.9326232E-05  0.5748864E-05 -0.4650985E-04
Ar 1392  0.1049112E+02  0.2622428E+01  0.4997082E+02 -0.3195518E-04 -0.5086673E-04 -0.7055934E-04
Ar 1393  0.1047703E+02  0.6847831E+02  0.5259907E+02 -0.1260699E-04  0.6521979E-05 -0.5262134E-04
Ar 1394  0.1314735E+02  0.2622843E+01  0.5255262E+02  0.4124629E-04  0.4913309E-04  0.2917017E-04
Ar 1395  0.1319081E+02  0.6837283E+02  0.5531663E+02  0.1277614E-04 -0.3920577E-05  0.1196583E-04
Ar 1396  0.1054932E+02  0.2603475E+01  0.5526149E+02  0.8807339E-04  0.1091773E-04 -0.1850956E-04
Ar 1397  0.1042891E+02  0.6839136E+02  0.5790691E+02  0.4765956E-04 -0.2583030E-05  0.7786748E-04
Ar 1398  0.1308515E+02  0.2573430E+01  0.5787077E+02 -0.6935941E-04 -0.2646363E-04 -0.1216636E-03
Ar 1399  0.1308566E+02  0.5487777E-01  0.6053121E+02  0.4836611E-05  0.2232054E-04  0.5883724E-04
Ar 1400  0.1054461E+02  0.2559383E+01  0.6054904E+02 -0.9087855E-04 -0.2050655E-05 -0.3982354E-04
Ar 1401  0.1051337E+02  0.6850834E+02  0.6313218E+02  0.3992738E-05 -0.7321697E-04  0.3185783E-04
Ar 1402  0.1315903E+02  0.2645881E+01  0.6312861E+02 -0.2303917E-04  0.2246863E-04 -0.2781999E-04
Ar 1403  0.1320872E+02  0.6847824E+02  0.6572505E+02  0.3569356E-04 -0.2610146E-04 -0.4880452E-05
Ar 1404  0.1052346E+02  0.2619028E+01  0.6573210E+02 -0.1870646E-05 -0.7258820E-04 -0.7809383E-04
Ar 1405  0.1047580E+02  0.5361442E+01  0.6833408E+02  0.3350563E-04  0.6627437E-05 -0.7543111E-04
Ar 1406  0.1302227E+02  0.8010120E+01  0.6844078E+02  0.4297447E-04 -0.3847392E-04 -0.6548580E-05
Ar 1407  0.1314613E+02  0.5040645E+01  0.2545340E+01 -0.3602394E-05 -0.6000607E-04  0.3572243E-06
Ar 1408  0.1044567E+02  0.7869415E+01  0.2696517E+01  0.2799439E-04  0.4572884E-04 -0.2887547E-04
Ar 1409  0.1049381E+02  0.5327174E+01  0.5352774E+01 -0.6600588E-05  0.1454779E-05  0.6414619E-04
Ar 1410  0.1310596E+02  0.7808964E+01  0.5294749E+01  0.5816055E-04 -0.5673256E-04  0.2398649E-04
Ar 1411  0.1321631E+02  0.5266618E+01  0.7828486E+01  0.3796456E-04  0.7364046E-05  0.7806873E-05
Ar 1412  0.1044394E+02  0.7868408E+01  0.7890292E+01  0.2692516E-04  0.5383373E-04 -0.7554438E-04
Ar 1413  0.1041095E+02  0.5235598E+01  0.1049229E+02 -0.5461670E-05 -0.2981604E-04 -0.8716864E-05
Ar 1414  0.1320874E+02  0.7835596E+01  0.1056087E+02 -0.7474537E-05  0.9780304E-04 -0.3403931E-04
Ar 1415  0.1315917E+02  0.5239885E+01  0.1324758E+02 -0.1566408E-04  0.3014823E-04 -0.8762746E-04
Ar 1416  0.1042590E+02  0.7992597E+01  0.1311795E+02 -0.3846963E-04 -0.7652123E-05 -0.3061627E-04
Ar 1417  0.1049377E+02  0.5255524E+01  0.1570050E+02 -0.1854912E-04  0.1263378E-04 -0.6033629E-04
Ar 1418  0.1321623E+02  0.7721166E+01  0.1575445E+02  0.1516614E-04 -0.1893165E-04 -0.3915618E-04
Ar 1419  0.1319043E+02  0.5337129E+01  0.1839941E+02  0.4006113E-04  0.3268484E-04  0.5808894E-04
Ar 1420  0.1051588E+02  0.7793676E+01  0.1842765E+02  0.6214316E-04 -0.7813135E-05 -0.3186465E-04
Ar 1421  0.1060518E+02  0.5244475E+01  0.2100073E+02  0.3781089E-04 -0.1936044E-06  0.1803240E-06
Ar 1422  0.1308477E+02  0.7909246E+01  0.2101506E+02 -0.1390413E-04 -0.6685110E-04  0.1158486E-04
Ar 1423  0.1318384E+02  0.5299845E+01  0.2377449E+02  0.1341554E-04  0.2036208E-04 -0.7762686E-05
Ar 1424  0.1055453E+02  0.7857203E+01  0.2359721E+02 -0.3354982E-04 -0.2850423E-05  0.3930421E-04
Ar 1425  0.1049054E+02  0.5314897E+01  0.2635165E+02  0.1292866E-04  0.2401720E-04 -0.4182043E-04
Ar 1426  0.1326488E+02  0.8000191E+01  0.2627492E+02  0.2437885E-04  0.2027645E-04  0.2010390E-04
Ar 1427  0.1310121E+02  0.5237805E+01  0.2893950E+02 -0.2895801E-04 -0.2315100E-04 -0.1301547E-04
Ar 1428  0.1060491E+02  0.7869767E+01  0.2894107E+02 -0.5267647E-04  0.3537319E-04 -0.1007760E-04
Ar 1429  0.1060200E+02  0.5308385E+01  0.3164005E+02 -0.7869632E-04  0.3830738E-04 -0.5100402E-04
Ar 1430  0.1310464E+02  0.7949546E+01  0.3148286E+02  0.2677704E-04 -0.7827124E-04 -0.2857690E-04
Ar 1431  0.1312756E+02  0.5182021E+01  0.3422024E+02 -0.8352876E-05  0.8110919E-05 -0.1625378E-04
Ar 1432  0.1051276E+02  0.7955137E+01  0.3415207E+02 -0.1215595E-04  0.9239593E-05 -0.4163527E-04
Ar 1433  0.1061880E+02  0.5295956E+01  0.3687350E+02  0.5781141E-04 -0.9374515E-05 -0.3174507E-04
Ar 1434  0.1306810E+02  0.7906585E+01  0.3675948E+02 -0.5092174E-04 -0.8849821E-04  0.3518591E-04
Ar 1435  0.1309224E+02  0.5296324E+01  0.3940406E+02  0.1882012E-04  0.1902228E-04 -0.4150295E-04
Ar 1436  0.1052267E+02  0.7884465E+01  0.3943617E+02  0.4803804E-04 -0.4702618E-04  0.5400781E-04
Ar 1437  0.1058691E+02  0.5248226E+01  0.4215036E+02 -0.8722132E-04  0.9058047E-04 -0.1945235E-04
Ar 1438  0.1314973E+02  0.7913070E+01  0.4203723E+02 -0.7251432E-04  0.6425294E-04  0.3978917E-04
Ar 1439  0.1325430E+02  0.5254964E+01  0.4473665E+02  0.5113121E-04 -0.1535775E-04  0.3470308E-04
Ar 1440  0.1063909E+02  0.7892742E+01  0.4468434E+02  0.6579833E-04  0.1019369E-04 -0.3828475E-04
Ar 1441  0.1049030E+02  0.5190363E+01  0.4726311E+02 -0.2473818E-04 -0.4727173E-04 -0.1018171E-03
Ar 1442  0.1316152E+02  0.7899297E+01  0.4734279E+02  0.7838047E-05 -0.4356448E-04 -0.7461784E-04
Ar 1443  0.1314162E+02  0.5348006E+01  0.4993231E+02 -0.1246381E-03 -0.3083264E-04  0.2703280E-04
Ar 1444  0.1047838E+02  0.7853440E+01  0.4998572E+02  0.2380004E-04 -0.3805819E-04 -0.4144933E-04
Ar 1445  0.1056622E+02  0.5275904E+01  0.5266926E+02  0.8885093E-04  0.1565623E-04 -0.2768880E-04
Ar 1446  0.1316441E+02  0.7728458E+01  0.5271228E+02 -0.3664566E-04  0.1057293E-04  0.4249802E-04
Ar 1447  0.1297801E+02  0.5185117E+01  0.5520214E+02  0.3084743E-04  0.7512442E-04  0.2803428E-04
Ar 1448  0.1051082E+02  0.7926580E+01  0.5512244E+02  0.1653361E-04  0.4832395E-04 -0.6151309E-04
Ar 1449  0.1050101E+02  0.5268839E+01  0.5792374E+02 -0.9440117E-05  0.1818227E-04  0.3840447E-04
Ar 1450  0.1307305E+02  0.7867039E+01  0.5785015E+02 -0.1212399E-03  0.2630788E-04 -0.4545869E-04
Ar 1451  0.1324361E+02  0.5207865E+01  0.6045264E+02 -0.1248953E-04  0.5621754E-05 -0.5058047E-04
Ar 1452  0.1047527E+02  0.7844604E+01  0.6059129E+02  0.3983760E-04  0.6825690E-04 -0.4247261E-04
Ar 1453  0.1049430E+02  0.5307903E+01  0.6307991E+02  0.3568501E-04 -0.3881832E-04  0.5562258E-05
Ar 1454  0.1314966E+02  0.7899666E+01  0.6317603E+02 -0.3491621E-04 -0.5678096E-04 -0.8060164E-06
Ar 1455  0.1322321E+02  0.5242969E+01  0.6569425E+02 -0.2231742E-04  0.2384132E-04 -0.2774149E-04
Ar 1456  0.1057811E+02  0.7942554E+01  0.6570891E+02  0.3049597E-04 -0.1935055E-05  0.3940301E-05
Ar 1457  0.1057870E+02  0.1048874E+02  0.1323480E+00  0.9090104E-06  0.4611798E-05  0.1210937E-04
Ar 1458  0.1308529E+02  0.1313072E+02  0.6840174E+02 -0.1282916E-04 -0.2085542E-04  0.2227977E-04
Ar 1459  0.1315467E+02  0.1037691E+02  0.2709196E+01  0.1282901E-04 -0.8202834E-05  0.1635949E-04
Ar 1460  0.1052528E+02  0.1320435E+02  0.2704409E+01  0.3064536E-04  0.2376018E-04  0.2341828E-04
Ar 1461  0.1049183E+02  0.1052573E+02  0.5302725E+01 -0.5066638E-04 -0.4499122E-04 -0.2595964E-04
Ar 1462  0.1316566E+02  0.1311016E+02  0.5236184E+01  0.6792023E-04  0.1828324E-04  0.3948426E-04
Ar 1463  0.1306781E+02  0.1053572E+02  0.7918125E+01 -0.6126402E-05  0.2156453E-04  0.1748727E-04
Ar 1464  0.1044993E+02  0.1314906E+02  0.7953060E+01 -0.2289128E-04  0.7323208E-05 -0.1465983E-04
Ar 1465  0.1051830E+02  0.1049117E+02  0.1049461E+02  0.3114319E-05  0.3302123E-04 -0.4396870E-04
Ar 1466  0.1313531E+02  0.1302949E+02  0.1050977E+02 -0.7831500E-05  0.4403730E-04 -0.5974849E-04
Ar 1467  0.1316741E+02  0.1054321E+02  0.1320851E+02 -0.1035002E-03 -0.2179853E-04 -0.8314698E-05
Ar 1468  0.1055377E+02  0.1321798E+02  0.1318277E+02  0.3842022E-05 -0.2863935E-04 -0.4879568E-04
Ar 1469  0.1058553E+02  0.1059515E+02  0.1582849E+02 -0.4342040E-04 -0.4855590E-04 -0.4755835E-05
Ar 1470  0.1312671E+02  0.1320365E+02  0.1576095E+02 -0.5187878E-04  0.1515275E-04 -0.3830229E-04
Ar 1471  0.1317282E+02  0.1033671E+02  0.1841187E+02 -0.1987460E-04 -0.3782450E-04 -0.2611654E-04
Ar 1472  0.1055835E+02  0.1306182E+02  0.1850014E+02 -0.8405453E-04  0.4091011E-04 -0.1352891E-03
Ar 1473  0.1047083E+02  0.1043114E+02  0.2106493E+02  0.9077559E-04 -0.9093015E-04  0.2806728E-04
Ar 1474  0.1309788E+02  0.1311663E+02  0.2113337E+02 -0.7760474E-04  0.3602475E-04 -0.7890368E-04
Ar 1475  0.1313715E+02  0.1053583E+02  0.2379065E+02  0.7141299E-04  0.3986482E-05 -0.1128357E-04
Ar 1476  0.1054997E+02  0.1314780E+02  0.2363397E+02 -0.3968231E-04  0.4579474E-04 -0.4570118E-04
Ar 1477  0.1056518E+02  0.1048761E+02  0.2630918E+02  0.7943838E-05 -0.1799021E-04  0.3891390E-05
Ar 1478  0.1316043E+02  0.1322463E+02  0.2643549E+02  0.1266644E-04 -0.6647020E-05 -0.1456601E-04
Ar 1479  0.1316217E+02  0.1055095E+02  0.2902128E+02 -0.7488231E-05 -0.5970384E-05  0.4582983E-04
Ar 1480  0.1049122E+02  0.1314833E+02  0.2889446E+02  0.4321387E-04 -0.9759788E-05  0.6030565E-04
Ar 1481  0.1061813E+02  0.1051148E+02  0.3164832E+02  0.3568729E-04  0.1003910E-04 -0.1585663E-04
Ar 1482  0.1307226E+02  0.1318259E+02  0.3163959E+02  0.3228763E-04  0.3670063E-04 -0.2192866E-04
Ar 1483  0.1318656E+02  0.1052983E+02  0.3415788E+02 -0.4623713E-05  0.7204474E-04 -0.4484436E-04
Ar 1484  0.1065943E+02  0.1314437E+02  0.3415165E+02 -0.5839537E-04  0.1086962E-03  0.3576339E-04
Ar 1485  0.1062708E+02  0.1050139E+02  0.3692707E+02 -0.9777988E-05  0.2785002E-04  0.3852098E-04
Ar 1486  0.1326176E+02  0.1319673E+02  0.3683741E+02  0.6995641E-04 -0.1590143E-04 -0.5386212E-04
Ar 1487  0.1324243E+02  0.1047740E+02  0.3953184E+02 -0.2011375E-04 -0.1879336E-04 -0.5905577E-04
Ar 1488  0.1058148E+02  0.1321480E+02  0.3948489E+02  0.2715645E-04 -0.3535765E-04  0.8436941E-05
Ar 1489  0.1047365E+02  0.1045751E+02  0.4210513E+02  0.1881669E-04 -0.1478976E-05 -0.9871283E-04
Ar 1490  0.1315414E+02  0.1330301E+02  0.4198043E+02  0.1041764E-04  0.5542973E-04 -0.1525432E-04
Ar 1491  0.1322693E+02  0.1054367E+02  0.4478943E+02  0.2105398E-04 -0.1675674E-04  0.1729742E-05
Ar 1492  0.1062646E+02  0.1321987E+02  0.4473782E+02 -0.3951506E-04 -0.4123535E-04  0.2239584E-04
Ar 1493  0.1051594E+02  0.1060595E+02  0.4737174E+02 -0.3069306E-04  0.6156699E-05 -0.5293939E-04
Ar 1494  0.1316479E+02  0.1322942E+02  0.4732348E+02 -0.3798491E-04 -0.5597758E-04 -0.2241523E-04
Ar 1495  0.1321090E+02  0.1051626E+02  0.5009227E+02  0.2762958E-04 -0.2142986E-04 -0.8642650E-04
Ar 1496  0.1057276E+02  0.1308217E+02  0.5003675E+02  0.2333553E-04 -0.9064936E-05  0.1552655E-04
Ar 1497  0.1045067E+02  0.1051091E+02  0.5260358E+02 -0.5465998E-04  0.2747704E-04 -0.3031313E-04
Ar 1498  0.1318720E+02  0.1302922E+02  0.5266979E+02 -0.3725608E-06  0.5822357E-04 -0.3979371E-04
Ar 1499  0.1316297E+02  0.1052306E+02  0.5522284E+02  0.3557979E-04  0.1224846E-04 -0.2341734E-04
Ar 1500  0.1044807E+02  0.1320318E+02  0.5514401E+02 -0.5162170E-04  0.8591134E-04  0.2198231E-04
Ar 1501  0.1054717E+02  0.1047543E+02  0.5793867E+02 -0.7936012E-04  0.2111241E-04 -0.2263680E-04
Ar 1502  0.1318312E+02  0.1317416E+02  0.5798453E+02  0.3336923E-04 -0.5340044E-04 -0.4388755E-04
Ar 1503  0.1305736E+02  0.1052077E+02  0.6054335E+02  0.3137325E-04  0.2052877E-04 -0.4336808E-04
Ar 1504  0.1048458E+02  0.1308198E+02  0.6054083E+02 -0.5694827E-04  0.3911675E-04 -0.1202762E-04
Ar 1505  0.1059808E+02  0.1053087E+02  0.6317407E+02  0.6177064E-04 -0.6365739E-04 -0.2352809E-04
Ar 1506  0.1317161E+02  0.1313488E+02  0.6318463E+02  0.8219194E-04 -0.1655547E-06 -0.4323443E-04
Ar 1507  0.1323073E+02  0.1049084E+02  0.6584843E+02 -0.4001303E-04 -0.3638008E-04 -0.2892685E-04
Ar 1508  0.1051663E+02  0.1322081E+02  0.6575340E+02 -0.4593368E-05  0.1562203E-04 -0.3272989E-04
Ar 1509  0.1058327E+02  0.1579668E+02  0.6831036E+02  0.2858637E-04  0.3925569E-04 -0.3993765E-04
Ar 1510  0.1313157E+02  0.1840195E+02  0.6839414E+02  0.1791484E-04 -0.1284206E-03 -0.9691728E-04
Ar 1511  0.1326278E+02  0.1575539E+02  0.2525525E+01 -0.6199204E-05 -0.5137116E-04 -0.4477587E-04
Ar 1512  0.1062929E+02  0.1852073E+02  0.2611248E+01 -0.1941653E-04  0.5088453E-04  0.5230979E-04
Ar 1513  0.1058331E+02  0.1579720E+02  0.5257346E+01 -0.2542141E-05  0.4737330E-04  0.5037806E-04
Ar 1514  0.1323189E+02  0.1845204E+02  0.5124569E+01 -0.1007248E-04  0.1118877E-04  0.5679884E-04
Ar 1515  0.1326157E+02  0.1572022E+02  0.7927966E+01  0.4248655E-05 -0.3244947E-04  0.3677614E-04
Ar 1516  0.1065230E+02  0.1843345E+02  0.7935608E+01 -0.5480007E-04  0.5020816E-04  0.8386461E-04
Ar 1517  0.1050485E+02  0.1573139E+02  0.1059632E+02 -0.8366492E-04 -0.5650255E-04 -0.1145622E-03
Ar 1518  0.1309729E+02  0.1830155E+02  0.1041454E+02 -0.3249558E-04  0.1406862E-03 -0.1308447E-04
Ar 1519  0.1317573E+02  0.1575369E+02  0.1303085E+02 -0.1386849E-04  0.5361186E-04 -0.6306339E-04
Ar 1520  0.1047375E+02  0.1846882E+02  0.1315361E+02  0.3832715E-04 -0.4592111E-04  0.1593112E-04
Ar 1521  0.1046571E+02  0.1580242E+02  0.1577462E+02  0.2405398E-04  0.4181368E-04  0.2697495E-04
Ar 1522  0.1312359E+02  0.1834444E+02  0.1581656E+02 -0.3762138E-05  0.4155761E-04  0.4303584E-04
Ar 1523  0.1322038E+02  0.1567322E+02  0.1839385E+02  0.2494952E-04 -0.7096574E-04 -0.1229619E-04
Ar 1524  0.1059660E+02  0.1833763E+02  0.1844260E+02  0.5197869E-04 -0.8883785E-04  0.4156813E-04
Ar 1525  0.1058724E+02  0.1572248E+02  0.2097740E+02  0.4122073E-04  0.9861857E-05 -0.2706566E-04
Ar 1526  0.1312746E+02  0.1839539E+02  0.2111403E+02 -0.4968005E-04  0.3294766E-04  0.3387773E-04
Ar 1527  0.1312162E+02  0.1566423E+02  0.2368406E+02 -0.1062603E-04  0.4064872E-04 -0.6551640E-05
Ar 1528  0.1059106E+02  0.1839463E+02  0.2360844E+02  0.3443064E-04 -0.4511522E-04 -0.6866292E-05
Ar 1529  0.1053767E+02  0.1578586E+02  0.2631278E+02 -0.7243312E-04  0.1917093E-04 -0.5712733E-04
Ar 1530  0.1309052E+02  0.1833362E+02  0.2619866E+02 -0.6829277E-04  0.3741541E-04 -0.2588512E-04
Ar 1531  0.1317701E+02  0.1586340E+02  0.2888003E+02  0.7344235E-04 -0.2631997E-04 -0.5738976E-04
Ar 1532  0.1051774E+02  0.1851278E+02  0.2895067E+02 -0.3866270E-04 -0.1977986E-04 -0.1404727E-04
Ar 1533  0.1055397E+02  0.1575874E+02  0.3143987E+02  0.5745974E-04  0.3715854E-04 -0.3779264E-04
Ar 1534  0.1325330E+02  0.1846507E+02  0.3158120E+02 -0.1872804E-04  0.1615119E-04 -0.5672400E-04
Ar 1535  0.1320568E+02  0.1588262E+02  0.3426561E+02 -0.5941256E-04 -0.2252270E-04 -0.6171987E-05
Ar 1536  0.1056584E+02  0.1830843E+02  0.3416437E+02  0.1218057E-04 -0.6403908E-04  0.3448316E-05
Ar 1537  0.1047538E+02  0.1595594E+02  0.3686045E+02 -0.4425318E-04  0.4130700E-04  0.1362139E-04
Ar 1538  0.1314326E+02  0.1841586E+02  0.3692531E+02  0.8014871E-04 -0.3194602E-04 -0.3691846E-04
Ar 1539  0.1321604E+02  0.1572837E+02  0.3942743E+02  0.1389057E-04  0.6106967E-04 -0.3165283E-04
Ar 1540  0.1051745E+02  0.1838820E+02  0.3944201E+02  0.2475439E-04  0.4053022E-04 -0.5717623E-04
Ar 1541  0.1036045E+02  0.1573466E+02  0.4201645E+02 -0.2998852E-04 -0.4785082E-04  0.6105502E-04
Ar 1542  0.1324045E+02  0.1830651E+02  0.4206255E+02 -0.5024553E-04  0.4373768E-04 -0.6172822E-04
Ar 1543  0.1304882E+02  0.1574948E+02  0.4469083E+02 -0.1756520E-03 -0.4648100E-04 -0.1472949E-03
Ar 1544  0.1058806E+02  0.1835057E+02  0.4468162E+02 -0.4298103E-04 -0.8969146E-04 -0.1950758E-04
Ar 1545  0.1055678E+02  0.1579825E+02  0.4730728E+02  0.1486807E-04  0.2354291E-04 -0.1228260E-03
Ar 1546  0.1308643E+02  0.1828137E+02  0.4746483E+02 -0.1937259E-04 -0.2136814E-04 -0.3005656E-04
Ar 1547  0.1324414E+02  0.1573878E+02  0.5000580E+02  0.2596659E-04 -0.2178716E-04  0.3324669E-04
Ar 1548  0.1041834E+02  0.1836756E+02  0.5001976E+02 -0.2329631E-05  0.6195525E-04  0.1421782E-04
Ar 1549  0.1056730E+02  0.1568687E+02  0.5259806E+02  0.3131138E-04  0.3670478E-04 -0.5569925E-04
Ar 1550  0.1315607E+02  0.1837603E+02  0.5252804E+02  0.8559226E-04  0.1437761E-04  0.2566953E-04
Ar 1551  0.1319530E+02  0.1575863E+02  0.5517531E+02  0.1246370E-04  0.1221358E-05 -0.7490767E-06
Ar 1552  0.1054741E+02  0.1830654E+02  0.5525036E+02 -0.8809610E-04  0.7541249E-04 -0.8685421E-04
Ar 1553  0.1049895E+02  0.1575666E+02  0.5788625E+02  0.1973498E-04  0.1190043E-04 -0.1399629E-04
Ar 1554  0.1320917E+02  0.1845794E+02  0.5790079E+02  0.1769444E-04  0.3960671E-04 -0.4305125E-04
Ar 1555  0.1313748E+02  0.1573219E+02  0.6047131E+02 -0.3914013E-04 -0.3507800E-04  0.6976996E-05
Ar 1556  0.1052983E+02  0.1846678E+02  0.6041646E+02  0.5607980E-04 -0.6365013E-04 -0.7928153E-04
Ar 1557  0.1049972E+02  0.1583135E+02  0.6301873E+02  0.1401303E-03  0.4934587E-04 -0.3770877E-04
Ar 1558  0.1316510E+02  0.1839385E+02  0.6308220E+02 -0.2536890E-04 -0.2970246E-04  0.9232355E-04
Ar 1559  0.1318605E+02  0.1586704E+02  0.6574353E+02 -0.2188070E-04  0.2216702E-04 -0.3754021E-07
Ar 1560  0.1050971E+02  0.1842626E+02  0.6577001E+02 -0.3953809E-04 -0.1986448E-05  0.1739800E-04
Ar 1561  0.1057790E+02  0.2123035E+02  0.6830629E+02 -0.1874768E-04  0.1892551E-05 -0.3602478E-04
Ar 1562  0.1316357E+02  0.2367999E+02  0.6837311E+02 -0.8397573E-04  0.3518759E-04 -0.5541528E-04
Ar 1563  0.1319716E+02  0.2105761E+02  0.2580002E+01 -0.2526040E-04 -0.9803627E-04  0.4495548E-04
Ar 1564  0.1051781E+02  0.2372098E+02  0.2631516E+01  0.1415202E-05 -0.3458354E-04 -0.5489440E-04
Ar 1565  0.1041565E+02  0.2097180E+02  0.5298777E+01  0.1879514E-04  0.5637793E-04  0.1058570E-04
Ar 1566  0.1324836E+02  0.2362901E+02  0.5333788E+01  0.2973479E-04  0.1406959E-05 -0.2407841E-04
Ar 1567  0.1325110E+02  0.2105260E+02  0.7927561E+01  0.4943104E-04 -0.5225726E-04 -0.5464604E-04
Ar 1568  0.1044857E+02  0.2364605E+02  0.7894225E+01 -0.2539444E-04  0.3010990E-04 -0.1837363E-03
Ar 1569  0.1043245E+02  0.2102557E+02  0.1040866E+02  0.1934655E-04  0.3182969E-04  0.1592758E-04
Ar 1570  0.1304008E+02  0.2371644E+02  0.1059818E+02 -0.1755979E-05 -0.7349335E-04  0.1848895E-04
Ar 1571  0.1310784E+02  0.2104248E+02  0.1321653E+02 -0.4323864E-04 -0.5315054E-04 -0.2725391E-04
Ar 1572  0.1043922E+02  0.2371374E+02  0.1309783E+02  0.4032271E-04 -0.3586723E-04  0.1317202E-04
Ar 1573  0.1047457E+02  0.2101185E+02  0.1584569E+02  0.4627891E-04  0.1627629E-04 -0.2065893E-04
Ar 1574  0.1318501E+02  0.2367911E+02  0.1575227E+02 -0.3393864E-05 -0.7097366E-04 -0.2667446E-04
Ar 1575  0.1314463E+02  0.2101124E+02  0.1836278E+02  0.7068906E-04 -0.5056098E-05  0.6192853E-04
Ar 1576  0.1054163E+02  0.2380091E+02  0.1840373E+02 -0.8251145E-04 -0.3485662E-04  0.5381885E-05
Ar 1577  0.1056541E+02  0.2107331E+02  0.2112476E+02 -0.1409285E-03  0.6842127E-04 -0.2566567E-04
Ar 1578  0.1321584E+02  0.2366454E+02  0.2101569E+02 -0.1034606E-04 -0.7007285E-04  0.6776433E-04
Ar 1579  0.1307633E+02  0.2102327E+02  0.2365675E+02 -0.5565039E-04  0.1707555E-04  0.1057746E-03
Ar 1580  0.1052247E+02  0.2372716E+02  0.2363720E+02  0.4057579E-04 -0.1309565E-04  0.2173412E-04
Ar 1581  0.1046584E+02  0.2108274E+02  0.2625707E+02 -0.9172705E-04  0.6352731E-04  0.3000743E-04
Ar 1582  0.1311734E+02  0.2360697E+02  0.2631588E+02  0.3359354E-04  0.3128407E-04 -0.4044281E-04
Ar 1583  0.1320927E+02  0.2113921E+02  0.2895482E+02 -0.5711472E-04  0.1352083E-04 -0.2155723E-04
Ar 1584  0.1062299E+02  0.2355000E+02  0.2887151E+02 -0.4754913E-05 -0.5117944E-04  0.5694273E-04
Ar 1585  0.1057994E+02  0.2110684E+02  0.3146886E+02 -0.9906662E-05 -0.4917189E-04  0.6308440E-04
Ar 1586  0.1306489E+02  0.2358585E+02  0.3157985E+02 -0.8125412E-04  0.5138753E-04 -0.6404384E-04
Ar 1587  0.1314046E+02  0.2106859E+02  0.3410875E+02 -0.6348843E-04 -0.3528285E-04  0.1622641E-04
Ar 1588  0.1057946E+02  0.2378541E+02  0.3414901E+02  0.1218076E-04  0.4252523E-06 -0.1497413E-04
Ar 1589  0.1048268E+02  0.2111925E+02  0.3676166E+02 -0.9347306E-05  0.2868148E-04  0.2836218E-04
Ar 1590  0.1316270E+02  0.2371891E+02  0.3684851E+02 -0.1083669E-04 -0.2338307E-04 -0.1611451E-04
Ar 1591  0.1315576E+02  0.2113719E+02  0.3957512E+02 -0.1008081E-03 -0.6806540E-04  0.1407671E-04
Ar 1592  0.1045780E+02  0.2372629E+02  0.3948938E+02  0.6100576E-04 -0.8238602E-04 -0.3918150E-04
Ar 1593  0.1052833E+02  0.2105689E+02  0.4218527E+02 -0.9613502E-05 -0.5455167E-04 -0.1985573E-04
Ar 1594  0.1306974E+02  0.2381796E+02  0.4213516E+02  0.1373526E-04 -0.5929521E-05  0.1328382E-04
Ar 1595  0.1315947E+02  0.2102469E+02  0.4482474E+02  0.4938499E-04  0.1190310E-03 -0.5364319E-05
Ar 1596  0.1048876E+02  0.2352687E+02  0.4476804E+02 -0.1365667E-04 -0.7098083E-04 -0.1562815E-04
Ar 1597  0.1037157E+02  0.2101764E+02  0.4745936E+02  0.3910274E-04  0.8078174E-05 -0.2730234E-04
Ar 1598  0.1312126E+02  0.2358424E+02  0.4730256E+02  0.1002826E-03  0.9219126E-05 -0.3112630E-04
Ar 1599  0.1317550E+02  0.2104742E+02  0.5004558E+02 -0.1631951E-05  0.1108697E-04 -0.2612861E-04
Ar 1600  0.1046704E+02  0.2370512E+02  0.5010016E+02 -0.4167408E-04 -0.6026071E-04  0.2324495E-04
Ar 1601  0.1056607E+02  0.2098574E+02  0.5262843E+02 -0.1279013E-04  0.2251934E-05 -0.3154955E-05
Ar 1602  0.1331293E+02  0.2361335E+02  0.5259789E+02  0.1167787E-03  0.3150510E-04 -0.7487721E-04
Ar 1603  0.1319710E+02  0.2103885E+02  0.5527195E+02 -0.4823605E-04 -0.5339103E-05  0.3417793E-04
Ar 1604  0.1048898E+02  0.2362754E+02  0.5510146E+02  0.4166497E-04  0.1395163E-04 -0.1171567E-03
Ar 1605  0.1056264E+02  0.2107960E+02  0.5786814E+02  0.3038776E-04 -0.1917638E-04 -0.5623740E-04
Ar 1606  0.1318343E+02  0.2365688E+02  0.5790008E+02  0.5727683E-05  0.4030867E-04  0.1825383E-04
Ar 1607  0.1307181E+02  0.2098716E+02  0.6048926E+02 -0.8060731E-04  0.3412909E-04  0.4157813E-04
Ar 1608  0.1044708E+02  0.2375676E+02  0.6044660E+02 -0.2408060E-05 -0.5257458E-04  0.1245584E-04
Ar 1609  0.1049022E+02  0.2113978E+02  0.6325908E+02 -0.4218249E-04 -0.2390730E-04  0.3886591E-04
Ar 1610  0.1311793E+02  0.2367828E+02  0.6305055E+02 -0.5741726E-04 -0.8243907E-05 -0.2629771E-04
Ar 1611  0.1322036E+02  0.2104146E+02  0.6572515E+02 -0.3377829E-06 -0.5480259E-04 -0.1217000E-04
Ar 1612  0.1050113E+02  0.2363084E+02  0.6580472E+02  0.3630877E-04  0.1847330E-04 -0.4250581E-04
Ar 1613  0.1056802E+02  0.2626676E+02  0.5365230E-02  0.1402654E-04 -0.5001375E-04 -0.7797592E-04
Ar 1614  0.1319959E+02  0.2913948E+02  0.6836206E+02 -0.4485652E-04  0.5153235E-04 -0.9326114E-04
Ar 1615  0.1325139E+02  0.2631080E+02  0.2619154E+01  0.3008966E-04 -0.2835952E-04 -0.3632148E-04
Ar 1616  0.1057763E+02  0.2888619E+02  0.2658410E+01  0.1849853E-04  0.1245373E-03  0.3296961E-04
Ar 1617  0.1058060E+02  0.2624073E+02  0.5215507E+01  0.3142077E-04 -0.1421002E-04  0.7226710E-04
Ar 1618  0.1321118E+02  0.2899467E+02  0.5190650E+01  0.9119714E-04 -0.5158802E-05 -0.2169189E-04
Ar 1619  0.1322736E+02  0.2624733E+02  0.7901230E+01  0.2038714E-04  0.2350628E-04 -0.2732181E-04
Ar 1620  0.1053373E+02  0.2888408E+02  0.7851745E+01  0.6262162E-04 -0.5390405E-05 -0.7914851E-04
Ar 1621  0.1050398E+02  0.2624115E+02  0.1050897E+02 -0.3077282E-05 -0.5316290E-04  0.1208000E-04
Ar 1622  0.1311012E+02  0.2893674E+02  0.1045728E+02 -0.5991923E-04 -0.7287437E-04 -0.1855421E-04
Ar 1623  0.1325521E+02  0.2628900E+02  0.1316000E+02 -0.7147162E-05  0.1498215E-03  0.6651095E-04
Ar 1624  0.1053798E+02  0.2885536E+02  0.1324377E+02 -0.4860286E-04 -0.5139854E-04  0.9704870E-04
Ar 1625  0.1065805E+02  0.2625266E+02  0.1578980E+02  0.1879807E-04 -0.7743866E-04 -0.4568299E-04
Ar 1626  0.1320769E+02  0.2899635E+02  0.1576839E+02 -0.4323163E-04 -0.3863637E-04  0.8636932E-04
Ar 1627  0.1308914E+02  0.2629793E+02  0.1836440E+02  0.5531351E-04  0.2018195E-04  0.7861936E-04
Ar 1628  0.1041957E+02  0.2895681E+02  0.1829721E+02  0.6484398E-05  0.2403096E-04 -0.7636728E-05
Ar 1629  0.1055443E+02  0.2630317E+02  0.2113776E+02 -0.5815416E-06  0.2396818E-04  0.1637575E-04
Ar 1630  0.1320589E+02  0.2901016E+02  0.2099029E+02 -0.3174145E-04  0.6040668E-04 -0.1127971E-04
Ar 1631  0.1317135E+02  0.2631630E+02  0.2366492E+02  0.7599406E-04  0.3954692E-04 -0.8188992E-04
Ar 1632  0.1053779E+02  0.2899466E+02  0.2366624E+02 -0.1108447E-04 -0.1774941E-04 -0.2190789E-04
Ar 1633  0.1049531E+02  0.2630369E+02  0.2628854E+02  0.5659043E-04 -0.2108402E-04  0.3177510E-04
Ar 1634  0.1314646E+02  0.2900704E+02  0.2627301E+02 -0.1011001E-03 -0.9248571E-05  0.1250155E-04
Ar 1635  0.1316300E+02  0.2631384E+02  0.2896511E+02  0.1564721E-04 -0.1034844E-04 -0.7375196E-04
Ar 1636  0.1051547E+02  0.2875989E+02  0.2879972E+02 -0.4470692E-04  0.3178948E-04 -0.3868260E-04
Ar 1637  0.1049225E+02  0.2642310E+02  0.3154407E+02  0.3449490E-04  0.6821483E-04 -0.3307513E-04
Ar 1638  0.1328851E+02  0.2890909E+02  0.3172048E+02  0.2316128E-04 -0.2636099E-04  0.2803730E-04
Ar 1639  0.1325133E+02  0.2640912E+02  0.3418684E+02 -0.7153410E-04  0.7539800E-05 -0.1316073E-04
Ar 1640  0.1048787E+02  0.2900626E+02  0.3424971E+02 -0.5066804E-04 -0.2192856E-04  0.4256629E-04
Ar 1641  0.1047381E+02  0.2630097E+02  0.3685935E+02 -0.2813694E-04  0.1016226E-03  0.3071925E-04
Ar 1642  0.1313495E+02  0.2886361E+02  0.3687492E+02 -0.2646829E-04 -0.4100506E-04 -0.6159129E-04
Ar 1643  0.1317058E+02  0.2626462E+02  0.3939837E+02 -0.6693377E-04  0.4157100E-04 -0.2730180E-04
Ar 1644  0.1058623E+02  0.2902830E+02  0.3948369E+02  0.7656677E-04 -0.3779055E-04  0.3875735E-04
Ar 1645  0.1047179E+02  0.2637536E+02  0.4215593E+02 -0.9259018E-04  0.1768500E-04 -0.8228150E-04
Ar 1646  0.1325247E+02  0.2893606E+02  0.4214113E+02 -0.4343829E-04 -0.3173791E-04 -0.2044223E-04
Ar 1647  0.1313290E+02  0.2621296E+02  0.4469326E+02 -0.4813332E-04 -0.1422575E-04  0.4813942E-04
Ar 1648  0.1041562E+02  0.2897911E+02  0.4477657E+02  0.2300839E-05  0.4990858E-05 -0.3500531E-04
Ar 1649  0.1050031E+02  0.2626985E+02  0.4745005E+02 -0.6603125E-05 -0.2353638E-04  0.4831475E-04
Ar 1650  0.1322618E+02  0.2888996E+02  0.4722123E+02 -0.3939511E-04  0.8290176E-04  0.5180734E-05
Ar 1651  0.1316544E+02  0.2634221E+02  0.5004634E+02 -0.7960041E-04  0.4698146E-04 -0.3896629E-04
Ar 1652  0.1053129E+02  0.2902326E+02  0.4999937E+02  0.5843540E-05  0.1721500E-04 -0.5844398E-04
Ar 1653  0.1049107E+02  0.2632754E+02  0.5275999E+02  0.4643974E-04  0.9699598E-05  0.6096741E-04
Ar 1654  0.1316003E+02  0.2890427E+02  0.5271335E+02 -0.2732989E-05 -0.5684896E-04  0.9399641E-05
Ar 1655  0.1309165E+02  0.2628258E+02  0.5513189E+02 -0.6295396E-04 -0.1710764E-04 -0.9371550E-05
Ar 1656  0.1042510E+02  0.2896119E+02  0.5525969E+02  0.7376364E-04  0.3752155E-04 -0.1119634E-03
Ar 1657  0.1062840E+02  0.2631635E+02  0.5787343E+02  0.5772361E-04 -0.3766026E-05 -0.1257285E-04
Ar 1658  0.1308075E+02  0.2904077E+02  0.5807020E+02  0.8537089E-04  0.1927853E-04 -0.2620148E-05
Ar 1659  0.1312275E+02  0.2636939E+02  0.6054895E+02  0.8037434E-04  0.1347267E-04 -0.4032149E-04
Ar 1660  0.1041890E+02  0.2900435E+02  0.6048693E+02  0.9543167E-04 -0.6146753E-04 -0.7940462E-04
Ar 1661  0.1062828E+02  0.2624912E+02  0.6318768E+02  0.6391621E-04  0.2523247E-04 -0.4455327E-04
Ar 1662  0.1314344E+02  0.2897089E+02  0.6317669E+02  0.1394609E-06  0.3142537E-04 -0.4351921E-04
Ar 1663  0.1319629E+02  0.2626866E+02  0.6573574E+02  0.4330370E-04  0.3134773E-04 -0.5106449E-05
Ar 1664  0.1060827E+02  0.2900827E+02  0.6564068E+02  0.2332625E-04 -0.3727582E-04  0.3117567E-04
Ar 1665  0.1058567E+02  0.3161581E+02  0.6836050E+02 -0.4832313E-04 -0.2586391E-05 -0.5833179E-04
Ar 1666  0.1317360E+02  0.3413295E+02  0.6854229E+02 -0.6056088E-04 -0.3293798E-04  0.2877669E-04
Ar 1667  0.1315116E+02  0.3164666E+02  0.2644284E+01 -0.7211932E-04  0.3675384E-04 -0.1276223E-03
Ar 1668  0.1052073E+02  0.3421667E+02  0.2764606E+01  0.1333294E-04 -0.9499732E-05  0.1796370E-04
Ar 1669  0.1056166E+02  0.3162593E+02  0.5227699E+01  0.8023194E-04 -0.4141103E-04 -0.6216884E-04
Ar 1670  0.1314278E+02  0.3420710E+02  0.5265208E+01 -0.8164531E-04 -0.5332647E-05  0.1557840E-04
Ar 1671  0.1314580E+02  0.3154325E+02  0.7940653E+01  0.5216674E-06 -0.6788259E-04  0.5829025E-05
Ar 1672  0.1047056E+02  0.3422134E+02  0.7935312E+01  0.2153687E-04  0.1314984E-04 -0.4196051E-04
Ar 1673  0.1050382E+02  0.3168000E+02  0.1047152E+02 -0.6200609E-04 -0.3470803E-04 -0.8194373E-04
Ar 1674  0.1308441E+02  0.3423684E+02  0.1062579E+02 -0.3664729E-04 -0.3789834E-04 -0.4215516E-04
Ar 1675  0.1313246E+02  0.3162020E+02  0.1312222E+02 -0.3675944E-05  0.1026131E-04  0.3062919E-04
Ar 1676  0.1043626E+02  0.3418618E+02  0.1317551E+02  0.3887367E-04 -0.5170358E-05 -0.1214583E-03
Ar 1677  0.1058851E+02  0.3159654E+02  0.1577156E+02  0.9844449E-04 -0.6880197E-05  0.2422467E-04
Ar 1678  0.1320455E+02  0.3425365E+02  0.1589660E+02  0.3191293E-04  0.1772666E-04  0.3569029E-04
Ar 1679  0.1309512E+02  0.3173564E+02  0.1844376E+02  0.2579314E-05 -0.4702794E-04 -0.7078923E-04
Ar 1680  0.1060168E+02  0.3424144E+02  0.1833508E+02  0.9247325E-04  0.1379038E-04 -0.7448626E-04
Ar 1681  0.1053125E+02  0.3159815E+02  0.2108821E+02 -0.6759839E-04  0.4717988E-04  0.2449163E-04
Ar 1682  0.1332518E+02  0.3432077E+02  0.2101207E+02 -0.4789054E-04  0.6390924E-04 -0.5734711E-04
Ar 1683  0.1317274E+02  0.3150459E+02  0.2363942E+02 -0.4855187E-05 -0.7917812E-04  0.1551784E-04
Ar 1684  0.1062516E+02  0.3422548E+02  0.2372232E+02 -0.2178552E-04 -0.4376178E-04 -0.8796693E-05
Ar 1685  0.1048215E+02  0.3161669E+02  0.2627027E+02 -0.4433955E-04 -0.5192773E-04  0.1597401E-04
Ar 1686  0.1306540E+02  0.3421743E+02  0.2622903E+02 -0.1383601E-04 -0.8923464E-04  0.1488883E-04
Ar 1687  0.1319152E+02  0.3165413E+02  0.2902415E+02 -0.7969127E-04  0.2298243E-04  0.3343389E-04
Ar 1688  0.1053711E+02  0.3423870E+02  0.2896224E+02  0.1539271E-04 -0.4324984E-04  0.4875990E-06
Ar 1689  0.1045970E+02  0.3156015E+02  0.3164977E+02 -0.4888513E-04  0.2861975E-04 -0.3049616E-04
Ar 1690  0.1304102E+02  0.3423913E+02  0.3161153E+02 -0.2438482E-05  0.3140786E-04  0.1935680E-04
Ar 1691  0.1312534E+02  0.3152721E+02  0.3434252E+02 -0.4516572E-04 -0.2311864E-04  0.2678103E-05
Ar 1692  0.1059254E+02  0.3421007E+02  0.3416504E+02  0.5571458E-04  0.2286465E-04 -0.2771492E-04
Ar 1693  0.1058520E+02  0.3158635E+02  0.3679150E+02  0.7076546E-04 -0.1443302E-04 -0.2380512E-04
Ar 1694  0.1309438E+02  0.3426394E+02  0.3694609E+02  0.2907869E-04 -0.1012874E-03 -0.3144541E-04
Ar 1695  0.1312616E+02  0.3161848E+02  0.3948667E+02 -0.5614403E-04  0.2489891E-04 -0.2055093E-04
Ar 1696  0.1041162E+02  0.3417388E+02  0.3948879E+02 -0.1791190E-04  0.3090819E-04 -0.2539883E-04
Ar 1697  0.1051036E+02  0.3156613E+02  0.4214082E+02 -0.8369706E-05 -0.4055690E-04  0.1822684E-04
Ar 1698  0.1328694E+02  0.3416702E+02  0.4210440E+02  0.6188492E-04  0.3965915E-04 -0.2542757E-04
Ar 1699  0.1303037E+02  0.3153521E+02  0.4461219E+02 -0.2129639E-04  0.4363075E-04 -0.1306002E-03
Ar 1700  0.1056533E+02  0.3414886E+02  0.4479906E+02 -0.4713071E-04 -0.4237530E-04  0.8508869E-05
Ar 1701  0.1049330E+02  0.3149290E+02  0.4739908E+02  0.1196622E-04 -0.2132305E-04 -0.5030223E-04
Ar 1702  0.1317948E+02  0.3416296E+02  0.4728579E+02  0.3065534E-04 -0.2259284E-04 -0.3537823E-05
Ar 1703  0.1322612E+02  0.3147657E+02  0.4997647E+02 -0.4889880E-04 -0.7789977E-04 -0.1003728E-03
Ar 1704  0.1055019E+02  0.3410020E+02  0.5002131E+02 -0.4429882E-04 -0.6434573E-04 -0.4290286E-05
Ar 1705  0.1048020E+02  0.3163155E+02  0.5262935E+02  0.5676769E-04  0.1405454E-04 -0.3950549E-04
Ar 1706  0.1314078E+02  0.3425453E+02  0.5252494E+02 -0.5820012E-04 -0.5251251E-04  0.4402171E-04
Ar 1707  0.1323188E+02  0.3160299E+02  0.5514411E+02 -0.2826505E-04 -0.4468917E-04 -0.8149259E-04
Ar 1708  0.1037666E+02  0.3423815E+02  0.5519661E+02 -0.8304514E-04 -0.7643419E-05 -0.3084845E-04
Ar 1709  0.1049519E+02  0.3143771E+02  0.5792105E+02 -0.5071442E-04 -0.5415533E-04 -0.7129269E-04
Ar 1710  0.1309815E+02  0.3416814E+02  0.5793373E+02 -0.2841933E-04 -0.3585508E-04 -0.3704542E-05
Ar 1711  0.1321646E+02  0.3157773E+02  0.6047548E+02  0.1892144E-04  0.1645794E-04 -0.4064330E-04
Ar 1712  0.1055340E+02  0.3422194E+02  0.6050276E+02 -0.1526675E-04  0.7411640E-04 -0.9717945E-05
Ar 1713  0.1056340E+02  0.3168278E+02  0.6322357E+02 -0.1009394E-03 -0.2503235E-04  0.3518009E-04
Ar 1714  0.1313507E+02  0.3420312E+02  0.6314989E+02 -0.2923689E-04  0.1646892E-04 -0.4089728E-04
Ar 1715  0.1327045E+02  0.3166118E+02  0.6575014E+02  0.8072014E-05 -0.1130459E-03 -0.3330502E-04
Ar 1716  0.1054044E+02  0.3408410E+02  0.6578744E+02 -0.8812897E-05 -0.7141452E-04 -0.8456491E-04
Ar 1717  0.1057278E+02  0.3684536E+02  0.5954673E-01 -0.1005830E-03 -0.7842174E-04  0.5954471E-04
Ar 1718  0.1315266E+02  0.3943611E+02  0.6836441E+02  0.2150460E-04 -0.7787218E-04  0.2833378E-06
Ar 1719  0.1309732E+02  0.3684229E+02  0.2558212E+01  0.8856990E-04 -0.2682768E-04  0.4366615E-05
Ar 1720  0.1043051E+02  0.3946905E+02  0.2680480E+01  0.2564333E-04 -0.5339932E-04  0.5034547E-04
Ar 1721  0.1050194E+02  0.3681575E+02  0.5272948E+01  0.2702584E-04  0.4865909E-04 -0.2969568E-04
Ar 1722  0.1317503E+02  0.3945722E+02  0.5199695E+01 -0.5261835E-04 -0.2935175E-04  0.1980847E-04
Ar 1723  0.1317162E+02  0.3671185E+02  0.7881727E+01 -0.1120528E-03 -0.1590759E-04 -0.2479493E-04
Ar 1724  0.1051954E+02  0.3943413E+02  0.7839464E+01  0.5721186E-04  0.1728993E-04 -0.1737718E-04
Ar 1725  0.1057508E+02  0.3696546E+02  0.1060260E+02 -0.5610053E-04  0.4412873E-06  0.3346223E-05
Ar 1726  0.1325635E+02  0.3949526E+02  0.1046166E+02  0.3248700E-04 -0.2415682E-04 -0.4296296E-04
Ar 1727  0.1315100E+02  0.3687832E+02  0.1328586E+02 -0.9945543E-05  0.1480890E-04  0.7573358E-04
Ar 1728  0.1058194E+02  0.3949000E+02  0.1312808E+02  0.2859930E-04  0.5538535E-04  0.5247928E-04
Ar 1729  0.1046287E+02  0.3671918E+02  0.1582267E+02 -0.7485779E-04 -0.7543594E-04 -0.1784360E-04
Ar 1730  0.1315248E+02  0.3941981E+02  0.1570190E+02 -0.1005520E-03 -0.2971559E-05  0.5005825E-04
Ar 1731  0.1326720E+02  0.3683552E+02  0.1841258E+02  0.5106419E-04 -0.2612492E-04 -0.2169866E-04
Ar 1732  0.1063511E+02  0.3951660E+02  0.1836189E+02  0.4765867E-04  0.6708137E-04  0.4772148E-05
Ar 1733  0.1048130E+02  0.3689874E+02  0.2106798E+02 -0.7214148E-04 -0.8341980E-04  0.2013689E-04
Ar 1734  0.1329447E+02  0.3951366E+02  0.2111906E+02  0.2183752E-07  0.4511274E-04  0.3171945E-04
Ar 1735  0.1308926E+02  0.3682268E+02  0.2366885E+02  0.9110736E-04 -0.2731078E-04 -0.5236902E-04
Ar 1736  0.1056975E+02  0.3945843E+02  0.2375683E+02 -0.1739870E-04 -0.4074444E-04  0.8052940E-04
Ar 1737  0.1054224E+02  0.3675390E+02  0.2646243E+02  0.3111741E-04 -0.1693238E-04  0.5679314E-04
Ar 1738  0.1320525E+02  0.3950661E+02  0.2628913E+02  0.6205873E-04  0.4035454E-04  0.3662220E-04
Ar 1739  0.1318339E+02  0.3674700E+02  0.2908506E+02 -0.1400554E-03 -0.5755459E-04 -0.4683569E-04
Ar 1740  0.1050306E+02  0.3952298E+02  0.2896260E+02  0.4383053E-04 -0.7005506E-04 -0.4287891E-04
Ar 1741  0.1050705E+02  0.3678493E+02  0.3159580E+02  0.2445722E-04 -0.5979485E-04 -0.6422661E-04
Ar 1742  0.1308294E+02  0.3945926E+02  0.3154507E+02  0.1587682E-04  0.8684129E-04  0.8842434E-05
Ar 1743  0.1315088E+02  0.3683880E+02  0.3409999E+02 -0.7907929E-05  0.2616000E-04  0.4988086E-04
Ar 1744  0.1061927E+02  0.3950480E+02  0.3421401E+02 -0.5000799E-04 -0.1473223E-06  0.3561331E-04
Ar 1745  0.1041192E+02  0.3689255E+02  0.3678636E+02  0.3728692E-04 -0.1993947E-04  0.1426427E-05
Ar 1746  0.1319632E+02  0.3950826E+02  0.3681152E+02  0.2219523E-04 -0.1130999E-03  0.1219232E-05
Ar 1747  0.1313543E+02  0.3682194E+02  0.3950574E+02  0.6540137E-04  0.3696435E-05  0.3486709E-04
Ar 1748  0.1045087E+02  0.3933950E+02  0.3951078E+02 -0.5413693E-04 -0.1307484E-04 -0.6795870E-04
Ar 1749  0.1066160E+02  0.3676079E+02  0.4208668E+02 -0.1025370E-03  0.1066105E-03  0.2396751E-04
Ar 1750  0.1324796E+02  0.3949007E+02  0.4201286E+02  0.2102505E-04 -0.9950809E-04  0.1173276E-05
Ar 1751  0.1313602E+02  0.3674085E+02  0.4471910E+02  0.6589554E-04 -0.2947856E-04 -0.3326348E-04
Ar 1752  0.1059721E+02  0.3937476E+02  0.4471649E+02  0.2976697E-04  0.5169727E-05  0.4797435E-05
Ar 1753  0.1052215E+02  0.3696010E+02  0.4735021E+02 -0.2345851E-04 -0.1108996E-04  0.7762158E-05
Ar 1754  0.1315197E+02  0.3949124E+02  0.4734285E+02  0.5461760E-05 -0.3414071E-04  0.1639645E-04
Ar 1755  0.1314354E+02  0.3684179E+02  0.5000634E+02 -0.7404185E-04 -0.3763912E-04  0.6653639E-05
Ar 1756  0.1048526E+02  0.3950797E+02  0.5003328E+02  0.2685088E-04 -0.3788061E-04  0.3488668E-04
Ar 1757  0.1052766E+02  0.3688988E+02  0.5256269E+02 -0.6166039E-05  0.2403568E-04  0.4666577E-05
Ar 1758  0.1316533E+02  0.3953082E+02  0.5261162E+02  0.1008258E-03 -0.3426638E-04 -0.7989805E-04
Ar 1759  0.1309128E+02  0.3680858E+02  0.5522928E+02  0.5624304E-04 -0.4580091E-04 -0.1243651E-03
Ar 1760  0.1042744E+02  0.3938631E+02  0.5518547E+02  0.6881794E-04 -0.1273142E-04 -0.7126672E-04
Ar 1761  0.1057977E+02  0.3676861E+02  0.5802224E+02  0.7597902E-05  0.3697442E-04 -0.2494784E-04
Ar 1762  0.1314332E+02  0.3940282E+02  0.5790684E+02  0.1811915E-04 -0.3460640E-05  0.7282408E-05
Ar 1763  0.1308389E+02  0.3682098E+02  0.6055247E+02 -0.5862630E-04 -0.3659568E-04  0.2687819E-04
Ar 1764  0.1059813E+02  0.3944404E+02  0.6046353E+02 -0.2898180E-04  0.3265225E-05  0.2864907E-04
Ar 1765  0.1034877E+02  0.3683442E+02  0.6299954E+02 -0.1128588E-03 -0.6471113E-05 -0.6628810E-04
Ar 1766  0.1316296E+02  0.3967096E+02  0.6323496E+02 -0.1300982E-03  0.3009163E-04 -0.3142375E-04
Ar 1767  0.1316059E+02  0.3676439E+02  0.6580960E+02 -0.5860532E-05  0.1394418E-04 -0.7285923E-05
Ar 1768  0.1049556E+02  0.3952200E+02  0.6584050E+02 -0.8092761E-04 -0.5172317E-04 -0.3105037E-04
Ar 1769  0.1043984E+02  0.4207250E+02  0.6842759E+02 -0.5316904E-04 -0.1567797E-04  0.3943683E-04
Ar 1770  0.1316748E+02  0.4465075E+02  0.4715087E-01 -0.7799279E-04  0.4531192E-04 -0.2584692E-04
Ar 1771  0.1308783E+02  0.4207894E+02  0.2697784E+01 -0.1326099E-04  0.1381880E-04  0.3174423E-04
Ar 1772  0.1056155E+02  0.4466523E+02  0.2647743E+01  0.5781574E-04 -0.4654143E-04 -0.5753852E-04
Ar 1773  0.1044585E+02  0.4198152E+02  0.5286316E+01  0.1072457E-04  0.8637997E-06  0.2629330E-04
Ar 1774  0.1322029E+02  0.4475606E+02  0.5288795E+01  0.9821183E-05  0.6204528E-04 -0.2182525E-04
Ar 1775  0.1321294E+02  0.4211198E+02  0.7961772E+01  0.3657896E-04 -0.6505970E-04  0.1140729E-03
Ar 1776  0.1047671E+02  0.4477631E+02  0.7815899E+01 -0.4626545E-04 -0.7474493E-04  0.2062542E-04
Ar 1777  0.1061127E+02  0.4206580E+02  0.1050186E+02 -0.8112422E-04 -0.1193251E-03 -0.3326972E-04
Ar 1778  0.1315892E+02  0.4483368E+02  0.1052240E+02 -0.4510159E-04 -0.4786104E-04  0.3259353E-04
Ar 1779  0.1314679E+02  0.4214108E+02  0.1317284E+02 -0.5755037E-05 -0.2891363E-04  0.4263885E-04
Ar 1780  0.1044986E+02  0.4477291E+02  0.1311248E+02  0.1625378E-04 -0.1969424E-04 -0.1970051E-05
Ar 1781  0.1058046E+02  0.4208385E+02  0.1574708E+02 -0.5214141E-04 -0.7962886E-04 -0.1327327E-04
Ar 1782  0.1316363E+02  0.4472315E+02  0.1584826E+02 -0.5557249E-04 -0.2431663E-04 -0.6579953E-04
Ar 1783  0.1318449E+02  0.4212432E+02  0.1838717E+02  0.2366901E-04 -0.1598500E-04 -0.4076871E-04
Ar 1784  0.1055518E+02  0.4470295E+02  0.1841905E+02 -0.8249309E-05 -0.7810619E-05 -0.4483134E-04
Ar 1785  0.1054309E+02  0.4207137E+02  0.2105712E+02  0.6605668E-04 -0.3109300E-04  0.4580280E-04
Ar 1786  0.1310813E+02  0.4465658E+02  0.2100968E+02  0.1376392E-04  0.6376667E-04 -0.4210248E-04
Ar 1787  0.1321162E+02  0.4222480E+02  0.2363856E+02  0.1553095E-04 -0.2563322E-04  0.2590256E-04
Ar 1788  0.1050710E+02  0.4483804E+02  0.2363715E+02 -0.8329162E-04 -0.6066298E-04  0.2778012E-04
Ar 1789  0.1050571E+02  0.4211143E+02  0.2632439E+02  0.1288950E-04  0.1865678E-04  0.3005003E-04
Ar 1790  0.1309424E+02  0.4463945E+02  0.2632257E+02  0.1150000E-03 -0.6342534E-04  0.4028421E-04
Ar 1791  0.1309946E+02  0.4206345E+02  0.2904060E+02  0.4499776E-04  0.2002891E-04 -0.2986886E-04
Ar 1792  0.1055417E+02  0.4471479E+02  0.2895430E+02 -0.3181643E-04  0.1545974E-04  0.4464094E-04
Ar 1793  0.1053240E+02  0.4210008E+02  0.3141774E+02 -0.2133519E-04 -0.1892759E-04 -0.1844727E-04
Ar 1794  0.1305492E+02  0.4468039E+02  0.3157256E+02  0.1111072E-03 -0.6116858E-04 -0.2208161E-04
Ar 1795  0.1306464E+02  0.4211100E+02  0.3412244E+02 -0.2306383E-04 -0.9498277E-04 -0.8095087E-04
Ar 1796  0.1049867E+02  0.4469770E+02  0.3424632E+02  0.1223931E-04 -0.2838217E-04  0.7698699E-05
Ar 1797  0.1051858E+02  0.4209283E+02  0.3676469E+02 -0.5520696E-05 -0.1223668E-04 -0.1760174E-04
Ar 1798  0.1313669E+02  0.4468816E+02  0.3673825E+02  0.4527075E-05 -0.1209380E-04 -0.1379810E-04
Ar 1799  0.1328220E+02  0.4216708E+02  0.3951755E+02  0.8037520E-05  0.1665543E-04  0.6442146E-05
Ar 1800  0.1057320E+02  0.4469242E+02  0.3954177E+02 -0.2496660E-04  0.1393742E-04  0.5581192E-04
Ar 1801  0.1048701E+02  0.4213845E+02  0.4213459E+02  0.1419613E-04  0.1640023E-04 -0.6960344E-04
Ar 1802  0.1318069E+02  0.4481908E+02  0.4216657E+02 -0.1116744E-03  0.7422900E-04 -0.1187763E-04
Ar 1803  0.1311777E+02  0.4205936E+02  0.4463959E+02  0.3116705E-04 -0.7105808E-04 -0.6281100E-04
Ar 1804  0.1054082E+02  0.4475044E+02  0.4476882E+02  0.2252480E-04 -0.4193151E-04 -0.1000861E-03
Ar 1805  0.1045761E+02  0.4199456E+02  0.4739243E+02 -0.6500968E-04 -0.5354441E-04 -0.2414488E-04
Ar 1806  0.1314790E+02  0.4479556E+02  0.4725976E+02 -0.5759504E-04  0.7289554E-04 -0.1313127E-03
Ar 1807  0.1320855E+02  0.4211974E+02  0.5014977E+02  0.6153732E-04 -0.5698426E-04  0.1170060E-03
Ar 1808  0.1059092E+02  0.4472882E+02  0.5006617E+02  0.1736690E-04 -0.1145034E-05 -0.7196730E-04
Ar 1809  0.1048969E+02  0.4214221E+02  0.5258966E+02  0.3072553E-04 -0.8085935E-05 -0.1128921E-04
Ar 1810  0.1310784E+02  0.4464774E+02  0.5256570E+02 -0.1284793E-04 -0.4496503E-04 -0.1142831E-03
Ar 1811  0.1329927E+02  0.4208840E+02  0.5517514E+02  0.3727275E-05 -0.4655196E-04  0.6279237E-04
Ar 1812  0.1056032E+02  0.4473484E+02  0.5525634E+02 -0.3349581E-04  0.2618810E-04  0.4160111E-04
Ar 1813  0.1054653E+02  0.4209792E+02  0.5791147E+02 -0.9483282E-04  0.7760486E-04  0.3013956E-05
Ar 1814  0.1312302E+02  0.4469306E+02  0.5779890E+02 -0.8134811E-04 -0.1219351E-04  0.1572083E-04
Ar 1815  0.1302451E+02  0.4210482E+02  0.6062164E+02 -0.3949118E-04 -0.8498413E-04 -0.4261330E-04
Ar 1816  0.1053005E+02  0.4470541E+02  0.6048971E+02 -0.3150873E-04  0.2712812E-04 -0.4767094E-04
Ar 1817  0.1037266E+02  0.4214493E+02  0.6314031E+02  0.5063031E-04 -0.6058053E-04 -0.2764429E-04
Ar 1818  0.1326260E+02  0.4487494E+02  0.6313788E+02  0.1605629E-04 -0.2098924E-04 -0.9354794E-05
Ar 1819  0.1320005E+02  0.4213072E+02  0.6586209E+02 -0.1157872E-04 -0.1557817E-05 -0.3832300E-04
Ar 1820  0.1058514E+02  0.4468760E+02  0.6574970E+02  0.3451955E-04  0.2718254E-04  0.2643801E-05
Ar 1821  0.1056678E+02  0.4748341E+02  0.4043376E-01 -0.1784058E-04  0.3060605E-04  0.8074702E-04
Ar 1822  0.1309958E+02  0.4989316E+02  0.6833526E+02  0.2869724E-04  0.5731501E-04 -0.3682502E-04
Ar 1823  0.1326572E+02  0.4717052E+02  0.2685554E+01  0.6436128E-05 -0.1435830E-06  0.8100603E-04
Ar 1824  0.1057199E+02  0.5006226E+02  0.2716160E+01  0.1066969E-03 -0.6714351E-04  0.8610837E-04
Ar 1825  0.1053086E+02  0.4731051E+02  0.5197339E+01 -0.6285056E-05  0.1004650E-05 -0.6085359E-04
Ar 1826  0.1315632E+02  0.4992702E+02  0.5359631E+01 -0.1031466E-03  0.7466534E-05  0.1048776E-04
Ar 1827  0.1331621E+02  0.4733569E+02  0.7932747E+01 -0.1367163E-04 -0.2961718E-04  0.1876090E-04
Ar 1828  0.1060821E+02  0.4998303E+02  0.8032961E+01  0.1107015E-04 -0.6360863E-05  0.1375393E-04
Ar 1829  0.1068936E+02  0.4735814E+02  0.1051719E+02  0.1278738E-04  0.3348502E-04 -0.6504520E-05
Ar 1830  0.1315905E+02  0.5008697E+02  0.1058577E+02  0.9075010E-05 -0.9253523E-05 -0.4290662E-04
Ar 1831  0.1302458E+02  0.4741903E+02  0.1320707E+02 -0.2287465E-04 -0.2202652E-04  0.3131545E-04
Ar 1832  0.1052917E+02  0.4992386E+02  0.1311320E+02 -0.7062428E-04  0.5555989E-05  0.1862405E-04
Ar 1833  0.1054873E+02  0.4726567E+02  0.1578021E+02 -0.3013003E-04  0.4123072E-04 -0.4671035E-04
Ar 1834  0.1314797E+02  0.4998821E+02  0.1591418E+02  0.5258554E-05  0.2245649E-05 -0.7601234E-04
Ar 1835  0.1308385E+02  0.4737891E+02  0.1846350E+02 -0.1673352E-04  0.6055944E-04 -0.1444804E-03
Ar 1836  0.1064555E+02  0.4998481E+02  0.1844482E+02 -0.9079113E-04  0.2763414E-04 -0.2698574E-04
Ar 1837  0.1047858E+02  0.4731197E+02  0.2099921E+02 -0.1224472E-03 -0.6597675E-04  0.8196754E-04
Ar 1838  0.1306355E+02  0.5000462E+02  0.2093852E+02  0.2245925E-04 -0.5539983E-04  0.2574006E-04
Ar 1839  0.1324224E+02  0.4743856E+02  0.2372830E+02  0.2788068E-04 -0.4188560E-04  0.7623869E-04
Ar 1840  0.1055261E+02  0.5007843E+02  0.2368695E+02  0.4824946E-04 -0.1206916E-04 -0.6117274E-04
Ar 1841  0.1048114E+02  0.4731491E+02  0.2628087E+02 -0.3257452E-04 -0.1208582E-03  0.5829191E-04
Ar 1842  0.1317438E+02  0.5001651E+02  0.2633155E+02  0.4962157E-04 -0.4421303E-04 -0.3902820E-04
Ar 1843  0.1324787E+02  0.4723766E+02  0.2890836E+02  0.5497332E-04  0.2140759E-04 -0.4720340E-06
Ar 1844  0.1047517E+02  0.5002827E+02  0.2901130E+02  0.1243962E-05 -0.1755378E-04 -0.6865062E-05
Ar 1845  0.1052063E+02  0.4735909E+02  0.3154756E+02  0.3637926E-04  0.1941762E-04  0.5137325E-04
Ar 1846  0.1318866E+02  0.4995940E+02  0.3144285E+02  0.5212465E-04 -0.2773838E-04 -0.7331700E-04
Ar 1847  0.1322185E+02  0.4740735E+02  0.3423366E+02 -0.4120960E-04 -0.1375335E-04  0.4474674E-04
Ar 1848  0.1049144E+02  0.4996967E+02  0.3425257E+02 -0.4787025E-04 -0.9219142E-05 -0.7672168E-04
Ar 1849  0.1049279E+02  0.4733387E+02  0.3699979E+02  0.1642876E-04 -0.3958745E-04 -0.4655333E-04
Ar 1850  0.1312810E+02  0.4996366E+02  0.3685764E+02  0.1366285E-04 -0.2756291E-04  0.4304857E-04
Ar 1851  0.1311845E+02  0.4733205E+02  0.3948725E+02  0.5438747E-05 -0.3188013E-04 -0.2323414E-05
Ar 1852  0.1056864E+02  0.5001537E+02  0.3939282E+02  0.4990020E-04  0.3278650E-04 -0.3262271E-04
Ar 1853  0.1042672E+02  0.4729975E+02  0.4213677E+02 -0.4121397E-04  0.1981836E-04 -0.3926669E-04
Ar 1854  0.1313942E+02  0.5000101E+02  0.4219293E+02  0.3573531E-05 -0.6966821E-04  0.2611338E-04
Ar 1855  0.1318780E+02  0.4730863E+02  0.4475115E+02  0.3133890E-05 -0.4893805E-04 -0.4935699E-04
Ar 1856  0.1046279E+02  0.4998810E+02  0.4474244E+02  0.2779912E-04 -0.4929633E-04  0.5783181E-04
Ar 1857  0.1058144E+02  0.4741547E+02  0.4738645E+02  0.3936919E-04  0.5900083E-04  0.2764153E-04
Ar 1858  0.1312369E+02  0.5003547E+02  0.4731390E+02  0.4977764E-04 -0.4768566E-04 -0.8358059E-05
Ar 1859  0.1306063E+02  0.4746125E+02  0.4995935E+02  0.2571451E-04 -0.2545394E-04 -0.1390707E-04
Ar 1860  0.1065535E+02  0.5006540E+02  0.5005387E+02 -0.6542273E-05  0.2584509E-04 -0.3072416E-04
Ar 1861  0.1062131E+02  0.4742406E+02  0.5263224E+02 -0.1198572E-04 -0.1378505E-03  0.5343300E-04
Ar 1862  0.1310442E+02  0.4995100E+02  0.5261646E+02 -0.2387162E-04 -0.8580111E-05  0.6621967E-04
Ar 1863  0.1313607E+02  0.4733624E+02  0.5519245E+02 -0.3372375E-05 -0.6351651E-04 -0.3806848E-04
Ar 1864  0.1049153E+02  0.5010825E+02  0.5527644E+02 -0.2877196E-04  0.8511329E-05 -0.5227400E-04
Ar 1865  0.1046296E+02  0.4722894E+02  0.5786027E+02  0.2804491E-04  0.1202119E-04  0.2188564E-04
Ar 1866  0.1302825E+02  0.5011249E+02  0.5782687E+02 -0.3843726E-04 -0.5940718E-04  0.4327733E-04
Ar 1867  0.1314255E+02  0.4738248E+02  0.6040484E+02 -0.3074767E-04 -0.3446129E-05 -0.2611477E-04
Ar 1868  0.1052739E+02  0.5000995E+02  0.6044889E+02 -0.9126113E-04 -0.1311296E-05  0.3138366E-04
Ar 1869  0.1054502E+02  0.4745339E+02  0.6313898E+02  0.3793747E-04  0.4882040E-04 -0.7221580E-04
Ar 1870  0.1324080E+02  0.5003602E+02  0.6320807E+02 -0.1955652E-04  0.3293828E-04 -0.5181623E-04
Ar 1871  0.1318410E+02  0.4725443E+02  0.6576957E+02 -0.2534078E-04  0.4293439E-04 -0.1505227E-04
Ar 1872  0.1041659E+02  0.4990873E+02  0.6578366E+02 -0.1027285E-03  0.7907326E-07  0.3761682E-04
Ar 1873  0.1057497E+02  0.5261659E+02  0.6840173E+02 -0.6189334E-05 -0.1333824E-04  0.8313869E-04
Ar 1874  0.1306705E+02  0.5519997E+02  0.5087520E-01 -0.2144297E-04 -0.3941794E-04 -0.4215139E-04
Ar 1875  0.1320266E+02  0.5260008E+02  0.2672050E+01 -0.7274072E-05 -0.9599451E-04  0.5985509E-04
Ar 1876  0.1050879E+02  0.5525248E+02  0.2582395E+01 -0.4908125E-04 -0.1926163E-04 -0.1068301E-03
Ar 1877  0.1049050E+02  0.5247236E+02  0.5433671E+01 -0.1885201E-04 -0.6707435E-04  0.1695546E-04
Ar 1878  0.1312905E+02  0.5517187E+02  0.5339131E+01 -0.7995419E-05 -0.2612160E-04  0.1033519E-03
Ar 1879  0.1319051E+02  0.5255217E+02  0.7886108E+01  0.2197075E-04 -0.1341554E-04 -0.6478248E-04
Ar 1880  0.1052011E+02  0.5526960E+02  0.7873817E+01  0.6258409E-05  0.2561721E-04 -0.1336690E-04
Ar 1881  0.1060225E+02  0.5262120E+02  0.1047537E+02 -0.6851330E-04  0.3225350E-04  0.2499518E-04
Ar 1882  0.1308960E+02  0.5524680E+02  0.1038904E+02  0.2798954E-04 -0.3835078E-04 -0.3228525E-04
Ar 1883  0.1318907E+02  0.5264457E+02  0.1317781E+02  0.1038327E-04 -0.2119074E-04  0.2683670E-04
Ar 1884  0.1057994E+02  0.5513965E+02  0.1306379E+02  0.2874519E-04 -0.7471001E-04 -0.2173504E-04
Ar 1885  0.1043301E+02  0.5255060E+02  0.1578021E+02  0.2710512E-04 -0.6378582E-04  0.6099930E-04
Ar 1886  0.1318731E+02  0.5528403E+02  0.1579927E+02 -0.4229973E-04 -0.2761898E-04  0.4990587E-04
Ar 1887  0.1311530E+02  0.5269120E+02  0.1839356E+02  0.2090340E-04 -0.7696258E-04  0.1374286E-04
Ar 1888  0.1049168E+02  0.5526827E+02  0.1841199E+02  0.1758984E-04  0.2423099E-04  0.1362895E-04
Ar 1889  0.1061699E+02  0.5262680E+02  0.2108530E+02  0.5277230E-04 -0.1014752E-04 -0.4124336E-05
Ar 1890  0.1316849E+02  0.5523994E+02  0.2100378E+02  0.2594714E-05  0.3430748E-04  0.5431193E-04
Ar 1891  0.1317052E+02  0.5263841E+02  0.2369711E+02 -0.4601218E-04 -0.5405479E-04 -0.1394002E-04
Ar 1892  0.1061440E+02  0.5523054E+02  0.2375001E+02  0.1572979E-05  0.2819587E-04  0.3115675E-04
Ar 1893  0.1052659E+02  0.5273224E+02  0.2620017E+02  0.8570245E-04 -0.5599602E-04  0.8683526E-05
Ar 1894  0.1317482E+02  0.5513794E+02  0.2635768E+02  0.1033948E-04 -0.3763252E-05 -0.2077304E-04
Ar 1895  0.1320550E+02  0.5270595E+02  0.2907110E+02  0.9404990E-05  0.1281980E-04  0.4574361E-04
Ar 1896  0.1059873E+02  0.5517522E+02  0.2890601E+02  0.3750228E-05  0.3830223E-04  0.1453595E-04
Ar 1897  0.1052368E+02  0.5267159E+02  0.3156912E+02 -0.4252228E-04 -0.6479132E-04 -0.2182792E-04
Ar 1898  0.1313505E+02  0.5523711E+02  0.3154875E+02 -0.1091188E-03 -0.4277574E-04 -0.4051137E-04
Ar 1899  0.1315875E+02  0.5251687E+02  0.3410819E+02  0.1220479E-04 -0.1091638E-04  0.1319005E-04
Ar 1900  0.1060084E+02  0.5525479E+02  0.3427172E+02  0.4174133E-04 -0.9390865E-04  0.2258111E-04
Ar 1901  0.1059941E+02  0.5256009E+02  0.3682501E+02 -0.6893244E-04 -0.8745455E-05 -0.9999717E-04
Ar 1902  0.1329133E+02  0.5517647E+02  0.3678931E+02 -0.7892992E-05 -0.7199641E-04  0.9588952E-05
Ar 1903  0.1314630E+02  0.5263027E+02  0.3946541E+02  0.8069729E-04  0.6295237E-04 -0.6698363E-05
Ar 1904  0.1052543E+02  0.5524250E+02  0.3942832E+02 -0.3019418E-04 -0.9344387E-04 -0.2007092E-04
Ar 1905  0.1045766E+02  0.5252786E+02  0.4210146E+02  0.2595409E-05 -0.3165379E-04  0.2064146E-04
Ar 1906  0.1311212E+02  0.5522029E+02  0.4219945E+02  0.5284226E-04 -0.2380906E-04  0.5670322E-04
Ar 1907  0.1308165E+02  0.5260137E+02  0.4471638E+02  0.3583527E-04  0.3623986E-04  0.2263698E-04
Ar 1908  0.1049639E+02  0.5531274E+02  0.4481026E+02  0.5895981E-04 -0.1085454E-03 -0.6417184E-04
Ar 1909  0.1051921E+02  0.5252096E+02  0.4716675E+02 -0.3077928E-04 -0.4647843E-04  0.2700295E-04
Ar 1910  0.1319276E+02  0.5520037E+02  0.4737831E+02  0.7420067E-04 -0.1733386E-04 -0.7888513E-05
Ar 1911  0.1315871E+02  0.5276418E+02  0.4999639E+02 -0.2136773E-04  0.9787005E-05  0.4369775E-04
Ar 1912  0.1043385E+02  0.5525739E+02  0.5002073E+02  0.6782941E-04 -0.1389002E-04 -0.9539663E-04
Ar 1913  0.1051270E+02  0.5260732E+02  0.5262182E+02 -0.1859402E-04 -0.1083447E-03 -0.8937048E-05
Ar 1914  0.1328071E+02  0.5527070E+02  0.5267665E+02 -0.5032731E-05 -0.7745793E-06  0.3452995E-04
Ar 1915  0.1317459E+02  0.5256378E+02  0.5523839E+02 -0.6953825E-04 -0.6734312E-04 -0.3120708E-04
Ar 1916  0.1060429E+02  0.5530791E+02  0.5523100E+02  0.1569501E-04 -0.9163371E-04  0.7227790E-04
Ar 1917  0.1043408E+02  0.5265679E+02  0.5781406E+02  0.5312781E-04 -0.9039426E-04 -0.1440620E-04
Ar 1918  0.1307882E+02  0.5531881E+02  0.5794348E+02 -0.1717254E-04 -0.6248827E-04 -0.1515134E-04
Ar 1919  0.1315081E+02  0.5261889E+02  0.6045722E+02  0.2988015E-04 -0.1511427E-04 -0.2169641E-04
Ar 1920  0.1045597E+02  0.5533280E+02  0.6055961E+02 -0.4332025E-05 -0.8822881E-04 -0.1847511E-04
Ar 1921  0.1061611E+02  0.5254126E+02  0.6307360E+02  0.3359035E-04 -0.1193234E-03 -0.1446799E-04
Ar 1922  0.1311196E+02  0.5525935E+02  0.6324540E+02 -0.2013523E-04 -0.3318317E-04 -0.4546115E-04
Ar 1923  0.1309179E+02  0.5274755E+02  0.6571010E+02  0.4803756E-04 -0.5576921E-05 -0.9865136E-05
Ar 1924  0.1043427E+02  0.5527012E+02  0.6574152E+02 -0.4637259E-04  0.1442130E-05 -0.2423563E-04
Ar 1925  0.1052550E+02  0.5771940E+02  0.6831796E+02  0.6543027E-04  0.1524778E-04 -0.3261076E-05
Ar 1926  0.1305716E+02  0.6050261E+02  0.6840920E+02 -0.3519392E-04 -0.1399727E-05 -0.1951411E-04
Ar 1927  0.1328565E+02  0.5797174E+02  0.2561776E+01 -0.1328737E-04  0.9317569E-04  0.3872294E-04
Ar 1928  0.1038928E+02  0.6045458E+02  0.2605158E+01  0.3100889E-04 -0.1372728E-05 -0.1178758E-04
Ar 1929  0.1043515E+02  0.5792537E+02  0.5202880E+01 -0.1768188E-04 -0.4386660E-04 -0.1025544E-05
Ar 1930  0.1311475E+02  0.6053801E+02  0.5316141E+01 -0.6066005E-04  0.1916321E-04 -0.3615456E-04
Ar 1931  0.1311212E+02  0.5789006E+02  0.8003395E+01  0.7316180E-05  0.7883911E-04  0.5217767E-04
Ar 1932  0.1052448E+02  0.6053621E+02  0.7897152E+01 -0.1135115E-03 -0.1548263E-04 -0.3985391E-04
Ar 1933  0.1054542E+02  0.5787741E+02  0.1057767E+02 -0.5446906E-04 -0.3290725E-04  0.4860242E-04
Ar 1934  0.1313673E+02  0.6049178E+02  0.1049478E+02  0.1213974E-04 -0.2549441E-04  0.3680602E-04
Ar 1935  0.1322665E+02  0.5780769E+02  0.1312612E+02 -0.8216228E-05  0.9457662E-04 -0.5814641E-04
Ar 1936  0.1047900E+02  0.6051922E+02  0.1310544E+02  0.4024705E-04 -0.1069747E-03  0.1415116E-04
Ar 1937  0.1058182E+02  0.5800837E+02  0.1584498E+02 -0.3389061E-04 -0.5782383E-04 -0.4383492E-07
Ar 1938  0.1328789E+02  0.6058800E+02  0.1580583E+02  0.7447015E-04 -0.1197519E-04 -0.1508657E-04
Ar 1939  0.1303551E+02  0.5782886E+02  0.1839040E+02 -0.2971999E-04  0.5380127E-05  0.1807079E-04
Ar 1940  0.1043798E+02  0.6046667E+02  0.1838542E+02 -0.5512417E-04 -0.8455857E-06 -0.4506375E-05
Ar 1941  0.1051871E+02  0.5788631E+02  0.2108953E+02 -0.3854002E-04  0.4277973E-04  0.6070646E-04
Ar 1942  0.1316199E+02  0.6046028E+02  0.2107718E+02  0.9763424E-04  0.1424260E-04  0.5518060E-04
Ar 1943  0.1302565E+02  0.5782016E+02  0.2377474E+02 -0.5253908E-05  0.2032697E-04 -0.3417295E-04
Ar 1944  0.1057940E+02  0.6052057E+02  0.2352973E+02 -0.1121446E-04 -0.5147295E-04 -0.3810406E-04
Ar 1945  0.1040301E+02  0.5788580E+02  0.2630622E+02 -0.4309678E-04  0.1530734E-04  0.5291687E-04
Ar 1946  0.1315076E+02  0.6047870E+02  0.2627821E+02  0.3377181E-04 -0.3913565E-04  0.6482574E-04
Ar 1947  0.1311195E+02  0.5793410E+02  0.2879549E+02  0.3001949E-04 -0.2268766E-04  0.5770947E-04
Ar 1948  0.1053223E+02  0.6057983E+02  0.2882091E+02 -0.3524201E-04  0.4450112E-04  0.2645691E-04
Ar 1949  0.1056250E+02  0.5785370E+02  0.3151080E+02 -0.6245474E-04  0.2541901E-04 -0.3537451E-04
Ar 1950  0.1312273E+02  0.6055213E+02  0.3154257E+02 -0.4982446E-04 -0.3934959E-04  0.4134776E-05
Ar 1951  0.1322936E+02  0.5785257E+02  0.3411010E+02 -0.7155186E-04  0.3092957E-04 -0.5381928E-05
Ar 1952  0.1062861E+02  0.6039606E+02  0.3423528E+02  0.4226044E-05 -0.1276190E-03  0.2428838E-04
Ar 1953  0.1051940E+02  0.5794458E+02  0.3684232E+02 -0.6325303E-04 -0.2646250E-04 -0.1308789E-04
Ar 1954  0.1317873E+02  0.6040650E+02  0.3677079E+02 -0.4095971E-04  0.2235382E-04 -0.5821197E-04
Ar 1955  0.1316203E+02  0.5779627E+02  0.3943883E+02 -0.7959180E-04 -0.9660504E-05 -0.4117421E-04
Ar 1956  0.1061259E+02  0.6051396E+02  0.3939972E+02 -0.5435017E-04 -0.7737515E-04 -0.2536740E-04
Ar 1957  0.1062822E+02  0.5778219E+02  0.4210945E+02 -0.3295848E-04 -0.2305557E-04 -0.1933137E-04
Ar 1958  0.1309785E+02  0.6059991E+02  0.4206133E+02  0.6551800E-04 -0.4357885E-04 -0.3356558E-04
Ar 1959  0.1321854E+02  0.5793489E+02  0.4481495E+02  0.8141567E-05  0.6380204E-04  0.7001628E-05
Ar 1960  0.1053881E+02  0.6052178E+02  0.4475340E+02 -0.3433408E-04 -0.1132593E-03 -0.3658992E-04
Ar 1961  0.1049588E+02  0.5776965E+02  0.4741828E+02  0.3195878E-04  0.3431418E-05 -0.7562490E-04
Ar 1962  0.1308474E+02  0.6053978E+02  0.4742953E+02 -0.8243889E-04  0.7306403E-04 -0.1668877E-05
Ar 1963  0.1309628E+02  0.5785549E+02  0.5003456E+02  0.4694342E-04 -0.3566594E-04 -0.5888290E-04
Ar 1964  0.1050381E+02  0.6053017E+02  0.5000080E+02 -0.2198733E-04 -0.5012490E-04 -0.7738926E-04
Ar 1965  0.1055539E+02  0.5786345E+02  0.5251064E+02 -0.7174355E-05 -0.2239455E-04  0.1097904E-04
Ar 1966  0.1320024E+02  0.6045272E+02  0.5267201E+02 -0.1096094E-03  0.1739289E-04 -0.1086905E-05
Ar 1967  0.1321719E+02  0.5780362E+02  0.5518347E+02 -0.7337061E-04 -0.2998605E-04 -0.4838275E-04
Ar 1968  0.1050677E+02  0.6050072E+02  0.5514945E+02  0.5811348E-05  0.1943982E-04 -0.2136292E-04
Ar 1969  0.1045287E+02  0.5785621E+02  0.5795464E+02  0.2558744E-04 -0.3372877E-04  0.1693402E-04
Ar 1970  0.1320070E+02  0.6053055E+02  0.5788913E+02  0.2177581E-04 -0.1427309E-05 -0.2757409E-04
Ar 1971  0.1302497E+02  0.5786747E+02  0.6053351E+02  0.1054714E-04 -0.7236187E-04  0.3787615E-04
Ar 1972  0.1051558E+02  0.6051310E+02  0.6051893E+02 -0.2675406E-04 -0.5114162E-04 -0.1006763E-03
Ar 1973  0.1040185E+02  0.5789633E+02  0.6313220E+02 -0.2935350E-04 -0.5689087E-04  0.7289614E-04
Ar 1974  0.1310503E+02  0.6042683E+02  0.6316518E+02  0.1140543E-04  0.2085486E-04 -0.5089785E-04
Ar 1975  0.1304073E+02  0.5787835E+02  0.6586912E+02 -0.4445236E-04 -0.1229067E-03 -0.1119044E-03
Ar 1976  0.1054294E+02  0.6047633E+02  0.6571901E+02 -0.8944679E-05  0.8038881E-04  0.2485641E-04
Ar 1977  0.1061786E+02  0.6307358E+02  0.6840149E+02 -0.9567726E-05 -0.1837954E-04 -0.6860265E-04
Ar 1978  0.1318695E+02  0.6578919E+02  0.6842390E+02 -0.2809336E-04 -0.4529824E-04 -0.9974066E-04
Ar 1979  0.1316838E+02  0.6318374E+02  0.2558363E+01  0.6957804E-05 -0.5110915E-04 -0.4224680E-04
Ar 1980  0.1046733E+02  0.6581763E+02  0.2484020E+01 -0.3998326E-04 -0.1609017E-04  0.1519640E-04
Ar 1981  0.1041298E+02  0.6324945E+02  0.5272237E+01  0.6397582E-04 -0.2163351E-05 -0.4615627E-04
Ar 1982  0.1314383E+02  0.6573955E+02  0.5260244E+01 -0.3499187E-04 -0.2674678E-04 -0.5831052E-04
Ar 1983  0.1320851E+02  0.6318374E+02  0.7967549E+01  0.1300760E-04  0.1219443E-03  0.7338742E-04
Ar 1984  0.1062002E+02  0.6578594E+02  0.7853507E+01  0.3128525E-05 -0.5056930E-04 -0.7513301E-04
Ar 1985  0.1055339E+02  0.6310201E+02  0.1057539E+02 -0.1092348E-04  0.5647236E-04 -0.4274112E-04
Ar 1986  0.1313684E+02  0.6570698E+02  0.1042123E+02  0.6420029E-05 -0.3095522E-04 -0.4556848E-04
Ar 1987  0.1317761E+02  0.6310700E+02  0.1321243E+02  0.3218891E-04  0.7397689E-04  0.2946135E-04
Ar 1988  0.1059360E+02  0.6572898E+02  0.1315473E+02  0.3472906E-04 -0.5056648E-04  0.9331580E-04
Ar 1989  0.1049253E+02  0.6322452E+02  0.1571974E+02  0.6174934E-04 -0.4246479E-04 -0.5332422E-04
Ar 1990  0.1308751E+02  0.6581884E+02  0.1583278E+02 -0.5907470E-04 -0.5411048E-04  0.2583363E-04
Ar 1991  0.1328283E+02  0.6302715E+02  0.1843784E+02 -0.5222253E-05  0.2900387E-04 -0.5407943E-04
Ar 1992  0.1045773E+02  0.6576054E+02  0.1838049E+02  0.8435771E-06 -0.5172662E-04 -0.1124962E-04
Ar 1993  0.1063655E+02  0.6326270E+02  0.2109540E+02  0.4199909E-04 -0.1049570E-03 -0.9559314E-04
Ar 1994  0.1325199E+02  0.6583215E+02  0.2118614E+02  0.6727155E-05  0.5048195E-04  0.1544997E-04
Ar 1995  0.1319677E+02  0.6305929E+02  0.2364873E+02  0.1454222E-04  0.7102777E-04 -0.4073553E-04
Ar 1996  0.1052017E+02  0.6576937E+02  0.2373094E+02 -0.2489184E-05 -0.3159823E-04  0.4851645E-04
Ar 1997  0.1050484E+02  0.6315727E+02  0.2631492E+02 -0.8872849E-05 -0.3701086E-04 -0.6402679E-06
Ar 1998  0.1311060E+02  0.6576918E+02  0.2629134E+02 -0.2763221E-04 -0.4395969E-04 -0.2435345E-05
Ar 1999  0.1322248E+02  0.6312915E+02  0.2894573E+02  0.7174055E-04  0.1898748E-04  0.6682450E-04
Ar 2000  0.1059326E+02  0.6575736E+02  0.2889243E+02 -0.2235063E-05 -0.2168914E-04 -0.5367610E-04
Ar 2001  0.1052554E+02  0.6313216E+02  0.3165039E+02 -0.1316500E-03 -0.7815974E-04  0.1510540E-04
Ar 2002  0.1317271E+02  0.6565617E+02  0.3155245E+02 -0.5475592E-04  0.3412284E-05  0.1006656E-03
Ar 2003  0.1311053E+02  0.6317556E+02  0.3419271E+02 -0.3921306E-04 -0.3941625E-06 -0.4959755E-05
Ar 2004  0.1051859E+02  0.6575336E+02  0.3420963E+02  0.4226942E-04 -0.3255706E-04 -0.4792253E-04
Ar 2005  0.1047896E+02  0.6308800E+02  0.3681702E+02  0.2283353E-04 -0.3418205E-04  0.5756388E-04
Ar 2006  0.1305212E+02  0.6579490E+02  0.3681319E+02  0.1167781E-03 -0.3857971E-04 -0.1763146E-04
Ar 2007  0.1320604E+02  0.6311014E+02  0.3947072E+02  0.7944762E-04 -0.7786089E-04 -0.5347243E-04
Ar 2008  0.1044018E+02  0.6585766E+02  0.3947287E+02 -0.2003412E-04 -0.2139033E-04  0.4291120E-04
Ar 2009  0.1060149E+02  0.6312852E+02  0.4213337E+02 -0.2206334E-04 -0.7585319E-04  0.7488784E-04
Ar 2010  0.1309321E+02  0.6591893E+02  0.4202651E+02 -0.5125047E-05  0.7836198E-04 -0.8031741E-04
Ar 2011  0.1317142E+02  0.6303749E+02  0.4469563E+02  0.1367993E-04 -0.1089090E-04 -0.1084566E-03
Ar 2012  0.1056761E+02  0.6579867E+02  0.4467835E+02 -0.9940903E-06 -0.5026526E-04 -0.4097963E-04
Ar 2013  0.1055156E+02  0.6315409E+02  0.4744911E+02  0.5703909E-04 -0.5751428E-05 -0.1964007E-04
Ar 2014  0.1312703E+02  0.6595194E+02  0.4732043E+02  0.4512586E-04 -0.4519821E-04  0.1787348E-04
Ar 2015  0.1320050E+02  0.6324004E+02  0.5012075E+02  0.5819010E-04  0.3276838E-04 -0.8962191E-04
Ar 2016  0.1065791E+02  0.6586928E+02  0.4999083E+02  0.5603665E-04 -0.1883448E-04  0.3899653E-04
Ar 2017  0.1062259E+02  0.6307769E+02  0.5265568E+02 -0.1684525E-04  0.2251525E-04 -0.6191630E-05
Ar 2018  0.1315490E+02  0.6573506E+02  0.5269705E+02 -0.9856412E-04 -0.1954715E-04 -0.3215611E-04
Ar 2019  0.1313078E+02  0.6324665E+02  0.5528346E+02  0.5504667E-05 -0.7834942E-05  0.9325417E-04
Ar 2020  0.1056866E+02  0.6582365E+02  0.5530952E+02 -0.6490426E-04  0.1441418E-04  0.3646859E-05
Ar 2021  0.1063244E+02  0.6305752E+02  0.5794322E+02  0.1651911E-04 -0.5767052E-04 -0.3780530E-04
Ar 2022  0.1319641E+02  0.6577400E+02  0.5786590E+02  0.5252091E-04 -0.9695251E-05  0.1327094E-04
Ar 2023  0.1315452E+02  0.6318418E+02  0.6052245E+02 -0.5509783E-04 -0.1852101E-04 -0.5564138E-04
Ar 2024  0.1058306E+02  0.6584564E+02  0.6049391E+02  0.1351690E-04 -0.1516233E-03  0.2312713E-04
Ar 2025  0.1039520E+02  0.6325749E+02  0.6313800E+02 -0.5405699E-04 -0.1772714E-04 -0.8688706E-04
Ar 2026  0.1322246E+02  0.6575867E+02  0.6313179E+02 -0.3171611E-04 -0.9746571E-04 -0.2156224E-04
Ar 2027  0.1312892E+02  0.6305575E+02  0.6573417E+02 -0.2608373E-04 -0.9028260E-05 -0.1280382E-04
Ar 2028  0.1055151E+02  0.6566731E+02  0.6571723E+02 -0.7082742E-04  0.8597632E-04 -0.5837549E-04
Ar 2029  0.1571059E+02  0.5232609E-01  0.6840573E+02  0.6401683E-04 -0.2825904E-04 -0.4215401E-04
Ar 2030  0.1836220E+02  0.2575161E+01  0.2637022E-01  0.9921859E-05  0.2747184E-04 -0.6430034E-04
Ar 2031  0.1850362E+02  0.6835857E+02  0.2638066E+01  0.1038331E-04 -0.6542466E-04  0.5960219E-04
Ar 2032  0.1578669E+02  0.2682684E+01  0.2588958E+01 -0.3586992E-05 -0.2459820E-04  0.1360917E-04
Ar 2033  0.1579312E+02  0.6837113E+02  0.5239013E+01 -0.1408903E-04 -0.4723234E-04  0.8617569E-04
Ar 2034  0.1850224E+02  0.2617653E+01  0.5253161E+01  0.3322293E-04 -0.2384896E-04  0.6666404E-04
Ar 2035  0.1843107E+02  0.6849723E+02  0.7913001E+01  0.5488882E-04 -0.1081090E-03  0.4042637E-05
Ar 2036  0.1569444E+02  0.2630052E+01  0.7928167E+01 -0.4182739E-04 -0.1125757E-04  0.5009628E-04
Ar 2037  0.1577590E+02  0.1054553E+00  0.1050626E+02  0.3812005E-04 -0.3274534E-04  0.5840783E-04
Ar 2038  0.1833195E+02  0.2582664E+01  0.1047473E+02 -0.4454138E-04 -0.7186216E-04 -0.3604757E-04
Ar 2039  0.1840162E+02  0.6824450E+02  0.1309280E+02  0.3212881E-04 -0.1204739E-03  0.1147779E-04
Ar 2040  0.1572564E+02  0.2625899E+01  0.1316612E+02  0.2812193E-05  0.3026644E-04 -0.3938738E-04
Ar 2041  0.1586717E+02  0.6834718E+02  0.1580292E+02  0.1427000E-04 -0.1422637E-04  0.1651775E-04
Ar 2042  0.1858719E+02  0.2637571E+01  0.1581295E+02 -0.5656244E-04 -0.1755427E-04 -0.1508286E-04
Ar 2043  0.1844934E+02  0.6831368E+02  0.1845438E+02  0.2897496E-04 -0.1766414E-04  0.1997745E-04
Ar 2044  0.1590884E+02  0.2532080E+01  0.1847348E+02  0.3132152E-04 -0.2814037E-05  0.2371471E-04
Ar 2045  0.1586241E+02  0.6838785E+02  0.2107401E+02 -0.1461652E-04  0.3600269E-04  0.1299930E-05
Ar 2046  0.1839367E+02  0.2675566E+01  0.2119612E+02 -0.2538087E-04  0.8013786E-05  0.3811228E-05
Ar 2047  0.1829760E+02  0.6819620E+02  0.2365525E+02 -0.2470393E-04  0.1809759E-04 -0.1029096E-03
Ar 2048  0.1586659E+02  0.2594929E+01  0.2366227E+02  0.2122829E-04 -0.3725924E-04  0.4846332E-04
Ar 2049  0.1577501E+02  0.6848552E+02  0.2631666E+02  0.1174563E-04 -0.6822094E-04 -0.1872870E-04
Ar 2050  0.1850776E+02  0.2658598E+01  0.2632555E+02 -0.2820111E-04  0.3689417E-04  0.6943138E-05
Ar 2051  0.1841395E+02  0.6992746E-01  0.2889429E+02 -0.6149915E-05 -0.5182310E-04  0.5290574E-04
Ar 2052  0.1577427E+02  0.2663709E+01  0.2904041E+02 -0.2614721E-04 -0.3533216E-04  0.2629234E-04
Ar 2053  0.1584771E+02  0.6843886E+02  0.3156763E+02 -0.3379933E-04  0.3520538E-04 -0.3186306E-04
Ar 2054  0.1848706E+02  0.2632109E+01  0.3151886E+02 -0.4124785E-04 -0.6570570E-04 -0.7379254E-04
Ar 2055  0.1840283E+02  0.6840993E+02  0.3416543E+02  0.1285190E-05  0.5054205E-04 -0.4178858E-04
Ar 2056  0.1570894E+02  0.2528348E+01  0.3424495E+02  0.2057990E-04 -0.7250427E-04  0.1457716E-04
Ar 2057  0.1588427E+02  0.2478323E-01  0.3688716E+02  0.3483159E-04 -0.1087667E-04  0.1752065E-04
Ar 2058  0.1838867E+02  0.2674955E+01  0.3679329E+02  0.4267645E-04  0.1977076E-05  0.1477370E-04
Ar 2059  0.1844749E+02  0.8436586E-01  0.3944659E+02 -0.3976596E-04 -0.9784247E-04 -0.7866592E-04
Ar 2060  0.1590457E+02  0.2541111E+01  0.3950369E+02 -0.4323990E-04 -0.5965222E-04 -0.8677494E-04
Ar 2061  0.1569745E+02  0.6833340E+02  0.4224190E+02  0.2749251E-04 -0.2889885E-04 -0.6196740E-04
Ar 2062  0.1851177E+02  0.2643312E+01  0.4207948E+02 -0.1442277E-03 -0.4403049E-04 -0.3306801E-04
Ar 2063  0.1858332E+02  0.6845394E+02  0.4464065E+02  0.6724413E-05 -0.4002479E-05 -0.3657212E-04
Ar 2064  0.1576354E+02  0.2603754E+01  0.4469977E+02  0.7637038E-04  0.7297950E-04 -0.5525977E-04
Ar 2065  0.1583724E+02  0.6830950E+02  0.4733776E+02  0.3298417E-04  0.2336049E-04 -0.4871321E-05
Ar 2066  0.1840389E+02  0.2505495E+01  0.4740726E+02  0.3679521E-04  0.1420414E-04 -0.1572678E-05
Ar 2067  0.1854032E+02  0.6839809E+02  0.4998476E+02 -0.2639621E-04 -0.2360969E-05  0.7375414E-05
Ar 2068  0.1575873E+02  0.2713387E+01  0.4996575E+02  0.1116096E-04 -0.2895409E-04  0.5234653E-04
Ar 2069  0.1586053E+02  0.6838661E+02  0.5263828E+02  0.1048986E-04  0.5358680E-05  0.3454739E-04
Ar 2070  0.1830831E+02  0.2700934E+01  0.5258043E+02  0.7713566E-04 -0.1583963E-04 -0.4260875E-04
Ar 2071  0.1847156E+02  0.6849150E+02  0.5528161E+02 -0.4343792E-04  0.5573444E-06  0.1952365E-04
Ar 2072  0.1566002E+02  0.2729577E+01  0.5523921E+02  0.2785090E-05 -0.2983690E-04 -0.1011315E-03
Ar 2073  0.1582970E+02  0.6837658E+02  0.5781073E+02  0.2553481E-04 -0.1747436E-04 -0.4465615E-04
Ar 2074  0.1833463E+02  0.2550892E+01  0.5794970E+02 -0.1729159E-05 -0.6858154E-04 -0.7228964E-05
Ar 2075  0.1846681E+02  0.6838823E+02  0.6055267E+02  0.8537648E-04 -0.5413018E-04 -0.1241609E-04
Ar 2076  0.1569222E+02  0.2606229E+01  0.6047044E+02 -0.3819286E-04  0.3048512E-04 -0.4435587E-04
Ar 2077  0.1577004E+02  0.1275787E+00  0.6321651E+02  0.2474409E-04  0.2298841E-04 -0.3546894E-04
Ar 2078  0.1858613E+02  0.2668009E+01  0.6312969E+02 -0.9957007E-04  0.7602002E-04 -0.3645571E-04
Ar 2079  0.1852844E+02  0.6416900E-01  0.6580349E+02  0.3127264E-04 -0.4418221E-04  0.1117643E-04
Ar 2080  0.1585578E+02  0.2695996E+01  0.6575675E+02 -0.3111648E-04  0.7542581E-04 -0.6911180E-04
Ar 2081  0.1577423E+02  0.5320176E+01  0.6836964E+02 -0.6624604E-04 -0.5631867E-04 -0.2493840E-04
Ar 2082  0.1848800E+02  0.7872942E+01  0.6841567E+02  0.5273119E-05  0.5848675E-04  0.3440843E-06
Ar 2083  0.1833350E+02  0.5338958E+01  0.2578894E+01  0.1760980E-06  0.2809520E-06  0.8082945E-04
Ar 2084  0.1571206E+02  0.8030781E+01  0.2633187E+01 -0.4778913E-04  0.7705749E-04 -0.3383760E-04
Ar 2085  0.1567796E+02  0.5148460E+01  0.5251069E+01  0.5460341E-04  0.7548527E-05 -0.4816534E-04
Ar 2086  0.1842907E+02  0.7846947E+01  0.5272350E+01 -0.6091194E-04  0.2268264E-04 -0.4292624E-05
Ar 2087  0.1842660E+02  0.5241175E+01  0.7939568E+01 -0.1196594E-03 -0.1631017E-04  0.3111066E-04
Ar 2088  0.1577516E+02  0.7920825E+01  0.7861892E+01  0.6744180E-04 -0.1629411E-04 -0.9428704E-04
Ar 2089  0.1574760E+02  0.5196653E+01  0.1049588E+02 -0.4093224E-04  0.5112834E-04 -0.1425341E-04
Ar 2090  0.1837830E+02  0.7767166E+01  0.1048877E+02  0.3307337E-04 -0.8213379E-04  0.9377477E-04
Ar 2091  0.1835999E+02  0.5249384E+01  0.1312086E+02 -0.3131729E-04 -0.9410327E-04  0.6613305E-04
Ar 2092  0.1577182E+02  0.7906325E+01  0.1328146E+02  0.3959203E-04 -0.1179255E-04  0.2998792E-06
Ar 2093  0.1588573E+02  0.5167436E+01  0.1581007E+02 -0.7950042E-04  0.3036649E-04 -0.1131383E-04
Ar 2094  0.1842886E+02  0.7885917E+01  0.1578086E+02  0.5731335E-04 -0.7356105E-04 -0.1815721E-04
Ar 2095  0.1842920E+02  0.5173562E+01  0.1831098E+02 -0.1979704E-04 -0.7721374E-04  0.2512388E-04
Ar 2096  0.1575888E+02  0.7889782E+01  0.1845085E+02 -0.2209881E-04 -0.1557571E-04  0.4398376E-04
Ar 2097  0.1583535E+02  0.5210773E+01  0.2107443E+02 -0.1015469E-03  0.1874879E-05  0.4232636E-05
Ar 2098  0.1841912E+02  0.7856295E+01  0.2110272E+02  0.3268676E-04 -0.4320482E-04 -0.1666825E-04
Ar 2099  0.1845453E+02  0.5223803E+01  0.2367862E+02 -0.8478724E-04 -0.1527324E-04 -0.8053645E-04
Ar 2100  0.1576067E+02  0.7841786E+01  0.2358166E+02  0.9114427E-05 -0.4775122E-04  0.1656804E-04
Ar 2101  0.1589753E+02  0.5297503E+01  0.2639421E+02  0.1721774E-04 -0.5452918E-04  0.3596312E-05
Ar 2102  0.1848430E+02  0.7989645E+01  0.2626375E+02 -0.3880118E-04  0.1774041E-04 -0.4550542E-04
Ar 2103  0.1850227E+02  0.5183061E+01  0.2893031E+02 -0.7402120E-05 -0.2272641E-04  0.5324020E-04
Ar 2104  0.1575768E+02  0.7788267E+01  0.2891634E+02 -0.2007201E-05 -0.4816653E-04 -0.9249415E-05
Ar 2105  0.1578433E+02  0.5180592E+01  0.3153497E+02 -0.7810139E-04  0.1787088E-04  0.8548476E-05
Ar 2106  0.1839467E+02  0.7844832E+01  0.3163813E+02  0.8115340E-04  0.4611479E-04 -0.5714496E-04
Ar 2107  0.1841191E+02  0.5200119E+01  0.3416279E+02  0.7040552E-05 -0.6246045E-04  0.6994580E-04
Ar 2108  0.1593632E+02  0.7906351E+01  0.3408214E+02  0.2917968E-04  0.7020732E-04 -0.1164573E-03
Ar 2109  0.1586756E+02  0.5219601E+01  0.3687413E+02 -0.4270310E-04 -0.3688719E-04  0.1990518E-04
Ar 2110  0.1834664E+02  0.7824189E+01  0.3683253E+02 -0.1246733E-04  0.9532380E-05 -0.3807743E-05
Ar 2111  0.1841877E+02  0.5142047E+01  0.3944783E+02  0.6508052E-04 -0.1835979E-04 -0.5876509E-04
Ar 2112  0.1581085E+02  0.7799315E+01  0.3941249E+02 -0.2522318E-04 -0.2036737E-04 -0.8171100E-04
Ar 2113  0.1592207E+02  0.5264004E+01  0.4214232E+02  0.6943268E-04  0.1722524E-04  0.2041731E-04
Ar 2114  0.1832217E+02  0.7919222E+01  0.4231680E+02 -0.8011565E-05 -0.3569622E-04 -0.2695773E-04
Ar 2115  0.1838198E+02  0.5178434E+01  0.4485956E+02  0.1995380E-04  0.3375543E-04 -0.5541857E-04
Ar 2116  0.1579797E+02  0.7897878E+01  0.4474884E+02  0.2594148E-04  0.7384632E-04 -0.4988785E-05
Ar 2117  0.1583583E+02  0.5217164E+01  0.4728605E+02  0.6029644E-04  0.1253509E-03  0.3479755E-04
Ar 2118  0.1843533E+02  0.7939635E+01  0.4738852E+02 -0.3979364E-04  0.1008614E-03  0.2868509E-04
Ar 2119  0.1848686E+02  0.5459956E+01  0.4996797E+02  0.3105890E-04 -0.4220512E-04  0.1757857E-04
Ar 2120  0.1566024E+02  0.8016295E+01  0.4991878E+02 -0.9636624E-04 -0.3977808E-04 -0.1021225E-03
Ar 2121  0.1575141E+02  0.5226572E+01  0.5266556E+02  0.1812705E-04  0.2014986E-04 -0.1159540E-04
Ar 2122  0.1847765E+02  0.8010541E+01  0.5259485E+02  0.4380398E-04  0.1248087E-04 -0.3936564E-04
Ar 2123  0.1838238E+02  0.5170668E+01  0.5527262E+02  0.5783012E-04  0.2081040E-04 -0.4762985E-04
Ar 2124  0.1578039E+02  0.7770233E+01  0.5535562E+02 -0.7512374E-05 -0.3041540E-04 -0.7478346E-05
Ar 2125  0.1578979E+02  0.5276741E+01  0.5780342E+02 -0.1530539E-04  0.1451461E-03 -0.3090084E-04
Ar 2126  0.1829069E+02  0.7936001E+01  0.5795729E+02  0.5200189E-04 -0.1292109E-05  0.2250029E-04
Ar 2127  0.1841876E+02  0.5128898E+01  0.6048050E+02 -0.9764872E-04  0.3715163E-04  0.7004868E-05
Ar 2128  0.1568096E+02  0.7895830E+01  0.6049834E+02  0.1622389E-04 -0.8323920E-04  0.3662133E-04
Ar 2129  0.1585296E+02  0.5211697E+01  0.6315480E+02  0.2895821E-04 -0.3078518E-04  0.6171511E-04
Ar 2130  0.1852327E+02  0.7776167E+01  0.6317619E+02 -0.7252153E-05  0.8048255E-04 -0.2760107E-04
Ar 2131  0.1853561E+02  0.5141969E+01  0.6578053E+02  0.3848329E-04  0.4881475E-04 -0.4671117E-04
Ar 2132  0.1580959E+02  0.7971500E+01  0.6591298E+02 -0.7009072E-04  0.1677794E-04  0.3973692E-05
Ar 2133  0.1576867E+02  0.1057387E+02  0.6843256E+02 -0.2139471E-05  0.3175494E-04 -0.1262667E-04
Ar 2134  0.1835186E+02  0.1313969E+02  0.6838908E+02 -0.3451060E-05  0.2674020E-04 -0.2920810E-04
Ar 2135  0.1837444E+02  0.1054970E+02  0.2644807E+01  0.1251500E-04 -0.5250736E-04  0.5087718E-04
Ar 2136  0.1583834E+02  0.1314175E+02  0.2800993E+01  0.3323601E-04 -0.1747082E-04  0.9065043E-04
Ar 2137  0.1579740E+02  0.1049758E+02  0.5216247E+01  0.2915219E-04 -0.2342123E-04 -0.1348460E-04
Ar 2138  0.1839129E+02  0.1306205E+02  0.5360195E+01 -0.6806662E-05 -0.2232322E-04  0.7971907E-04
Ar 2139  0.1840879E+02  0.1049664E+02  0.7895368E+01 -0.4700280E-04 -0.7545246E-04 -0.3328657E-04
Ar 2140  0.1578143E+02  0.1308776E+02  0.7923169E+01 -0.2150125E-04 -0.9193370E-05  0.4684483E-04
Ar 2141  0.1582026E+02  0.1052013E+02  0.1051687E+02  0.1128328E-04 -0.2695150E-04  0.2505843E-04
Ar 2142  0.1846953E+02  0.1309702E+02  0.1056574E+02 -0.4137012E-04 -0.1472970E-04 -0.3099824E-04
Ar 2143  0.1850767E+02  0.1042462E+02  0.1317863E+02 -0.3452500E-04 -0.5210611E-05 -0.7343471E-05
Ar 2144  0.1576515E+02  0.1306583E+02  0.1315511E+02  0.3779691E-04 -0.4194609E-04 -0.3079976E-04
Ar 2145  0.1601090E+02  0.1051021E+02  0.1578169E+02 -0.3031106E-04 -0.5862572E-04  0.1853837E-04
Ar 2146  0.1845711E+02  0.1323530E+02  0.1572541E+02  0.3318409E-04  0.8838345E-05 -0.2651188E-04
Ar 2147  0.1847645E+02  0.1051625E+02  0.1841846E+02  0.3112789E-04 -0.5283947E-04  0.4628097E-04
Ar 2148  0.1574997E+02  0.1298817E+02  0.1832581E+02  0.2515857E-06  0.4115342E-04  0.2527778E-04
Ar 2149  0.1581500E+02  0.1052179E+02  0.2108324E+02 -0.1454993E-04 -0.3557040E-04 -0.3219208E-04
Ar 2150  0.1839460E+02  0.1312683E+02  0.2103986E+02  0.7340212E-05  0.2262214E-04  0.7743890E-05
Ar 2151  0.1830622E+02  0.1057789E+02  0.2365045E+02 -0.3836684E-07 -0.3729675E-04  0.6691525E-04
Ar 2152  0.1570416E+02  0.1317970E+02  0.2374547E+02 -0.1203788E-05 -0.1231190E-04 -0.3448968E-04
Ar 2153  0.1570944E+02  0.1057286E+02  0.2632693E+02  0.2571142E-04 -0.1181269E-04  0.5176891E-04
Ar 2154  0.1837003E+02  0.1312833E+02  0.2626074E+02 -0.8949591E-04 -0.1449549E-04 -0.6735294E-04
Ar 2155  0.1846149E+02  0.1046710E+02  0.2890622E+02 -0.8316464E-04 -0.1003724E-04  0.1712431E-04
Ar 2156  0.1575208E+02  0.1318642E+02  0.2895299E+02  0.1369753E-04 -0.8485625E-05 -0.3641246E-04
Ar 2157  0.1584826E+02  0.1064025E+02  0.3160036E+02 -0.1939080E-04 -0.3807490E-04  0.2107333E-04
Ar 2158  0.1837157E+02  0.1317290E+02  0.3164139E+02 -0.3274092E-04  0.4661084E-04 -0.8014865E-06
Ar 2159  0.1845182E+02  0.1044590E+02  0.3416192E+02  0.3102416E-05  0.1679775E-04  0.4731935E-04
Ar 2160  0.1586075E+02  0.1311669E+02  0.3420345E+02  0.5582485E-04 -0.1261755E-03 -0.1583509E-04
Ar 2161  0.1575353E+02  0.1038163E+02  0.3681927E+02  0.4298895E-04  0.3320900E-04 -0.4200819E-04
Ar 2162  0.1833831E+02  0.1313031E+02  0.3683803E+02  0.2108511E-04 -0.6909601E-05  0.2234751E-04
Ar 2163  0.1837853E+02  0.1047561E+02  0.3956115E+02 -0.3935488E-05  0.1011374E-04 -0.7233275E-04
Ar 2164  0.1583256E+02  0.1318284E+02  0.3937762E+02  0.2033024E-04  0.5283513E-04  0.7129770E-05
Ar 2165  0.1571203E+02  0.1065057E+02  0.4212965E+02  0.5474847E-04 -0.7871394E-04 -0.7317247E-04
Ar 2166  0.1845766E+02  0.1318511E+02  0.4206118E+02  0.1912231E-04  0.1049449E-03 -0.5709951E-04
Ar 2167  0.1852973E+02  0.1053531E+02  0.4473555E+02 -0.2769978E-04  0.2468819E-04 -0.1089850E-03
Ar 2168  0.1588230E+02  0.1304385E+02  0.4489888E+02  0.4993785E-04 -0.4915504E-04 -0.7140966E-04
Ar 2169  0.1590219E+02  0.1059829E+02  0.4741890E+02 -0.1035433E-04  0.1888744E-05 -0.1185578E-03
Ar 2170  0.1848643E+02  0.1305460E+02  0.4735188E+02  0.6778800E-04 -0.7392314E-05 -0.3082098E-06
Ar 2171  0.1850475E+02  0.1051974E+02  0.4993753E+02  0.4259065E-04 -0.3562023E-04 -0.1082621E-03
Ar 2172  0.1574727E+02  0.1311686E+02  0.5005971E+02  0.3222058E-05  0.5406903E-05 -0.2979156E-04
Ar 2173  0.1579943E+02  0.1047969E+02  0.5256837E+02 -0.5366996E-04 -0.9801028E-04 -0.3786825E-04
Ar 2174  0.1847279E+02  0.1308994E+02  0.5264828E+02  0.6025718E-04 -0.2670709E-04 -0.3183153E-04
Ar 2175  0.1840684E+02  0.1050159E+02  0.5527227E+02 -0.4381378E-06 -0.2548244E-04  0.2699949E-04
Ar 2176  0.1571913E+02  0.1314136E+02  0.5532446E+02 -0.3485300E-04 -0.2527182E-04 -0.7934522E-05
Ar 2177  0.1576861E+02  0.1056902E+02  0.5795250E+02  0.5906042E-04  0.1096252E-04 -0.4292269E-04
Ar 2178  0.1857225E+02  0.1305440E+02  0.5785068E+02  0.2036672E-04 -0.1953101E-04  0.2841595E-04
Ar 2179  0.1850452E+02  0.1047974E+02  0.6051367E+02 -0.2379270E-04  0.6164760E-05  0.3791304E-05
Ar 2180  0.1585041E+02  0.1313339E+02  0.6063304E+02  0.1438245E-04 -0.1543625E-05 -0.3318872E-04
Ar 2181  0.1572472E+02  0.1055554E+02  0.6304259E+02  0.1491718E-03  0.6599950E-05 -0.5730259E-04
Ar 2182  0.1829568E+02  0.1323205E+02  0.6324259E+02  0.8372226E-04  0.4917978E-04 -0.6727825E-04
Ar 2183  0.1843744E+02  0.1050783E+02  0.6571222E+02  0.4461841E-04  0.4712574E-04  0.5327270E-05
Ar 2184  0.1568096E+02  0.1303639E+02  0.6570810E+02 -0.2049404E-04 -0.2833867E-04 -0.6536985E-04
Ar 2185  0.1575242E+02  0.1575146E+02  0.4780767E-01 -0.3652145E-04 -0.6007603E-04 -0.9103210E-04
Ar 2186  0.1845196E+02  0.1845522E+02  0.6848657E+02 -0.1233234E-03 -0.3973345E-04 -0.5441852E-04
Ar 2187  0.1840114E+02  0.1572382E+02  0.2577818E+01 -0.2729735E-04 -0.3207609E-04  0.1875920E-04
Ar 2188  0.1577766E+02  0.1834483E+02  0.2625267E+01  0.6410634E-05  0.8305600E-04 -0.5946899E-04
Ar 2189  0.1588193E+02  0.1584831E+02  0.5378022E+01  0.1764862E-04  0.1169110E-04 -0.4206431E-04
Ar 2190  0.1850717E+02  0.1852351E+02  0.5399028E+01 -0.3685067E-04  0.2220524E-04 -0.7361256E-04
Ar 2191  0.1834033E+02  0.1577364E+02  0.7976060E+01 -0.3606732E-04 -0.3963307E-04  0.7688458E-04
Ar 2192  0.1581575E+02  0.1840309E+02  0.7927285E+01  0.2315190E-04 -0.3241137E-04  0.2956402E-05
Ar 2193  0.1585105E+02  0.1580652E+02  0.1052117E+02 -0.5068667E-04  0.2650675E-04 -0.5582786E-04
Ar 2194  0.1833583E+02  0.1844201E+02  0.1054625E+02  0.1911436E-04  0.8808855E-05 -0.7809260E-04
Ar 2195  0.1848577E+02  0.1576536E+02  0.1312809E+02 -0.9758338E-05 -0.6996414E-04  0.4376546E-05
Ar 2196  0.1580068E+02  0.1845520E+02  0.1315254E+02 -0.7497496E-04  0.1287007E-05 -0.2012299E-04
Ar 2197  0.1584821E+02  0.1564259E+02  0.1585571E+02 -0.1720369E-04  0.3272159E-04 -0.8090489E-05
Ar 2198  0.1836983E+02  0.1849078E+02  0.1581367E+02  0.3566708E-04 -0.1895547E-04  0.2268419E-04
Ar 2199  0.1841895E+02  0.1575690E+02  0.1832340E+02 -0.5471176E-04  0.8154072E-05 -0.5310227E-04
Ar 2200  0.1569933E+02  0.1847283E+02  0.1836922E+02 -0.5723593E-04 -0.2797088E-04  0.7222983E-04
Ar 2201  0.1585900E+02  0.1591999E+02  0.2116854E+02 -0.4960525E-05 -0.4769677E-04  0.7060939E-05
Ar 2202  0.1841322E+02  0.1851890E+02  0.2107170E+02  0.4723318E-04 -0.5212192E-04 -0.4199214E-05
Ar 2203  0.1845915E+02  0.1590300E+02  0.2362349E+02 -0.5590053E-05 -0.6763398E-05  0.2096010E-04
Ar 2204  0.1582933E+02  0.1842478E+02  0.2383685E+02  0.5560037E-04 -0.4210533E-04 -0.4752615E-04
Ar 2205  0.1590806E+02  0.1578714E+02  0.2628015E+02  0.3398451E-04  0.9406778E-04 -0.6696622E-04
Ar 2206  0.1842080E+02  0.1854032E+02  0.2631075E+02 -0.1059557E-03  0.1429838E-05 -0.8857613E-04
Ar 2207  0.1848039E+02  0.1582474E+02  0.2891970E+02  0.1020965E-03  0.9376942E-05  0.1908533E-04
Ar 2208  0.1583300E+02  0.1843686E+02  0.2896265E+02  0.2837532E-04 -0.3926247E-04  0.6492822E-04
Ar 2209  0.1569202E+02  0.1577621E+02  0.3160858E+02 -0.4437464E-04  0.1661659E-05 -0.2325431E-04
Ar 2210  0.1836718E+02  0.1841448E+02  0.3153140E+02 -0.2462265E-04 -0.4691304E-04 -0.3434593E-04
Ar 2211  0.1832943E+02  0.1575814E+02  0.3417020E+02 -0.2144794E-04 -0.5898699E-05 -0.6122342E-04
Ar 2212  0.1586516E+02  0.1832134E+02  0.3420090E+02 -0.5092197E-04  0.3806955E-04 -0.2943409E-04
Ar 2213  0.1570459E+02  0.1570373E+02  0.3692211E+02  0.1205061E-04  0.1284932E-04 -0.6473748E-04
Ar 2214  0.1848477E+02  0.1831599E+02  0.3685475E+02 -0.2499975E-04  0.3200326E-04 -0.3082114E-04
Ar 2215  0.1838179E+02  0.1573939E+02  0.3949570E+02 -0.6126011E-04 -0.8104847E-04 -0.2584078E-04
Ar 2216  0.1565869E+02  0.1834730E+02  0.3952233E+02 -0.2130694E-04 -0.8077563E-05  0.7294545E-04
Ar 2217  0.1575946E+02  0.1580777E+02  0.4201017E+02  0.8441970E-05  0.7887654E-04 -0.6348097E-04
Ar 2218  0.1844805E+02  0.1831902E+02  0.4203408E+02 -0.9277116E-04 -0.2653370E-04 -0.3169985E-04
Ar 2219  0.1853883E+02  0.1569070E+02  0.4472049E+02 -0.8982902E-04  0.1260573E-04 -0.7637987E-05
Ar 2220  0.1573012E+02  0.1840585E+02  0.4470313E+02  0.2018300E-04 -0.8378789E-05 -0.8928834E-05
Ar 2221  0.1587849E+02  0.1572313E+02  0.4729355E+02  0.5141288E-07 -0.7687455E-05  0.6745311E-04
Ar 2222  0.1837091E+02  0.1838399E+02  0.4725537E+02 -0.4179290E-04 -0.3556173E-04  0.7673634E-05
Ar 2223  0.1842712E+02  0.1579678E+02  0.4998980E+02  0.3708435E-04 -0.1184132E-04 -0.3022874E-04
Ar 2224  0.1565562E+02  0.1834128E+02  0.4994097E+02  0.5508540E-04  0.5635101E-04 -0.6105023E-04
Ar 2225  0.1569001E+02  0.1568936E+02  0.5263642E+02 -0.1290673E-04 -0.9811492E-05 -0.1321891E-04
Ar 2226  0.1839628E+02  0.1849141E+02  0.5260850E+02  0.4458880E-04 -0.4107297E-04  0.5526015E-04
Ar 2227  0.1843916E+02  0.1569518E+02  0.5520814E+02 -0.1082353E-04 -0.1817346E-05 -0.5969889E-04
Ar 2228  0.1580091E+02  0.1840483E+02  0.5518274E+02 -0.2889411E-04  0.6297142E-04  0.3657828E-04
Ar 2229  0.1572528E+02  0.1582965E+02  0.5776153E+02 -0.8044963E-04  0.2501490E-04 -0.5529930E-04
Ar 2230  0.1831452E+02  0.1838810E+02  0.5782388E+02  0.1390472E-04 -0.2523148E-04  0.7909228E-04
Ar 2231  0.1841691E+02  0.1581592E+02  0.6051347E+02  0.2919945E-04  0.3155502E-04 -0.2777109E-04
Ar 2232  0.1569165E+02  0.1843888E+02  0.6049422E+02  0.7962382E-05 -0.5265414E-04 -0.1210409E-04
Ar 2233  0.1577615E+02  0.1587519E+02  0.6319229E+02 -0.8947229E-04  0.1861690E-05  0.2873553E-04
Ar 2234  0.1847013E+02  0.1835998E+02  0.6324020E+02 -0.5201797E-04 -0.1498234E-04 -0.1326859E-04
Ar 2235  0.1841573E+02  0.1577260E+02  0.6579506E+02  0.3408215E-04 -0.7246098E-05  0.4752453E-04
Ar 2236  0.1584827E+02  0.1845045E+02  0.6575526E+02  0.4739357E-04 -0.2476793E-04 -0.6147785E-04
Ar 2237  0.1568905E+02  0.2107284E+02  0.6837944E+02 -0.3120063E-05  0.5320867E-05 -0.6822977E-04
Ar 2238  0.1832493E+02  0.2377572E+02  0.3825762E-01  0.1335012E-03 -0.4607695E-04 -0.1684291E-04
Ar 2239  0.1837388E+02  0.2104101E+02  0.2625522E+01  0.1189859E-04 -0.2192456E-04 -0.3807531E-05
Ar 2240  0.1579220E+02  0.2368931E+02  0.2695527E+01 -0.7357220E-05  0.1323904E-04  0.3939526E-04
Ar 2241  0.1586098E+02  0.2101681E+02  0.5387298E+01  0.1262227E-03  0.1945307E-04 -0.8384001E-05
Ar 2242  0.1841449E+02  0.2376349E+02  0.5344190E+01 -0.4097171E-04 -0.5457793E-04 -0.7992894E-04
Ar 2243  0.1848983E+02  0.2092609E+02  0.7794027E+01 -0.1036776E-03  0.4003127E-04  0.5815590E-04
Ar 2244  0.1582513E+02  0.2353987E+02  0.7796103E+01  0.5770141E-05 -0.4386624E-04 -0.9329225E-04
Ar 2245  0.1587814E+02  0.2111776E+02  0.1041961E+02 -0.5349288E-04 -0.8012428E-04 -0.3692921E-04
Ar 2246  0.1844908E+02  0.2364319E+02  0.1053391E+02 -0.7891462E-04 -0.2823026E-04  0.3568197E-04
Ar 2247  0.1855999E+02  0.2117051E+02  0.1312750E+02  0.9712207E-04  0.4400402E-04  0.5900803E-05
Ar 2248  0.1589497E+02  0.2363394E+02  0.1302346E+02 -0.3392636E-05  0.2747047E-04 -0.3840104E-04
Ar 2249  0.1569967E+02  0.2106243E+02  0.1576096E+02  0.4137866E-04 -0.2976447E-04 -0.5351672E-04
Ar 2250  0.1847188E+02  0.2364381E+02  0.1574292E+02  0.1537644E-04  0.1604900E-04 -0.9532479E-04
Ar 2251  0.1839933E+02  0.2103442E+02  0.1846141E+02 -0.2715312E-04 -0.6667338E-04 -0.3651022E-04
Ar 2252  0.1580112E+02  0.2371413E+02  0.1838971E+02 -0.3066990E-04  0.5575723E-04 -0.1376533E-04
Ar 2253  0.1570177E+02  0.2099963E+02  0.2094060E+02 -0.6753572E-04  0.2837652E-04 -0.3431322E-04
Ar 2254  0.1842462E+02  0.2377301E+02  0.2111197E+02  0.5563671E-04  0.9089384E-05 -0.6564377E-05
Ar 2255  0.1835891E+02  0.2103075E+02  0.2363404E+02  0.8545053E-04 -0.2923968E-04  0.3461089E-04
Ar 2256  0.1584875E+02  0.2366780E+02  0.2361471E+02 -0.5995218E-04  0.1504040E-04 -0.7987091E-05
Ar 2257  0.1577448E+02  0.2092769E+02  0.2632303E+02  0.3711400E-04 -0.4475148E-04 -0.8523900E-04
Ar 2258  0.1828103E+02  0.2367200E+02  0.2641049E+02 -0.1050773E-03 -0.1371528E-04 -0.5373491E-04
Ar 2259  0.1837125E+02  0.2112540E+02  0.2893910E+02  0.4107518E-04 -0.2105673E-04 -0.2220993E-04
Ar 2260  0.1580373E+02  0.2382114E+02  0.2893599E+02 -0.2597812E-04 -0.3124835E-04 -0.1636598E-04
Ar 2261  0.1580380E+02  0.2087539E+02  0.3156918E+02 -0.5438158E-04 -0.7521562E-04 -0.3996060E-04
Ar 2262  0.1841932E+02  0.2359537E+02  0.3152507E+02  0.4531255E-05  0.6242589E-04 -0.1438084E-03
Ar 2263  0.1836394E+02  0.2100255E+02  0.3413074E+02 -0.2037455E-04  0.4708808E-04 -0.2249022E-04
Ar 2264  0.1576470E+02  0.2366854E+02  0.3412362E+02 -0.6684027E-04  0.6883584E-05 -0.1930732E-04
Ar 2265  0.1574012E+02  0.2099550E+02  0.3683399E+02  0.1065208E-04 -0.5164729E-05  0.9138189E-05
Ar 2266  0.1828576E+02  0.2361435E+02  0.3677773E+02 -0.1497189E-04 -0.6876548E-04 -0.7671388E-04
Ar 2267  0.1837228E+02  0.2107556E+02  0.3950005E+02  0.7417153E-05  0.4240276E-04 -0.1272929E-04
Ar 2268  0.1582309E+02  0.2374844E+02  0.3950903E+02 -0.4704515E-05 -0.5363514E-04  0.7222052E-04
Ar 2269  0.1580708E+02  0.2104940E+02  0.4208327E+02 -0.4192576E-04 -0.8309222E-04 -0.5941236E-04
Ar 2270  0.1849691E+02  0.2381885E+02  0.4211267E+02 -0.1903458E-04  0.2845295E-04 -0.9549328E-04
Ar 2271  0.1845305E+02  0.2117453E+02  0.4477796E+02  0.1054033E-04 -0.6077538E-05 -0.1944171E-04
Ar 2272  0.1573774E+02  0.2369336E+02  0.4483658E+02  0.7069302E-04 -0.6519635E-04 -0.9434654E-04
Ar 2273  0.1582492E+02  0.2109388E+02  0.4740116E+02 -0.2093786E-05 -0.3670134E-04 -0.1330184E-03
Ar 2274  0.1846659E+02  0.2369298E+02  0.4742181E+02  0.1021957E-04 -0.1567478E-04  0.6498857E-05
Ar 2275  0.1844045E+02  0.2109241E+02  0.5005404E+02  0.1064858E-04 -0.3619438E-04  0.2196405E-06
Ar 2276  0.1575804E+02  0.2374330E+02  0.4993165E+02 -0.1830338E-03 -0.1338751E-04 -0.6055598E-05
Ar 2277  0.1584544E+02  0.2103710E+02  0.5266246E+02 -0.4299848E-04 -0.3475107E-05 -0.3143756E-04
Ar 2278  0.1838953E+02  0.2369420E+02  0.5256567E+02 -0.2306291E-04  0.1114375E-04 -0.6242675E-04
Ar 2279  0.1842741E+02  0.2109208E+02  0.5525562E+02 -0.4449899E-04  0.7785131E-05 -0.3074679E-04
Ar 2280  0.1577301E+02  0.2373415E+02  0.5525856E+02 -0.1794776E-04  0.3563582E-04 -0.1176398E-03
Ar 2281  0.1579974E+02  0.2112313E+02  0.5786420E+02 -0.7733317E-04 -0.4599580E-04 -0.3990066E-04
Ar 2282  0.1830995E+02  0.2364113E+02  0.5789865E+02  0.6605193E-04 -0.4025609E-04  0.4353363E-05
Ar 2283  0.1844714E+02  0.2106322E+02  0.6062546E+02  0.1559478E-04  0.9139738E-04  0.2939800E-05
Ar 2284  0.1571391E+02  0.2381983E+02  0.6056637E+02 -0.1820379E-04 -0.3734435E-04 -0.7458031E-04
Ar 2285  0.1580962E+02  0.2089359E+02  0.6311342E+02 -0.4701700E-04 -0.4251502E-04  0.1512733E-04
Ar 2286  0.1841086E+02  0.2382132E+02  0.6312449E+02 -0.2736690E-04  0.5524925E-05 -0.6540093E-04
Ar 2287  0.1843041E+02  0.2104513E+02  0.6588894E+02  0.1003025E-03 -0.1628720E-04 -0.2250605E-04
Ar 2288  0.1588528E+02  0.2370763E+02  0.6577925E+02 -0.6171433E-04  0.6143661E-04 -0.5481206E-04
Ar 2289  0.1578458E+02  0.2624118E+02  0.6838395E+02 -0.4535131E-04  0.2911366E-04 -0.8606306E-04
Ar 2290  0.1847165E+02  0.2899290E+02  0.6840956E+02 -0.2305948E-04  0.4258484E-04 -0.1350995E-04
Ar 2291  0.1846237E+02  0.2630357E+02  0.2574057E+01 -0.5291893E-04  0.5765080E-04  0.1371902E-04
Ar 2292  0.1569248E+02  0.2899158E+02  0.2567923E+01  0.3834193E-04  0.1493674E-04 -0.1261244E-04
Ar 2293  0.1583240E+02  0.2627234E+02  0.5193415E+01 -0.7756055E-04 -0.5990552E-04 -0.1779413E-04
Ar 2294  0.1830561E+02  0.2912624E+02  0.5141584E+01 -0.3093977E-04 -0.4591075E-04 -0.1138822E-04
Ar 2295  0.1845339E+02  0.2641033E+02  0.7954397E+01 -0.1766660E-04 -0.2564579E-04  0.6654288E-04
Ar 2296  0.1569423E+02  0.2903265E+02  0.7947879E+01 -0.1895637E-04  0.9243021E-05  0.1311901E-03
Ar 2297  0.1571415E+02  0.2625924E+02  0.1061557E+02  0.6359528E-04 -0.1218562E-03 -0.5256443E-04
Ar 2298  0.1833019E+02  0.2900277E+02  0.1051031E+02 -0.6903343E-04 -0.5566045E-05 -0.7016779E-04
Ar 2299  0.1845985E+02  0.2630882E+02  0.1312575E+02  0.1021957E-04  0.4548895E-04 -0.1408966E-04
Ar 2300  0.1583022E+02  0.2903587E+02  0.1311429E+02  0.7291089E-04  0.2171841E-04  0.4990989E-05
Ar 2301  0.1575077E+02  0.2619577E+02  0.1581328E+02  0.1169191E-04 -0.3545540E-04 -0.6599378E-04
Ar 2302  0.1843588E+02  0.2897392E+02  0.1584812E+02 -0.2453574E-04  0.3529455E-04 -0.4384751E-04
Ar 2303  0.1843999E+02  0.2637160E+02  0.1831666E+02  0.9975860E-05 -0.1874883E-04  0.5491941E-04
Ar 2304  0.1568753E+02  0.2888304E+02  0.1843518E+02  0.3028499E-04 -0.2932257E-04 -0.1080685E-04
Ar 2305  0.1581217E+02  0.2633100E+02  0.2107961E+02  0.1114742E-04 -0.5561363E-04 -0.2941386E-04
Ar 2306  0.1843927E+02  0.2908315E+02  0.2112400E+02  0.2557167E-04 -0.4138305E-04 -0.4535056E-04
Ar 2307  0.1833075E+02  0.2635799E+02  0.2363126E+02  0.1380338E-04  0.3656994E-04 -0.3427980E-04
Ar 2308  0.1592784E+02  0.2903242E+02  0.2370081E+02 -0.3276777E-04  0.2079194E-04  0.2477358E-04
Ar 2309  0.1571271E+02  0.2630869E+02  0.2630444E+02  0.1518659E-04 -0.2854354E-04  0.3334276E-05
Ar 2310  0.1840050E+02  0.2892068E+02  0.2644873E+02  0.4636625E-05  0.2534692E-04 -0.5039173E-04
Ar 2311  0.1838885E+02  0.2637032E+02  0.2897797E+02 -0.1071798E-04  0.9708689E-05  0.4534236E-04
Ar 2312  0.1585291E+02  0.2899118E+02  0.2895610E+02  0.5619642E-05 -0.4419410E-04 -0.7484629E-04
Ar 2313  0.1586875E+02  0.2643041E+02  0.3151044E+02 -0.4213827E-04 -0.4476468E-04 -0.2353809E-04
Ar 2314  0.1831978E+02  0.2882871E+02  0.3150058E+02  0.1309539E-05 -0.2648322E-04  0.2380266E-04
Ar 2315  0.1832182E+02  0.2629673E+02  0.3411613E+02  0.5685855E-04  0.4794074E-04  0.2690678E-06
Ar 2316  0.1578218E+02  0.2899171E+02  0.3415864E+02  0.3487210E-04 -0.5527930E-04 -0.2502458E-04
Ar 2317  0.1591269E+02  0.2625339E+02  0.3695582E+02  0.1254863E-04 -0.1891866E-04 -0.2874880E-04
Ar 2318  0.1842474E+02  0.2901185E+02  0.3667014E+02 -0.1231913E-03 -0.1654036E-04  0.1635952E-04
Ar 2319  0.1835563E+02  0.2631216E+02  0.3950641E+02 -0.7068099E-04 -0.5427893E-04 -0.1187562E-03
Ar 2320  0.1583292E+02  0.2888157E+02  0.3948910E+02  0.7711672E-05 -0.5292125E-04 -0.1910446E-03
Ar 2321  0.1573106E+02  0.2633155E+02  0.4208873E+02 -0.5557091E-04 -0.9137431E-04 -0.1697048E-04
Ar 2322  0.1843081E+02  0.2888846E+02  0.4210249E+02 -0.3715505E-04  0.1835927E-04  0.4075307E-04
Ar 2323  0.1847942E+02  0.2620174E+02  0.4483874E+02  0.1029980E-03  0.2284813E-04 -0.3709418E-04
Ar 2324  0.1584608E+02  0.2883224E+02  0.4481221E+02 -0.2226081E-05  0.6683419E-04 -0.8751177E-04
Ar 2325  0.1565204E+02  0.2631696E+02  0.4731487E+02 -0.3806039E-04 -0.3958588E-04  0.3825741E-04
Ar 2326  0.1836690E+02  0.2898048E+02  0.4735575E+02 -0.8348151E-05  0.1152160E-03 -0.5945771E-05
Ar 2327  0.1847933E+02  0.2626211E+02  0.5000748E+02  0.3142633E-04  0.5094311E-04  0.2007002E-04
Ar 2328  0.1574936E+02  0.2889947E+02  0.4992678E+02  0.5673872E-04 -0.1775619E-04  0.3190907E-04
Ar 2329  0.1589090E+02  0.2635544E+02  0.5258371E+02 -0.1667488E-04 -0.7463358E-04 -0.5693526E-04
Ar 2330  0.1838592E+02  0.2893462E+02  0.5267758E+02  0.3637728E-04  0.1651073E-04 -0.1137892E-04
Ar 2331  0.1843752E+02  0.2638075E+02  0.5510059E+02 -0.1132368E-04 -0.2218063E-05  0.9274647E-05
Ar 2332  0.1575520E+02  0.2895965E+02  0.5525567E+02 -0.1458422E-04 -0.1872325E-04  0.2219752E-04
Ar 2333  0.1571861E+02  0.2632780E+02  0.5791505E+02 -0.7427231E-04 -0.2277314E-04 -0.6284394E-04
Ar 2334  0.1834955E+02  0.2898763E+02  0.5781634E+02 -0.1021016E-04 -0.2095570E-04  0.8762521E-05
Ar 2335  0.1833153E+02  0.2630539E+02  0.6062624E+02 -0.1690952E-04 -0.1148871E-03 -0.3801396E-06
Ar 2336  0.1579638E+02  0.2883052E+02  0.6047045E+02  0.4055799E-04 -0.2757423E-05 -0.1502603E-04
Ar 2337  0.1571404E+02  0.2638756E+02  0.6323461E+02 -0.2654581E-04 -0.8552341E-04  0.5158837E-04
Ar 2338  0.1835268E+02  0.2901368E+02  0.6323171E+02 -0.2546913E-04 -0.6781341E-04 -0.2778225E-04
Ar 2339  0.1840254E+02  0.2629512E+02  0.6571450E+02  0.3101375E-04 -0.3797306E-04 -0.8774480E-05
Ar 2340  0.1586550E+02  0.2890330E+02  0.6571896E+02 -0.1371699E-04 -0.6086449E-04 -0.7029154E-04
Ar 2341  0.1563961E+02  0.3164725E+02  0.6843646E+02  0.4111035E-04  0.7250374E-04 -0.2841493E-04
Ar 2342  0.1844102E+02  0.3421102E+02  0.6850398E+02  0.4445631E-04  0.1892323E-04 -0.6660978E-04
Ar 2343  0.1827784E+02  0.3162226E+02  0.2536629E+01  0.6886967E-04 -0.1393174E-04 -0.1976524E-05
Ar 2344  0.1580870E+02  0.3430888E+02  0.2528267E+01  0.3491177E-04 -0.2543323E-04  0.3906289E-05
Ar 2345  0.1574468E+02  0.3154458E+02  0.5250994E+01 -0.5466799E-04 -0.1536536E-04  0.1825448E-05
Ar 2346  0.1843365E+02  0.3422119E+02  0.5257017E+01 -0.9448919E-04 -0.4081184E-04  0.3851389E-04
Ar 2347  0.1847098E+02  0.3161998E+02  0.7782000E+01 -0.7874696E-04 -0.5225677E-04 -0.4442580E-04
Ar 2348  0.1575827E+02  0.3420441E+02  0.7931339E+01 -0.3099731E-04 -0.5602652E-04 -0.2904523E-04
Ar 2349  0.1572339E+02  0.3153931E+02  0.1052473E+02 -0.3811340E-04 -0.5734835E-04 -0.3724952E-04
Ar 2350  0.1825358E+02  0.3420137E+02  0.1046994E+02 -0.1080727E-04 -0.7516309E-05  0.7568586E-04
Ar 2351  0.1844406E+02  0.3146974E+02  0.1316921E+02 -0.3754652E-04 -0.2111389E-04 -0.2872419E-04
Ar 2352  0.1571986E+02  0.3420388E+02  0.1314122E+02 -0.4528201E-04 -0.5011397E-04  0.3693287E-04
Ar 2353  0.1583866E+02  0.3155130E+02  0.1581586E+02 -0.2740652E-05  0.2320970E-04  0.8577375E-04
Ar 2354  0.1843008E+02  0.3415128E+02  0.1563321E+02 -0.5798484E-04 -0.2087657E-04 -0.1659220E-04
Ar 2355  0.1823949E+02  0.3149204E+02  0.1852563E+02 -0.8692834E-04  0.1071480E-04 -0.7827400E-04
Ar 2356  0.1586424E+02  0.3419790E+02  0.1838523E+02 -0.8004741E-05  0.4713101E-04 -0.5579116E-05
Ar 2357  0.1573010E+02  0.3156033E+02  0.2091839E+02 -0.8425492E-04 -0.1810753E-05  0.1175817E-04
Ar 2358  0.1834795E+02  0.3410245E+02  0.2106407E+02 -0.2285516E-04  0.1843246E-04 -0.4435011E-04
Ar 2359  0.1853838E+02  0.3158401E+02  0.2360113E+02  0.6479278E-04 -0.2911882E-04 -0.5108858E-04
Ar 2360  0.1570186E+02  0.3406110E+02  0.2369239E+02 -0.1860432E-04 -0.4424811E-04  0.5239076E-04
Ar 2361  0.1583969E+02  0.3167779E+02  0.2629370E+02  0.4098458E-04 -0.4582600E-04  0.1107959E-04
Ar 2362  0.1840221E+02  0.3413406E+02  0.2635118E+02 -0.2943683E-04 -0.3790036E-04  0.6006578E-04
Ar 2363  0.1847782E+02  0.3152338E+02  0.2901485E+02 -0.3600693E-05 -0.6989991E-04  0.3453552E-04
Ar 2364  0.1581714E+02  0.3426179E+02  0.2888806E+02 -0.1540908E-04  0.1734167E-05  0.3648453E-04
Ar 2365  0.1572333E+02  0.3157836E+02  0.3158523E+02  0.4108760E-04 -0.1784949E-04 -0.2390639E-04
Ar 2366  0.1835606E+02  0.3426654E+02  0.3154266E+02 -0.3516205E-04  0.1934259E-04  0.1239305E-04
Ar 2367  0.1840455E+02  0.3149703E+02  0.3409194E+02 -0.3647969E-05 -0.3987790E-04  0.1133073E-04
Ar 2368  0.1590812E+02  0.3426558E+02  0.3426865E+02 -0.7135406E-07  0.2736626E-04  0.2151169E-04
Ar 2369  0.1566707E+02  0.3150292E+02  0.3679624E+02  0.6759672E-05  0.5895276E-04  0.1895111E-04
Ar 2370  0.1830799E+02  0.3420612E+02  0.3684812E+02 -0.3330780E-04  0.7224632E-04  0.1109550E-03
Ar 2371  0.1839358E+02  0.3143041E+02  0.3955154E+02  0.3784927E-04 -0.7234573E-04 -0.4473238E-04
Ar 2372  0.1572975E+02  0.3421822E+02  0.3946365E+02 -0.4419607E-05 -0.3971415E-04 -0.6963710E-04
Ar 2373  0.1575037E+02  0.3152746E+02  0.4208504E+02  0.9973088E-05  0.1908488E-04  0.2618644E-04
Ar 2374  0.1841771E+02  0.3422795E+02  0.4216125E+02 -0.1333632E-04  0.2684766E-04 -0.1692733E-04
Ar 2375  0.1835676E+02  0.3159074E+02  0.4471636E+02 -0.5073402E-04  0.5653866E-04  0.1035247E-03
Ar 2376  0.1573403E+02  0.3417376E+02  0.4475252E+02  0.4890541E-04  0.1480046E-04 -0.4027550E-06
Ar 2377  0.1570268E+02  0.3156074E+02  0.4734814E+02  0.3606720E-04 -0.8019430E-04  0.4986528E-04
Ar 2378  0.1842777E+02  0.3426988E+02  0.4744608E+02 -0.2111204E-04  0.1937787E-04 -0.6731706E-04
Ar 2379  0.1840744E+02  0.3161812E+02  0.4996366E+02  0.7022772E-04  0.6583696E-05 -0.6618225E-04
Ar 2380  0.1576992E+02  0.3419397E+02  0.5004533E+02 -0.6142133E-04 -0.2989188E-04 -0.4300777E-05
Ar 2381  0.1566851E+02  0.3153911E+02  0.5260647E+02 -0.8016185E-05  0.3403096E-06 -0.2479837E-05
Ar 2382  0.1836544E+02  0.3424935E+02  0.5257936E+02  0.3039129E-04  0.7950780E-05  0.4942141E-04
Ar 2383  0.1840722E+02  0.3162204E+02  0.5527966E+02  0.4058941E-04 -0.1071909E-04 -0.5342516E-04
Ar 2384  0.1579822E+02  0.3422184E+02  0.5531964E+02  0.6959271E-04 -0.5822228E-04 -0.1784582E-04
Ar 2385  0.1578196E+02  0.3151413E+02  0.5793019E+02 -0.4873386E-04  0.2643093E-04 -0.8438090E-04
Ar 2386  0.1844174E+02  0.3424496E+02  0.5782035E+02 -0.4549338E-04 -0.6116956E-04 -0.4444330E-04
Ar 2387  0.1844119E+02  0.3152749E+02  0.6053790E+02  0.2568868E-05 -0.6197966E-04 -0.6147556E-05
Ar 2388  0.1570575E+02  0.3410463E+02  0.6061456E+02 -0.2150836E-04  0.1372623E-04 -0.8298330E-04
Ar 2389  0.1594408E+02  0.3153769E+02  0.6305579E+02 -0.3240645E-06 -0.3494397E-04 -0.1926518E-04
Ar 2390  0.1844526E+02  0.3422865E+02  0.6318787E+02  0.9215693E-04  0.2326449E-04  0.3358404E-04
Ar 2391  0.1847430E+02  0.3159003E+02  0.6578070E+02  0.2365079E-04  0.1005430E-03 -0.1448196E-04
Ar 2392  0.1574591E+02  0.3424873E+02  0.6573289E+02 -0.2960911E-04  0.6747303E-05  0.3290160E-04
Ar 2393  0.1586781E+02  0.3684781E+02  0.5830735E-01 -0.3548574E-04 -0.6254910E-04  0.9895443E-05
Ar 2394  0.1836840E+02  0.3941297E+02  0.6839074E+02 -0.4511141E-04  0.4853233E-05 -0.3861451E-04
Ar 2395  0.1841480E+02  0.3684178E+02  0.2558238E+01  0.8333737E-05  0.1451010E-04  0.4117902E-04
Ar 2396  0.1577287E+02  0.3963087E+02  0.2589600E+01 -0.9080793E-04  0.1580535E-05 -0.5651764E-04
Ar 2397  0.1577120E+02  0.3681978E+02  0.5419937E+01 -0.3551707E-04 -0.9925516E-05  0.1216343E-04
Ar 2398  0.1839031E+02  0.3959617E+02  0.5282969E+01 -0.6111064E-04 -0.4107999E-04  0.7591449E-04
Ar 2399  0.1853084E+02  0.3688081E+02  0.7901475E+01 -0.5444346E-04  0.4613144E-04 -0.1011774E-04
Ar 2400  0.1576302E+02  0.3949021E+02  0.7902368E+01 -0.1601639E-04  0.1141220E-05 -0.3528676E-04
Ar 2401  0.1583349E+02  0.3680515E+02  0.1046280E+02 -0.5432331E-04  0.2892008E-04  0.4273507E-04
Ar 2402  0.1849838E+02  0.3949097E+02  0.1053610E+02 -0.4986410E-04 -0.3358015E-04 -0.3983522E-04
Ar 2403  0.1839496E+02  0.3681610E+02  0.1319246E+02 -0.1110372E-05 -0.4238543E-04 -0.6980475E-04
Ar 2404  0.1582831E+02  0.3942139E+02  0.1317547E+02  0.5087133E-04 -0.3340226E-04  0.9618271E-04
Ar 2405  0.1573523E+02  0.3683974E+02  0.1585379E+02  0.1804593E-04 -0.2314038E-04 -0.8353258E-04
Ar 2406  0.1841945E+02  0.3948651E+02  0.1570418E+02  0.2241292E-04  0.4246113E-04 -0.2664910E-04
Ar 2407  0.1841552E+02  0.3688780E+02  0.1838620E+02 -0.3717544E-04  0.2847626E-04 -0.8886270E-04
Ar 2408  0.1574653E+02  0.3950412E+02  0.1842380E+02 -0.5748410E-04 -0.3224219E-04  0.2775418E-04
Ar 2409  0.1585259E+02  0.3682936E+02  0.2084280E+02  0.3819613E-04 -0.1568271E-04  0.2981070E-04
Ar 2410  0.1852360E+02  0.3950104E+02  0.2095927E+02  0.3646815E-04 -0.9902183E-05 -0.8548015E-04
Ar 2411  0.1836255E+02  0.3667883E+02  0.2360271E+02 -0.5499989E-04 -0.1332313E-04 -0.2819132E-05
Ar 2412  0.1573953E+02  0.3944070E+02  0.2377877E+02 -0.5234671E-04 -0.9021749E-04 -0.4073747E-04
Ar 2413  0.1562737E+02  0.3684767E+02  0.2622016E+02 -0.4048220E-04  0.2548874E-04 -0.1878992E-04
Ar 2414  0.1838011E+02  0.3933544E+02  0.2627365E+02 -0.1820922E-04 -0.6877612E-04  0.6144788E-05
Ar 2415  0.1836336E+02  0.3680428E+02  0.2889172E+02  0.1946369E-04  0.9073765E-05 -0.3064272E-04
Ar 2416  0.1577546E+02  0.3940957E+02  0.2893865E+02  0.1420013E-04  0.2439710E-04 -0.2523479E-04
Ar 2417  0.1582337E+02  0.3679897E+02  0.3149286E+02 -0.1605650E-04  0.3681270E-04 -0.6242181E-04
Ar 2418  0.1852883E+02  0.3933229E+02  0.3150257E+02  0.4598651E-05  0.5944197E-04  0.5476191E-05
Ar 2419  0.1855042E+02  0.3693494E+02  0.3420984E+02 -0.7239930E-04 -0.1146321E-03  0.5487393E-05
Ar 2420  0.1588894E+02  0.3949620E+02  0.3400101E+02  0.9466280E-04  0.3013086E-04 -0.3364914E-04
Ar 2421  0.1598794E+02  0.3685389E+02  0.3690730E+02  0.2806300E-04 -0.2873449E-04  0.4875408E-04
Ar 2422  0.1855933E+02  0.3943745E+02  0.3675356E+02 -0.3632261E-04  0.1968315E-04  0.4349060E-04
Ar 2423  0.1843366E+02  0.3694606E+02  0.3958523E+02 -0.3774907E-04  0.2345281E-04 -0.7674435E-04
Ar 2424  0.1591941E+02  0.3941105E+02  0.3952378E+02 -0.5536221E-04 -0.6996618E-05 -0.3236927E-04
Ar 2425  0.1582737E+02  0.3683025E+02  0.4205166E+02  0.7149000E-05  0.8427565E-04 -0.4616421E-04
Ar 2426  0.1847239E+02  0.3944896E+02  0.4203057E+02 -0.3378175E-04 -0.5323118E-04 -0.1637116E-04
Ar 2427  0.1836681E+02  0.3678605E+02  0.4478242E+02 -0.4549160E-04  0.7089755E-04 -0.1717045E-04
Ar 2428  0.1580060E+02  0.3940162E+02  0.4466286E+02 -0.5034741E-04 -0.8912688E-04 -0.1505536E-04
Ar 2429  0.1576021E+02  0.3690048E+02  0.4747777E+02 -0.6582376E-04  0.5936762E-05  0.4329455E-04
Ar 2430  0.1845415E+02  0.3952002E+02  0.4743504E+02 -0.2166649E-04  0.3414272E-04 -0.1063015E-03
Ar 2431  0.1838848E+02  0.3681076E+02  0.4997915E+02 -0.2467572E-04  0.3204407E-04  0.1292378E-04
Ar 2432  0.1582363E+02  0.3950681E+02  0.4994649E+02  0.4291654E-04 -0.3986959E-04 -0.5071694E-04
Ar 2433  0.1575911E+02  0.3682128E+02  0.5263384E+02  0.1783878E-05 -0.5261932E-04 -0.1159631E-03
Ar 2434  0.1837262E+02  0.3941385E+02  0.5260792E+02 -0.6258546E-04 -0.2998630E-04 -0.3113297E-04
Ar 2435  0.1843291E+02  0.3682563E+02  0.5522870E+02 -0.4237725E-04 -0.4263889E-04 -0.6138962E-04
Ar 2436  0.1576754E+02  0.3938872E+02  0.5535465E+02 -0.3650599E-04 -0.4788965E-04  0.1494722E-05
Ar 2437  0.1578635E+02  0.3690242E+02  0.5800220E+02 -0.2087204E-04  0.6587553E-04 -0.8840399E-04
Ar 2438  0.1844649E+02  0.3944785E+02  0.5790252E+02  0.8848101E-05  0.4965450E-04  0.7189548E-04
Ar 2439  0.1827616E+02  0.3671937E+02  0.6059485E+02  0.5009440E-06  0.1370168E-04 -0.3998664E-04
Ar 2440  0.1586225E+02  0.3950448E+02  0.6057283E+02  0.2711170E-06 -0.7186325E-04 -0.1636507E-04
Ar 2441  0.1583043E+02  0.3689753E+02  0.6321292E+02 -0.9589066E-05 -0.2447437E-04  0.2328638E-04
Ar 2442  0.1842819E+02  0.3947833E+02  0.6298846E+02  0.2069131E-04 -0.4264346E-04 -0.3748008E-04
Ar 2443  0.1831134E+02  0.3679888E+02  0.6588907E+02  0.1529076E-04 -0.4944107E-04 -0.7703842E-04
Ar 2444  0.1589484E+02  0.3951836E+02  0.6583246E+02 -0.5950476E-05 -0.4866706E-04  0.2762372E-04
Ar 2445  0.1568216E+02  0.4211302E+02  0.9158708E-01 -0.5439879E-04 -0.5631606E-04  0.4933146E-04
Ar 2446  0.1845105E+02  0.4461014E+02  0.1254943E+00 -0.7699931E-04  0.4956876E-05 -0.1998561E-04
Ar 2447  0.1851516E+02  0.4198961E+02  0.2673504E+01  0.3180307E-05  0.1325967E-04 -0.4292728E-04
Ar 2448  0.1583957E+02  0.4480233E+02  0.2691260E+01 -0.2535476E-04 -0.2313574E-04 -0.2339956E-04
Ar 2449  0.1575846E+02  0.4208021E+02  0.5352252E+01 -0.3564256E-05  0.4293601E-05 -0.1622920E-05
Ar 2450  0.1839770E+02  0.4473863E+02  0.5302940E+01  0.2847220E-04 -0.3120129E-05 -0.1189813E-04
Ar 2451  0.1844271E+02  0.4200310E+02  0.7873269E+01 -0.1751516E-04  0.1211649E-04  0.4046722E-04
Ar 2452  0.1582005E+02  0.4464135E+02  0.8018627E+01 -0.6025714E-04 -0.1727419E-04  0.4973003E-04
Ar 2453  0.1582383E+02  0.4209357E+02  0.1053230E+02 -0.5885591E-04  0.1706554E-04  0.1679717E-04
Ar 2454  0.1847538E+02  0.4473392E+02  0.1051145E+02 -0.1874843E-04 -0.1578714E-04  0.2442268E-04
Ar 2455  0.1838412E+02  0.4211941E+02  0.1314573E+02 -0.1859131E-04  0.2756013E-04 -0.1645358E-04
Ar 2456  0.1583624E+02  0.4478242E+02  0.1314929E+02  0.2416362E-04  0.4158902E-04  0.2784664E-04
Ar 2457  0.1575161E+02  0.4211902E+02  0.1584326E+02 -0.3582012E-04 -0.1946862E-04  0.1182123E-04
Ar 2458  0.1834289E+02  0.4468612E+02  0.1582510E+02 -0.2256046E-04 -0.8284198E-04 -0.6837595E-04
Ar 2459  0.1852173E+02  0.4214738E+02  0.1829731E+02  0.1972250E-04  0.4672875E-05 -0.2626748E-04
Ar 2460  0.1570735E+02  0.4479314E+02  0.1848205E+02  0.1633539E-04 -0.6790036E-05  0.7438326E-04
Ar 2461  0.1582121E+02  0.4208439E+02  0.2097009E+02 -0.7795360E-04  0.1484944E-04 -0.1096507E-03
Ar 2462  0.1846106E+02  0.4472491E+02  0.2110294E+02  0.1039684E-04 -0.3019245E-04  0.5542335E-04
Ar 2463  0.1843788E+02  0.4205392E+02  0.2366804E+02 -0.7226997E-05 -0.1445224E-04  0.2369945E-04
Ar 2464  0.1571012E+02  0.4475710E+02  0.2360773E+02  0.3526929E-04  0.1156522E-04  0.4915428E-04
Ar 2465  0.1591724E+02  0.4207585E+02  0.2633105E+02 -0.1656534E-04 -0.5439479E-04  0.3464448E-04
Ar 2466  0.1832090E+02  0.4479206E+02  0.2637389E+02  0.1775947E-04  0.8378020E-04  0.1867647E-04
Ar 2467  0.1857226E+02  0.4207241E+02  0.2908685E+02  0.5069401E-04  0.3887692E-04 -0.7830559E-04
Ar 2468  0.1582072E+02  0.4477550E+02  0.2894313E+02 -0.3034195E-04  0.1525765E-04 -0.2404109E-04
Ar 2469  0.1583231E+02  0.4221751E+02  0.3155667E+02 -0.6137838E-04  0.3633520E-04  0.2518584E-04
Ar 2470  0.1840016E+02  0.4472659E+02  0.3163423E+02  0.9759018E-05  0.4484946E-04  0.3437622E-04
Ar 2471  0.1848942E+02  0.4212802E+02  0.3419812E+02 -0.1669255E-04 -0.2563350E-05 -0.1790554E-04
Ar 2472  0.1566386E+02  0.4462174E+02  0.3422048E+02 -0.1115051E-04 -0.2713185E-04 -0.1839679E-04
Ar 2473  0.1583768E+02  0.4206110E+02  0.3674136E+02 -0.5411517E-04 -0.5209452E-04 -0.3739993E-04
Ar 2474  0.1845561E+02  0.4478098E+02  0.3685220E+02 -0.9782234E-04  0.6977744E-04  0.5352375E-04
Ar 2475  0.1836479E+02  0.4208393E+02  0.3952930E+02  0.1235313E-04 -0.4189316E-04 -0.3185685E-04
Ar 2476  0.1583928E+02  0.4469474E+02  0.3942491E+02 -0.6808628E-04  0.1082150E-04  0.3694010E-04
Ar 2477  0.1590655E+02  0.4220467E+02  0.4206670E+02 -0.2514206E-05 -0.3327913E-04 -0.8256607E-04
Ar 2478  0.1840859E+02  0.4472431E+02  0.4214213E+02 -0.4304492E-04 -0.6396826E-04 -0.3293619E-05
Ar 2479  0.1839132E+02  0.4209984E+02  0.4495213E+02 -0.2452570E-04  0.5802886E-04 -0.5910438E-04
Ar 2480  0.1572956E+02  0.4474448E+02  0.4471101E+02 -0.1727232E-04  0.3156817E-04  0.2495725E-04
Ar 2481  0.1590529E+02  0.4208706E+02  0.4729460E+02 -0.2886695E-04  0.2376811E-04  0.2590285E-04
Ar 2482  0.1843276E+02  0.4477948E+02  0.4733428E+02 -0.3302668E-04  0.8818621E-04  0.2194746E-04
Ar 2483  0.1838633E+02  0.4213456E+02  0.5002328E+02  0.4607839E-05  0.3784605E-04 -0.4200778E-04
Ar 2484  0.1573517E+02  0.4471385E+02  0.5000583E+02 -0.5768575E-04  0.1143972E-04 -0.2638372E-04
Ar 2485  0.1573131E+02  0.4215977E+02  0.5270835E+02 -0.4285563E-04  0.2897624E-04 -0.1342077E-03
Ar 2486  0.1833215E+02  0.4473056E+02  0.5258958E+02 -0.4034738E-04  0.1802101E-04  0.4386974E-04
Ar 2487  0.1832880E+02  0.4206586E+02  0.5513632E+02  0.2649903E-04 -0.6273404E-04  0.2034914E-04
Ar 2488  0.1585155E+02  0.4473640E+02  0.5527656E+02  0.9195275E-04 -0.2863593E-04  0.2169191E-06
Ar 2489  0.1573180E+02  0.4212656E+02  0.5793515E+02 -0.1032962E-03 -0.7389835E-04 -0.5944996E-04
Ar 2490  0.1844927E+02  0.4470027E+02  0.5794389E+02  0.6573949E-04 -0.4975898E-04 -0.4762221E-04
Ar 2491  0.1836613E+02  0.4208595E+02  0.6053763E+02  0.4622001E-04  0.3715750E-04 -0.8286353E-04
Ar 2492  0.1583742E+02  0.4482284E+02  0.6047068E+02 -0.3295006E-04 -0.9318661E-04 -0.2129498E-04
Ar 2493  0.1575604E+02  0.4208688E+02  0.6310729E+02  0.1183656E-03 -0.7514014E-05 -0.2661578E-04
Ar 2494  0.1844673E+02  0.4466424E+02  0.6319945E+02  0.3691783E-05 -0.9851198E-04 -0.1334956E-03
Ar 2495  0.1836675E+02  0.4205657E+02  0.6569973E+02  0.8121210E-04  0.3389409E-04  0.4627336E-04
Ar 2496  0.1581424E+02  0.4481402E+02  0.6581675E+02 -0.1196491E-04 -0.5014686E-04 -0.9453026E-05
Ar 2497  0.1577903E+02  0.4728869E+02  0.6842682E+02  0.3613012E-04 -0.4593023E-04  0.1622810E-04
Ar 2498  0.1851184E+02  0.5011773E+02  0.6844425E+02 -0.1004236E-04 -0.5146551E-04 -0.2724606E-04
Ar 2499  0.1841404E+02  0.4739774E+02  0.2613342E+01 -0.5168388E-04  0.3250386E-05 -0.6022658E-05
Ar 2500  0.1584960E+02  0.5002074E+02  0.2607078E+01 -0.2760596E-05 -0.7231923E-04  0.3484225E-04
Ar 2501  0.1583057E+02  0.4738451E+02  0.5345393E+01  0.2984721E-04 -0.3915695E-04  0.7044911E-05
Ar 2502  0.1837891E+02  0.4988778E+02  0.5130137E+01 -0.2987629E-04 -0.2648779E-05  0.1375231E-04
Ar 2503  0.1839265E+02  0.4728108E+02  0.7850732E+01  0.9298923E-06  0.4312515E-04  0.5496511E-04
Ar 2504  0.1569655E+02  0.5001343E+02  0.7849011E+01  0.3143393E-05 -0.2749796E-04 -0.3302325E-05
Ar 2505  0.1581494E+02  0.4740250E+02  0.1053197E+02  0.1135015E-05 -0.9282337E-04 -0.3947298E-04
Ar 2506  0.1832827E+02  0.5003704E+02  0.1055181E+02 -0.3686966E-06 -0.1794405E-04  0.4928792E-04
Ar 2507  0.1834886E+02  0.4727572E+02  0.1311746E+02 -0.1463760E-04  0.4459678E-04  0.9666893E-04
Ar 2508  0.1576277E+02  0.5005205E+02  0.1330585E+02 -0.1702155E-04 -0.6054165E-04  0.8613735E-05
Ar 2509  0.1594655E+02  0.4738343E+02  0.1583041E+02 -0.4765910E-04  0.7981995E-05 -0.4110448E-04
Ar 2510  0.1837711E+02  0.4995603E+02  0.1583338E+02 -0.2143769E-04 -0.4502140E-04  0.3575286E-04
Ar 2511  0.1838204E+02  0.4731133E+02  0.1841208E+02 -0.8082317E-05  0.3858105E-04 -0.7095425E-04
Ar 2512  0.1580334E+02  0.4999801E+02  0.1847066E+02  0.1158519E-04  0.4566254E-05  0.3678992E-04
Ar 2513  0.1581238E+02  0.4735076E+02  0.2102814E+02  0.9404542E-05 -0.1637856E-04  0.1561967E-04
Ar 2514  0.1836245E+02  0.4997096E+02  0.2094459E+02 -0.3275454E-04 -0.5945891E-04 -0.3769186E-05
Ar 2515  0.1845638E+02  0.4739152E+02  0.2374196E+02 -0.3024579E-04 -0.1026947E-04  0.1136081E-05
Ar 2516  0.1576365E+02  0.5000611E+02  0.2380176E+02  0.3098313E-04  0.5275113E-04  0.9617296E-04
Ar 2517  0.1594798E+02  0.4726224E+02  0.2644358E+02 -0.3607489E-05  0.2369201E-04  0.2800193E-04
Ar 2518  0.1838139E+02  0.4995813E+02  0.2633253E+02 -0.4918492E-04  0.3333691E-04  0.3877585E-04
Ar 2519  0.1843045E+02  0.4738319E+02  0.2894139E+02 -0.8736602E-04  0.8853265E-05 -0.2010843E-04
Ar 2520  0.1590436E+02  0.4997354E+02  0.2891293E+02  0.3222314E-04 -0.3556308E-04  0.9075148E-05
Ar 2521  0.1584565E+02  0.4729891E+02  0.3157743E+02  0.1203890E-05  0.1447318E-04  0.3054231E-04
Ar 2522  0.1838966E+02  0.4997322E+02  0.3163718E+02  0.3930529E-04  0.3422378E-04 -0.6296488E-04
Ar 2523  0.1849048E+02  0.4743202E+02  0.3421068E+02  0.8137168E-04 -0.5127245E-05 -0.6979247E-05
Ar 2524  0.1570511E+02  0.4980921E+02  0.3420000E+02  0.3432603E-04  0.2314645E-04  0.1458672E-04
Ar 2525  0.1582058E+02  0.4727461E+02  0.3684395E+02 -0.1989858E-04 -0.2071524E-04 -0.6140010E-05
Ar 2526  0.1846346E+02  0.5006202E+02  0.3682160E+02 -0.2227883E-04  0.3207003E-04  0.3392179E-04
Ar 2527  0.1841488E+02  0.4723348E+02  0.3958335E+02 -0.5344652E-04 -0.7158453E-04  0.2885395E-04
Ar 2528  0.1561762E+02  0.5005518E+02  0.3946410E+02  0.3839326E-05 -0.3339212E-04  0.4718856E-04
Ar 2529  0.1588293E+02  0.4753879E+02  0.4211729E+02  0.4432409E-04 -0.3199794E-04  0.4051790E-04
Ar 2530  0.1844128E+02  0.5003238E+02  0.4219832E+02 -0.2174373E-04  0.7077449E-04 -0.4478489E-04
Ar 2531  0.1842989E+02  0.4734680E+02  0.4464243E+02  0.5248757E-04  0.3816153E-05 -0.1742178E-04
Ar 2532  0.1580371E+02  0.4998822E+02  0.4474006E+02  0.1679122E-04 -0.1988529E-04 -0.1186364E-04
Ar 2533  0.1580796E+02  0.4731410E+02  0.4727088E+02  0.3616964E-04 -0.2064264E-04 -0.5247340E-04
Ar 2534  0.1839788E+02  0.4992493E+02  0.4719055E+02 -0.4109209E-04 -0.3196485E-04 -0.9030921E-04
Ar 2535  0.1840697E+02  0.4742894E+02  0.5007141E+02 -0.8727227E-04 -0.2961239E-04 -0.4395179E-04
Ar 2536  0.1586489E+02  0.4996013E+02  0.4984281E+02 -0.6366315E-04 -0.1148243E-03 -0.1000923E-03
Ar 2537  0.1584930E+02  0.4735004E+02  0.5266247E+02  0.3639863E-04  0.2112576E-04 -0.4688603E-04
Ar 2538  0.1835034E+02  0.4999702E+02  0.5259050E+02 -0.8120327E-05  0.3757808E-04 -0.2600150E-04
Ar 2539  0.1832650E+02  0.4738978E+02  0.5523551E+02  0.4934142E-04 -0.3379724E-04 -0.7388922E-04
Ar 2540  0.1580390E+02  0.5010398E+02  0.5528609E+02  0.1595232E-04  0.4384547E-04  0.2090148E-05
Ar 2541  0.1575044E+02  0.4741669E+02  0.5806912E+02 -0.7218417E-04 -0.7138723E-05 -0.6592143E-04
Ar 2542  0.1845361E+02  0.4996775E+02  0.5790389E+02 -0.2963273E-04  0.1442254E-04  0.1088838E-04
Ar 2543  0.1841936E+02  0.4745263E+02  0.6051452E+02 -0.1028120E-03  0.6387669E-04 -0.1212814E-03
Ar 2544  0.1570906E+02  0.4993749E+02  0.6053435E+02  0.3055486E-05  0.4727510E-04  0.1978288E-04
Ar 2545  0.1597015E+02  0.4731345E+02  0.6323332E+02  0.3641770E-04 -0.2402177E-04 -0.1204142E-03
Ar 2546  0.1840818E+02  0.4992458E+02  0.6323121E+02 -0.7117465E-05 -0.6449638E-04  0.8061520E-04
Ar 2547  0.1846991E+02  0.4735263E+02  0.6575520E+02 -0.1195721E-04 -0.5498287E-04  0.4854474E-04
Ar 2548  0.1579133E+02  0.5002370E+02  0.6593103E+02  0.2157616E-04 -0.5191954E-04  0.4557317E-04
Ar 2549  0.1580407E+02  0.5255351E+02  0.6836492E+02 -0.1299438E-05  0.1290205E-04 -0.3580616E-04
Ar 2550  0.1841083E+02  0.5532113E+02  0.6857802E+02 -0.4752446E-04 -0.9547178E-04 -0.1100235E-03
Ar 2551  0.1850988E+02  0.5265224E+02  0.2638865E+01  0.5495484E-04 -0.5936015E-04  0.2882693E-04
Ar 2552  0.1589238E+02  0.5535978E+02  0.2569630E+01 -0.3585538E-04 -0.3988058E-05  0.2391746E-04
Ar 2553  0.1579257E+02  0.5281004E+02  0.5197718E+01  0.4806810E-04 -0.2769056E-04 -0.1019540E-03
Ar 2554  0.1850475E+02  0.5532272E+02  0.5297164E+01  0.1337926E-04  0.4355471E-04  0.4296697E-05
Ar 2555  0.1850168E+02  0.5248971E+02  0.7919220E+01 -0.1330380E-04 -0.3823130E-04 -0.6255876E-04
Ar 2556  0.1569160E+02  0.5534225E+02  0.7849333E+01  0.4500458E-04  0.7001066E-04  0.1534651E-04
Ar 2557  0.1574764E+02  0.5272453E+02  0.1059576E+02 -0.3321730E-04  0.4457610E-04  0.5637253E-06
Ar 2558  0.1840857E+02  0.5521807E+02  0.1057113E+02 -0.6371731E-04  0.6481231E-04 -0.1015182E-03
Ar 2559  0.1824444E+02  0.5267631E+02  0.1311665E+02  0.9646425E-05 -0.2686378E-05  0.7779319E-04
Ar 2560  0.1576594E+02  0.5533334E+02  0.1322101E+02 -0.8563096E-04 -0.3782682E-04 -0.4350503E-04
Ar 2561  0.1574454E+02  0.5259952E+02  0.1576108E+02  0.9948152E-05  0.2391763E-04  0.2869743E-04
Ar 2562  0.1860839E+02  0.5527267E+02  0.1583879E+02 -0.3974921E-04 -0.2614148E-04 -0.1782850E-04
Ar 2563  0.1842175E+02  0.5256384E+02  0.1837698E+02 -0.4493861E-04 -0.2949885E-04  0.5421787E-04
Ar 2564  0.1577694E+02  0.5517525E+02  0.1848944E+02 -0.5909998E-04 -0.3548267E-05 -0.1616115E-04
Ar 2565  0.1564807E+02  0.5269744E+02  0.2091615E+02  0.6562402E-05 -0.1182890E-03  0.1535202E-04
Ar 2566  0.1841048E+02  0.5531710E+02  0.2091838E+02 -0.1754262E-04 -0.2992082E-05 -0.5336523E-04
Ar 2567  0.1833112E+02  0.5261966E+02  0.2362290E+02 -0.7338063E-04 -0.1835143E-04  0.3840723E-04
Ar 2568  0.1581837E+02  0.5521050E+02  0.2364015E+02  0.3370696E-04 -0.1138847E-03 -0.6823238E-04
Ar 2569  0.1570022E+02  0.5254799E+02  0.2640231E+02 -0.6915938E-05 -0.2886617E-06 -0.6334010E-04
Ar 2570  0.1839565E+02  0.5520155E+02  0.2627784E+02 -0.2026631E-04 -0.2541175E-04 -0.2190651E-04
Ar 2571  0.1847911E+02  0.5277370E+02  0.2912303E+02 -0.7290575E-04 -0.1067844E-04  0.1096110E-04
Ar 2572  0.1584801E+02  0.5532261E+02  0.2893977E+02  0.6103146E-05 -0.7960677E-04  0.7538337E-04
Ar 2573  0.1576461E+02  0.5246995E+02  0.3155857E+02 -0.1377331E-03 -0.6396512E-04 -0.1044379E-03
Ar 2574  0.1848926E+02  0.5528230E+02  0.3154624E+02  0.7296701E-04 -0.1662930E-04  0.2916426E-05
Ar 2575  0.1848050E+02  0.5266525E+02  0.3417357E+02  0.6001812E-05 -0.4261963E-04 -0.2135767E-04
Ar 2576  0.1579966E+02  0.5521373E+02  0.3424284E+02 -0.9505830E-05 -0.4956620E-04  0.9703838E-04
Ar 2577  0.1585275E+02  0.5264994E+02  0.3686188E+02 -0.8648941E-05 -0.3265037E-04 -0.2421323E-05
Ar 2578  0.1837444E+02  0.5523556E+02  0.3692915E+02 -0.1170312E-04 -0.7253046E-04  0.5291215E-04
Ar 2579  0.1850894E+02  0.5250147E+02  0.3950631E+02  0.7831263E-04 -0.3667507E-04  0.9271896E-05
Ar 2580  0.1590045E+02  0.5519676E+02  0.3947670E+02  0.5200326E-05  0.1685275E-04 -0.5185480E-05
Ar 2581  0.1561177E+02  0.5266054E+02  0.4204494E+02  0.6642630E-04 -0.2869526E-04  0.2373148E-04
Ar 2582  0.1849434E+02  0.5526523E+02  0.4214746E+02 -0.5079934E-04 -0.1611810E-04 -0.6494165E-04
Ar 2583  0.1849952E+02  0.5261040E+02  0.4472485E+02 -0.2892522E-04  0.8206456E-04 -0.3919369E-04
Ar 2584  0.1576669E+02  0.5529238E+02  0.4478444E+02 -0.5669759E-04 -0.4391860E-04  0.5470209E-04
Ar 2585  0.1575644E+02  0.5259209E+02  0.4734874E+02  0.4735756E-04 -0.6816973E-04 -0.5203587E-04
Ar 2586  0.1842607E+02  0.5526130E+02  0.4738515E+02 -0.2444374E-05 -0.3047653E-04 -0.4300067E-04
Ar 2587  0.1838497E+02  0.5255909E+02  0.5003235E+02 -0.5133005E-04  0.2655770E-04 -0.5444337E-04
Ar 2588  0.1573962E+02  0.5519482E+02  0.4999044E+02 -0.6213795E-05 -0.5570057E-04  0.2526363E-04
Ar 2589  0.1566381E+02  0.5257033E+02  0.5267620E+02  0.9650409E-04 -0.1755268E-04 -0.3390632E-04
Ar 2590  0.1829052E+02  0.5510363E+02  0.5263161E+02 -0.3527256E-04 -0.4637176E-04  0.2136200E-04
Ar 2591  0.1838740E+02  0.5264306E+02  0.5529346E+02  0.5500508E-04 -0.2962112E-04 -0.9556453E-04
Ar 2592  0.1575051E+02  0.5531435E+02  0.5539838E+02  0.3631314E-04 -0.8737317E-04  0.1360512E-04
Ar 2593  0.1578344E+02  0.5268742E+02  0.5787200E+02 -0.1221909E-04 -0.2639215E-04  0.2793955E-05
Ar 2594  0.1855603E+02  0.5530842E+02  0.5790079E+02 -0.7238271E-04 -0.8167205E-04  0.3890347E-04
Ar 2595  0.1852121E+02  0.5270475E+02  0.6044805E+02 -0.6610582E-04  0.8032063E-04 -0.7329318E-04
Ar 2596  0.1574103E+02  0.5523763E+02  0.6055651E+02 -0.8922508E-05  0.8931521E-04  0.2663106E-04
Ar 2597  0.1566308E+02  0.5265243E+02  0.6316631E+02  0.3305430E-05 -0.1684241E-04 -0.5008682E-05
Ar 2598  0.1831365E+02  0.5520819E+02  0.6317915E+02 -0.5256307E-04 -0.5277282E-04 -0.9724903E-04
Ar 2599  0.1846948E+02  0.5255672E+02  0.6570075E+02  0.1131635E-04  0.8091377E-04 -0.1123232E-03
Ar 2600  0.1562108E+02  0.5523014E+02  0.6570236E+02 -0.2375916E-04 -0.1730616E-04 -0.4824978E-04
Ar 2601  0.1581381E+02  0.5788109E+02  0.6842076E+02 -0.2740235E-04 -0.5220598E-04 -0.1633780E-04
Ar 2602  0.1841660E+02  0.6045745E+02  0.6831202E+02  0.4109058E-04 -0.2394173E-04 -0.4787681E-04
Ar 2603  0.1831104E+02  0.5788149E+02  0.2630720E+01 -0.5591356E-04  0.6670687E-05  0.2673221E-04
Ar 2604  0.1583686E+02  0.6060272E+02  0.2537069E+01  0.7432421E-04  0.7525151E-04  0.5879193E-04
Ar 2605  0.1579680E+02  0.5799639E+02  0.5380419E+01  0.1066615E-03  0.7171349E-05 -0.2852849E-04
Ar 2606  0.1836582E+02  0.6040127E+02  0.5256692E+01 -0.2537426E-04 -0.2945261E-04  0.1010078E-03
Ar 2607  0.1852186E+02  0.5795356E+02  0.7940351E+01 -0.2645022E-04 -0.1114869E-03 -0.7918354E-05
Ar 2608  0.1584678E+02  0.6055783E+02  0.8014985E+01  0.3966870E-05 -0.1108122E-03  0.9436610E-04
Ar 2609  0.1581293E+02  0.5786832E+02  0.1054811E+02  0.2580264E-04 -0.5066439E-04 -0.1702891E-04
Ar 2610  0.1842765E+02  0.6055100E+02  0.1055870E+02 -0.1020836E-04  0.7214756E-04  0.3654004E-04
Ar 2611  0.1849806E+02  0.5782468E+02  0.1314109E+02 -0.7652745E-04  0.3957699E-04 -0.4435862E-04
Ar 2612  0.1568388E+02  0.6057209E+02  0.1314509E+02  0.3972604E-04 -0.1304894E-04 -0.3301372E-04
Ar 2613  0.1575523E+02  0.5785641E+02  0.1582414E+02 -0.5362535E-04 -0.3163496E-04  0.1354753E-04
Ar 2614  0.1846138E+02  0.6048832E+02  0.1567643E+02 -0.3863375E-05 -0.3477835E-04  0.7566855E-05
Ar 2615  0.1851489E+02  0.5795481E+02  0.1827539E+02  0.7420322E-04 -0.5801768E-04 -0.5660515E-05
Ar 2616  0.1585119E+02  0.6054019E+02  0.1841492E+02 -0.1584986E-04 -0.2487316E-04 -0.6771683E-04
Ar 2617  0.1568319E+02  0.5787371E+02  0.2108434E+02 -0.2022183E-04  0.4708349E-04 -0.1991936E-04
Ar 2618  0.1831129E+02  0.6051302E+02  0.2104295E+02  0.6148655E-04 -0.2705230E-04 -0.2657513E-04
Ar 2619  0.1838600E+02  0.5786382E+02  0.2366674E+02 -0.3401297E-04 -0.9345792E-04 -0.1375722E-04
Ar 2620  0.1575510E+02  0.6044606E+02  0.2374513E+02 -0.3505457E-04 -0.5560270E-04  0.8185677E-04
Ar 2621  0.1589061E+02  0.5792564E+02  0.2631347E+02 -0.7169210E-05  0.3409462E-04  0.4290377E-04
Ar 2622  0.1837926E+02  0.6062709E+02  0.2634934E+02  0.9924366E-04 -0.1644447E-04 -0.2030312E-04
Ar 2623  0.1850094E+02  0.5797746E+02  0.2899396E+02  0.6235816E-04  0.8852548E-05 -0.3552885E-04
Ar 2624  0.1590486E+02  0.6035945E+02  0.2894781E+02  0.8373876E-06 -0.1508250E-03 -0.5638595E-04
Ar 2625  0.1587624E+02  0.5788154E+02  0.3156240E+02  0.2537160E-04 -0.2976730E-04 -0.7113392E-05
Ar 2626  0.1836735E+02  0.6052330E+02  0.3152176E+02  0.3988341E-04 -0.3421320E-04 -0.1552162E-04
Ar 2627  0.1833026E+02  0.5791501E+02  0.3429645E+02  0.3180372E-04 -0.4446641E-04 -0.1695438E-04
Ar 2628  0.1577983E+02  0.6051893E+02  0.3415876E+02 -0.5226248E-04 -0.6043932E-04 -0.7811257E-04
Ar 2629  0.1565549E+02  0.5788116E+02  0.3685885E+02 -0.2607084E-04 -0.7282147E-04  0.2237358E-04
Ar 2630  0.1847756E+02  0.6051829E+02  0.3684405E+02  0.2342298E-04  0.5449113E-04  0.7266597E-05
Ar 2631  0.1851004E+02  0.5791300E+02  0.3939396E+02 -0.1695139E-04  0.3749343E-04 -0.9091233E-04
Ar 2632  0.1579178E+02  0.6062545E+02  0.3941636E+02 -0.1163625E-03 -0.1758168E-05  0.1244209E-03
Ar 2633  0.1576551E+02  0.5792022E+02  0.4214513E+02 -0.9107479E-05 -0.5993297E-04 -0.8416888E-04
Ar 2634  0.1843493E+02  0.6055533E+02  0.4208207E+02  0.3055960E-04 -0.3263873E-04 -0.4393391E-04
Ar 2635  0.1845887E+02  0.5793380E+02  0.4472945E+02 -0.1117444E-04 -0.4415944E-04  0.1789856E-04
Ar 2636  0.1579610E+02  0.6057840E+02  0.4478572E+02  0.1384468E-03 -0.3465898E-04  0.1073025E-04
Ar 2637  0.1572684E+02  0.5786439E+02  0.4724060E+02 -0.8251206E-05 -0.3706788E-04 -0.3590195E-04
Ar 2638  0.1845165E+02  0.6049124E+02  0.4740945E+02 -0.1049587E-03 -0.3461303E-04  0.2977353E-05
Ar 2639  0.1838844E+02  0.5799029E+02  0.4999300E+02  0.3383185E-05 -0.3309143E-05  0.2076808E-05
Ar 2640  0.1567873E+02  0.6063056E+02  0.4998424E+02  0.2510224E-05 -0.6365318E-04 -0.1570134E-04
Ar 2641  0.1565681E+02  0.5800433E+02  0.5267972E+02  0.1051020E-03 -0.1396544E-04  0.6005541E-05
Ar 2642  0.1832297E+02  0.6050182E+02  0.5259614E+02  0.1590608E-04 -0.3027836E-04 -0.7835197E-07
Ar 2643  0.1841292E+02  0.5790378E+02  0.5513370E+02 -0.9673494E-04 -0.8179647E-05 -0.1328844E-03
Ar 2644  0.1580049E+02  0.6055720E+02  0.5530442E+02 -0.9730212E-04 -0.2301309E-04  0.3488080E-04
Ar 2645  0.1578529E+02  0.5794790E+02  0.5785048E+02 -0.3947728E-04  0.1398949E-04  0.1655713E-04
Ar 2646  0.1841514E+02  0.6047813E+02  0.5778599E+02 -0.7627574E-04 -0.4317831E-04 -0.1435877E-05
Ar 2647  0.1835689E+02  0.5784231E+02  0.6055196E+02 -0.1154241E-03  0.4764848E-04  0.2465022E-04
Ar 2648  0.1580429E+02  0.6056348E+02  0.6048992E+02  0.1036497E-04 -0.7924761E-04 -0.1028403E-04
Ar 2649  0.1586608E+02  0.5793242E+02  0.6301356E+02 -0.5716326E-04  0.3837712E-06 -0.3034148E-04
Ar 2650  0.1838594E+02  0.6058631E+02  0.6313612E+02 -0.8369895E-04  0.3834593E-04 -0.3910885E-04
Ar 2651  0.1838900E+02  0.5783912E+02  0.6567863E+02 -0.2323891E-04  0.2553763E-04 -0.1076637E-03
Ar 2652  0.1577696E+02  0.6044228E+02  0.6582681E+02  0.1073976E-04  0.7252304E-04 -0.2590987E-04
Ar 2653  0.1581543E+02  0.6310638E+02  0.6830066E+02 -0.5185017E-05 -0.1521161E-04 -0.1256810E-04
Ar 2654  0.1843633E+02  0.6583123E+02  0.6843742E+02 -0.5690907E-04 -0.5234196E-04 -0.2540529E-04
Ar 2655  0.1849250E+02  0.6321066E+02  0.2628647E+01 -0.4635585E-04 -0.3094805E-04  0.2843642E-04
Ar 2656  0.1573649E+02  0.6565238E+02  0.2607468E+01  0.4637448E-04  0.2217242E-04 -0.8383421E-05
Ar 2657  0.1572131E+02  0.6324811E+02  0.5328101E+01 -0.1476359E-04 -0.5296086E-04  0.5388828E-04
Ar 2658  0.1841644E+02  0.6573030E+02  0.5204218E+01 -0.3262927E-04  0.1122204E-04 -0.4485636E-05
Ar 2659  0.1849301E+02  0.6314787E+02  0.7914966E+01 -0.5434471E-04 -0.2855155E-04  0.2155528E-04
Ar 2660  0.1570291E+02  0.6578917E+02  0.8037801E+01  0.1257356E-04 -0.9094111E-04 -0.5749557E-04
Ar 2661  0.1574037E+02  0.6310146E+02  0.1051032E+02  0.5173368E-04 -0.4344657E-04 -0.5560048E-04
Ar 2662  0.1847898E+02  0.6586806E+02  0.1053522E+02 -0.8872305E-05 -0.6681856E-04 -0.2213831E-05
Ar 2663  0.1850144E+02  0.6311525E+02  0.1314453E+02  0.9512938E-04 -0.4160133E-04 -0.8402004E-04
Ar 2664  0.1584470E+02  0.6569328E+02  0.1318116E+02 -0.7898402E-05  0.1950090E-04 -0.3632676E-04
Ar 2665  0.1569008E+02  0.6311748E+02  0.1574304E+02 -0.6409472E-04 -0.1103247E-03 -0.2309759E-05
Ar 2666  0.1841279E+02  0.6578095E+02  0.1575452E+02  0.4252039E-04 -0.3542282E-05  0.4811765E-04
Ar 2667  0.1842248E+02  0.6315043E+02  0.1842123E+02 -0.1757596E-04 -0.5163049E-04 -0.7465506E-04
Ar 2668  0.1575094E+02  0.6569500E+02  0.1836690E+02  0.5921195E-04 -0.8237602E-04 -0.1524323E-05
Ar 2669  0.1573692E+02  0.6322313E+02  0.2109651E+02 -0.4405516E-04 -0.2768998E-04 -0.4606278E-04
Ar 2670  0.1844305E+02  0.6571712E+02  0.2101554E+02 -0.5393311E-04 -0.2512089E-04 -0.7853172E-04
Ar 2671  0.1839999E+02  0.6311250E+02  0.2368458E+02 -0.4862022E-04 -0.5680151E-04 -0.3280020E-04
Ar 2672  0.1586985E+02  0.6581352E+02  0.2382522E+02 -0.9167596E-04 -0.7711296E-04  0.2895495E-04
Ar 2673  0.1575651E+02  0.6308374E+02  0.2637502E+02  0.2027607E-04 -0.1068880E-03 -0.7233806E-04
Ar 2674  0.1844349E+02  0.6583712E+02  0.2622119E+02 -0.2358095E-04 -0.9274635E-05 -0.7009902E-04
Ar 2675  0.1832714E+02  0.6304355E+02  0.2885538E+02 -0.4405418E-05 -0.4393383E-04  0.8011950E-05
Ar 2676  0.1569355E+02  0.6573451E+02  0.2891863E+02 -0.5007712E-04 -0.7069224E-04 -0.6585521E-05
Ar 2677  0.1580195E+02  0.6318499E+02  0.3152867E+02 -0.3564634E-04 -0.2379883E-04  0.3878758E-04
Ar 2678  0.1844803E+02  0.6573636E+02  0.3143278E+02  0.2091460E-04 -0.2499828E-04 -0.5058247E-04
Ar 2679  0.1853379E+02  0.6315795E+02  0.3413860E+02 -0.5285967E-04  0.9845814E-04 -0.4082311E-04
Ar 2680  0.1578514E+02  0.6578199E+02  0.3417562E+02 -0.3218490E-04 -0.4625830E-04 -0.2180850E-04
Ar 2681  0.1578437E+02  0.6306040E+02  0.3681013E+02 -0.5791261E-04 -0.1638679E-04  0.2583756E-04
Ar 2682  0.1837900E+02  0.6582486E+02  0.3686907E+02  0.4740092E-04 -0.2300358E-04 -0.2566098E-04
Ar 2683  0.1844749E+02  0.6308041E+02  0.3940795E+02 -0.3679451E-04 -0.1816670E-04 -0.1261353E-03
Ar 2684  0.1591602E+02  0.6585861E+02  0.3948637E+02  0.4772805E-04 -0.8001501E-05  0.2218402E-04
Ar 2685  0.1573236E+02  0.6309359E+02  0.4198832E+02  0.5073655E-04 -0.4753169E-04 -0.5043322E-04
Ar 2686  0.1847718E+02  0.6563588E+02  0.4213212E+02 -0.4262081E-04  0.4920361E-04 -0.3420099E-04
Ar 2687  0.1841331E+02  0.6309754E+02  0.4482451E+02  0.1270523E-03 -0.3035802E-04  0.3033214E-04
Ar 2688  0.1589673E+02  0.6576036E+02  0.4482961E+02 -0.3999392E-04  0.3021009E-04 -0.2713338E-04
Ar 2689  0.1581377E+02  0.6331105E+02  0.4736516E+02 -0.3638741E-04  0.5377632E-06 -0.7355250E-04
Ar 2690  0.1845252E+02  0.6580282E+02  0.4741687E+02 -0.7372020E-05  0.1480837E-04 -0.1228942E-04
Ar 2691  0.1836590E+02  0.6321713E+02  0.5008649E+02 -0.5272543E-04  0.9787913E-04 -0.5002355E-04
Ar 2692  0.1584703E+02  0.6568230E+02  0.5005613E+02  0.5809525E-04 -0.4726047E-04 -0.1476718E-04
Ar 2693  0.1574579E+02  0.6315366E+02  0.5252946E+02 -0.3569237E-04 -0.3021942E-04  0.3251988E-06
Ar 2694  0.1839632E+02  0.6582196E+02  0.5260607E+02 -0.3331796E-04 -0.9621574E-04 -0.1723604E-04
Ar 2695  0.1842212E+02  0.6311863E+02  0.5526273E+02  0.6507482E-05 -0.3151214E-04 -0.7871078E-04
Ar 2696  0.1574194E+02  0.6566532E+02  0.5515994E+02  0.2369239E-04 -0.9176740E-05 -0.6353562E-04
Ar 2697  0.1573889E+02  0.6296917E+02  0.5785964E+02 -0.5438567E-04 -0.4070116E-04 -0.5440995E-04
Ar 2698  0.1838757E+02  0.6588512E+02  0.5797258E+02  0.7013727E-04  0.7214967E-04 -0.6922100E-04
Ar 2699  0.1849480E+02  0.6322916E+02  0.6042156E+02  0.2724014E-04 -0.5691804E-04 -0.1476531E-04
Ar 2700  0.1588304E+02  0.6571250E+02  0.6052861E+02  0.5514932E-05  0.1631061E-04 -0.2679168E-04
Ar 2701  0.1584220E+02  0.6319189E+02  0.6297089E+02 -0.4414634E-04  0.9714520E-04  0.1127586E-04
Ar 2702  0.1837608E+02  0.6582347E+02  0.6307396E+02 -0.1412609E-04 -0.5154713E-05  0.9958736E-04
Ar 2703  0.1836458E+02  0.6313819E+02  0.6566938E+02 -0.5267363E-04 -0.3348869E-04  0.2485332E-04
Ar 2704  0.1577945E+02  0.6572545E+02  0.6583284E+02  0.1499330E-04 -0.1884226E-04 -0.1937371E-04
Ar 2705  0.2104873E+02  0.6830646E+02  0.6829005E+02 -0.7812280E-07 -0.4873075E-04  0.3184442E-04
Ar 2706  0.2371633E+02  0.2671950E+01  0.6843178E+02 -0.2410736E-04 -0.3647748E-04 -0.4868483E-04
Ar 2707  0.2370218E+02  0.6826004E+02  0.2559099E+01 -0.1109427E-04 -0.7009541E-04 -0.2529826E-04
Ar 2708  0.2105206E+02  0.2564059E+01  0.2804571E+01 -0.3946623E-05  0.3718548E-04 -0.2410936E-04
Ar 2709  0.2103833E+02  0.6831050E+02  0.5244907E+01  0.2607109E-04 -0.2649713E-04 -0.1400841E-04
Ar 2710  0.2373879E+02  0.2656045E+01  0.5297635E+01 -0.1874467E-04  0.4409309E-04 -0.1832902E-05
Ar 2711  0.2366083E+02  0.6831708E+02  0.7938667E+01  0.1644590E-04 -0.4664139E-04  0.2186191E-04
Ar 2712  0.2098391E+02  0.2635583E+01  0.7932294E+01 -0.5378143E-04 -0.5858628E-04 -0.1203952E-04
Ar 2713  0.2099136E+02  0.6846821E+02  0.1053471E+02  0.2174619E-04 -0.8723360E-04  0.5587678E-05
Ar 2714  0.2374485E+02  0.2685610E+01  0.1043933E+02 -0.2143379E-04  0.1509272E-04  0.3150178E-04
Ar 2715  0.2360173E+02  0.2815266E-01  0.1315795E+02  0.4771244E-04  0.4795608E-04  0.6916624E-04
Ar 2716  0.2105404E+02  0.2529510E+01  0.1311814E+02  0.4241205E-04 -0.2841575E-04 -0.8635128E-05
Ar 2717  0.2101709E+02  0.6839013E+02  0.1575316E+02 -0.1369535E-06 -0.1165187E-04  0.1452504E-04
Ar 2718  0.2364136E+02  0.2665690E+01  0.1580751E+02 -0.2783287E-04 -0.7022217E-04 -0.1099871E-04
Ar 2719  0.2361517E+02  0.6849130E+02  0.1840025E+02 -0.1790531E-04  0.9451581E-05 -0.4204348E-04
Ar 2720  0.2110534E+02  0.2680607E+01  0.1847371E+02 -0.7527898E-04 -0.2104183E-04 -0.1041567E-03
Ar 2721  0.2100431E+02  0.6832604E+02  0.2103729E+02  0.1126380E-03  0.6173308E-04 -0.5961795E-05
Ar 2722  0.2381253E+02  0.2651101E+01  0.2092512E+02 -0.9772612E-04 -0.4016700E-04 -0.1019370E-05
Ar 2723  0.2360706E+02  0.6850375E+02  0.2358016E+02 -0.4755737E-04 -0.8429532E-05  0.3259929E-04
Ar 2724  0.2104375E+02  0.2581911E+01  0.2376379E+02  0.4115503E-05 -0.2259796E-04  0.1216976E-03
Ar 2725  0.2110638E+02  0.6842497E+02  0.2629365E+02 -0.8430275E-04  0.6883441E-05  0.1493776E-04
Ar 2726  0.2366027E+02  0.2504810E+01  0.2626978E+02 -0.3071850E-04 -0.1894903E-04  0.3432284E-04
Ar 2727  0.2365107E+02  0.6838453E+02  0.2902880E+02  0.1894683E-04 -0.4607115E-04  0.7797312E-04
Ar 2728  0.2109014E+02  0.2680131E+01  0.2895845E+02  0.3123377E-04  0.5578979E-04 -0.4751726E-04
Ar 2729  0.2103389E+02  0.6838196E+02  0.3152077E+02 -0.5885459E-04 -0.3316190E-04 -0.1007261E-04
Ar 2730  0.2373148E+02  0.2618416E+01  0.3159517E+02 -0.6081679E-04 -0.2437035E-04  0.1739821E-04
Ar 2731  0.2369762E+02  0.6834751E+02  0.3417733E+02 -0.3442886E-04 -0.6463552E-04  0.5201078E-04
Ar 2732  0.2113302E+02  0.2667108E+01  0.3414334E+02  0.3083798E-04 -0.4118042E-04  0.6930021E-04
Ar 2733  0.2106784E+02  0.6834854E+02  0.3678075E+02 -0.6001964E-04 -0.3440573E-04  0.7770686E-04
Ar 2734  0.2370122E+02  0.2555907E+01  0.3675586E+02  0.1315983E-04  0.2856872E-04 -0.4822066E-04
Ar 2735  0.2375159E+02  0.6839754E+02  0.3938209E+02  0.6512551E-04 -0.7802660E-04 -0.8740985E-04
Ar 2736  0.2113960E+02  0.2683443E+01  0.3953792E+02 -0.4304537E-05 -0.6886898E-05  0.6696342E-05
Ar 2737  0.2106221E+02  0.6848626E+02  0.4216195E+02  0.7557506E-04 -0.6340060E-04  0.5095536E-04
Ar 2738  0.2367442E+02  0.2684002E+01  0.4215972E+02 -0.1055948E-04  0.5793724E-04 -0.3651086E-04
Ar 2739  0.2365558E+02  0.6843403E+02  0.4472122E+02 -0.1685898E-04 -0.9161018E-04 -0.8492796E-04
Ar 2740  0.2118026E+02  0.2658945E+01  0.4472508E+02  0.2587146E-04  0.8745655E-05  0.2505007E-04
Ar 2741  0.2106288E+02  0.6841451E+02  0.4735030E+02 -0.1968688E-04 -0.3092231E-04  0.5322903E-06
Ar 2742  0.2359437E+02  0.2494425E+01  0.4725306E+02 -0.6042706E-04 -0.5013361E-04  0.1172809E-04
Ar 2743  0.2372905E+02  0.6844104E+02  0.4990710E+02  0.4558978E-04 -0.7738882E-05 -0.3803237E-04
Ar 2744  0.2100136E+02  0.2654026E+01  0.4996486E+02  0.2546840E-05 -0.1433766E-04  0.3794142E-04
Ar 2745  0.2110919E+02  0.2564097E-01  0.5261971E+02 -0.4446915E-04 -0.2151111E-04  0.3037892E-04
Ar 2746  0.2376139E+02  0.2659530E+01  0.5266202E+02 -0.9744381E-05 -0.3923792E-04 -0.6511751E-04
Ar 2747  0.2352144E+02  0.6859582E+02  0.5530902E+02  0.4451857E-04 -0.4463419E-04 -0.9475668E-04
Ar 2748  0.2095211E+02  0.2565589E+01  0.5529287E+02  0.5183587E-05  0.6405955E-04 -0.4435999E-04
Ar 2749  0.2099265E+02  0.6853061E+02  0.5783412E+02  0.1943711E-04 -0.2289863E-04 -0.2032352E-04
Ar 2750  0.2362742E+02  0.2677527E+01  0.5794582E+02 -0.1678639E-04  0.4894101E-04 -0.5618687E-04
Ar 2751  0.2376716E+02  0.6846546E+02  0.6039282E+02 -0.4696200E-04 -0.1190687E-04 -0.6304159E-04
Ar 2752  0.2106515E+02  0.2681605E+01  0.6059591E+02  0.9803041E-05  0.6472500E-04 -0.1130351E-04
Ar 2753  0.2096855E+02  0.6841355E+02  0.6314115E+02 -0.1324508E-04 -0.2776703E-04 -0.9453352E-04
Ar 2754  0.2355654E+02  0.2643755E+01  0.6323460E+02 -0.3114742E-04  0.2041717E-04 -0.4218491E-04
Ar 2755  0.2374212E+02  0.6837969E+02  0.6578086E+02 -0.2793136E-05  0.3708596E-05 -0.1139527E-04
Ar 2756  0.2106437E+02  0.2672685E+01  0.6587457E+02 -0.4308131E-04  0.4372323E-04 -0.3044545E-04
Ar 2757  0.2113044E+02  0.5277546E+01  0.6844385E+02  0.6617758E-04  0.2933068E-04 -0.2273441E-04
Ar 2758  0.2363707E+02  0.7837522E+01  0.6842033E+02 -0.4167251E-04 -0.8769900E-05 -0.6870753E-04
Ar 2759  0.2366834E+02  0.5387702E+01  0.2616058E+01  0.3646674E-04  0.6923162E-05 -0.7065160E-05
Ar 2760  0.2111813E+02  0.7805421E+01  0.2645226E+01 -0.7654870E-04  0.4041344E-04 -0.1796340E-04
Ar 2761  0.2099806E+02  0.5212432E+01  0.5229930E+01 -0.5478924E-04  0.5032744E-04 -0.3029284E-04
Ar 2762  0.2371087E+02  0.7892141E+01  0.5266431E+01  0.1778660E-04  0.6089555E-04 -0.3164669E-04
Ar 2763  0.2369313E+02  0.5264815E+01  0.7847443E+01  0.1089912E-04 -0.4524396E-04  0.6235380E-04
Ar 2764  0.2100639E+02  0.7851736E+01  0.7774254E+01 -0.4022545E-04 -0.1163126E-03  0.8458209E-04
Ar 2765  0.2103575E+02  0.5276170E+01  0.1047889E+02  0.2781480E-04  0.1736219E-04  0.5313444E-04
Ar 2766  0.2378327E+02  0.7911707E+01  0.1049932E+02 -0.4872583E-04 -0.2381187E-04  0.1979895E-04
Ar 2767  0.2358787E+02  0.5278479E+01  0.1324308E+02  0.2485539E-04  0.3083964E-04  0.7090685E-05
Ar 2768  0.2098676E+02  0.7831397E+01  0.1303786E+02 -0.1606171E-03  0.2337839E-04 -0.1540594E-04
Ar 2769  0.2100753E+02  0.5188385E+01  0.1577590E+02 -0.5262188E-05  0.2180395E-04 -0.3358079E-04
Ar 2770  0.2372050E+02  0.7937693E+01  0.1574311E+02  0.9532769E-05 -0.1242599E-05 -0.7487014E-04
Ar 2771  0.2375293E+02  0.5225437E+01  0.1842664E+02 -0.9409760E-05 -0.5832574E-05 -0.1403092E-04
Ar 2772  0.2101049E+02  0.7824047E+01  0.1841763E+02  0.4337998E-05 -0.6460372E-04 -0.1918106E-05
Ar 2773  0.2098368E+02  0.5281518E+01  0.2099423E+02 -0.6591345E-04  0.3221261E-05 -0.7226978E-05
Ar 2774  0.2370761E+02  0.7944885E+01  0.2092421E+02 -0.3065280E-04  0.1481137E-04 -0.4426046E-04
Ar 2775  0.2366454E+02  0.5261973E+01  0.2370208E+02  0.3204221E-04  0.4764397E-04 -0.4700227E-04
Ar 2776  0.2095247E+02  0.7958084E+01  0.2360308E+02  0.1422943E-04 -0.7738534E-08  0.4322320E-04
Ar 2777  0.2114206E+02  0.5380721E+01  0.2640531E+02 -0.3246675E-04  0.1348300E-04 -0.4038498E-04
Ar 2778  0.2374127E+02  0.7907715E+01  0.2636338E+02 -0.2876492E-04  0.3406594E-05 -0.2327619E-05
Ar 2779  0.2370275E+02  0.5297059E+01  0.2891989E+02  0.1913276E-04 -0.2761532E-04  0.1950343E-04
Ar 2780  0.2110384E+02  0.7761177E+01  0.2899087E+02 -0.8014023E-04 -0.3373439E-04  0.4433035E-04
Ar 2781  0.2106374E+02  0.5284056E+01  0.3172425E+02 -0.4451142E-04  0.9654226E-05  0.2498380E-04
Ar 2782  0.2359586E+02  0.7850100E+01  0.3161920E+02  0.1923800E-04  0.3016955E-04 -0.3718774E-04
Ar 2783  0.2377321E+02  0.5360623E+01  0.3424609E+02 -0.1543906E-04 -0.3001645E-04 -0.6097196E-04
Ar 2784  0.2106279E+02  0.7720254E+01  0.3414758E+02  0.5561543E-04  0.3586575E-05 -0.7142123E-04
Ar 2785  0.2100605E+02  0.5333968E+01  0.3683537E+02  0.2271591E-04  0.1131207E-04 -0.6962219E-04
Ar 2786  0.2369236E+02  0.7977663E+01  0.3685999E+02 -0.1337990E-04 -0.3372112E-04 -0.1410222E-04
Ar 2787  0.2362405E+02  0.5305190E+01  0.3951065E+02  0.7530207E-04 -0.2094255E-04 -0.5020041E-04
Ar 2788  0.2110500E+02  0.7909798E+01  0.3932476E+02  0.4486643E-04 -0.6663665E-04  0.4552304E-04
Ar 2789  0.2090939E+02  0.5253437E+01  0.4211421E+02  0.6608184E-04  0.4355200E-04  0.1728542E-04
Ar 2790  0.2371990E+02  0.8016297E+01  0.4208952E+02 -0.1909151E-04 -0.5007897E-05  0.5874958E-04
Ar 2791  0.2369742E+02  0.5249019E+01  0.4481943E+02  0.4847488E-04 -0.2580408E-04 -0.3545657E-04
Ar 2792  0.2103295E+02  0.7932253E+01  0.4460526E+02 -0.3368565E-04  0.5238363E-04 -0.6906352E-05
Ar 2793  0.2105918E+02  0.5211951E+01  0.4736920E+02 -0.4332461E-04 -0.2698739E-04 -0.2659160E-04
Ar 2794  0.2371793E+02  0.7958485E+01  0.4720881E+02 -0.2056434E-04  0.2371652E-04  0.1573284E-04
Ar 2795  0.2364181E+02  0.5284604E+01  0.4997814E+02  0.2276256E-04 -0.4308192E-04 -0.4851009E-04
Ar 2796  0.2100719E+02  0.7860032E+01  0.4998216E+02  0.3049060E-04 -0.5714843E-04  0.8211800E-04
Ar 2797  0.2112704E+02  0.5274403E+01  0.5264538E+02  0.1673352E-04  0.6489697E-04  0.1961737E-04
Ar 2798  0.2367150E+02  0.7916991E+01  0.5259913E+02 -0.1934537E-04 -0.4831597E-05 -0.8740351E-05
Ar 2799  0.2370140E+02  0.5230745E+01  0.5536919E+02 -0.7062139E-05 -0.1522507E-04 -0.6529085E-04
Ar 2800  0.2105896E+02  0.7953866E+01  0.5526095E+02 -0.8661815E-04  0.2267498E-04 -0.9123871E-04
Ar 2801  0.2100556E+02  0.5318118E+01  0.5779689E+02 -0.4435276E-04  0.1453006E-04 -0.4150372E-05
Ar 2802  0.2366361E+02  0.7907797E+01  0.5795357E+02 -0.1060077E-03 -0.4251716E-04 -0.3003883E-04
Ar 2803  0.2383826E+02  0.5281104E+01  0.6058563E+02 -0.7717856E-04  0.2563507E-04 -0.4294007E-04
Ar 2804  0.2098788E+02  0.7884285E+01  0.6054654E+02 -0.2162288E-04  0.2643755E-04  0.2498709E-04
Ar 2805  0.2098256E+02  0.5406325E+01  0.6317750E+02  0.1220137E-05  0.2581105E-04 -0.3955438E-04
Ar 2806  0.2361935E+02  0.8035834E+01  0.6310765E+02 -0.5811479E-04 -0.3899356E-04 -0.6112603E-04
Ar 2807  0.2373269E+02  0.5287710E+01  0.6588149E+02 -0.3836107E-04  0.1501573E-04  0.4193300E-04
Ar 2808  0.2113731E+02  0.7964253E+01  0.6574187E+02  0.8107233E-05 -0.3149995E-04  0.5486847E-04
Ar 2809  0.2113403E+02  0.1054330E+02  0.6853471E+02  0.8626843E-05  0.5391948E-04 -0.2750002E-04
Ar 2810  0.2371709E+02  0.1309626E+02  0.6844639E+02 -0.3285753E-04 -0.1630648E-04 -0.8986062E-04
Ar 2811  0.2356667E+02  0.1051948E+02  0.2721420E+01 -0.2070917E-04 -0.1704075E-04 -0.2500251E-04
Ar 2812  0.2102865E+02  0.1320101E+02  0.2674230E+01 -0.1311709E-03 -0.1199760E-04  0.4787434E-04
Ar 2813  0.2104754E+02  0.1047828E+02  0.5240815E+01 -0.5066331E-04 -0.6865719E-04  0.6533853E-04
Ar 2814  0.2370539E+02  0.1312526E+02  0.5176865E+01 -0.5616283E-04  0.4254913E-05 -0.2754160E-04
Ar 2815  0.2356133E+02  0.1060809E+02  0.7850334E+01  0.1718633E-04  0.4341988E-04 -0.5696163E-04
Ar 2816  0.2107372E+02  0.1318278E+02  0.7936250E+01 -0.4687862E-05  0.6507309E-04 -0.3970174E-04
Ar 2817  0.2094739E+02  0.1049562E+02  0.1055603E+02 -0.3790377E-05 -0.6128720E-05 -0.3821333E-04
Ar 2818  0.2359087E+02  0.1306468E+02  0.1057210E+02 -0.3271317E-04 -0.6346194E-04 -0.5115710E-04
Ar 2819  0.2364207E+02  0.1055742E+02  0.1311867E+02  0.3858920E-04 -0.1059970E-05 -0.4436159E-04
Ar 2820  0.2092802E+02  0.1316042E+02  0.1330269E+02 -0.7477317E-04 -0.5192949E-04 -0.5989836E-04
Ar 2821  0.2108161E+02  0.1054916E+02  0.1586740E+02 -0.9136063E-04  0.2033612E-05 -0.2055859E-04
Ar 2822  0.2356682E+02  0.1324418E+02  0.1567418E+02  0.1043688E-04 -0.9059417E-04  0.5932856E-04
Ar 2823  0.2367589E+02  0.1066674E+02  0.1845760E+02 -0.7535728E-04  0.6585845E-05  0.5804681E-04
Ar 2824  0.2097865E+02  0.1307531E+02  0.1844472E+02  0.8208483E-05 -0.2574252E-05 -0.1564907E-04
Ar 2825  0.2106546E+02  0.1040425E+02  0.2098462E+02  0.9010228E-04 -0.2619523E-04 -0.5498770E-04
Ar 2826  0.2379302E+02  0.1305027E+02  0.2098475E+02 -0.1035181E-05  0.2978880E-04  0.9268390E-05
Ar 2827  0.2362067E+02  0.1055042E+02  0.2377724E+02  0.1613243E-04 -0.1368115E-04 -0.7553034E-04
Ar 2828  0.2104448E+02  0.1315268E+02  0.2373819E+02 -0.7824142E-04  0.1037937E-03  0.6859973E-04
Ar 2829  0.2099810E+02  0.1047197E+02  0.2621108E+02  0.6474929E-05  0.5997485E-04  0.4178821E-04
Ar 2830  0.2364260E+02  0.1326021E+02  0.2633302E+02 -0.1177398E-04 -0.8142455E-06  0.2485256E-05
Ar 2831  0.2364687E+02  0.1042762E+02  0.2902911E+02 -0.2728237E-04  0.2547201E-04  0.1898723E-04
Ar 2832  0.2089280E+02  0.1312466E+02  0.2893959E+02  0.1944345E-04 -0.1857532E-04 -0.4395281E-04
Ar 2833  0.2100589E+02  0.1055868E+02  0.3147902E+02  0.3200085E-04  0.2566949E-05 -0.4831688E-04
Ar 2834  0.2370057E+02  0.1320172E+02  0.3163049E+02 -0.4781379E-04 -0.8627763E-04 -0.5791260E-04
Ar 2835  0.2369082E+02  0.1048084E+02  0.3427552E+02 -0.5845823E-04  0.5990755E-06  0.1366238E-04
Ar 2836  0.2099290E+02  0.1311157E+02  0.3420494E+02 -0.3465887E-04 -0.2690927E-04  0.1981872E-04
Ar 2837  0.2109186E+02  0.1053647E+02  0.3695098E+02 -0.5494003E-04 -0.3555676E-04  0.3411688E-04
Ar 2838  0.2364226E+02  0.1311348E+02  0.3686178E+02 -0.4095430E-04  0.1767971E-04  0.3175321E-04
Ar 2839  0.2368852E+02  0.1051866E+02  0.3949455E+02  0.7498317E-05 -0.5234636E-05  0.8277230E-04
Ar 2840  0.2109346E+02  0.1309405E+02  0.3955168E+02 -0.3008407E-04  0.3951500E-05 -0.1515021E-04
Ar 2841  0.2090659E+02  0.1045182E+02  0.4217406E+02  0.9907276E-04 -0.3636222E-05 -0.2430329E-04
Ar 2842  0.2377183E+02  0.1324425E+02  0.4206951E+02  0.1702881E-04  0.3175309E-04  0.1899567E-04
Ar 2843  0.2356738E+02  0.1056850E+02  0.4471352E+02  0.2927277E-04  0.7598613E-05 -0.6407926E-04
Ar 2844  0.2113904E+02  0.1315115E+02  0.4478438E+02 -0.4814265E-04 -0.3684325E-04  0.6021649E-04
Ar 2845  0.2110064E+02  0.1051657E+02  0.4736736E+02 -0.6312137E-04 -0.1922789E-04 -0.7350001E-04
Ar 2846  0.2363419E+02  0.1324155E+02  0.4733945E+02  0.7018717E-04 -0.4812585E-04  0.1236677E-04
Ar 2847  0.2368312E+02  0.1045598E+02  0.5000522E+02  0.1106238E-04 -0.4281490E-04 -0.1909766E-04
Ar 2848  0.2109379E+02  0.1311549E+02  0.4981171E+02 -0.6137554E-05  0.3179488E-04 -0.1075980E-03
Ar 2849  0.2098601E+02  0.1041308E+02  0.5258453E+02 -0.9064665E-04 -0.1098813E-03 -0.1359884E-03
Ar 2850  0.2371499E+02  0.1312637E+02  0.5256784E+02  0.5662914E-04 -0.7960594E-04  0.2081113E-05
Ar 2851  0.2371405E+02  0.1057643E+02  0.5533589E+02  0.1194863E-03 -0.2013128E-06  0.3420961E-04
Ar 2852  0.2096282E+02  0.1313160E+02  0.5514888E+02 -0.7397451E-04 -0.3367945E-04  0.4991596E-04
Ar 2853  0.2106006E+02  0.1052460E+02  0.5795561E+02 -0.4564336E-04  0.6222473E-04 -0.4126719E-04
Ar 2854  0.2368649E+02  0.1325229E+02  0.5792780E+02 -0.8640085E-04  0.5758723E-04 -0.3697734E-04
Ar 2855  0.2377623E+02  0.1055214E+02  0.6051863E+02 -0.8089154E-05  0.1387712E-04 -0.5729412E-04
Ar 2856  0.2106543E+02  0.1312865E+02  0.6043682E+02 -0.7020907E-04 -0.1469339E-04 -0.7111746E-04
Ar 2857  0.2103085E+02  0.1050261E+02  0.6313443E+02 -0.6122276E-04  0.3955728E-04 -0.2388641E-04
Ar 2858  0.2365470E+02  0.1315670E+02  0.6308082E+02  0.1070503E-03 -0.5494267E-04 -0.1339829E-03
Ar 2859  0.2373204E+02  0.1051045E+02  0.6573300E+02 -0.6232321E-04  0.4754472E-04 -0.1717917E-04
Ar 2860  0.2102505E+02  0.1306007E+02  0.6579673E+02 -0.3238723E-04 -0.1034605E-06  0.5687889E-04
Ar 2861  0.2104906E+02  0.1586708E+02  0.6836009E+02 -0.2987703E-04 -0.8578875E-05 -0.6282613E-04
Ar 2862  0.2359563E+02  0.1835200E+02  0.6850240E+02  0.4187393E-04 -0.4099385E-04  0.1730460E-04
Ar 2863  0.2370684E+02  0.1587283E+02  0.2528317E+01 -0.8706204E-04  0.9124170E-04  0.1235252E-04
Ar 2864  0.2110671E+02  0.1853312E+02  0.2569544E+01 -0.3491365E-04 -0.2268386E-04  0.4885091E-05
Ar 2865  0.2105445E+02  0.1573134E+02  0.5290481E+01 -0.3898395E-04 -0.8245150E-04  0.4316927E-04
Ar 2866  0.2371891E+02  0.1843916E+02  0.5262448E+01 -0.1300430E-04  0.9212401E-04  0.4525268E-04
Ar 2867  0.2365659E+02  0.1570957E+02  0.7909820E+01 -0.3765568E-04  0.2087100E-04  0.3060040E-04
Ar 2868  0.2108232E+02  0.1840962E+02  0.7893743E+01 -0.6895872E-04 -0.5281627E-04  0.1987290E-04
Ar 2869  0.2105038E+02  0.1578364E+02  0.1059617E+02 -0.3022410E-04 -0.1542264E-04 -0.2218716E-04
Ar 2870  0.2381666E+02  0.1834362E+02  0.1054251E+02 -0.1044732E-04 -0.5777166E-05 -0.3718104E-04
Ar 2871  0.2368186E+02  0.1592314E+02  0.1319862E+02 -0.2213533E-04  0.4321623E-04 -0.5867698E-04
Ar 2872  0.2106863E+02  0.1852283E+02  0.1307681E+02 -0.4282398E-04  0.2992266E-04 -0.2558021E-04
Ar 2873  0.2111646E+02  0.1581331E+02  0.1580508E+02 -0.6598366E-04 -0.4270627E-04 -0.5734926E-04
Ar 2874  0.2361039E+02  0.1842498E+02  0.1581619E+02 -0.3097237E-04  0.2912146E-04  0.4969086E-04
Ar 2875  0.2358974E+02  0.1571978E+02  0.1840582E+02  0.5302258E-04  0.2730900E-04 -0.6664266E-05
Ar 2876  0.2103707E+02  0.1842632E+02  0.1841000E+02  0.1838078E-05  0.3853951E-04  0.5634812E-04
Ar 2877  0.2105720E+02  0.1573294E+02  0.2100935E+02 -0.2886428E-04  0.2105901E-04  0.2707726E-04
Ar 2878  0.2363903E+02  0.1836725E+02  0.2110796E+02  0.1656708E-04  0.1247678E-04 -0.3720629E-04
Ar 2879  0.2361159E+02  0.1572872E+02  0.2356683E+02 -0.1813630E-04 -0.5478235E-04  0.1389255E-04
Ar 2880  0.2106424E+02  0.1843773E+02  0.2361034E+02  0.1017197E-03 -0.2407051E-04  0.6545211E-04
Ar 2881  0.2112064E+02  0.1589712E+02  0.2627873E+02 -0.3680243E-04 -0.3232017E-04  0.2434631E-04
Ar 2882  0.2371722E+02  0.1851069E+02  0.2634083E+02 -0.5471492E-05 -0.4317776E-05  0.2123123E-04
Ar 2883  0.2361681E+02  0.1578225E+02  0.2893404E+02 -0.3164208E-04  0.1637085E-04 -0.7493971E-04
Ar 2884  0.2108986E+02  0.1845217E+02  0.2901229E+02  0.2103345E-04 -0.1200848E-04 -0.4830029E-04
Ar 2885  0.2111166E+02  0.1572210E+02  0.3145691E+02 -0.2557005E-04  0.1780596E-04 -0.1546384E-04
Ar 2886  0.2365613E+02  0.1841089E+02  0.3165321E+02  0.5608443E-04  0.7136104E-04 -0.9534110E-04
Ar 2887  0.2367489E+02  0.1576425E+02  0.3425116E+02  0.9999372E-04 -0.4314550E-04 -0.7240932E-04
Ar 2888  0.2102908E+02  0.1851906E+02  0.3418885E+02  0.8447514E-04 -0.5965670E-04  0.1284594E-03
Ar 2889  0.2098400E+02  0.1588040E+02  0.3690805E+02 -0.3650526E-04 -0.4487519E-04  0.6671829E-04
Ar 2890  0.2370455E+02  0.1838329E+02  0.3677593E+02  0.2530467E-04 -0.4958232E-04 -0.2360034E-05
Ar 2891  0.2355572E+02  0.1572809E+02  0.3948174E+02  0.4110897E-04 -0.1303523E-04 -0.7003564E-04
Ar 2892  0.2097042E+02  0.1832899E+02  0.3946090E+02  0.9614401E-04  0.6550970E-04 -0.5221791E-04
Ar 2893  0.2115254E+02  0.1593256E+02  0.4217590E+02  0.5182238E-04 -0.9517432E-06  0.6083500E-04
Ar 2894  0.2371862E+02  0.1848485E+02  0.4207200E+02 -0.2187004E-04  0.3953177E-04 -0.7121627E-04
Ar 2895  0.2375825E+02  0.1579488E+02  0.4464814E+02 -0.1035736E-04  0.3847168E-04 -0.8870247E-05
Ar 2896  0.2110556E+02  0.1846489E+02  0.4478719E+02  0.5705371E-04  0.4702588E-04 -0.4712563E-04
Ar 2897  0.2090932E+02  0.1574331E+02  0.4736639E+02 -0.4321713E-04  0.3037519E-04  0.2605178E-04
Ar 2898  0.2367216E+02  0.1839073E+02  0.4735016E+02 -0.3207621E-04  0.1031837E-04 -0.1076649E-04
Ar 2899  0.2358146E+02  0.1585270E+02  0.4993113E+02  0.2246548E-04 -0.4313471E-04 -0.5258750E-04
Ar 2900  0.2107240E+02  0.1834679E+02  0.5004461E+02 -0.3244934E-05 -0.1056171E-04  0.1991613E-04
Ar 2901  0.2111363E+02  0.1584835E+02  0.5258846E+02 -0.2689517E-04 -0.1607540E-04 -0.1964826E-04
Ar 2902  0.2373731E+02  0.1831337E+02  0.5262881E+02  0.9322763E-05  0.4592933E-04  0.4139473E-06
Ar 2903  0.2362785E+02  0.1583936E+02  0.5522975E+02 -0.7527855E-04 -0.7396278E-04 -0.1118315E-03
Ar 2904  0.2108610E+02  0.1839902E+02  0.5529997E+02 -0.1033177E-04 -0.3801359E-05  0.7800980E-04
Ar 2905  0.2108790E+02  0.1567878E+02  0.5787865E+02 -0.1930196E-04 -0.1559945E-04  0.6544702E-05
Ar 2906  0.2372551E+02  0.1840539E+02  0.5795134E+02 -0.1198379E-04  0.2209265E-05  0.8204612E-04
Ar 2907  0.2373885E+02  0.1573718E+02  0.6054855E+02  0.1749934E-04 -0.1131032E-03 -0.5041500E-04
Ar 2908  0.2105616E+02  0.1843687E+02  0.6052025E+02 -0.3297723E-04  0.1477989E-04 -0.2841668E-04
Ar 2909  0.2103231E+02  0.1573473E+02  0.6313421E+02 -0.2134853E-04  0.5138409E-05 -0.1739734E-04
Ar 2910  0.2364437E+02  0.1847293E+02  0.6310863E+02 -0.3465813E-04 -0.6592268E-04 -0.7646094E-04
Ar 2911  0.2372165E+02  0.1573335E+02  0.6573640E+02  0.5403055E-04  0.3323075E-04 -0.7633314E-04
Ar 2912  0.2109168E+02  0.1846107E+02  0.6573159E+02 -0.5880404E-04  0.3061174E-04 -0.3761039E-04
Ar 2913  0.2111798E+02  0.2115584E+02  0.6833217E+02 -0.6616326E-04  0.5067870E-04 -0.7340898E-04
Ar 2914  0.2358294E+02  0.2358506E+02  0.6834124E+02  0.4860328E-04 -0.6797269E-05 -0.8143537E-05
Ar 2915  0.2370632E+02  0.2100115E+02  0.2673288E+01  0.2116645E-04 -0.3437818E-04 -0.5061742E-05
Ar 2916  0.2107456E+02  0.2359653E+02  0.2543152E+01 -0.1372912E-04 -0.6240588E-04  0.2286950E-04
Ar 2917  0.2101834E+02  0.2088029E+02  0.5279603E+01  0.4786701E-04 -0.7842883E-04 -0.8413238E-05
Ar 2918  0.2369402E+02  0.2364095E+02  0.5269648E+01 -0.3271708E-04  0.4983975E-04 -0.1351746E-04
Ar 2919  0.2360586E+02  0.2100744E+02  0.7856695E+01  0.6400774E-05 -0.1240197E-04  0.7630524E-05
Ar 2920  0.2114875E+02  0.2375510E+02  0.7953190E+01 -0.1559753E-04 -0.5481203E-04  0.3065035E-04
Ar 2921  0.2115539E+02  0.2099594E+02  0.1055674E+02  0.3268096E-04 -0.6776541E-04  0.8896497E-04
Ar 2922  0.2368529E+02  0.2373040E+02  0.1054991E+02  0.3625757E-04 -0.8096504E-04 -0.1684954E-05
Ar 2923  0.2369349E+02  0.2107149E+02  0.1312332E+02 -0.2758546E-05 -0.4850432E-04  0.8102218E-04
Ar 2924  0.2103331E+02  0.2368118E+02  0.1324440E+02 -0.3579052E-04 -0.2344384E-04  0.3151977E-04
Ar 2925  0.2107714E+02  0.2110129E+02  0.1582298E+02 -0.7219129E-04 -0.8305666E-04  0.7066409E-04
Ar 2926  0.2366354E+02  0.2368199E+02  0.1582945E+02 -0.1823946E-04 -0.3639393E-04 -0.2703666E-04
Ar 2927  0.2364591E+02  0.2104183E+02  0.1834162E+02  0.7296965E-04 -0.5741970E-04 -0.2692705E-04
Ar 2928  0.2102132E+02  0.2368978E+02  0.1850899E+02 -0.2126133E-05 -0.1569729E-04 -0.4320695E-04
Ar 2929  0.2107402E+02  0.2102983E+02  0.2109137E+02 -0.1493245E-04 -0.2481490E-04 -0.1355022E-04
Ar 2930  0.2360049E+02  0.2373693E+02  0.2115333E+02 -0.8549337E-04 -0.2407509E-04 -0.7649432E-04
Ar 2931  0.2373843E+02  0.2104842E+02  0.2366861E+02 -0.1825646E-04  0.1508349E-04 -0.2365686E-05
Ar 2932  0.2113899E+02  0.2362468E+02  0.2363857E+02 -0.1135564E-04 -0.6015406E-04  0.5316264E-05
Ar 2933  0.2108966E+02  0.2101371E+02  0.2621668E+02  0.2474346E-04 -0.7068566E-04 -0.2730916E-04
Ar 2934  0.2372428E+02  0.2368842E+02  0.2636268E+02  0.8292882E-05  0.3041840E-04  0.4888197E-04
Ar 2935  0.2363971E+02  0.2108955E+02  0.2896283E+02 -0.1508334E-04  0.3056011E-04 -0.1004839E-04
Ar 2936  0.2104319E+02  0.2369670E+02  0.2897890E+02  0.4355689E-04  0.2474956E-04 -0.2484579E-04
Ar 2937  0.2105432E+02  0.2104836E+02  0.3160832E+02  0.4252508E-04  0.1659289E-04 -0.9260160E-04
Ar 2938  0.2366580E+02  0.2369913E+02  0.3143678E+02 -0.3051952E-04 -0.7785920E-04  0.4573346E-04
Ar 2939  0.2369749E+02  0.2098854E+02  0.3416114E+02  0.1226350E-04 -0.5786966E-04  0.1380035E-04
Ar 2940  0.2109332E+02  0.2376738E+02  0.3425052E+02  0.1423885E-06 -0.6162442E-04 -0.2182120E-04
Ar 2941  0.2116080E+02  0.2099794E+02  0.3673289E+02 -0.1703572E-05 -0.3142266E-04  0.4098324E-04
Ar 2942  0.2360691E+02  0.2363372E+02  0.3682461E+02 -0.5902122E-04  0.1564053E-04 -0.1001770E-04
Ar 2943  0.2358207E+02  0.2104780E+02  0.3942800E+02 -0.7704503E-04 -0.1580357E-04 -0.9960952E-04
Ar 2944  0.2107841E+02  0.2372649E+02  0.3945188E+02  0.4651824E-04  0.2442640E-04 -0.7863891E-04
Ar 2945  0.2098351E+02  0.2111356E+02  0.4209278E+02  0.4119820E-04 -0.1405084E-04 -0.1575548E-04
Ar 2946  0.2369584E+02  0.2355093E+02  0.4209585E+02 -0.4125034E-05 -0.8978867E-05 -0.1231468E-04
Ar 2947  0.2373878E+02  0.2106955E+02  0.4487354E+02  0.2578247E-04 -0.5217659E-04 -0.1888327E-04
Ar 2948  0.2105475E+02  0.2359774E+02  0.4474374E+02 -0.2035495E-04  0.5290907E-05 -0.4902304E-04
Ar 2949  0.2098146E+02  0.2108605E+02  0.4738328E+02  0.1252494E-04 -0.2627896E-04 -0.4965769E-04
Ar 2950  0.2375292E+02  0.2362107E+02  0.4733682E+02 -0.1274798E-04 -0.4009504E-04 -0.2744793E-05
Ar 2951  0.2370676E+02  0.2107928E+02  0.4992047E+02  0.8091689E-04 -0.3234459E-04  0.2084494E-04
Ar 2952  0.2107048E+02  0.2369274E+02  0.4993777E+02 -0.6274021E-04 -0.1995071E-04 -0.8730979E-04
Ar 2953  0.2107333E+02  0.2098717E+02  0.5265725E+02 -0.2751118E-04  0.7559526E-04 -0.4430090E-04
Ar 2954  0.2371837E+02  0.2373916E+02  0.5273204E+02  0.8381629E-04 -0.3381039E-05 -0.2592758E-04
Ar 2955  0.2367577E+02  0.2109487E+02  0.5533694E+02 -0.7259710E-04  0.1662974E-05  0.5030768E-05
Ar 2956  0.2113508E+02  0.2366343E+02  0.5520926E+02  0.1936122E-04  0.7807801E-04  0.2522432E-05
Ar 2957  0.2103107E+02  0.2097872E+02  0.5786106E+02  0.5023489E-04  0.5560178E-04  0.1610644E-05
Ar 2958  0.2374061E+02  0.2369513E+02  0.5792150E+02  0.4480099E-04  0.9448060E-05 -0.5551275E-04
Ar 2959  0.2369296E+02  0.2099875E+02  0.6048756E+02 -0.2196324E-04  0.5679642E-04 -0.4179280E-04
Ar 2960  0.2110341E+02  0.2374435E+02  0.6062248E+02  0.8157386E-04 -0.4419712E-04  0.5338686E-04
Ar 2961  0.2107912E+02  0.2105045E+02  0.6317129E+02 -0.4785980E-06 -0.2250960E-04 -0.3430208E-04
Ar 2962  0.2361064E+02  0.2364525E+02  0.6310771E+02 -0.4459258E-04 -0.7941543E-05 -0.5893734E-04
Ar 2963  0.2363344E+02  0.2101440E+02  0.6568628E+02 -0.1139523E-04 -0.1142525E-03  0.6545871E-04
Ar 2964  0.2088378E+02  0.2364374E+02  0.6578332E+02  0.2052351E-04 -0.2997774E-05 -0.3602907E-04
Ar 2965  0.2101804E+02  0.2628373E+02  0.6851662E+02  0.7147133E-04 -0.5921649E-04  0.3776178E-04
Ar 2966  0.2374368E+02  0.2893646E+02  0.1242411E+00  0.4147585E-04 -0.9149038E-04  0.5867492E-04
Ar 2967  0.2368804E+02  0.2625577E+02  0.2565263E+01  0.2978057E-04  0.5294321E-04 -0.3987337E-04
Ar 2968  0.2099791E+02  0.2893743E+02  0.2585870E+01 -0.1624928E-03 -0.1193802E-04  0.3759247E-05
Ar 2969  0.2093143E+02  0.2628833E+02  0.5361116E+01  0.3036969E-04 -0.2262946E-04  0.3149308E-04
Ar 2970  0.2361912E+02  0.2895328E+02  0.5269472E+01  0.1535648E-04  0.5955115E-04  0.2532035E-04
Ar 2971  0.2371985E+02  0.2632347E+02  0.7943108E+01  0.3805223E-04 -0.6338475E-04  0.1168147E-04
Ar 2972  0.2112999E+02  0.2887244E+02  0.7918917E+01  0.1607225E-04  0.3436712E-04  0.2695430E-05
Ar 2973  0.2107546E+02  0.2632474E+02  0.1045695E+02  0.2365344E-04  0.1148094E-04 -0.8442047E-05
Ar 2974  0.2374110E+02  0.2886834E+02  0.1051036E+02 -0.1253979E-04  0.2288789E-04 -0.8109754E-04
Ar 2975  0.2374597E+02  0.2639357E+02  0.1320364E+02  0.4343407E-04 -0.1075065E-03 -0.4993637E-04
Ar 2976  0.2109289E+02  0.2887482E+02  0.1320085E+02 -0.1893573E-04  0.1700744E-04 -0.5996921E-04
Ar 2977  0.2095942E+02  0.2631030E+02  0.1574191E+02 -0.1429034E-04 -0.5483711E-04  0.1721651E-04
Ar 2978  0.2373092E+02  0.2894542E+02  0.1575535E+02 -0.6173715E-04  0.2808328E-04  0.3715266E-04
Ar 2979  0.2363499E+02  0.2636888E+02  0.1838591E+02 -0.8703515E-04 -0.2845424E-04 -0.5575835E-04
Ar 2980  0.2100641E+02  0.2904111E+02  0.1842354E+02  0.2019721E-04  0.4448233E-04 -0.5755599E-04
Ar 2981  0.2103214E+02  0.2639473E+02  0.2113315E+02  0.3579651E-04  0.3233653E-04 -0.5536905E-04
Ar 2982  0.2362749E+02  0.2890848E+02  0.2097840E+02 -0.4049253E-04 -0.3433931E-04 -0.3618858E-06
Ar 2983  0.2374277E+02  0.2636330E+02  0.2358781E+02  0.6299049E-04 -0.3093932E-04  0.2045841E-04
Ar 2984  0.2105394E+02  0.2896110E+02  0.2364848E+02 -0.8811588E-04 -0.4262423E-04  0.5617638E-04
Ar 2985  0.2101061E+02  0.2629737E+02  0.2628637E+02 -0.5531579E-04 -0.1720826E-04 -0.8559115E-04
Ar 2986  0.2368015E+02  0.2880556E+02  0.2641715E+02 -0.2102174E-04 -0.5892783E-04 -0.4940724E-04
Ar 2987  0.2377822E+02  0.2634566E+02  0.2890328E+02  0.3259534E-05 -0.2286371E-04 -0.2355425E-05
Ar 2988  0.2098691E+02  0.2881278E+02  0.2894621E+02 -0.5486915E-04 -0.7679232E-07 -0.7852799E-05
Ar 2989  0.2111826E+02  0.2627232E+02  0.3158334E+02 -0.1073658E-03  0.4717884E-04  0.1429241E-04
Ar 2990  0.2369660E+02  0.2897024E+02  0.3153167E+02  0.2414755E-04 -0.4052784E-04  0.1199768E-06
Ar 2991  0.2365465E+02  0.2626414E+02  0.3420891E+02 -0.2157119E-04  0.4964514E-04 -0.5599000E-04
Ar 2992  0.2103790E+02  0.2895480E+02  0.3409410E+02  0.4854541E-04  0.8549658E-04 -0.3236840E-05
Ar 2993  0.2108502E+02  0.2629993E+02  0.3681809E+02 -0.3104292E-04 -0.2375762E-04  0.5071344E-04
Ar 2994  0.2357071E+02  0.2891120E+02  0.3686791E+02  0.3985865E-04 -0.2156462E-04 -0.1974866E-04
Ar 2995  0.2363453E+02  0.2636771E+02  0.3950959E+02 -0.2396682E-04 -0.4674707E-04 -0.6411386E-04
Ar 2996  0.2109251E+02  0.2899456E+02  0.3950866E+02 -0.1516482E-05  0.3774963E-04 -0.4390627E-04
Ar 2997  0.2110712E+02  0.2632768E+02  0.4209650E+02 -0.1020461E-04  0.1783634E-04 -0.7023475E-05
Ar 2998  0.2367312E+02  0.2896834E+02  0.4198241E+02 -0.3243742E-04  0.4544819E-04 -0.3177055E-05
Ar 2999  0.2367146E+02  0.2628068E+02  0.4468847E+02  0.2009925E-04  0.1215107E-04 -0.7177050E-04
Ar 3000  0.2103032E+02  0.2900989E+02  0.4480674E+02 -0.6750130E-05  0.1398786E-04 -0.8874231E-05
Ar 3001  0.2099517E+02  0.2640139E+02  0.4736339E+02  0.3907063E-04  0.2037934E-04  0.4475949E-04
Ar 3002  0.2361166E+02  0.2894441E+02  0.4736504E+02 -0.8008527E-07 -0.5381128E-04 -0.1719136E-05
Ar 3003  0.2365684E+02  0.2634677E+02  0.5000384E+02 -0.5914414E-06 -0.5077425E-04  0.1137114E-04
Ar 3004  0.2106054E+02  0.2898105E+02  0.4997466E+02 -0.5190872E-04 -0.1150411E-04 -0.1706911E-04
Ar 3005  0.2101030E+02  0.2619544E+02  0.5256825E+02 -0.9223423E-04  0.1875211E-04 -0.6915551E-04
Ar 3006  0.2366422E+02  0.2891499E+02  0.5269183E+02  0.3501976E-04 -0.8199709E-04 -0.6655502E-04
Ar 3007  0.2363814E+02  0.2634303E+02  0.5531587E+02  0.1269258E-04  0.6179492E-04  0.2888544E-04
Ar 3008  0.2102444E+02  0.2879602E+02  0.5520512E+02 -0.2992583E-04 -0.8790172E-04 -0.4731985E-04
Ar 3009  0.2099127E+02  0.2632684E+02  0.5792014E+02  0.2354744E-04  0.2168664E-04 -0.7819878E-05
Ar 3010  0.2369242E+02  0.2890349E+02  0.5790924E+02 -0.6695147E-05  0.2230301E-04 -0.4910933E-04
Ar 3011  0.2365986E+02  0.2630147E+02  0.6053255E+02  0.6917155E-04  0.3006940E-04  0.9730080E-04
Ar 3012  0.2110015E+02  0.2903529E+02  0.6061358E+02 -0.9684623E-05 -0.1847331E-04  0.8352170E-04
Ar 3013  0.2113807E+02  0.2640203E+02  0.6307945E+02  0.1118396E-04 -0.5062991E-04 -0.2694125E-04
Ar 3014  0.2367991E+02  0.2899933E+02  0.6322562E+02 -0.5162473E-06  0.3239482E-04 -0.4921138E-04
Ar 3015  0.2379499E+02  0.2633293E+02  0.6578187E+02  0.4353712E-04  0.8178181E-05 -0.5691105E-04
Ar 3016  0.2099708E+02  0.2887897E+02  0.6564459E+02 -0.1129417E-04  0.4722535E-04  0.2522219E-04
Ar 3017  0.2103979E+02  0.3156722E+02  0.6834620E+02  0.5461740E-04 -0.4370072E-04 -0.9779944E-05
Ar 3018  0.2369857E+02  0.3429154E+02  0.6836208E+02 -0.6790278E-04 -0.7388309E-04  0.5965661E-05
Ar 3019  0.2363287E+02  0.3162397E+02  0.2552401E+01 -0.1353319E-04  0.1027730E-05 -0.6728763E-04
Ar 3020  0.2104711E+02  0.3422355E+02  0.2677900E+01  0.4171659E-04  0.6125768E-05 -0.1761197E-04
Ar 3021  0.2093641E+02  0.3161818E+02  0.5265489E+01  0.1041747E-04  0.5440422E-04  0.4424288E-04
Ar 3022  0.2362521E+02  0.3420044E+02  0.5328522E+01  0.7819894E-05 -0.4279004E-04 -0.5461520E-04
Ar 3023  0.2376040E+02  0.3155620E+02  0.7846843E+01  0.1457194E-05  0.2998096E-05  0.4065462E-04
Ar 3024  0.2104976E+02  0.3429049E+02  0.7956004E+01 -0.6725261E-05 -0.9895716E-04  0.5006011E-04
Ar 3025  0.2102436E+02  0.3164517E+02  0.1050396E+02 -0.1168288E-03 -0.1137267E-04  0.4133245E-04
Ar 3026  0.2372932E+02  0.3423957E+02  0.1038989E+02  0.5432305E-04  0.2223942E-04 -0.1526215E-03
Ar 3027  0.2371083E+02  0.3160404E+02  0.1308999E+02 -0.1607247E-04  0.6091653E-05  0.2099075E-04
Ar 3028  0.2110328E+02  0.3424091E+02  0.1304232E+02  0.1728576E-04 -0.7529884E-04 -0.3242195E-04
Ar 3029  0.2111854E+02  0.3151756E+02  0.1577788E+02 -0.6841101E-04 -0.3263493E-04 -0.4405188E-04
Ar 3030  0.2368822E+02  0.3421715E+02  0.1580630E+02 -0.2163271E-04  0.3617806E-05  0.8214261E-05
Ar 3031  0.2361558E+02  0.3153974E+02  0.1840433E+02  0.2272888E-04 -0.1827977E-04  0.5147555E-04
Ar 3032  0.2106366E+02  0.3416758E+02  0.1841339E+02 -0.7476752E-04 -0.2384322E-04 -0.4334916E-04
Ar 3033  0.2111086E+02  0.3154629E+02  0.2098555E+02 -0.5229598E-04 -0.8382238E-04 -0.2637976E-04
Ar 3034  0.2358290E+02  0.3419123E+02  0.2104119E+02  0.3192532E-04  0.3626198E-04  0.4182003E-04
Ar 3035  0.2363424E+02  0.3151585E+02  0.2359459E+02  0.7862107E-04  0.4271557E-04 -0.6621903E-05
Ar 3036  0.2122662E+02  0.3411953E+02  0.2361042E+02  0.6348834E-05 -0.6315205E-04 -0.2526504E-04
Ar 3037  0.2114235E+02  0.3158209E+02  0.2610182E+02 -0.5311529E-04 -0.1442457E-04  0.6629585E-04
Ar 3038  0.2367483E+02  0.3407497E+02  0.2635214E+02  0.1005205E-04 -0.8243542E-04 -0.1239805E-03
Ar 3039  0.2368796E+02  0.3160174E+02  0.2886183E+02  0.2913680E-06  0.4682372E-05 -0.1399896E-04
Ar 3040  0.2101952E+02  0.3420934E+02  0.2902797E+02 -0.8018006E-04 -0.2138940E-04  0.1688740E-04
Ar 3041  0.2117658E+02  0.3153511E+02  0.3155728E+02 -0.5658927E-05  0.4965991E-06 -0.8004240E-04
Ar 3042  0.2370906E+02  0.3426614E+02  0.3165711E+02  0.7802104E-05  0.3274293E-04 -0.2940299E-04
Ar 3043  0.2362974E+02  0.3154735E+02  0.3425851E+02 -0.1999039E-04 -0.8967508E-05 -0.7806976E-04
Ar 3044  0.2110897E+02  0.3416123E+02  0.3414733E+02  0.5019858E-04 -0.1187589E-04 -0.4263889E-04
Ar 3045  0.2102602E+02  0.3152727E+02  0.3681180E+02 -0.4209586E-04  0.1815325E-04 -0.2838734E-04
Ar 3046  0.2364443E+02  0.3413895E+02  0.3680750E+02  0.2855838E-04  0.3719905E-04 -0.6234225E-04
Ar 3047  0.2375489E+02  0.3148694E+02  0.3946678E+02 -0.5240943E-04  0.3754775E-04  0.5036018E-04
Ar 3048  0.2114979E+02  0.3410603E+02  0.3940800E+02 -0.3807663E-04 -0.5017153E-04  0.8469729E-06
Ar 3049  0.2104102E+02  0.3164891E+02  0.4211946E+02 -0.3545984E-04 -0.2984767E-04  0.1801974E-04
Ar 3050  0.2361527E+02  0.3419731E+02  0.4209437E+02 -0.2625050E-04  0.4303932E-04  0.4884777E-04
Ar 3051  0.2373951E+02  0.3154403E+02  0.4481516E+02  0.4269058E-04 -0.1428585E-04  0.1767243E-05
Ar 3052  0.2102563E+02  0.3435137E+02  0.4478091E+02 -0.2567291E-04 -0.8597860E-04 -0.9282214E-05
Ar 3053  0.2105809E+02  0.3167814E+02  0.4725367E+02 -0.8810527E-05 -0.8704802E-04 -0.1152594E-04
Ar 3054  0.2375671E+02  0.3413177E+02  0.4743953E+02  0.1879489E-05  0.1076913E-04  0.1246172E-04
Ar 3055  0.2364377E+02  0.3162620E+02  0.4991127E+02  0.8698940E-05  0.1894524E-05 -0.3611923E-04
Ar 3056  0.2103066E+02  0.3415116E+02  0.5000054E+02 -0.7512656E-04 -0.5953706E-04 -0.1054134E-03
Ar 3057  0.2101170E+02  0.3156509E+02  0.5264694E+02 -0.5308549E-04  0.2080974E-04 -0.2408182E-04
Ar 3058  0.2367664E+02  0.3416618E+02  0.5262702E+02 -0.2141311E-04 -0.5298226E-04 -0.2727042E-04
Ar 3059  0.2367465E+02  0.3165513E+02  0.5528682E+02  0.1646782E-04  0.1382654E-03 -0.6350885E-04
Ar 3060  0.2101355E+02  0.3424754E+02  0.5534263E+02  0.3860981E-04 -0.7482580E-04 -0.3907641E-04
Ar 3061  0.2102512E+02  0.3161321E+02  0.5784871E+02  0.1895996E-04 -0.3973608E-04 -0.6769490E-04
Ar 3062  0.2381222E+02  0.3404547E+02  0.5795472E+02 -0.5894844E-04 -0.6657462E-04  0.4150965E-04
Ar 3063  0.2378710E+02  0.3157163E+02  0.6055651E+02 -0.6920373E-04 -0.4891491E-04 -0.1901564E-04
Ar 3064  0.2099694E+02  0.3417439E+02  0.6045393E+02  0.1447132E-05 -0.2990883E-04 -0.9499693E-04
Ar 3065  0.2105964E+02  0.3156842E+02  0.6314338E+02 -0.4485489E-04 -0.3723834E-04  0.3106067E-04
Ar 3066  0.2365380E+02  0.3429461E+02  0.6314790E+02 -0.7375253E-04  0.2818993E-04  0.2284413E-04
Ar 3067  0.2366787E+02  0.3157620E+02  0.6580675E+02 -0.2836746E-04  0.1879546E-04 -0.3600158E-04
Ar 3068  0.2109344E+02  0.3421704E+02  0.6577924E+02 -0.1868735E-04  0.4142437E-04 -0.2988019E-04
Ar 3069  0.2105938E+02  0.3667767E+02  0.4352736E-01 -0.4702259E-04 -0.7547158E-04 -0.3267727E-04
Ar 3070  0.2359455E+02  0.3932775E+02  0.6836207E+02  0.8509460E-04 -0.6254740E-04 -0.1317221E-04
Ar 3071  0.2362380E+02  0.3680635E+02  0.2752203E+01  0.6554857E-04 -0.3359047E-04  0.4316863E-04
Ar 3072  0.2103182E+02  0.3941112E+02  0.2613601E+01 -0.1731567E-04 -0.1089054E-04 -0.6409534E-04
Ar 3073  0.2105650E+02  0.3691800E+02  0.5341942E+01 -0.3712351E-04  0.1876956E-04 -0.4661056E-04
Ar 3074  0.2352622E+02  0.3943512E+02  0.5183600E+01 -0.9201769E-04  0.4501020E-04  0.2007492E-04
Ar 3075  0.2375005E+02  0.3685145E+02  0.7856357E+01 -0.9773665E-04 -0.4276320E-04  0.9314289E-05
Ar 3076  0.2105196E+02  0.3939758E+02  0.7842348E+01 -0.1349353E-03 -0.8391476E-04 -0.2766125E-04
Ar 3077  0.2115370E+02  0.3668563E+02  0.1061689E+02  0.8470321E-04 -0.6441887E-04 -0.3253254E-04
Ar 3078  0.2370562E+02  0.3948965E+02  0.1061634E+02 -0.1079462E-04 -0.1819871E-05 -0.2382632E-04
Ar 3079  0.2362323E+02  0.3676815E+02  0.1308983E+02 -0.3063745E-04 -0.4094973E-04 -0.3273586E-04
Ar 3080  0.2103154E+02  0.3943305E+02  0.1317704E+02  0.3490298E-04  0.1531541E-04 -0.4108484E-04
Ar 3081  0.2103096E+02  0.3684582E+02  0.1586176E+02  0.1511414E-04 -0.5248671E-04  0.3425100E-04
Ar 3082  0.2361734E+02  0.3940793E+02  0.1572813E+02 -0.2981134E-05  0.1409851E-04  0.1895583E-04
Ar 3083  0.2373281E+02  0.3686881E+02  0.1838756E+02 -0.1814518E-04 -0.1872452E-05 -0.5156682E-05
Ar 3084  0.2108882E+02  0.3938354E+02  0.1836270E+02  0.1797197E-04  0.8499870E-04 -0.2731784E-04
Ar 3085  0.2105575E+02  0.3688412E+02  0.2098693E+02  0.1194227E-04  0.3587488E-04  0.1368435E-04
Ar 3086  0.2368524E+02  0.3946141E+02  0.2110232E+02 -0.5872255E-04 -0.2593236E-04 -0.3628861E-04
Ar 3087  0.2367874E+02  0.3694067E+02  0.2372143E+02 -0.3417228E-05 -0.3442540E-05 -0.5787534E-04
Ar 3088  0.2108530E+02  0.3933477E+02  0.2359215E+02  0.3718262E-04 -0.6998034E-05  0.2403661E-04
Ar 3089  0.2090900E+02  0.3677374E+02  0.2639606E+02  0.5724467E-04 -0.1064447E-03 -0.2072687E-04
Ar 3090  0.2383151E+02  0.3935190E+02  0.2616544E+02 -0.3146248E-05 -0.2699383E-04  0.5309198E-05
Ar 3091  0.2369492E+02  0.3673830E+02  0.2890843E+02  0.9690269E-05 -0.2966583E-04 -0.2808565E-04
Ar 3092  0.2116401E+02  0.3941198E+02  0.2891532E+02  0.3478181E-05  0.3349696E-04  0.4071940E-04
Ar 3093  0.2101127E+02  0.3685248E+02  0.3151647E+02 -0.3439765E-04 -0.2317347E-04 -0.8964472E-05
Ar 3094  0.2366185E+02  0.3943008E+02  0.3149633E+02 -0.5188842E-04 -0.2536997E-04  0.3259685E-05
Ar 3095  0.2366115E+02  0.3695131E+02  0.3414683E+02 -0.1654859E-04 -0.4296242E-04 -0.3904239E-04
Ar 3096  0.2108539E+02  0.3956853E+02  0.3417325E+02  0.4559987E-04 -0.6740317E-05  0.5078874E-04
Ar 3097  0.2111507E+02  0.3677617E+02  0.3672893E+02  0.1868131E-04 -0.2806167E-04 -0.6480851E-05
Ar 3098  0.2375847E+02  0.3948933E+02  0.3674569E+02 -0.4908226E-04 -0.1514711E-04 -0.1192097E-04
Ar 3099  0.2367265E+02  0.3686202E+02  0.3949921E+02  0.2636801E-04  0.3299490E-04  0.1609405E-04
Ar 3100  0.2108076E+02  0.3952489E+02  0.3944236E+02  0.5318711E-04  0.1229144E-03  0.6256368E-04
Ar 3101  0.2112376E+02  0.3684275E+02  0.4211692E+02 -0.1081577E-03 -0.2715393E-05  0.5591333E-04
Ar 3102  0.2370214E+02  0.3937777E+02  0.4211530E+02  0.3447509E-04 -0.5768158E-04  0.7669130E-04
Ar 3103  0.2369652E+02  0.3671469E+02  0.4468670E+02  0.1528337E-04  0.7076031E-04  0.4756147E-04
Ar 3104  0.2115934E+02  0.3952483E+02  0.4472952E+02 -0.2749067E-04  0.6142133E-05 -0.1074296E-04
Ar 3105  0.2106623E+02  0.3685260E+02  0.4737323E+02 -0.1273041E-04 -0.6466101E-04  0.8141429E-04
Ar 3106  0.2368028E+02  0.3939067E+02  0.4742000E+02  0.2152361E-04  0.3709133E-04 -0.7819841E-04
Ar 3107  0.2371276E+02  0.3689174E+02  0.4996720E+02 -0.7167889E-04 -0.4994078E-04  0.3718322E-04
Ar 3108  0.2109575E+02  0.3953534E+02  0.4995558E+02  0.4904224E-05  0.7515972E-04 -0.6532722E-04
Ar 3109  0.2109254E+02  0.3695877E+02  0.5253968E+02  0.2986160E-04 -0.6121681E-05 -0.6046485E-04
Ar 3110  0.2364092E+02  0.3954262E+02  0.5263132E+02  0.3652760E-04  0.4040503E-04  0.7176176E-04
Ar 3111  0.2369106E+02  0.3679860E+02  0.5528293E+02 -0.8360902E-04  0.9435533E-05 -0.5477660E-04
Ar 3112  0.2104773E+02  0.3947108E+02  0.5530591E+02  0.2621973E-04 -0.6161856E-05 -0.7460110E-04
Ar 3113  0.2103474E+02  0.3688082E+02  0.5786993E+02 -0.6590802E-04 -0.2501148E-04 -0.7092637E-04
Ar 3114  0.2377576E+02  0.3939053E+02  0.5778971E+02 -0.2935888E-04  0.4725350E-05 -0.5902448E-04
Ar 3115  0.2354203E+02  0.3680810E+02  0.6056162E+02 -0.1157190E-04  0.2884173E-04  0.2940537E-04
Ar 3116  0.2100982E+02  0.3951600E+02  0.6051666E+02 -0.1701133E-04  0.1481183E-04 -0.2781750E-04
Ar 3117  0.2104022E+02  0.3688166E+02  0.6324405E+02  0.1899178E-04 -0.3076722E-04 -0.7067802E-04
Ar 3118  0.2357116E+02  0.3936732E+02  0.6304993E+02  0.4171320E-04 -0.6440813E-04 -0.1867996E-04
Ar 3119  0.2376098E+02  0.3673843E+02  0.6575271E+02  0.7163827E-04 -0.1010418E-03 -0.1013943E-03
Ar 3120  0.2097334E+02  0.3949374E+02  0.6585657E+02 -0.6421675E-04 -0.3537900E-05 -0.6602496E-04
Ar 3121  0.2091130E+02  0.4201159E+02  0.8071997E-01 -0.6448062E-04  0.1685248E-04  0.6161573E-04
Ar 3122  0.2360299E+02  0.4482994E+02  0.8092071E-01 -0.3261433E-04  0.2962780E-04 -0.8329695E-05
Ar 3123  0.2366355E+02  0.4208312E+02  0.2664615E+01  0.2702343E-04  0.7057425E-04 -0.5295106E-04
Ar 3124  0.2100707E+02  0.4483758E+02  0.2622280E+01 -0.3705954E-04 -0.3974404E-04 -0.6187081E-04
Ar 3125  0.2115539E+02  0.4210729E+02  0.5242778E+01 -0.2052937E-04 -0.2202200E-04 -0.1655807E-05
Ar 3126  0.2359324E+02  0.4481775E+02  0.5250986E+01  0.1101820E-04  0.4152296E-04  0.4298300E-04
Ar 3127  0.2360491E+02  0.4199964E+02  0.8019448E+01 -0.2217127E-04 -0.8336765E-04  0.2648228E-04
Ar 3128  0.2114273E+02  0.4481206E+02  0.8020591E+01  0.3289905E-04 -0.7311875E-04  0.1249039E-04
Ar 3129  0.2108492E+02  0.4223074E+02  0.1049846E+02  0.4104320E-04 -0.6270381E-04  0.2410055E-04
Ar 3130  0.2366018E+02  0.4474177E+02  0.1048807E+02 -0.2201177E-04 -0.6350165E-04 -0.1493299E-04
Ar 3131  0.2371233E+02  0.4196239E+02  0.1308356E+02 -0.7863859E-04  0.1252960E-04 -0.8412053E-05
Ar 3132  0.2116059E+02  0.4466243E+02  0.1322938E+02 -0.3712962E-04  0.4289733E-04 -0.1720215E-04
Ar 3133  0.2110443E+02  0.4208507E+02  0.1587799E+02  0.3538062E-04 -0.4029076E-04 -0.1420401E-05
Ar 3134  0.2367854E+02  0.4467637E+02  0.1577100E+02 -0.4226247E-04  0.5803093E-04 -0.1439622E-04
Ar 3135  0.2372517E+02  0.4214658E+02  0.1841650E+02 -0.2202963E-05 -0.3256446E-04  0.2017534E-04
Ar 3136  0.2094136E+02  0.4464737E+02  0.1845228E+02 -0.3100819E-04  0.5944761E-04 -0.9333792E-05
Ar 3137  0.2102610E+02  0.4220807E+02  0.2123914E+02 -0.6386257E-04 -0.2815921E-04  0.5988475E-04
Ar 3138  0.2375194E+02  0.4463106E+02  0.2112604E+02  0.6587132E-05 -0.2117802E-04 -0.1636654E-04
Ar 3139  0.2375338E+02  0.4203045E+02  0.2370325E+02 -0.6942040E-04 -0.1457003E-04 -0.1810829E-04
Ar 3140  0.2101650E+02  0.4480147E+02  0.2365686E+02 -0.2973171E-04 -0.7408711E-04  0.7403751E-04
Ar 3141  0.2098998E+02  0.4212382E+02  0.2635180E+02  0.3398716E-05  0.2860549E-04 -0.6767549E-04
Ar 3142  0.2363438E+02  0.4474807E+02  0.2631641E+02 -0.6010385E-04 -0.3717444E-04 -0.6028511E-04
Ar 3143  0.2355317E+02  0.4202390E+02  0.2911037E+02  0.4893317E-04  0.2993886E-04 -0.7592160E-04
Ar 3144  0.2104921E+02  0.4473306E+02  0.2894485E+02 -0.2736277E-04 -0.9344513E-04 -0.1324980E-04
Ar 3145  0.2095726E+02  0.4210243E+02  0.3155768E+02  0.1189302E-03 -0.1096792E-03  0.3879588E-04
Ar 3146  0.2363534E+02  0.4482667E+02  0.3154636E+02  0.1468127E-04  0.1044450E-04 -0.5514977E-04
Ar 3147  0.2370469E+02  0.4220752E+02  0.3413092E+02 -0.1053641E-03 -0.2610573E-04 -0.7268526E-04
Ar 3148  0.2118452E+02  0.4485666E+02  0.3426776E+02  0.8591508E-04 -0.5816814E-04 -0.4142810E-04
Ar 3149  0.2116874E+02  0.4217259E+02  0.3690657E+02 -0.5833055E-04 -0.6363036E-04 -0.4527091E-04
Ar 3150  0.2376330E+02  0.4476038E+02  0.3683573E+02 -0.1101316E-04 -0.8679207E-05 -0.7796112E-05
Ar 3151  0.2380366E+02  0.4216934E+02  0.3946885E+02 -0.2870545E-04 -0.8700224E-04 -0.9838834E-05
Ar 3152  0.2103742E+02  0.4468385E+02  0.3946835E+02 -0.1020825E-03  0.1360302E-04  0.1124433E-04
Ar 3153  0.2102180E+02  0.4207439E+02  0.4206876E+02  0.4373408E-04  0.1750188E-04 -0.1210161E-03
Ar 3154  0.2372943E+02  0.4473995E+02  0.4217133E+02 -0.1520146E-04  0.4479411E-04 -0.1129238E-04
Ar 3155  0.2371413E+02  0.4208877E+02  0.4482024E+02  0.6643466E-05 -0.5214494E-04 -0.1096676E-04
Ar 3156  0.2110935E+02  0.4481219E+02  0.4463687E+02 -0.4187079E-05 -0.2356218E-04 -0.3314101E-04
Ar 3157  0.2104152E+02  0.4208659E+02  0.4732689E+02 -0.7491865E-04 -0.8957944E-04 -0.3996646E-04
Ar 3158  0.2371102E+02  0.4471661E+02  0.4742907E+02  0.3158560E-04 -0.1738428E-04 -0.5059148E-04
Ar 3159  0.2363402E+02  0.4217507E+02  0.4988197E+02 -0.5742393E-04  0.3191679E-04 -0.6374546E-04
Ar 3160  0.2104357E+02  0.4476263E+02  0.4992085E+02 -0.6857790E-04  0.3246168E-04  0.5606095E-06
Ar 3161  0.2099266E+02  0.4220393E+02  0.5260641E+02  0.5494947E-04  0.2454529E-04 -0.6352962E-04
Ar 3162  0.2370512E+02  0.4468458E+02  0.5254683E+02  0.6708781E-04  0.1098938E-04  0.1680864E-04
Ar 3163  0.2365592E+02  0.4211931E+02  0.5536027E+02 -0.9264829E-05  0.3576469E-05 -0.5904506E-05
Ar 3164  0.2095612E+02  0.4480922E+02  0.5533161E+02 -0.3990367E-04 -0.2643591E-04  0.2338606E-04
Ar 3165  0.2092606E+02  0.4224652E+02  0.5778217E+02 -0.9154870E-05  0.1093605E-04 -0.9377556E-04
Ar 3166  0.2362463E+02  0.4470416E+02  0.5781830E+02  0.3047441E-04 -0.3627730E-04  0.5189838E-04
Ar 3167  0.2368977E+02  0.4224271E+02  0.6044859E+02  0.1826791E-04 -0.3368447E-04 -0.5230717E-04
Ar 3168  0.2095874E+02  0.4476785E+02  0.6047880E+02  0.5181142E-04  0.1363151E-04  0.4101501E-04
Ar 3169  0.2113033E+02  0.4207955E+02  0.6320296E+02  0.5024408E-04 -0.8798884E-04 -0.5857903E-04
Ar 3170  0.2363986E+02  0.4469536E+02  0.6310607E+02 -0.4927544E-04  0.5501102E-04 -0.6805954E-04
Ar 3171  0.2370377E+02  0.4198390E+02  0.6575767E+02  0.1016883E-03 -0.2056171E-04  0.8585722E-04
Ar 3172  0.2105676E+02  0.4469954E+02  0.6574736E+02 -0.1489947E-04 -0.3189709E-04 -0.5453579E-04
Ar 3173  0.2107783E+02  0.4739984E+02  0.6851448E+02 -0.5053347E-04 -0.6394443E-04 -0.2777514E-05
Ar 3174  0.2364988E+02  0.5012843E+02  0.9151381E-01 -0.7161419E-04  0.1564532E-04  0.1778204E-04
Ar 3175  0.2358281E+02  0.4721328E+02  0.2584893E+01 -0.2010848E-04 -0.7753849E-04  0.9739847E-05
Ar 3176  0.2113512E+02  0.5007380E+02  0.2594197E+01  0.5579951E-04 -0.1111864E-03 -0.1786004E-04
Ar 3177  0.2099121E+02  0.4733936E+02  0.5181498E+01  0.9542921E-05 -0.1782608E-04 -0.6049617E-04
Ar 3178  0.2362911E+02  0.4996706E+02  0.5405959E+01 -0.5780898E-04  0.7955376E-05  0.3282828E-04
Ar 3179  0.2367972E+02  0.4743110E+02  0.7889466E+01  0.9111273E-05 -0.7107754E-04 -0.3591960E-04
Ar 3180  0.2112221E+02  0.5004564E+02  0.7825989E+01 -0.9225915E-04  0.1098062E-04  0.5008608E-04
Ar 3181  0.2101418E+02  0.4731885E+02  0.1056923E+02  0.1061487E-04 -0.3870746E-06 -0.1927880E-04
Ar 3182  0.2380528E+02  0.4999863E+02  0.1045801E+02  0.9375837E-04 -0.1768491E-04  0.3061235E-05
Ar 3183  0.2358243E+02  0.4740692E+02  0.1309668E+02  0.1542850E-04  0.2582209E-04 -0.3093437E-04
Ar 3184  0.2114606E+02  0.5006600E+02  0.1306931E+02  0.1224576E-04 -0.8361086E-04  0.4434505E-04
Ar 3185  0.2111205E+02  0.4747824E+02  0.1580133E+02 -0.1076044E-03  0.4741866E-04 -0.3982349E-05
Ar 3186  0.2362454E+02  0.5002336E+02  0.1584414E+02  0.4592788E-04  0.5894312E-04 -0.9915282E-04
Ar 3187  0.2374148E+02  0.4729122E+02  0.1842045E+02 -0.3142113E-04  0.4772692E-04  0.4266288E-04
Ar 3188  0.2103204E+02  0.5001661E+02  0.1830627E+02 -0.1606625E-04 -0.4642953E-04 -0.1162191E-04
Ar 3189  0.2090445E+02  0.4732960E+02  0.2103988E+02  0.2133433E-04 -0.5577786E-04  0.4520064E-04
Ar 3190  0.2359366E+02  0.4998764E+02  0.2106509E+02 -0.7100168E-05 -0.8496614E-04 -0.1830174E-04
Ar 3191  0.2358595E+02  0.4733024E+02  0.2368568E+02 -0.1185193E-04 -0.2914871E-04  0.2737539E-04
Ar 3192  0.2103151E+02  0.5004053E+02  0.2354805E+02 -0.4014651E-04  0.5103099E-04 -0.4948924E-04
Ar 3193  0.2106299E+02  0.4744185E+02  0.2634983E+02 -0.2224392E-04 -0.3036565E-05  0.4692746E-05
Ar 3194  0.2374460E+02  0.4995697E+02  0.2619483E+02 -0.2826260E-04 -0.4928190E-04 -0.3043793E-04
Ar 3195  0.2367506E+02  0.4734898E+02  0.2887518E+02 -0.6006405E-05  0.1082683E-04 -0.5981180E-04
Ar 3196  0.2100506E+02  0.5004442E+02  0.2901196E+02  0.2755264E-04 -0.4388538E-05 -0.1266260E-04
Ar 3197  0.2101805E+02  0.4734458E+02  0.3152987E+02  0.6958599E-04 -0.1074385E-04  0.1205011E-04
Ar 3198  0.2377620E+02  0.5008385E+02  0.3151580E+02  0.2099282E-05  0.2028235E-04  0.4348919E-04
Ar 3199  0.2369650E+02  0.4734081E+02  0.3436397E+02 -0.3451975E-04 -0.6394383E-04 -0.3712817E-04
Ar 3200  0.2107909E+02  0.4997288E+02  0.3418016E+02 -0.2013131E-04 -0.3504541E-04 -0.5373291E-04
Ar 3201  0.2110980E+02  0.4728245E+02  0.3688898E+02 -0.8036618E-05 -0.5066328E-04  0.4263280E-04
Ar 3202  0.2362760E+02  0.4990433E+02  0.3675817E+02 -0.2784582E-04 -0.3105862E-04 -0.3213585E-04
Ar 3203  0.2370969E+02  0.4727116E+02  0.3943010E+02 -0.4728789E-04 -0.1798396E-04  0.6990393E-04
Ar 3204  0.2108502E+02  0.4997501E+02  0.3951722E+02  0.1605954E-04 -0.6048240E-04  0.9555341E-05
Ar 3205  0.2109876E+02  0.4739633E+02  0.4210819E+02  0.6669654E-04  0.1405315E-04  0.3178854E-05
Ar 3206  0.2364023E+02  0.4998269E+02  0.4199899E+02 -0.4808963E-04 -0.5338837E-04 -0.2129484E-04
Ar 3207  0.2377768E+02  0.4737865E+02  0.4480769E+02  0.5952848E-04 -0.1869625E-04 -0.6121511E-06
Ar 3208  0.2116908E+02  0.4998418E+02  0.4475104E+02  0.1270827E-04 -0.4914556E-04 -0.2269554E-04
Ar 3209  0.2102865E+02  0.4736621E+02  0.4721969E+02  0.5398162E-04 -0.3590913E-05 -0.2128596E-04
Ar 3210  0.2362864E+02  0.4997712E+02  0.4745648E+02  0.4429709E-04  0.2040503E-04  0.8456599E-05
Ar 3211  0.2376671E+02  0.4736233E+02  0.5000938E+02  0.8594359E-04 -0.4389655E-04 -0.6208723E-04
Ar 3212  0.2098568E+02  0.5000926E+02  0.5001135E+02  0.7949183E-04  0.1781456E-04  0.5974822E-04
Ar 3213  0.2105125E+02  0.4739199E+02  0.5260129E+02  0.7641012E-04 -0.1799495E-04 -0.5376635E-05
Ar 3214  0.2372484E+02  0.4986179E+02  0.5262484E+02  0.3659008E-04 -0.8526121E-05 -0.6312325E-04
Ar 3215  0.2368988E+02  0.4733637E+02  0.5518165E+02  0.1388233E-04 -0.7107369E-05 -0.4279699E-04
Ar 3216  0.2114065E+02  0.4995548E+02  0.5540565E+02  0.3857180E-04 -0.8341839E-04  0.2008135E-04
Ar 3217  0.2099846E+02  0.4749250E+02  0.5780391E+02  0.1001885E-03 -0.8632948E-04  0.6282558E-05
Ar 3218  0.2380635E+02  0.5004022E+02  0.5797104E+02  0.2319281E-04 -0.3592335E-04  0.5074882E-04
Ar 3219  0.2364948E+02  0.4728405E+02  0.6044970E+02  0.1489161E-04 -0.4042407E-04 -0.3154636E-04
Ar 3220  0.2106651E+02  0.4996890E+02  0.6033493E+02  0.2299368E-04 -0.8297074E-04 -0.8028284E-04
Ar 3221  0.2107088E+02  0.4739302E+02  0.6309774E+02  0.3107083E-04  0.2273934E-04  0.2487677E-04
Ar 3222  0.2362454E+02  0.4999315E+02  0.6315668E+02 -0.4069401E-04 -0.1503170E-04 -0.3524942E-04
Ar 3223  0.2374129E+02  0.4737264E+02  0.6571210E+02 -0.3852421E-04 -0.6877793E-04 -0.1128170E-04
Ar 3224  0.2105585E+02  0.4999544E+02  0.6587165E+02  0.2365965E-04 -0.2405929E-04 -0.1517923E-04
Ar 3225  0.2112229E+02  0.5265227E+02  0.6831071E+02 -0.6509288E-04 -0.1296998E-05  0.4153692E-04
Ar 3226  0.2362883E+02  0.5519552E+02  0.6842353E+02 -0.2999594E-04 -0.1224959E-03 -0.7682518E-04
Ar 3227  0.2375426E+02  0.5265466E+02  0.2639865E+01 -0.5404152E-04 -0.1119599E-03 -0.4138661E-04
Ar 3228  0.2102478E+02  0.5530912E+02  0.2617150E+01 -0.1648079E-04 -0.7696183E-05  0.1895570E-04
Ar 3229  0.2099907E+02  0.5257332E+02  0.5192472E+01 -0.3935763E-04 -0.3317646E-04  0.4897920E-04
Ar 3230  0.2361512E+02  0.5522881E+02  0.5287591E+01  0.4623576E-04  0.4201689E-04  0.3544289E-04
Ar 3231  0.2374333E+02  0.5267738E+02  0.7859305E+01  0.9166669E-05  0.9732871E-05 -0.3097289E-04
Ar 3232  0.2112583E+02  0.5521392E+02  0.7893420E+01  0.4881749E-04 -0.4021602E-04  0.5126056E-04
Ar 3233  0.2118696E+02  0.5255295E+02  0.1056808E+02  0.9109078E-04  0.4906131E-04  0.8623166E-04
Ar 3234  0.2361024E+02  0.5519061E+02  0.1036810E+02 -0.1034001E-04  0.1163924E-05  0.2159281E-04
Ar 3235  0.2354878E+02  0.5263572E+02  0.1318754E+02 -0.1064593E-03  0.1766983E-04 -0.6719492E-05
Ar 3236  0.2104501E+02  0.5519638E+02  0.1318607E+02  0.2729190E-05 -0.1033761E-04 -0.6979547E-04
Ar 3237  0.2093955E+02  0.5262217E+02  0.1586586E+02 -0.2723657E-05 -0.1196911E-04 -0.3703602E-04
Ar 3238  0.2363068E+02  0.5517921E+02  0.1574965E+02 -0.3431048E-05 -0.1532211E-04 -0.3113414E-04
Ar 3239  0.2365801E+02  0.5265839E+02  0.1856845E+02  0.2657487E-04 -0.5242941E-04  0.2808713E-04
Ar 3240  0.2115515E+02  0.5515317E+02  0.1845516E+02 -0.4078464E-04  0.2333264E-05 -0.3878451E-04
Ar 3241  0.2103853E+02  0.5267663E+02  0.2098586E+02 -0.3752958E-04 -0.5223242E-04  0.7262017E-04
Ar 3242  0.2364981E+02  0.5534655E+02  0.2100999E+02 -0.2417762E-04  0.7631629E-04 -0.5283109E-04
Ar 3243  0.2368605E+02  0.5270137E+02  0.2367784E+02 -0.3441703E-04  0.5848392E-04 -0.6294896E-04
Ar 3244  0.2103975E+02  0.5525913E+02  0.2365932E+02  0.6790543E-04 -0.2734854E-05  0.4764524E-04
Ar 3245  0.2090652E+02  0.5257493E+02  0.2638741E+02  0.1331336E-04  0.1901405E-04 -0.2673312E-04
Ar 3246  0.2377247E+02  0.5530278E+02  0.2620227E+02  0.4536324E-05 -0.6266655E-04 -0.1033445E-03
Ar 3247  0.2369302E+02  0.5260230E+02  0.2884066E+02  0.9395485E-04 -0.3125980E-04 -0.1598774E-04
Ar 3248  0.2108383E+02  0.5523030E+02  0.2896506E+02  0.3449404E-04 -0.6394752E-04 -0.1209663E-04
Ar 3249  0.2112134E+02  0.5268957E+02  0.3149277E+02 -0.3111151E-04 -0.8676578E-04 -0.3036799E-05
Ar 3250  0.2359615E+02  0.5537967E+02  0.3159071E+02 -0.5583336E-04 -0.3193670E-04  0.5932145E-04
Ar 3251  0.2366516E+02  0.5260480E+02  0.3429011E+02  0.4893750E-04 -0.8676034E-04 -0.4033030E-04
Ar 3252  0.2100669E+02  0.5536990E+02  0.3417259E+02  0.6698867E-04 -0.7409319E-04 -0.3834753E-04
Ar 3253  0.2099755E+02  0.5265449E+02  0.3687667E+02  0.1738868E-04 -0.6944195E-05  0.1164168E-04
Ar 3254  0.2370798E+02  0.5516851E+02  0.3695084E+02 -0.8828882E-04  0.6124261E-05  0.6799558E-04
Ar 3255  0.2372116E+02  0.5252748E+02  0.3948344E+02 -0.4600331E-04 -0.7299997E-05 -0.9888561E-04
Ar 3256  0.2108146E+02  0.5528265E+02  0.3948069E+02 -0.8567130E-06  0.1118064E-04 -0.4063668E-04
Ar 3257  0.2110430E+02  0.5261261E+02  0.4221300E+02 -0.8370777E-04 -0.4166504E-04 -0.5867267E-04
Ar 3258  0.2364503E+02  0.5523858E+02  0.4209316E+02 -0.6185951E-04 -0.2457519E-05  0.7654200E-04
Ar 3259  0.2373384E+02  0.5261230E+02  0.4487761E+02 -0.9755217E-04 -0.1087260E-03 -0.2853961E-04
Ar 3260  0.2105225E+02  0.5522591E+02  0.4464292E+02 -0.2654087E-04 -0.4230263E-04 -0.6660228E-04
Ar 3261  0.2101823E+02  0.5261882E+02  0.4743576E+02  0.4158561E-05  0.1212325E-04  0.9809070E-05
Ar 3262  0.2371604E+02  0.5529811E+02  0.4746788E+02 -0.8767209E-04  0.7514716E-05 -0.3698673E-04
Ar 3263  0.2364086E+02  0.5247460E+02  0.5000426E+02 -0.1214722E-04 -0.8523526E-04 -0.6702111E-04
Ar 3264  0.2105721E+02  0.5532495E+02  0.5000690E+02 -0.7666962E-04 -0.8427097E-04 -0.1259372E-04
Ar 3265  0.2104257E+02  0.5255424E+02  0.5266295E+02 -0.1680322E-04 -0.4136111E-04 -0.6403835E-04
Ar 3266  0.2374477E+02  0.5536117E+02  0.5267133E+02  0.6988438E-04 -0.9600914E-05  0.4977069E-04
Ar 3267  0.2367375E+02  0.5260295E+02  0.5514364E+02  0.1310695E-04  0.4306887E-05  0.4025371E-04
Ar 3268  0.2101269E+02  0.5511002E+02  0.5529211E+02 -0.2230560E-04 -0.7995215E-04 -0.3986714E-04
Ar 3269  0.2096388E+02  0.5266509E+02  0.5792268E+02  0.3873357E-05  0.3548376E-04  0.2396255E-04
Ar 3270  0.2376561E+02  0.5529063E+02  0.5780501E+02 -0.8469668E-04  0.9252373E-06 -0.1574793E-04
Ar 3271  0.2367772E+02  0.5269302E+02  0.6053268E+02 -0.8308225E-04  0.3679712E-04 -0.2629131E-05
Ar 3272  0.2106102E+02  0.5515925E+02  0.6059684E+02 -0.8634979E-05 -0.1952081E-04 -0.6956273E-04
Ar 3273  0.2103802E+02  0.5251119E+02  0.6313870E+02  0.4618272E-04  0.3476477E-04 -0.1945528E-04
Ar 3274  0.2358679E+02  0.5513039E+02  0.6315300E+02  0.3095344E-04 -0.5099255E-05  0.2567593E-04
Ar 3275  0.2366912E+02  0.5261926E+02  0.6576530E+02  0.1783766E-04 -0.2334950E-04 -0.4036246E-04
Ar 3276  0.2103058E+02  0.5528198E+02  0.6579075E+02 -0.3034055E-04  0.5902016E-04 -0.4241974E-04
Ar 3277  0.2109492E+02  0.5792396E+02  0.6839111E+02  0.3655574E-04 -0.4649951E-04  0.1082038E-04
Ar 3278  0.2369926E+02  0.6045505E+02  0.6843807E+02 -0.9752877E-04  0.1724479E-04 -0.6072505E-04
Ar 3279  0.2361549E+02  0.5784688E+02  0.2627015E+01  0.2749214E-04  0.1909704E-04 -0.5936091E-04
Ar 3280  0.2103953E+02  0.6048121E+02  0.2696984E+01  0.8948826E-04 -0.2171388E-04 -0.8340128E-04
Ar 3281  0.2103480E+02  0.5794757E+02  0.5294043E+01 -0.4346879E-05  0.6170389E-05  0.5936219E-04
Ar 3282  0.2376414E+02  0.6051904E+02  0.5272609E+01 -0.7451144E-04 -0.3284086E-04 -0.5050724E-04
Ar 3283  0.2376525E+02  0.5778729E+02  0.7945989E+01  0.4544633E-04 -0.2277675E-04  0.3424069E-04
Ar 3284  0.2096889E+02  0.6052709E+02  0.7879494E+01 -0.1272040E-04 -0.5336167E-04  0.9739215E-04
Ar 3285  0.2093792E+02  0.5778920E+02  0.1061516E+02  0.1746462E-04  0.3398196E-04 -0.1005970E-03
Ar 3286  0.2355346E+02  0.6064617E+02  0.1051750E+02 -0.5075478E-04 -0.5040568E-04 -0.7686261E-04
Ar 3287  0.2372797E+02  0.5788712E+02  0.1318764E+02 -0.5217146E-04 -0.2026191E-04 -0.6571743E-04
Ar 3288  0.2108964E+02  0.6034826E+02  0.1311503E+02 -0.6283378E-04 -0.2733144E-04 -0.1229553E-04
Ar 3289  0.2106936E+02  0.5784552E+02  0.1577782E+02  0.2173119E-05  0.7116182E-04  0.4483952E-04
Ar 3290  0.2362897E+02  0.6057830E+02  0.1593133E+02  0.8191828E-06  0.4280514E-04 -0.1020187E-03
Ar 3291  0.2371851E+02  0.5784293E+02  0.1844133E+02  0.3874891E-04 -0.7950021E-05 -0.3970026E-04
Ar 3292  0.2099274E+02  0.6055968E+02  0.1850125E+02 -0.7466874E-04 -0.7614995E-05 -0.8265517E-04
Ar 3293  0.2105855E+02  0.5801429E+02  0.2112329E+02  0.1246737E-04 -0.7031577E-04  0.3759935E-04
Ar 3294  0.2368902E+02  0.6048513E+02  0.2102352E+02 -0.8490057E-05  0.1692083E-04 -0.3732080E-04
Ar 3295  0.2362835E+02  0.5785144E+02  0.2361874E+02 -0.3171576E-04  0.7314693E-04  0.1597914E-04
Ar 3296  0.2097270E+02  0.6046625E+02  0.2369455E+02 -0.8917864E-04  0.1898627E-05  0.2037021E-04
Ar 3297  0.2103668E+02  0.5780549E+02  0.2627445E+02  0.9417935E-04  0.5115991E-04 -0.2560951E-04
Ar 3298  0.2368537E+02  0.6060225E+02  0.2633442E+02  0.5865651E-05 -0.5663253E-04 -0.2907594E-04
Ar 3299  0.2364476E+02  0.5797556E+02  0.2897441E+02 -0.4013429E-04 -0.1727821E-04  0.2998151E-04
Ar 3300  0.2103805E+02  0.6052222E+02  0.2895936E+02  0.9759928E-05  0.3968222E-04 -0.4168748E-04
Ar 3301  0.2112124E+02  0.5796202E+02  0.3160863E+02  0.5467474E-04  0.6988828E-05 -0.2406611E-04
Ar 3302  0.2362468E+02  0.6064597E+02  0.3153597E+02  0.1039567E-04 -0.3751021E-04 -0.4786085E-05
Ar 3303  0.2360049E+02  0.5796983E+02  0.3407444E+02 -0.5187672E-05  0.6658515E-04  0.1997713E-04
Ar 3304  0.2102478E+02  0.6050203E+02  0.3428907E+02  0.2781957E-04 -0.1163492E-03 -0.1595393E-04
Ar 3305  0.2102205E+02  0.5782634E+02  0.3675204E+02 -0.7664323E-04 -0.1750574E-04 -0.1271961E-04
Ar 3306  0.2369034E+02  0.6049670E+02  0.3685486E+02  0.1649583E-04 -0.7389844E-04 -0.4780507E-04
Ar 3307  0.2368356E+02  0.5787279E+02  0.3944084E+02  0.3597172E-04 -0.3082139E-04  0.1160244E-04
Ar 3308  0.2116118E+02  0.6056350E+02  0.3956154E+02  0.1517826E-04 -0.1565784E-04 -0.4493998E-04
Ar 3309  0.2104029E+02  0.5791438E+02  0.4204487E+02  0.2655404E-04  0.3318816E-04 -0.9961068E-06
Ar 3310  0.2372765E+02  0.6049762E+02  0.4210973E+02 -0.9486976E-05 -0.3602720E-04 -0.6629952E-04
Ar 3311  0.2364280E+02  0.5790980E+02  0.4477499E+02 -0.6782314E-04 -0.3164141E-04  0.4484483E-04
Ar 3312  0.2095914E+02  0.6049540E+02  0.4474046E+02  0.1035472E-04 -0.1164178E-04  0.6175271E-04
Ar 3313  0.2112920E+02  0.5795020E+02  0.4730344E+02  0.5225442E-05 -0.1002187E-04 -0.9539396E-04
Ar 3314  0.2372568E+02  0.6058346E+02  0.4745162E+02 -0.1102401E-04 -0.3413762E-04  0.6572089E-04
Ar 3315  0.2358710E+02  0.5787840E+02  0.4996651E+02  0.5064531E-05 -0.6325082E-04  0.3844971E-04
Ar 3316  0.2105684E+02  0.6048834E+02  0.5004872E+02  0.1292360E-05 -0.1006024E-03 -0.1067969E-04
Ar 3317  0.2106369E+02  0.5796024E+02  0.5262917E+02  0.5816169E-04 -0.2828174E-05 -0.7881952E-04
Ar 3318  0.2379864E+02  0.6045062E+02  0.5260943E+02  0.7368278E-05 -0.3279893E-04 -0.5142803E-04
Ar 3319  0.2359949E+02  0.5791288E+02  0.5526247E+02 -0.6091991E-06  0.1120816E-04 -0.8401076E-04
Ar 3320  0.2110850E+02  0.6053852E+02  0.5530351E+02 -0.5652743E-04 -0.2085257E-04 -0.1492213E-04
Ar 3321  0.2106868E+02  0.5800270E+02  0.5793744E+02  0.4038223E-04  0.3842836E-04  0.6815640E-04
Ar 3322  0.2369641E+02  0.6050847E+02  0.5785500E+02 -0.4681950E-04 -0.4043812E-04 -0.8201546E-04
Ar 3323  0.2364182E+02  0.5794269E+02  0.6055380E+02 -0.4810017E-04 -0.3619251E-04 -0.1417150E-04
Ar 3324  0.2098966E+02  0.6048924E+02  0.6054995E+02 -0.7618045E-04  0.6218672E-04  0.2501734E-04
Ar 3325  0.2098363E+02  0.5796220E+02  0.6306337E+02  0.4989031E-04  0.2694480E-04 -0.4073615E-04
Ar 3326  0.2375611E+02  0.6048295E+02  0.6304567E+02 -0.5782624E-04 -0.1235250E-04 -0.3319291E-04
Ar 3327  0.2364792E+02  0.5777510E+02  0.6579034E+02 -0.5288928E-06 -0.3092822E-04 -0.1281379E-03
Ar 3328  0.2097496E+02  0.6052412E+02  0.6579550E+02  0.4385194E-06  0.9237011E-04 -0.7728917E-05
Ar 3329  0.2100992E+02  0.6307474E+02  0.6847249E+02  0.3659980E-04 -0.4951297E-05 -0.6050998E-04
Ar 3330  0.2363362E+02  0.6578257E+02  0.6850055E+02 -0.2323337E-04 -0.5970354E-04 -0.7476944E-04
Ar 3331  0.2366039E+02  0.6312780E+02  0.2570746E+01 -0.4428230E-04  0.2739629E-04  0.7380407E-04
Ar 3332  0.2110266E+02  0.6578448E+02  0.2557642E+01  0.3964434E-04 -0.1465966E-04  0.1079972E-03
Ar 3333  0.2109037E+02  0.6309627E+02  0.5240048E+01  0.1655662E-04  0.1426901E-04 -0.4792187E-05
Ar 3334  0.2362143E+02  0.6566710E+02  0.5332449E+01 -0.4344576E-04  0.1334643E-04  0.2180696E-04
Ar 3335  0.2380587E+02  0.6313047E+02  0.7881007E+01 -0.1086258E-04 -0.2798202E-04 -0.5977379E-04
Ar 3336  0.2098846E+02  0.6576249E+02  0.7867187E+01  0.2823469E-04  0.6865699E-04 -0.1842166E-04
Ar 3337  0.2110946E+02  0.6315925E+02  0.1055094E+02  0.2973575E-04  0.5671482E-04 -0.2439026E-04
Ar 3338  0.2366311E+02  0.6575490E+02  0.1062269E+02 -0.2628487E-04 -0.1276793E-03 -0.1359748E-04
Ar 3339  0.2375268E+02  0.6314906E+02  0.1307283E+02  0.2128209E-06 -0.3019441E-04  0.7944783E-04
Ar 3340  0.2102938E+02  0.6588630E+02  0.1324263E+02 -0.3346929E-04  0.8923388E-05 -0.1576344E-04
Ar 3341  0.2107541E+02  0.6313292E+02  0.1571565E+02 -0.3929494E-05  0.1049582E-04 -0.4385494E-04
Ar 3342  0.2374365E+02  0.6582264E+02  0.1569560E+02  0.5188108E-04 -0.1624053E-04  0.3171695E-04
Ar 3343  0.2373361E+02  0.6320369E+02  0.1832441E+02  0.6880147E-05 -0.1417362E-04 -0.7176136E-05
Ar 3344  0.2109088E+02  0.6573234E+02  0.1845539E+02 -0.3219563E-04 -0.8428609E-04 -0.5348000E-05
Ar 3345  0.2094766E+02  0.6323857E+02  0.2118881E+02 -0.4588968E-04 -0.8506137E-05 -0.1774654E-04
Ar 3346  0.2367433E+02  0.6578632E+02  0.2117497E+02  0.2093629E-04  0.1578909E-04 -0.6905752E-06
Ar 3347  0.2368525E+02  0.6325135E+02  0.2367547E+02  0.3102288E-04 -0.2731178E-04  0.1097199E-04
Ar 3348  0.2116047E+02  0.6580163E+02  0.2358777E+02  0.8787366E-04 -0.9715767E-04  0.2274483E-04
Ar 3349  0.2104134E+02  0.6321276E+02  0.2634087E+02 -0.2085800E-04 -0.4353571E-04 -0.4251496E-04
Ar 3350  0.2374217E+02  0.6571920E+02  0.2638163E+02  0.3304869E-04 -0.2083975E-04  0.9170293E-05
Ar 3351  0.2364384E+02  0.6307392E+02  0.2888800E+02  0.7058675E-04 -0.1116308E-04  0.1553583E-05
Ar 3352  0.2109941E+02  0.6573096E+02  0.2890580E+02 -0.4518285E-04 -0.3241456E-04 -0.2233771E-04
Ar 3353  0.2097270E+02  0.6310984E+02  0.3146603E+02 -0.4845824E-04  0.3682068E-04 -0.5728530E-04
Ar 3354  0.2374619E+02  0.6564369E+02  0.3161824E+02  0.4716076E-04 -0.1043265E-03 -0.4434151E-04
Ar 3355  0.2370612E+02  0.6322487E+02  0.3434307E+02  0.3129132E-04  0.3617734E-04  0.1810588E-04
Ar 3356  0.2113778E+02  0.6581309E+02  0.3432938E+02  0.2036057E-04 -0.5682446E-04 -0.1894437E-04
Ar 3357  0.2103737E+02  0.6320095E+02  0.3690560E+02  0.2184532E-04  0.1090655E-04  0.4124693E-04
Ar 3358  0.2379792E+02  0.6587797E+02  0.3676843E+02 -0.5849836E-04 -0.2996893E-04  0.1825655E-04
Ar 3359  0.2366662E+02  0.6325602E+02  0.3946563E+02  0.6735417E-04 -0.2261730E-04 -0.8687015E-05
Ar 3360  0.2101384E+02  0.6578614E+02  0.3945807E+02  0.1867164E-04  0.1986794E-04 -0.3086322E-04
Ar 3361  0.2109735E+02  0.6321897E+02  0.4198165E+02  0.2704913E-04 -0.3778119E-04 -0.1213282E-04
Ar 3362  0.2367328E+02  0.6573050E+02  0.4194481E+02  0.1602682E-04 -0.3122931E-04 -0.3747069E-04
Ar 3363  0.2372196E+02  0.6316063E+02  0.4472520E+02 -0.2273990E-04  0.2198079E-04 -0.2657448E-05
Ar 3364  0.2111330E+02  0.6574412E+02  0.4462546E+02 -0.4396074E-04  0.6891945E-05 -0.2439128E-04
Ar 3365  0.2100206E+02  0.6319025E+02  0.4732743E+02  0.7800446E-05 -0.7265033E-04 -0.6587950E-04
Ar 3366  0.2374346E+02  0.6577121E+02  0.4745722E+02 -0.1006998E-04  0.3963236E-04 -0.1581601E-04
Ar 3367  0.2373672E+02  0.6309021E+02  0.4981630E+02  0.1516002E-04  0.5849527E-04 -0.4240289E-04
Ar 3368  0.2106767E+02  0.6577903E+02  0.5000862E+02 -0.7883078E-04 -0.1021586E-03 -0.7243859E-04
Ar 3369  0.2114530E+02  0.6315686E+02  0.5266043E+02 -0.2965095E-04 -0.9267501E-04 -0.3494759E-06
Ar 3370  0.2368422E+02  0.6587233E+02  0.5267114E+02  0.9676413E-04  0.4290495E-05 -0.3625221E-04
Ar 3371  0.2370667E+02  0.6323056E+02  0.5533249E+02  0.2536628E-05 -0.6311358E-04  0.2582855E-04
Ar 3372  0.2091315E+02  0.6582459E+02  0.5523011E+02 -0.5899398E-04  0.8297305E-05 -0.1188212E-03
Ar 3373  0.2099678E+02  0.6314304E+02  0.5801805E+02  0.1738352E-04  0.3777452E-04 -0.4200118E-04
Ar 3374  0.2376623E+02  0.6595421E+02  0.5784085E+02  0.2195351E-04  0.1900632E-04  0.3463441E-04
Ar 3375  0.2373142E+02  0.6305762E+02  0.6047054E+02  0.1934272E-04  0.1124640E-05 -0.5407357E-04
Ar 3376  0.2102730E+02  0.6581283E+02  0.6057442E+02  0.3806063E-04 -0.3473581E-06 -0.3703914E-04
Ar 3377  0.2110290E+02  0.6313729E+02  0.6307656E+02  0.3062262E-04  0.1040922E-04  0.2152274E-04
Ar 3378  0.2368249E+02  0.6575570E+02  0.6316431E+02  0.2830596E-04  0.1063217E-03  0.4788734E-05
Ar 3379  0.2352449E+02  0.6319256E+02  0.6578749E+02 -0.3682050E-04  0.2117023E-04  0.5194467E-05
Ar 3380  0.2112683E+02  0.6582179E+02  0.6579485E+02 -0.5139707E-04  0.4206704E-04  0.2603869E-04
Ar 3381  0.2633918E+02  0.6837143E+02  0.6838442E+02 -0.2962295E-04 -0.6143850E-04 -0.2390053E-04
Ar 3382  0.2905511E+02  0.2705600E+01  0.6610102E-01  0.1008797E-04 -0.8702711E-05  0.4262127E-04
Ar 3383  0.2896127E+02  0.6846978E+02  0.2684343E+01  0.4109849E-04 -0.3155005E-04  0.7070030E-05
Ar 3384  0.2643107E+02  0.2705234E+01  0.2661965E+01  0.4996515E-04 -0.5422063E-04 -0.6503483E-04
Ar 3385  0.2630206E+02  0.9102962E-01  0.5270082E+01 -0.2394271E-05  0.5137992E-04 -0.1067415E-04
Ar 3386  0.2885070E+02  0.2623849E+01  0.5218308E+01  0.5918999E-05  0.4206816E-05  0.4242236E-04
Ar 3387  0.2882961E+02  0.6843369E+02  0.7857053E+01  0.1259399E-04 -0.4974765E-04  0.1041772E-03
Ar 3388  0.2635299E+02  0.2745850E+01  0.7890315E+01 -0.5354878E-04  0.2341136E-04  0.3502540E-04
Ar 3389  0.2625482E+02  0.6847010E+02  0.1048249E+02 -0.4432694E-04 -0.1270202E-03  0.1447965E-04
Ar 3390  0.2891459E+02  0.2589097E+01  0.1043147E+02  0.4182963E-04  0.5512035E-04 -0.1101195E-04
Ar 3391  0.2893706E+02  0.6838758E+02  0.1299748E+02 -0.1113290E-04 -0.7299618E-04  0.6248052E-05
Ar 3392  0.2625552E+02  0.2632311E+01  0.1313918E+02 -0.1587990E-04 -0.1246583E-04  0.4312751E-04
Ar 3393  0.2632345E+02  0.6846821E+02  0.1572844E+02 -0.3363417E-06 -0.1294720E-04 -0.3046288E-04
Ar 3394  0.2889417E+02  0.2675565E+01  0.1568527E+02  0.9329090E-05 -0.3104868E-05  0.6959708E-04
Ar 3395  0.2889104E+02  0.6858328E+02  0.1850188E+02 -0.1314784E-04  0.5429264E-04  0.2809736E-05
Ar 3396  0.2627159E+02  0.2456438E+01  0.1842585E+02 -0.7039937E-04  0.1038019E-05  0.4172172E-04
Ar 3397  0.2624590E+02  0.6847782E+02  0.2112534E+02 -0.5425206E-04 -0.2315619E-04  0.2544499E-04
Ar 3398  0.2903248E+02  0.2683869E+01  0.2116665E+02  0.6595618E-04 -0.1082830E-03  0.2223068E-04
Ar 3399  0.2894629E+02  0.6847914E+02  0.2364664E+02 -0.5401462E-05  0.3575573E-04 -0.2124726E-04
Ar 3400  0.2638612E+02  0.2499387E+01  0.2377243E+02  0.5687375E-04 -0.3469914E-04 -0.3804859E-04
Ar 3401  0.2636020E+02  0.6833112E+02  0.2630798E+02 -0.5069358E-04 -0.2980403E-04 -0.3225198E-04
Ar 3402  0.2889564E+02  0.2640160E+01  0.2630855E+02 -0.4798533E-04  0.2141060E-04 -0.3367529E-04
Ar 3403  0.2895848E+02  0.6843826E+02  0.2890207E+02  0.2488478E-04  0.3632919E-04  0.2641439E-04
Ar 3404  0.2634334E+02  0.2653811E+01  0.2898424E+02 -0.7805862E-04 -0.8479548E-05  0.2167800E-04
Ar 3405  0.2633760E+02  0.6843414E+02  0.3160504E+02 -0.9491433E-06 -0.7773440E-04 -0.7455193E-04
Ar 3406  0.2896487E+02  0.2675710E+01  0.3153565E+02 -0.9368133E-05 -0.4447609E-04 -0.5047158E-04
Ar 3407  0.2900524E+02  0.6838601E+02  0.3417949E+02 -0.1386322E-03 -0.7303875E-04 -0.7559152E-04
Ar 3408  0.2639838E+02  0.2584449E+01  0.3410049E+02  0.3370008E-04 -0.1996673E-04 -0.2909209E-04
Ar 3409  0.2633368E+02  0.6825903E+02  0.3679999E+02  0.4557024E-04 -0.2679389E-04  0.2238142E-04
Ar 3410  0.2886401E+02  0.2591389E+01  0.3687100E+02 -0.3206275E-04  0.2316176E-04 -0.3399346E-04
Ar 3411  0.2898465E+02  0.6858343E+02  0.3951665E+02 -0.2694456E-04 -0.3031496E-04  0.1004989E-03
Ar 3412  0.2625556E+02  0.2590975E+01  0.3936306E+02  0.7911049E-05  0.4150136E-04 -0.3293765E-04
Ar 3413  0.2636778E+02  0.1146819E+00  0.4206109E+02  0.1906482E-04 -0.9007734E-04 -0.7054457E-05
Ar 3414  0.2898393E+02  0.2707986E+01  0.4207748E+02  0.2214232E-04  0.1307726E-04 -0.7673582E-05
Ar 3415  0.2887491E+02  0.6840898E+02  0.4470812E+02 -0.1125530E-04 -0.8956044E-04  0.2820740E-04
Ar 3416  0.2631668E+02  0.2591789E+01  0.4472540E+02 -0.1337233E-04  0.7624217E-05  0.3473508E-04
Ar 3417  0.2630616E+02  0.6836602E+02  0.4730778E+02 -0.1792844E-04 -0.4154817E-04 -0.8220613E-04
Ar 3418  0.2881319E+02  0.2558613E+01  0.4719312E+02 -0.4692363E-05 -0.4487827E-04  0.4596300E-04
Ar 3419  0.2902530E+02  0.6832597E+02  0.5008450E+02 -0.6810261E-04 -0.8214295E-04 -0.3735609E-04
Ar 3420  0.2632231E+02  0.2640178E+01  0.4984239E+02 -0.2791647E-04 -0.2485632E-04 -0.5317833E-04
Ar 3421  0.2623643E+02  0.6842557E+02  0.5261415E+02  0.1565398E-04 -0.5125645E-04 -0.2273278E-04
Ar 3422  0.2903609E+02  0.2554507E+01  0.5271360E+02  0.7259723E-05 -0.4900090E-04  0.6927964E-05
Ar 3423  0.2900215E+02  0.6842642E+02  0.5522001E+02  0.5380189E-04 -0.6142943E-04 -0.5773518E-04
Ar 3424  0.2621891E+02  0.2513903E+01  0.5521438E+02  0.4772958E-04 -0.7421099E-04  0.3537917E-04
Ar 3425  0.2634445E+02  0.6840599E+02  0.5803888E+02 -0.4358127E-04 -0.1028836E-03 -0.1423053E-03
Ar 3426  0.2882096E+02  0.2654219E+01  0.5792347E+02  0.2142200E-04 -0.7930964E-04 -0.1028087E-04
Ar 3427  0.2890053E+02  0.6839689E+02  0.6052359E+02  0.8663868E-05 -0.9407608E-04 -0.3166245E-04
Ar 3428  0.2632602E+02  0.2491617E+01  0.6037835E+02 -0.8965961E-05 -0.2845424E-04 -0.4098051E-04
Ar 3429  0.2630123E+02  0.1689035E-01  0.6321660E+02 -0.2998332E-04  0.2452634E-04 -0.1020932E-03
Ar 3430  0.2892588E+02  0.2603732E+01  0.6312674E+02  0.8915301E-04  0.2628518E-04 -0.2792574E-05
Ar 3431  0.2903434E+02  0.6849663E+02  0.6582230E+02 -0.4151383E-04  0.2864157E-04 -0.4994720E-04
Ar 3432  0.2630389E+02  0.2625723E+01  0.6572041E+02  0.3469555E-04 -0.1486768E-04 -0.5108352E-04
Ar 3433  0.2628726E+02  0.5259380E+01  0.6827073E+02  0.4237706E-04  0.5604211E-04 -0.2805479E-04
Ar 3434  0.2898453E+02  0.7883824E+01  0.6846670E+02  0.2618256E-05  0.5701144E-04  0.2918791E-04
Ar 3435  0.2908020E+02  0.5195838E+01  0.2463485E+01 -0.5419412E-04 -0.2788321E-04 -0.5591732E-04
Ar 3436  0.2633059E+02  0.7866169E+01  0.2708380E+01  0.2289754E-04 -0.8071729E-04  0.2150544E-04
Ar 3437  0.2634174E+02  0.5322743E+01  0.5300260E+01  0.2314633E-04  0.2511925E-04  0.5161346E-05
Ar 3438  0.2878860E+02  0.7905913E+01  0.5232211E+01  0.7470600E-05 -0.1917933E-04 -0.6684417E-04
Ar 3439  0.2896613E+02  0.5257921E+01  0.7857406E+01 -0.2089075E-04  0.5047085E-04 -0.1932693E-04
Ar 3440  0.2642259E+02  0.7876085E+01  0.7915807E+01 -0.1202024E-04 -0.8077411E-05  0.4459731E-04
Ar 3441  0.2630903E+02  0.5171506E+01  0.1054949E+02 -0.3369843E-04  0.1561952E-04  0.2741610E-04
Ar 3442  0.2890689E+02  0.7786570E+01  0.1062095E+02  0.9459877E-04 -0.5263121E-04  0.1306075E-04
Ar 3443  0.2899286E+02  0.5265341E+01  0.1318496E+02  0.8047549E-05  0.6395600E-04  0.8291495E-04
Ar 3444  0.2633132E+02  0.7939043E+01  0.1322811E+02 -0.8482388E-04  0.3014466E-05 -0.2585560E-04
Ar 3445  0.2633802E+02  0.5186053E+01  0.1587654E+02 -0.2271529E-04 -0.2111096E-05 -0.2542154E-04
Ar 3446  0.2909683E+02  0.7913927E+01  0.1578680E+02 -0.2179615E-04  0.4766918E-04 -0.4376751E-04
Ar 3447  0.2893077E+02  0.5185621E+01  0.1848111E+02 -0.2901418E-04 -0.4257206E-04 -0.3775865E-04
Ar 3448  0.2624467E+02  0.7854710E+01  0.1825946E+02  0.5696253E-06 -0.7902081E-04 -0.5524040E-04
Ar 3449  0.2632796E+02  0.5213089E+01  0.2104509E+02  0.3500931E-04  0.3149573E-04 -0.3484177E-04
Ar 3450  0.2909167E+02  0.7993079E+01  0.2095097E+02 -0.5234972E-04 -0.1253435E-03 -0.3201382E-04
Ar 3451  0.2901888E+02  0.5262552E+01  0.2367784E+02 -0.8107581E-04  0.2217353E-04  0.4171859E-04
Ar 3452  0.2626549E+02  0.7937948E+01  0.2369686E+02 -0.6324683E-04  0.4600629E-06  0.8571184E-04
Ar 3453  0.2622681E+02  0.5270201E+01  0.2630416E+02  0.2956020E-04  0.5596480E-04 -0.4055007E-04
Ar 3454  0.2907875E+02  0.7867299E+01  0.2634477E+02 -0.5256367E-04  0.4760842E-04 -0.2141646E-04
Ar 3455  0.2898948E+02  0.5360074E+01  0.2899378E+02 -0.4274281E-04  0.5190697E-05  0.8899041E-04
Ar 3456  0.2637635E+02  0.7936663E+01  0.2895635E+02 -0.4351290E-04  0.3610673E-04 -0.5465205E-04
Ar 3457  0.2619908E+02  0.5273573E+01  0.3161934E+02 -0.3050544E-04 -0.3438113E-04  0.5666978E-04
Ar 3458  0.2904206E+02  0.7846504E+01  0.3163543E+02  0.2553750E-04  0.2276484E-04 -0.1829942E-04
Ar 3459  0.2893023E+02  0.5325967E+01  0.3429126E+02  0.6275961E-04 -0.9184529E-04  0.3415411E-05
Ar 3460  0.2635617E+02  0.7852066E+01  0.3413798E+02 -0.7350234E-04 -0.3583346E-04 -0.5910311E-04
Ar 3461  0.2637244E+02  0.5366571E+01  0.3680450E+02  0.1537808E-05  0.7242219E-04 -0.7582705E-07
Ar 3462  0.2889349E+02  0.7810740E+01  0.3679710E+02  0.9716001E-05 -0.4650612E-04 -0.8325680E-06
Ar 3463  0.2892941E+02  0.5408524E+01  0.3937991E+02 -0.8031129E-04 -0.4344913E-04 -0.1116860E-04
Ar 3464  0.2632157E+02  0.7822774E+01  0.3943549E+02 -0.1184470E-03  0.8517201E-04 -0.1558678E-04
Ar 3465  0.2629850E+02  0.5186237E+01  0.4206715E+02  0.8865248E-05 -0.1116309E-04 -0.2136761E-04
Ar 3466  0.2896091E+02  0.7813300E+01  0.4212503E+02  0.9767527E-06 -0.3871408E-04 -0.3851541E-04
Ar 3467  0.2884451E+02  0.5172000E+01  0.4472694E+02  0.4148706E-04  0.2543641E-04 -0.3535284E-04
Ar 3468  0.2628388E+02  0.7835470E+01  0.4469162E+02  0.6878846E-05 -0.5537980E-04  0.1022744E-04
Ar 3469  0.2636667E+02  0.5200080E+01  0.4733008E+02  0.1262723E-04 -0.1016794E-03 -0.8864594E-04
Ar 3470  0.2891182E+02  0.7920871E+01  0.4743631E+02  0.3529211E-06  0.5091393E-04 -0.6320232E-04
Ar 3471  0.2879655E+02  0.5252334E+01  0.5005518E+02  0.5215325E-04  0.2645744E-04 -0.8746716E-04
Ar 3472  0.2626762E+02  0.7871885E+01  0.5010507E+02  0.3252062E-04 -0.9802429E-04  0.8003793E-05
Ar 3473  0.2627497E+02  0.5279279E+01  0.5265224E+02  0.2639450E-04  0.4798441E-05  0.4589598E-04
Ar 3474  0.2889498E+02  0.7831354E+01  0.5270876E+02 -0.3730493E-04 -0.1508697E-04  0.4252264E-04
Ar 3475  0.2891535E+02  0.5250147E+01  0.5519261E+02 -0.1708587E-04 -0.4182665E-04 -0.6609636E-05
Ar 3476  0.2635372E+02  0.7914827E+01  0.5524358E+02 -0.6079897E-06 -0.9321142E-04  0.1854043E-04
Ar 3477  0.2637538E+02  0.5226134E+01  0.5792485E+02  0.5961836E-04 -0.1817220E-05 -0.4219426E-04
Ar 3478  0.2895593E+02  0.7996661E+01  0.5796692E+02  0.6364552E-05  0.7957435E-04  0.2858828E-04
Ar 3479  0.2893771E+02  0.5286130E+01  0.6050591E+02 -0.3148524E-04  0.9578683E-04  0.5102230E-04
Ar 3480  0.2627234E+02  0.7984536E+01  0.6050253E+02  0.6943742E-04 -0.1531428E-06 -0.4886317E-04
Ar 3481  0.2630752E+02  0.5397980E+01  0.6303541E+02 -0.1710712E-04 -0.3555542E-04 -0.1574899E-04
Ar 3482  0.2893821E+02  0.7987084E+01  0.6315769E+02  0.7953765E-05  0.7355832E-05 -0.4132700E-04
Ar 3483  0.2892767E+02  0.5251041E+01  0.6591083E+02  0.7509185E-04 -0.8143539E-05 -0.4896688E-04
Ar 3484  0.2622050E+02  0.7892680E+01  0.6575992E+02  0.6616476E-05 -0.4580979E-04  0.3015086E-04
Ar 3485  0.2651674E+02  0.1048658E+02  0.6839693E+02 -0.2050715E-04 -0.7637122E-04 -0.5371067E-04
Ar 3486  0.2891063E+02  0.1312486E+02  0.6847946E+02 -0.5019959E-04  0.3607421E-04  0.3263317E-04
Ar 3487  0.2893731E+02  0.1058786E+02  0.2559452E+01  0.2274571E-04  0.2243983E-04 -0.4039762E-04
Ar 3488  0.2613771E+02  0.1317869E+02  0.2712840E+01  0.4593231E-05  0.8028718E-04  0.4044252E-04
Ar 3489  0.2626711E+02  0.1051733E+02  0.5226863E+01 -0.3129924E-04 -0.1257684E-04 -0.1451780E-04
Ar 3490  0.2890425E+02  0.1315064E+02  0.5298145E+01  0.2149640E-04  0.1708718E-04 -0.5044966E-04
Ar 3491  0.2904968E+02  0.1052630E+02  0.7978316E+01 -0.4218021E-04 -0.4989538E-04 -0.7070920E-04
Ar 3492  0.2635518E+02  0.1309169E+02  0.7946100E+01  0.6098655E-04  0.5545665E-04 -0.9758194E-04
Ar 3493  0.2616862E+02  0.1058827E+02  0.1044315E+02 -0.2455838E-04  0.3004818E-04  0.6299604E-05
Ar 3494  0.2878758E+02  0.1323967E+02  0.1042192E+02 -0.2825187E-04  0.5833279E-05  0.6251374E-04
Ar 3495  0.2881884E+02  0.1055137E+02  0.1308650E+02  0.7112739E-04 -0.9209766E-04  0.8137026E-04
Ar 3496  0.2628939E+02  0.1319675E+02  0.1315373E+02 -0.8282721E-04 -0.4587129E-05  0.6692285E-04
Ar 3497  0.2631735E+02  0.1052701E+02  0.1574057E+02  0.3897943E-04  0.9800576E-05  0.2024721E-04
Ar 3498  0.2897927E+02  0.1321980E+02  0.1578290E+02  0.6624142E-05 -0.6273558E-04 -0.2448766E-04
Ar 3499  0.2897186E+02  0.1060562E+02  0.1853201E+02 -0.3336169E-04  0.2177888E-05  0.1858031E-05
Ar 3500  0.2628729E+02  0.1312272E+02  0.1837883E+02 -0.3325003E-04 -0.2386595E-05 -0.3931776E-04
Ar 3501  0.2638342E+02  0.1055810E+02  0.2113333E+02  0.5477306E-04 -0.1850273E-04  0.1104215E-04
Ar 3502  0.2913186E+02  0.1316762E+02  0.2113369E+02  0.1926408E-04 -0.9741643E-04 -0.2295948E-04
Ar 3503  0.2885719E+02  0.1046866E+02  0.2370227E+02 -0.3327673E-04  0.1667739E-04 -0.5388077E-04
Ar 3504  0.2634366E+02  0.1309633E+02  0.2359231E+02 -0.2318826E-04  0.2500849E-04 -0.5090120E-04
Ar 3505  0.2622310E+02  0.1054759E+02  0.2635352E+02  0.2859014E-04 -0.1914773E-04 -0.1103007E-03
Ar 3506  0.2890439E+02  0.1315438E+02  0.2612387E+02 -0.2107242E-04 -0.7469436E-05 -0.7438741E-04
Ar 3507  0.2900014E+02  0.1049445E+02  0.2893584E+02 -0.1502393E-04  0.3546266E-04  0.1784444E-04
Ar 3508  0.2633638E+02  0.1312592E+02  0.2886173E+02  0.3773661E-04  0.1404257E-05 -0.3582832E-04
Ar 3509  0.2632407E+02  0.1049920E+02  0.3170440E+02 -0.4683149E-04  0.2617103E-04 -0.3439397E-04
Ar 3510  0.2892937E+02  0.1312604E+02  0.3152372E+02 -0.4209627E-05  0.1032708E-05  0.1189002E-03
Ar 3511  0.2896251E+02  0.1060561E+02  0.3424956E+02 -0.3014901E-04 -0.6825624E-05  0.6004292E-05
Ar 3512  0.2635454E+02  0.1318445E+02  0.3410846E+02 -0.7808699E-04 -0.4980456E-04 -0.1033169E-04
Ar 3513  0.2633286E+02  0.1065858E+02  0.3677355E+02  0.2060325E-04 -0.1600193E-04 -0.1830632E-04
Ar 3514  0.2902603E+02  0.1307457E+02  0.3687372E+02 -0.3138772E-04 -0.2836899E-04 -0.3119025E-05
Ar 3515  0.2901519E+02  0.1049123E+02  0.3941324E+02  0.4992439E-05 -0.2149838E-04  0.4644046E-04
Ar 3516  0.2628471E+02  0.1329880E+02  0.3950338E+02  0.1116769E-04 -0.2594719E-04  0.6554780E-05
Ar 3517  0.2623013E+02  0.1045026E+02  0.4216291E+02 -0.1742328E-04 -0.3226284E-04 -0.6843565E-04
Ar 3518  0.2873181E+02  0.1318094E+02  0.4211141E+02  0.1276115E-04 -0.2013782E-04 -0.4177753E-04
Ar 3519  0.2880438E+02  0.1052791E+02  0.4479556E+02  0.1920526E-04 -0.1460281E-05  0.9888299E-05
Ar 3520  0.2645159E+02  0.1312824E+02  0.4466942E+02 -0.4113010E-04 -0.7560358E-04  0.2031605E-04
Ar 3521  0.2617889E+02  0.1059098E+02  0.4734912E+02 -0.8376806E-04  0.9638019E-04 -0.8098071E-04
Ar 3522  0.2887356E+02  0.1332571E+02  0.4738544E+02 -0.7009409E-05 -0.3167374E-05 -0.3251189E-04
Ar 3523  0.2900513E+02  0.1053719E+02  0.4986470E+02 -0.5896286E-04  0.2810060E-04 -0.4368379E-04
Ar 3524  0.2626841E+02  0.1319086E+02  0.4995751E+02  0.3023959E-04  0.1425094E-04 -0.2210247E-04
Ar 3525  0.2629359E+02  0.1058676E+02  0.5257961E+02  0.3935272E-04 -0.5199392E-04 -0.7400857E-04
Ar 3526  0.2895341E+02  0.1311725E+02  0.5265832E+02  0.2298859E-04  0.3796849E-04 -0.4008722E-04
Ar 3527  0.2882821E+02  0.1044747E+02  0.5518346E+02 -0.5297282E-04 -0.2032108E-04 -0.7482796E-04
Ar 3528  0.2634289E+02  0.1310631E+02  0.5524067E+02 -0.2289423E-04  0.6743044E-04  0.3387708E-04
Ar 3529  0.2623160E+02  0.1058775E+02  0.5791004E+02  0.3552573E-04 -0.4762897E-04  0.1407298E-04
Ar 3530  0.2891757E+02  0.1304535E+02  0.5785994E+02 -0.4623628E-04  0.8521370E-04 -0.5874965E-04
Ar 3531  0.2894525E+02  0.1061220E+02  0.6056733E+02  0.3430678E-05  0.1509847E-04 -0.2364454E-04
Ar 3532  0.2641440E+02  0.1319585E+02  0.6053913E+02 -0.3401718E-04 -0.1424396E-04 -0.2632326E-04
Ar 3533  0.2633780E+02  0.1050930E+02  0.6302841E+02  0.5037104E-04 -0.7814006E-04  0.1793812E-04
Ar 3534  0.2893344E+02  0.1310559E+02  0.6312604E+02 -0.1901734E-04 -0.2936376E-04 -0.1841383E-04
Ar 3535  0.2890197E+02  0.1046130E+02  0.6577021E+02 -0.4725227E-04  0.6650202E-04  0.1577866E-05
Ar 3536  0.2632493E+02  0.1322699E+02  0.6570736E+02 -0.4719677E-04  0.4175318E-04 -0.5911755E-04
Ar 3537  0.2627771E+02  0.1573907E+02  0.6841348E+02  0.3417795E-04  0.1668739E-05 -0.8933316E-04
Ar 3538  0.2885909E+02  0.1845837E+02  0.6834331E+02  0.5436393E-04  0.5121127E-04  0.7212872E-05
Ar 3539  0.2892128E+02  0.1577586E+02  0.2725980E+01  0.1637403E-04 -0.2257034E-04 -0.6858050E-05
Ar 3540  0.2623083E+02  0.1833708E+02  0.2586247E+01  0.4321805E-06  0.6060745E-04 -0.8677121E-05
Ar 3541  0.2621305E+02  0.1582909E+02  0.5285945E+01  0.5510966E-04 -0.1972737E-04 -0.3958094E-04
Ar 3542  0.2886644E+02  0.1834215E+02  0.5224974E+01 -0.5851863E-04 -0.4626713E-04  0.3447339E-04
Ar 3543  0.2891985E+02  0.1569126E+02  0.7982696E+01  0.2419179E-04 -0.1754198E-05  0.4900709E-04
Ar 3544  0.2629973E+02  0.1837807E+02  0.7795242E+01  0.7748505E-04 -0.4790187E-04 -0.8934426E-04
Ar 3545  0.2631494E+02  0.1581681E+02  0.1053302E+02 -0.3082842E-04 -0.1391987E-03 -0.2448124E-04
Ar 3546  0.2907500E+02  0.1829447E+02  0.1053690E+02 -0.3774979E-04 -0.3335438E-04  0.7894602E-05
Ar 3547  0.2889798E+02  0.1567559E+02  0.1318561E+02 -0.5614613E-04  0.8186458E-04  0.2301018E-04
Ar 3548  0.2637256E+02  0.1825403E+02  0.1322013E+02 -0.4970206E-04 -0.9858134E-04 -0.7637947E-04
Ar 3549  0.2631580E+02  0.1585164E+02  0.1572850E+02  0.7218267E-04  0.3544586E-04 -0.6631815E-04
Ar 3550  0.2896500E+02  0.1840111E+02  0.1574867E+02  0.3004388E-04 -0.6018664E-04 -0.2145560E-04
Ar 3551  0.2886351E+02  0.1580546E+02  0.1845697E+02 -0.7352223E-04 -0.1114336E-03 -0.3200830E-04
Ar 3552  0.2641853E+02  0.1840992E+02  0.1846670E+02 -0.3940649E-04 -0.6868984E-04  0.1449214E-04
Ar 3553  0.2626813E+02  0.1564105E+02  0.2111513E+02 -0.3066714E-04  0.4975098E-04  0.8573849E-05
Ar 3554  0.2894646E+02  0.1834857E+02  0.2106234E+02 -0.3713641E-04 -0.3371515E-04  0.1019354E-04
Ar 3555  0.2904252E+02  0.1574626E+02  0.2371847E+02  0.4560735E-04  0.7833181E-05 -0.7231692E-06
Ar 3556  0.2641926E+02  0.1839894E+02  0.2386459E+02  0.4066204E-04  0.3714016E-04  0.2542288E-04
Ar 3557  0.2634900E+02  0.1560984E+02  0.2629617E+02  0.7105884E-04 -0.5977944E-04  0.1298393E-05
Ar 3558  0.2896480E+02  0.1844518E+02  0.2626255E+02 -0.4433319E-04  0.8487275E-05 -0.1623422E-04
Ar 3559  0.2903547E+02  0.1575946E+02  0.2894855E+02  0.3948160E-04  0.1540995E-04  0.4997710E-04
Ar 3560  0.2621579E+02  0.1850010E+02  0.2881647E+02 -0.1989949E-05 -0.2594015E-04 -0.7304380E-04
Ar 3561  0.2627026E+02  0.1579605E+02  0.3151585E+02 -0.3937640E-04 -0.2195891E-04  0.4689919E-05
Ar 3562  0.2892683E+02  0.1839703E+02  0.3156779E+02 -0.9561629E-05  0.1232037E-04  0.4450039E-04
Ar 3563  0.2897061E+02  0.1586896E+02  0.3416547E+02 -0.2912711E-04  0.3892235E-05 -0.3692747E-04
Ar 3564  0.2625566E+02  0.1846026E+02  0.3416296E+02 -0.4045629E-04  0.2371255E-04  0.5874693E-04
Ar 3565  0.2631447E+02  0.1587501E+02  0.3676261E+02  0.2253207E-04  0.5732874E-04 -0.1075507E-03
Ar 3566  0.2889383E+02  0.1835847E+02  0.3684681E+02 -0.2880075E-04  0.2957927E-04 -0.1166495E-03
Ar 3567  0.2891231E+02  0.1591602E+02  0.3952199E+02  0.8028201E-05  0.1726843E-04 -0.5444590E-04
Ar 3568  0.2635559E+02  0.1837801E+02  0.3945134E+02  0.1781452E-04 -0.7617256E-05  0.9865856E-04
Ar 3569  0.2630471E+02  0.1584985E+02  0.4207221E+02 -0.1995916E-05 -0.1153809E-04  0.2217675E-04
Ar 3570  0.2910667E+02  0.1845030E+02  0.4207348E+02 -0.8947590E-04 -0.5423584E-04 -0.1482631E-03
Ar 3571  0.2891344E+02  0.1585453E+02  0.4474411E+02 -0.3171753E-04  0.2287904E-04 -0.7369189E-04
Ar 3572  0.2634450E+02  0.1847731E+02  0.4481320E+02  0.3672372E-05 -0.2731891E-04 -0.2246486E-04
Ar 3573  0.2629742E+02  0.1581239E+02  0.4745691E+02 -0.3356628E-04 -0.1232444E-03 -0.1001844E-04
Ar 3574  0.2894531E+02  0.1840124E+02  0.4745085E+02  0.1904521E-04  0.2562267E-04 -0.9472934E-04
Ar 3575  0.2888227E+02  0.1579919E+02  0.4989509E+02 -0.2489504E-04  0.1067081E-04 -0.2289169E-05
Ar 3576  0.2639507E+02  0.1835634E+02  0.4996262E+02 -0.7705514E-05  0.3604433E-05 -0.6997895E-05
Ar 3577  0.2625796E+02  0.1587999E+02  0.5270674E+02 -0.7538585E-04  0.2992155E-05 -0.6516153E-04
Ar 3578  0.2883500E+02  0.1842186E+02  0.5268020E+02  0.5201066E-04  0.3340429E-04 -0.3402556E-04
Ar 3579  0.2892921E+02  0.1572178E+02  0.5526283E+02 -0.4129279E-04 -0.2472605E-04 -0.4352481E-04
Ar 3580  0.2626467E+02  0.1838575E+02  0.5530591E+02 -0.5919617E-04 -0.9350420E-06 -0.9793367E-04
Ar 3581  0.2631144E+02  0.1573041E+02  0.5787635E+02  0.4634900E-05 -0.7342343E-04 -0.1225663E-03
Ar 3582  0.2901003E+02  0.1848222E+02  0.5781526E+02 -0.9932654E-04 -0.1556562E-06  0.1029202E-03
Ar 3583  0.2891760E+02  0.1571338E+02  0.6056514E+02  0.6734308E-04 -0.1859421E-04  0.4010349E-04
Ar 3584  0.2632652E+02  0.1847533E+02  0.6052378E+02  0.2915917E-04 -0.3290311E-05 -0.6186870E-04
Ar 3585  0.2624559E+02  0.1584910E+02  0.6318248E+02  0.4346848E-04  0.8926726E-05 -0.5028868E-04
Ar 3586  0.2892171E+02  0.1836093E+02  0.6333913E+02 -0.7276775E-04 -0.2451173E-04  0.3683878E-04
Ar 3587  0.2900096E+02  0.1582729E+02  0.6567086E+02 -0.5455825E-04 -0.5467987E-04  0.2213895E-05
Ar 3588  0.2636355E+02  0.1852174E+02  0.6575118E+02 -0.7265872E-04  0.1017405E-04 -0.6755125E-05
Ar 3589  0.2627624E+02  0.2100661E+02  0.6843023E+02  0.2504620E-04  0.4846083E-04  0.9813914E-05
Ar 3590  0.2884930E+02  0.2367813E+02  0.6847317E+02  0.8683668E-04 -0.6670488E-04 -0.4735147E-04
Ar 3591  0.2899210E+02  0.2096975E+02  0.2644424E+01  0.1142233E-04  0.2153023E-04  0.1492836E-04
Ar 3592  0.2637069E+02  0.2364370E+02  0.2563838E+01  0.1957441E-04 -0.1025043E-04 -0.1300282E-04
Ar 3593  0.2636970E+02  0.2100276E+02  0.5284094E+01 -0.7220880E-04 -0.9732817E-04 -0.2733262E-04
Ar 3594  0.2897623E+02  0.2375657E+02  0.5255810E+01 -0.1095824E-03 -0.4161837E-04  0.1897140E-05
Ar 3595  0.2894165E+02  0.2111798E+02  0.7840941E+01  0.2913128E-04  0.1241112E-04 -0.2035220E-04
Ar 3596  0.2622568E+02  0.2365595E+02  0.7885135E+01  0.7329965E-05  0.6092272E-04 -0.2434305E-04
Ar 3597  0.2635301E+02  0.2104189E+02  0.1054118E+02 -0.2681708E-04  0.2398478E-04  0.2635460E-04
Ar 3598  0.2886907E+02  0.2364430E+02  0.1062866E+02 -0.1524449E-04 -0.4477588E-04  0.2843126E-05
Ar 3599  0.2909151E+02  0.2111365E+02  0.1319799E+02  0.3057682E-04 -0.5343326E-04  0.4742471E-05
Ar 3600  0.2635437E+02  0.2364616E+02  0.1330881E+02 -0.6426471E-04  0.1516845E-04 -0.6269706E-04
Ar 3601  0.2625120E+02  0.2106494E+02  0.1580864E+02 -0.3382393E-04 -0.1856030E-04 -0.3202177E-04
Ar 3602  0.2900135E+02  0.2371450E+02  0.1585034E+02 -0.2452485E-04 -0.4691803E-04  0.4792535E-04
Ar 3603  0.2888653E+02  0.2098133E+02  0.1847091E+02  0.3847274E-04 -0.1596479E-04 -0.4677387E-04
Ar 3604  0.2629199E+02  0.2365821E+02  0.1836517E+02  0.5800836E-04 -0.5107060E-05 -0.1684950E-04
Ar 3605  0.2625370E+02  0.2100500E+02  0.2102869E+02 -0.8360815E-05 -0.1044310E-04 -0.1076980E-04
Ar 3606  0.2894859E+02  0.2359273E+02  0.2105492E+02 -0.1488941E-04 -0.6282377E-04 -0.1176323E-04
Ar 3607  0.2891711E+02  0.2098656E+02  0.2363884E+02 -0.2465674E-04 -0.7239963E-04  0.1330011E-03
Ar 3608  0.2637037E+02  0.2358201E+02  0.2371773E+02 -0.5966452E-04 -0.9539355E-04 -0.7015981E-04
Ar 3609  0.2646467E+02  0.2119056E+02  0.2634353E+02 -0.1375350E-04 -0.2470818E-04 -0.9632203E-05
Ar 3610  0.2901595E+02  0.2357102E+02  0.2628416E+02 -0.6059406E-04 -0.5154705E-04 -0.2510645E-04
Ar 3611  0.2892186E+02  0.2117603E+02  0.2899753E+02 -0.1623798E-03 -0.3258161E-04  0.5238992E-05
Ar 3612  0.2630168E+02  0.2373939E+02  0.2903564E+02 -0.2160858E-04 -0.6463475E-04 -0.4691146E-04
Ar 3613  0.2623912E+02  0.2105051E+02  0.3167496E+02  0.2999621E-04  0.3343972E-04 -0.4422595E-04
Ar 3614  0.2897214E+02  0.2372825E+02  0.3159083E+02 -0.3119967E-04 -0.2286944E-04 -0.6290639E-04
Ar 3615  0.2883844E+02  0.2102066E+02  0.3419573E+02  0.8379152E-06  0.1012140E-04  0.7572730E-05
Ar 3616  0.2633503E+02  0.2368369E+02  0.3414107E+02  0.1512117E-04  0.1734969E-04 -0.4966117E-04
Ar 3617  0.2628345E+02  0.2101917E+02  0.3681672E+02 -0.3412941E-04 -0.1127927E-04 -0.4855096E-04
Ar 3618  0.2896620E+02  0.2361616E+02  0.3685544E+02 -0.1675351E-04  0.4591614E-04 -0.8949112E-04
Ar 3619  0.2887158E+02  0.2104517E+02  0.3940548E+02  0.2254198E-04  0.6253965E-04 -0.5283604E-05
Ar 3620  0.2630315E+02  0.2372037E+02  0.3936151E+02  0.5654260E-05 -0.4957621E-04 -0.4095375E-04
Ar 3621  0.2635277E+02  0.2108245E+02  0.4211371E+02 -0.4474968E-04 -0.2882703E-04 -0.2862274E-04
Ar 3622  0.2898408E+02  0.2380922E+02  0.4203532E+02  0.1504202E-04 -0.7308075E-05 -0.6184851E-04
Ar 3623  0.2878864E+02  0.2115657E+02  0.4462412E+02  0.4013811E-06  0.2831715E-04  0.2550832E-04
Ar 3624  0.2623711E+02  0.2365209E+02  0.4474342E+02  0.4269933E-04  0.3850922E-04 -0.4590363E-04
Ar 3625  0.2623446E+02  0.2096820E+02  0.4753577E+02 -0.4334867E-04  0.5960167E-04  0.8341961E-04
Ar 3626  0.2884740E+02  0.2373837E+02  0.4744867E+02 -0.4861237E-04  0.2235778E-04  0.2760953E-04
Ar 3627  0.2899592E+02  0.2100844E+02  0.5001321E+02  0.2148587E-04  0.2808993E-04  0.3567343E-04
Ar 3628  0.2640342E+02  0.2364440E+02  0.5002933E+02  0.5283885E-04 -0.6081947E-05 -0.1694289E-04
Ar 3629  0.2617510E+02  0.2093728E+02  0.5262605E+02 -0.8961547E-04  0.3774320E-04  0.6038414E-04
Ar 3630  0.2874074E+02  0.2365180E+02  0.5263385E+02 -0.2480334E-04  0.3909260E-04 -0.4195714E-04
Ar 3631  0.2893827E+02  0.2113816E+02  0.5518642E+02 -0.2167238E-04  0.2348113E-04 -0.1197108E-04
Ar 3632  0.2638590E+02  0.2357987E+02  0.5525607E+02  0.1746965E-04 -0.8418967E-04 -0.7104377E-04
Ar 3633  0.2631282E+02  0.2107444E+02  0.5795663E+02 -0.8683002E-04 -0.3262137E-04  0.5953217E-06
Ar 3634  0.2888010E+02  0.2366366E+02  0.5789835E+02 -0.1022873E-03 -0.1287916E-04 -0.4628570E-04
Ar 3635  0.2905387E+02  0.2103313E+02  0.6059455E+02  0.7449299E-04  0.2065592E-04 -0.2055157E-04
Ar 3636  0.2637284E+02  0.2370894E+02  0.6044064E+02  0.2783606E-05  0.6095240E-04 -0.9711267E-04
Ar 3637  0.2627539E+02  0.2101306E+02  0.6320292E+02  0.5008725E-04 -0.1764381E-04 -0.2610290E-04
Ar 3638  0.2889832E+02  0.2376176E+02  0.6311220E+02  0.2623470E-04  0.2949167E-05 -0.1843030E-04
Ar 3639  0.2881881E+02  0.2102041E+02  0.6571098E+02  0.9749192E-04  0.4394233E-04  0.4409798E-04
Ar 3640  0.2632553E+02  0.2361515E+02  0.6583655E+02  0.1862051E-05  0.6983522E-04 -0.3452152E-04
Ar 3641  0.2636156E+02  0.2623920E+02  0.6846094E+02 -0.6587709E-04 -0.3100296E-04 -0.3203970E-04
Ar 3642  0.2890854E+02  0.2898895E+02  0.1747373E-01 -0.1040831E-03 -0.2168327E-04  0.3463805E-04
Ar 3643  0.2886314E+02  0.2632440E+02  0.2690600E+01  0.6736261E-04 -0.3624909E-04 -0.5546536E-04
Ar 3644  0.2625472E+02  0.2889794E+02  0.2676809E+01  0.1851485E-04 -0.7959094E-05 -0.2691756E-04
Ar 3645  0.2616415E+02  0.2623189E+02  0.5280903E+01  0.4391559E-04  0.7117807E-04  0.2857295E-04
Ar 3646  0.2894698E+02  0.2896193E+02  0.5162380E+01 -0.4577867E-04 -0.5022966E-06 -0.4644118E-05
Ar 3647  0.2900335E+02  0.2618923E+02  0.7835722E+01 -0.8786732E-05  0.9747416E-04 -0.3431229E-04
Ar 3648  0.2627768E+02  0.2901620E+02  0.7877652E+01 -0.1215468E-04  0.3534699E-04  0.6917296E-04
Ar 3649  0.2638845E+02  0.2640275E+02  0.1046331E+02  0.1170068E-04 -0.5985996E-05 -0.7448840E-04
Ar 3650  0.2887207E+02  0.2894836E+02  0.1054276E+02  0.2762281E-04 -0.1083392E-03  0.1207389E-05
Ar 3651  0.2892785E+02  0.2631607E+02  0.1317223E+02  0.1733769E-05 -0.1269439E-03  0.5932648E-04
Ar 3652  0.2628132E+02  0.2901449E+02  0.1320568E+02 -0.8352108E-05 -0.1684569E-04  0.4862609E-04
Ar 3653  0.2641115E+02  0.2614906E+02  0.1579582E+02 -0.3733283E-04 -0.3453951E-05 -0.8122039E-04
Ar 3654  0.2888099E+02  0.2899452E+02  0.1577698E+02  0.3480086E-05  0.4729495E-04  0.2202861E-04
Ar 3655  0.2888940E+02  0.2637869E+02  0.1842076E+02 -0.2313359E-04  0.8081925E-04 -0.2241541E-04
Ar 3656  0.2629343E+02  0.2893001E+02  0.1843298E+02  0.7635104E-06 -0.1159245E-03  0.3446176E-04
Ar 3657  0.2634599E+02  0.2639005E+02  0.2107707E+02  0.8208754E-06 -0.2975421E-04 -0.1295139E-05
Ar 3658  0.2902092E+02  0.2897295E+02  0.2100943E+02 -0.3842755E-04  0.3944091E-04 -0.2712812E-04
Ar 3659  0.2892459E+02  0.2639038E+02  0.2375542E+02  0.6760882E-04 -0.7155802E-04 -0.5688200E-04
Ar 3660  0.2635232E+02  0.2892310E+02  0.2377018E+02  0.4386854E-04 -0.7276076E-04 -0.5837342E-04
Ar 3661  0.2623721E+02  0.2628002E+02  0.2625456E+02  0.8057452E-04  0.4710599E-04  0.1101433E-04
Ar 3662  0.2894149E+02  0.2905525E+02  0.2623602E+02 -0.8217046E-04 -0.1011829E-04 -0.4009941E-04
Ar 3663  0.2880864E+02  0.2631058E+02  0.2884288E+02 -0.2184151E-06 -0.2897076E-04 -0.1176648E-04
Ar 3664  0.2634508E+02  0.2894213E+02  0.2902690E+02  0.1744770E-04 -0.2948850E-04 -0.2367371E-04
Ar 3665  0.2631128E+02  0.2619231E+02  0.3158714E+02 -0.2022286E-04  0.6030057E-04 -0.8320994E-05
Ar 3666  0.2891769E+02  0.2896711E+02  0.3159645E+02  0.2833711E-04 -0.2290738E-04 -0.5242509E-04
Ar 3667  0.2891690E+02  0.2627685E+02  0.3414458E+02 -0.4369320E-04 -0.5281734E-04 -0.3362397E-04
Ar 3668  0.2636395E+02  0.2892038E+02  0.3424044E+02 -0.4175661E-04 -0.6030803E-05  0.4460890E-04
Ar 3669  0.2621525E+02  0.2631414E+02  0.3690536E+02 -0.6138653E-04  0.8276676E-05  0.2390667E-04
Ar 3670  0.2885136E+02  0.2899321E+02  0.3663656E+02  0.2406652E-04 -0.8503552E-04 -0.7754630E-04
Ar 3671  0.2897512E+02  0.2640874E+02  0.3949188E+02 -0.6454280E-04 -0.6505744E-04 -0.2510284E-04
Ar 3672  0.2639665E+02  0.2900792E+02  0.3948277E+02  0.4705283E-04  0.6819394E-04  0.3023929E-06
Ar 3673  0.2608624E+02  0.2632490E+02  0.4204591E+02 -0.5394304E-05  0.2275927E-05 -0.4748555E-04
Ar 3674  0.2902183E+02  0.2903696E+02  0.4200538E+02 -0.2314976E-04 -0.1077522E-04 -0.5529554E-04
Ar 3675  0.2886244E+02  0.2631596E+02  0.4465485E+02  0.9408258E-05 -0.6880149E-04 -0.1935436E-04
Ar 3676  0.2631660E+02  0.2887742E+02  0.4469543E+02  0.1855398E-04  0.3428490E-04  0.2371401E-04
Ar 3677  0.2631815E+02  0.2635081E+02  0.4725998E+02  0.4818286E-05  0.3955941E-05  0.8041845E-04
Ar 3678  0.2894326E+02  0.2902848E+02  0.4735928E+02  0.9080352E-05 -0.4405636E-04 -0.9337069E-04
Ar 3679  0.2890570E+02  0.2630299E+02  0.4998884E+02 -0.2982595E-04 -0.6031047E-04  0.4262394E-04
Ar 3680  0.2633613E+02  0.2878283E+02  0.4997302E+02  0.3143264E-04 -0.5525412E-06  0.7315197E-04
Ar 3681  0.2638225E+02  0.2622207E+02  0.5266322E+02 -0.6823842E-05  0.3079294E-04 -0.7768238E-04
Ar 3682  0.2893807E+02  0.2909497E+02  0.5261425E+02 -0.7265978E-04  0.6700407E-05 -0.7512443E-04
Ar 3683  0.2896342E+02  0.2630195E+02  0.5522107E+02 -0.3566649E-04 -0.5824956E-04  0.6014928E-04
Ar 3684  0.2627360E+02  0.2893946E+02  0.5522862E+02 -0.2047821E-04  0.6052027E-04  0.3855816E-04
Ar 3685  0.2617546E+02  0.2628663E+02  0.5791732E+02 -0.3009923E-04  0.5304159E-04  0.1759315E-04
Ar 3686  0.2895756E+02  0.2883273E+02  0.5784210E+02 -0.3874603E-04 -0.1380706E-04 -0.9009491E-04
Ar 3687  0.2880304E+02  0.2632042E+02  0.6052303E+02  0.3363183E-04 -0.4517005E-04  0.2658010E-04
Ar 3688  0.2627468E+02  0.2899747E+02  0.6051984E+02 -0.2459094E-04 -0.1512219E-04 -0.1137523E-03
Ar 3689  0.2643912E+02  0.2628781E+02  0.6312374E+02  0.4562248E-04 -0.4097435E-04  0.5406998E-05
Ar 3690  0.2883669E+02  0.2890178E+02  0.6320081E+02  0.2325649E-04 -0.1923909E-04 -0.2869974E-04
Ar 3691  0.2902820E+02  0.2616461E+02  0.6572418E+02  0.8576578E-05  0.1208710E-04  0.2378012E-04
Ar 3692  0.2628484E+02  0.2891060E+02  0.6567538E+02  0.2549055E-04  0.8313730E-04 -0.2555441E-04
Ar 3693  0.2638409E+02  0.3168385E+02  0.6840584E+02 -0.2445099E-04  0.5924004E-05 -0.6833663E-04
Ar 3694  0.2895912E+02  0.3425821E+02  0.6835449E+02  0.1267252E-04 -0.4000777E-04 -0.4614023E-04
Ar 3695  0.2895279E+02  0.3162276E+02  0.2640808E+01 -0.4018949E-04  0.1100127E-04  0.6884982E-05
Ar 3696  0.2630404E+02  0.3421263E+02  0.2657045E+01  0.3130699E-05  0.2808665E-04 -0.9024902E-04
Ar 3697  0.2624868E+02  0.3160710E+02  0.5159181E+01 -0.1590113E-05 -0.1448715E-04 -0.9987420E-05
Ar 3698  0.2896151E+02  0.3411578E+02  0.5256830E+01 -0.1301118E-05 -0.5031463E-04 -0.1990051E-04
Ar 3699  0.2886849E+02  0.3148417E+02  0.7758888E+01 -0.2033327E-04 -0.1757767E-04 -0.5692075E-04
Ar 3700  0.2628689E+02  0.3408988E+02  0.7878073E+01  0.5629796E-04  0.3323641E-04 -0.5903832E-04
Ar 3701  0.2641990E+02  0.3160972E+02  0.1058878E+02 -0.2559120E-04 -0.1723252E-04 -0.5522810E-04
Ar 3702  0.2901267E+02  0.3425851E+02  0.1048122E+02 -0.3807487E-04  0.3409047E-04 -0.2927572E-04
Ar 3703  0.2892905E+02  0.3159885E+02  0.1314403E+02  0.1130047E-04 -0.6050137E-05 -0.6703785E-04
Ar 3704  0.2632038E+02  0.3413293E+02  0.1325873E+02  0.5561378E-04 -0.5945184E-04  0.5428034E-04
Ar 3705  0.2633545E+02  0.3145324E+02  0.1573801E+02  0.8524323E-05 -0.4810253E-04 -0.1046720E-04
Ar 3706  0.2891129E+02  0.3433927E+02  0.1575065E+02 -0.5654897E-04 -0.5040763E-04  0.1489268E-04
Ar 3707  0.2897361E+02  0.3142757E+02  0.1838734E+02  0.4713653E-04  0.2242538E-05 -0.2903174E-04
Ar 3708  0.2630630E+02  0.3421210E+02  0.1825375E+02 -0.2902496E-04 -0.9613252E-05 -0.3196407E-05
Ar 3709  0.2631013E+02  0.3157737E+02  0.2097015E+02  0.5868998E-04 -0.2279329E-05 -0.1827590E-04
Ar 3710  0.2887318E+02  0.3419947E+02  0.2104516E+02  0.2794634E-04  0.1412711E-04 -0.2715505E-04
Ar 3711  0.2896976E+02  0.3155330E+02  0.2360554E+02 -0.3071927E-05 -0.3613013E-04 -0.4024604E-04
Ar 3712  0.2638839E+02  0.3424282E+02  0.2365953E+02  0.3402571E-04 -0.1887069E-04 -0.7041425E-04
Ar 3713  0.2633206E+02  0.3155994E+02  0.2631792E+02  0.3876567E-04 -0.2330722E-04  0.2717720E-04
Ar 3714  0.2890599E+02  0.3415800E+02  0.2642138E+02 -0.5341665E-04  0.2285814E-04  0.1915348E-04
Ar 3715  0.2898152E+02  0.3161711E+02  0.2895059E+02  0.4169821E-04  0.6789452E-05 -0.2969020E-04
Ar 3716  0.2621746E+02  0.3421319E+02  0.2888744E+02 -0.1811359E-05 -0.5319172E-04  0.6056724E-04
Ar 3717  0.2628831E+02  0.3143904E+02  0.3159509E+02  0.1089708E-04 -0.1504417E-05  0.2122746E-04
Ar 3718  0.2895292E+02  0.3427090E+02  0.3151358E+02  0.7301744E-04 -0.2607232E-04 -0.3149675E-04
Ar 3719  0.2891694E+02  0.3160875E+02  0.3415660E+02  0.1792861E-04  0.2848411E-04 -0.2565695E-04
Ar 3720  0.2630772E+02  0.3410637E+02  0.3423677E+02  0.1008384E-04 -0.1305883E-03 -0.7114728E-04
Ar 3721  0.2632796E+02  0.3168160E+02  0.3680990E+02 -0.1022747E-04 -0.2385554E-04 -0.8894988E-04
Ar 3722  0.2898376E+02  0.3424083E+02  0.3674530E+02  0.1102871E-04 -0.1098714E-03  0.1658461E-04
Ar 3723  0.2894827E+02  0.3154902E+02  0.3947966E+02 -0.5515018E-04 -0.6588406E-04 -0.2967788E-04
Ar 3724  0.2622469E+02  0.3412054E+02  0.3951098E+02 -0.1252153E-04 -0.2584892E-04 -0.4113381E-04
Ar 3725  0.2629847E+02  0.3155578E+02  0.4207058E+02  0.4544264E-04 -0.6205416E-04 -0.1545155E-04
Ar 3726  0.2888434E+02  0.3415737E+02  0.4219542E+02 -0.7627971E-04  0.1692239E-04 -0.3575437E-05
Ar 3727  0.2885347E+02  0.3158204E+02  0.4454955E+02 -0.2879241E-04 -0.1671704E-04 -0.1508291E-04
Ar 3728  0.2625026E+02  0.3412515E+02  0.4470935E+02 -0.3971424E-04 -0.2833940E-04 -0.1266536E-03
Ar 3729  0.2628528E+02  0.3155215E+02  0.4735914E+02 -0.5814453E-04  0.2047250E-04 -0.6441063E-04
Ar 3730  0.2895450E+02  0.3413167E+02  0.4736664E+02 -0.1373743E-04  0.8780021E-04 -0.9554311E-04
Ar 3731  0.2898466E+02  0.3159550E+02  0.4992580E+02 -0.7187597E-04 -0.1428274E-04 -0.6053485E-05
Ar 3732  0.2634749E+02  0.3422294E+02  0.4996708E+02  0.4376670E-04 -0.5619645E-04  0.6858962E-05
Ar 3733  0.2644313E+02  0.3151537E+02  0.5263839E+02 -0.4513412E-04 -0.1640120E-04 -0.4578327E-04
Ar 3734  0.2896471E+02  0.3406224E+02  0.5252432E+02 -0.5815948E-04 -0.5822394E-04 -0.2605168E-05
Ar 3735  0.2892864E+02  0.3153412E+02  0.5513646E+02 -0.4198667E-05 -0.2015345E-04  0.1064828E-04
Ar 3736  0.2617423E+02  0.3427683E+02  0.5524312E+02 -0.2680875E-04  0.4683461E-07 -0.5713879E-04
Ar 3737  0.2619269E+02  0.3146890E+02  0.5773401E+02 -0.1030599E-03  0.1058960E-04 -0.7283915E-04
Ar 3738  0.2881370E+02  0.3418788E+02  0.5786291E+02  0.2412485E-04 -0.1258238E-04 -0.8730069E-04
Ar 3739  0.2888783E+02  0.3149488E+02  0.6050823E+02  0.3071186E-04  0.2466822E-04 -0.2010380E-04
Ar 3740  0.2620073E+02  0.3418702E+02  0.6069634E+02  0.1509592E-04 -0.4869611E-04  0.2288626E-04
Ar 3741  0.2632269E+02  0.3162352E+02  0.6316516E+02 -0.5349714E-04 -0.7750706E-04  0.2536066E-05
Ar 3742  0.2890046E+02  0.3422121E+02  0.6305764E+02  0.3305013E-04 -0.1261964E-04 -0.2638003E-04
Ar 3743  0.2899851E+02  0.3164228E+02  0.6569774E+02  0.4066012E-04  0.3674012E-06 -0.6371728E-04
Ar 3744  0.2632857E+02  0.3426118E+02  0.6573173E+02 -0.6778398E-04 -0.7100269E-05 -0.2924892E-04
Ar 3745  0.2628108E+02  0.3682351E+02  0.6842652E+02 -0.7925624E-04  0.5995784E-04 -0.5407142E-04
Ar 3746  0.2887412E+02  0.3937416E+02  0.6840888E+02  0.6068468E-04 -0.3929445E-04  0.1294553E-04
Ar 3747  0.2889928E+02  0.3678621E+02  0.2660512E+01  0.2239203E-04 -0.3806782E-06  0.5758518E-04
Ar 3748  0.2629225E+02  0.3934996E+02  0.2615770E+01  0.9132033E-05  0.6488663E-04 -0.1074757E-04
Ar 3749  0.2641770E+02  0.3692036E+02  0.5188146E+01  0.2614365E-04 -0.5542203E-04  0.5214775E-04
Ar 3750  0.2890908E+02  0.3940370E+02  0.5229117E+01 -0.1137516E-04  0.1004611E-04  0.7381642E-04
Ar 3751  0.2895035E+02  0.3681860E+02  0.7993645E+01 -0.3780522E-04 -0.9629484E-04 -0.2687883E-04
Ar 3752  0.2637930E+02  0.3959972E+02  0.7790208E+01  0.2836249E-04  0.8048324E-04  0.3442566E-04
Ar 3753  0.2632143E+02  0.3690130E+02  0.1061093E+02 -0.5835237E-04 -0.3278161E-04  0.7928369E-04
Ar 3754  0.2878778E+02  0.3944293E+02  0.1059454E+02  0.2481341E-04  0.2879330E-04 -0.8232107E-05
Ar 3755  0.2894352E+02  0.3682151E+02  0.1324021E+02  0.1168575E-04  0.1736491E-04 -0.9354891E-04
Ar 3756  0.2630950E+02  0.3937090E+02  0.1319484E+02 -0.3262930E-04 -0.5273459E-04  0.2165327E-04
Ar 3757  0.2623742E+02  0.3696277E+02  0.1579977E+02 -0.5652293E-05  0.1488750E-04  0.2413144E-04
Ar 3758  0.2902671E+02  0.3950822E+02  0.1567331E+02  0.7627055E-04 -0.1696355E-04 -0.3558814E-04
Ar 3759  0.2888356E+02  0.3677028E+02  0.1856355E+02 -0.7148874E-04  0.3791373E-04 -0.1541535E-04
Ar 3760  0.2634583E+02  0.3947271E+02  0.1854086E+02 -0.1124096E-04 -0.4956088E-04 -0.1216223E-04
Ar 3761  0.2621433E+02  0.3677410E+02  0.2104909E+02 -0.6887414E-04 -0.8449927E-05 -0.1157813E-05
Ar 3762  0.2886641E+02  0.3946224E+02  0.2108232E+02  0.6424224E-04  0.3229484E-04 -0.8942402E-06
Ar 3763  0.2885797E+02  0.3677779E+02  0.2371006E+02 -0.3968193E-04  0.6709077E-04  0.6856708E-05
Ar 3764  0.2638294E+02  0.3951067E+02  0.2354997E+02  0.6433771E-04 -0.4821979E-04 -0.3931692E-04
Ar 3765  0.2627057E+02  0.3674704E+02  0.2636099E+02  0.4660468E-04 -0.2791961E-04 -0.3651453E-04
Ar 3766  0.2898912E+02  0.3951928E+02  0.2642207E+02 -0.2054515E-04  0.7491622E-05  0.1112428E-04
Ar 3767  0.2892356E+02  0.3686245E+02  0.2892568E+02 -0.1036072E-04 -0.4328132E-04 -0.2260482E-04
Ar 3768  0.2641078E+02  0.3936841E+02  0.2894242E+02  0.1377502E-04  0.1510786E-05  0.1943374E-04
Ar 3769  0.2643446E+02  0.3686487E+02  0.3161651E+02  0.7704099E-04  0.8278494E-06  0.8793752E-05
Ar 3770  0.2903593E+02  0.3946851E+02  0.3159420E+02  0.5802872E-04  0.6035160E-05 -0.4205154E-04
Ar 3771  0.2895179E+02  0.3681654E+02  0.3426918E+02  0.6028324E-04 -0.5216623E-04 -0.1858855E-04
Ar 3772  0.2626220E+02  0.3950145E+02  0.3420180E+02  0.4885907E-05 -0.8716649E-04 -0.6033520E-04
Ar 3773  0.2635473E+02  0.3681088E+02  0.3680289E+02 -0.4597676E-05 -0.1185139E-04 -0.6061497E-04
Ar 3774  0.2894369E+02  0.3952789E+02  0.3688419E+02 -0.9755505E-04 -0.9429038E-04  0.1393592E-04
Ar 3775  0.2891793E+02  0.3693761E+02  0.3944924E+02 -0.3410284E-04  0.9611678E-05  0.2608926E-04
Ar 3776  0.2626160E+02  0.3950049E+02  0.3941877E+02  0.1527587E-04 -0.1168990E-04 -0.3980453E-04
Ar 3777  0.2638030E+02  0.3678734E+02  0.4210179E+02  0.2145419E-04 -0.4420878E-04 -0.1294969E-04
Ar 3778  0.2902904E+02  0.3949554E+02  0.4208116E+02 -0.9503501E-05  0.3024177E-05  0.1623143E-04
Ar 3779  0.2899936E+02  0.3678700E+02  0.4460555E+02  0.6100144E-05 -0.3768861E-05 -0.6175789E-04
Ar 3780  0.2636289E+02  0.3944608E+02  0.4476695E+02 -0.1343835E-04 -0.1020677E-04  0.4200352E-05
Ar 3781  0.2628894E+02  0.3684215E+02  0.4735646E+02 -0.6490442E-05 -0.1064404E-03 -0.3885181E-04
Ar 3782  0.2893384E+02  0.3947000E+02  0.4728983E+02 -0.2839980E-04 -0.9140669E-04 -0.5908003E-04
Ar 3783  0.2897996E+02  0.3673343E+02  0.5000363E+02  0.9064863E-05  0.3117786E-04  0.6553214E-04
Ar 3784  0.2630938E+02  0.3948406E+02  0.4990763E+02 -0.5587798E-04 -0.9459504E-04 -0.9980475E-05
Ar 3785  0.2626597E+02  0.3685907E+02  0.5262009E+02 -0.1667506E-04  0.2160236E-04 -0.1092315E-04
Ar 3786  0.2891209E+02  0.3943666E+02  0.5261273E+02 -0.1014399E-03 -0.1960766E-04 -0.5736460E-04
Ar 3787  0.2896036E+02  0.3692836E+02  0.5519509E+02 -0.8565061E-06 -0.4252096E-04 -0.1585965E-03
Ar 3788  0.2625941E+02  0.3939006E+02  0.5533360E+02  0.2178616E-04  0.1290437E-04 -0.6580444E-04
Ar 3789  0.2617477E+02  0.3685531E+02  0.5781428E+02 -0.2370205E-04 -0.4980196E-04  0.3454879E-04
Ar 3790  0.2882062E+02  0.3942561E+02  0.5801303E+02 -0.5123870E-04 -0.6415446E-05  0.3694827E-04
Ar 3791  0.2905608E+02  0.3689151E+02  0.6043196E+02  0.1011147E-03 -0.9426621E-04 -0.6966629E-04
Ar 3792  0.2632111E+02  0.3950039E+02  0.6052590E+02  0.1655876E-05  0.5726816E-04 -0.3636321E-04
Ar 3793  0.2633676E+02  0.3685821E+02  0.6309056E+02  0.2188082E-04 -0.2117362E-04 -0.2089439E-04
Ar 3794  0.2904329E+02  0.3949464E+02  0.6313746E+02  0.1020149E-03  0.8616570E-04 -0.6608481E-04
Ar 3795  0.2898854E+02  0.3680138E+02  0.6572250E+02 -0.1088164E-03 -0.2822556E-05 -0.6700850E-04
Ar 3796  0.2634317E+02  0.3948838E+02  0.6572599E+02  0.4218004E-04 -0.2580379E-04 -0.6328196E-04
Ar 3797  0.2628336E+02  0.4216035E+02  0.6842989E+02 -0.3709034E-04  0.8578122E-04 -0.2927804E-04
Ar 3798  0.2891521E+02  0.4487998E+02  0.6843964E+02  0.1502454E-04  0.2136765E-04  0.1671518E-04
Ar 3799  0.2892537E+02  0.4218698E+02  0.2706188E+01  0.5293459E-04  0.8065201E-04  0.1156027E-03
Ar 3800  0.2627235E+02  0.4477915E+02  0.2662629E+01  0.2359218E-04  0.3861257E-04 -0.4746235E-04
Ar 3801  0.2640066E+02  0.4198410E+02  0.5230080E+01 -0.1713425E-05 -0.7244044E-04  0.3385026E-04
Ar 3802  0.2893318E+02  0.4472443E+02  0.5205885E+01  0.7285291E-04  0.7005804E-04 -0.6860900E-04
Ar 3803  0.2902203E+02  0.4216585E+02  0.7830570E+01  0.7867565E-04  0.7569887E-04 -0.7308160E-05
Ar 3804  0.2634768E+02  0.4477593E+02  0.7845832E+01 -0.3260083E-04 -0.3052937E-04 -0.3575269E-04
Ar 3805  0.2628899E+02  0.4212345E+02  0.1061199E+02  0.6815826E-05 -0.6842806E-05 -0.2007472E-04
Ar 3806  0.2897541E+02  0.4460749E+02  0.1065445E+02  0.4262729E-04  0.5864763E-05  0.1225412E-04
Ar 3807  0.2898758E+02  0.4216316E+02  0.1313728E+02 -0.1423890E-04  0.5020482E-04  0.3208587E-04
Ar 3808  0.2629296E+02  0.4488731E+02  0.1316561E+02  0.1436273E-04 -0.4005451E-04 -0.7386816E-04
Ar 3809  0.2626341E+02  0.4210000E+02  0.1596502E+02  0.8849442E-04 -0.3667412E-04 -0.4486976E-05
Ar 3810  0.2902517E+02  0.4476950E+02  0.1575534E+02  0.2299565E-04 -0.4297850E-04 -0.5439140E-05
Ar 3811  0.2902801E+02  0.4206305E+02  0.1840376E+02 -0.8285420E-04  0.2802420E-04  0.2206966E-04
Ar 3812  0.2634368E+02  0.4477050E+02  0.1844540E+02 -0.3660873E-04 -0.6262311E-04 -0.7675292E-04
Ar 3813  0.2639053E+02  0.4207920E+02  0.2107417E+02 -0.3804367E-04  0.3276876E-05  0.1156850E-03
Ar 3814  0.2891603E+02  0.4479678E+02  0.2103672E+02 -0.3760060E-04 -0.3374698E-04 -0.8880699E-04
Ar 3815  0.2899277E+02  0.4202520E+02  0.2351866E+02  0.4466671E-05  0.3375996E-05 -0.1318788E-04
Ar 3816  0.2634913E+02  0.4465698E+02  0.2363966E+02 -0.1153973E-04  0.2432340E-04 -0.3437259E-04
Ar 3817  0.2620026E+02  0.4205923E+02  0.2628875E+02  0.2501007E-04 -0.6846628E-04 -0.1101385E-03
Ar 3818  0.2890119E+02  0.4464194E+02  0.2645130E+02 -0.7189920E-04  0.4793635E-05 -0.1750591E-04
Ar 3819  0.2901248E+02  0.4202162E+02  0.2896218E+02 -0.3768794E-05 -0.8631520E-04 -0.1320222E-04
Ar 3820  0.2637294E+02  0.4483181E+02  0.2885021E+02 -0.4072414E-04 -0.7020482E-04 -0.1233533E-05
Ar 3821  0.2636983E+02  0.4226493E+02  0.3155887E+02  0.4108131E-04 -0.9855306E-04  0.6492370E-04
Ar 3822  0.2903888E+02  0.4478309E+02  0.3145059E+02  0.2977552E-04  0.4381723E-05 -0.1832293E-04
Ar 3823  0.2901315E+02  0.4207990E+02  0.3429358E+02 -0.8378814E-05  0.7959492E-05 -0.2553603E-04
Ar 3824  0.2630154E+02  0.4474368E+02  0.3424887E+02 -0.7423097E-04 -0.6734204E-04 -0.6812367E-04
Ar 3825  0.2627166E+02  0.4212256E+02  0.3688793E+02 -0.2454978E-04 -0.3467032E-04  0.1500094E-04
Ar 3826  0.2887089E+02  0.4471247E+02  0.3679343E+02 -0.6227932E-05 -0.7251032E-04  0.7125790E-04
Ar 3827  0.2897478E+02  0.4209529E+02  0.3948212E+02 -0.2512918E-04 -0.7237181E-04  0.2393805E-04
Ar 3828  0.2625600E+02  0.4472795E+02  0.3954735E+02 -0.9827555E-04  0.3522697E-05 -0.2062105E-04
Ar 3829  0.2634640E+02  0.4207328E+02  0.4211885E+02 -0.7522460E-04  0.3987725E-04 -0.5658771E-05
Ar 3830  0.2896747E+02  0.4465237E+02  0.4204192E+02 -0.3087671E-04 -0.6056391E-04 -0.2126342E-04
Ar 3831  0.2902374E+02  0.4206590E+02  0.4476159E+02 -0.5402419E-04  0.6562073E-04 -0.3739822E-04
Ar 3832  0.2634770E+02  0.4464718E+02  0.4474149E+02  0.4815541E-04 -0.9061647E-05 -0.7667688E-04
Ar 3833  0.2622213E+02  0.4210103E+02  0.4729520E+02 -0.3150311E-04  0.6674565E-04 -0.1353328E-04
Ar 3834  0.2891811E+02  0.4478210E+02  0.4724496E+02 -0.3493265E-04  0.2275529E-04 -0.9536689E-04
Ar 3835  0.2884828E+02  0.4213092E+02  0.5003013E+02  0.3446446E-04 -0.4102730E-04  0.3784550E-04
Ar 3836  0.2631709E+02  0.4466179E+02  0.5001078E+02 -0.1277638E-03 -0.7337622E-04  0.2613965E-04
Ar 3837  0.2629887E+02  0.4208680E+02  0.5258858E+02 -0.5598454E-04 -0.8404599E-05 -0.9184568E-04
Ar 3838  0.2906540E+02  0.4475692E+02  0.5252907E+02  0.2530886E-05 -0.4433322E-04 -0.3874894E-04
Ar 3839  0.2888386E+02  0.4214450E+02  0.5516290E+02 -0.1774385E-04 -0.2326364E-04  0.4913222E-04
Ar 3840  0.2627157E+02  0.4478121E+02  0.5517422E+02 -0.8576315E-04 -0.2494735E-04 -0.5771112E-04
Ar 3841  0.2619595E+02  0.4198959E+02  0.5789590E+02 -0.2817171E-05 -0.4016579E-06 -0.5428623E-04
Ar 3842  0.2890733E+02  0.4475536E+02  0.5784958E+02 -0.1062054E-04  0.3748512E-05  0.2326695E-04
Ar 3843  0.2887927E+02  0.4208237E+02  0.6044641E+02 -0.4390571E-04 -0.3580325E-04  0.2784064E-04
Ar 3844  0.2626186E+02  0.4469264E+02  0.6055912E+02  0.1560319E-04 -0.4033242E-07 -0.4538752E-04
Ar 3845  0.2638077E+02  0.4193850E+02  0.6317271E+02  0.2558935E-04  0.6829653E-04 -0.2194412E-04
Ar 3846  0.2895367E+02  0.4473931E+02  0.6310997E+02 -0.3980427E-04  0.1636117E-04  0.6261310E-04
Ar 3847  0.2893827E+02  0.4207651E+02  0.6575941E+02  0.2151451E-05 -0.7265649E-04 -0.2638382E-04
Ar 3848  0.2629772E+02  0.4473803E+02  0.6575492E+02 -0.1217496E-03 -0.6298188E-04 -0.6987073E-04
Ar 3849  0.2640407E+02  0.4736336E+02  0.6848727E+02 -0.3296607E-04  0.9158163E-04 -0.3346763E-04
Ar 3850  0.2899631E+02  0.4995596E+02  0.6833711E+02  0.5197185E-04 -0.3526699E-04 -0.2129158E-04
Ar 3851  0.2891359E+02  0.4729046E+02  0.2562279E+01 -0.6624232E-04  0.6267748E-04  0.1248191E-04
Ar 3852  0.2630126E+02  0.4993361E+02  0.2619567E+01  0.4246093E-05 -0.5454546E-04  0.1934542E-04
Ar 3853  0.2632592E+02  0.4729365E+02  0.5263860E+01  0.4292315E-04 -0.2850435E-04 -0.7753218E-04
Ar 3854  0.2899644E+02  0.5002977E+02  0.5350044E+01  0.3277529E-05 -0.5167819E-04  0.2345818E-04
Ar 3855  0.2898852E+02  0.4738852E+02  0.7915354E+01  0.9984278E-04 -0.2727000E-04 -0.2731706E-04
Ar 3856  0.2629123E+02  0.4995775E+02  0.7893258E+01  0.1292100E-05 -0.5053198E-04 -0.3450288E-04
Ar 3857  0.2640192E+02  0.4733354E+02  0.1051426E+02  0.6839135E-04 -0.1164879E-04 -0.8595591E-04
Ar 3858  0.2889609E+02  0.4994443E+02  0.1047630E+02 -0.8032790E-04 -0.1106484E-03  0.1237512E-05
Ar 3859  0.2901965E+02  0.4742154E+02  0.1323735E+02  0.5310101E-04 -0.9590201E-04  0.1627729E-04
Ar 3860  0.2624424E+02  0.4993082E+02  0.1313623E+02  0.4172182E-04  0.4158828E-04 -0.1937822E-04
Ar 3861  0.2632405E+02  0.4734805E+02  0.1575920E+02 -0.1125144E-03  0.9683793E-04 -0.2344933E-04
Ar 3862  0.2890113E+02  0.5008000E+02  0.1587944E+02 -0.4260146E-04  0.3092942E-04 -0.4071882E-04
Ar 3863  0.2899923E+02  0.4733806E+02  0.1835119E+02  0.8826790E-04  0.4364398E-04 -0.1292380E-03
Ar 3864  0.2631763E+02  0.4995725E+02  0.1854354E+02  0.2818575E-04 -0.5566076E-04 -0.4716170E-04
Ar 3865  0.2622108E+02  0.4727840E+02  0.2107765E+02  0.2734351E-04  0.2080763E-04 -0.3691516E-04
Ar 3866  0.2897147E+02  0.4996445E+02  0.2112386E+02  0.4031561E-04 -0.1127824E-04 -0.4109638E-04
Ar 3867  0.2891960E+02  0.4736258E+02  0.2363284E+02 -0.2674053E-04  0.1905378E-04 -0.1007851E-03
Ar 3868  0.2631346E+02  0.4999627E+02  0.2365786E+02 -0.1894278E-04  0.2483802E-04 -0.3488691E-04
Ar 3869  0.2629392E+02  0.4736417E+02  0.2637565E+02  0.9240500E-05  0.1360416E-04  0.9007541E-04
Ar 3870  0.2889332E+02  0.5005718E+02  0.2633743E+02  0.3290966E-04 -0.1176359E-05 -0.9647707E-05
Ar 3871  0.2896827E+02  0.4735743E+02  0.2906482E+02 -0.4520070E-04  0.5739690E-04  0.2597876E-04
Ar 3872  0.2631174E+02  0.4989110E+02  0.2893905E+02  0.4374267E-04 -0.4640633E-04  0.5631895E-05
Ar 3873  0.2635194E+02  0.4737716E+02  0.3156847E+02 -0.1281355E-04 -0.1167504E-04 -0.5716034E-05
Ar 3874  0.2891073E+02  0.5014679E+02  0.3154129E+02 -0.4041750E-04  0.3929190E-04  0.6659496E-04
Ar 3875  0.2899818E+02  0.4732670E+02  0.3419468E+02  0.7400392E-04 -0.8361008E-04 -0.9893031E-04
Ar 3876  0.2639063E+02  0.5000948E+02  0.3415985E+02 -0.2817872E-04  0.3195080E-04 -0.4750713E-04
Ar 3877  0.2636325E+02  0.4731869E+02  0.3675278E+02  0.3548955E-04 -0.4980687E-04 -0.4331533E-04
Ar 3878  0.2901707E+02  0.4993358E+02  0.3684929E+02 -0.9790769E-05  0.4411452E-05 -0.3462014E-04
Ar 3879  0.2898573E+02  0.4741152E+02  0.3932328E+02 -0.6176678E-05 -0.2560488E-04 -0.7094747E-05
Ar 3880  0.2626433E+02  0.5005149E+02  0.3948610E+02 -0.2666739E-04 -0.6330091E-04  0.1742725E-04
Ar 3881  0.2628657E+02  0.4740899E+02  0.4218024E+02 -0.1740448E-04  0.2051435E-04  0.1282173E-04
Ar 3882  0.2888636E+02  0.5004111E+02  0.4200940E+02  0.6426049E-04  0.1983850E-04 -0.3053454E-05
Ar 3883  0.2894093E+02  0.4731318E+02  0.4467655E+02 -0.5767711E-04  0.4280472E-04 -0.4443803E-04
Ar 3884  0.2636678E+02  0.4992401E+02  0.4476935E+02 -0.4307883E-04 -0.8460659E-05  0.1608265E-04
Ar 3885  0.2631660E+02  0.4745805E+02  0.4739647E+02 -0.4286682E-04 -0.4212565E-04 -0.1187188E-04
Ar 3886  0.2885209E+02  0.4996372E+02  0.4727730E+02  0.1419489E-04 -0.6647989E-04  0.5352653E-04
Ar 3887  0.2900236E+02  0.4731008E+02  0.4988153E+02  0.7315033E-04 -0.1565137E-04 -0.4677881E-04
Ar 3888  0.2642155E+02  0.4985814E+02  0.5015986E+02 -0.5924105E-04  0.3365892E-04 -0.7577450E-04
Ar 3889  0.2630926E+02  0.4726393E+02  0.5254138E+02 -0.3110080E-04  0.3774574E-04 -0.8913060E-04
Ar 3890  0.2883634E+02  0.4991028E+02  0.5257610E+02 -0.6926837E-05 -0.7036164E-04  0.2557855E-05
Ar 3891  0.2894265E+02  0.4728250E+02  0.5533010E+02 -0.3846093E-04  0.2923924E-04 -0.1660561E-04
Ar 3892  0.2619574E+02  0.4997623E+02  0.5519449E+02 -0.4326451E-04 -0.6264952E-04  0.2969817E-04
Ar 3893  0.2625492E+02  0.4735812E+02  0.5780901E+02 -0.7594144E-04  0.1492319E-04 -0.1134545E-03
Ar 3894  0.2895220E+02  0.4996996E+02  0.5788589E+02  0.4424617E-04 -0.3524799E-04 -0.2389502E-04
Ar 3895  0.2888043E+02  0.4734026E+02  0.6060509E+02 -0.3175778E-04 -0.1955570E-04  0.3572033E-04
Ar 3896  0.2626015E+02  0.5001031E+02  0.6048172E+02  0.4509613E-04 -0.6008005E-04 -0.4325310E-04
Ar 3897  0.2637508E+02  0.4741358E+02  0.6315579E+02  0.2664643E-04 -0.6100052E-04  0.8967615E-04
Ar 3898  0.2900016E+02  0.4997828E+02  0.6319260E+02  0.1032231E-04 -0.1063125E-04  0.4297568E-04
Ar 3899  0.2900771E+02  0.4744634E+02  0.6567166E+02 -0.3368607E-04 -0.1828262E-04 -0.7005565E-04
Ar 3900  0.2631354E+02  0.4992064E+02  0.6570231E+02 -0.4051100E-04 -0.2358404E-04 -0.9591253E-05
Ar 3901  0.2633719E+02  0.5251356E+02  0.6841121E+02 -0.1145556E-05 -0.5564528E-05 -0.3916516E-04
Ar 3902  0.2892845E+02  0.5521729E+02  0.6832384E+02  0.3249034E-04  0.1214476E-04 -0.1475742E-04
Ar 3903  0.2889061E+02  0.5266144E+02  0.2709007E+01  0.2155118E-04  0.3070841E-04 -0.3877644E-04
Ar 3904  0.2630672E+02  0.5525779E+02  0.2559483E+01  0.4439979E-04  0.6973855E-06  0.1070628E-04
Ar 3905  0.2624793E+02  0.5263756E+02  0.5257825E+01 -0.5686325E-04 -0.3198031E-04  0.7996028E-04
Ar 3906  0.2894451E+02  0.5529893E+02  0.5282299E+01  0.3332802E-04 -0.1227359E-03 -0.2782446E-04
Ar 3907  0.2893851E+02  0.5260670E+02  0.7867355E+01  0.6269669E-04 -0.5765619E-04 -0.4249053E-06
Ar 3908  0.2632463E+02  0.5525408E+02  0.7940145E+01 -0.4737702E-04 -0.8748759E-04 -0.3953886E-04
Ar 3909  0.2633322E+02  0.5261598E+02  0.1045709E+02  0.3565648E-04 -0.9675449E-05  0.3603110E-04
Ar 3910  0.2886120E+02  0.5524461E+02  0.1048082E+02  0.1140781E-04 -0.5292466E-04 -0.3446732E-04
Ar 3911  0.2890187E+02  0.5267737E+02  0.1321598E+02  0.3369747E-04  0.4765271E-04 -0.4570297E-04
Ar 3912  0.2637320E+02  0.5528506E+02  0.1314694E+02  0.6514166E-05  0.3554006E-04 -0.1875084E-04
Ar 3913  0.2634263E+02  0.5262868E+02  0.1580458E+02 -0.2735157E-04 -0.2207208E-05 -0.1307344E-03
Ar 3914  0.2895568E+02  0.5529571E+02  0.1574222E+02 -0.1775161E-04 -0.2142292E-04  0.3635162E-04
Ar 3915  0.2883834E+02  0.5253444E+02  0.1839339E+02 -0.3541801E-05  0.1944465E-04  0.1012330E-03
Ar 3916  0.2630161E+02  0.5528115E+02  0.1849429E+02  0.3440157E-04  0.1703492E-04  0.7186169E-04
Ar 3917  0.2635973E+02  0.5268524E+02  0.2099043E+02 -0.2004605E-04 -0.2214091E-04 -0.2044216E-04
Ar 3918  0.2897185E+02  0.5517453E+02  0.2103488E+02 -0.4487332E-04 -0.7886104E-04  0.4435950E-04
Ar 3919  0.2891475E+02  0.5265016E+02  0.2357920E+02  0.3554217E-04 -0.1025062E-04 -0.1423627E-04
Ar 3920  0.2633560E+02  0.5532466E+02  0.2363047E+02 -0.4059731E-04 -0.3457289E-04 -0.1247731E-04
Ar 3921  0.2627243E+02  0.5260180E+02  0.2616715E+02  0.5632782E-04 -0.9692330E-04  0.2126732E-05
Ar 3922  0.2897963E+02  0.5522013E+02  0.2639078E+02  0.7399960E-05  0.1620775E-04 -0.1442045E-04
Ar 3923  0.2891012E+02  0.5261987E+02  0.2894347E+02 -0.5927598E-04 -0.5819625E-04 -0.8045841E-05
Ar 3924  0.2626400E+02  0.5530458E+02  0.2895537E+02  0.2977454E-05 -0.6126511E-04  0.5651646E-04
Ar 3925  0.2627136E+02  0.5262969E+02  0.3156909E+02 -0.6314183E-04 -0.3480568E-04  0.5591175E-05
Ar 3926  0.2892476E+02  0.5515321E+02  0.3166643E+02  0.3186803E-04 -0.5555151E-04 -0.4027199E-05
Ar 3927  0.2896703E+02  0.5253383E+02  0.3424621E+02 -0.2659373E-04 -0.5797283E-04 -0.8652030E-05
Ar 3928  0.2629816E+02  0.5531755E+02  0.3418159E+02 -0.3066813E-04  0.3100038E-04 -0.5408782E-04
Ar 3929  0.2635834E+02  0.5270437E+02  0.3682758E+02 -0.1462687E-03  0.3472488E-04  0.2591162E-04
Ar 3930  0.2891485E+02  0.5517822E+02  0.3688443E+02 -0.6757414E-04 -0.8303374E-04 -0.1093274E-04
Ar 3931  0.2894170E+02  0.5254394E+02  0.3940803E+02 -0.5166727E-04 -0.8690098E-04  0.1480794E-04
Ar 3932  0.2633717E+02  0.5526262E+02  0.3935206E+02  0.5079910E-04  0.1873173E-04  0.4356521E-04
Ar 3933  0.2643251E+02  0.5265399E+02  0.4216943E+02  0.5903537E-04  0.2485691E-04  0.4506355E-04
Ar 3934  0.2902130E+02  0.5526901E+02  0.4211716E+02  0.4520955E-04 -0.7413566E-04 -0.1095313E-03
Ar 3935  0.2892594E+02  0.5256454E+02  0.4473790E+02  0.7964887E-04 -0.2377690E-04  0.4824156E-04
Ar 3936  0.2636039E+02  0.5528072E+02  0.4476645E+02  0.3313817E-04 -0.4408701E-04 -0.7064724E-04
Ar 3937  0.2628161E+02  0.5265767E+02  0.4736927E+02 -0.3253199E-04  0.4826915E-04 -0.1088192E-04
Ar 3938  0.2884563E+02  0.5528669E+02  0.4735113E+02 -0.4302489E-04 -0.4586589E-04 -0.1562017E-04
Ar 3939  0.2896804E+02  0.5269926E+02  0.5007337E+02 -0.5332485E-04 -0.2923282E-04 -0.2044148E-04
Ar 3940  0.2627688E+02  0.5536132E+02  0.4988875E+02  0.1081915E-03 -0.1043207E-03 -0.1312182E-04
Ar 3941  0.2632468E+02  0.5271329E+02  0.5260351E+02 -0.2359829E-04 -0.4394688E-04  0.2111366E-04
Ar 3942  0.2900252E+02  0.5518435E+02  0.5281271E+02 -0.1329095E-04 -0.2987433E-04  0.2837901E-04
Ar 3943  0.2891101E+02  0.5272456E+02  0.5538193E+02 -0.1942806E-04 -0.1606193E-04 -0.5026518E-05
Ar 3944  0.2634714E+02  0.5529547E+02  0.5529095E+02 -0.1178768E-04 -0.5184916E-04 -0.6432665E-04
Ar 3945  0.2629342E+02  0.5253900E+02  0.5780648E+02  0.4751005E-04  0.6016379E-06 -0.1006599E-04
Ar 3946  0.2902137E+02  0.5524092E+02  0.5797485E+02 -0.1622730E-04  0.2833737E-04 -0.5251317E-04
Ar 3947  0.2898526E+02  0.5265793E+02  0.6052722E+02  0.7491447E-04 -0.1979149E-04 -0.8556389E-04
Ar 3948  0.2632894E+02  0.5530353E+02  0.6054565E+02 -0.4796058E-05 -0.2702764E-04  0.1301535E-04
Ar 3949  0.2619966E+02  0.5255809E+02  0.6300930E+02  0.1061460E-05 -0.8577237E-04 -0.6901019E-04
Ar 3950  0.2902720E+02  0.5523428E+02  0.6319880E+02  0.1271051E-04  0.5146522E-04 -0.7411724E-04
Ar 3951  0.2901024E+02  0.5258217E+02  0.6569060E+02  0.1656335E-04  0.4257124E-04 -0.7859068E-04
Ar 3952  0.2637731E+02  0.5520501E+02  0.6569956E+02 -0.7640145E-04 -0.5491660E-04  0.1326559E-04
Ar 3953  0.2627894E+02  0.5786994E+02  0.4488599E-01 -0.7863799E-04 -0.6683722E-04 -0.1672503E-04
Ar 3954  0.2891454E+02  0.6063090E+02  0.1431369E+00  0.1325862E-04  0.8152615E-05 -0.2932469E-04
Ar 3955  0.2906664E+02  0.5781466E+02  0.2657998E+01 -0.1249593E-03 -0.1181727E-04  0.4160008E-04
Ar 3956  0.2623649E+02  0.6049127E+02  0.2555751E+01  0.7888253E-04 -0.2273993E-04 -0.1204408E-04
Ar 3957  0.2631319E+02  0.5777646E+02  0.5202618E+01 -0.3421620E-04 -0.3569127E-04  0.4270753E-04
Ar 3958  0.2885722E+02  0.6046643E+02  0.5231397E+01 -0.3598189E-04 -0.9087060E-04 -0.2197333E-04
Ar 3959  0.2886466E+02  0.5800714E+02  0.7904919E+01 -0.7905828E-04  0.2250453E-04 -0.5495018E-04
Ar 3960  0.2633937E+02  0.6046191E+02  0.7895853E+01  0.7878688E-04 -0.1709862E-04 -0.4884279E-04
Ar 3961  0.2628380E+02  0.5786288E+02  0.1048987E+02 -0.1025173E-05 -0.1450324E-05 -0.1168878E-04
Ar 3962  0.2904289E+02  0.6041910E+02  0.1060159E+02  0.6123476E-04 -0.2001823E-05  0.7974120E-04
Ar 3963  0.2888633E+02  0.5775270E+02  0.1321197E+02  0.3984296E-04 -0.3610208E-04 -0.6998221E-04
Ar 3964  0.2637379E+02  0.6049074E+02  0.1322004E+02 -0.6963836E-04 -0.3036216E-04  0.4902978E-04
Ar 3965  0.2631240E+02  0.5789348E+02  0.1584210E+02 -0.5281022E-04  0.8558845E-05  0.3797796E-05
Ar 3966  0.2894725E+02  0.6042753E+02  0.1566416E+02 -0.2323651E-04 -0.3587986E-04 -0.7213540E-04
Ar 3967  0.2897962E+02  0.5800546E+02  0.1842352E+02 -0.2567737E-05 -0.3477837E-06  0.1683477E-05
Ar 3968  0.2632287E+02  0.6047983E+02  0.1845476E+02 -0.2491194E-04 -0.2772173E-04 -0.7473679E-04
Ar 3969  0.2633209E+02  0.5794245E+02  0.2099917E+02  0.4658958E-04  0.2111354E-04  0.6677984E-04
Ar 3970  0.2895044E+02  0.6045946E+02  0.2111571E+02 -0.4576103E-04 -0.3270929E-04  0.1036172E-04
Ar 3971  0.2895190E+02  0.5782555E+02  0.2368995E+02 -0.1067308E-03  0.3156964E-04 -0.3402854E-04
Ar 3972  0.2625339E+02  0.6072773E+02  0.2368424E+02 -0.4623924E-04 -0.3572630E-04 -0.1033249E-05
Ar 3973  0.2637013E+02  0.5786839E+02  0.2638979E+02  0.8820613E-04  0.8355924E-05 -0.1298508E-04
Ar 3974  0.2889234E+02  0.6045081E+02  0.2640024E+02 -0.4908024E-04  0.6113967E-04  0.7790216E-05
Ar 3975  0.2901310E+02  0.5785509E+02  0.2890947E+02  0.6163666E-04 -0.6308541E-04 -0.2717465E-04
Ar 3976  0.2628570E+02  0.6052535E+02  0.2887105E+02 -0.4177002E-05 -0.4975469E-04 -0.2705451E-04
Ar 3977  0.2628044E+02  0.5786362E+02  0.3144166E+02 -0.4720149E-04 -0.7051924E-05 -0.6264853E-05
Ar 3978  0.2898428E+02  0.6056426E+02  0.3152555E+02  0.3757739E-04 -0.1079046E-04  0.1260606E-04
Ar 3979  0.2890023E+02  0.5782028E+02  0.3421387E+02 -0.4597458E-04  0.6608180E-04  0.5833649E-04
Ar 3980  0.2638228E+02  0.6059073E+02  0.3425969E+02 -0.6307734E-04  0.4095714E-04  0.5224508E-04
Ar 3981  0.2622665E+02  0.5791279E+02  0.3677710E+02  0.9426937E-05 -0.7300072E-04 -0.5765307E-04
Ar 3982  0.2898932E+02  0.6053830E+02  0.3682067E+02 -0.1175292E-03 -0.7749486E-05 -0.5921903E-04
Ar 3983  0.2888658E+02  0.5789616E+02  0.3935117E+02 -0.3583382E-04 -0.9427068E-05  0.3971295E-04
Ar 3984  0.2630539E+02  0.6049252E+02  0.3933517E+02  0.3862605E-04  0.3326420E-04  0.6781248E-04
Ar 3985  0.2627618E+02  0.5778123E+02  0.4207570E+02 -0.2439722E-04 -0.3275935E-04  0.6848243E-04
Ar 3986  0.2901955E+02  0.6062905E+02  0.4203927E+02 -0.1453680E-04 -0.3260545E-04 -0.1195681E-04
Ar 3987  0.2903502E+02  0.5794909E+02  0.4472414E+02 -0.3187487E-04 -0.4086867E-04  0.1102856E-04
Ar 3988  0.2624267E+02  0.6041870E+02  0.4481273E+02 -0.3403500E-04 -0.6675849E-04  0.3918947E-05
Ar 3989  0.2641547E+02  0.5801804E+02  0.4738487E+02 -0.2745811E-04 -0.1657983E-04 -0.3383115E-04
Ar 3990  0.2886642E+02  0.6040893E+02  0.4739705E+02  0.3023442E-04  0.3591672E-04  0.5216326E-04
Ar 3991  0.2885529E+02  0.5782945E+02  0.5011681E+02  0.9802694E-05  0.1922870E-04  0.2232393E-04
Ar 3992  0.2621556E+02  0.6048465E+02  0.4999215E+02  0.2066611E-04  0.3609866E-04 -0.1066473E-03
Ar 3993  0.2637732E+02  0.5786148E+02  0.5263321E+02 -0.4987393E-04  0.1938506E-04 -0.2301278E-04
Ar 3994  0.2897801E+02  0.6049427E+02  0.5259967E+02 -0.3108388E-05  0.1906878E-04 -0.1351799E-03
Ar 3995  0.2890617E+02  0.5784258E+02  0.5538690E+02 -0.4143116E-05 -0.1685929E-04  0.2391902E-04
Ar 3996  0.2623633E+02  0.6045479E+02  0.5530340E+02 -0.4452735E-04 -0.3732057E-04  0.2172418E-05
Ar 3997  0.2629555E+02  0.5777996E+02  0.5787015E+02 -0.8449228E-05  0.2924677E-04 -0.2485642E-05
Ar 3998  0.2893045E+02  0.6050976E+02  0.5791363E+02 -0.1708554E-04  0.2035316E-05  0.3102945E-05
Ar 3999  0.2902919E+02  0.5791883E+02  0.6046472E+02 -0.2070077E-04  0.1494437E-04 -0.2590867E-04
Ar 4000  0.2632905E+02  0.6063421E+02  0.6044440E+02 -0.5955696E-04  0.4582105E-04 -0.4032356E-04
Ar 4001  0.2639064E+02  0.5784500E+02  0.6312753E+02  0.5859178E-04 -0.3239901E-04 -0.7762303E-04
Ar 4002  0.2889807E+02  0.6056621E+02  0.6315673E+02 -0.2690819E-04 -0.6621198E-04 -0.6393263E-04
Ar 4003  0.2889188E+02  0.5788805E+02  0.6580445E+02 -0.6846498E-04 -0.2591149E-04 -0.3277177E-04
Ar 4004  0.2640305E+02  0.6044323E+02  0.6576186E+02  0.2701105E-04 -0.3048944E-04 -0.4090276E-04
Ar 4005  0.2630864E+02  0.6324399E+02  0.6847027E+02  0.3686837E-04  0.8099922E-05  0.4124733E-04
Ar 4006  0.2895014E+02  0.6565269E+02  0.6845703E+02  0.2640396E-05 -0.3934000E-05  0.2825384E-06
Ar 4007  0.2891934E+02  0.6325238E+02  0.2675850E+01 -0.1556150E-04  0.8355010E-04 -0.2756303E-04
Ar 4008  0.2626159E+02  0.6578546E+02  0.2469408E+01  0.6940543E-05  0.1126368E-04  0.4194318E-04
Ar 4009  0.2635721E+02  0.6317276E+02  0.5311494E+01  0.2001367E-04 -0.3960527E-04  0.2850067E-04
Ar 4010  0.2907261E+02  0.6583842E+02  0.5273854E+01  0.4964864E-05 -0.2631061E-04 -0.2783666E-04
Ar 4011  0.2897912E+02  0.6312822E+02  0.7815862E+01  0.3855419E-04 -0.7956249E-04 -0.2673577E-04
Ar 4012  0.2626714E+02  0.6568555E+02  0.7893956E+01  0.1934340E-04 -0.3083793E-04 -0.8618315E-04
Ar 4013  0.2634754E+02  0.6324980E+02  0.1052113E+02 -0.2735526E-04 -0.3721521E-04 -0.1221226E-04
Ar 4014  0.2895232E+02  0.6591513E+02  0.1043464E+02  0.1367190E-04 -0.5222277E-04 -0.6033311E-04
Ar 4015  0.2898171E+02  0.6309286E+02  0.1323128E+02 -0.7178122E-04 -0.7333770E-04  0.4090326E-04
Ar 4016  0.2636415E+02  0.6565482E+02  0.1317061E+02 -0.9488002E-04 -0.5351306E-04  0.1221370E-03
Ar 4017  0.2633675E+02  0.6322941E+02  0.1565911E+02  0.2713348E-05  0.2416626E-04  0.2649748E-04
Ar 4018  0.2884208E+02  0.6572296E+02  0.1570862E+02 -0.2229161E-04 -0.8789031E-06  0.2539177E-04
Ar 4019  0.2902733E+02  0.6309379E+02  0.1845132E+02 -0.5256703E-04  0.2033994E-04  0.1786208E-05
Ar 4020  0.2635480E+02  0.6580008E+02  0.1842765E+02 -0.6877139E-04 -0.4450513E-06 -0.1111453E-04
Ar 4021  0.2627980E+02  0.6310125E+02  0.2101288E+02 -0.1467616E-03  0.3915729E-04  0.5026186E-04
Ar 4022  0.2892164E+02  0.6573872E+02  0.2104985E+02  0.1213595E-03 -0.6938881E-04  0.1846907E-05
Ar 4023  0.2898283E+02  0.6309684E+02  0.2368277E+02 -0.4259563E-04 -0.5481652E-04 -0.6591072E-04
Ar 4024  0.2633748E+02  0.6567626E+02  0.2365738E+02  0.5611914E-04  0.2321997E-05 -0.9952291E-04
Ar 4025  0.2636595E+02  0.6314264E+02  0.2621234E+02 -0.3160630E-05  0.9872824E-05 -0.2688035E-04
Ar 4026  0.2901280E+02  0.6584461E+02  0.2630369E+02 -0.3639507E-04 -0.7004624E-04 -0.5703427E-04
Ar 4027  0.2896213E+02  0.6312135E+02  0.2902430E+02 -0.1376647E-04  0.1815298E-04 -0.6762671E-04
Ar 4028  0.2621660E+02  0.6574386E+02  0.2907000E+02 -0.3866881E-04 -0.1922413E-04 -0.6643795E-04
Ar 4029  0.2632927E+02  0.6301199E+02  0.3159402E+02 -0.5986877E-04 -0.6948419E-04 -0.1698106E-04
Ar 4030  0.2898391E+02  0.6581680E+02  0.3144617E+02  0.3827617E-04 -0.2648006E-05 -0.1083056E-03
Ar 4031  0.2900585E+02  0.6308877E+02  0.3405920E+02  0.3239965E-04 -0.9370199E-04 -0.2456505E-05
Ar 4032  0.2632229E+02  0.6576216E+02  0.3425324E+02 -0.2223339E-04 -0.5421361E-04 -0.6833378E-04
Ar 4033  0.2640455E+02  0.6322387E+02  0.3673117E+02  0.5857311E-04 -0.4558520E-04  0.2147039E-04
Ar 4034  0.2887396E+02  0.6582843E+02  0.3683878E+02  0.2536848E-04 -0.6392358E-04 -0.4310721E-05
Ar 4035  0.2885337E+02  0.6312977E+02  0.3948792E+02 -0.2399889E-04 -0.2541191E-04  0.6101093E-04
Ar 4036  0.2624227E+02  0.6569719E+02  0.3939793E+02  0.8722587E-05 -0.4774059E-04  0.3540683E-04
Ar 4037  0.2634052E+02  0.6313495E+02  0.4206458E+02 -0.7680587E-04  0.8017339E-04  0.2694176E-04
Ar 4038  0.2895445E+02  0.6577991E+02  0.4214440E+02 -0.7122447E-05 -0.6047753E-04 -0.2960312E-04
Ar 4039  0.2898572E+02  0.6316577E+02  0.4476797E+02  0.2541301E-05 -0.9542398E-05 -0.7050333E-04
Ar 4040  0.2627464E+02  0.6571496E+02  0.4477507E+02 -0.2935443E-04 -0.7153542E-05 -0.4418911E-05
Ar 4041  0.2626850E+02  0.6312660E+02  0.4726097E+02  0.1819840E-04  0.1591566E-04 -0.9901403E-04
Ar 4042  0.2896340E+02  0.6575680E+02  0.4737310E+02 -0.4653491E-04 -0.4311730E-04 -0.7009819E-04
Ar 4043  0.2890669E+02  0.6314810E+02  0.4991238E+02 -0.1252803E-04 -0.3031125E-04  0.2887395E-04
Ar 4044  0.2640658E+02  0.6577091E+02  0.5004370E+02 -0.7786293E-05 -0.1686344E-04  0.6044688E-04
Ar 4045  0.2625962E+02  0.6323052E+02  0.5268873E+02 -0.6794672E-05 -0.1066211E-04 -0.5808106E-04
Ar 4046  0.2888185E+02  0.6578617E+02  0.5262001E+02  0.3456994E-04 -0.5420660E-04 -0.1023012E-03
Ar 4047  0.2899314E+02  0.6320213E+02  0.5513280E+02 -0.4630807E-04  0.3548396E-04  0.6650501E-04
Ar 4048  0.2626460E+02  0.6589396E+02  0.5523402E+02 -0.2768651E-04 -0.4638783E-04  0.4431936E-05
Ar 4049  0.2631391E+02  0.6318871E+02  0.5791741E+02 -0.3631615E-04  0.4207081E-04 -0.1267811E-04
Ar 4050  0.2903182E+02  0.6576954E+02  0.5793262E+02 -0.3924589E-04 -0.2602659E-04 -0.2985372E-04
Ar 4051  0.2895748E+02  0.6309413E+02  0.6060964E+02  0.4262417E-05 -0.2856649E-04 -0.1943499E-04
Ar 4052  0.2645191E+02  0.6573742E+02  0.6045152E+02 -0.5450920E-04 -0.9554360E-05  0.2597909E-04
Ar 4053  0.2628575E+02  0.6322923E+02  0.6312869E+02 -0.4825916E-04  0.1060443E-03  0.7051315E-04
Ar 4054  0.2894156E+02  0.6565685E+02  0.6314247E+02  0.1350700E-04 -0.4445761E-04 -0.2191084E-04
Ar 4055  0.2896999E+02  0.6302189E+02  0.6576698E+02 -0.5122699E-04  0.4406235E-04  0.5580336E-04
Ar 4056  0.2633863E+02  0.6577819E+02  0.6568108E+02  0.1038857E-05 -0.1111854E-03 -0.2307858E-04
Ar 4057  0.3155277E+02  0.6840887E+02  0.6848858E+02 -0.4180886E-04  0.1600590E-04 -0.3950244E-04
Ar 4058  0.3421103E+02  0.2660662E+01  0.6836336E+02 -0.2790283E-05 -0.3802412E-04 -0.4275212E-04
Ar 4059  0.3414339E+02  0.6856041E+02  0.2684823E+01  0.1079865E-04 -0.5160767E-04 -0.4242461E-04
Ar 4060  0.3158591E+02  0.2498563E+01  0.2523741E+01  0.4005802E-04  0.1889130E-04  0.5230265E-05
Ar 4061  0.3171848E+02  0.1341038E+00  0.5342220E+01 -0.5089034E-05  0.2933084E-04  0.5726964E-04
Ar 4062  0.3426736E+02  0.2651887E+01  0.5209304E+01 -0.1961531E-04 -0.6394355E-04 -0.5598880E-04
Ar 4063  0.3409764E+02  0.6840382E+02  0.7878480E+01  0.2748943E-04 -0.7074184E-04 -0.1909506E-05
Ar 4064  0.3164399E+02  0.2568184E+01  0.7895719E+01 -0.3076080E-04 -0.4365931E-04 -0.4429794E-04
Ar 4065  0.3161650E+02  0.6836558E+02  0.1051781E+02 -0.1957579E-04 -0.1001711E-03 -0.6298987E-04
Ar 4066  0.3412046E+02  0.2481548E+01  0.1049030E+02 -0.3426744E-04 -0.4183066E-04  0.4962085E-04
Ar 4067  0.3413754E+02  0.6840266E+02  0.1318323E+02  0.4359248E-04 -0.1930167E-04 -0.4247426E-04
Ar 4068  0.3152126E+02  0.2689852E+01  0.1314346E+02 -0.3056628E-04  0.1565162E-04  0.4085806E-04
Ar 4069  0.3170164E+02  0.6847565E+02  0.1572587E+02 -0.3098430E-04 -0.5627907E-04 -0.1733001E-04
Ar 4070  0.3425919E+02  0.2692068E+01  0.1578263E+02 -0.1582228E-04  0.4257741E-05 -0.3791713E-04
Ar 4071  0.3417560E+02  0.6836361E+02  0.1843939E+02  0.4592650E-04 -0.2161243E-04  0.6835955E-05
Ar 4072  0.3155308E+02  0.2515370E+01  0.1848579E+02 -0.1061109E-03 -0.1615295E-04  0.1025241E-04
Ar 4073  0.3148205E+02  0.6832580E+02  0.2103104E+02  0.2150014E-05 -0.1099787E-04 -0.4549243E-04
Ar 4074  0.3418530E+02  0.2700983E+01  0.2105821E+02  0.5551931E-04  0.4966523E-04  0.4666303E-04
Ar 4075  0.3421475E+02  0.6837200E+02  0.2358583E+02 -0.6351084E-04 -0.4986083E-04 -0.3771312E-05
Ar 4076  0.3156641E+02  0.2629247E+01  0.2382327E+02  0.4474923E-04  0.9131188E-05  0.2292750E-04
Ar 4077  0.3157806E+02  0.6841177E+02  0.2621004E+02 -0.2868567E-04  0.5627737E-05 -0.5627711E-04
Ar 4078  0.3415935E+02  0.2693045E+01  0.2641196E+02 -0.7198825E-06  0.9898186E-05  0.6918069E-04
Ar 4079  0.3425000E+02  0.6841474E+02  0.2891304E+02  0.5159292E-04 -0.6858306E-04 -0.4731358E-04
Ar 4080  0.3145020E+02  0.2662103E+01  0.2884731E+02  0.8887052E-06  0.4518293E-04 -0.5436812E-04
Ar 4081  0.3163927E+02  0.6834829E+02  0.3157464E+02  0.3230664E-04  0.1230172E-04  0.3217199E-04
Ar 4082  0.3414922E+02  0.2594526E+01  0.3166763E+02 -0.3367230E-04  0.4000798E-05  0.2137182E-04
Ar 4083  0.3423071E+02  0.6833192E+02  0.3416926E+02  0.1435417E-04 -0.2298998E-04  0.3240195E-04
Ar 4084  0.3167891E+02  0.2565088E+01  0.3410131E+02  0.4466819E-04  0.3256330E-04  0.5246009E-04
Ar 4085  0.3146036E+02  0.6841087E+02  0.3692989E+02 -0.3139909E-04 -0.8092154E-04  0.3934668E-04
Ar 4086  0.3420980E+02  0.2643599E+01  0.3688432E+02 -0.4859781E-04  0.6830727E-05 -0.3047803E-05
Ar 4087  0.3425816E+02  0.6856270E+02  0.3946071E+02 -0.5315012E-04  0.1814309E-04 -0.2009095E-04
Ar 4088  0.3161179E+02  0.2674116E+01  0.3947874E+02 -0.7451694E-04  0.2791646E-06 -0.5606683E-04
Ar 4089  0.3154316E+02  0.6844372E+02  0.4211663E+02 -0.8033826E-04 -0.4880766E-04  0.2631192E-04
Ar 4090  0.3423760E+02  0.2584277E+01  0.4210779E+02  0.9233473E-05 -0.4966068E-04 -0.4116659E-04
Ar 4091  0.3428467E+02  0.6847325E+02  0.4473730E+02  0.5258620E-05 -0.2700655E-05 -0.7538382E-04
Ar 4092  0.3153765E+02  0.2674164E+01  0.4468521E+02  0.8473060E-05  0.3210656E-05 -0.3469989E-04
Ar 4093  0.3149393E+02  0.1558279E-01  0.4743204E+02  0.3351193E-05  0.2989162E-04  0.1881672E-04
Ar 4094  0.3418069E+02  0.2522336E+01  0.4730445E+02  0.1652340E-04 -0.8877128E-04  0.3312952E-04
Ar 4095  0.3415428E+02  0.6838386E+02  0.4998543E+02 -0.8226141E-04 -0.7679656E-04 -0.8214063E-04
Ar 4096  0.3154278E+02  0.2666961E+01  0.5015195E+02 -0.4463037E-04  0.2280144E-04  0.4158900E-05
Ar 4097  0.3168975E+02  0.6852407E+02  0.5270925E+02 -0.2805727E-05  0.2261259E-04  0.1386609E-04
Ar 4098  0.3424684E+02  0.2688380E+01  0.5258945E+02  0.7904905E-05  0.1495029E-04 -0.6766187E-04
Ar 4099  0.3419025E+02  0.6822044E+02  0.5523331E+02  0.5408260E-04  0.1174228E-04  0.6698320E-04
Ar 4100  0.3153818E+02  0.2585364E+01  0.5526975E+02  0.3828949E-04 -0.1050184E-03  0.4221373E-04
Ar 4101  0.3151315E+02  0.6844692E+02  0.5783900E+02  0.1050464E-03 -0.4639723E-04 -0.2441233E-04
Ar 4102  0.3406963E+02  0.2611815E+01  0.5787633E+02 -0.1978430E-04  0.4147017E-04  0.3683435E-05
Ar 4103  0.3414344E+02  0.6843024E+02  0.6059343E+02  0.8178072E-05 -0.1187675E-04 -0.6404663E-04
Ar 4104  0.3141709E+02  0.2699842E+01  0.6043332E+02 -0.1760446E-04  0.7073391E-05 -0.4579378E-04
Ar 4105  0.3162573E+02  0.6852825E+02  0.6308101E+02 -0.1505021E-04 -0.6120670E-05 -0.2844363E-04
Ar 4106  0.3425519E+02  0.2793505E+01  0.6306788E+02 -0.4807647E-04 -0.9027189E-05 -0.7397116E-04
Ar 4107  0.3427018E+02  0.6849683E+02  0.6579706E+02  0.5854341E-04 -0.1069122E-03  0.4964760E-04
Ar 4108  0.3152155E+02  0.2581212E+01  0.6571639E+02 -0.4965197E-04 -0.5777064E-04 -0.9004186E-05
Ar 4109  0.3163665E+02  0.5248761E+01  0.6840776E+02  0.3397276E-04 -0.1384741E-04 -0.5367210E-04
Ar 4110  0.3425298E+02  0.7983983E+01  0.6841205E+02  0.5604955E-04  0.1451880E-04 -0.8467945E-04
Ar 4111  0.3419867E+02  0.5394637E+01  0.2639157E+01  0.1441182E-04  0.1212950E-04  0.4041631E-05
Ar 4112  0.3161393E+02  0.7844421E+01  0.2610289E+01 -0.1006292E-04 -0.2446505E-04 -0.2851399E-04
Ar 4113  0.3163390E+02  0.5110736E+01  0.5394255E+01 -0.5603413E-04  0.5007861E-04 -0.1757643E-04
Ar 4114  0.3407332E+02  0.7964039E+01  0.5297700E+01  0.2670877E-04  0.3486363E-04  0.6680157E-04
Ar 4115  0.3422593E+02  0.5317354E+01  0.8000510E+01  0.6248937E-05 -0.2931528E-04  0.3115882E-04
Ar 4116  0.3161862E+02  0.7821253E+01  0.7998909E+01  0.2736326E-05 -0.1446641E-04  0.3772643E-05
Ar 4117  0.3147594E+02  0.5270942E+01  0.1048876E+02  0.3120842E-04  0.2706118E-04 -0.2136128E-04
Ar 4118  0.3413852E+02  0.7893890E+01  0.1044611E+02  0.2216748E-04 -0.2591714E-04 -0.2062990E-06
Ar 4119  0.3415620E+02  0.5350051E+01  0.1315705E+02  0.4148768E-04 -0.3288541E-04  0.2894344E-05
Ar 4120  0.3157813E+02  0.7900039E+01  0.1323747E+02  0.7987720E-05  0.3580802E-04  0.2491524E-04
Ar 4121  0.3154618E+02  0.5244420E+01  0.1577615E+02  0.4662640E-05 -0.1003565E-04  0.1101471E-04
Ar 4122  0.3413379E+02  0.7880791E+01  0.1578256E+02 -0.5327170E-04 -0.2531458E-04 -0.2279430E-04
Ar 4123  0.3413644E+02  0.5239326E+01  0.1842609E+02 -0.4742249E-04  0.8332505E-05 -0.3373799E-04
Ar 4124  0.3159518E+02  0.7840813E+01  0.1844479E+02  0.3049678E-04 -0.2467184E-04  0.5644134E-04
Ar 4125  0.3163375E+02  0.5258182E+01  0.2100519E+02  0.8854489E-04  0.5786789E-04 -0.6726040E-05
Ar 4126  0.3429570E+02  0.7803406E+01  0.2105914E+02  0.1546818E-04 -0.2569615E-04  0.7226015E-04
Ar 4127  0.3416464E+02  0.5273254E+01  0.2368977E+02 -0.1303698E-05  0.4391587E-05 -0.7448650E-06
Ar 4128  0.3166944E+02  0.7924546E+01  0.2360986E+02  0.3247135E-04 -0.1270649E-04 -0.1108739E-03
Ar 4129  0.3160260E+02  0.5310101E+01  0.2632670E+02 -0.4763763E-04 -0.4630534E-04  0.8725341E-05
Ar 4130  0.3424588E+02  0.7974910E+01  0.2626194E+02 -0.4620650E-04 -0.6258080E-04 -0.8328318E-05
Ar 4131  0.3423206E+02  0.5256377E+01  0.2903792E+02 -0.1268279E-05  0.2673971E-04 -0.6023796E-04
Ar 4132  0.3161223E+02  0.7937790E+01  0.2898830E+02 -0.5907694E-04 -0.6392930E-04  0.2497090E-04
Ar 4133  0.3155395E+02  0.5232940E+01  0.3159262E+02 -0.5752990E-04 -0.1415463E-04  0.3683803E-04
Ar 4134  0.3415269E+02  0.7886408E+01  0.3152971E+02 -0.2612974E-04 -0.5246144E-04  0.1074549E-04
Ar 4135  0.3411452E+02  0.5243963E+01  0.3419819E+02 -0.1933250E-04 -0.9392417E-04  0.1272571E-03
Ar 4136  0.3158747E+02  0.7978267E+01  0.3414508E+02  0.8833281E-05  0.8530099E-04  0.1212505E-04
Ar 4137  0.3161329E+02  0.5256848E+01  0.3692568E+02 -0.3548045E-04 -0.3378926E-04  0.3518478E-04
Ar 4138  0.3429469E+02  0.7783192E+01  0.3678404E+02 -0.2806464E-04  0.2787726E-06  0.4551218E-04
Ar 4139  0.3423877E+02  0.5202608E+01  0.3962910E+02 -0.6245649E-04 -0.7028249E-04 -0.6264543E-04
Ar 4140  0.3151996E+02  0.7820221E+01  0.3951355E+02  0.6502861E-04 -0.5299551E-05 -0.2184831E-04
Ar 4141  0.3151451E+02  0.5401290E+01  0.4210684E+02  0.4088669E-04 -0.6290863E-04  0.1770915E-04
Ar 4142  0.3419953E+02  0.7937312E+01  0.4212042E+02 -0.3894441E-04 -0.2336597E-04 -0.2738582E-04
Ar 4143  0.3421085E+02  0.5215148E+01  0.4463587E+02  0.3408553E-05  0.8301975E-05 -0.1410505E-03
Ar 4144  0.3157965E+02  0.7896265E+01  0.4464873E+02 -0.1547511E-04  0.1197664E-04  0.4506911E-04
Ar 4145  0.3142553E+02  0.5161899E+01  0.4733812E+02  0.2275188E-04 -0.3061665E-04  0.4090248E-04
Ar 4146  0.3425256E+02  0.7819825E+01  0.4739936E+02 -0.1774597E-04 -0.5047800E-04  0.1363013E-04
Ar 4147  0.3411732E+02  0.5360600E+01  0.4992634E+02 -0.4642117E-04 -0.4219386E-05  0.9503084E-05
Ar 4148  0.3151688E+02  0.7782151E+01  0.5001146E+02  0.1815993E-04  0.4715565E-05  0.5162477E-05
Ar 4149  0.3155778E+02  0.5186356E+01  0.5259147E+02  0.5309692E-04 -0.6341155E-04 -0.8459181E-04
Ar 4150  0.3410136E+02  0.7821313E+01  0.5253404E+02  0.2422227E-04 -0.7566146E-04  0.3107118E-04
Ar 4151  0.3417795E+02  0.5279459E+01  0.5522929E+02 -0.3693710E-04  0.3123060E-04 -0.1992152E-05
Ar 4152  0.3156309E+02  0.7850569E+01  0.5526476E+02 -0.6849098E-04 -0.3958566E-04 -0.2039811E-04
Ar 4153  0.3153214E+02  0.5238349E+01  0.5785802E+02  0.3895760E-04 -0.9401701E-05 -0.1367641E-04
Ar 4154  0.3428778E+02  0.7975286E+01  0.5787545E+02  0.2168597E-04  0.4922891E-04 -0.5111035E-04
Ar 4155  0.3415814E+02  0.5185252E+01  0.6056090E+02 -0.3395970E-04 -0.3536181E-04 -0.8408069E-04
Ar 4156  0.3148795E+02  0.7843259E+01  0.6052599E+02 -0.4270644E-05  0.3227218E-04 -0.1382867E-04
Ar 4157  0.3160268E+02  0.5246311E+01  0.6317416E+02 -0.4856845E-04 -0.3074644E-05 -0.3219826E-04
Ar 4158  0.3426872E+02  0.7891973E+01  0.6317926E+02 -0.2277117E-04 -0.3445670E-04 -0.3451538E-04
Ar 4159  0.3413809E+02  0.5282431E+01  0.6580458E+02 -0.5129979E-04  0.1753574E-04 -0.8314192E-04
Ar 4160  0.3154374E+02  0.7799466E+01  0.6578191E+02 -0.4676233E-05 -0.5018129E-06 -0.5228512E-05
Ar 4161  0.3168884E+02  0.1055376E+02  0.6838040E+02  0.2693620E-04 -0.6437378E-04 -0.3622103E-04
Ar 4162  0.3418415E+02  0.1319611E+02  0.6841647E+02 -0.2378342E-04  0.1367297E-04 -0.5867114E-04
Ar 4163  0.3415896E+02  0.1051514E+02  0.2628466E+01 -0.9279384E-04  0.1187355E-04  0.1064152E-03
Ar 4164  0.3162685E+02  0.1306297E+02  0.2660289E+01 -0.5340824E-04  0.8159427E-05 -0.4028831E-04
Ar 4165  0.3162214E+02  0.1053215E+02  0.5414767E+01  0.3031373E-04  0.3885300E-04  0.9685753E-04
Ar 4166  0.3422051E+02  0.1317884E+02  0.5225331E+01  0.5436476E-04  0.3295718E-04 -0.4908034E-04
Ar 4167  0.3419205E+02  0.1044560E+02  0.7927775E+01 -0.4529920E-04  0.1681011E-04 -0.6716804E-04
Ar 4168  0.3160190E+02  0.1312914E+02  0.7856640E+01 -0.8286122E-04 -0.4430681E-04 -0.1347001E-04
Ar 4169  0.3155911E+02  0.1052571E+02  0.1070754E+02 -0.5687796E-04  0.3101990E-04 -0.1345585E-03
Ar 4170  0.3417980E+02  0.1318300E+02  0.1043992E+02  0.1441105E-04 -0.7966715E-04  0.1058146E-04
Ar 4171  0.3414559E+02  0.1057666E+02  0.1308400E+02  0.1475485E-04  0.2441685E-04 -0.1800976E-04
Ar 4172  0.3157728E+02  0.1315245E+02  0.1307926E+02 -0.5727318E-04 -0.7444703E-04 -0.4033302E-04
Ar 4173  0.3152189E+02  0.1045310E+02  0.1589962E+02 -0.9377660E-05  0.4012449E-04 -0.1673085E-04
Ar 4174  0.3421921E+02  0.1325532E+02  0.1581784E+02  0.1923827E-04 -0.7227253E-07  0.5683736E-04
Ar 4175  0.3428877E+02  0.1054831E+02  0.1848165E+02 -0.5721729E-04 -0.4064352E-04 -0.7421042E-04
Ar 4176  0.3158651E+02  0.1322249E+02  0.1849468E+02 -0.1439838E-04 -0.8972507E-05 -0.4734437E-04
Ar 4177  0.3154943E+02  0.1061289E+02  0.2111038E+02 -0.3659555E-05  0.8762160E-05 -0.4449104E-05
Ar 4178  0.3424172E+02  0.1318910E+02  0.2108957E+02 -0.7423714E-04  0.3744123E-04  0.5187915E-04
Ar 4179  0.3407736E+02  0.1053406E+02  0.2373779E+02  0.4196587E-04  0.2324876E-05  0.4211508E-04
Ar 4180  0.3173548E+02  0.1323618E+02  0.2379012E+02 -0.2022040E-04  0.7545106E-05 -0.4034188E-05
Ar 4181  0.3164269E+02  0.1053801E+02  0.2622985E+02 -0.4477200E-04  0.2595799E-04 -0.2372151E-04
Ar 4182  0.3421524E+02  0.1325136E+02  0.2631959E+02  0.2768279E-05 -0.3201941E-04  0.4620712E-04
Ar 4183  0.3430789E+02  0.1049628E+02  0.2889553E+02  0.1846687E-05  0.7537072E-04  0.7989362E-04
Ar 4184  0.3160728E+02  0.1314464E+02  0.2891399E+02  0.8047846E-05  0.1142227E-05 -0.2197180E-04
Ar 4185  0.3156820E+02  0.1057229E+02  0.3145593E+02 -0.5500994E-04 -0.3931778E-04  0.7206720E-05
Ar 4186  0.3414351E+02  0.1314711E+02  0.3163342E+02 -0.7077777E-05  0.9079494E-04 -0.2900890E-04
Ar 4187  0.3417392E+02  0.1051933E+02  0.3416872E+02  0.3407737E-04  0.4198202E-04 -0.2821329E-04
Ar 4188  0.3162798E+02  0.1324267E+02  0.3414495E+02 -0.3900580E-04 -0.2037936E-05 -0.2008533E-05
Ar 4189  0.3157909E+02  0.1059367E+02  0.3689182E+02  0.3342403E-04 -0.1649743E-04 -0.9283725E-04
Ar 4190  0.3429770E+02  0.1309777E+02  0.3687554E+02 -0.2060022E-04  0.2507425E-04 -0.7096804E-04
Ar 4191  0.3409535E+02  0.1055472E+02  0.3933897E+02  0.3061167E-04 -0.5750275E-04 -0.5168377E-04
Ar 4192  0.3152243E+02  0.1325291E+02  0.3951107E+02  0.4512934E-04  0.1310533E-04 -0.2285421E-04
Ar 4193  0.3154709E+02  0.1055434E+02  0.4200654E+02  0.3768985E-05  0.3692424E-05 -0.3448826E-04
Ar 4194  0.3422841E+02  0.1311985E+02  0.4222091E+02 -0.3135884E-04  0.2254435E-04 -0.2230440E-04
Ar 4195  0.3430644E+02  0.1038916E+02  0.4464652E+02 -0.4785703E-04 -0.5162970E-05 -0.1080746E-03
Ar 4196  0.3158557E+02  0.1318512E+02  0.4483549E+02 -0.2317235E-04  0.4734337E-04  0.7428534E-04
Ar 4197  0.3161775E+02  0.1054196E+02  0.4741748E+02 -0.2122210E-04 -0.8425403E-04  0.3740084E-04
Ar 4198  0.3421269E+02  0.1324812E+02  0.4728815E+02 -0.4162088E-04 -0.4739206E-04 -0.6751137E-04
Ar 4199  0.3412972E+02  0.1057753E+02  0.4998225E+02  0.6306000E-05  0.6680268E-04 -0.7066891E-04
Ar 4200  0.3158537E+02  0.1317124E+02  0.4995633E+02  0.3368376E-04 -0.4166913E-04 -0.2287195E-04
Ar 4201  0.3147793E+02  0.1063138E+02  0.5271921E+02 -0.7872436E-05 -0.1287293E-04  0.9118029E-04
Ar 4202  0.3425763E+02  0.1313820E+02  0.5280846E+02  0.7403567E-04  0.1336377E-03  0.9711530E-04
Ar 4203  0.3419974E+02  0.1046078E+02  0.5532709E+02 -0.8796990E-04  0.2657691E-04 -0.9814055E-05
Ar 4204  0.3156130E+02  0.1319271E+02  0.5516020E+02 -0.2013889E-04 -0.8400622E-04 -0.5385349E-04
Ar 4205  0.3159274E+02  0.1050209E+02  0.5774111E+02  0.3643339E-05 -0.4754293E-04 -0.6326675E-04
Ar 4206  0.3418285E+02  0.1314905E+02  0.5781558E+02 -0.3118831E-04  0.1612398E-04 -0.4590176E-04
Ar 4207  0.3415421E+02  0.1056030E+02  0.6053935E+02 -0.4133103E-04 -0.6529583E-04  0.1895167E-04
Ar 4208  0.3159337E+02  0.1315047E+02  0.6062817E+02  0.6660090E-04 -0.3941765E-04 -0.7423348E-04
Ar 4209  0.3160630E+02  0.1052139E+02  0.6313390E+02  0.1108877E-04 -0.1728405E-04  0.3743927E-04
Ar 4210  0.3432766E+02  0.1325064E+02  0.6304569E+02 -0.5592722E-04  0.5465578E-04  0.8501571E-06
Ar 4211  0.3422336E+02  0.1059449E+02  0.6583158E+02 -0.8359455E-04 -0.8592527E-04 -0.7238439E-04
Ar 4212  0.3162289E+02  0.1314424E+02  0.6572719E+02  0.2500847E-05 -0.4544445E-04 -0.9695377E-04
Ar 4213  0.3159789E+02  0.1577480E+02  0.8807594E-02 -0.7391533E-04  0.5258716E-04 -0.2464259E-04
Ar 4214  0.3412733E+02  0.1825076E+02  0.6852505E+02  0.1072635E-04 -0.7604979E-04 -0.7032948E-04
Ar 4215  0.3413683E+02  0.1573948E+02  0.2606366E+01  0.8247192E-04  0.3652282E-04 -0.6402579E-04
Ar 4216  0.3159617E+02  0.1835628E+02  0.2750237E+01  0.2468518E-04 -0.7002250E-04 -0.1006595E-04
Ar 4217  0.3150605E+02  0.1572217E+02  0.5395739E+01  0.6720744E-04 -0.2757191E-04  0.8542152E-04
Ar 4218  0.3416599E+02  0.1850886E+02  0.5420227E+01  0.2769697E-04  0.8487326E-04  0.1175441E-04
Ar 4219  0.3424079E+02  0.1577252E+02  0.7892987E+01  0.3820662E-04  0.6383919E-04 -0.3968874E-04
Ar 4220  0.3163558E+02  0.1842172E+02  0.8012931E+01  0.2390874E-04 -0.8816990E-04  0.2603284E-05
Ar 4221  0.3165053E+02  0.1590777E+02  0.1062065E+02 -0.1040581E-04  0.1232603E-05  0.3082130E-04
Ar 4222  0.3413835E+02  0.1850691E+02  0.1041822E+02 -0.1512085E-04 -0.5065685E-04  0.5411926E-04
Ar 4223  0.3416780E+02  0.1557082E+02  0.1313349E+02 -0.4198142E-04 -0.4511605E-04  0.1553322E-04
Ar 4224  0.3150492E+02  0.1839778E+02  0.1319797E+02  0.1372613E-04  0.4573681E-04 -0.4425631E-04
Ar 4225  0.3153552E+02  0.1587172E+02  0.1582268E+02 -0.2255452E-04 -0.2259973E-04 -0.8786565E-04
Ar 4226  0.3425031E+02  0.1836179E+02  0.1581710E+02 -0.4510567E-04 -0.5206148E-04  0.7166210E-04
Ar 4227  0.3425574E+02  0.1582485E+02  0.1840325E+02  0.2339559E-04 -0.2378103E-04  0.4637382E-05
Ar 4228  0.3154189E+02  0.1849381E+02  0.1832739E+02 -0.5692067E-04  0.1006002E-04 -0.6520037E-04
Ar 4229  0.3163601E+02  0.1574075E+02  0.2101808E+02  0.5671305E-04 -0.8522955E-05  0.3540373E-05
Ar 4230  0.3425839E+02  0.1837611E+02  0.2098439E+02 -0.2150373E-04  0.2376265E-04 -0.8657825E-04
Ar 4231  0.3407474E+02  0.1582783E+02  0.2363287E+02  0.3652602E-04 -0.7819690E-04  0.1385571E-04
Ar 4232  0.3158385E+02  0.1844302E+02  0.2374184E+02 -0.1866821E-04 -0.1024563E-03  0.1184890E-04
Ar 4233  0.3142368E+02  0.1572318E+02  0.2627246E+02  0.2793356E-06  0.2670210E-04  0.5436962E-04
Ar 4234  0.3431756E+02  0.1846443E+02  0.2626750E+02  0.4030724E-04 -0.5381020E-04 -0.6341882E-04
Ar 4235  0.3417906E+02  0.1574820E+02  0.2902641E+02  0.2552955E-04 -0.2288736E-04  0.6159660E-05
Ar 4236  0.3153885E+02  0.1843448E+02  0.2888068E+02  0.1736593E-04 -0.7627286E-05 -0.1143314E-03
Ar 4237  0.3151051E+02  0.1572587E+02  0.3155213E+02 -0.3629149E-04 -0.9519141E-05  0.4555328E-04
Ar 4238  0.3422486E+02  0.1847864E+02  0.3163502E+02 -0.3178478E-04 -0.3971286E-04 -0.7477576E-04
Ar 4239  0.3415668E+02  0.1581273E+02  0.3402885E+02  0.1315532E-03 -0.1225884E-04  0.7646584E-08
Ar 4240  0.3156057E+02  0.1841981E+02  0.3430380E+02 -0.1076237E-05 -0.1544217E-04  0.5524770E-04
Ar 4241  0.3161271E+02  0.1591460E+02  0.3673639E+02 -0.4750401E-04  0.4057494E-05  0.1396751E-04
Ar 4242  0.3424963E+02  0.1841647E+02  0.3669996E+02  0.4002193E-04  0.3533065E-04 -0.3440302E-04
Ar 4243  0.3415061E+02  0.1582874E+02  0.3955915E+02  0.7382414E-04  0.1528038E-04 -0.1729063E-04
Ar 4244  0.3158192E+02  0.1835653E+02  0.3946936E+02  0.5240804E-04 -0.3115758E-04 -0.2469179E-04
Ar 4245  0.3174401E+02  0.1580776E+02  0.4220001E+02 -0.1900582E-04  0.3237101E-04 -0.2768973E-05
Ar 4246  0.3426714E+02  0.1845661E+02  0.4208008E+02 -0.6952596E-04 -0.1060539E-03  0.1197701E-03
Ar 4247  0.3419166E+02  0.1585863E+02  0.4482511E+02  0.1108203E-05 -0.3765557E-04 -0.4126548E-04
Ar 4248  0.3159380E+02  0.1842762E+02  0.4481869E+02  0.1697711E-04  0.1087619E-05 -0.5174964E-04
Ar 4249  0.3152910E+02  0.1586687E+02  0.4734309E+02 -0.1367779E-04  0.2659773E-04  0.4619122E-04
Ar 4250  0.3415268E+02  0.1844939E+02  0.4739705E+02 -0.3880018E-04  0.6707321E-04 -0.1832300E-05
Ar 4251  0.3419839E+02  0.1566523E+02  0.5009077E+02 -0.1799965E-04  0.8262835E-04  0.2329936E-05
Ar 4252  0.3157917E+02  0.1831536E+02  0.5004514E+02  0.3160723E-04  0.8818106E-05  0.4601765E-04
Ar 4253  0.3155561E+02  0.1568968E+02  0.5260831E+02 -0.4049883E-04  0.6450337E-04 -0.3020648E-04
Ar 4254  0.3417414E+02  0.1856902E+02  0.5266055E+02 -0.2776014E-05  0.2023146E-05  0.2564135E-04
Ar 4255  0.3410916E+02  0.1588065E+02  0.5526734E+02 -0.2523952E-04  0.3331761E-05 -0.1807342E-05
Ar 4256  0.3164841E+02  0.1842933E+02  0.5520410E+02 -0.3494483E-05 -0.1324315E-04 -0.2685026E-04
Ar 4257  0.3153900E+02  0.1576053E+02  0.5781263E+02  0.2314678E-04  0.6498454E-04  0.2512138E-04
Ar 4258  0.3416473E+02  0.1847533E+02  0.5787147E+02 -0.3584607E-04 -0.7340356E-04  0.3683335E-04
Ar 4259  0.3420655E+02  0.1579935E+02  0.6053927E+02 -0.1382055E-04 -0.6525394E-04 -0.8957562E-04
Ar 4260  0.3160709E+02  0.1858087E+02  0.6045523E+02  0.8189918E-04 -0.8800743E-04 -0.1662578E-04
Ar 4261  0.3139368E+02  0.1574542E+02  0.6301004E+02  0.3974104E-04 -0.3529500E-04 -0.7774166E-04
Ar 4262  0.3423195E+02  0.1837005E+02  0.6299750E+02 -0.1632238E-04 -0.9087503E-05 -0.5726569E-04
Ar 4263  0.3429054E+02  0.1582393E+02  0.6587473E+02 -0.6291732E-05  0.5929006E-04 -0.3129635E-04
Ar 4264  0.3151044E+02  0.1833039E+02  0.6573199E+02 -0.1620458E-04 -0.2187191E-04 -0.6282353E-04
Ar 4265  0.3153540E+02  0.2103977E+02  0.6854348E+02 -0.5734576E-04  0.4093781E-04 -0.6310390E-05
Ar 4266  0.3426457E+02  0.2360720E+02  0.6838432E+02  0.4786847E-04 -0.1864892E-04 -0.5027300E-04
Ar 4267  0.3418067E+02  0.2090852E+02  0.2600534E+01 -0.1320866E-04  0.1692483E-04 -0.8936855E-04
Ar 4268  0.3167225E+02  0.2355737E+02  0.2747665E+01  0.7531461E-04  0.4166677E-04  0.4371256E-04
Ar 4269  0.3144021E+02  0.2107999E+02  0.5332559E+01 -0.1237001E-03 -0.7460393E-04  0.1865971E-04
Ar 4270  0.3431047E+02  0.2373987E+02  0.5264710E+01  0.7791585E-04 -0.9078584E-04  0.2513681E-04
Ar 4271  0.3425041E+02  0.2112951E+02  0.7940390E+01 -0.1095865E-03 -0.6166679E-05 -0.4125784E-04
Ar 4272  0.3158485E+02  0.2372970E+02  0.7771352E+01 -0.3689753E-04  0.2814923E-04  0.3836495E-04
Ar 4273  0.3151340E+02  0.2107470E+02  0.1044800E+02 -0.1243156E-04 -0.8375052E-04  0.1538838E-04
Ar 4274  0.3414803E+02  0.2385586E+02  0.1044969E+02 -0.3975412E-04 -0.3301789E-04 -0.1094626E-04
Ar 4275  0.3406285E+02  0.2109645E+02  0.1306388E+02 -0.4214589E-04  0.7483932E-04  0.1668098E-04
Ar 4276  0.3156285E+02  0.2372919E+02  0.1325332E+02 -0.8925072E-05  0.7899461E-04 -0.8756846E-05
Ar 4277  0.3157575E+02  0.2099020E+02  0.1578675E+02  0.4532871E-05  0.4671354E-05 -0.7155959E-04
Ar 4278  0.3405167E+02  0.2377926E+02  0.1576931E+02 -0.6506199E-04  0.2165360E-04 -0.8910066E-05
Ar 4279  0.3422502E+02  0.2109139E+02  0.1837021E+02 -0.1076582E-04 -0.4347907E-04 -0.6184609E-04
Ar 4280  0.3159171E+02  0.2368251E+02  0.1846249E+02 -0.1259275E-04 -0.4542449E-04 -0.2917419E-04
Ar 4281  0.3156050E+02  0.2103924E+02  0.2094695E+02 -0.1560686E-04  0.7117062E-05  0.7437096E-06
Ar 4282  0.3408419E+02  0.2363521E+02  0.2096766E+02  0.1406001E-04  0.2905958E-04 -0.2134550E-04
Ar 4283  0.3435240E+02  0.2099930E+02  0.2363133E+02 -0.5274408E-04  0.2828662E-04 -0.7281127E-04
Ar 4284  0.3156566E+02  0.2357900E+02  0.2377101E+02 -0.4440587E-04  0.3611271E-05  0.3898250E-05
Ar 4285  0.3155576E+02  0.2098864E+02  0.2635524E+02 -0.1497357E-05 -0.6579763E-04 -0.1688572E-04
Ar 4286  0.3417012E+02  0.2370940E+02  0.2633161E+02 -0.5120771E-04 -0.5913447E-05 -0.7155882E-04
Ar 4287  0.3408128E+02  0.2109339E+02  0.2892189E+02 -0.2244803E-04 -0.3750100E-04  0.1151029E-04
Ar 4288  0.3152295E+02  0.2364627E+02  0.2888296E+02 -0.3470951E-04  0.4883794E-04 -0.5591641E-04
Ar 4289  0.3155841E+02  0.2099276E+02  0.3149630E+02  0.2122007E-04 -0.4890988E-04  0.6710285E-04
Ar 4290  0.3430441E+02  0.2370849E+02  0.3163393E+02 -0.1193543E-04 -0.5268755E-04 -0.6180859E-04
Ar 4291  0.3421755E+02  0.2101080E+02  0.3420715E+02  0.4026248E-05  0.5360767E-04 -0.6854652E-04
Ar 4292  0.3170696E+02  0.2359688E+02  0.3421839E+02 -0.3706458E-05  0.1078112E-04 -0.6320007E-04
Ar 4293  0.3153906E+02  0.2099401E+02  0.3670621E+02  0.1327387E-04 -0.5763943E-04  0.3537558E-05
Ar 4294  0.3426205E+02  0.2362749E+02  0.3686640E+02  0.3686903E-04 -0.5412522E-04  0.5770893E-04
Ar 4295  0.3417196E+02  0.2097281E+02  0.3945383E+02 -0.7509239E-04 -0.4367451E-04 -0.4170957E-04
Ar 4296  0.3157758E+02  0.2358235E+02  0.3953949E+02  0.5311337E-04  0.5334930E-04 -0.1417511E-03
Ar 4297  0.3160639E+02  0.2101360E+02  0.4217022E+02  0.6763517E-04 -0.6991979E-04 -0.5472129E-04
Ar 4298  0.3418717E+02  0.2367032E+02  0.4207015E+02 -0.1078878E-03 -0.3906620E-04  0.4042170E-04
Ar 4299  0.3415631E+02  0.2093722E+02  0.4472326E+02 -0.7044054E-04  0.3979121E-04  0.6020711E-04
Ar 4300  0.3164783E+02  0.2365187E+02  0.4466571E+02  0.4600634E-05 -0.9937172E-05 -0.8183193E-05
Ar 4301  0.3161913E+02  0.2110629E+02  0.4735822E+02  0.8230869E-05 -0.2868709E-04 -0.3383799E-04
Ar 4302  0.3431515E+02  0.2368911E+02  0.4741063E+02  0.3082386E-04 -0.3999632E-04  0.4672098E-04
Ar 4303  0.3422053E+02  0.2103012E+02  0.5001753E+02  0.6201554E-04 -0.1893263E-04 -0.4160233E-04
Ar 4304  0.3158454E+02  0.2360028E+02  0.4996712E+02 -0.1711536E-04  0.7680377E-05 -0.4308938E-04
Ar 4305  0.3145704E+02  0.2108400E+02  0.5263408E+02  0.1819076E-04 -0.3727419E-05 -0.3098841E-04
Ar 4306  0.3428315E+02  0.2366970E+02  0.5250165E+02  0.7299567E-04 -0.3543637E-04  0.2030870E-04
Ar 4307  0.3418640E+02  0.2110824E+02  0.5522381E+02 -0.5201490E-04 -0.1811078E-04 -0.1024945E-03
Ar 4308  0.3165357E+02  0.2362278E+02  0.5529084E+02  0.2728015E-04  0.4102337E-04  0.2745488E-04
Ar 4309  0.3156435E+02  0.2095790E+02  0.5788399E+02 -0.1152499E-04  0.1030209E-03 -0.3037649E-04
Ar 4310  0.3421108E+02  0.2365702E+02  0.5790495E+02 -0.4110145E-04 -0.2948971E-04 -0.1451203E-05
Ar 4311  0.3415802E+02  0.2106763E+02  0.6054394E+02  0.1077253E-04  0.2524779E-04 -0.2507035E-04
Ar 4312  0.3158469E+02  0.2361374E+02  0.6047039E+02  0.7644177E-05  0.7109530E-04 -0.4045321E-04
Ar 4313  0.3157546E+02  0.2109134E+02  0.6312979E+02 -0.4496175E-04 -0.1804901E-04 -0.3688422E-04
Ar 4314  0.3414618E+02  0.2367383E+02  0.6319301E+02  0.4726138E-04 -0.3519533E-04 -0.1530935E-04
Ar 4315  0.3397721E+02  0.2108336E+02  0.6565878E+02 -0.6143317E-04 -0.8229554E-04 -0.1252424E-04
Ar 4316  0.3161741E+02  0.2364700E+02  0.6569376E+02  0.6519306E-04 -0.2222781E-04 -0.7830795E-04
Ar 4317  0.3162167E+02  0.2633842E+02  0.6839990E+02  0.1923627E-04 -0.1273729E-04 -0.1561708E-04
Ar 4318  0.3422104E+02  0.2893568E+02  0.6843297E+02 -0.5348153E-05  0.5086237E-04 -0.4354422E-04
Ar 4319  0.3417027E+02  0.2631948E+02  0.2669047E+01  0.9556363E-04  0.3624386E-04 -0.2513362E-05
Ar 4320  0.3170058E+02  0.2891890E+02  0.2702958E+01  0.3323414E-04  0.7889046E-06 -0.2328109E-04
Ar 4321  0.3157973E+02  0.2634224E+02  0.5276852E+01  0.5622835E-04 -0.1029900E-04 -0.1059319E-03
Ar 4322  0.3429277E+02  0.2892858E+02  0.5295906E+01 -0.5156321E-04 -0.5885510E-04 -0.3974983E-05
Ar 4323  0.3416946E+02  0.2631257E+02  0.7907131E+01  0.6408298E-05 -0.1387890E-04  0.2556797E-04
Ar 4324  0.3164704E+02  0.2892264E+02  0.7987339E+01 -0.4972725E-04 -0.9553145E-04  0.3148692E-04
Ar 4325  0.3159234E+02  0.2626201E+02  0.1060829E+02 -0.5379369E-04 -0.1021789E-03  0.7250319E-05
Ar 4326  0.3429720E+02  0.2897072E+02  0.1063338E+02 -0.2551464E-04  0.4965556E-04 -0.8425001E-04
Ar 4327  0.3424576E+02  0.2634403E+02  0.1329118E+02  0.2747520E-04 -0.2865913E-05 -0.2214298E-04
Ar 4328  0.3147640E+02  0.2908345E+02  0.1320668E+02  0.9208459E-04  0.7409954E-05  0.9848654E-04
Ar 4329  0.3149968E+02  0.2632045E+02  0.1581474E+02 -0.3937223E-04 -0.6189420E-04  0.7312995E-06
Ar 4330  0.3406311E+02  0.2892222E+02  0.1575560E+02 -0.2441204E-04 -0.1550530E-04 -0.2615517E-04
Ar 4331  0.3424488E+02  0.2633607E+02  0.1840761E+02  0.9143328E-04  0.2764024E-05 -0.1330313E-04
Ar 4332  0.3164734E+02  0.2892808E+02  0.1830777E+02  0.1934305E-04  0.2665025E-04 -0.3199754E-04
Ar 4333  0.3168814E+02  0.2634775E+02  0.2125772E+02  0.7372096E-04  0.1152384E-04  0.3992032E-04
Ar 4334  0.3422338E+02  0.2893232E+02  0.2099487E+02 -0.5748750E-04 -0.7952136E-04 -0.1694396E-05
Ar 4335  0.3428418E+02  0.2628695E+02  0.2358483E+02  0.5014366E-04 -0.6048599E-04  0.3757125E-04
Ar 4336  0.3165370E+02  0.2890854E+02  0.2367285E+02  0.2009446E-04 -0.4563100E-04  0.4055741E-04
Ar 4337  0.3159687E+02  0.2635384E+02  0.2652186E+02  0.4752482E-04  0.1274755E-04  0.3581305E-04
Ar 4338  0.3414836E+02  0.2893032E+02  0.2632893E+02  0.1655218E-04 -0.1334784E-04 -0.4965013E-04
Ar 4339  0.3419294E+02  0.2646305E+02  0.2892225E+02  0.2297147E-04  0.5694538E-05 -0.6739420E-04
Ar 4340  0.3155368E+02  0.2886976E+02  0.2895900E+02  0.2209688E-04  0.3304162E-04 -0.5378034E-04
Ar 4341  0.3164591E+02  0.2629217E+02  0.3158918E+02 -0.9560018E-04 -0.4737283E-04  0.6527072E-05
Ar 4342  0.3413735E+02  0.2882095E+02  0.3163868E+02 -0.6988703E-04 -0.2759971E-05 -0.2169650E-04
Ar 4343  0.3416755E+02  0.2628507E+02  0.3422670E+02 -0.6510256E-04  0.2434005E-04 -0.5030758E-04
Ar 4344  0.3157643E+02  0.2892957E+02  0.3420368E+02  0.1130310E-04 -0.3285942E-04 -0.5299926E-04
Ar 4345  0.3156050E+02  0.2627130E+02  0.3690046E+02  0.1011482E-04 -0.4185671E-04 -0.6483031E-04
Ar 4346  0.3410922E+02  0.2889882E+02  0.3690729E+02  0.2246026E-04  0.1015093E-04 -0.7570926E-04
Ar 4347  0.3425756E+02  0.2634816E+02  0.3946972E+02 -0.2076149E-04  0.5385631E-05  0.2065708E-04
Ar 4348  0.3155625E+02  0.2890023E+02  0.3961937E+02 -0.2539810E-04  0.1627372E-04  0.1131890E-03
Ar 4349  0.3151161E+02  0.2636423E+02  0.4196293E+02 -0.2880806E-04 -0.3262785E-04  0.4785523E-04
Ar 4350  0.3417270E+02  0.2899983E+02  0.4207119E+02 -0.3060729E-04 -0.5507350E-04  0.2604025E-04
Ar 4351  0.3416902E+02  0.2632725E+02  0.4489945E+02 -0.6563506E-05 -0.2168176E-04 -0.3229526E-04
Ar 4352  0.3145137E+02  0.2890604E+02  0.4471284E+02 -0.4072160E-04  0.4735422E-04 -0.1712571E-04
Ar 4353  0.3147780E+02  0.2620108E+02  0.4728669E+02 -0.1781708E-04  0.4478876E-05 -0.2393542E-04
Ar 4354  0.3416251E+02  0.2898977E+02  0.4727748E+02 -0.1026978E-03  0.1085782E-03  0.1131285E-04
Ar 4355  0.3417773E+02  0.2627712E+02  0.4998427E+02  0.1278733E-04 -0.4677489E-04 -0.9721256E-04
Ar 4356  0.3158325E+02  0.2894641E+02  0.5005265E+02 -0.2542412E-04 -0.4848122E-04  0.6246401E-04
Ar 4357  0.3157428E+02  0.2642978E+02  0.5256603E+02  0.4005272E-04  0.1519126E-05  0.1310167E-04
Ar 4358  0.3420491E+02  0.2883246E+02  0.5263748E+02 -0.3327122E-04  0.4976773E-05  0.4406620E-04
Ar 4359  0.3430450E+02  0.2618964E+02  0.5522386E+02 -0.6150365E-04 -0.1293343E-04  0.2456788E-04
Ar 4360  0.3168677E+02  0.2894853E+02  0.5523979E+02 -0.1029236E-04 -0.6469737E-04  0.2009226E-04
Ar 4361  0.3145581E+02  0.2634636E+02  0.5790501E+02 -0.6687193E-05 -0.4319247E-04 -0.3736078E-04
Ar 4362  0.3422089E+02  0.2887357E+02  0.5781258E+02 -0.4732757E-04  0.3122078E-04 -0.1841963E-04
Ar 4363  0.3428575E+02  0.2640007E+02  0.6051539E+02 -0.3111143E-04 -0.7121947E-04  0.5221249E-04
Ar 4364  0.3154505E+02  0.2907840E+02  0.6057416E+02 -0.2833025E-04 -0.5541010E-04 -0.8822576E-05
Ar 4365  0.3161056E+02  0.2620375E+02  0.6312336E+02 -0.3095801E-04 -0.5251057E-04 -0.6974251E-04
Ar 4366  0.3427086E+02  0.2881962E+02  0.6306574E+02 -0.8256810E-04 -0.8012864E-04 -0.1184129E-04
Ar 4367  0.3415010E+02  0.2620183E+02  0.6581609E+02 -0.1579897E-04  0.6094038E-04 -0.2729865E-04
Ar 4368  0.3166521E+02  0.2886969E+02  0.6588697E+02 -0.3128226E-04  0.3322229E-04  0.4812104E-04
Ar 4369  0.3143470E+02  0.3157367E+02  0.6856677E+02 -0.4237123E-04 -0.2457063E-04  0.2003277E-05
Ar 4370  0.3422176E+02  0.3421243E+02  0.6850772E+02  0.1435559E-05 -0.9011751E-04 -0.3857794E-04
Ar 4371  0.3404097E+02  0.3167050E+02  0.2643137E+01  0.3157603E-04  0.4488351E-04 -0.9963182E-05
Ar 4372  0.3160054E+02  0.3419322E+02  0.2646484E+01  0.2731767E-04 -0.3186803E-04 -0.1957819E-04
Ar 4373  0.3157542E+02  0.3165163E+02  0.5284266E+01 -0.1445160E-03  0.2419442E-04  0.4185110E-04
Ar 4374  0.3422759E+02  0.3411206E+02  0.5254274E+01 -0.5915869E-04  0.1975156E-04  0.3220935E-04
Ar 4375  0.3419841E+02  0.3155323E+02  0.8029617E+01 -0.1535467E-04 -0.1965155E-04  0.1833199E-04
Ar 4376  0.3143783E+02  0.3420588E+02  0.7863454E+01 -0.5099601E-04  0.5678887E-04  0.2801761E-04
Ar 4377  0.3155104E+02  0.3150161E+02  0.1055630E+02 -0.1992518E-04 -0.3328947E-04 -0.2848626E-04
Ar 4378  0.3437033E+02  0.3424683E+02  0.1053825E+02 -0.1260379E-04 -0.4992490E-04 -0.4026869E-04
Ar 4379  0.3428304E+02  0.3161821E+02  0.1313377E+02 -0.5596567E-04 -0.1437057E-03  0.1142893E-04
Ar 4380  0.3155073E+02  0.3428899E+02  0.1316240E+02  0.5905759E-04  0.2137731E-04 -0.4735311E-05
Ar 4381  0.3159710E+02  0.3161934E+02  0.1574218E+02  0.3165551E-04 -0.6732626E-04 -0.8032998E-04
Ar 4382  0.3406528E+02  0.3424935E+02  0.1560889E+02  0.1253414E-05 -0.6250971E-04 -0.7840390E-04
Ar 4383  0.3415681E+02  0.3156647E+02  0.1837720E+02 -0.4596995E-04 -0.6777791E-04 -0.8322655E-04
Ar 4384  0.3155223E+02  0.3418514E+02  0.1839596E+02 -0.6578884E-04  0.2121058E-04 -0.2898895E-04
Ar 4385  0.3161063E+02  0.3157440E+02  0.2105593E+02  0.6970407E-05  0.5284476E-04 -0.2196593E-04
Ar 4386  0.3418107E+02  0.3420423E+02  0.2105595E+02  0.3374598E-04  0.2532704E-04  0.1353007E-04
Ar 4387  0.3420359E+02  0.3152750E+02  0.2376913E+02  0.3286973E-04 -0.9236359E-04  0.1020929E-04
Ar 4388  0.3165083E+02  0.3422194E+02  0.2360913E+02 -0.4338048E-04 -0.4551841E-04 -0.3827455E-04
Ar 4389  0.3153847E+02  0.3146682E+02  0.2633196E+02 -0.5482813E-04 -0.1551974E-04  0.7014633E-04
Ar 4390  0.3411378E+02  0.3423937E+02  0.2644206E+02 -0.4701643E-04 -0.1399689E-04 -0.2562436E-04
Ar 4391  0.3426955E+02  0.3151105E+02  0.2898598E+02  0.1618591E-04  0.7671030E-05 -0.7138469E-04
Ar 4392  0.3171037E+02  0.3425057E+02  0.2888598E+02  0.5183593E-04 -0.9238006E-04 -0.6045574E-04
Ar 4393  0.3151772E+02  0.3154475E+02  0.3156299E+02 -0.2419105E-04 -0.5337505E-04  0.6087532E-04
Ar 4394  0.3421227E+02  0.3430294E+02  0.3160659E+02  0.6570693E-04 -0.3652673E-05 -0.2380226E-04
Ar 4395  0.3416675E+02  0.3165683E+02  0.3430074E+02 -0.2710930E-04 -0.6310278E-04 -0.5342071E-04
Ar 4396  0.3147386E+02  0.3414769E+02  0.3412245E+02 -0.6791398E-04  0.4019308E-04 -0.1307170E-04
Ar 4397  0.3160494E+02  0.3157245E+02  0.3685755E+02 -0.3620902E-04 -0.8737519E-05 -0.1200294E-03
Ar 4398  0.3423156E+02  0.3423355E+02  0.3682361E+02 -0.4125564E-04  0.5923301E-04 -0.5990563E-05
Ar 4399  0.3426452E+02  0.3139596E+02  0.3945453E+02  0.9795806E-05  0.3044251E-04  0.2616925E-04
Ar 4400  0.3153208E+02  0.3414648E+02  0.3947145E+02 -0.2100651E-04  0.6574652E-04  0.2755552E-04
Ar 4401  0.3152015E+02  0.3164557E+02  0.4207334E+02 -0.4768561E-04 -0.4670840E-04 -0.9383367E-04
Ar 4402  0.3423928E+02  0.3422469E+02  0.4212865E+02  0.1071437E-04  0.1043905E-04 -0.2453852E-04
Ar 4403  0.3416220E+02  0.3158923E+02  0.4465037E+02 -0.1461572E-03 -0.4031965E-04  0.4014169E-05
Ar 4404  0.3158586E+02  0.3421698E+02  0.4471764E+02 -0.1836857E-04  0.6641027E-04  0.4749221E-04
Ar 4405  0.3163367E+02  0.3161645E+02  0.4740981E+02  0.4024935E-04 -0.3088945E-04 -0.7156826E-04
Ar 4406  0.3406441E+02  0.3425858E+02  0.4734806E+02  0.2335305E-04 -0.1705719E-04  0.2760281E-04
Ar 4407  0.3424526E+02  0.3148670E+02  0.5002079E+02 -0.4247176E-04 -0.3113432E-04  0.5234947E-04
Ar 4408  0.3147144E+02  0.3429076E+02  0.5002619E+02  0.6175450E-05 -0.2248812E-04 -0.1408103E-03
Ar 4409  0.3165399E+02  0.3157881E+02  0.5270256E+02 -0.7031653E-05  0.3360211E-04 -0.1569268E-03
Ar 4410  0.3423100E+02  0.3415267E+02  0.5262261E+02 -0.6903399E-04  0.3448749E-05  0.5739510E-04
Ar 4411  0.3423660E+02  0.3155814E+02  0.5522522E+02 -0.2388199E-04  0.3414202E-05 -0.8902990E-04
Ar 4412  0.3156247E+02  0.3411337E+02  0.5521591E+02 -0.1225183E-04 -0.2165967E-04  0.4949417E-05
Ar 4413  0.3147945E+02  0.3163829E+02  0.5790226E+02 -0.2589706E-04  0.9396960E-04 -0.9650413E-04
Ar 4414  0.3411255E+02  0.3410273E+02  0.5786340E+02  0.4574497E-05  0.6766577E-04  0.3009909E-04
Ar 4415  0.3420867E+02  0.3158263E+02  0.6047948E+02 -0.4838742E-04 -0.6891071E-04  0.2996739E-04
Ar 4416  0.3155408E+02  0.3413362E+02  0.6066683E+02  0.2671082E-05  0.3717182E-04 -0.9947195E-04
Ar 4417  0.3161992E+02  0.3142279E+02  0.6311696E+02 -0.1769178E-04 -0.2988409E-04 -0.1023497E-04
Ar 4418  0.3427647E+02  0.3436208E+02  0.6310320E+02  0.3597816E-04  0.9409073E-04 -0.9239630E-04
Ar 4419  0.3422884E+02  0.3152927E+02  0.6570821E+02 -0.3091539E-04  0.1286166E-04 -0.2406511E-04
Ar 4420  0.3151726E+02  0.3425564E+02  0.6581606E+02 -0.1397481E-04 -0.1343425E-04 -0.7207893E-04
Ar 4421  0.3159007E+02  0.3687064E+02  0.6832153E+02 -0.3708575E-04 -0.9752702E-04 -0.1001506E-04
Ar 4422  0.3414425E+02  0.3952210E+02  0.6838249E+02  0.2949632E-04 -0.7846100E-04  0.4435376E-05
Ar 4423  0.3422612E+02  0.3694190E+02  0.2669146E+01 -0.4249067E-04 -0.2461987E-04 -0.2442567E-04
Ar 4424  0.3161016E+02  0.3945330E+02  0.2579560E+01 -0.6184117E-04  0.6140764E-04 -0.3183237E-04
Ar 4425  0.3171754E+02  0.3671998E+02  0.5295338E+01  0.2005961E-04 -0.2039843E-04  0.4669671E-05
Ar 4426  0.3425592E+02  0.3950404E+02  0.5241258E+01 -0.1265968E-03 -0.6871495E-04  0.2606175E-04
Ar 4427  0.3419239E+02  0.3679576E+02  0.7846113E+01  0.4591884E-04  0.1190882E-04  0.4521345E-04
Ar 4428  0.3160152E+02  0.3942433E+02  0.7828399E+01  0.4579666E-04  0.4830851E-04 -0.4219572E-04
Ar 4429  0.3164178E+02  0.3686793E+02  0.1055961E+02  0.4089601E-04 -0.7649702E-04  0.2729025E-04
Ar 4430  0.3414752E+02  0.3946320E+02  0.1044882E+02  0.6907925E-05  0.5633847E-04 -0.4985601E-04
Ar 4431  0.3418803E+02  0.3690204E+02  0.1306815E+02 -0.1643802E-04 -0.6745440E-04  0.5826236E-04
Ar 4432  0.3158146E+02  0.3950418E+02  0.1314509E+02 -0.5562760E-04 -0.9544706E-04 -0.1523166E-04
Ar 4433  0.3156957E+02  0.3678317E+02  0.1583491E+02  0.9057307E-04 -0.8119041E-04  0.3947462E-04
Ar 4434  0.3422865E+02  0.3953576E+02  0.1576034E+02 -0.6447479E-04 -0.6121793E-04 -0.3793479E-04
Ar 4435  0.3417624E+02  0.3690558E+02  0.1837128E+02  0.7523438E-04 -0.6899604E-04  0.4341868E-04
Ar 4436  0.3154267E+02  0.3944016E+02  0.1850723E+02 -0.4851350E-04 -0.1035016E-03  0.4424714E-04
Ar 4437  0.3155811E+02  0.3687203E+02  0.2111274E+02  0.1167049E-04  0.4953746E-04 -0.2689562E-04
Ar 4438  0.3425398E+02  0.3954529E+02  0.2103299E+02 -0.5545217E-04  0.2012987E-04  0.9360273E-05
Ar 4439  0.3415275E+02  0.3679539E+02  0.2375869E+02 -0.1946126E-05 -0.4041276E-05 -0.6627213E-05
Ar 4440  0.3152887E+02  0.3950477E+02  0.2368865E+02 -0.1508929E-04 -0.2126667E-05  0.2717125E-04
Ar 4441  0.3147465E+02  0.3676725E+02  0.2625358E+02  0.3257121E-04 -0.3857351E-05  0.3666388E-05
Ar 4442  0.3422915E+02  0.3940595E+02  0.2631296E+02 -0.7438761E-04  0.2346843E-04 -0.5182565E-04
Ar 4443  0.3423168E+02  0.3689316E+02  0.2887572E+02 -0.6174324E-05 -0.4509639E-04  0.2725182E-04
Ar 4444  0.3147576E+02  0.3938313E+02  0.2893205E+02  0.1256366E-03  0.3527033E-04 -0.1161011E-04
Ar 4445  0.3151788E+02  0.3669851E+02  0.3160779E+02 -0.7412414E-04 -0.2712264E-04 -0.7353174E-04
Ar 4446  0.3415979E+02  0.3946273E+02  0.3167370E+02  0.7480528E-04 -0.2778272E-04  0.4831852E-05
Ar 4447  0.3411113E+02  0.3681615E+02  0.3422052E+02  0.1092127E-03  0.1694293E-04 -0.4096257E-04
Ar 4448  0.3163774E+02  0.3948194E+02  0.3415615E+02  0.4163636E-04 -0.2884810E-04 -0.9677959E-04
Ar 4449  0.3149977E+02  0.3689070E+02  0.3687004E+02  0.5611367E-04 -0.3650526E-05  0.1080546E-05
Ar 4450  0.3426575E+02  0.3939338E+02  0.3690809E+02 -0.8626760E-04 -0.4730259E-04  0.4315158E-04
Ar 4451  0.3418359E+02  0.3686603E+02  0.3954197E+02  0.4233203E-04 -0.5572302E-05 -0.4885131E-04
Ar 4452  0.3157567E+02  0.3950235E+02  0.3947535E+02 -0.9670360E-06  0.6257580E-04 -0.9120068E-05
Ar 4453  0.3154813E+02  0.3677885E+02  0.4214301E+02  0.7421798E-04  0.2145112E-04 -0.4722334E-04
Ar 4454  0.3422634E+02  0.3948731E+02  0.4205195E+02 -0.9903136E-04 -0.1565887E-04 -0.3576284E-04
Ar 4455  0.3433783E+02  0.3684795E+02  0.4472613E+02  0.3970723E-05 -0.4755318E-04 -0.8540378E-05
Ar 4456  0.3158293E+02  0.3944886E+02  0.4464144E+02 -0.5568844E-04 -0.1136894E-04  0.3486621E-04
Ar 4457  0.3157210E+02  0.3689697E+02  0.4723305E+02 -0.1866775E-04 -0.7966319E-04 -0.9618211E-04
Ar 4458  0.3423645E+02  0.3954519E+02  0.4731574E+02 -0.5567036E-06  0.2585312E-04  0.5182501E-04
Ar 4459  0.3421354E+02  0.3681899E+02  0.4987510E+02 -0.5447157E-04 -0.5953246E-04 -0.3882712E-04
Ar 4460  0.3149550E+02  0.3938757E+02  0.4999236E+02 -0.6306529E-04  0.4207938E-04 -0.4236548E-04
Ar 4461  0.3153309E+02  0.3695500E+02  0.5269045E+02  0.1679486E-04 -0.1365404E-03 -0.8265943E-04
Ar 4462  0.3421560E+02  0.3958330E+02  0.5270955E+02 -0.1055144E-04 -0.4216848E-04 -0.1098060E-04
Ar 4463  0.3417487E+02  0.3679739E+02  0.5526032E+02  0.5448844E-05 -0.7106695E-04 -0.5045782E-04
Ar 4464  0.3170056E+02  0.3951917E+02  0.5521567E+02  0.2216530E-04 -0.2573877E-04  0.1762124E-04
Ar 4465  0.3151017E+02  0.3684503E+02  0.5800412E+02 -0.2386499E-04  0.5875683E-04 -0.1163459E-04
Ar 4466  0.3428228E+02  0.3951864E+02  0.5789454E+02  0.6152264E-04 -0.1960530E-04 -0.3332238E-04
Ar 4467  0.3422340E+02  0.3687856E+02  0.6047246E+02  0.2015860E-04 -0.1888300E-04 -0.1930584E-04
Ar 4468  0.3153817E+02  0.3950179E+02  0.6055509E+02 -0.1267197E-04 -0.1308503E-04 -0.4809392E-05
Ar 4469  0.3148532E+02  0.3687170E+02  0.6321559E+02 -0.1535878E-04 -0.6099216E-04  0.3455314E-04
Ar 4470  0.3420469E+02  0.3944823E+02  0.6325877E+02 -0.1046623E-04  0.3572410E-04 -0.7674610E-04
Ar 4471  0.3425511E+02  0.3685237E+02  0.6576334E+02 -0.6794428E-04  0.2752888E-04 -0.6145550E-04
Ar 4472  0.3157976E+02  0.3951324E+02  0.6583719E+02  0.4685516E-04 -0.3027089E-04 -0.3863099E-05
Ar 4473  0.3165560E+02  0.4211428E+02  0.6830852E+02  0.6060440E-04 -0.6062205E-05 -0.9340845E-04
Ar 4474  0.3419485E+02  0.4470174E+02  0.6850911E+02 -0.2514058E-04 -0.2814199E-04  0.1103910E-04
Ar 4475  0.3419818E+02  0.4205327E+02  0.2672208E+01  0.2514563E-04  0.4270578E-04 -0.6090198E-04
Ar 4476  0.3162743E+02  0.4475065E+02  0.2680457E+01 -0.5445412E-05 -0.3723344E-04  0.5048289E-05
Ar 4477  0.3162109E+02  0.4196185E+02  0.5363713E+01  0.7115054E-05 -0.1705535E-04  0.1086060E-03
Ar 4478  0.3411213E+02  0.4470390E+02  0.5267811E+01 -0.3864632E-04  0.7409825E-05  0.1052640E-04
Ar 4479  0.3408482E+02  0.4206384E+02  0.7898651E+01  0.1226939E-04 -0.7895714E-04 -0.5045776E-05
Ar 4480  0.3160842E+02  0.4459587E+02  0.7881276E+01  0.5509349E-04 -0.2605098E-04 -0.1480041E-04
Ar 4481  0.3168592E+02  0.4206986E+02  0.1053397E+02 -0.2453991E-04  0.1163622E-04 -0.2117801E-04
Ar 4482  0.3423731E+02  0.4487341E+02  0.1050050E+02  0.5758006E-04 -0.1193822E-04  0.1020264E-06
Ar 4483  0.3429877E+02  0.4209173E+02  0.1314270E+02  0.1901626E-04  0.8711814E-05 -0.3173477E-04
Ar 4484  0.3157210E+02  0.4473115E+02  0.1313684E+02 -0.4413061E-04 -0.2827711E-04 -0.4802374E-04
Ar 4485  0.3157374E+02  0.4207590E+02  0.1572187E+02  0.1199779E-04 -0.4448889E-04  0.5708291E-04
Ar 4486  0.3416566E+02  0.4478327E+02  0.1579761E+02 -0.3720233E-04 -0.2249084E-04 -0.3877931E-04
Ar 4487  0.3407933E+02  0.4215778E+02  0.1847229E+02 -0.1911407E-05  0.3450554E-04  0.6540337E-06
Ar 4488  0.3158284E+02  0.4473705E+02  0.1849262E+02 -0.1770357E-04  0.1835189E-04 -0.1412014E-05
Ar 4489  0.3151551E+02  0.4210951E+02  0.2103372E+02  0.9548903E-05 -0.1391582E-04  0.2684437E-04
Ar 4490  0.3417583E+02  0.4464905E+02  0.2104708E+02  0.2967064E-04 -0.1290993E-04 -0.8304340E-05
Ar 4491  0.3411653E+02  0.4198436E+02  0.2372180E+02 -0.3531888E-05 -0.2931340E-04 -0.2118947E-04
Ar 4492  0.3151060E+02  0.4466831E+02  0.2374669E+02 -0.6509147E-04  0.5605880E-04  0.8210450E-04
Ar 4493  0.3160484E+02  0.4221955E+02  0.2639006E+02 -0.2952738E-04 -0.2024794E-04 -0.7345692E-05
Ar 4494  0.3429705E+02  0.4487294E+02  0.2635256E+02 -0.4905055E-04 -0.6020496E-04 -0.6037477E-04
Ar 4495  0.3412113E+02  0.4210279E+02  0.2904893E+02 -0.4077155E-04 -0.6406324E-06 -0.7952470E-04
Ar 4496  0.3166026E+02  0.4475727E+02  0.2894380E+02 -0.7557629E-04 -0.9901641E-05  0.1679171E-04
Ar 4497  0.3162687E+02  0.4214126E+02  0.3161974E+02  0.3962228E-04 -0.2582642E-04  0.1978025E-05
Ar 4498  0.3426462E+02  0.4470906E+02  0.3165082E+02  0.2556459E-04  0.1260822E-04 -0.3721123E-04
Ar 4499  0.3407394E+02  0.4207028E+02  0.3416552E+02 -0.6638881E-05  0.8496238E-05 -0.2255737E-04
Ar 4500  0.3151325E+02  0.4479851E+02  0.3423492E+02  0.2204852E-04 -0.1738137E-04 -0.4237116E-04
Ar 4501  0.3157500E+02  0.4216278E+02  0.3686476E+02 -0.5434155E-04 -0.5437187E-04 -0.1060617E-04
Ar 4502  0.3432705E+02  0.4466343E+02  0.3683797E+02  0.1983387E-04 -0.1196855E-04 -0.3333937E-04
Ar 4503  0.3425446E+02  0.4201582E+02  0.3945493E+02 -0.7678027E-04  0.2136377E-04 -0.5170701E-05
Ar 4504  0.3162184E+02  0.4462368E+02  0.3955995E+02 -0.7703155E-04 -0.3272326E-04  0.6900442E-04
Ar 4505  0.3158531E+02  0.4213272E+02  0.4217298E+02 -0.6744285E-04 -0.8639866E-04  0.3969186E-04
Ar 4506  0.3419554E+02  0.4465149E+02  0.4208920E+02 -0.4118274E-04 -0.2044807E-04  0.3366699E-04
Ar 4507  0.3419161E+02  0.4209861E+02  0.4476509E+02  0.2424758E-04  0.9498909E-04 -0.1757925E-04
Ar 4508  0.3159858E+02  0.4471426E+02  0.4464794E+02 -0.1496550E-04  0.1158781E-04 -0.2669952E-04
Ar 4509  0.3144074E+02  0.4202134E+02  0.4731583E+02 -0.8251937E-04 -0.6867501E-04 -0.1251816E-04
Ar 4510  0.3409651E+02  0.4478002E+02  0.4731755E+02 -0.1288071E-03 -0.5419601E-04 -0.6340876E-04
Ar 4511  0.3416108E+02  0.4218380E+02  0.4997148E+02 -0.9190528E-04 -0.4300264E-04 -0.9761788E-04
Ar 4512  0.3165724E+02  0.4466296E+02  0.4988024E+02 -0.8252572E-05  0.9254134E-06 -0.7870587E-04
Ar 4513  0.3150091E+02  0.4206550E+02  0.5266172E+02  0.5363872E-04 -0.3562182E-04 -0.2844700E-04
Ar 4514  0.3420530E+02  0.4471339E+02  0.5271183E+02 -0.6146512E-05 -0.5879422E-04 -0.4577963E-04
Ar 4515  0.3422041E+02  0.4201060E+02  0.5531515E+02 -0.5708756E-04 -0.6046540E-04 -0.6249565E-04
Ar 4516  0.3157215E+02  0.4470504E+02  0.5526893E+02 -0.5406044E-04 -0.1297576E-04 -0.3178331E-06
Ar 4517  0.3147750E+02  0.4210993E+02  0.5778191E+02 -0.5547561E-04  0.5284961E-04 -0.2311704E-04
Ar 4518  0.3421117E+02  0.4462814E+02  0.5797702E+02 -0.6621056E-04  0.1541228E-04  0.1935173E-04
Ar 4519  0.3424498E+02  0.4219677E+02  0.6051506E+02  0.4556076E-04 -0.6393309E-05 -0.3787026E-04
Ar 4520  0.3161142E+02  0.4468975E+02  0.6052400E+02  0.4597138E-04 -0.5168778E-04 -0.1166715E-03
Ar 4521  0.3165999E+02  0.4217133E+02  0.6323331E+02 -0.3890841E-04 -0.4335852E-05 -0.4343876E-05
Ar 4522  0.3417674E+02  0.4476023E+02  0.6305052E+02  0.3503972E-04 -0.5153634E-04 -0.5987402E-05
Ar 4523  0.3421778E+02  0.4211860E+02  0.6578201E+02 -0.4910369E-04 -0.1126884E-03  0.4941027E-04
Ar 4524  0.3155698E+02  0.4464431E+02  0.6585930E+02 -0.2818499E-04 -0.3363167E-05 -0.5867897E-04
Ar 4525  0.3161506E+02  0.4736203E+02  0.6841414E+02 -0.4497744E-04  0.1045400E-04 -0.4846842E-06
Ar 4526  0.3410793E+02  0.5009339E+02  0.6834088E+02 -0.9273220E-04 -0.4123598E-04 -0.1018986E-04
Ar 4527  0.3418008E+02  0.4732984E+02  0.2633946E+01  0.5206140E-04  0.8417696E-05  0.9131326E-04
Ar 4528  0.3166037E+02  0.4988087E+02  0.2650922E+01  0.1702313E-04  0.1732952E-04 -0.5542150E-05
Ar 4529  0.3155932E+02  0.4730197E+02  0.5278618E+01 -0.1969479E-04  0.3951399E-04 -0.5569143E-04
Ar 4530  0.3423421E+02  0.5000848E+02  0.5262406E+01 -0.2640271E-04  0.3357162E-04  0.1760521E-04
Ar 4531  0.3430127E+02  0.4745358E+02  0.7994856E+01 -0.7544343E-05 -0.1414783E-04  0.6057626E-05
Ar 4532  0.3156520E+02  0.4990250E+02  0.7867345E+01  0.3784609E-04  0.7899112E-05  0.3205258E-04
Ar 4533  0.3178362E+02  0.4742636E+02  0.1051899E+02 -0.5477402E-04  0.2240443E-04  0.2552079E-04
Ar 4534  0.3428613E+02  0.5005459E+02  0.1035110E+02 -0.2255860E-04 -0.3654896E-04 -0.3526981E-04
Ar 4535  0.3419619E+02  0.4739647E+02  0.1328659E+02 -0.1028244E-03  0.4677658E-04 -0.8234755E-05
Ar 4536  0.3160331E+02  0.5004444E+02  0.1310223E+02 -0.3560372E-04 -0.6967714E-04  0.1297539E-04
Ar 4537  0.3158780E+02  0.4735515E+02  0.1576222E+02 -0.4509520E-04  0.5570839E-05  0.3415363E-04
Ar 4538  0.3421272E+02  0.5006261E+02  0.1569079E+02 -0.6165878E-04  0.2292762E-04 -0.6575388E-04
Ar 4539  0.3425697E+02  0.4728207E+02  0.1850611E+02  0.1819280E-04  0.6356034E-05  0.3388626E-04
Ar 4540  0.3169616E+02  0.5002951E+02  0.1839681E+02 -0.1903310E-04 -0.2390138E-04 -0.3043724E-04
Ar 4541  0.3155286E+02  0.4723849E+02  0.2113306E+02  0.6071584E-05 -0.1231550E-04 -0.1966940E-05
Ar 4542  0.3434815E+02  0.5003800E+02  0.2108502E+02 -0.2683798E-04 -0.1648635E-04  0.1086211E-04
Ar 4543  0.3432890E+02  0.4735422E+02  0.2363060E+02 -0.1897859E-04 -0.6828982E-04  0.3962561E-04
Ar 4544  0.3165509E+02  0.4989920E+02  0.2363775E+02 -0.3905800E-04 -0.7712494E-04  0.1917417E-04
Ar 4545  0.3152608E+02  0.4735340E+02  0.2642058E+02 -0.4182535E-04 -0.4113930E-04 -0.1787311E-04
Ar 4546  0.3423447E+02  0.4993524E+02  0.2629715E+02 -0.4507334E-04  0.6444857E-05 -0.2735073E-04
Ar 4547  0.3406913E+02  0.4729142E+02  0.2884757E+02 -0.3843556E-04 -0.3928371E-04  0.4434678E-04
Ar 4548  0.3146115E+02  0.5002004E+02  0.2894368E+02  0.7473668E-04  0.1454382E-04 -0.4881084E-04
Ar 4549  0.3150145E+02  0.4740621E+02  0.3157450E+02  0.6548272E-04  0.2365275E-05 -0.5749896E-05
Ar 4550  0.3422685E+02  0.4997124E+02  0.3151377E+02 -0.9315403E-04 -0.2206334E-04 -0.6404545E-05
Ar 4551  0.3412644E+02  0.4756004E+02  0.3415379E+02 -0.6710832E-04  0.5449233E-04  0.1397452E-04
Ar 4552  0.3154050E+02  0.4989449E+02  0.3419455E+02 -0.8302285E-04 -0.1380647E-04 -0.1178860E-03
Ar 4553  0.3162985E+02  0.4747210E+02  0.3686600E+02  0.3770141E-04 -0.3829940E-05  0.6169929E-04
Ar 4554  0.3423367E+02  0.4999295E+02  0.3691389E+02 -0.2412424E-04 -0.4828714E-05  0.6746647E-04
Ar 4555  0.3418506E+02  0.4737107E+02  0.3941363E+02 -0.1122166E-04  0.3322570E-04 -0.5387255E-04
Ar 4556  0.3148169E+02  0.4990881E+02  0.3944966E+02 -0.4694715E-04  0.7485816E-05 -0.2407633E-04
Ar 4557  0.3150127E+02  0.4733163E+02  0.4219771E+02 -0.7849112E-04 -0.4289006E-04 -0.2401868E-04
Ar 4558  0.3423471E+02  0.5005320E+02  0.4202978E+02  0.4153124E-04 -0.3083048E-04  0.3403346E-04
Ar 4559  0.3434979E+02  0.4741214E+02  0.4481115E+02  0.6713857E-04  0.3007101E-04 -0.2928798E-04
Ar 4560  0.3168093E+02  0.5000940E+02  0.4476751E+02  0.7175352E-04 -0.4363609E-04 -0.4663602E-04
Ar 4561  0.3153452E+02  0.4737664E+02  0.4722509E+02 -0.4025157E-04 -0.2512168E-04 -0.2197533E-04
Ar 4562  0.3427737E+02  0.5007865E+02  0.4740435E+02 -0.7662235E-06 -0.2632455E-04  0.8233050E-05
Ar 4563  0.3423689E+02  0.4726671E+02  0.5000518E+02 -0.1543832E-04 -0.9462885E-05  0.1016337E-04
Ar 4564  0.3172702E+02  0.5003995E+02  0.5002410E+02 -0.2357564E-04 -0.7430954E-04  0.2149428E-04
Ar 4565  0.3150726E+02  0.4738589E+02  0.5266815E+02  0.8691180E-04 -0.3493051E-04  0.6564244E-05
Ar 4566  0.3426128E+02  0.5004688E+02  0.5246310E+02  0.6300599E-04  0.3250414E-04 -0.1065690E-03
Ar 4567  0.3414324E+02  0.4731700E+02  0.5514652E+02 -0.1452839E-03 -0.4032306E-04 -0.9100471E-04
Ar 4568  0.3149680E+02  0.4988975E+02  0.5509136E+02  0.8440158E-04  0.3439002E-05 -0.5833914E-04
Ar 4569  0.3153970E+02  0.4736566E+02  0.5799815E+02 -0.8958317E-04 -0.2986976E-04  0.3917597E-04
Ar 4570  0.3428613E+02  0.5004270E+02  0.5792255E+02  0.9116815E-05 -0.5028086E-04 -0.1176541E-04
Ar 4571  0.3417411E+02  0.4749776E+02  0.6057865E+02 -0.1611977E-04  0.1207087E-03 -0.1721186E-04
Ar 4572  0.3148955E+02  0.5000031E+02  0.6051875E+02  0.6630453E-04 -0.3141113E-04 -0.2577640E-04
Ar 4573  0.3148249E+02  0.4741209E+02  0.6315289E+02  0.4160031E-04  0.1814133E-04  0.5140520E-04
Ar 4574  0.3423418E+02  0.5000896E+02  0.6315102E+02 -0.7102983E-04 -0.5021203E-04 -0.8120968E-04
Ar 4575  0.3415657E+02  0.4721404E+02  0.6577133E+02  0.9062261E-04 -0.6069146E-04  0.2348408E-04
Ar 4576  0.3157467E+02  0.4995532E+02  0.6573793E+02  0.2403286E-04  0.2512058E-04  0.1616292E-04
Ar 4577  0.3162426E+02  0.5266935E+02  0.6837769E+02 -0.6394609E-04  0.2376006E-04 -0.1790410E-04
Ar 4578  0.3428520E+02  0.5523364E+02  0.6841354E+02  0.7877332E-04  0.5339820E-04 -0.3625371E-04
Ar 4579  0.3414738E+02  0.5253995E+02  0.2618084E+01 -0.4188850E-04 -0.3373310E-05  0.2824229E-04
Ar 4580  0.3161862E+02  0.5518026E+02  0.2794514E+01  0.9503879E-04 -0.2559073E-04  0.3407866E-06
Ar 4581  0.3161550E+02  0.5267675E+02  0.5353663E+01 -0.2967054E-04  0.2228551E-04 -0.4947142E-04
Ar 4582  0.3412730E+02  0.5525639E+02  0.5159667E+01  0.2996185E-04 -0.3663478E-04  0.1676702E-04
Ar 4583  0.3410643E+02  0.5244726E+02  0.7938604E+01  0.3438793E-04  0.3820247E-04  0.1265603E-04
Ar 4584  0.3155547E+02  0.5520674E+02  0.7881523E+01 -0.2966699E-04  0.2080862E-04 -0.1385432E-05
Ar 4585  0.3152976E+02  0.5268731E+02  0.1050310E+02  0.1044899E-04  0.5871118E-04 -0.3710222E-04
Ar 4586  0.3425097E+02  0.5531150E+02  0.1055868E+02 -0.1060769E-04  0.8424299E-05  0.2603614E-04
Ar 4587  0.3423008E+02  0.5275189E+02  0.1306472E+02 -0.2593471E-04 -0.9872933E-04  0.5431653E-04
Ar 4588  0.3147608E+02  0.5515869E+02  0.1306064E+02 -0.4100895E-04 -0.1372823E-04 -0.4717225E-04
Ar 4589  0.3166710E+02  0.5256366E+02  0.1564987E+02 -0.3231228E-04 -0.4299095E-04 -0.1850159E-04
Ar 4590  0.3405516E+02  0.5523244E+02  0.1584245E+02  0.3063409E-04  0.1826264E-04  0.9874038E-05
Ar 4591  0.3422615E+02  0.5267065E+02  0.1844729E+02 -0.3180388E-04  0.7049437E-04 -0.3985040E-04
Ar 4592  0.3150599E+02  0.5519644E+02  0.1841188E+02  0.5608893E-04 -0.2031895E-04 -0.8818211E-04
Ar 4593  0.3162407E+02  0.5264544E+02  0.2105541E+02 -0.5219523E-04 -0.1584206E-04 -0.1326686E-04
Ar 4594  0.3422482E+02  0.5526696E+02  0.2096627E+02  0.1132427E-03 -0.3834360E-04 -0.5678262E-04
Ar 4595  0.3416325E+02  0.5255948E+02  0.2374997E+02 -0.3699080E-04  0.1567441E-04  0.2147093E-04
Ar 4596  0.3152779E+02  0.5531709E+02  0.2369306E+02  0.1372301E-04 -0.9740875E-04 -0.6824980E-04
Ar 4597  0.3158043E+02  0.5261183E+02  0.2635039E+02  0.7662807E-04  0.2546082E-04 -0.5698739E-04
Ar 4598  0.3424687E+02  0.5523909E+02  0.2638092E+02 -0.2026290E-04  0.2493122E-04 -0.6191483E-04
Ar 4599  0.3415771E+02  0.5267374E+02  0.2895389E+02  0.2788073E-04 -0.9712532E-04  0.3478941E-04
Ar 4600  0.3161821E+02  0.5522304E+02  0.2902849E+02 -0.3172397E-04  0.7443267E-05 -0.5704108E-04
Ar 4601  0.3167421E+02  0.5265948E+02  0.3161761E+02 -0.4358283E-05 -0.6537532E-04 -0.3605141E-04
Ar 4602  0.3420219E+02  0.5517958E+02  0.3166436E+02 -0.4736804E-04  0.3532102E-04  0.1097474E-05
Ar 4603  0.3424161E+02  0.5259675E+02  0.3421178E+02  0.8437322E-04 -0.6524325E-04 -0.5325684E-04
Ar 4604  0.3158868E+02  0.5521966E+02  0.3422876E+02 -0.4669238E-04 -0.4203683E-04  0.8375027E-06
Ar 4605  0.3156821E+02  0.5260542E+02  0.3683329E+02 -0.8954092E-05 -0.3354113E-04 -0.4726071E-04
Ar 4606  0.3426714E+02  0.5521326E+02  0.3688405E+02 -0.4666699E-04 -0.1979084E-04 -0.6344114E-04
Ar 4607  0.3416550E+02  0.5261832E+02  0.3942631E+02 -0.6822239E-04  0.1249951E-04 -0.1107153E-03
Ar 4608  0.3162964E+02  0.5512478E+02  0.3947026E+02 -0.1925300E-04 -0.4438823E-04 -0.1653440E-04
Ar 4609  0.3156580E+02  0.5256503E+02  0.4211598E+02  0.4644882E-04  0.4827751E-05  0.3513029E-04
Ar 4610  0.3425140E+02  0.5523792E+02  0.4226988E+02  0.8186931E-05  0.5404545E-04  0.2796601E-04
Ar 4611  0.3430980E+02  0.5250068E+02  0.4465147E+02 -0.2992935E-04  0.1477923E-04  0.4068214E-04
Ar 4612  0.3150392E+02  0.5526250E+02  0.4472462E+02 -0.1010326E-04 -0.8466650E-04 -0.8277713E-04
Ar 4613  0.3158514E+02  0.5259948E+02  0.4734618E+02  0.4136533E-05 -0.8795720E-04  0.2376310E-04
Ar 4614  0.3419175E+02  0.5521924E+02  0.4734418E+02 -0.2077161E-04 -0.4790422E-04  0.6456815E-05
Ar 4615  0.3419623E+02  0.5259052E+02  0.4998449E+02 -0.5898031E-04  0.1176339E-03 -0.6886753E-04
Ar 4616  0.3151086E+02  0.5531375E+02  0.5003251E+02 -0.3219568E-04 -0.2246623E-04  0.4969557E-04
Ar 4617  0.3162058E+02  0.5269583E+02  0.5262150E+02 -0.1521449E-05  0.1943606E-04  0.3014578E-04
Ar 4618  0.3423568E+02  0.5518914E+02  0.5270771E+02  0.1957549E-04  0.6628020E-04  0.5101676E-04
Ar 4619  0.3427093E+02  0.5255776E+02  0.5535671E+02 -0.2103898E-04  0.1262755E-04 -0.6397798E-06
Ar 4620  0.3140662E+02  0.5518330E+02  0.5531388E+02 -0.1501252E-04  0.5594612E-04  0.2859209E-04
Ar 4621  0.3157465E+02  0.5259002E+02  0.5795345E+02  0.2937904E-04 -0.4265897E-04 -0.8030722E-04
Ar 4622  0.3419406E+02  0.5527474E+02  0.5793275E+02  0.1633360E-05  0.7264143E-05 -0.1716462E-04
Ar 4623  0.3414583E+02  0.5270688E+02  0.6065487E+02  0.1671158E-04 -0.5378479E-04 -0.6290989E-05
Ar 4624  0.3165125E+02  0.5524738E+02  0.6056257E+02  0.5800398E-04 -0.7922983E-04 -0.7494795E-04
Ar 4625  0.3159181E+02  0.5264457E+02  0.6308131E+02  0.2589934E-04 -0.5219064E-04 -0.6276038E-04
Ar 4626  0.3417961E+02  0.5527577E+02  0.6322531E+02 -0.5051791E-04 -0.3884637E-04  0.2077031E-04
Ar 4627  0.3424709E+02  0.5262899E+02  0.6579296E+02 -0.7163093E-04  0.8633928E-05 -0.3257184E-04
Ar 4628  0.3162542E+02  0.5530799E+02  0.6591612E+02 -0.3725424E-04  0.5315631E-04 -0.8761583E-04
Ar 4629  0.3153406E+02  0.5793419E+02  0.6839345E+02  0.3963464E-05 -0.9415289E-04 -0.4842979E-04
Ar 4630  0.3431480E+02  0.6069838E+02  0.6838182E+02 -0.3150548E-04 -0.5041342E-04 -0.7678059E-04
Ar 4631  0.3415869E+02  0.5788021E+02  0.2647863E+01  0.3292895E-04  0.9442472E-04 -0.2751515E-04
Ar 4632  0.3154542E+02  0.6047833E+02  0.2656786E+01  0.5699282E-04  0.2469169E-04  0.7179757E-04
Ar 4633  0.3161191E+02  0.5801658E+02  0.5349682E+01  0.2575365E-05 -0.5719421E-05  0.5291595E-04
Ar 4634  0.3409260E+02  0.6054223E+02  0.5303685E+01 -0.5982116E-05  0.2681498E-04  0.4441200E-04
Ar 4635  0.3426485E+02  0.5787997E+02  0.7854153E+01  0.9135070E-04 -0.7297890E-04 -0.3463219E-04
Ar 4636  0.3146588E+02  0.6056991E+02  0.7827111E+01 -0.8271116E-04  0.8795986E-05 -0.3975124E-04
Ar 4637  0.3163010E+02  0.5787668E+02  0.1042214E+02  0.8134099E-04 -0.2499253E-04  0.1979956E-05
Ar 4638  0.3420672E+02  0.6035254E+02  0.1054027E+02 -0.3567297E-05  0.5194843E-05 -0.7780172E-04
Ar 4639  0.3413916E+02  0.5781746E+02  0.1314297E+02 -0.9684292E-04 -0.8727435E-04 -0.3814506E-04
Ar 4640  0.3153076E+02  0.6056830E+02  0.1320196E+02 -0.4761454E-04 -0.4729303E-05 -0.3136172E-04
Ar 4641  0.3157674E+02  0.5792249E+02  0.1577162E+02 -0.4830331E-04 -0.6929881E-04  0.2488783E-04
Ar 4642  0.3417044E+02  0.6046201E+02  0.1567359E+02 -0.2337737E-04 -0.2580803E-04  0.2440800E-04
Ar 4643  0.3419672E+02  0.5783626E+02  0.1845924E+02 -0.6462377E-04 -0.5279259E-04  0.1129503E-05
Ar 4644  0.3155723E+02  0.6052179E+02  0.1838972E+02 -0.3162173E-04  0.8784514E-04 -0.1499985E-04
Ar 4645  0.3153770E+02  0.5804383E+02  0.2106674E+02  0.7181873E-04  0.8368938E-04  0.4323777E-04
Ar 4646  0.3419170E+02  0.6053017E+02  0.2094477E+02 -0.5573431E-04 -0.1049014E-04 -0.1173052E-03
Ar 4647  0.3419640E+02  0.5778794E+02  0.2371897E+02  0.1148764E-04 -0.6386224E-04 -0.5024159E-04
Ar 4648  0.3152922E+02  0.6053894E+02  0.2369393E+02 -0.1026335E-04 -0.7127144E-04  0.5928900E-04
Ar 4649  0.3164549E+02  0.5780645E+02  0.2632658E+02  0.7979536E-04 -0.9489867E-04 -0.2177733E-04
Ar 4650  0.3416448E+02  0.6043054E+02  0.2634641E+02 -0.3473827E-05 -0.5582958E-04 -0.1143231E-03
Ar 4651  0.3425967E+02  0.5799413E+02  0.2892772E+02  0.1823611E-04 -0.3351203E-04  0.1902480E-04
Ar 4652  0.3152354E+02  0.6057152E+02  0.2896473E+02  0.4219976E-04  0.4528196E-04 -0.6532360E-04
Ar 4653  0.3158450E+02  0.5775100E+02  0.3163973E+02 -0.5222555E-04  0.1375513E-04 -0.3080262E-04
Ar 4654  0.3413332E+02  0.6055843E+02  0.3148642E+02 -0.2172921E-05  0.4026808E-04  0.6256736E-04
Ar 4655  0.3423844E+02  0.5782837E+02  0.3435733E+02 -0.8799086E-04 -0.2130068E-04 -0.9268262E-04
Ar 4656  0.3158973E+02  0.6060773E+02  0.3418046E+02  0.5845912E-04  0.9208451E-04 -0.5161880E-04
Ar 4657  0.3171201E+02  0.5782036E+02  0.3675094E+02 -0.1798566E-04 -0.6998657E-04  0.4293191E-04
Ar 4658  0.3411697E+02  0.6051161E+02  0.3679955E+02 -0.2169228E-04 -0.2316677E-04 -0.3914314E-04
Ar 4659  0.3418679E+02  0.5789831E+02  0.3944492E+02  0.2324603E-04  0.5570151E-04 -0.3048009E-04
Ar 4660  0.3162996E+02  0.6032194E+02  0.3946971E+02 -0.1127014E-04 -0.4998855E-04  0.7091984E-05
Ar 4661  0.3152154E+02  0.5786399E+02  0.4212759E+02 -0.9723701E-04 -0.7339843E-04 -0.4806834E-04
Ar 4662  0.3412183E+02  0.6042388E+02  0.4215595E+02 -0.6819009E-05  0.7337843E-04  0.2486590E-06
Ar 4663  0.3427535E+02  0.5804903E+02  0.4478039E+02  0.5866755E-04 -0.1997687E-04  0.1100763E-04
Ar 4664  0.3151031E+02  0.6046140E+02  0.4473613E+02  0.3041948E-04  0.1174229E-04  0.1298577E-04
Ar 4665  0.3165331E+02  0.5801024E+02  0.4723424E+02 -0.3784004E-04  0.8734411E-04 -0.1559628E-04
Ar 4666  0.3411412E+02  0.6055785E+02  0.4741654E+02  0.2468481E-04 -0.6928801E-05 -0.6695858E-04
Ar 4667  0.3417603E+02  0.5784739E+02  0.4992461E+02 -0.1102953E-03 -0.1367127E-04  0.2074491E-04
Ar 4668  0.3164076E+02  0.6064296E+02  0.4994781E+02 -0.3094313E-04 -0.2693306E-04 -0.3796946E-04
Ar 4669  0.3158998E+02  0.5779936E+02  0.5268214E+02  0.1192699E-04 -0.2167432E-04  0.5707526E-04
Ar 4670  0.3430038E+02  0.6055543E+02  0.5265677E+02 -0.2755703E-05 -0.6706372E-04  0.2807146E-04
Ar 4671  0.3424307E+02  0.5777884E+02  0.5518918E+02 -0.3277386E-05  0.8481399E-04 -0.4498874E-04
Ar 4672  0.3161551E+02  0.6049053E+02  0.5521655E+02 -0.8799186E-06 -0.7455288E-04 -0.4605772E-04
Ar 4673  0.3163869E+02  0.5785798E+02  0.5808204E+02 -0.1401843E-04 -0.4523928E-04 -0.8128550E-04
Ar 4674  0.3423304E+02  0.6061595E+02  0.5790615E+02 -0.7456103E-04 -0.7647901E-04 -0.1246978E-03
Ar 4675  0.3418986E+02  0.5788670E+02  0.6062980E+02 -0.1284079E-04 -0.2948965E-04 -0.5956200E-04
Ar 4676  0.3165253E+02  0.6059518E+02  0.6057720E+02 -0.2346471E-07  0.4666672E-04 -0.2230494E-04
Ar 4677  0.3155552E+02  0.5790486E+02  0.6315135E+02 -0.3315135E-04 -0.3682627E-05 -0.7703900E-05
Ar 4678  0.3425617E+02  0.6057381E+02  0.6317516E+02  0.4185459E-04  0.2407681E-04  0.6330497E-05
Ar 4679  0.3428009E+02  0.5787142E+02  0.6581406E+02  0.3825981E-04 -0.2838599E-04 -0.6577473E-05
Ar 4680  0.3156713E+02  0.6043501E+02  0.6589622E+02 -0.8714738E-04  0.4101958E-05 -0.6937486E-04
Ar 4681  0.3154557E+02  0.6321489E+02  0.1869006E+00  0.1478600E-04 -0.9193298E-05  0.6831179E-05
Ar 4682  0.3420669E+02  0.6560439E+02  0.6844819E+02  0.5117245E-04  0.2470749E-04 -0.5734914E-04
Ar 4683  0.3421147E+02  0.6310394E+02  0.2596654E+01 -0.4341034E-04 -0.6241180E-04  0.1125773E-04
Ar 4684  0.3156625E+02  0.6580232E+02  0.2642850E+01  0.1158590E-03  0.2106883E-04  0.7704815E-04
Ar 4685  0.3156119E+02  0.6314731E+02  0.5270960E+01  0.2940045E-04  0.4438421E-04  0.7359573E-04
Ar 4686  0.3420962E+02  0.6576473E+02  0.5263918E+01 -0.1319910E-04  0.3852630E-04 -0.5604462E-04
Ar 4687  0.3426294E+02  0.6320949E+02  0.7940888E+01  0.9051270E-05  0.2403748E-04  0.4273212E-04
Ar 4688  0.3156327E+02  0.6575118E+02  0.8005919E+01 -0.2506190E-04 -0.7803511E-04  0.5295339E-04
Ar 4689  0.3151723E+02  0.6305745E+02  0.1048198E+02 -0.1571657E-04 -0.2242711E-04 -0.4903099E-04
Ar 4690  0.3417918E+02  0.6575565E+02  0.1059524E+02 -0.5576216E-04 -0.1213200E-04 -0.5664817E-04
Ar 4691  0.3425933E+02  0.6316086E+02  0.1329095E+02 -0.1398799E-04 -0.1083663E-04 -0.7408876E-04
Ar 4692  0.3171604E+02  0.6575676E+02  0.1302369E+02 -0.3111354E-04 -0.7870915E-04 -0.7922078E-05
Ar 4693  0.3150697E+02  0.6322236E+02  0.1571690E+02 -0.3237724E-04  0.4312450E-04 -0.1033133E-03
Ar 4694  0.3418431E+02  0.6576395E+02  0.1582209E+02 -0.7040878E-04 -0.8290717E-05 -0.9189040E-04
Ar 4695  0.3417359E+02  0.6312201E+02  0.1842167E+02 -0.1123353E-04 -0.1073749E-04 -0.1113900E-03
Ar 4696  0.3150779E+02  0.6576143E+02  0.1840675E+02 -0.1786915E-04  0.2452401E-04 -0.3272601E-04
Ar 4697  0.3160536E+02  0.6323456E+02  0.2104343E+02  0.6815469E-04 -0.3539273E-04 -0.8848996E-05
Ar 4698  0.3427278E+02  0.6567765E+02  0.2095463E+02  0.7041624E-04 -0.1313484E-05 -0.5254220E-04
Ar 4699  0.3415934E+02  0.6314444E+02  0.2362827E+02 -0.3047583E-04  0.3689404E-04  0.4451934E-04
Ar 4700  0.3164651E+02  0.6583986E+02  0.2370779E+02 -0.2982958E-04 -0.1431737E-04  0.2310111E-04
Ar 4701  0.3152190E+02  0.6323773E+02  0.2637372E+02 -0.1993405E-05 -0.4538643E-04  0.6356291E-04
Ar 4702  0.3421069E+02  0.6580276E+02  0.2625211E+02 -0.2481055E-04  0.2683126E-04 -0.1044119E-04
Ar 4703  0.3405534E+02  0.6310415E+02  0.2888707E+02 -0.2753316E-04  0.8303995E-04 -0.1490106E-04
Ar 4704  0.3145945E+02  0.6579787E+02  0.2892206E+02 -0.8049418E-04 -0.1872516E-04 -0.4531197E-04
Ar 4705  0.3170242E+02  0.6325069E+02  0.3164908E+02  0.5915253E-04 -0.4564261E-04  0.3681185E-04
Ar 4706  0.3420332E+02  0.6580230E+02  0.3149651E+02 -0.4543803E-04 -0.4742990E-04 -0.3413985E-05
Ar 4707  0.3402925E+02  0.6322982E+02  0.3413021E+02 -0.2151819E-04 -0.1036225E-03 -0.4199301E-04
Ar 4708  0.3152632E+02  0.6581000E+02  0.3412354E+02  0.3154453E-05  0.1729340E-05 -0.1053059E-04
Ar 4709  0.3152108E+02  0.6320675E+02  0.3685616E+02 -0.1466993E-04 -0.8295937E-04  0.4353831E-04
Ar 4710  0.3411019E+02  0.6576978E+02  0.3677421E+02 -0.2464971E-04  0.2123096E-04  0.1766205E-04
Ar 4711  0.3413326E+02  0.6317853E+02  0.3943861E+02 -0.3006955E-04 -0.1012046E-03  0.8295129E-04
Ar 4712  0.3154396E+02  0.6572371E+02  0.3952756E+02  0.3969960E-04 -0.5194544E-04 -0.2383415E-04
Ar 4713  0.3155587E+02  0.6310608E+02  0.4214829E+02 -0.7513067E-04  0.7669312E-05 -0.2461022E-04
Ar 4714  0.3426175E+02  0.6581018E+02  0.4206728E+02 -0.8418992E-04 -0.1097610E-04  0.2329063E-05
Ar 4715  0.3418518E+02  0.6308151E+02  0.4476535E+02  0.2217967E-04 -0.1622110E-04 -0.7481191E-06
Ar 4716  0.3158795E+02  0.6576496E+02  0.4469870E+02 -0.9110059E-05 -0.9961096E-04 -0.6950782E-04
Ar 4717  0.3163107E+02  0.6314733E+02  0.4732353E+02  0.1901258E-04  0.6425677E-04 -0.4354477E-04
Ar 4718  0.3418169E+02  0.6574809E+02  0.4728947E+02 -0.2743593E-04 -0.5425791E-04 -0.2421517E-04
Ar 4719  0.3426030E+02  0.6313654E+02  0.5002558E+02  0.2387805E-04 -0.2325853E-04  0.2562089E-04
Ar 4720  0.3154016E+02  0.6573106E+02  0.4996925E+02 -0.2044622E-04 -0.5719070E-04 -0.1513795E-04
Ar 4721  0.3156596E+02  0.6321389E+02  0.5262995E+02 -0.1038479E-05 -0.8871164E-04  0.4081252E-04
Ar 4722  0.3418903E+02  0.6577197E+02  0.5257455E+02  0.7312913E-04 -0.8620241E-05  0.6844937E-05
Ar 4723  0.3416573E+02  0.6323789E+02  0.5524773E+02  0.1845700E-04  0.3551414E-04 -0.7299938E-05
Ar 4724  0.3154343E+02  0.6564921E+02  0.5532637E+02  0.2253031E-04 -0.1717110E-04 -0.5862464E-04
Ar 4725  0.3155310E+02  0.6320092E+02  0.5778440E+02  0.5588352E-05 -0.5035975E-04  0.5300795E-05
Ar 4726  0.3417066E+02  0.6578537E+02  0.5784939E+02 -0.2055636E-05 -0.6240741E-05  0.2370954E-05
Ar 4727  0.3424281E+02  0.6316281E+02  0.6061383E+02 -0.2737247E-04 -0.5195744E-04 -0.1777299E-04
Ar 4728  0.3165551E+02  0.6580484E+02  0.6051660E+02  0.3961367E-04 -0.7347054E-04  0.2498574E-04
Ar 4729  0.3158126E+02  0.6325414E+02  0.6316673E+02  0.1101839E-04 -0.1307320E-04 -0.9086890E-04
Ar 4730  0.3409177E+02  0.6587268E+02  0.6325121E+02  0.3658097E-04  0.1612761E-04 -0.7191172E-05
Ar 4731  0.3432707E+02  0.6314758E+02  0.6575489E+02  0.2914417E-05  0.3803656E-04 -0.8762022E-04
Ar 4732  0.3163063E+02  0.6575471E+02  0.6581274E+02 -0.3500442E-05  0.6588554E-04 -0.7014718E-04
Ar 4733  0.3677137E+02  0.6829584E+02  0.6844924E+02  0.2216411E-04  0.4073803E-04 -0.3417437E-04
Ar 4734  0.3961488E+02  0.2557526E+01  0.6860227E+02 -0.2413103E-05 -0.1064681E-04  0.3794266E-04
Ar 4735  0.3957619E+02  0.6961506E-01  0.2684120E+01 -0.1652935E-04 -0.3775804E-04  0.2303060E-04
Ar 4736  0.3683706E+02  0.2703044E+01  0.2692250E+01 -0.5503070E-04 -0.4867304E-06  0.2895762E-04
Ar 4737  0.3683724E+02  0.6846705E+02  0.5234998E+01  0.2822421E-04  0.6896207E-05  0.6691799E-04
Ar 4738  0.3937643E+02  0.2717801E+01  0.5381057E+01  0.1082215E-04  0.9104168E-05 -0.1771847E-04
Ar 4739  0.3947655E+02  0.2713918E-01  0.7868572E+01  0.2556096E-04 -0.2477153E-05 -0.9090662E-04
Ar 4740  0.3672761E+02  0.2703629E+01  0.7940346E+01 -0.2916506E-04 -0.2140692E-05 -0.3701268E-04
Ar 4741  0.3688284E+02  0.6841467E+02  0.1054611E+02  0.1322563E-05 -0.6242074E-04  0.8040262E-04
Ar 4742  0.3952846E+02  0.2558183E+01  0.1051845E+02 -0.6233019E-04 -0.4292873E-04 -0.2995208E-04
Ar 4743  0.3937451E+02  0.9030474E-01  0.1318684E+02 -0.3229825E-04  0.3976143E-04 -0.6293925E-04
Ar 4744  0.3677695E+02  0.2501547E+01  0.1305164E+02 -0.7651387E-04 -0.4123046E-04 -0.6171910E-04
Ar 4745  0.3676344E+02  0.6851824E+02  0.1577151E+02 -0.6624924E-04  0.1600740E-04  0.9599526E-06
Ar 4746  0.3943236E+02  0.2623064E+01  0.1567213E+02  0.7658558E-04 -0.7004069E-04 -0.6118020E-04
Ar 4747  0.3943398E+02  0.9086274E-01  0.1840799E+02 -0.6782827E-04 -0.1596437E-04  0.2808003E-04
Ar 4748  0.3667838E+02  0.2581896E+01  0.1831947E+02 -0.4070748E-04 -0.8055706E-05  0.1230710E-04
Ar 4749  0.3682971E+02  0.6847271E+02  0.2107957E+02  0.1221823E-04 -0.2959657E-04 -0.3723869E-04
Ar 4750  0.3953561E+02  0.2661514E+01  0.2104643E+02 -0.2533096E-04 -0.4741671E-04 -0.2989664E-04
Ar 4751  0.3946694E+02  0.6848017E+02  0.2374389E+02 -0.3840369E-05  0.4238660E-04 -0.3419619E-04
Ar 4752  0.3680157E+02  0.2695599E+01  0.2376352E+02 -0.1578243E-04 -0.4703762E-04  0.2267062E-04
Ar 4753  0.3682190E+02  0.6838993E+02  0.2625382E+02 -0.8422399E-04 -0.4074761E-04  0.4983475E-04
Ar 4754  0.3942854E+02  0.2615735E+01  0.2627818E+02 -0.1296407E-04  0.2446069E-04  0.6088379E-04
Ar 4755  0.3946388E+02  0.6852364E+02  0.2902300E+02 -0.8295220E-04  0.4490700E-04 -0.5314217E-04
Ar 4756  0.3684511E+02  0.2674448E+01  0.2895232E+02  0.4589747E-04  0.4777222E-04  0.5739941E-04
Ar 4757  0.3690626E+02  0.6831633E+02  0.3147439E+02 -0.3675880E-04 -0.3059205E-04 -0.7870222E-04
Ar 4758  0.3945065E+02  0.2650104E+01  0.3162351E+02 -0.3481115E-04  0.3956524E-04 -0.5440946E-04
Ar 4759  0.3953231E+02  0.6836319E+02  0.3418653E+02 -0.8661353E-04 -0.7496734E-05 -0.1769706E-04
Ar 4760  0.3670150E+02  0.2519172E+01  0.3419026E+02 -0.1101133E-03  0.3227387E-04 -0.6857779E-05
Ar 4761  0.3687292E+02  0.6842594E+02  0.3692790E+02  0.2520481E-04 -0.3039427E-04  0.1997974E-04
Ar 4762  0.3943197E+02  0.2645811E+01  0.3684642E+02  0.1249380E-03  0.2633102E-04  0.1113011E-04
Ar 4763  0.3943535E+02  0.4554205E-01  0.3953442E+02 -0.7992152E-04 -0.8218798E-06  0.2324354E-05
Ar 4764  0.3676327E+02  0.2691315E+01  0.3955813E+02 -0.6141598E-04 -0.2657880E-04  0.5419974E-04
Ar 4765  0.3684776E+02  0.6838642E+02  0.4216068E+02 -0.5539478E-04  0.2117930E-05 -0.1335893E-03
Ar 4766  0.3938557E+02  0.2530460E+01  0.4217837E+02 -0.4029718E-04  0.2992316E-04  0.2060128E-04
Ar 4767  0.3945614E+02  0.6841828E+02  0.4487210E+02  0.8500661E-04 -0.4638553E-04  0.1072423E-03
Ar 4768  0.3688739E+02  0.2503388E+01  0.4473416E+02 -0.9079617E-05 -0.2958018E-05  0.3256239E-04
Ar 4769  0.3686366E+02  0.6860397E+02  0.4738180E+02 -0.4556498E-04 -0.7523009E-04 -0.2965843E-04
Ar 4770  0.3951670E+02  0.2693885E+01  0.4739798E+02  0.7424495E-04 -0.3717566E-05  0.3142983E-04
Ar 4771  0.3945787E+02  0.6854701E+02  0.5000380E+02  0.3198730E-05 -0.1379610E-04  0.5515524E-04
Ar 4772  0.3680753E+02  0.2693259E+01  0.5000255E+02 -0.8168567E-05 -0.7067387E-05 -0.1124842E-03
Ar 4773  0.3682446E+02  0.6848766E+02  0.5263496E+02  0.1232366E-04 -0.2030235E-04 -0.9452124E-05
Ar 4774  0.3951249E+02  0.2666446E+01  0.5251039E+02  0.7140788E-04 -0.1100726E-04  0.2109400E-04
Ar 4775  0.3956988E+02  0.6834529E+02  0.5537269E+02  0.6695854E-05 -0.8413286E-04  0.1399549E-04
Ar 4776  0.3674441E+02  0.2634990E+01  0.5528484E+02 -0.6136233E-04 -0.8065686E-05 -0.2877956E-04
Ar 4777  0.3677633E+02  0.6838147E+02  0.5799358E+02  0.1519587E-04 -0.1018825E-03 -0.8300877E-04
Ar 4778  0.3942486E+02  0.2650714E+01  0.5791437E+02 -0.6351920E-04 -0.2327058E-04 -0.4483058E-04
Ar 4779  0.3951567E+02  0.6842370E+02  0.6044520E+02  0.1868407E-04  0.6108609E-05  0.8260373E-07
Ar 4780  0.3675142E+02  0.2677327E+01  0.6043124E+02  0.5042053E-04 -0.3702904E-04 -0.4076013E-04
Ar 4781  0.3690425E+02  0.6832888E+02  0.6325914E+02 -0.5250641E-04 -0.2496867E-04 -0.6951982E-06
Ar 4782  0.3956009E+02  0.2609105E+01  0.6314552E+02 -0.4385452E-04 -0.2752031E-04 -0.2823509E-04
Ar 4783  0.3944912E+02  0.6840997E+02  0.6577694E+02 -0.1091529E-03 -0.3264551E-04  0.5459162E-04
Ar 4784  0.3685127E+02  0.2693788E+01  0.6575336E+02  0.4467871E-04  0.4368678E-04  0.9688391E-05
Ar 4785  0.3680095E+02  0.5298341E+01  0.6835332E+02  0.1667986E-04 -0.1738479E-04 -0.3556409E-04
Ar 4786  0.3946668E+02  0.7774654E+01  0.6835659E+02 -0.9503080E-04  0.5081789E-04 -0.9467780E-04
Ar 4787  0.3953987E+02  0.5348020E+01  0.2582418E+01 -0.1232971E-04  0.8736282E-04 -0.1629242E-03
Ar 4788  0.3688886E+02  0.7806388E+01  0.2626295E+01 -0.8237176E-04  0.1566867E-04  0.2211284E-04
Ar 4789  0.3676950E+02  0.5204909E+01  0.5330024E+01 -0.8527816E-04 -0.6068976E-04  0.2313615E-06
Ar 4790  0.3934311E+02  0.8019685E+01  0.5203173E+01 -0.5434257E-04 -0.3624734E-04 -0.8393116E-04
Ar 4791  0.3942105E+02  0.5357575E+01  0.7986578E+01  0.1425938E-04 -0.2494235E-04  0.3226457E-04
Ar 4792  0.3686729E+02  0.7897017E+01  0.7936596E+01 -0.4588678E-05  0.8704597E-05 -0.4431175E-04
Ar 4793  0.3694174E+02  0.5215760E+01  0.1049289E+02 -0.3480571E-04 -0.1051510E-03 -0.1275592E-05
Ar 4794  0.3932238E+02  0.7993256E+01  0.1046927E+02 -0.3533101E-04 -0.2460716E-04 -0.2381395E-04
Ar 4795  0.3946200E+02  0.5271765E+01  0.1311936E+02  0.3704380E-04 -0.9648905E-05  0.3710287E-05
Ar 4796  0.3681163E+02  0.7948558E+01  0.1319979E+02 -0.2963398E-04  0.3847197E-04 -0.6180968E-04
Ar 4797  0.3688633E+02  0.5322373E+01  0.1583619E+02 -0.7557198E-04 -0.8945412E-04  0.7039983E-04
Ar 4798  0.3952374E+02  0.7868861E+01  0.1571165E+02  0.1932382E-04  0.3718506E-04 -0.6153571E-04
Ar 4799  0.3937974E+02  0.5203901E+01  0.1839393E+02  0.2253938E-04 -0.1987052E-04 -0.8568486E-04
Ar 4800  0.3677069E+02  0.7941019E+01  0.1840960E+02 -0.4029365E-04 -0.1566251E-04 -0.2736952E-04
Ar 4801  0.3689086E+02  0.5228935E+01  0.2106071E+02 -0.2510244E-04 -0.1664989E-04 -0.2077761E-04
Ar 4802  0.3954074E+02  0.7987456E+01  0.2104088E+02 -0.1157801E-03 -0.3977817E-04  0.3628634E-04
Ar 4803  0.3946019E+02  0.5309405E+01  0.2369288E+02  0.3737326E-04  0.3907598E-04  0.2436260E-04
Ar 4804  0.3683177E+02  0.7881712E+01  0.2368376E+02 -0.2576968E-04 -0.4647933E-04 -0.1634199E-04
Ar 4805  0.3694158E+02  0.5347566E+01  0.2638537E+02 -0.1031113E-04  0.4687683E-04 -0.8025333E-04
Ar 4806  0.3947526E+02  0.7758780E+01  0.2625487E+02 -0.5294923E-04  0.3479902E-05  0.4845601E-04
Ar 4807  0.3957077E+02  0.5210005E+01  0.2893463E+02  0.5551075E-04 -0.3125234E-05 -0.4506933E-04
Ar 4808  0.3683805E+02  0.7775989E+01  0.2902294E+02 -0.8245518E-04 -0.2109721E-04 -0.6414460E-04
Ar 4809  0.3688859E+02  0.5219425E+01  0.3147380E+02  0.3595049E-04  0.3438286E-04 -0.6393524E-04
Ar 4810  0.3953993E+02  0.8014116E+01  0.3156072E+02 -0.1838017E-04  0.5824997E-04 -0.6951984E-04
Ar 4811  0.3950210E+02  0.5305824E+01  0.3423348E+02 -0.9290647E-05 -0.7685540E-04  0.2199446E-04
Ar 4812  0.3674420E+02  0.7852919E+01  0.3417914E+02 -0.3750919E-04  0.1029968E-04  0.2804139E-04
Ar 4813  0.3685069E+02  0.5251589E+01  0.3679284E+02  0.2614367E-04  0.7027792E-05 -0.8031954E-05
Ar 4814  0.3946614E+02  0.7872680E+01  0.3683605E+02  0.6930753E-04  0.1410738E-04 -0.2341421E-04
Ar 4815  0.3946978E+02  0.5207349E+01  0.3946542E+02  0.2603635E-04 -0.9320306E-04 -0.4635021E-04
Ar 4816  0.3694333E+02  0.7845998E+01  0.3937647E+02 -0.5024843E-04 -0.9804138E-04 -0.6275664E-05
Ar 4817  0.3685504E+02  0.5346135E+01  0.4215793E+02 -0.5090390E-04  0.8769465E-04  0.5274258E-04
Ar 4818  0.3951190E+02  0.7858976E+01  0.4208201E+02  0.1205475E-04 -0.4945246E-04 -0.3424919E-04
Ar 4819  0.3939675E+02  0.5241367E+01  0.4471999E+02 -0.1705567E-04 -0.1920879E-04  0.6269200E-05
Ar 4820  0.3682662E+02  0.7825486E+01  0.4468463E+02  0.6295759E-04  0.9653892E-04 -0.1709793E-07
Ar 4821  0.3679574E+02  0.5287978E+01  0.4735589E+02  0.2448870E-04 -0.1194676E-03 -0.2298253E-04
Ar 4822  0.3938474E+02  0.7944871E+01  0.4735835E+02 -0.2487203E-04 -0.3352031E-04  0.5378409E-04
Ar 4823  0.3937576E+02  0.5336843E+01  0.4996625E+02  0.1675592E-04  0.6568322E-04 -0.8060797E-04
Ar 4824  0.3683639E+02  0.7782693E+01  0.4995444E+02  0.3646593E-04  0.1608823E-04 -0.9302280E-04
Ar 4825  0.3674629E+02  0.5206246E+01  0.5267061E+02 -0.9588617E-04 -0.4649535E-04 -0.7763454E-04
Ar 4826  0.3958099E+02  0.8041694E+01  0.5251964E+02  0.8277606E-05 -0.2864524E-04 -0.1101270E-03
Ar 4827  0.3953320E+02  0.5093277E+01  0.5522254E+02  0.1508459E-04  0.3633779E-04 -0.2606680E-06
Ar 4828  0.3679307E+02  0.7922198E+01  0.5524447E+02 -0.1254939E-04  0.5645087E-04 -0.1256148E-04
Ar 4829  0.3684706E+02  0.5165865E+01  0.5794708E+02 -0.8309409E-05 -0.1135432E-03 -0.4427255E-04
Ar 4830  0.3941018E+02  0.7945009E+01  0.5787499E+02 -0.4565427E-04 -0.2009429E-04  0.3501992E-04
Ar 4831  0.3931689E+02  0.5349378E+01  0.6053498E+02 -0.6123634E-04 -0.4696211E-05 -0.2654765E-04
Ar 4832  0.3682155E+02  0.7756958E+01  0.6046377E+02  0.3801507E-04 -0.1755401E-04 -0.1493480E-04
Ar 4833  0.3679675E+02  0.5208398E+01  0.6310522E+02  0.1192739E-04 -0.3880008E-04  0.1990957E-04
Ar 4834  0.3957177E+02  0.7958231E+01  0.6314111E+02  0.2970464E-04  0.4449992E-04  0.9067112E-04
Ar 4835  0.3956835E+02  0.5232557E+01  0.6582936E+02 -0.6125135E-04 -0.1762144E-05  0.2128819E-04
Ar 4836  0.3688172E+02  0.7789535E+01  0.6569316E+02  0.4651174E-04 -0.3314932E-04 -0.4118845E-04
Ar 4837  0.3702755E+02  0.1047110E+02  0.1638550E+00  0.1632751E-05  0.4153841E-04  0.7952516E-04
Ar 4838  0.3942359E+02  0.1316812E+02  0.6843276E+02 -0.4855022E-05 -0.7441562E-04  0.3593380E-04
Ar 4839  0.3957593E+02  0.1053767E+02  0.2594975E+01  0.1066604E-05 -0.5957416E-04  0.4542155E-04
Ar 4840  0.3682540E+02  0.1316287E+02  0.2736223E+01  0.5853667E-05 -0.7626246E-04  0.5000002E-04
Ar 4841  0.3678565E+02  0.1053120E+02  0.5171753E+01 -0.2881582E-04 -0.7877023E-04 -0.2800531E-04
Ar 4842  0.3940716E+02  0.1319053E+02  0.5294752E+01 -0.2832614E-04  0.9829111E-05 -0.2680311E-05
Ar 4843  0.3949035E+02  0.1059791E+02  0.7818248E+01 -0.1355006E-04 -0.1029412E-03  0.3151379E-04
Ar 4844  0.3693549E+02  0.1333977E+02  0.7912512E+01 -0.5521959E-04  0.5816895E-05 -0.6749491E-04
Ar 4845  0.3680694E+02  0.1063218E+02  0.1064004E+02 -0.6903425E-04  0.1798493E-04 -0.1738368E-04
Ar 4846  0.3945914E+02  0.1321751E+02  0.1058480E+02 -0.1102276E-04 -0.3311273E-04 -0.7825616E-05
Ar 4847  0.3950768E+02  0.1051735E+02  0.1313495E+02 -0.3264348E-04 -0.3687463E-04 -0.3872617E-04
Ar 4848  0.3690261E+02  0.1314443E+02  0.1309380E+02  0.5918465E-04 -0.4315267E-04 -0.9368858E-04
Ar 4849  0.3693915E+02  0.1050253E+02  0.1582392E+02  0.4809971E-04  0.1246633E-04  0.3228350E-04
Ar 4850  0.3947468E+02  0.1311358E+02  0.1582795E+02 -0.3563316E-04 -0.3491290E-04 -0.2922073E-04
Ar 4851  0.3943302E+02  0.1040990E+02  0.1828675E+02 -0.3198773E-04 -0.2444949E-04  0.3475191E-04
Ar 4852  0.3689219E+02  0.1322306E+02  0.1843649E+02  0.1372376E-04  0.2357998E-04 -0.7521204E-05
Ar 4853  0.3693906E+02  0.1051540E+02  0.2095048E+02 -0.5155449E-04  0.5149210E-04  0.2363855E-04
Ar 4854  0.3948017E+02  0.1313118E+02  0.2095524E+02 -0.5429264E-04 -0.1302626E-04 -0.3399796E-04
Ar 4855  0.3952974E+02  0.1053817E+02  0.2377187E+02 -0.2868279E-04  0.4014325E-04  0.1945154E-04
Ar 4856  0.3675954E+02  0.1316285E+02  0.2360167E+02 -0.4870502E-04 -0.1174007E-04 -0.9574102E-04
Ar 4857  0.3675326E+02  0.1053728E+02  0.2636496E+02 -0.6447999E-04  0.1568810E-05 -0.3724258E-04
Ar 4858  0.3944761E+02  0.1303792E+02  0.2631340E+02 -0.3278946E-05 -0.1658574E-04 -0.1472338E-04
Ar 4859  0.3938394E+02  0.1039316E+02  0.2893345E+02  0.3476179E-04  0.4071229E-04  0.6627612E-04
Ar 4860  0.3684952E+02  0.1313734E+02  0.2896160E+02  0.3076357E-05  0.1586475E-04 -0.1532359E-03
Ar 4861  0.3681965E+02  0.1040885E+02  0.3158243E+02 -0.9890054E-04  0.3197813E-05  0.2221696E-04
Ar 4862  0.3939515E+02  0.1311419E+02  0.3160228E+02 -0.4827730E-04 -0.1982767E-05 -0.1297655E-04
Ar 4863  0.3944080E+02  0.1033912E+02  0.3418404E+02 -0.3085396E-04  0.1021267E-05 -0.4743759E-04
Ar 4864  0.3679858E+02  0.1311584E+02  0.3413110E+02 -0.1370781E-03 -0.3500258E-04 -0.1043282E-04
Ar 4865  0.3677340E+02  0.1043832E+02  0.3682162E+02 -0.1474389E-04 -0.2566769E-05  0.1608535E-04
Ar 4866  0.3948193E+02  0.1312761E+02  0.3678298E+02 -0.3443331E-04  0.2019435E-04  0.1769426E-04
Ar 4867  0.3948826E+02  0.1032840E+02  0.3943744E+02 -0.1324161E-05 -0.5329562E-04  0.4983795E-05
Ar 4868  0.3682687E+02  0.1317752E+02  0.3948155E+02  0.1120807E-03  0.3557822E-04  0.2443491E-04
Ar 4869  0.3675919E+02  0.1038426E+02  0.4211948E+02 -0.2009722E-04 -0.1630835E-04 -0.6913432E-06
Ar 4870  0.3945243E+02  0.1318907E+02  0.4211308E+02 -0.8595250E-05  0.1079293E-03 -0.2233737E-05
Ar 4871  0.3946491E+02  0.1048543E+02  0.4470797E+02 -0.2473055E-04 -0.5948859E-04  0.5669525E-04
Ar 4872  0.3687011E+02  0.1306595E+02  0.4458549E+02 -0.2186368E-04 -0.8537242E-04  0.2795533E-04
Ar 4873  0.3673185E+02  0.1051859E+02  0.4737094E+02  0.8179895E-04 -0.4145224E-04 -0.2435453E-04
Ar 4874  0.3945710E+02  0.1314089E+02  0.4740188E+02 -0.4497957E-04  0.3560821E-05 -0.6839161E-04
Ar 4875  0.3942166E+02  0.1042453E+02  0.4994502E+02  0.5536561E-05  0.1112176E-04 -0.4799348E-04
Ar 4876  0.3679489E+02  0.1322604E+02  0.4998809E+02 -0.6959049E-04 -0.5946976E-04 -0.7391653E-05
Ar 4877  0.3685656E+02  0.1055639E+02  0.5266125E+02 -0.2133069E-04 -0.7788255E-04 -0.7031881E-04
Ar 4878  0.3942148E+02  0.1309265E+02  0.5258432E+02 -0.4955784E-05 -0.1698863E-06  0.2762651E-04
Ar 4879  0.3944626E+02  0.1046565E+02  0.5520113E+02 -0.1069940E-04 -0.7800750E-04 -0.2244648E-04
Ar 4880  0.3685464E+02  0.1312539E+02  0.5523334E+02  0.1437986E-04  0.8079164E-05  0.5091119E-04
Ar 4881  0.3685950E+02  0.1037589E+02  0.5797834E+02 -0.6627832E-05  0.8631324E-05 -0.4864798E-04
Ar 4882  0.3949629E+02  0.1319753E+02  0.5798640E+02 -0.1952193E-04 -0.2517743E-04 -0.6451361E-04
Ar 4883  0.3949264E+02  0.1052649E+02  0.6047220E+02  0.1694200E-04 -0.2284582E-04  0.3928594E-04
Ar 4884  0.3684380E+02  0.1316119E+02  0.6049538E+02  0.1003662E-04 -0.4052116E-04  0.2105567E-04
Ar 4885  0.3674999E+02  0.1044236E+02  0.6318481E+02  0.6161658E-04  0.3827890E-04 -0.7913957E-04
Ar 4886  0.3946875E+02  0.1329779E+02  0.6304045E+02  0.2658703E-06  0.1439061E-04 -0.7681731E-04
Ar 4887  0.3951122E+02  0.1047052E+02  0.6586138E+02  0.2102609E-04  0.3871264E-04  0.5284221E-04
Ar 4888  0.3685936E+02  0.1306405E+02  0.6583101E+02  0.1572283E-04  0.2326330E-04  0.1195339E-04
Ar 4889  0.3684419E+02  0.1572557E+02  0.6848677E+02 -0.9088724E-04 -0.3436921E-04 -0.4533683E-05
Ar 4890  0.3941674E+02  0.1836083E+02  0.6839157E+02 -0.1968845E-04 -0.1564567E-04 -0.4594327E-04
Ar 4891  0.3947315E+02  0.1569481E+02  0.2516801E+01 -0.8152974E-04 -0.4668239E-04  0.1162367E-04
Ar 4892  0.3688944E+02  0.1827895E+02  0.2671751E+01 -0.6965749E-04 -0.5011219E-04 -0.1012861E-03
Ar 4893  0.3693455E+02  0.1579600E+02  0.5298890E+01 -0.2233516E-04 -0.7547968E-04 -0.6129351E-04
Ar 4894  0.3953445E+02  0.1845400E+02  0.5247971E+01 -0.2245738E-04 -0.1458255E-04  0.1239405E-04
Ar 4895  0.3933150E+02  0.1569501E+02  0.7973656E+01  0.2318278E-04 -0.5296859E-04  0.1101142E-03
Ar 4896  0.3677574E+02  0.1839237E+02  0.7977363E+01 -0.1104758E-03 -0.2709095E-04  0.1779540E-04
Ar 4897  0.3675769E+02  0.1582356E+02  0.1043992E+02  0.5923234E-04 -0.5669279E-04 -0.3810977E-04
Ar 4898  0.3946754E+02  0.1840964E+02  0.1053634E+02 -0.3197546E-04 -0.1000898E-03 -0.7004096E-04
Ar 4899  0.3941655E+02  0.1577175E+02  0.1313036E+02 -0.2553478E-05 -0.5055803E-04  0.8321193E-04
Ar 4900  0.3671937E+02  0.1838980E+02  0.1315879E+02 -0.7359162E-05  0.3011405E-04 -0.4499676E-05
Ar 4901  0.3684591E+02  0.1570340E+02  0.1585557E+02 -0.1612823E-04 -0.5112605E-04 -0.2340217E-04
Ar 4902  0.3949542E+02  0.1844245E+02  0.1578337E+02 -0.5213840E-04 -0.5014741E-04  0.5684429E-05
Ar 4903  0.3957938E+02  0.1578315E+02  0.1838411E+02 -0.4554202E-04 -0.4825663E-04 -0.7272184E-05
Ar 4904  0.3693021E+02  0.1840920E+02  0.1830411E+02 -0.4863756E-04 -0.1988296E-04 -0.3405032E-04
Ar 4905  0.3685512E+02  0.1579040E+02  0.2111796E+02 -0.7079077E-07 -0.1297353E-04  0.3677024E-04
Ar 4906  0.3962611E+02  0.1847037E+02  0.2107948E+02 -0.1422966E-04  0.1043111E-04  0.6499875E-05
Ar 4907  0.3955093E+02  0.1582171E+02  0.2364622E+02  0.4437810E-04  0.3229823E-04 -0.1449014E-04
Ar 4908  0.3684909E+02  0.1854857E+02  0.2365554E+02  0.3981896E-04 -0.3521958E-04  0.2631498E-04
Ar 4909  0.3686389E+02  0.1569049E+02  0.2628551E+02 -0.1596873E-04  0.8222073E-04 -0.2235230E-05
Ar 4910  0.3946003E+02  0.1836757E+02  0.2637099E+02 -0.3806897E-04 -0.8060216E-04  0.3640627E-04
Ar 4911  0.3951383E+02  0.1573428E+02  0.2893515E+02 -0.9708587E-05  0.2595336E-04 -0.1157437E-03
Ar 4912  0.3693569E+02  0.1833742E+02  0.2901779E+02 -0.5292054E-04  0.1651727E-04 -0.6468753E-04
Ar 4913  0.3700051E+02  0.1571079E+02  0.3150980E+02 -0.3743786E-04  0.7198723E-04 -0.3098780E-04
Ar 4914  0.3961697E+02  0.1847196E+02  0.3156776E+02  0.1419405E-04  0.4411023E-04 -0.4411261E-04
Ar 4915  0.3947966E+02  0.1575049E+02  0.3430204E+02  0.5729217E-04 -0.4207380E-04  0.1135920E-04
Ar 4916  0.3682896E+02  0.1841807E+02  0.3418629E+02 -0.8511119E-04 -0.2797274E-04 -0.1526434E-03
Ar 4917  0.3681752E+02  0.1583506E+02  0.3681675E+02 -0.6656747E-05 -0.8639946E-04 -0.1012643E-04
Ar 4918  0.3949134E+02  0.1837317E+02  0.3685166E+02  0.6297987E-06  0.2972729E-04 -0.1732453E-04
Ar 4919  0.3943510E+02  0.1582672E+02  0.3943575E+02 -0.1180516E-03  0.2127679E-04  0.7215872E-04
Ar 4920  0.3684564E+02  0.1828384E+02  0.3957300E+02 -0.2754930E-04 -0.3960455E-04 -0.8433110E-04
Ar 4921  0.3675796E+02  0.1587579E+02  0.4211487E+02  0.8191766E-05 -0.4126022E-04 -0.1025278E-04
Ar 4922  0.3957589E+02  0.1842462E+02  0.4212393E+02 -0.5286212E-04 -0.5381917E-04 -0.6499011E-04
Ar 4923  0.3936039E+02  0.1582760E+02  0.4469303E+02 -0.8531411E-04 -0.3263220E-04  0.7937114E-05
Ar 4924  0.3701853E+02  0.1837215E+02  0.4474303E+02 -0.1792522E-04 -0.6545783E-05 -0.2912632E-04
Ar 4925  0.3697639E+02  0.1577929E+02  0.4733253E+02  0.3954727E-05 -0.1267042E-04 -0.8414491E-04
Ar 4926  0.3948056E+02  0.1845303E+02  0.4738401E+02 -0.7453380E-04  0.1301988E-04 -0.1128536E-03
Ar 4927  0.3947739E+02  0.1572869E+02  0.5002948E+02 -0.3708522E-04 -0.6221673E-04  0.3977473E-05
Ar 4928  0.3693053E+02  0.1842759E+02  0.4996674E+02  0.2841035E-04 -0.4279777E-04 -0.1389189E-04
Ar 4929  0.3693424E+02  0.1560884E+02  0.5261271E+02 -0.2334273E-04  0.2963420E-04 -0.2859872E-04
Ar 4930  0.3940758E+02  0.1840442E+02  0.5254973E+02  0.8097703E-04  0.1254825E-03 -0.1856978E-04
Ar 4931  0.3945474E+02  0.1584968E+02  0.5519531E+02 -0.9364995E-04 -0.5691035E-04 -0.2397546E-04
Ar 4932  0.3686341E+02  0.1838171E+02  0.5523511E+02  0.2964236E-05  0.2955587E-04 -0.5322346E-04
Ar 4933  0.3688929E+02  0.1582856E+02  0.5785206E+02 -0.7409726E-04  0.6037527E-04 -0.7558386E-04
Ar 4934  0.3943857E+02  0.1854871E+02  0.5785446E+02  0.4591625E-05 -0.7940687E-05  0.4534228E-05
Ar 4935  0.3943900E+02  0.1569271E+02  0.6044830E+02  0.7105609E-04 -0.4983356E-04  0.5370232E-04
Ar 4936  0.3676727E+02  0.1825289E+02  0.6043179E+02  0.2594586E-05 -0.1653652E-05  0.3984330E-05
Ar 4937  0.3688722E+02  0.1580900E+02  0.6311716E+02  0.5469264E-05 -0.5140051E-04 -0.6900123E-04
Ar 4938  0.3953290E+02  0.1831535E+02  0.6317495E+02 -0.3360968E-04  0.3070402E-04 -0.6762397E-05
Ar 4939  0.3954623E+02  0.1576781E+02  0.6572726E+02 -0.6886268E-04  0.1075473E-04 -0.7833640E-04
Ar 4940  0.3685055E+02  0.1843265E+02  0.6599732E+02 -0.3824385E-04 -0.3180238E-04 -0.6612606E-04
Ar 4941  0.3690666E+02  0.2122938E+02  0.3094172E-01 -0.3418860E-04  0.3085480E-04  0.4324268E-04
Ar 4942  0.3943058E+02  0.2362830E+02  0.6839990E+02 -0.1422851E-04 -0.8779111E-04  0.7007078E-04
Ar 4943  0.3954565E+02  0.2101336E+02  0.2734339E+01 -0.9159512E-04 -0.2548621E-04 -0.3837460E-04
Ar 4944  0.3690236E+02  0.2371342E+02  0.2604805E+01 -0.2506377E-04 -0.2687503E-04 -0.1720062E-04
Ar 4945  0.3680819E+02  0.2099341E+02  0.5376333E+01 -0.1338711E-04 -0.1207574E-04 -0.8024463E-05
Ar 4946  0.3950506E+02  0.2368966E+02  0.5226279E+01 -0.4929172E-04 -0.5212547E-04  0.4747756E-04
Ar 4947  0.3942524E+02  0.2111424E+02  0.7981330E+01  0.2468171E-04 -0.4709297E-04  0.6887717E-04
Ar 4948  0.3697911E+02  0.2378970E+02  0.7956358E+01  0.8297469E-04 -0.4286603E-04  0.6091961E-06
Ar 4949  0.3678310E+02  0.2097185E+02  0.1070941E+02 -0.1690830E-04  0.3243813E-04  0.2839900E-04
Ar 4950  0.3937305E+02  0.2374469E+02  0.1052981E+02  0.7690410E-04 -0.1828247E-04 -0.6372021E-04
Ar 4951  0.3949691E+02  0.2108791E+02  0.1321833E+02 -0.1024528E-03 -0.6568434E-04  0.8260527E-05
Ar 4952  0.3692218E+02  0.2362098E+02  0.1321651E+02 -0.1350630E-05 -0.4793528E-04 -0.8502832E-04
Ar 4953  0.3683960E+02  0.2112771E+02  0.1576497E+02  0.3995446E-04 -0.1199538E-04  0.1701769E-04
Ar 4954  0.3950377E+02  0.2364256E+02  0.1568596E+02  0.2915109E-04  0.3742472E-04  0.8287986E-05
Ar 4955  0.3947572E+02  0.2114748E+02  0.1838940E+02 -0.4543721E-04  0.4504340E-04 -0.4330582E-05
Ar 4956  0.3680092E+02  0.2374335E+02  0.1836933E+02 -0.4620126E-06 -0.7083807E-04  0.3748467E-06
Ar 4957  0.3688431E+02  0.2108583E+02  0.2101843E+02 -0.1109321E-04 -0.9433952E-05  0.4445097E-04
Ar 4958  0.3936756E+02  0.2361706E+02  0.2106901E+02  0.6613250E-05  0.3403600E-04  0.5437627E-04
Ar 4959  0.3942164E+02  0.2108186E+02  0.2370184E+02 -0.4545983E-04 -0.3707566E-04 -0.7141045E-04
Ar 4960  0.3674173E+02  0.2373058E+02  0.2365583E+02  0.1405014E-04  0.1950902E-04  0.1198929E-04
Ar 4961  0.3694339E+02  0.2108371E+02  0.2639801E+02 -0.2835418E-04 -0.5926518E-04 -0.6439936E-04
Ar 4962  0.3951074E+02  0.2362244E+02  0.2645549E+02  0.4231150E-04  0.6105524E-04 -0.1650933E-04
Ar 4963  0.3952415E+02  0.2100046E+02  0.2900446E+02 -0.8910269E-04 -0.7425664E-04  0.2995364E-04
Ar 4964  0.3696502E+02  0.2352508E+02  0.2902893E+02  0.2007821E-04  0.3855277E-04  0.5370794E-04
Ar 4965  0.3688601E+02  0.2111467E+02  0.3169001E+02  0.2435723E-04 -0.3266815E-04  0.5879196E-04
Ar 4966  0.3949152E+02  0.2368307E+02  0.3155865E+02 -0.3102320E-04 -0.1227990E-03  0.6026519E-04
Ar 4967  0.3954846E+02  0.2113716E+02  0.3425639E+02 -0.4149753E-04 -0.8085185E-04 -0.1134472E-04
Ar 4968  0.3675116E+02  0.2375953E+02  0.3425623E+02  0.2988667E-04  0.1962725E-05 -0.1275548E-04
Ar 4969  0.3672155E+02  0.2102907E+02  0.3695525E+02  0.1182038E-04 -0.6501940E-05 -0.5112946E-04
Ar 4970  0.3941206E+02  0.2364905E+02  0.3674921E+02 -0.1423140E-05  0.8429349E-04 -0.1814154E-04
Ar 4971  0.3945733E+02  0.2112551E+02  0.3946456E+02 -0.4103773E-04 -0.2352270E-04 -0.5858727E-06
Ar 4972  0.3684428E+02  0.2355108E+02  0.3942085E+02  0.2270655E-04 -0.4653654E-04 -0.4869806E-04
Ar 4973  0.3688817E+02  0.2097469E+02  0.4196656E+02 -0.4929685E-04  0.4504853E-04  0.2449222E-04
Ar 4974  0.3950955E+02  0.2369433E+02  0.4208030E+02  0.8772282E-04 -0.6954315E-04 -0.2032622E-04
Ar 4975  0.3946149E+02  0.2105779E+02  0.4473072E+02 -0.1371418E-04  0.1280786E-04  0.2443015E-05
Ar 4976  0.3683083E+02  0.2357208E+02  0.4470111E+02 -0.4807840E-04 -0.4085786E-04 -0.4388816E-04
Ar 4977  0.3686339E+02  0.2107777E+02  0.4735945E+02  0.1873101E-05  0.9123115E-05 -0.7180712E-04
Ar 4978  0.3935864E+02  0.2379190E+02  0.4733827E+02 -0.6130454E-04 -0.8299484E-04 -0.3083689E-04
Ar 4979  0.3943515E+02  0.2108847E+02  0.4989678E+02 -0.2587060E-04 -0.9187873E-05 -0.1930788E-04
Ar 4980  0.3682463E+02  0.2391749E+02  0.4997757E+02  0.2906242E-04 -0.5060863E-04 -0.2223375E-04
Ar 4981  0.3685641E+02  0.2099348E+02  0.5253989E+02 -0.1934134E-04  0.1782266E-04  0.7827361E-04
Ar 4982  0.3955580E+02  0.2371551E+02  0.5268184E+02 -0.5072461E-06 -0.1649067E-04  0.1916272E-04
Ar 4983  0.3939234E+02  0.2095427E+02  0.5518112E+02 -0.8481258E-04  0.2794069E-04 -0.8762362E-04
Ar 4984  0.3678086E+02  0.2369016E+02  0.5521248E+02  0.3113353E-04 -0.1100041E-04 -0.9472732E-04
Ar 4985  0.3679744E+02  0.2104126E+02  0.5795739E+02 -0.2172746E-04  0.1893431E-04  0.6060058E-04
Ar 4986  0.3947841E+02  0.2376315E+02  0.5787785E+02  0.3370644E-04  0.3100702E-05  0.1793631E-04
Ar 4987  0.3954653E+02  0.2104326E+02  0.6055168E+02 -0.3267783E-04 -0.4912071E-04 -0.6322638E-04
Ar 4988  0.3677993E+02  0.2368914E+02  0.6054985E+02 -0.1726612E-04 -0.9262596E-04  0.7483519E-04
Ar 4989  0.3688948E+02  0.2098871E+02  0.6310053E+02  0.3129342E-04  0.2241475E-04 -0.1181605E-04
Ar 4990  0.3949428E+02  0.2366769E+02  0.6315832E+02  0.4786431E-04 -0.2422578E-04 -0.5948094E-04
Ar 4991  0.3945527E+02  0.2106583E+02  0.6586093E+02  0.2100982E-04  0.8085743E-04  0.5182212E-04
Ar 4992  0.3680736E+02  0.2374983E+02  0.6570787E+02  0.1102242E-04  0.1715271E-04 -0.7596738E-04
Ar 4993  0.3684818E+02  0.2643060E+02  0.6842440E+02 -0.4611331E-04  0.2530482E-04 -0.1073083E-05
Ar 4994  0.3952537E+02  0.2890824E+02  0.1888129E+00 -0.7347083E-04 -0.6211766E-04 -0.3667059E-04
Ar 4995  0.3937848E+02  0.2625020E+02  0.2729260E+01  0.4907170E-04  0.7739552E-04  0.1319966E-04
Ar 4996  0.3679350E+02  0.2890956E+02  0.2661344E+01  0.3597204E-05 -0.1709274E-04  0.5111533E-05
Ar 4997  0.3682229E+02  0.2638331E+02  0.5320437E+01 -0.3181887E-04 -0.4275394E-04  0.3973019E-05
Ar 4998  0.3949076E+02  0.2888005E+02  0.5328627E+01  0.1524839E-04  0.8214515E-04  0.2311127E-04
Ar 4999  0.3949750E+02  0.2625959E+02  0.7937281E+01 -0.7332376E-04  0.2046779E-04  0.5268440E-05
Ar 5000  0.3685662E+02  0.2892990E+02  0.7987538E+01  0.4892163E-04 -0.1982704E-05  0.2875477E-04
Ar 5001  0.3691323E+02  0.2641157E+02  0.1047279E+02 -0.8456825E-04 -0.3155121E-04 -0.4000900E-04
Ar 5002  0.3949743E+02  0.2897053E+02  0.1043921E+02 -0.4765054E-04 -0.1065587E-04 -0.6816736E-04
Ar 5003  0.3947899E+02  0.2622033E+02  0.1316307E+02 -0.6069921E-04 -0.8583025E-05  0.5150338E-04
Ar 5004  0.3687055E+02  0.2915264E+02  0.1315309E+02 -0.2024194E-04  0.1131202E-04  0.9871488E-05
Ar 5005  0.3674788E+02  0.2642107E+02  0.1593276E+02 -0.3467441E-04 -0.7017346E-04 -0.6350988E-04
Ar 5006  0.3945138E+02  0.2890353E+02  0.1594716E+02  0.2108571E-04 -0.5078898E-04 -0.8809763E-05
Ar 5007  0.3948485E+02  0.2649942E+02  0.1835638E+02 -0.5682559E-04 -0.1776400E-05 -0.1730260E-05
Ar 5008  0.3681714E+02  0.2907885E+02  0.1843282E+02 -0.8875662E-05 -0.2749391E-05  0.2663967E-04
Ar 5009  0.3682317E+02  0.2634015E+02  0.2104498E+02 -0.4577007E-04 -0.3788845E-04 -0.2902495E-04
Ar 5010  0.3952842E+02  0.2891930E+02  0.2112784E+02  0.1381986E-04  0.3357113E-04 -0.7245284E-04
Ar 5011  0.3954774E+02  0.2629747E+02  0.2371067E+02  0.1998950E-04 -0.1357917E-03 -0.1876381E-05
Ar 5012  0.3685649E+02  0.2908109E+02  0.2361891E+02  0.7568442E-04 -0.6044445E-04 -0.4909180E-05
Ar 5013  0.3687920E+02  0.2631609E+02  0.2638246E+02 -0.1572417E-03 -0.1803539E-04 -0.3839866E-04
Ar 5014  0.3946404E+02  0.2890724E+02  0.2625394E+02  0.2935171E-04  0.3507550E-05  0.6560586E-04
Ar 5015  0.3948318E+02  0.2634587E+02  0.2885302E+02  0.1617717E-04 -0.4429540E-04 -0.7744248E-04
Ar 5016  0.3678510E+02  0.2895703E+02  0.2898416E+02  0.1428746E-04 -0.1270260E-05  0.5705114E-04
Ar 5017  0.3688538E+02  0.2624818E+02  0.3154896E+02  0.3600402E-04 -0.9373409E-04 -0.5716321E-04
Ar 5018  0.3961956E+02  0.2882585E+02  0.3168560E+02 -0.2736702E-04 -0.5639276E-04 -0.2634514E-04
Ar 5019  0.3940871E+02  0.2631094E+02  0.3433487E+02 -0.7905614E-05 -0.5077007E-04  0.1638678E-04
Ar 5020  0.3675827E+02  0.2882822E+02  0.3410547E+02 -0.5501987E-05  0.8553236E-04  0.6043153E-04
Ar 5021  0.3674098E+02  0.2629335E+02  0.3672922E+02 -0.3014511E-04  0.2623588E-04  0.2835072E-04
Ar 5022  0.3961730E+02  0.2900775E+02  0.3682898E+02 -0.4644976E-04  0.9050991E-04 -0.3256582E-04
Ar 5023  0.3957517E+02  0.2643156E+02  0.3963120E+02  0.1757361E-04  0.3074890E-04  0.2649065E-04
Ar 5024  0.3686528E+02  0.2891608E+02  0.3941350E+02  0.1349325E-04 -0.4346456E-04 -0.3449181E-05
Ar 5025  0.3672940E+02  0.2642545E+02  0.4215054E+02 -0.8885449E-05 -0.3495211E-04 -0.9245736E-04
Ar 5026  0.3948334E+02  0.2894661E+02  0.4202102E+02  0.1244709E-03 -0.3807848E-04 -0.8720490E-04
Ar 5027  0.3954740E+02  0.2638796E+02  0.4470231E+02  0.3897249E-04  0.7995418E-05 -0.1228406E-04
Ar 5028  0.3679146E+02  0.2897524E+02  0.4466857E+02 -0.3836770E-04  0.2459928E-05 -0.1323365E-03
Ar 5029  0.3688710E+02  0.2640493E+02  0.4736955E+02  0.3660979E-04  0.6116935E-04  0.1490374E-05
Ar 5030  0.3943107E+02  0.2908166E+02  0.4740644E+02  0.2732317E-04 -0.3909469E-04 -0.4650549E-04
Ar 5031  0.3964335E+02  0.2635446E+02  0.4991534E+02 -0.2303969E-04  0.4745564E-06 -0.3151999E-04
Ar 5032  0.3688451E+02  0.2896510E+02  0.5002977E+02 -0.9887451E-05  0.5514949E-04 -0.6333583E-04
Ar 5033  0.3683054E+02  0.2629666E+02  0.5257051E+02 -0.5779875E-06 -0.4719500E-04  0.6281528E-04
Ar 5034  0.3946373E+02  0.2878633E+02  0.5247521E+02  0.7480255E-04 -0.4768762E-04 -0.2232844E-04
Ar 5035  0.3939579E+02  0.2627607E+02  0.5521005E+02  0.1456442E-03 -0.6080354E-04 -0.6323360E-04
Ar 5036  0.3684937E+02  0.2898674E+02  0.5528232E+02 -0.2247555E-04 -0.3657796E-04 -0.3169306E-05
Ar 5037  0.3683636E+02  0.2626174E+02  0.5792582E+02 -0.6401434E-06 -0.4757539E-04  0.1013348E-04
Ar 5038  0.3940540E+02  0.2888685E+02  0.5792902E+02 -0.3127788E-04 -0.4871093E-04  0.1968437E-04
Ar 5039  0.3954341E+02  0.2625783E+02  0.6053955E+02 -0.1499619E-03  0.5196993E-04  0.6621542E-04
Ar 5040  0.3683432E+02  0.2891329E+02  0.6053098E+02 -0.3424447E-04 -0.3029125E-04 -0.4254351E-04
Ar 5041  0.3681050E+02  0.2637879E+02  0.6316576E+02 -0.3404427E-04 -0.3382753E-04  0.5117874E-04
Ar 5042  0.3953054E+02  0.2886591E+02  0.6304263E+02 -0.1371861E-04 -0.4248757E-04 -0.3555820E-04
Ar 5043  0.3949896E+02  0.2639354E+02  0.6572836E+02 -0.7440123E-04  0.4535732E-04  0.6123514E-04
Ar 5044  0.3691189E+02  0.2891233E+02  0.6573154E+02 -0.6350181E-04  0.2835471E-04 -0.2981326E-04
Ar 5045  0.3682876E+02  0.3151266E+02  0.6850986E+02 -0.2638387E-04  0.2652410E-04 -0.2092523E-04
Ar 5046  0.3934215E+02  0.3423701E+02  0.6837097E+02 -0.5262712E-05 -0.4419902E-04 -0.7805452E-05
Ar 5047  0.3951010E+02  0.3156479E+02  0.2645124E+01 -0.3850220E-04 -0.4157478E-04 -0.4912339E-04
Ar 5048  0.3675051E+02  0.3412684E+02  0.2647739E+01 -0.5586462E-04 -0.3204232E-04  0.1135225E-03
Ar 5049  0.3681382E+02  0.3163723E+02  0.5067712E+01  0.2484225E-04  0.1641878E-04 -0.3247908E-04
Ar 5050  0.3957848E+02  0.3426420E+02  0.5120878E+01 -0.2635693E-04 -0.8982201E-04  0.1837200E-04
Ar 5051  0.3941898E+02  0.3157042E+02  0.7923923E+01 -0.4421583E-04 -0.4548243E-04  0.1583410E-04
Ar 5052  0.3683523E+02  0.3411487E+02  0.7966633E+01 -0.1134582E-04 -0.9396681E-04 -0.1084868E-03
Ar 5053  0.3684793E+02  0.3159489E+02  0.1051839E+02  0.1736277E-04 -0.5206054E-04  0.7502268E-04
Ar 5054  0.3943750E+02  0.3428159E+02  0.1053944E+02  0.4842969E-04  0.9622521E-05  0.1121910E-04
Ar 5055  0.3943354E+02  0.3162185E+02  0.1319258E+02 -0.6771113E-05 -0.8043780E-04  0.2167366E-04
Ar 5056  0.3689327E+02  0.3427613E+02  0.1311276E+02  0.1540510E-04 -0.2136767E-04 -0.4572463E-04
Ar 5057  0.3692160E+02  0.3154764E+02  0.1583135E+02 -0.4678221E-04  0.5189484E-04 -0.5778671E-04
Ar 5058  0.3952665E+02  0.3431181E+02  0.1576322E+02  0.3433511E-04  0.6584351E-04 -0.2906478E-04
Ar 5059  0.3953511E+02  0.3157397E+02  0.1838072E+02 -0.5658477E-04  0.2277238E-04  0.8350283E-04
Ar 5060  0.3693909E+02  0.3410258E+02  0.1831926E+02 -0.4772214E-04  0.5748521E-05  0.5083726E-05
Ar 5061  0.3671544E+02  0.3154435E+02  0.2107303E+02 -0.6214907E-04 -0.6823541E-04 -0.2461092E-04
Ar 5062  0.3944817E+02  0.3417567E+02  0.2108254E+02  0.2397454E-04  0.4108324E-04 -0.6367620E-04
Ar 5063  0.3944268E+02  0.3155568E+02  0.2363662E+02 -0.9097756E-04 -0.3201389E-04  0.2761449E-06
Ar 5064  0.3682928E+02  0.3418055E+02  0.2364646E+02 -0.9946071E-05 -0.3157827E-04 -0.3433540E-04
Ar 5065  0.3681888E+02  0.3179353E+02  0.2631279E+02 -0.2541707E-04 -0.1659766E-04  0.4254005E-04
Ar 5066  0.3950837E+02  0.3421039E+02  0.2640524E+02 -0.3085086E-04 -0.3894562E-04 -0.5107078E-04
Ar 5067  0.3956219E+02  0.3147304E+02  0.2901478E+02  0.6225323E-05  0.1306404E-05 -0.1322597E-04
Ar 5068  0.3692292E+02  0.3430424E+02  0.2905884E+02  0.2880626E-04 -0.7895319E-04 -0.4934839E-04
Ar 5069  0.3686980E+02  0.3145672E+02  0.3148791E+02  0.1324594E-04 -0.5297511E-04 -0.6264045E-04
Ar 5070  0.3956880E+02  0.3408510E+02  0.3159047E+02 -0.1150249E-04 -0.6103038E-04 -0.1540481E-04
Ar 5071  0.3938207E+02  0.3169164E+02  0.3416823E+02 -0.6547397E-04 -0.5070940E-04  0.3067009E-04
Ar 5072  0.3684550E+02  0.3421558E+02  0.3422846E+02  0.1368317E-04 -0.2622526E-04  0.1438887E-05
Ar 5073  0.3680870E+02  0.3147797E+02  0.3682173E+02  0.4919944E-04 -0.4249737E-04 -0.4749405E-04
Ar 5074  0.3942396E+02  0.3412587E+02  0.3685450E+02  0.2778770E-05  0.6345227E-05 -0.8229126E-04
Ar 5075  0.3953138E+02  0.3158594E+02  0.3947576E+02  0.1750103E-04 -0.6922280E-04 -0.3631425E-04
Ar 5076  0.3681879E+02  0.3425389E+02  0.3948893E+02 -0.1167119E-04  0.2758307E-04 -0.1364319E-03
Ar 5077  0.3696248E+02  0.3166981E+02  0.4205921E+02 -0.4102724E-04  0.3140594E-04  0.6842423E-04
Ar 5078  0.3934955E+02  0.3427189E+02  0.4206558E+02 -0.7166085E-04  0.1854801E-04 -0.3200711E-04
Ar 5079  0.3952623E+02  0.3160405E+02  0.4468774E+02 -0.4806661E-04 -0.2131667E-04 -0.7779047E-04
Ar 5080  0.3700136E+02  0.3422170E+02  0.4470943E+02 -0.5459513E-05 -0.1106251E-04 -0.7216899E-04
Ar 5081  0.3694484E+02  0.3166846E+02  0.4738440E+02  0.4235404E-04  0.6758279E-06  0.4370486E-05
Ar 5082  0.3943464E+02  0.3434381E+02  0.4737432E+02  0.1763558E-05 -0.4672672E-05  0.5141654E-04
Ar 5083  0.3952860E+02  0.3160957E+02  0.5011236E+02 -0.5215320E-05 -0.2245161E-04 -0.3235412E-04
Ar 5084  0.3680298E+02  0.3411482E+02  0.5014639E+02 -0.6018762E-04 -0.7269866E-04 -0.4059165E-04
Ar 5085  0.3680419E+02  0.3156177E+02  0.5252223E+02 -0.4764468E-04 -0.3806562E-04 -0.2961394E-04
Ar 5086  0.3951234E+02  0.3421290E+02  0.5265702E+02  0.3717454E-04  0.5149630E-05  0.1367794E-04
Ar 5087  0.3937963E+02  0.3171804E+02  0.5516802E+02  0.4657598E-04  0.1549151E-04 -0.7621910E-04
Ar 5088  0.3682149E+02  0.3421652E+02  0.5527740E+02 -0.1612486E-04  0.7638904E-05 -0.5270479E-04
Ar 5089  0.3680575E+02  0.3160813E+02  0.5783065E+02  0.5007186E-04  0.1698600E-04  0.4466055E-04
Ar 5090  0.3942129E+02  0.3420419E+02  0.5791728E+02  0.1239378E-03 -0.1434874E-04  0.2178419E-04
Ar 5091  0.3951148E+02  0.3155713E+02  0.6045341E+02 -0.1069157E-03  0.9669301E-05 -0.1668273E-04
Ar 5092  0.3682101E+02  0.3420850E+02  0.6052382E+02  0.9936150E-05 -0.6143028E-04 -0.5122426E-05
Ar 5093  0.3690853E+02  0.3141932E+02  0.6305851E+02 -0.3772642E-04  0.6072395E-04 -0.6516097E-05
Ar 5094  0.3938451E+02  0.3430744E+02  0.6316470E+02  0.2061854E-04  0.6916712E-04  0.3849453E-04
Ar 5095  0.3931339E+02  0.3154437E+02  0.6583820E+02 -0.1038321E-05 -0.7364219E-04 -0.3234662E-04
Ar 5096  0.3678061E+02  0.3430750E+02  0.6572517E+02 -0.1331551E-04 -0.5187455E-04 -0.5212359E-04
Ar 5097  0.3688622E+02  0.3681329E+02  0.6841080E+02 -0.1269966E-03 -0.6014729E-04 -0.6602342E-05
Ar 5098  0.3949367E+02  0.3941487E+02  0.6850737E+02  0.1865319E-04 -0.1459686E-04  0.2936345E-04
Ar 5099  0.3945970E+02  0.3688494E+02  0.2755523E+01 -0.8567456E-04 -0.8414960E-05  0.7821315E-04
Ar 5100  0.3685206E+02  0.3948484E+02  0.2628636E+01  0.6228929E-06 -0.1316877E-04 -0.4485512E-04
Ar 5101  0.3678401E+02  0.3684122E+02  0.5323926E+01 -0.5072427E-04 -0.5234525E-04  0.4264398E-04
Ar 5102  0.3942007E+02  0.3955536E+02  0.5296096E+01 -0.1525493E-05 -0.2868496E-04  0.5481924E-04
Ar 5103  0.3957961E+02  0.3680446E+02  0.7941173E+01  0.1897275E-05 -0.1113891E-03  0.1713200E-04
Ar 5104  0.3675238E+02  0.3940996E+02  0.7883457E+01 -0.2020752E-04 -0.3571696E-04  0.7238166E-05
Ar 5105  0.3681217E+02  0.3683325E+02  0.1049080E+02  0.5126750E-05  0.2984898E-04 -0.1093188E-03
Ar 5106  0.3948026E+02  0.3943564E+02  0.1045637E+02 -0.1214933E-04 -0.4698997E-05  0.1226525E-04
Ar 5107  0.3951950E+02  0.3685119E+02  0.1315976E+02 -0.6758839E-04 -0.1440520E-04  0.5139585E-06
Ar 5108  0.3678997E+02  0.3946446E+02  0.1320549E+02 -0.1726312E-04 -0.4291730E-04  0.2070435E-04
Ar 5109  0.3695444E+02  0.3677396E+02  0.1574674E+02 -0.9630322E-05 -0.2015215E-04  0.6029939E-05
Ar 5110  0.3950122E+02  0.3953821E+02  0.1581053E+02 -0.1501137E-04 -0.2061524E-04  0.1053694E-04
Ar 5111  0.3945641E+02  0.3692447E+02  0.1833251E+02 -0.8751236E-04 -0.1504593E-04 -0.3130284E-04
Ar 5112  0.3682593E+02  0.3936145E+02  0.1851230E+02 -0.4906257E-04  0.2977806E-04  0.2145558E-04
Ar 5113  0.3692458E+02  0.3683718E+02  0.2100003E+02 -0.6266703E-05 -0.3243637E-04 -0.1780777E-04
Ar 5114  0.3941018E+02  0.3943813E+02  0.2100739E+02 -0.3373386E-05 -0.2418941E-04  0.7919875E-05
Ar 5115  0.3949791E+02  0.3695051E+02  0.2382291E+02  0.8172981E-04  0.6212357E-06 -0.1784822E-04
Ar 5116  0.3685806E+02  0.3943005E+02  0.2369117E+02 -0.2359445E-04 -0.6363032E-04 -0.4297022E-04
Ar 5117  0.3676055E+02  0.3674027E+02  0.2625285E+02 -0.1962234E-04 -0.6256747E-04  0.4225748E-04
Ar 5118  0.3948132E+02  0.3940929E+02  0.2637840E+02 -0.5597388E-04 -0.8232287E-04  0.7211586E-04
Ar 5119  0.3945416E+02  0.3680766E+02  0.2900010E+02  0.9797147E-05 -0.4742511E-04  0.3295692E-04
Ar 5120  0.3698014E+02  0.3945944E+02  0.2894209E+02  0.8784919E-05 -0.6747759E-04 -0.4490544E-04
Ar 5121  0.3687429E+02  0.3684321E+02  0.3165720E+02  0.2355304E-04 -0.4012472E-04 -0.1076173E-04
Ar 5122  0.3944066E+02  0.3938574E+02  0.3153384E+02  0.3962487E-04 -0.8462911E-06  0.5583578E-04
Ar 5123  0.3943252E+02  0.3672209E+02  0.3414959E+02 -0.6068191E-05 -0.2850533E-04 -0.1220400E-03
Ar 5124  0.3691780E+02  0.3957121E+02  0.3423030E+02  0.2706119E-04  0.7735694E-05  0.4786993E-04
Ar 5125  0.3678849E+02  0.3693619E+02  0.3690312E+02  0.5590693E-04  0.2426441E-05 -0.1432411E-05
Ar 5126  0.3956625E+02  0.3946566E+02  0.3680343E+02  0.2454167E-04  0.4153337E-04  0.7691783E-05
Ar 5127  0.3952427E+02  0.3674999E+02  0.3939885E+02 -0.1342549E-04 -0.4721871E-04  0.4606267E-05
Ar 5128  0.3686718E+02  0.3950468E+02  0.3954265E+02 -0.1153515E-04 -0.6933956E-04  0.7829286E-04
Ar 5129  0.3679175E+02  0.3679808E+02  0.4215199E+02  0.6838139E-04  0.3841511E-04 -0.2649472E-04
Ar 5130  0.3944320E+02  0.3943739E+02  0.4209983E+02 -0.5745750E-04  0.7964319E-04  0.1021153E-04
Ar 5131  0.3949361E+02  0.3689909E+02  0.4482181E+02  0.1396458E-03  0.3895385E-05 -0.3748984E-04
Ar 5132  0.3694085E+02  0.3941403E+02  0.4484069E+02 -0.1577681E-04  0.3298020E-04  0.2055827E-04
Ar 5133  0.3685019E+02  0.3691575E+02  0.4733970E+02  0.1999884E-04 -0.2314526E-04  0.1897965E-05
Ar 5134  0.3948229E+02  0.3957162E+02  0.4737339E+02 -0.1843085E-04 -0.4413871E-04  0.8308625E-04
Ar 5135  0.3950431E+02  0.3692480E+02  0.4989731E+02  0.5235504E-05  0.4838137E-04 -0.7350702E-04
Ar 5136  0.3688818E+02  0.3947630E+02  0.4983420E+02 -0.6444808E-04 -0.3247530E-04 -0.5370078E-04
Ar 5137  0.3678816E+02  0.3689467E+02  0.5259321E+02 -0.3559653E-04  0.8275621E-04 -0.1211181E-03
Ar 5138  0.3958099E+02  0.3955069E+02  0.5253128E+02  0.1455232E-04  0.1996942E-04 -0.4021346E-04
Ar 5139  0.3947215E+02  0.3684644E+02  0.5515418E+02  0.3388064E-04  0.7430316E-04  0.9889607E-04
Ar 5140  0.3677628E+02  0.3950146E+02  0.5532036E+02 -0.4688830E-04  0.2138700E-04 -0.6152766E-04
Ar 5141  0.3681829E+02  0.3685572E+02  0.5791610E+02 -0.1730018E-04 -0.7333278E-04 -0.2085488E-04
Ar 5142  0.3950169E+02  0.3945377E+02  0.5782575E+02 -0.3657077E-04 -0.1715323E-05 -0.1305016E-05
Ar 5143  0.3943518E+02  0.3677745E+02  0.6053303E+02 -0.1546118E-05 -0.1800471E-04  0.5508755E-04
Ar 5144  0.3689771E+02  0.3947846E+02  0.6055599E+02 -0.3826692E-04  0.6037498E-04 -0.1871063E-04
Ar 5145  0.3684608E+02  0.3687191E+02  0.6309518E+02  0.7747346E-04  0.6938258E-04  0.1121603E-04
Ar 5146  0.3947978E+02  0.3941060E+02  0.6306543E+02  0.1871550E-04  0.4775292E-04  0.1209235E-03
Ar 5147  0.3946774E+02  0.3692046E+02  0.6591843E+02  0.8268320E-04  0.1857899E-04  0.6395748E-05
Ar 5148  0.3688181E+02  0.3947347E+02  0.6576274E+02  0.7669019E-05 -0.3416219E-04 -0.9764327E-05
Ar 5149  0.3678430E+02  0.4213514E+02  0.6838663E+02  0.1040629E-04 -0.3001180E-04 -0.6345140E-04
Ar 5150  0.3943835E+02  0.4481284E+02  0.6841955E+02 -0.4969125E-04  0.4000689E-04 -0.5426375E-04
Ar 5151  0.3959996E+02  0.4209380E+02  0.2697745E+01 -0.2332758E-04 -0.5091539E-04  0.6705684E-04
Ar 5152  0.3701388E+02  0.4475398E+02  0.2650591E+01  0.3581889E-04 -0.1195020E-04  0.3284748E-04
Ar 5153  0.3697450E+02  0.4212843E+02  0.5145857E+01 -0.1978756E-04  0.2165602E-04 -0.3061698E-05
Ar 5154  0.3947301E+02  0.4467106E+02  0.5121901E+01 -0.4327165E-04  0.1336537E-04  0.2350761E-04
Ar 5155  0.3938578E+02  0.4196450E+02  0.7854424E+01 -0.5073528E-04 -0.8020470E-05 -0.2077205E-04
Ar 5156  0.3669262E+02  0.4470426E+02  0.7886143E+01  0.4914452E-04 -0.3750432E-04  0.3912017E-04
Ar 5157  0.3691166E+02  0.4211866E+02  0.1055564E+02  0.1176052E-04 -0.3683916E-04 -0.2333018E-04
Ar 5158  0.3949484E+02  0.4480292E+02  0.1047394E+02 -0.2844132E-04 -0.8867004E-04 -0.3438871E-04
Ar 5159  0.3944662E+02  0.4207842E+02  0.1323747E+02 -0.2006324E-05 -0.1103925E-04 -0.2857041E-04
Ar 5160  0.3682010E+02  0.4480095E+02  0.1314537E+02 -0.5277716E-04 -0.1338727E-04  0.2354220E-04
Ar 5161  0.3684573E+02  0.4212858E+02  0.1570051E+02 -0.1013188E-03  0.1144192E-03 -0.2467523E-04
Ar 5162  0.3952177E+02  0.4479981E+02  0.1575309E+02  0.3132713E-04  0.1963960E-04 -0.5285455E-04
Ar 5163  0.3939292E+02  0.4198112E+02  0.1837368E+02 -0.2989174E-04  0.8022895E-05  0.1655743E-04
Ar 5164  0.3679122E+02  0.4467607E+02  0.1838263E+02 -0.2298972E-04 -0.9618074E-04 -0.7200836E-04
Ar 5165  0.3675667E+02  0.4205936E+02  0.2114633E+02 -0.4500233E-04 -0.6273560E-05  0.1409538E-04
Ar 5166  0.3951232E+02  0.4475367E+02  0.2099292E+02 -0.8930272E-04 -0.1625079E-04 -0.2325668E-04
Ar 5167  0.3945526E+02  0.4204328E+02  0.2376979E+02 -0.2429144E-04 -0.2232412E-04  0.1039468E-04
Ar 5168  0.3685030E+02  0.4481421E+02  0.2358607E+02 -0.1798622E-04 -0.5833714E-04 -0.1033726E-04
Ar 5169  0.3681174E+02  0.4209456E+02  0.2625857E+02  0.3147374E-04 -0.5397696E-05  0.2283898E-04
Ar 5170  0.3950495E+02  0.4483651E+02  0.2644047E+02 -0.1976335E-04  0.4417100E-04  0.5907905E-04
Ar 5171  0.3938536E+02  0.4215895E+02  0.2888060E+02 -0.6875159E-04 -0.1026644E-04 -0.7236034E-04
Ar 5172  0.3683786E+02  0.4476781E+02  0.2896246E+02  0.1032586E-04 -0.1067517E-03 -0.2582138E-04
Ar 5173  0.3689046E+02  0.4211779E+02  0.3159569E+02 -0.1201798E-04 -0.1411779E-04  0.5974532E-04
Ar 5174  0.3948453E+02  0.4475260E+02  0.3154413E+02  0.2181125E-04  0.9081487E-04  0.1920547E-04
Ar 5175  0.3943441E+02  0.4200956E+02  0.3413996E+02  0.4573309E-04 -0.3545218E-04  0.4559725E-04
Ar 5176  0.3683466E+02  0.4475566E+02  0.3422463E+02 -0.4518697E-04  0.6400814E-05  0.5111543E-04
Ar 5177  0.3680496E+02  0.4210901E+02  0.3675451E+02 -0.5687650E-04 -0.3756432E-04  0.5069888E-05
Ar 5178  0.3950023E+02  0.4474581E+02  0.3683035E+02 -0.1615493E-04  0.1290448E-04  0.5599205E-04
Ar 5179  0.3947084E+02  0.4213586E+02  0.3952791E+02  0.1893819E-05 -0.1366077E-04  0.1060480E-03
Ar 5180  0.3692405E+02  0.4471963E+02  0.3954387E+02  0.3003829E-04 -0.1662240E-04  0.6036556E-05
Ar 5181  0.3684821E+02  0.4201318E+02  0.4210439E+02 -0.4330350E-04 -0.6197129E-05 -0.1871531E-04
Ar 5182  0.3945699E+02  0.4476164E+02  0.4213468E+02 -0.9384386E-04  0.3360543E-04 -0.4038196E-04
Ar 5183  0.3941849E+02  0.4199089E+02  0.4466437E+02  0.5088738E-04 -0.2029428E-04 -0.3582380E-04
Ar 5184  0.3683193E+02  0.4478557E+02  0.4477185E+02 -0.1912953E-04 -0.1005972E-04  0.2276328E-04
Ar 5185  0.3683428E+02  0.4212673E+02  0.4742440E+02 -0.9741869E-04  0.1451682E-04 -0.5859177E-04
Ar 5186  0.3947130E+02  0.4479204E+02  0.4740673E+02 -0.8956870E-04  0.2687880E-04 -0.9442526E-04
Ar 5187  0.3952107E+02  0.4206963E+02  0.4999574E+02 -0.3784258E-04 -0.3586938E-04  0.6367602E-04
Ar 5188  0.3685019E+02  0.4473832E+02  0.4998417E+02 -0.3516365E-05 -0.8404272E-05 -0.8304576E-04
Ar 5189  0.3684572E+02  0.4209033E+02  0.5260025E+02  0.2042574E-04 -0.8059832E-04  0.1560773E-04
Ar 5190  0.3945046E+02  0.4483534E+02  0.5263149E+02  0.3331977E-04 -0.7550158E-04 -0.9167164E-04
Ar 5191  0.3946984E+02  0.4215236E+02  0.5519513E+02 -0.7973781E-06  0.3884479E-04 -0.1003686E-03
Ar 5192  0.3687455E+02  0.4466160E+02  0.5523980E+02  0.4577823E-05  0.3903417E-04 -0.1621159E-04
Ar 5193  0.3683859E+02  0.4205134E+02  0.5788313E+02  0.1746419E-05  0.4335442E-04  0.4516122E-04
Ar 5194  0.3951327E+02  0.4471149E+02  0.5787070E+02  0.1177612E-04  0.2299739E-04  0.3690945E-05
Ar 5195  0.3945438E+02  0.4212735E+02  0.6054480E+02 -0.4101722E-04 -0.6541895E-04  0.2395899E-04
Ar 5196  0.3677724E+02  0.4471098E+02  0.6057548E+02  0.4910325E-04  0.7941893E-04  0.3274033E-04
Ar 5197  0.3682703E+02  0.4203925E+02  0.6328725E+02 -0.8053488E-04  0.7018580E-04  0.1060101E-04
Ar 5198  0.3942735E+02  0.4470937E+02  0.6316964E+02 -0.2125375E-04  0.3432846E-04 -0.4348661E-04
Ar 5199  0.3943700E+02  0.4215163E+02  0.6583638E+02 -0.2284196E-05  0.1031769E-03  0.3036058E-04
Ar 5200  0.3689207E+02  0.4461811E+02  0.6576558E+02 -0.1054961E-03  0.4003790E-04  0.2135307E-05
Ar 5201  0.3685325E+02  0.4743636E+02  0.6840353E+02 -0.4472896E-05  0.5615510E-04 -0.4301877E-04
Ar 5202  0.3937563E+02  0.5005316E+02  0.6847013E+02  0.9772469E-05 -0.7417274E-04  0.4203519E-04
Ar 5203  0.3936998E+02  0.4738552E+02  0.2667704E+01 -0.3043015E-04 -0.7500648E-04 -0.3247362E-04
Ar 5204  0.3675414E+02  0.5012794E+02  0.2720191E+01 -0.4062905E-04 -0.7090290E-04 -0.8338229E-04
Ar 5205  0.3686205E+02  0.4732393E+02  0.5223554E+01  0.4493478E-04 -0.3644753E-05  0.5234797E-04
Ar 5206  0.3944047E+02  0.5001929E+02  0.5207745E+01  0.6899011E-04 -0.2069441E-04  0.4871498E-05
Ar 5207  0.3948305E+02  0.4732301E+02  0.7909932E+01 -0.2836448E-04 -0.5122235E-04 -0.4890615E-04
Ar 5208  0.3689823E+02  0.4998841E+02  0.7871822E+01 -0.1323271E-04  0.1206499E-05  0.6092754E-04
Ar 5209  0.3679719E+02  0.4747783E+02  0.1068547E+02 -0.1043351E-04  0.4449608E-06  0.2863602E-04
Ar 5210  0.3941169E+02  0.4988668E+02  0.1046637E+02 -0.3082800E-04  0.6693889E-04  0.2862011E-04
Ar 5211  0.3940962E+02  0.4730276E+02  0.1319130E+02 -0.7448818E-04 -0.4140159E-04  0.9682330E-04
Ar 5212  0.3678632E+02  0.5017195E+02  0.1314964E+02  0.2894121E-04 -0.1431082E-04 -0.2196544E-04
Ar 5213  0.3697290E+02  0.4732670E+02  0.1576741E+02  0.3268621E-04  0.3455088E-04 -0.4633986E-04
Ar 5214  0.3954519E+02  0.5001004E+02  0.1581977E+02  0.5548800E-04 -0.4870256E-04  0.1335065E-04
Ar 5215  0.3947545E+02  0.4744951E+02  0.1838820E+02 -0.3322166E-04 -0.7674348E-04 -0.1853657E-05
Ar 5216  0.3683883E+02  0.5001801E+02  0.1829751E+02  0.4471445E-05  0.1172575E-04 -0.1066589E-04
Ar 5217  0.3684566E+02  0.4732017E+02  0.2115627E+02 -0.8484919E-04 -0.8394351E-04 -0.1740511E-04
Ar 5218  0.3945018E+02  0.4993241E+02  0.2112118E+02  0.7075569E-04  0.4819719E-04  0.1003737E-04
Ar 5219  0.3951548E+02  0.4736223E+02  0.2354977E+02 -0.1505756E-05  0.2481779E-04  0.6315641E-04
Ar 5220  0.3689642E+02  0.5005897E+02  0.2377599E+02  0.2994943E-04  0.6280116E-04 -0.3693721E-04
Ar 5221  0.3686242E+02  0.4736077E+02  0.2634805E+02 -0.4996761E-04 -0.1081688E-03  0.3796563E-04
Ar 5222  0.3941101E+02  0.4999690E+02  0.2626776E+02  0.1334135E-04 -0.8170372E-04 -0.8284312E-04
Ar 5223  0.3953333E+02  0.4735094E+02  0.2900191E+02 -0.3184990E-04  0.1395849E-04 -0.6352258E-04
Ar 5224  0.3690554E+02  0.5007424E+02  0.2896944E+02  0.8094388E-04 -0.1564868E-05  0.2669512E-04
Ar 5225  0.3681024E+02  0.4728524E+02  0.3164104E+02  0.5402478E-04 -0.9287523E-05  0.5205625E-04
Ar 5226  0.3940986E+02  0.4999450E+02  0.3161009E+02 -0.3793949E-04 -0.4054640E-04  0.7739918E-04
Ar 5227  0.3945044E+02  0.4730329E+02  0.3429251E+02  0.2421426E-04 -0.8837707E-04 -0.6065384E-04
Ar 5228  0.3681455E+02  0.4996669E+02  0.3417278E+02  0.5098213E-04  0.2823165E-04  0.2869249E-04
Ar 5229  0.3681013E+02  0.4726326E+02  0.3692069E+02 -0.4755654E-04 -0.7275315E-04 -0.1150952E-04
Ar 5230  0.3940811E+02  0.4992639E+02  0.3686998E+02 -0.5913256E-04  0.1432752E-04 -0.2960627E-04
Ar 5231  0.3952964E+02  0.4733384E+02  0.3945970E+02 -0.9042006E-05 -0.2741047E-04 -0.6274483E-04
Ar 5232  0.3682380E+02  0.4996906E+02  0.3951530E+02 -0.6524554E-06 -0.3659112E-04 -0.2003070E-04
Ar 5233  0.3688972E+02  0.4734265E+02  0.4214438E+02 -0.1354601E-05 -0.4927439E-04  0.9530065E-05
Ar 5234  0.3945919E+02  0.5003810E+02  0.4207301E+02 -0.8214452E-04  0.7296733E-04  0.2755224E-04
Ar 5235  0.3949409E+02  0.4746159E+02  0.4492375E+02  0.2137387E-04 -0.2042587E-04 -0.1565185E-03
Ar 5236  0.3685760E+02  0.4993771E+02  0.4477484E+02 -0.1535590E-03 -0.2158374E-04 -0.7361405E-05
Ar 5237  0.3678251E+02  0.4730236E+02  0.4733459E+02 -0.7166084E-04  0.9870837E-05  0.7749932E-04
Ar 5238  0.3948283E+02  0.4995921E+02  0.4742480E+02 -0.2661438E-04 -0.5064113E-04  0.2742763E-04
Ar 5239  0.3944168E+02  0.4735227E+02  0.4995273E+02  0.1762240E-04  0.6655593E-04  0.3262360E-04
Ar 5240  0.3686766E+02  0.4987868E+02  0.4996730E+02  0.1205573E-04 -0.3756600E-05  0.7519691E-08
Ar 5241  0.3688430E+02  0.4749570E+02  0.5256819E+02  0.2078124E-04 -0.1425598E-04  0.2457313E-04
Ar 5242  0.3956516E+02  0.5001638E+02  0.5256322E+02  0.4793383E-04 -0.1142596E-03 -0.6482157E-04
Ar 5243  0.3954030E+02  0.4741913E+02  0.5523014E+02 -0.5529958E-04  0.1943269E-04  0.4029415E-05
Ar 5244  0.3695033E+02  0.5008291E+02  0.5520322E+02 -0.4922837E-04 -0.3465426E-04 -0.2807927E-04
Ar 5245  0.3683332E+02  0.4739881E+02  0.5794795E+02 -0.4649039E-04 -0.6595287E-04 -0.2488082E-05
Ar 5246  0.3938604E+02  0.5003519E+02  0.5785620E+02 -0.4845780E-04  0.3399555E-04 -0.1705679E-05
Ar 5247  0.3946178E+02  0.4728566E+02  0.6056100E+02 -0.5667250E-04 -0.1902129E-04 -0.7497144E-04
Ar 5248  0.3688375E+02  0.4996861E+02  0.6051809E+02  0.1056387E-04 -0.3803643E-04 -0.1390386E-03
Ar 5249  0.3698912E+02  0.4742123E+02  0.6310605E+02  0.4895923E-04  0.4106305E-04 -0.1195766E-04
Ar 5250  0.3955913E+02  0.4994184E+02  0.6306159E+02 -0.5240719E-04 -0.4193334E-04 -0.4682439E-04
Ar 5251  0.3937666E+02  0.4738067E+02  0.6579591E+02  0.4431817E-04 -0.1550279E-04 -0.1035906E-03
Ar 5252  0.3690356E+02  0.5003048E+02  0.6573629E+02 -0.1705357E-04 -0.5731931E-04 -0.5496380E-04
Ar 5253  0.3680694E+02  0.5267858E+02  0.7794998E-01 -0.1561025E-04  0.4432464E-05  0.3627630E-04
Ar 5254  0.3953346E+02  0.5520526E+02  0.6836607E+02 -0.2717959E-04 -0.8820341E-04  0.8314647E-04
Ar 5255  0.3948620E+02  0.5266936E+02  0.2691875E+01  0.7242115E-04 -0.7374068E-04 -0.6585587E-04
Ar 5256  0.3685087E+02  0.5528162E+02  0.2685438E+01 -0.7660063E-04  0.1323122E-04 -0.5336174E-04
Ar 5257  0.3687350E+02  0.5270065E+02  0.5386212E+01 -0.2928581E-04 -0.7717358E-04  0.7480234E-05
Ar 5258  0.3946404E+02  0.5530820E+02  0.5269022E+01 -0.3586585E-04  0.1913617E-05  0.1903337E-04
Ar 5259  0.3940367E+02  0.5270994E+02  0.7742627E+01 -0.4177244E-04 -0.2912985E-04 -0.7788845E-05
Ar 5260  0.3689550E+02  0.5525872E+02  0.7961467E+01  0.2244371E-04 -0.4639389E-04 -0.9951092E-04
Ar 5261  0.3688822E+02  0.5266527E+02  0.1047922E+02  0.2521710E-04  0.2141891E-04 -0.3836748E-04
Ar 5262  0.3945475E+02  0.5527201E+02  0.1049263E+02 -0.2028752E-04 -0.1928153E-04  0.4113739E-04
Ar 5263  0.3949367E+02  0.5252902E+02  0.1313317E+02  0.1000436E-04 -0.3917293E-04  0.6664000E-05
Ar 5264  0.3684237E+02  0.5516942E+02  0.1309188E+02 -0.1713561E-04 -0.6196384E-04  0.5814026E-04
Ar 5265  0.3678716E+02  0.5263859E+02  0.1572004E+02 -0.5806853E-04 -0.1520597E-04  0.6677999E-04
Ar 5266  0.3953539E+02  0.5534556E+02  0.1582354E+02  0.4341621E-04  0.3544864E-04 -0.4085970E-05
Ar 5267  0.3927418E+02  0.5248760E+02  0.1837750E+02 -0.1020540E-04  0.3268839E-05 -0.8648989E-04
Ar 5268  0.3682800E+02  0.5520268E+02  0.1847203E+02  0.3852819E-04  0.2140431E-04  0.2428082E-04
Ar 5269  0.3671934E+02  0.5262239E+02  0.2108244E+02 -0.4444976E-04  0.9041270E-04 -0.3186846E-04
Ar 5270  0.3938222E+02  0.5523561E+02  0.2103842E+02 -0.4068970E-04 -0.2340798E-04  0.7515093E-04
Ar 5271  0.3945494E+02  0.5270226E+02  0.2361236E+02 -0.1101188E-04 -0.4501068E-05  0.3160771E-04
Ar 5272  0.3674501E+02  0.5529746E+02  0.2375545E+02 -0.6325900E-04  0.9771593E-04 -0.3289063E-04
Ar 5273  0.3695814E+02  0.5269441E+02  0.2635153E+02 -0.3369566E-04  0.3544536E-04 -0.6222055E-04
Ar 5274  0.3944518E+02  0.5520356E+02  0.2631847E+02 -0.8804764E-04 -0.5982920E-04 -0.3864940E-04
Ar 5275  0.3940635E+02  0.5263343E+02  0.2892656E+02  0.4747098E-04 -0.3205193E-04 -0.1090488E-04
Ar 5276  0.3676499E+02  0.5530156E+02  0.2891204E+02 -0.4830301E-04 -0.3814106E-04 -0.1148996E-03
Ar 5277  0.3691380E+02  0.5267233E+02  0.3153547E+02 -0.5775517E-04 -0.1092174E-03 -0.1070445E-04
Ar 5278  0.3951870E+02  0.5524433E+02  0.3152446E+02 -0.1860535E-05  0.2377631E-04 -0.6906784E-04
Ar 5279  0.3952134E+02  0.5254858E+02  0.3420011E+02  0.3668131E-04  0.7481909E-05 -0.1382418E-04
Ar 5280  0.3686412E+02  0.5538897E+02  0.3428041E+02 -0.3664998E-04  0.9551073E-05  0.1346853E-04
Ar 5281  0.3685800E+02  0.5255573E+02  0.3691182E+02 -0.1053590E-03  0.3517752E-05 -0.9795695E-04
Ar 5282  0.3945355E+02  0.5532730E+02  0.3677850E+02  0.1848576E-04 -0.5846854E-06 -0.1231074E-03
Ar 5283  0.3946720E+02  0.5271824E+02  0.3951174E+02 -0.6606519E-04  0.5585220E-05  0.4668836E-04
Ar 5284  0.3679867E+02  0.5515667E+02  0.3958973E+02  0.1066583E-03 -0.9875993E-05 -0.8849605E-04
Ar 5285  0.3679301E+02  0.5257883E+02  0.4208872E+02 -0.1198107E-04  0.4474518E-05 -0.2704366E-04
Ar 5286  0.3938042E+02  0.5535071E+02  0.4198822E+02  0.2960745E-04  0.1831119E-04 -0.3239723E-05
Ar 5287  0.3949685E+02  0.5268490E+02  0.4480235E+02  0.2243836E-04 -0.3177371E-04 -0.4362679E-04
Ar 5288  0.3682661E+02  0.5515990E+02  0.4472911E+02  0.1262109E-04  0.6382074E-04 -0.9826594E-05
Ar 5289  0.3681058E+02  0.5256590E+02  0.4731860E+02  0.5380394E-04  0.1978525E-04 -0.9703158E-04
Ar 5290  0.3946932E+02  0.5520214E+02  0.4727036E+02 -0.1013264E-03 -0.1471615E-04 -0.1452461E-04
Ar 5291  0.3953269E+02  0.5283250E+02  0.4993657E+02 -0.2630387E-04  0.5307607E-04  0.5921183E-04
Ar 5292  0.3687267E+02  0.5523302E+02  0.5009084E+02  0.1291717E-04  0.4541561E-04  0.3415842E-04
Ar 5293  0.3677768E+02  0.5256000E+02  0.5262074E+02 -0.2198660E-04 -0.7981640E-04 -0.8631847E-04
Ar 5294  0.3937326E+02  0.5518631E+02  0.5266473E+02  0.1693324E-04 -0.2180641E-04 -0.8226832E-04
Ar 5295  0.3936305E+02  0.5262766E+02  0.5520258E+02  0.1998365E-05 -0.4613705E-04 -0.1511187E-04
Ar 5296  0.3679439E+02  0.5525520E+02  0.5515900E+02 -0.1039046E-04  0.3426533E-04 -0.2084632E-04
Ar 5297  0.3680593E+02  0.5257604E+02  0.5794162E+02  0.5080725E-05  0.3011395E-04  0.5416469E-04
Ar 5298  0.3939546E+02  0.5520110E+02  0.5784284E+02 -0.4699480E-04 -0.2890182E-04  0.1444855E-04
Ar 5299  0.3940571E+02  0.5260619E+02  0.6056988E+02 -0.1735810E-04 -0.2005222E-04  0.4953921E-05
Ar 5300  0.3695103E+02  0.5524930E+02  0.6044302E+02  0.3116203E-04 -0.1446930E-05 -0.2611786E-04
Ar 5301  0.3674795E+02  0.5258505E+02  0.6320324E+02 -0.3071480E-04 -0.8345294E-04  0.5630813E-04
Ar 5302  0.3955707E+02  0.5530961E+02  0.6306197E+02  0.5408817E-04 -0.1022685E-03  0.2914057E-04
Ar 5303  0.3943189E+02  0.5258635E+02  0.6579659E+02 -0.1687979E-04  0.3751611E-04 -0.3452015E-04
Ar 5304  0.3679145E+02  0.5524753E+02  0.6575359E+02  0.4169106E-04 -0.8922765E-04  0.3210537E-04
Ar 5305  0.3693278E+02  0.5789383E+02  0.6857165E+02 -0.6054637E-04  0.5190967E-04 -0.4616016E-04
Ar 5306  0.3948765E+02  0.6053336E+02  0.6850694E+02  0.5465708E-04 -0.2599287E-04  0.7001904E-04
Ar 5307  0.3940420E+02  0.5784971E+02  0.2593835E+01 -0.3904785E-04 -0.3367731E-04 -0.3880583E-04
Ar 5308  0.3685141E+02  0.6049895E+02  0.2641692E+01 -0.2642967E-04  0.3200195E-04  0.1388645E-03
Ar 5309  0.3687273E+02  0.5794734E+02  0.5246261E+01  0.1471756E-04  0.1552271E-04  0.5369152E-04
Ar 5310  0.3933625E+02  0.6047841E+02  0.5187569E+01  0.3915406E-05 -0.9603378E-04 -0.2657736E-04
Ar 5311  0.3943932E+02  0.5779089E+02  0.7846082E+01 -0.1101537E-03 -0.2270146E-04  0.5006095E-05
Ar 5312  0.3674430E+02  0.6037981E+02  0.7867840E+01 -0.1464922E-04 -0.1545114E-03 -0.5281873E-04
Ar 5313  0.3683975E+02  0.5775719E+02  0.1048659E+02  0.4723839E-05  0.2147890E-04 -0.1387849E-03
Ar 5314  0.3955551E+02  0.6064520E+02  0.1054041E+02  0.2734721E-05 -0.2408445E-04 -0.2575716E-06
Ar 5315  0.3950546E+02  0.5794080E+02  0.1325129E+02  0.3221884E-05 -0.8649715E-04  0.8181482E-04
Ar 5316  0.3682543E+02  0.6053699E+02  0.1313211E+02  0.4678645E-04 -0.5263837E-04 -0.3620323E-04
Ar 5317  0.3685727E+02  0.5794426E+02  0.1586530E+02 -0.1053097E-03 -0.4101011E-04  0.4555288E-04
Ar 5318  0.3959714E+02  0.6050088E+02  0.1575496E+02 -0.3391146E-04  0.3354078E-04 -0.3027561E-04
Ar 5319  0.3949220E+02  0.5785598E+02  0.1830778E+02  0.6335724E-04  0.4484921E-05  0.2011611E-04
Ar 5320  0.3683616E+02  0.6054331E+02  0.1839058E+02  0.5996563E-04  0.2193457E-04  0.8834710E-05
Ar 5321  0.3680337E+02  0.5789319E+02  0.2096385E+02 -0.4307663E-04 -0.3134036E-04  0.6027221E-04
Ar 5322  0.3948011E+02  0.6056705E+02  0.2102208E+02 -0.2979249E-04 -0.4157127E-04 -0.5747753E-04
Ar 5323  0.3944126E+02  0.5802430E+02  0.2364839E+02 -0.4571343E-04 -0.4324210E-05 -0.3949060E-04
Ar 5324  0.3689686E+02  0.6053000E+02  0.2365606E+02  0.9219373E-04 -0.2878463E-04  0.4844344E-04
Ar 5325  0.3692458E+02  0.5789695E+02  0.2615934E+02 -0.2477958E-04 -0.1777851E-05 -0.3435054E-04
Ar 5326  0.3944534E+02  0.6055348E+02  0.2634986E+02 -0.6221400E-04 -0.4622256E-04  0.1350177E-04
Ar 5327  0.3944869E+02  0.5778415E+02  0.2885147E+02  0.1422316E-05 -0.8672444E-04  0.1767221E-04
Ar 5328  0.3671953E+02  0.6047179E+02  0.2887795E+02 -0.7253030E-05 -0.9232981E-04 -0.3847568E-04
Ar 5329  0.3688595E+02  0.5796445E+02  0.3160117E+02 -0.6606992E-04 -0.3700484E-04  0.1624874E-04
Ar 5330  0.3952067E+02  0.6058181E+02  0.3154625E+02 -0.7421483E-04  0.7744563E-04 -0.1959495E-04
Ar 5331  0.3949028E+02  0.5796345E+02  0.3421152E+02  0.8715696E-04  0.5131696E-04 -0.1254875E-04
Ar 5332  0.3683866E+02  0.6054229E+02  0.3416438E+02  0.3663045E-04  0.4255980E-04  0.6479339E-04
Ar 5333  0.3693101E+02  0.5798449E+02  0.3679262E+02 -0.2569066E-04 -0.7440781E-04 -0.3559972E-04
Ar 5334  0.3942917E+02  0.6043422E+02  0.3693196E+02 -0.1055352E-04  0.6171825E-04  0.7146658E-05
Ar 5335  0.3951827E+02  0.5791301E+02  0.3939506E+02 -0.2304002E-04 -0.1427976E-04  0.7027106E-04
Ar 5336  0.3689691E+02  0.6048246E+02  0.3942069E+02  0.3399481E-04 -0.5061386E-05 -0.4322420E-04
Ar 5337  0.3680244E+02  0.5800570E+02  0.4205693E+02 -0.3535357E-04  0.3634021E-04 -0.4581630E-04
Ar 5338  0.3943658E+02  0.6050885E+02  0.4215731E+02 -0.4178721E-04 -0.8091135E-04  0.3753836E-04
Ar 5339  0.3940007E+02  0.5781406E+02  0.4466298E+02  0.5513182E-04 -0.1016049E-03 -0.2442127E-04
Ar 5340  0.3673081E+02  0.6051740E+02  0.4468813E+02  0.7480687E-04 -0.3365269E-04  0.5630838E-04
Ar 5341  0.3693871E+02  0.5777790E+02  0.4734311E+02 -0.1884680E-04 -0.3401506E-04 -0.6691571E-04
Ar 5342  0.3945851E+02  0.6049878E+02  0.4737668E+02 -0.2475359E-04  0.2188325E-04  0.1355472E-04
Ar 5343  0.3951701E+02  0.5787941E+02  0.4999772E+02  0.5014735E-05 -0.4985195E-04 -0.6341885E-04
Ar 5344  0.3688571E+02  0.6053674E+02  0.4993507E+02 -0.2213544E-04 -0.4867017E-04 -0.1372766E-04
Ar 5345  0.3680499E+02  0.5784064E+02  0.5258553E+02  0.2973855E-04 -0.1128636E-03 -0.3604253E-04
Ar 5346  0.3935154E+02  0.6052822E+02  0.5260287E+02 -0.9512601E-04  0.1601769E-04 -0.2697554E-04
Ar 5347  0.3948689E+02  0.5784869E+02  0.5525148E+02  0.2740208E-04 -0.5392021E-04  0.4659974E-04
Ar 5348  0.3670738E+02  0.6060616E+02  0.5516562E+02  0.9163933E-04 -0.9653781E-05 -0.2918064E-04
Ar 5349  0.3675092E+02  0.5796336E+02  0.5788980E+02  0.6058652E-04  0.7502454E-05  0.6658613E-05
Ar 5350  0.3934302E+02  0.6053430E+02  0.5788818E+02 -0.6573951E-04  0.2399585E-04 -0.4421710E-04
Ar 5351  0.3956015E+02  0.5796535E+02  0.6041919E+02 -0.9796985E-04  0.9927386E-05 -0.3349413E-04
Ar 5352  0.3694586E+02  0.6057099E+02  0.6044391E+02 -0.5983029E-04 -0.3411674E-04 -0.8204307E-04
Ar 5353  0.3694887E+02  0.5790974E+02  0.6317036E+02  0.3561074E-04 -0.3751669E-05  0.3452138E-04
Ar 5354  0.3943322E+02  0.6049882E+02  0.6312433E+02 -0.1156396E-03 -0.7784804E-04  0.3373241E-04
Ar 5355  0.3964247E+02  0.5790456E+02  0.6578954E+02 -0.8650292E-05 -0.9242809E-04 -0.4895534E-04
Ar 5356  0.3692932E+02  0.6052777E+02  0.6587992E+02 -0.1893991E-04 -0.4021680E-04  0.2289165E-04
Ar 5357  0.3681032E+02  0.6320196E+02  0.6837046E+02 -0.3885545E-04 -0.5779240E-04 -0.1248075E-03
Ar 5358  0.3946539E+02  0.6581603E+02  0.6855530E-01  0.1624970E-04 -0.2230237E-04  0.8410689E-05
Ar 5359  0.3945114E+02  0.6311226E+02  0.2650330E+01 -0.2223963E-04 -0.1129106E-04  0.4552879E-04
Ar 5360  0.3687012E+02  0.6579908E+02  0.2751019E+01 -0.5824308E-04 -0.8511947E-04 -0.9361131E-05
Ar 5361  0.3679177E+02  0.6308421E+02  0.5241289E+01 -0.6409468E-04 -0.7725879E-04  0.4163817E-04
Ar 5362  0.3951377E+02  0.6570419E+02  0.5256140E+01  0.1364495E-04 -0.8003237E-04 -0.2067447E-04
Ar 5363  0.3946951E+02  0.6315228E+02  0.7809250E+01  0.1111768E-04 -0.6683902E-04 -0.1877976E-05
Ar 5364  0.3679500E+02  0.6580748E+02  0.7868790E+01 -0.2124521E-04 -0.6573833E-04 -0.5297965E-04
Ar 5365  0.3678419E+02  0.6314706E+02  0.1042053E+02 -0.1127225E-03 -0.7719197E-04  0.4708709E-04
Ar 5366  0.3946905E+02  0.6585404E+02  0.1044195E+02  0.1444779E-04 -0.1228608E-03  0.4471535E-04
Ar 5367  0.3949661E+02  0.6302804E+02  0.1319803E+02 -0.4272247E-04 -0.1005102E-03  0.5984967E-04
Ar 5368  0.3694152E+02  0.6576147E+02  0.1312319E+02 -0.2199209E-04 -0.2029773E-04 -0.1032277E-04
Ar 5369  0.3682980E+02  0.6322023E+02  0.1591593E+02 -0.7902520E-04  0.3704393E-04  0.2485302E-04
Ar 5370  0.3953766E+02  0.6588502E+02  0.1584953E+02 -0.1035517E-04 -0.6013773E-04 -0.4181607E-04
Ar 5371  0.3945984E+02  0.6313018E+02  0.1837970E+02 -0.4576461E-04 -0.5929793E-04 -0.4849182E-04
Ar 5372  0.3687693E+02  0.6586732E+02  0.1842479E+02  0.4955833E-05  0.1189505E-05 -0.4949415E-04
Ar 5373  0.3687008E+02  0.6309585E+02  0.2094967E+02 -0.2326655E-04 -0.6176119E-04  0.2245544E-04
Ar 5374  0.3940194E+02  0.6564696E+02  0.2106094E+02 -0.8035849E-04 -0.1452864E-04  0.5658032E-04
Ar 5375  0.3946862E+02  0.6309989E+02  0.2361905E+02 -0.4932157E-04 -0.1132546E-04 -0.2782033E-04
Ar 5376  0.3682397E+02  0.6575225E+02  0.2378633E+02  0.1428052E-05  0.6271137E-05 -0.4320239E-04
Ar 5377  0.3683968E+02  0.6319191E+02  0.2628344E+02  0.9852762E-04  0.2298713E-04 -0.5396850E-04
Ar 5378  0.3957575E+02  0.6573236E+02  0.2628596E+02 -0.6206880E-04 -0.2649393E-04 -0.4176920E-04
Ar 5379  0.3957490E+02  0.6310979E+02  0.2882853E+02 -0.4773699E-04  0.2004915E-04 -0.2678489E-04
Ar 5380  0.3680800E+02  0.6570737E+02  0.2897413E+02 -0.4936863E-05  0.4489509E-04  0.7043575E-04
Ar 5381  0.3686183E+02  0.6310507E+02  0.3158069E+02  0.5317297E-05 -0.1288549E-04 -0.2344049E-04
Ar 5382  0.3934221E+02  0.6586518E+02  0.3148538E+02  0.2125442E-04 -0.2482940E-05  0.4727030E-04
Ar 5383  0.3938549E+02  0.6312592E+02  0.3432726E+02  0.5458938E-04  0.2363652E-04 -0.2467827E-04
Ar 5384  0.3683139E+02  0.6581076E+02  0.3415187E+02  0.2067033E-04  0.8742173E-05 -0.6398145E-04
Ar 5385  0.3680974E+02  0.6312005E+02  0.3671886E+02 -0.3255153E-04 -0.7297439E-04 -0.3988131E-04
Ar 5386  0.3956556E+02  0.6579858E+02  0.3673303E+02 -0.2632172E-04  0.3122152E-04 -0.1173645E-04
Ar 5387  0.3939423E+02  0.6322036E+02  0.3953545E+02  0.5770071E-05 -0.1180726E-04 -0.9431842E-05
Ar 5388  0.3698745E+02  0.6591303E+02  0.3946216E+02 -0.7274166E-04 -0.7163852E-04  0.5171126E-04
Ar 5389  0.3677211E+02  0.6319195E+02  0.4206161E+02 -0.4400962E-04 -0.7556725E-04 -0.2031842E-04
Ar 5390  0.3954360E+02  0.6571492E+02  0.4209449E+02  0.1972678E-04 -0.4325235E-04  0.1728020E-04
Ar 5391  0.3942456E+02  0.6310996E+02  0.4474219E+02  0.3031785E-05  0.4893663E-04  0.8082119E-04
Ar 5392  0.3685078E+02  0.6573946E+02  0.4483410E+02  0.1396193E-04 -0.3597248E-04 -0.5697359E-04
Ar 5393  0.3677597E+02  0.6310094E+02  0.4740455E+02 -0.1167414E-04 -0.8123353E-05 -0.3102431E-04
Ar 5394  0.3946076E+02  0.6568027E+02  0.4737261E+02  0.7534407E-04 -0.5977049E-04 -0.2114472E-05
Ar 5395  0.3948816E+02  0.6315855E+02  0.4989480E+02  0.1921697E-04 -0.1475124E-04  0.1215907E-06
Ar 5396  0.3682028E+02  0.6568101E+02  0.4999690E+02 -0.7077082E-04 -0.3976108E-04 -0.8911793E-04
Ar 5397  0.3686546E+02  0.6316106E+02  0.5264444E+02  0.2454174E-04 -0.1753515E-04 -0.4052985E-04
Ar 5398  0.3945682E+02  0.6581179E+02  0.5260052E+02 -0.7497698E-04 -0.4351556E-04 -0.7835304E-04
Ar 5399  0.3943641E+02  0.6306423E+02  0.5516657E+02  0.5877521E-04 -0.9987637E-05 -0.7515989E-04
Ar 5400  0.3686933E+02  0.6566273E+02  0.5517933E+02  0.2912124E-04  0.2119504E-04 -0.9149799E-04
Ar 5401  0.3680898E+02  0.6319146E+02  0.5794943E+02 -0.8980468E-04 -0.4323453E-04  0.1327241E-04
Ar 5402  0.3935489E+02  0.6574656E+02  0.5789395E+02 -0.1283650E-04  0.3689866E-04 -0.7225335E-04
Ar 5403  0.3950927E+02  0.6317547E+02  0.6049565E+02 -0.1535096E-03 -0.1163829E-04 -0.8271931E-04
Ar 5404  0.3689585E+02  0.6569778E+02  0.6059432E+02 -0.2118930E-04  0.2033745E-04  0.4546663E-04
Ar 5405  0.3692907E+02  0.6308482E+02  0.6322433E+02  0.4024374E-05 -0.2641887E-04 -0.2505684E-04
Ar 5406  0.3950450E+02  0.6581516E+02  0.6315463E+02  0.2983096E-04  0.5181273E-04  0.2736900E-04
Ar 5407  0.3947703E+02  0.6317597E+02  0.6579311E+02 -0.2363313E-05 -0.4312988E-04  0.2329905E-04
Ar 5408  0.3693584E+02  0.6566505E+02  0.6583639E+02 -0.8473741E-04 -0.9353440E-04 -0.3722332E-04
Ar 5409  0.4205875E+02  0.6841572E+02  0.6840864E+02 -0.7991538E-04  0.7047930E-04 -0.1352411E-04
Ar 5410  0.4472587E+02  0.2526697E+01  0.6840541E+02 -0.8575411E-04 -0.1660053E-04 -0.4773083E-04
Ar 5411  0.4476128E+02  0.6844690E+02  0.2715433E+01  0.6467911E-04  0.1980359E-04 -0.1560714E-04
Ar 5412  0.4206985E+02  0.2543246E+01  0.2565483E+01 -0.4165554E-04 -0.8194127E-04  0.4106409E-04
Ar 5413  0.4215919E+02  0.6839008E+02  0.5345081E+01 -0.5981814E-05 -0.5409231E-04 -0.7720137E-05
Ar 5414  0.4481909E+02  0.2653254E+01  0.5386007E+01 -0.3037583E-04 -0.3978404E-04 -0.9650618E-05
Ar 5415  0.4473367E+02  0.3492321E-01  0.7850475E+01 -0.2522094E-05  0.3739464E-04  0.5593618E-04
Ar 5416  0.4200812E+02  0.2614265E+01  0.7917189E+01  0.3619219E-04  0.8998400E-05 -0.3279614E-04
Ar 5417  0.4198216E+02  0.6437437E-01  0.1067569E+02 -0.5500105E-04 -0.5125006E-04  0.4265873E-04
Ar 5418  0.4464432E+02  0.2638452E+01  0.1055971E+02 -0.1475967E-04  0.9652900E-05 -0.1014254E-03
Ar 5419  0.4469393E+02  0.6850431E+02  0.1324788E+02 -0.5850807E-04  0.2058404E-04  0.8578011E-05
Ar 5420  0.4218622E+02  0.2633745E+01  0.1318769E+02 -0.1293962E-04 -0.5992567E-04 -0.2015590E-04
Ar 5421  0.4208822E+02  0.2615282E-01  0.1570886E+02 -0.1299120E-04 -0.2577779E-05  0.2647399E-04
Ar 5422  0.4463387E+02  0.2632867E+01  0.1588651E+02  0.1320717E-05  0.7252771E-04 -0.1837101E-04
Ar 5423  0.4468055E+02  0.6833711E+02  0.1846859E+02 -0.7044676E-04  0.2089827E-04 -0.5269765E-04
Ar 5424  0.4210730E+02  0.2528554E+01  0.1843103E+02  0.3655422E-04 -0.2841931E-04  0.1844752E-04
Ar 5425  0.4212592E+02  0.4170656E-01  0.2104729E+02 -0.6240674E-04 -0.1412529E-04  0.7732539E-04
Ar 5426  0.4464996E+02  0.2689104E+01  0.2090604E+02  0.6402252E-05 -0.2937079E-04 -0.4877401E-04
Ar 5427  0.4471192E+02  0.1162093E+00  0.2362678E+02 -0.7093073E-04 -0.8729030E-04  0.6084282E-04
Ar 5428  0.4201429E+02  0.2688628E+01  0.2375883E+02  0.6026817E-05 -0.6365273E-05  0.2111074E-04
Ar 5429  0.4205788E+02  0.6837663E+02  0.2633270E+02 -0.1574164E-04 -0.3401790E-04 -0.1023739E-03
Ar 5430  0.4475858E+02  0.2541816E+01  0.2637338E+02  0.2542023E-05  0.4354235E-04  0.3602691E-04
Ar 5431  0.4467565E+02  0.6835697E+02  0.2885328E+02 -0.1875508E-04  0.4726291E-04 -0.2551341E-04
Ar 5432  0.4212009E+02  0.2614013E+01  0.2890308E+02  0.1557554E-05 -0.5456982E-04  0.7550819E-04
Ar 5433  0.4210492E+02  0.9675840E-02  0.3149282E+02  0.2242797E-04  0.2023610E-04  0.4567995E-04
Ar 5434  0.4471472E+02  0.2622531E+01  0.3150333E+02  0.2740703E-04 -0.7369696E-04 -0.4151385E-04
Ar 5435  0.4473826E+02  0.6821308E+02  0.3421727E+02  0.3612454E-04 -0.2553446E-04  0.3480540E-04
Ar 5436  0.4217869E+02  0.2619638E+01  0.3433877E+02 -0.6899770E-05  0.1831753E-04 -0.3974465E-04
Ar 5437  0.4202028E+02  0.6840067E+02  0.3691928E+02 -0.5606465E-04 -0.2384618E-04 -0.6568628E-04
Ar 5438  0.4475926E+02  0.2595602E+01  0.3685816E+02 -0.7810262E-05 -0.7486477E-04 -0.6498590E-04
Ar 5439  0.4470953E+02  0.6838518E+02  0.3941384E+02  0.3258397E-04 -0.6134392E-04  0.4121249E-04
Ar 5440  0.4214756E+02  0.2596676E+01  0.3952643E+02  0.1018927E-03 -0.3406915E-04 -0.5109698E-04
Ar 5441  0.4205740E+02  0.6862054E+02  0.4209667E+02  0.1828547E-04 -0.1042941E-03 -0.3805074E-04
Ar 5442  0.4463716E+02  0.2588724E+01  0.4204834E+02  0.3943884E-05  0.3520759E-04 -0.7313285E-04
Ar 5443  0.4478554E+02  0.6846724E+02  0.4472647E+02  0.8756800E-06 -0.8986861E-04 -0.7314808E-04
Ar 5444  0.4210689E+02  0.2663010E+01  0.4469522E+02  0.2505384E-04  0.4924292E-04  0.1634425E-04
Ar 5445  0.4209919E+02  0.6838406E+02  0.4740336E+02 -0.1439243E-05 -0.2213745E-04  0.1471681E-04
Ar 5446  0.4475342E+02  0.2559290E+01  0.4732292E+02 -0.7990611E-05 -0.5458066E-04 -0.6345639E-04
Ar 5447  0.4468257E+02  0.6833114E+02  0.4993219E+02  0.3821565E-04  0.4322616E-04  0.2834761E-04
Ar 5448  0.4194158E+02  0.2639684E+01  0.5003371E+02 -0.1311855E-04 -0.6133094E-05 -0.6730302E-04
Ar 5449  0.4217364E+02  0.6840283E+02  0.5262619E+02 -0.3574497E-04 -0.2682494E-05  0.3014033E-04
Ar 5450  0.4464014E+02  0.2590699E+01  0.5267201E+02 -0.4669600E-04  0.5941636E-04 -0.5182993E-04
Ar 5451  0.4469688E+02  0.6833969E+02  0.5526073E+02  0.2511716E-04  0.8633947E-06  0.4634183E-04
Ar 5452  0.4219992E+02  0.2643361E+01  0.5526626E+02 -0.6669848E-04 -0.8593224E-05 -0.9392084E-04
Ar 5453  0.4215397E+02  0.3497150E-01  0.5795779E+02  0.8009228E-06  0.3427296E-06  0.8271127E-04
Ar 5454  0.4469024E+02  0.2666175E+01  0.5785630E+02 -0.6182395E-04  0.2740586E-04 -0.3647670E-04
Ar 5455  0.4457575E+02  0.6844106E+02  0.6061765E+02 -0.9475249E-04 -0.3753426E-04 -0.1953561E-06
Ar 5456  0.4212820E+02  0.2689236E+01  0.6044827E+02 -0.7579038E-04  0.2224014E-04 -0.5607905E-04
Ar 5457  0.4210205E+02  0.6840237E+02  0.6324463E+02  0.3757919E-04  0.7184454E-04 -0.2209905E-04
Ar 5458  0.4482864E+02  0.2527873E+01  0.6315755E+02  0.4020552E-04 -0.1254133E-04  0.5742831E-04
Ar 5459  0.4474886E+02  0.6831286E+02  0.6564989E+02 -0.4147778E-04  0.4762184E-04  0.4225769E-05
Ar 5460  0.4199732E+02  0.2593290E+01  0.6573820E+02 -0.6505021E-04  0.6937766E-04 -0.4499508E-04
Ar 5461  0.4215706E+02  0.5181164E+01  0.6846629E+02 -0.5153708E-04 -0.4474835E-05 -0.4598434E-04
Ar 5462  0.4464314E+02  0.7917288E+01  0.6835799E+02 -0.3263915E-04  0.9172391E-04 -0.9393015E-04
Ar 5463  0.4472854E+02  0.5262446E+01  0.2631818E+01  0.4878951E-04 -0.5493766E-04 -0.4779388E-04
Ar 5464  0.4213446E+02  0.7957083E+01  0.2687367E+01 -0.3133121E-04  0.4962341E-04  0.1755795E-04
Ar 5465  0.4205001E+02  0.5308949E+01  0.5249017E+01 -0.7569846E-05  0.1610943E-04 -0.9758721E-04
Ar 5466  0.4464205E+02  0.7905762E+01  0.5288016E+01  0.3053896E-04  0.3976397E-05 -0.7879874E-04
Ar 5467  0.4478685E+02  0.5210601E+01  0.7954422E+01 -0.5277390E-04  0.8409100E-04 -0.1330667E-04
Ar 5468  0.4215122E+02  0.7846839E+01  0.7965712E+01  0.5309342E-04  0.7277610E-04 -0.5615666E-04
Ar 5469  0.4201346E+02  0.5255021E+01  0.1060398E+02 -0.3122999E-04  0.7518759E-05 -0.4529616E-04
Ar 5470  0.4476383E+02  0.7920368E+01  0.1055302E+02 -0.3375827E-04  0.7375208E-05  0.9219319E-05
Ar 5471  0.4478629E+02  0.5408266E+01  0.1299858E+02  0.1682730E-04  0.1072561E-04 -0.9327694E-04
Ar 5472  0.4213425E+02  0.7866680E+01  0.1317430E+02 -0.3307328E-04 -0.7350476E-05 -0.7246652E-04
Ar 5473  0.4209340E+02  0.5175349E+01  0.1587829E+02 -0.7799251E-04  0.3992740E-04 -0.9350854E-05
Ar 5474  0.4471549E+02  0.7866301E+01  0.1574484E+02 -0.1273866E-04  0.2028776E-04 -0.2700907E-04
Ar 5475  0.4470974E+02  0.5284912E+01  0.1849443E+02  0.3292684E-04  0.1729863E-05 -0.7796861E-04
Ar 5476  0.4214705E+02  0.7886025E+01  0.1835983E+02 -0.3136383E-04 -0.7687940E-04  0.3295178E-04
Ar 5477  0.4202518E+02  0.5151457E+01  0.2099606E+02 -0.9895114E-05  0.5366593E-04 -0.1281556E-03
Ar 5478  0.4473769E+02  0.7844447E+01  0.2101396E+02 -0.2297251E-04  0.2417283E-04 -0.5364426E-04
Ar 5479  0.4467009E+02  0.5345591E+01  0.2369207E+02  0.9952330E-05 -0.2574616E-04 -0.1911913E-04
Ar 5480  0.4205047E+02  0.7778179E+01  0.2372539E+02 -0.5782766E-04 -0.3842148E-04 -0.3939988E-04
Ar 5481  0.4207425E+02  0.5197270E+01  0.2626464E+02 -0.9078936E-04 -0.3761118E-04 -0.2831772E-04
Ar 5482  0.4473592E+02  0.7927879E+01  0.2638623E+02 -0.4634410E-04  0.1985342E-05 -0.3398834E-04
Ar 5483  0.4474039E+02  0.5246015E+01  0.2894027E+02  0.4056197E-04 -0.9995541E-04  0.5067697E-04
Ar 5484  0.4210072E+02  0.7790801E+01  0.2896819E+02 -0.1898652E-04  0.3386552E-04  0.5536885E-04
Ar 5485  0.4203304E+02  0.5286467E+01  0.3141924E+02 -0.6622531E-04 -0.2016124E-05  0.4331668E-04
Ar 5486  0.4467837E+02  0.7775181E+01  0.3150813E+02  0.8755323E-04  0.8397220E-05  0.7901108E-04
Ar 5487  0.4481671E+02  0.5334677E+01  0.3432486E+02 -0.1011224E-04  0.1733306E-04 -0.4449293E-04
Ar 5488  0.4220008E+02  0.7871702E+01  0.3426563E+02 -0.1038828E-04  0.6643892E-04 -0.3251580E-04
Ar 5489  0.4216608E+02  0.5225166E+01  0.3689026E+02  0.4229742E-04  0.4391916E-04  0.5197493E-04
Ar 5490  0.4473709E+02  0.7777760E+01  0.3695553E+02  0.6007506E-05  0.3356357E-04 -0.8208725E-04
Ar 5491  0.4473511E+02  0.5386251E+01  0.3944658E+02 -0.1591935E-04  0.8146906E-05  0.3573917E-04
Ar 5492  0.4211617E+02  0.7973552E+01  0.3953612E+02  0.4551169E-04  0.3567692E-04 -0.2704851E-04
Ar 5493  0.4221105E+02  0.5233983E+01  0.4203089E+02 -0.6118521E-04 -0.8657896E-05 -0.2644200E-04
Ar 5494  0.4477169E+02  0.7912962E+01  0.4213914E+02 -0.3591721E-04  0.5923277E-04 -0.3687345E-04
Ar 5495  0.4461151E+02  0.5141081E+01  0.4472330E+02  0.4609179E-04  0.8718415E-05 -0.3288305E-04
Ar 5496  0.4213553E+02  0.7944733E+01  0.4461404E+02 -0.2753380E-04 -0.5614260E-04 -0.1823764E-04
Ar 5497  0.4199624E+02  0.5354791E+01  0.4732343E+02 -0.3125290E-04  0.2455225E-04 -0.5773339E-04
Ar 5498  0.4465662E+02  0.7878189E+01  0.4733381E+02  0.4034200E-04  0.9658073E-04  0.1100914E-04
Ar 5499  0.4474811E+02  0.5214134E+01  0.4998311E+02  0.5679623E-04  0.5982496E-04 -0.2502919E-05
Ar 5500  0.4207576E+02  0.7999759E+01  0.4995492E+02 -0.5830215E-04 -0.1855072E-05  0.1006293E-03
Ar 5501  0.4209742E+02  0.5160340E+01  0.5260359E+02 -0.5034145E-04  0.4657914E-04  0.6261973E-04
Ar 5502  0.4466351E+02  0.7850470E+01  0.5277219E+02 -0.2873287E-04  0.2192550E-04 -0.5081890E-04
Ar 5503  0.4472448E+02  0.5207979E+01  0.5522450E+02 -0.8835922E-04 -0.8910993E-04  0.2417161E-04
Ar 5504  0.4214266E+02  0.7819336E+01  0.5528228E+02 -0.2015383E-04  0.4770418E-05  0.2178744E-05
Ar 5505  0.4202366E+02  0.5306995E+01  0.5783049E+02 -0.5335730E-04  0.1244416E-04  0.4919217E-05
Ar 5506  0.4473311E+02  0.7909800E+01  0.5790954E+02 -0.1226365E-05 -0.4008455E-04  0.2859352E-04
Ar 5507  0.4464714E+02  0.5224207E+01  0.6053185E+02 -0.6394023E-04  0.2486765E-04 -0.9517823E-05
Ar 5508  0.4205347E+02  0.7800143E+01  0.6051497E+02 -0.4270739E-04  0.3339227E-04  0.2738703E-04
Ar 5509  0.4212552E+02  0.5242938E+01  0.6321680E+02 -0.3473551E-04 -0.3016870E-04  0.3703331E-04
Ar 5510  0.4473017E+02  0.7900876E+01  0.6312600E+02 -0.1003476E-03 -0.1670202E-04  0.1776322E-04
Ar 5511  0.4465650E+02  0.5338382E+01  0.6584530E+02 -0.2513170E-04 -0.5242633E-04 -0.2294949E-04
Ar 5512  0.4206751E+02  0.7782037E+01  0.6577541E+02 -0.4737960E-04 -0.5402141E-05  0.2825864E-04
Ar 5513  0.4218442E+02  0.1047815E+02  0.6852804E+02  0.7203256E-04 -0.1121357E-03 -0.4094299E-05
Ar 5514  0.4478439E+02  0.1307161E+02  0.6845002E+02  0.6061719E-04  0.6249661E-04 -0.2298403E-04
Ar 5515  0.4484042E+02  0.1060901E+02  0.2647404E+01 -0.3326005E-04 -0.3330969E-05  0.3691602E-04
Ar 5516  0.4210999E+02  0.1316294E+02  0.2613682E+01 -0.1088736E-04  0.1230011E-03  0.3857887E-04
Ar 5517  0.4207464E+02  0.1050284E+02  0.5248616E+01  0.2842287E-04  0.1682080E-04 -0.1318696E-04
Ar 5518  0.4489403E+02  0.1313533E+02  0.5273324E+01 -0.6705599E-04 -0.2432159E-04  0.4977790E-05
Ar 5519  0.4470847E+02  0.1063595E+02  0.7903232E+01 -0.1441401E-04  0.3458348E-05  0.6580700E-04
Ar 5520  0.4206619E+02  0.1327457E+02  0.7930627E+01 -0.7204671E-04  0.2333749E-04  0.1827508E-04
Ar 5521  0.4222210E+02  0.1055764E+02  0.1056824E+02  0.5417763E-04 -0.3950073E-04  0.3796045E-04
Ar 5522  0.4464017E+02  0.1311787E+02  0.1065812E+02 -0.9991007E-05 -0.1146725E-03  0.6503116E-04
Ar 5523  0.4472868E+02  0.1044194E+02  0.1314147E+02 -0.8540340E-04 -0.9102840E-05 -0.4090186E-04
Ar 5524  0.4219289E+02  0.1311756E+02  0.1314324E+02  0.5644253E-05 -0.3327609E-04  0.1150962E-04
Ar 5525  0.4212616E+02  0.1041145E+02  0.1580578E+02 -0.5462670E-04 -0.4280948E-05  0.1659690E-04
Ar 5526  0.4470271E+02  0.1320944E+02  0.1579835E+02 -0.7679777E-04  0.4058376E-04 -0.3312507E-04
Ar 5527  0.4480589E+02  0.1052011E+02  0.1853901E+02  0.2344827E-04 -0.4620475E-04 -0.2254764E-04
Ar 5528  0.4209246E+02  0.1319286E+02  0.1840198E+02 -0.1123041E-04 -0.5087278E-04 -0.6544552E-04
Ar 5529  0.4211417E+02  0.1044454E+02  0.2105773E+02 -0.3906206E-04 -0.2985858E-04 -0.4782642E-04
Ar 5530  0.4475379E+02  0.1326852E+02  0.2105129E+02  0.5302069E-04  0.3146782E-04 -0.4002426E-04
Ar 5531  0.4469741E+02  0.1049417E+02  0.2365215E+02  0.6897813E-04  0.3486772E-04  0.4327770E-05
Ar 5532  0.4211309E+02  0.1316223E+02  0.2366511E+02 -0.2348796E-04 -0.3139403E-04 -0.2577236E-04
Ar 5533  0.4220481E+02  0.1033963E+02  0.2631563E+02 -0.2385648E-04  0.2393925E-04  0.6769478E-05
Ar 5534  0.4465535E+02  0.1310720E+02  0.2624828E+02 -0.3015967E-07 -0.1029326E-04 -0.1774201E-04
Ar 5535  0.4469485E+02  0.1048763E+02  0.2907382E+02  0.2915564E-04  0.6659347E-05 -0.2688335E-04
Ar 5536  0.4220853E+02  0.1309533E+02  0.2895645E+02 -0.8740750E-04  0.1065046E-03 -0.2579438E-05
Ar 5537  0.4205899E+02  0.1044697E+02  0.3158940E+02 -0.1151357E-04 -0.3917152E-05 -0.1196898E-04
Ar 5538  0.4463140E+02  0.1304199E+02  0.3161116E+02 -0.1120304E-04 -0.2752285E-04  0.7001569E-05
Ar 5539  0.4467807E+02  0.1052920E+02  0.3406884E+02 -0.1053892E-04  0.2001513E-04 -0.3395334E-04
Ar 5540  0.4204438E+02  0.1317065E+02  0.3421346E+02  0.1637881E-05 -0.6437278E-04 -0.3911124E-04
Ar 5541  0.4224088E+02  0.1055793E+02  0.3683138E+02 -0.7976928E-05  0.1570717E-04 -0.2227910E-05
Ar 5542  0.4465993E+02  0.1318164E+02  0.3678090E+02  0.4280298E-04 -0.6602988E-04 -0.5882768E-04
Ar 5543  0.4473775E+02  0.1046202E+02  0.3946823E+02 -0.6339664E-04 -0.2671388E-04 -0.8245066E-04
Ar 5544  0.4210377E+02  0.1324908E+02  0.3950194E+02  0.4705220E-04 -0.9376804E-05 -0.1229896E-03
Ar 5545  0.4209533E+02  0.1049251E+02  0.4209909E+02  0.3141599E-04 -0.8487231E-04  0.4923082E-05
Ar 5546  0.4465930E+02  0.1322463E+02  0.4207565E+02  0.4662285E-04 -0.3280563E-04 -0.7164297E-04
Ar 5547  0.4468340E+02  0.1051508E+02  0.4473096E+02 -0.3668860E-04 -0.2437108E-04 -0.8207497E-06
Ar 5548  0.4207459E+02  0.1313317E+02  0.4472975E+02 -0.5649804E-05  0.3845293E-04 -0.3607441E-04
Ar 5549  0.4210056E+02  0.1037280E+02  0.4730693E+02 -0.2671305E-04  0.6426594E-04  0.7040342E-05
Ar 5550  0.4468928E+02  0.1314679E+02  0.4739991E+02 -0.8446621E-04 -0.3661322E-04 -0.1643397E-05
Ar 5551  0.4486439E+02  0.1058239E+02  0.4986650E+02  0.2705933E-04 -0.8078315E-04 -0.5281102E-04
Ar 5552  0.4212771E+02  0.1319274E+02  0.4998027E+02  0.1004469E-04 -0.6022553E-04 -0.6655080E-04
Ar 5553  0.4225895E+02  0.1060981E+02  0.5267743E+02  0.1171804E-04  0.6810017E-06 -0.2685257E-04
Ar 5554  0.4483338E+02  0.1302344E+02  0.5261538E+02  0.1138963E-04 -0.6679275E-04 -0.7491950E-04
Ar 5555  0.4483786E+02  0.1050559E+02  0.5519029E+02  0.4669365E-04 -0.7398558E-05 -0.1028735E-03
Ar 5556  0.4213304E+02  0.1322068E+02  0.5529272E+02 -0.3663914E-04  0.5513918E-05 -0.6699004E-04
Ar 5557  0.4218763E+02  0.1047955E+02  0.5783256E+02  0.3950313E-04 -0.1615240E-05 -0.2569682E-04
Ar 5558  0.4467986E+02  0.1310210E+02  0.5799936E+02 -0.4995765E-04  0.6717581E-05 -0.1021190E-03
Ar 5559  0.4472319E+02  0.1055520E+02  0.6057039E+02 -0.7313886E-04 -0.5653826E-04 -0.4072524E-04
Ar 5560  0.4211610E+02  0.1315161E+02  0.6054498E+02  0.3822742E-04 -0.6751273E-04 -0.3126258E-04
Ar 5561  0.4205200E+02  0.1060492E+02  0.6314031E+02  0.6545643E-04 -0.7529772E-05 -0.8806313E-04
Ar 5562  0.4475415E+02  0.1317070E+02  0.6320701E+02 -0.3651428E-04  0.3694740E-04 -0.5679037E-04
Ar 5563  0.4463410E+02  0.1060223E+02  0.6576120E+02 -0.3986582E-05  0.3773551E-04 -0.7196045E-04
Ar 5564  0.4197024E+02  0.1316009E+02  0.6575616E+02 -0.5832379E-05 -0.8414620E-04  0.2156378E-04
Ar 5565  0.4214962E+02  0.1586867E+02  0.6838111E+02 -0.3534975E-05  0.6450402E-05 -0.2466552E-04
Ar 5566  0.4459790E+02  0.1845257E+02  0.6835007E+02 -0.1739103E-04 -0.2568051E-04  0.1033999E-04
Ar 5567  0.4476837E+02  0.1593935E+02  0.2611154E+01 -0.7480198E-04  0.4549070E-05 -0.5862486E-04
Ar 5568  0.4215278E+02  0.1835465E+02  0.2687310E+01  0.1320412E-03 -0.1893761E-04 -0.4939119E-04
Ar 5569  0.4214725E+02  0.1585423E+02  0.5305247E+01  0.2044471E-04 -0.1656947E-04  0.3033144E-05
Ar 5570  0.4473577E+02  0.1859108E+02  0.5286738E+01 -0.1909591E-04  0.1706139E-04 -0.1126020E-03
Ar 5571  0.4475600E+02  0.1567560E+02  0.7913769E+01 -0.4143938E-04 -0.1776470E-04  0.5157400E-04
Ar 5572  0.4201183E+02  0.1848471E+02  0.7860181E+01  0.5368846E-04 -0.5177020E-04 -0.2732144E-04
Ar 5573  0.4207205E+02  0.1590237E+02  0.1058898E+02  0.9110775E-06  0.1620152E-05  0.3923255E-04
Ar 5574  0.4466462E+02  0.1832703E+02  0.1051346E+02 -0.4537484E-04 -0.7906711E-04  0.8134007E-04
Ar 5575  0.4470236E+02  0.1577535E+02  0.1314352E+02 -0.5632270E-04 -0.8551711E-04  0.3437584E-04
Ar 5576  0.4207339E+02  0.1846924E+02  0.1317374E+02 -0.8918870E-04 -0.1296370E-03 -0.3943305E-04
Ar 5577  0.4208624E+02  0.1578174E+02  0.1578440E+02 -0.9234152E-04  0.2656127E-04 -0.6291939E-04
Ar 5578  0.4472235E+02  0.1845773E+02  0.1592491E+02 -0.5654045E-05 -0.4325964E-04  0.2256629E-04
Ar 5579  0.4481376E+02  0.1580391E+02  0.1844101E+02  0.1654835E-04 -0.1965291E-04 -0.2630973E-05
Ar 5580  0.4217328E+02  0.1846795E+02  0.1846739E+02 -0.2519931E-04 -0.5129499E-04 -0.2373201E-05
Ar 5581  0.4226171E+02  0.1570926E+02  0.2100167E+02 -0.1292335E-04  0.3148241E-05  0.3513468E-04
Ar 5582  0.4481409E+02  0.1842797E+02  0.2108418E+02  0.5868012E-05  0.2866896E-04 -0.6655884E-04
Ar 5583  0.4481970E+02  0.1580185E+02  0.2340179E+02 -0.2812686E-04  0.4045392E-04 -0.1614694E-04
Ar 5584  0.4216392E+02  0.1836570E+02  0.2366926E+02 -0.2489329E-04 -0.1628254E-04 -0.7087885E-04
Ar 5585  0.4222288E+02  0.1564454E+02  0.2626178E+02  0.5738285E-04 -0.2360124E-04  0.8307943E-05
Ar 5586  0.4474744E+02  0.1837968E+02  0.2628990E+02 -0.7781198E-05  0.4640942E-04 -0.3072819E-04
Ar 5587  0.4487383E+02  0.1573871E+02  0.2887189E+02  0.1831569E-04 -0.2610023E-04  0.4214457E-04
Ar 5588  0.4213663E+02  0.1822454E+02  0.2893612E+02 -0.3990036E-04 -0.2576163E-04  0.6404180E-05
Ar 5589  0.4203953E+02  0.1583470E+02  0.3158348E+02  0.1331097E-04 -0.8601050E-04  0.3710739E-04
Ar 5590  0.4479756E+02  0.1835422E+02  0.3158567E+02  0.1509453E-04  0.9998205E-05 -0.5913426E-04
Ar 5591  0.4469267E+02  0.1592093E+02  0.3420390E+02 -0.3887859E-04  0.3250104E-04 -0.7630602E-04
Ar 5592  0.4206494E+02  0.1854868E+02  0.3422075E+02 -0.9188627E-04 -0.2360769E-04  0.1174856E-04
Ar 5593  0.4210715E+02  0.1581421E+02  0.3673223E+02 -0.8580549E-04 -0.6350572E-05  0.8502934E-04
Ar 5594  0.4462404E+02  0.1840582E+02  0.3679412E+02  0.7783170E-05  0.7577718E-04  0.2353560E-04
Ar 5595  0.4483287E+02  0.1585612E+02  0.3950315E+02 -0.3751261E-05  0.6732802E-04  0.8710959E-04
Ar 5596  0.4220851E+02  0.1853518E+02  0.3949355E+02 -0.2817074E-04  0.7479302E-05  0.2733358E-04
Ar 5597  0.4216057E+02  0.1598003E+02  0.4204498E+02 -0.5956447E-04  0.2319139E-04  0.1582688E-05
Ar 5598  0.4481018E+02  0.1848892E+02  0.4203160E+02  0.7216972E-04 -0.4581685E-04  0.5336953E-05
Ar 5599  0.4476731E+02  0.1582683E+02  0.4479740E+02 -0.1589051E-03 -0.6289071E-04  0.3938850E-04
Ar 5600  0.4204003E+02  0.1841938E+02  0.4468318E+02  0.1992525E-05 -0.1630953E-04  0.1880779E-04
Ar 5601  0.4216082E+02  0.1580972E+02  0.4730718E+02 -0.3665220E-04 -0.1135152E-04  0.2159866E-04
Ar 5602  0.4473488E+02  0.1836012E+02  0.4737746E+02  0.4262342E-04 -0.1038847E-03 -0.3982975E-04
Ar 5603  0.4465383E+02  0.1582602E+02  0.4992509E+02  0.2237868E-04  0.2881510E-04 -0.5902520E-04
Ar 5604  0.4208815E+02  0.1838701E+02  0.4994476E+02 -0.9459084E-04 -0.5903353E-04 -0.6533853E-04
Ar 5605  0.4205206E+02  0.1577631E+02  0.5265791E+02 -0.5619188E-04 -0.1284719E-03 -0.2128644E-04
Ar 5606  0.4468417E+02  0.1849543E+02  0.5257489E+02 -0.2786291E-04 -0.8158470E-05 -0.1043502E-03
Ar 5607  0.4475320E+02  0.1572809E+02  0.5518517E+02 -0.3535912E-05  0.4409013E-04  0.6077039E-05
Ar 5608  0.4203744E+02  0.1844404E+02  0.5525290E+02 -0.4127430E-04 -0.3986971E-04 -0.1536612E-04
Ar 5609  0.4203440E+02  0.1589319E+02  0.5791842E+02 -0.1843989E-04  0.4745283E-04 -0.3444985E-04
Ar 5610  0.4470739E+02  0.1852013E+02  0.5793105E+02 -0.2530394E-04  0.2305097E-04 -0.2881449E-04
Ar 5611  0.4472198E+02  0.1581618E+02  0.6050714E+02  0.7775862E-05  0.2567575E-04 -0.8715313E-04
Ar 5612  0.4214320E+02  0.1845600E+02  0.6048732E+02 -0.7361898E-04  0.2427876E-04  0.1026840E-03
Ar 5613  0.4205952E+02  0.1577371E+02  0.6321692E+02 -0.7955183E-04 -0.8941661E-04  0.3027551E-04
Ar 5614  0.4477305E+02  0.1848254E+02  0.6312468E+02 -0.6326021E-04 -0.1112512E-03 -0.1247461E-03
Ar 5615  0.4476340E+02  0.1566735E+02  0.6572808E+02  0.4297316E-04  0.6597713E-05 -0.1368225E-04
Ar 5616  0.4222015E+02  0.1844583E+02  0.6571884E+02 -0.7394614E-05 -0.8606228E-04 -0.3809253E-04
Ar 5617  0.4210086E+02  0.2114075E+02  0.6847000E+02  0.1619001E-04 -0.2083846E-04 -0.8503547E-04
Ar 5618  0.4482564E+02  0.2370926E+02  0.6841165E+02 -0.1567616E-04 -0.5154042E-05 -0.4688682E-04
Ar 5619  0.4472890E+02  0.2111033E+02  0.2706836E+01 -0.4828960E-05  0.5572000E-04  0.4827188E-04
Ar 5620  0.4200890E+02  0.2364883E+02  0.2590334E+01 -0.2517480E-04  0.2404899E-04  0.6911187E-05
Ar 5621  0.4211953E+02  0.2118163E+02  0.5164634E+01  0.4253439E-04 -0.1784630E-04  0.2643217E-04
Ar 5622  0.4470936E+02  0.2361699E+02  0.5276299E+01  0.6438912E-05 -0.1016146E-04 -0.1599537E-04
Ar 5623  0.4473958E+02  0.2098070E+02  0.7820878E+01  0.5736968E-04 -0.1680457E-04  0.7620991E-04
Ar 5624  0.4205936E+02  0.2368782E+02  0.7952011E+01  0.2756710E-04  0.8123587E-06 -0.2817941E-04
Ar 5625  0.4216261E+02  0.2098332E+02  0.1059897E+02 -0.5092846E-05 -0.3877526E-04 -0.2280265E-04
Ar 5626  0.4471582E+02  0.2373396E+02  0.1059564E+02 -0.9265202E-04  0.6047982E-04  0.3296676E-04
Ar 5627  0.4470111E+02  0.2111899E+02  0.1315880E+02 -0.5026738E-04 -0.5525801E-04  0.1392907E-04
Ar 5628  0.4201309E+02  0.2368690E+02  0.1311822E+02  0.2076382E-04 -0.1129623E-04  0.6183793E-05
Ar 5629  0.4198789E+02  0.2106111E+02  0.1571317E+02 -0.2463135E-04  0.1333743E-04 -0.1075028E-03
Ar 5630  0.4478577E+02  0.2362503E+02  0.1578742E+02  0.7418303E-04  0.8128171E-05  0.2901962E-04
Ar 5631  0.4476074E+02  0.2105088E+02  0.1840820E+02  0.4276287E-05 -0.5099027E-04 -0.1418862E-04
Ar 5632  0.4213033E+02  0.2367103E+02  0.1840657E+02  0.3870977E-04 -0.3252409E-04  0.3451718E-06
Ar 5633  0.4202063E+02  0.2095028E+02  0.2112885E+02  0.3424019E-04 -0.3230271E-04 -0.1925311E-04
Ar 5634  0.4479973E+02  0.2368625E+02  0.2110437E+02 -0.8111684E-04 -0.3342069E-04  0.3091500E-04
Ar 5635  0.4468538E+02  0.2113573E+02  0.2359348E+02 -0.7564121E-04 -0.7521332E-04  0.1176678E-04
Ar 5636  0.4219877E+02  0.2366913E+02  0.2367831E+02 -0.5408573E-04 -0.6906043E-04 -0.4707912E-04
Ar 5637  0.4201081E+02  0.2114642E+02  0.2645756E+02 -0.2216707E-04  0.6300570E-04 -0.2158072E-04
Ar 5638  0.4469122E+02  0.2358747E+02  0.2617055E+02  0.1209024E-04 -0.7045960E-04  0.5546344E-05
Ar 5639  0.4471014E+02  0.2104294E+02  0.2892117E+02 -0.5553923E-04 -0.7999454E-04  0.6858860E-04
Ar 5640  0.4229798E+02  0.2362567E+02  0.2893531E+02  0.1014143E-05  0.4410279E-04 -0.8175192E-04
Ar 5641  0.4209769E+02  0.2102967E+02  0.3159896E+02 -0.7532578E-04 -0.8961511E-04 -0.4161529E-05
Ar 5642  0.4466779E+02  0.2366263E+02  0.3157703E+02 -0.5243170E-05  0.1184633E-04  0.5536699E-04
Ar 5643  0.4475630E+02  0.2086767E+02  0.3422697E+02 -0.1363406E-03 -0.3903657E-04  0.4075284E-04
Ar 5644  0.4212363E+02  0.2370419E+02  0.3428659E+02  0.1069520E-03  0.7729986E-04 -0.5621947E-04
Ar 5645  0.4206222E+02  0.2109339E+02  0.3683449E+02 -0.2898237E-04 -0.1690925E-04  0.9404895E-05
Ar 5646  0.4479515E+02  0.2368148E+02  0.3678065E+02  0.3663246E-04  0.6414639E-05 -0.4275910E-04
Ar 5647  0.4476687E+02  0.2110796E+02  0.3947376E+02 -0.4672336E-05 -0.2341834E-04 -0.9518798E-04
Ar 5648  0.4211756E+02  0.2369053E+02  0.3938838E+02 -0.2704725E-04  0.8437798E-04  0.2821429E-04
Ar 5649  0.4206772E+02  0.2103209E+02  0.4205765E+02 -0.3451198E-04  0.3281706E-04 -0.8055627E-04
Ar 5650  0.4459451E+02  0.2368595E+02  0.4219350E+02  0.2935890E-04 -0.1276204E-04  0.3454406E-04
Ar 5651  0.4465978E+02  0.2108113E+02  0.4470707E+02 -0.6058039E-04  0.1696012E-05 -0.7948270E-04
Ar 5652  0.4210154E+02  0.2360510E+02  0.4472918E+02 -0.1022645E-03  0.1104228E-04 -0.2075730E-04
Ar 5653  0.4213475E+02  0.2103609E+02  0.4727635E+02 -0.8030168E-05  0.1238010E-04 -0.6713051E-04
Ar 5654  0.4472289E+02  0.2369285E+02  0.4732917E+02 -0.7599897E-05  0.4221583E-04  0.7983075E-05
Ar 5655  0.4469027E+02  0.2107024E+02  0.5002990E+02 -0.2804301E-04 -0.5611239E-05 -0.1252926E-03
Ar 5656  0.4216527E+02  0.2376606E+02  0.4998284E+02 -0.3388021E-04 -0.1097812E-04 -0.4063752E-04
Ar 5657  0.4203386E+02  0.2104681E+02  0.5265680E+02 -0.2238555E-04 -0.2904489E-04 -0.5429118E-04
Ar 5658  0.4466569E+02  0.2365051E+02  0.5275398E+02 -0.2385167E-04 -0.5860216E-04 -0.7647531E-04
Ar 5659  0.4475198E+02  0.2103858E+02  0.5524662E+02  0.4329472E-04  0.3178950E-04 -0.2741769E-05
Ar 5660  0.4209685E+02  0.2362305E+02  0.5526360E+02 -0.3198082E-04  0.3826223E-04  0.1434284E-04
Ar 5661  0.4213566E+02  0.2102363E+02  0.5787441E+02  0.5323853E-04 -0.7545199E-05 -0.3197057E-04
Ar 5662  0.4472689E+02  0.2367360E+02  0.5791616E+02  0.6954059E-05 -0.1494022E-04  0.7935683E-04
Ar 5663  0.4477018E+02  0.2102961E+02  0.6051981E+02 -0.2293158E-04 -0.2411773E-04  0.8716321E-04
Ar 5664  0.4221888E+02  0.2371334E+02  0.6056976E+02 -0.5232162E-04 -0.2267573E-04  0.1797603E-04
Ar 5665  0.4211597E+02  0.2111626E+02  0.6309536E+02 -0.3401065E-04  0.2794179E-04 -0.2183542E-04
Ar 5666  0.4451063E+02  0.2371524E+02  0.6308471E+02 -0.4751193E-05  0.9375262E-05 -0.1355335E-04
Ar 5667  0.4468363E+02  0.2099508E+02  0.6563001E+02 -0.9250709E-05  0.8488107E-05  0.2677333E-04
Ar 5668  0.4206130E+02  0.2376257E+02  0.6579760E+02 -0.4604635E-04  0.3373803E-04  0.5572795E-04
Ar 5669  0.4206564E+02  0.2625048E+02  0.6842675E+02  0.2766696E-04 -0.3314780E-04  0.3162045E-04
Ar 5670  0.4480708E+02  0.2891743E+02  0.6854870E+02 -0.7642371E-04 -0.4482012E-04  0.8119106E-05
Ar 5671  0.4471465E+02  0.2632370E+02  0.2596224E+01 -0.4975391E-04  0.3677021E-04 -0.3238005E-04
Ar 5672  0.4214491E+02  0.2903317E+02  0.2674274E+01 -0.1065728E-03 -0.3320556E-04  0.6768367E-04
Ar 5673  0.4210567E+02  0.2617216E+02  0.5368993E+01  0.7518330E-04 -0.3476843E-04  0.4619282E-04
Ar 5674  0.4459960E+02  0.2893281E+02  0.5225730E+01 -0.1639297E-05  0.1274146E-04  0.7819504E-04
Ar 5675  0.4480080E+02  0.2632366E+02  0.7949442E+01  0.5529431E-05 -0.7465889E-04  0.5719878E-04
Ar 5676  0.4204995E+02  0.2910592E+02  0.7931739E+01 -0.2491112E-04  0.2293286E-05  0.3266721E-04
Ar 5677  0.4215521E+02  0.2634297E+02  0.1047996E+02  0.5733328E-04  0.3428272E-04 -0.5373674E-04
Ar 5678  0.4483220E+02  0.2900900E+02  0.1047643E+02 -0.2723853E-04  0.3216437E-04  0.6984834E-04
Ar 5679  0.4471693E+02  0.2630336E+02  0.1311369E+02 -0.1129918E-03 -0.2671339E-04  0.7798266E-05
Ar 5680  0.4210033E+02  0.2899664E+02  0.1310996E+02 -0.2539630E-04  0.2543912E-04  0.1477780E-04
Ar 5681  0.4215157E+02  0.2637085E+02  0.1577228E+02 -0.2694633E-04 -0.5621752E-04 -0.3110606E-04
Ar 5682  0.4481090E+02  0.2887350E+02  0.1573940E+02 -0.1999909E-04 -0.6667697E-05  0.7562638E-06
Ar 5683  0.4476127E+02  0.2633871E+02  0.1846066E+02  0.1753034E-04  0.1437184E-04  0.1018826E-04
Ar 5684  0.4218319E+02  0.2890552E+02  0.1844075E+02 -0.4404489E-04 -0.1463440E-04  0.1394485E-04
Ar 5685  0.4208597E+02  0.2630987E+02  0.2105136E+02 -0.2754392E-04  0.1176824E-03 -0.4210547E-04
Ar 5686  0.4478088E+02  0.2901344E+02  0.2104843E+02 -0.3830517E-04 -0.1124072E-05 -0.5217668E-04
Ar 5687  0.4475902E+02  0.2624477E+02  0.2366311E+02  0.4413558E-04 -0.8147688E-05 -0.6628640E-04
Ar 5688  0.4221608E+02  0.2895546E+02  0.2372332E+02  0.3515554E-04 -0.1595954E-04  0.1097447E-03
Ar 5689  0.4209887E+02  0.2619507E+02  0.2629729E+02 -0.7476223E-04  0.2963018E-04 -0.6138561E-05
Ar 5690  0.4468086E+02  0.2885499E+02  0.2631637E+02 -0.7421342E-05  0.5752132E-04 -0.1002981E-03
Ar 5691  0.4482319E+02  0.2617699E+02  0.2886550E+02  0.1165794E-05 -0.1443492E-05 -0.1239063E-03
Ar 5692  0.4214189E+02  0.2887680E+02  0.2891398E+02  0.2113273E-04  0.2866039E-04 -0.4658580E-04
Ar 5693  0.4204963E+02  0.2627309E+02  0.3169018E+02 -0.3246799E-04 -0.3733615E-04  0.7353149E-04
Ar 5694  0.4465263E+02  0.2891814E+02  0.3161189E+02 -0.8166427E-05 -0.3537894E-04 -0.4148758E-04
Ar 5695  0.4468468E+02  0.2625414E+02  0.3422523E+02  0.4514680E-05  0.1542299E-05  0.6649142E-05
Ar 5696  0.4206779E+02  0.2892096E+02  0.3420342E+02  0.2791379E-04 -0.9003667E-04 -0.2895590E-04
Ar 5697  0.4207540E+02  0.2622287E+02  0.3685950E+02  0.3885562E-05 -0.3742271E-04 -0.7182931E-04
Ar 5698  0.4483557E+02  0.2894576E+02  0.3682901E+02 -0.3793870E-05 -0.6475653E-04  0.3459592E-04
Ar 5699  0.4470240E+02  0.2633351E+02  0.3942267E+02  0.2875734E-04 -0.9936086E-04 -0.4516586E-04
Ar 5700  0.4207460E+02  0.2890243E+02  0.3942174E+02  0.2042333E-04 -0.5910987E-04  0.6931114E-04
Ar 5701  0.4206659E+02  0.2637963E+02  0.4216395E+02  0.7040125E-05 -0.5747608E-05 -0.4921071E-04
Ar 5702  0.4474840E+02  0.2895476E+02  0.4209172E+02  0.1850118E-04  0.1052240E-03  0.5485556E-05
Ar 5703  0.4479038E+02  0.2628604E+02  0.4480706E+02  0.7918988E-05 -0.7560826E-05 -0.2351124E-04
Ar 5704  0.4209492E+02  0.2894627E+02  0.4470032E+02  0.2532012E-04  0.1382816E-04  0.4951134E-05
Ar 5705  0.4208319E+02  0.2632765E+02  0.4733986E+02 -0.9971747E-04 -0.1047034E-04 -0.6490695E-04
Ar 5706  0.4464149E+02  0.2888042E+02  0.4733907E+02 -0.1407049E-03 -0.8791606E-04 -0.7164746E-04
Ar 5707  0.4475942E+02  0.2626943E+02  0.5003953E+02 -0.5478220E-04 -0.5846924E-04 -0.8951363E-04
Ar 5708  0.4227568E+02  0.2886442E+02  0.4993343E+02  0.1969022E-05 -0.4552113E-04 -0.2568407E-04
Ar 5709  0.4209602E+02  0.2631156E+02  0.5258686E+02 -0.9503562E-04 -0.3780977E-04 -0.5703437E-04
Ar 5710  0.4469353E+02  0.2895833E+02  0.5261185E+02 -0.3607609E-04 -0.4107652E-04 -0.1617676E-05
Ar 5711  0.4476547E+02  0.2624440E+02  0.5528014E+02 -0.2596196E-04 -0.2855612E-04  0.9079086E-05
Ar 5712  0.4200840E+02  0.2885450E+02  0.5520559E+02 -0.4100373E-04 -0.3297063E-04 -0.5029671E-04
Ar 5713  0.4207113E+02  0.2628565E+02  0.5781118E+02  0.4212531E-04  0.1007431E-05  0.1993428E-04
Ar 5714  0.4470285E+02  0.2901073E+02  0.5778196E+02 -0.2970459E-04 -0.1156466E-04  0.9504800E-05
Ar 5715  0.4474363E+02  0.2635975E+02  0.6059888E+02  0.4145363E-04 -0.3630385E-04 -0.5260320E-04
Ar 5716  0.4204359E+02  0.2881918E+02  0.6055287E+02  0.5141294E-05  0.1822085E-07  0.3599573E-04
Ar 5717  0.4222112E+02  0.2623196E+02  0.6324094E+02 -0.4436924E-04  0.7274355E-05 -0.7270086E-04
Ar 5718  0.4479176E+02  0.2891091E+02  0.6316171E+02  0.6182294E-05 -0.2260771E-04 -0.5603371E-04
Ar 5719  0.4465388E+02  0.2634953E+02  0.6572535E+02 -0.5913785E-04 -0.3037472E-04 -0.2448851E-04
Ar 5720  0.4229718E+02  0.2885032E+02  0.6586896E+02  0.3878233E-05 -0.9636692E-05  0.4142708E-04
Ar 5721  0.4200264E+02  0.3157385E+02  0.6861288E+02  0.1041323E-05  0.1623125E-04  0.3652289E-04
Ar 5722  0.4478080E+02  0.3413335E+02  0.8486849E-01 -0.1566904E-04 -0.4729554E-04  0.1777180E-04
Ar 5723  0.4467029E+02  0.3160691E+02  0.2634338E+01  0.6408961E-05 -0.1487531E-04  0.6237006E-04
Ar 5724  0.4209348E+02  0.3424033E+02  0.2722927E+01 -0.5207178E-04 -0.3662701E-04 -0.3225408E-04
Ar 5725  0.4212997E+02  0.3164699E+02  0.5223097E+01  0.3028917E-05  0.4332243E-04 -0.2452681E-04
Ar 5726  0.4464158E+02  0.3422535E+02  0.5378400E+01  0.3136905E-04 -0.2635786E-04 -0.2768734E-04
Ar 5727  0.4471523E+02  0.3156603E+02  0.7922767E+01  0.2233870E-04  0.6664186E-04  0.4635134E-05
Ar 5728  0.4214956E+02  0.3422524E+02  0.7898449E+01 -0.5627158E-04  0.2736859E-04  0.4108884E-04
Ar 5729  0.4216491E+02  0.3160908E+02  0.1045913E+02  0.6736545E-04 -0.4436278E-04 -0.4108581E-04
Ar 5730  0.4472305E+02  0.3427382E+02  0.1048324E+02 -0.2053351E-04  0.4240731E-04  0.2005556E-04
Ar 5731  0.4467915E+02  0.3165387E+02  0.1313956E+02  0.3379082E-04  0.4052098E-04  0.8792355E-05
Ar 5732  0.4212918E+02  0.3428209E+02  0.1311341E+02  0.1201900E-04  0.1019506E-04 -0.2784870E-04
Ar 5733  0.4210233E+02  0.3156045E+02  0.1586501E+02 -0.2358683E-04 -0.5775050E-04 -0.5429543E-04
Ar 5734  0.4476668E+02  0.3409272E+02  0.1561087E+02 -0.2152774E-04 -0.9333392E-04 -0.5987003E-04
Ar 5735  0.4466601E+02  0.3165680E+02  0.1843989E+02 -0.7198232E-05 -0.3364232E-04  0.1666072E-04
Ar 5736  0.4206023E+02  0.3423756E+02  0.1836767E+02  0.1183367E-04 -0.5727674E-04  0.2493652E-04
Ar 5737  0.4198671E+02  0.3158103E+02  0.2109643E+02  0.6078950E-05  0.6871811E-06  0.5749298E-04
Ar 5738  0.4476521E+02  0.3416812E+02  0.2110133E+02 -0.3641865E-04  0.3024584E-04 -0.1020501E-04
Ar 5739  0.4481742E+02  0.3155880E+02  0.2375558E+02  0.4682096E-04 -0.2513834E-04  0.3980013E-05
Ar 5740  0.4219454E+02  0.3417427E+02  0.2360409E+02 -0.4425347E-05  0.1763763E-04 -0.2494756E-04
Ar 5741  0.4205647E+02  0.3161985E+02  0.2629505E+02  0.2374096E-04 -0.1798791E-04 -0.3985109E-04
Ar 5742  0.4472120E+02  0.3418327E+02  0.2617195E+02 -0.4728637E-04 -0.2918627E-04  0.6896818E-04
Ar 5743  0.4474725E+02  0.3152209E+02  0.2891709E+02 -0.9246886E-04  0.3088108E-04 -0.5429961E-04
Ar 5744  0.4204713E+02  0.3411687E+02  0.2892651E+02 -0.6933928E-04 -0.4058388E-05 -0.7701075E-04
Ar 5745  0.4203489E+02  0.3161124E+02  0.3159485E+02  0.4730963E-04  0.3455960E-04  0.4273873E-04
Ar 5746  0.4471969E+02  0.3421110E+02  0.3154041E+02 -0.3817749E-04  0.1107060E-03 -0.3921326E-04
Ar 5747  0.4477661E+02  0.3143938E+02  0.3425817E+02  0.4203080E-04 -0.8662984E-04 -0.9188286E-06
Ar 5748  0.4203847E+02  0.3416556E+02  0.3414763E+02 -0.1843527E-04  0.2516816E-04 -0.5012346E-04
Ar 5749  0.4215842E+02  0.3152028E+02  0.3671158E+02  0.4032590E-04 -0.8247113E-04 -0.2293355E-05
Ar 5750  0.4477223E+02  0.3422335E+02  0.3675332E+02 -0.2913402E-04 -0.4101373E-04  0.7774850E-05
Ar 5751  0.4469810E+02  0.3168261E+02  0.3947507E+02 -0.3443771E-04 -0.1437451E-04 -0.7264742E-04
Ar 5752  0.4218948E+02  0.3423694E+02  0.3933946E+02 -0.7059868E-04  0.2917035E-04 -0.6456841E-04
Ar 5753  0.4210040E+02  0.3159217E+02  0.4212889E+02  0.2260016E-04  0.8568975E-04 -0.4387121E-04
Ar 5754  0.4482036E+02  0.3428849E+02  0.4217938E+02 -0.1690994E-04 -0.3643578E-04  0.4586769E-04
Ar 5755  0.4472755E+02  0.3149957E+02  0.4462707E+02 -0.5142209E-04  0.2577268E-04 -0.1091441E-04
Ar 5756  0.4207333E+02  0.3420819E+02  0.4468960E+02 -0.4395030E-04 -0.2870752E-04  0.1403901E-04
Ar 5757  0.4213871E+02  0.3152836E+02  0.4732144E+02  0.4020177E-04 -0.3428164E-04 -0.2247864E-04
Ar 5758  0.4484854E+02  0.3424144E+02  0.4719973E+02  0.1593804E-04  0.1070414E-04  0.3764150E-04
Ar 5759  0.4468256E+02  0.3165367E+02  0.4993512E+02 -0.3548648E-04 -0.2861587E-05 -0.7221788E-05
Ar 5760  0.4211588E+02  0.3426137E+02  0.4999022E+02  0.4573684E-04  0.1262511E-04 -0.8825207E-04
Ar 5761  0.4207337E+02  0.3158005E+02  0.5255830E+02 -0.2715220E-04  0.3120486E-05 -0.9440925E-04
Ar 5762  0.4471951E+02  0.3425265E+02  0.5272573E+02  0.1157011E-04 -0.3333883E-04 -0.6513432E-04
Ar 5763  0.4479692E+02  0.3157710E+02  0.5529475E+02 -0.2908625E-04 -0.1999235E-04 -0.5114993E-06
Ar 5764  0.4219779E+02  0.3428117E+02  0.5528245E+02 -0.1246241E-04 -0.1988812E-04 -0.2415278E-04
Ar 5765  0.4214913E+02  0.3155387E+02  0.5784513E+02 -0.2600669E-04  0.1085392E-03 -0.6403143E-04
Ar 5766  0.4473902E+02  0.3418472E+02  0.5782776E+02  0.2649089E-04  0.2422940E-04 -0.7030305E-05
Ar 5767  0.4472891E+02  0.3158143E+02  0.6041807E+02 -0.6217897E-05 -0.5523210E-04  0.3910918E-04
Ar 5768  0.4205972E+02  0.3422204E+02  0.6046262E+02  0.1180464E-04  0.1388956E-04 -0.1474948E-04
Ar 5769  0.4204454E+02  0.3150380E+02  0.6309661E+02 -0.8000909E-05  0.5750863E-04 -0.8806574E-05
Ar 5770  0.4477057E+02  0.3411533E+02  0.6311008E+02 -0.1439010E-04  0.8437128E-04  0.9232572E-04
Ar 5771  0.4464301E+02  0.3162483E+02  0.6582464E+02 -0.3730270E-04  0.1814528E-03 -0.1247901E-04
Ar 5772  0.4207389E+02  0.3409386E+02  0.6576866E+02 -0.8973014E-05 -0.7667277E-05  0.1006212E-04
Ar 5773  0.4210116E+02  0.3679299E+02  0.6845573E+02 -0.2143845E-04  0.5416702E-06 -0.7913150E-04
Ar 5774  0.4478418E+02  0.3959773E+02  0.1233405E+00  0.2904409E-05 -0.5659081E-05 -0.1025603E-04
Ar 5775  0.4476660E+02  0.3685639E+02  0.2652432E+01  0.1492113E-04 -0.5602610E-04  0.2296417E-04
Ar 5776  0.4205563E+02  0.3951763E+02  0.2471990E+01 -0.1687082E-04 -0.7311562E-06 -0.9395369E-04
Ar 5777  0.4209990E+02  0.3680290E+02  0.5319554E+01 -0.3558239E-04  0.1123294E-04 -0.8611797E-04
Ar 5778  0.4487475E+02  0.3958138E+02  0.5271039E+01  0.2078137E-04  0.1819299E-04 -0.6934355E-05
Ar 5779  0.4480612E+02  0.3699341E+02  0.8056629E+01 -0.8667787E-05 -0.3041063E-04  0.2376239E-04
Ar 5780  0.4205902E+02  0.3947839E+02  0.7774259E+01 -0.4438446E-04  0.5536343E-06 -0.2975701E-06
Ar 5781  0.4209465E+02  0.3686272E+02  0.1052402E+02 -0.2491582E-05  0.3993587E-04 -0.3945043E-04
Ar 5782  0.4475091E+02  0.3944470E+02  0.1056337E+02 -0.1026924E-03  0.5064851E-04 -0.2145071E-04
Ar 5783  0.4475313E+02  0.3693424E+02  0.1315005E+02 -0.9247832E-04  0.5211217E-05  0.2154941E-04
Ar 5784  0.4210912E+02  0.3950009E+02  0.1319043E+02 -0.1905883E-04 -0.2764422E-04  0.8941405E-04
Ar 5785  0.4207562E+02  0.3682391E+02  0.1567852E+02 -0.1988622E-04  0.1040065E-04  0.1098168E-04
Ar 5786  0.4470613E+02  0.3943481E+02  0.1581069E+02  0.3205942E-05 -0.6489624E-05  0.4422465E-05
Ar 5787  0.4472671E+02  0.3679243E+02  0.1847974E+02 -0.7940677E-04 -0.7332385E-04  0.2531914E-04
Ar 5788  0.4202598E+02  0.3939376E+02  0.1835583E+02  0.5130438E-04  0.4226813E-04  0.5610153E-04
Ar 5789  0.4215560E+02  0.3687537E+02  0.2112216E+02 -0.4506620E-04  0.2647079E-04  0.3818102E-04
Ar 5790  0.4469414E+02  0.3949984E+02  0.2092674E+02 -0.3974402E-05  0.1248203E-04 -0.1929479E-04
Ar 5791  0.4470650E+02  0.3687653E+02  0.2372953E+02  0.1285823E-06 -0.9690660E-04 -0.1952971E-04
Ar 5792  0.4208838E+02  0.3940672E+02  0.2368216E+02  0.2910730E-04 -0.4340114E-04  0.2626230E-05
Ar 5793  0.4211108E+02  0.3676911E+02  0.2640648E+02 -0.7233129E-04  0.2128050E-04 -0.7012633E-05
Ar 5794  0.4471947E+02  0.3937889E+02  0.2629823E+02 -0.8453952E-04  0.2835645E-04 -0.5635117E-04
Ar 5795  0.4477149E+02  0.3680666E+02  0.2890606E+02  0.4605049E-04 -0.9431653E-04 -0.7268910E-04
Ar 5796  0.4199330E+02  0.3955720E+02  0.2900309E+02  0.4245112E-04 -0.1584580E-04 -0.8518190E-04
Ar 5797  0.4215172E+02  0.3700452E+02  0.3157362E+02 -0.4039267E-04  0.7022319E-04 -0.2754784E-05
Ar 5798  0.4464380E+02  0.3956877E+02  0.3167544E+02  0.6510363E-04 -0.6400754E-04  0.6728149E-05
Ar 5799  0.4467904E+02  0.3680444E+02  0.3413351E+02 -0.7654160E-04  0.1000959E-03 -0.1016521E-03
Ar 5800  0.4212949E+02  0.3950819E+02  0.3425391E+02 -0.4077311E-04 -0.3121496E-04  0.4233209E-04
Ar 5801  0.4217263E+02  0.3689443E+02  0.3685156E+02 -0.1115525E-04 -0.1592575E-04  0.5241370E-04
Ar 5802  0.4460509E+02  0.3937061E+02  0.3676660E+02 -0.6615766E-04 -0.1601521E-04  0.2293133E-05
Ar 5803  0.4473379E+02  0.3694482E+02  0.3951323E+02 -0.7454847E-04 -0.7308818E-05  0.2620675E-04
Ar 5804  0.4209325E+02  0.3949884E+02  0.3952386E+02  0.6200483E-04  0.1501515E-04  0.1784929E-04
Ar 5805  0.4207213E+02  0.3677371E+02  0.4202911E+02  0.1880996E-04  0.1842562E-05  0.2012794E-04
Ar 5806  0.4482158E+02  0.3961128E+02  0.4204754E+02 -0.4098113E-04 -0.7473415E-04 -0.1574531E-04
Ar 5807  0.4479124E+02  0.3687500E+02  0.4478481E+02  0.4856942E-04  0.2649693E-04 -0.7842602E-04
Ar 5808  0.4212805E+02  0.3950454E+02  0.4465958E+02 -0.9694328E-05 -0.5036832E-04 -0.1504967E-04
Ar 5809  0.4212604E+02  0.3673249E+02  0.4732353E+02  0.1537851E-04 -0.1833251E-04  0.1787639E-04
Ar 5810  0.4467992E+02  0.3946818E+02  0.4738369E+02 -0.1123171E-03  0.9370429E-04 -0.1667405E-04
Ar 5811  0.4475686E+02  0.3687404E+02  0.4997616E+02  0.3037051E-04  0.3779832E-04  0.1469647E-04
Ar 5812  0.4206728E+02  0.3963988E+02  0.4999487E+02  0.8577545E-05 -0.2886796E-04 -0.2982056E-04
Ar 5813  0.4200909E+02  0.3672436E+02  0.5260564E+02 -0.1044678E-04  0.3242819E-04 -0.8956973E-04
Ar 5814  0.4477154E+02  0.3957174E+02  0.5261646E+02  0.6727275E-05  0.6015574E-04 -0.3517355E-04
Ar 5815  0.4466984E+02  0.3686242E+02  0.5512034E+02 -0.4622977E-05 -0.1714125E-04 -0.4302718E-04
Ar 5816  0.4200314E+02  0.3944137E+02  0.5519800E+02 -0.2640818E-04 -0.1427561E-05  0.5287893E-04
Ar 5817  0.4212738E+02  0.3684902E+02  0.5794361E+02  0.9800053E-05  0.3173893E-04 -0.2550565E-04
Ar 5818  0.4477965E+02  0.3946513E+02  0.5791340E+02  0.1118232E-04 -0.7425252E-04 -0.2539755E-04
Ar 5819  0.4476301E+02  0.3679049E+02  0.6055078E+02 -0.1445157E-05 -0.9616258E-04  0.1534667E-04
Ar 5820  0.4214216E+02  0.3950194E+02  0.6050121E+02  0.1487397E-04 -0.1210156E-04 -0.7120298E-04
Ar 5821  0.4207298E+02  0.3688687E+02  0.6310645E+02 -0.2060076E-04 -0.3826058E-05  0.8350607E-04
Ar 5822  0.4475766E+02  0.3946310E+02  0.6324763E+02 -0.6379957E-04 -0.8074920E-04 -0.6831247E-05
Ar 5823  0.4470528E+02  0.3670673E+02  0.6572980E+02  0.6347956E-05 -0.1021333E-03 -0.8713155E-04
Ar 5824  0.4209221E+02  0.3952888E+02  0.6568794E+02 -0.1468469E-04 -0.6635892E-05 -0.1055652E-04
Ar 5825  0.4202122E+02  0.4203984E+02  0.6848992E+02 -0.1512904E-04  0.9876882E-04  0.7698012E-06
Ar 5826  0.4482140E+02  0.4474978E+02  0.1511722E+00  0.6727921E-04 -0.4174861E-05  0.2706834E-05
Ar 5827  0.4470237E+02  0.4207338E+02  0.2740816E+01 -0.4808425E-04 -0.2733413E-04 -0.3788514E-04
Ar 5828  0.4208649E+02  0.4467453E+02  0.2666601E+01 -0.1875009E-04 -0.6426461E-04 -0.3958041E-04
Ar 5829  0.4212740E+02  0.4213373E+02  0.5315050E+01  0.1461753E-04  0.2162412E-05  0.3654990E-04
Ar 5830  0.4479145E+02  0.4480145E+02  0.5266257E+01  0.2046748E-04  0.5955992E-05  0.1639332E-04
Ar 5831  0.4470251E+02  0.4215626E+02  0.7988066E+01 -0.2114029E-04 -0.8340052E-04 -0.2776160E-04
Ar 5832  0.4211231E+02  0.4470982E+02  0.7864397E+01  0.6279750E-04 -0.9121524E-04 -0.4519531E-04
Ar 5833  0.4202649E+02  0.4206441E+02  0.1044253E+02  0.2328554E-04 -0.6439011E-04 -0.6309517E-04
Ar 5834  0.4464875E+02  0.4477173E+02  0.1049200E+02  0.3362267E-04 -0.6384596E-04 -0.5451775E-05
Ar 5835  0.4466566E+02  0.4215451E+02  0.1306099E+02  0.3162478E-04  0.6248555E-05 -0.1940304E-04
Ar 5836  0.4203988E+02  0.4474603E+02  0.1321693E+02 -0.2179390E-04 -0.3716352E-04 -0.2063529E-04
Ar 5837  0.4202428E+02  0.4202442E+02  0.1570920E+02 -0.4751594E-04 -0.2354533E-04 -0.5465577E-04
Ar 5838  0.4481830E+02  0.4470486E+02  0.1578686E+02  0.1191493E-03  0.6101908E-04  0.3591471E-04
Ar 5839  0.4476866E+02  0.4200991E+02  0.1844452E+02  0.6131904E-04  0.2143797E-04 -0.1027128E-05
Ar 5840  0.4213444E+02  0.4471725E+02  0.1852815E+02  0.8199124E-05  0.1845630E-04 -0.6700444E-04
Ar 5841  0.4202594E+02  0.4209262E+02  0.2106612E+02 -0.1779657E-05  0.8457387E-04  0.5401015E-04
Ar 5842  0.4485090E+02  0.4472755E+02  0.2104670E+02 -0.3510428E-04 -0.4088952E-04  0.2096273E-04
Ar 5843  0.4469738E+02  0.4208956E+02  0.2361146E+02 -0.6269624E-04  0.2805759E-04 -0.1689878E-04
Ar 5844  0.4209550E+02  0.4480456E+02  0.2366901E+02  0.1549731E-04  0.3245455E-04 -0.7774657E-04
Ar 5845  0.4217389E+02  0.4216236E+02  0.2627441E+02  0.4519565E-04  0.1925457E-04 -0.5817863E-05
Ar 5846  0.4480366E+02  0.4483997E+02  0.2638459E+02  0.8428047E-04 -0.8820620E-04 -0.8708130E-04
Ar 5847  0.4478954E+02  0.4220732E+02  0.2890320E+02  0.8963899E-04  0.4574244E-05  0.2102240E-05
Ar 5848  0.4217203E+02  0.4475581E+02  0.2895551E+02  0.3825151E-04 -0.6537987E-04 -0.3074610E-05
Ar 5849  0.4224277E+02  0.4212987E+02  0.3156217E+02 -0.4703884E-04  0.1315203E-03 -0.7905737E-05
Ar 5850  0.4465982E+02  0.4474375E+02  0.3154784E+02 -0.3475937E-04 -0.5317582E-04 -0.9567600E-04
Ar 5851  0.4466637E+02  0.4205410E+02  0.3421127E+02  0.4851937E-04 -0.4384838E-04 -0.1785899E-04
Ar 5852  0.4218476E+02  0.4474278E+02  0.3411393E+02 -0.7594684E-04 -0.3213459E-04 -0.4546206E-04
Ar 5853  0.4211105E+02  0.4205686E+02  0.3682593E+02  0.3747757E-04 -0.2177683E-04 -0.9386628E-04
Ar 5854  0.4483040E+02  0.4470888E+02  0.3677627E+02 -0.4066450E-04 -0.4354914E-04 -0.1017736E-04
Ar 5855  0.4473000E+02  0.4206706E+02  0.3939261E+02  0.9301605E-04  0.5794088E-04 -0.1549817E-04
Ar 5856  0.4211000E+02  0.4468733E+02  0.3951230E+02 -0.3998107E-04 -0.5807541E-04 -0.5212014E-04
Ar 5857  0.4215694E+02  0.4202582E+02  0.4200147E+02  0.4061706E-04  0.7601913E-04  0.9842233E-05
Ar 5858  0.4485477E+02  0.4474189E+02  0.4204181E+02  0.8894864E-04 -0.1659870E-04  0.6660595E-05
Ar 5859  0.4489542E+02  0.4222207E+02  0.4471344E+02 -0.2217493E-04 -0.6888353E-05  0.1506943E-04
Ar 5860  0.4213366E+02  0.4464579E+02  0.4468885E+02 -0.2565498E-04 -0.2696582E-05 -0.1372077E-04
Ar 5861  0.4204513E+02  0.4205424E+02  0.4733438E+02  0.2180677E-04 -0.6781318E-04 -0.6216593E-05
Ar 5862  0.4484964E+02  0.4479008E+02  0.4734550E+02 -0.6353462E-04 -0.2872931E-04 -0.6143036E-04
Ar 5863  0.4477157E+02  0.4212139E+02  0.5015950E+02 -0.5216525E-04 -0.1979598E-05  0.3333451E-06
Ar 5864  0.4197709E+02  0.4471907E+02  0.4991831E+02  0.2812666E-04 -0.3416224E-04  0.4407184E-04
Ar 5865  0.4199419E+02  0.4216245E+02  0.5253359E+02 -0.1639783E-04 -0.2558822E-04  0.2305563E-04
Ar 5866  0.4462100E+02  0.4477217E+02  0.5267684E+02 -0.5523232E-04 -0.2982030E-04 -0.8485209E-05
Ar 5867  0.4477168E+02  0.4214362E+02  0.5527345E+02 -0.5748558E-04  0.3789444E-04  0.7116714E-04
Ar 5868  0.4207871E+02  0.4463205E+02  0.5517606E+02 -0.2669117E-04 -0.5605673E-05  0.8545903E-04
Ar 5869  0.4216249E+02  0.4208140E+02  0.5792904E+02  0.1189294E-03 -0.9699564E-06 -0.7799709E-04
Ar 5870  0.4476793E+02  0.4461400E+02  0.5792004E+02  0.4167768E-04 -0.5344374E-04  0.7175125E-06
Ar 5871  0.4473881E+02  0.4203249E+02  0.6059683E+02 -0.1487010E-04 -0.1137450E-03 -0.9005304E-04
Ar 5872  0.4211623E+02  0.4460548E+02  0.6050638E+02 -0.3258932E-04  0.9008176E-04 -0.6449433E-04
Ar 5873  0.4221610E+02  0.4208869E+02  0.6301404E+02 -0.6187188E-04 -0.6496227E-04 -0.4570790E-05
Ar 5874  0.4482794E+02  0.4470229E+02  0.6310395E+02  0.8883052E-05 -0.8041008E-05 -0.2241895E-04
Ar 5875  0.4479407E+02  0.4205920E+02  0.6569743E+02 -0.3732451E-04  0.4030434E-04 -0.2090316E-04
Ar 5876  0.4197538E+02  0.4476968E+02  0.6583908E+02 -0.3790817E-04 -0.3481685E-04 -0.1074903E-03
Ar 5877  0.4206370E+02  0.4734950E+02  0.5905007E-01 -0.6004519E-06  0.6153150E-05  0.1265227E-04
Ar 5878  0.4470975E+02  0.4993700E+02  0.6846998E+02 -0.1580935E-04 -0.8948130E-04 -0.6372506E-04
Ar 5879  0.4474408E+02  0.4735034E+02  0.2578159E+01  0.3576992E-04 -0.2608876E-04  0.2454241E-05
Ar 5880  0.4211563E+02  0.5005256E+02  0.2576017E+01  0.1591908E-04 -0.2890042E-05 -0.8338642E-05
Ar 5881  0.4212715E+02  0.4736662E+02  0.5352641E+01 -0.4299518E-04 -0.1757652E-04 -0.6750409E-04
Ar 5882  0.4470837E+02  0.4995964E+02  0.5226089E+01 -0.3201042E-04 -0.7865377E-05 -0.1036722E-04
Ar 5883  0.4478755E+02  0.4734026E+02  0.7999938E+01  0.2345310E-04  0.4584695E-04  0.1377385E-04
Ar 5884  0.4216712E+02  0.5011072E+02  0.7958216E+01 -0.7558749E-04 -0.4008619E-04  0.1558240E-04
Ar 5885  0.4212084E+02  0.4735021E+02  0.1054901E+02  0.8509075E-05  0.5754593E-05 -0.1226824E-03
Ar 5886  0.4478162E+02  0.5001189E+02  0.1056046E+02  0.6154384E-04  0.8903249E-05  0.8262364E-07
Ar 5887  0.4479518E+02  0.4739148E+02  0.1318139E+02  0.7386588E-04 -0.2638101E-04 -0.6740781E-04
Ar 5888  0.4225111E+02  0.4992157E+02  0.1306567E+02 -0.3128032E-04  0.1506316E-04 -0.1908617E-04
Ar 5889  0.4204626E+02  0.4725665E+02  0.1578537E+02 -0.4056954E-04 -0.5000658E-04  0.6312788E-04
Ar 5890  0.4475416E+02  0.5007052E+02  0.1577400E+02  0.9417696E-04 -0.2666441E-04 -0.5261749E-05
Ar 5891  0.4468151E+02  0.4725992E+02  0.1833835E+02 -0.6570262E-04 -0.3717249E-04 -0.2566781E-04
Ar 5892  0.4213425E+02  0.4994512E+02  0.1844455E+02 -0.1720156E-03 -0.3878576E-04  0.3177090E-04
Ar 5893  0.4209873E+02  0.4734156E+02  0.2102778E+02 -0.6766096E-04  0.5492968E-04  0.2560334E-04
Ar 5894  0.4462519E+02  0.4996276E+02  0.2097024E+02 -0.1561537E-04  0.1159362E-04  0.1162931E-04
Ar 5895  0.4468674E+02  0.4739213E+02  0.2379866E+02  0.1204811E-04 -0.1622946E-05  0.7410056E-04
Ar 5896  0.4207626E+02  0.5006943E+02  0.2358949E+02  0.1108189E-03 -0.1535760E-04 -0.4334096E-04
Ar 5897  0.4218179E+02  0.4736222E+02  0.2641373E+02 -0.1010621E-03 -0.5860796E-04  0.4545546E-04
Ar 5898  0.4471126E+02  0.4995754E+02  0.2632257E+02  0.2868621E-05 -0.1965768E-05 -0.2975705E-04
Ar 5899  0.4470162E+02  0.4738009E+02  0.2888133E+02 -0.2887680E-04 -0.1851840E-04  0.4905734E-04
Ar 5900  0.4199856E+02  0.5006713E+02  0.2904587E+02 -0.6533969E-04 -0.1151598E-03 -0.5425837E-05
Ar 5901  0.4216877E+02  0.4742835E+02  0.3154114E+02  0.1001140E-04 -0.1003410E-04  0.3903274E-04
Ar 5902  0.4475836E+02  0.5016652E+02  0.3168878E+02 -0.9869269E-05 -0.4127176E-04 -0.4291615E-04
Ar 5903  0.4474589E+02  0.4741410E+02  0.3417845E+02 -0.3219042E-04 -0.1044562E-03 -0.3400294E-04
Ar 5904  0.4215001E+02  0.4990921E+02  0.3411311E+02 -0.4741140E-04 -0.9651415E-05 -0.9847246E-04
Ar 5905  0.4220725E+02  0.4736271E+02  0.3679436E+02 -0.1673537E-04 -0.8835942E-04  0.1108856E-04
Ar 5906  0.4477484E+02  0.5012906E+02  0.3687761E+02 -0.1894734E-04 -0.3073093E-04 -0.1184500E-04
Ar 5907  0.4473615E+02  0.4739002E+02  0.3946412E+02 -0.3858259E-04  0.3896368E-04 -0.2560302E-05
Ar 5908  0.4208881E+02  0.5002913E+02  0.3949361E+02 -0.8221169E-04  0.4767986E-04  0.3352531E-06
Ar 5909  0.4204533E+02  0.4738288E+02  0.4219527E+02 -0.2237014E-04  0.1410295E-05 -0.3418118E-04
Ar 5910  0.4478440E+02  0.5007789E+02  0.4206985E+02 -0.6304824E-04 -0.6313093E-04  0.3499039E-04
Ar 5911  0.4470561E+02  0.4724493E+02  0.4465224E+02 -0.7770042E-04 -0.3309682E-04 -0.4516302E-04
Ar 5912  0.4196341E+02  0.5004460E+02  0.4480220E+02 -0.5592289E-05 -0.2022461E-05 -0.7444321E-05
Ar 5913  0.4200484E+02  0.4733005E+02  0.4740653E+02 -0.8884826E-04 -0.6437642E-04  0.8222588E-05
Ar 5914  0.4458976E+02  0.4999885E+02  0.4738225E+02 -0.5534588E-04  0.3696021E-04 -0.1273007E-04
Ar 5915  0.4462822E+02  0.4738589E+02  0.5008931E+02 -0.6250850E-04 -0.6448339E-04 -0.4219921E-04
Ar 5916  0.4210700E+02  0.5000908E+02  0.4992436E+02  0.4691574E-04 -0.5551428E-04 -0.3176707E-04
Ar 5917  0.4215171E+02  0.4734940E+02  0.5263099E+02 -0.4501047E-04 -0.3953210E-04  0.7816685E-04
Ar 5918  0.4472822E+02  0.4994743E+02  0.5255473E+02  0.4744600E-04 -0.4258905E-04 -0.6873452E-05
Ar 5919  0.4466995E+02  0.4726748E+02  0.5526613E+02 -0.1042153E-03 -0.3571312E-04 -0.6477750E-04
Ar 5920  0.4206001E+02  0.4997480E+02  0.5524427E+02 -0.1218561E-04 -0.6002614E-04  0.1033944E-04
Ar 5921  0.4212953E+02  0.4735971E+02  0.5783549E+02 -0.4668460E-04 -0.9138630E-04  0.5654301E-07
Ar 5922  0.4478226E+02  0.4991144E+02  0.5802384E+02 -0.3362161E-04 -0.3095817E-04 -0.9154325E-04
Ar 5923  0.4461199E+02  0.4738837E+02  0.6050353E+02  0.6086041E-04  0.8338658E-04 -0.1654349E-04
Ar 5924  0.4215511E+02  0.5011384E+02  0.6052559E+02  0.1767821E-04 -0.3312256E-04 -0.1972824E-04
Ar 5925  0.4207427E+02  0.4723829E+02  0.6305398E+02  0.6802952E-06 -0.6547328E-04 -0.1148151E-03
Ar 5926  0.4470539E+02  0.5000515E+02  0.6317430E+02 -0.4774034E-05  0.3917037E-04 -0.3908027E-04
Ar 5927  0.4479102E+02  0.4741519E+02  0.6578627E+02 -0.1463449E-04  0.2384671E-05  0.5280992E-05
Ar 5928  0.4209127E+02  0.4995440E+02  0.6581007E+02 -0.5248490E-04 -0.3406298E-04 -0.3021008E-04
Ar 5929  0.4223384E+02  0.5273990E+02  0.6835859E+02 -0.7789463E-04  0.2762181E-04 -0.2960008E-04
Ar 5930  0.4476319E+02  0.5528361E+02  0.6847595E+02  0.2030645E-04 -0.5415679E-05 -0.4064803E-04
Ar 5931  0.4479204E+02  0.5266778E+02  0.2529017E+01 -0.3329647E-04 -0.8931170E-04 -0.6171322E-04
Ar 5932  0.4215277E+02  0.5524092E+02  0.2727643E+01 -0.2492568E-04 -0.3152955E-05 -0.8952009E-04
Ar 5933  0.4204321E+02  0.5263197E+02  0.5363224E+01 -0.1438954E-04  0.5333163E-04 -0.3027716E-04
Ar 5934  0.4478659E+02  0.5527065E+02  0.5189783E+01 -0.2607346E-04 -0.1070707E-03 -0.6526555E-05
Ar 5935  0.4479072E+02  0.5266027E+02  0.7874665E+01  0.1652570E-05 -0.1973150E-04 -0.4748705E-04
Ar 5936  0.4208756E+02  0.5518723E+02  0.7930922E+01  0.1157676E-04  0.1103227E-04  0.2968786E-04
Ar 5937  0.4210867E+02  0.5249063E+02  0.1050181E+02 -0.4919556E-04 -0.2501571E-04 -0.4733308E-04
Ar 5938  0.4469117E+02  0.5525333E+02  0.1051548E+02 -0.8859102E-05  0.7084881E-04  0.4830891E-04
Ar 5939  0.4475819E+02  0.5264784E+02  0.1322786E+02  0.2579128E-04 -0.6231639E-04 -0.6914602E-04
Ar 5940  0.4210556E+02  0.5521289E+02  0.1312162E+02  0.5381641E-05 -0.6323832E-04  0.6784861E-05
Ar 5941  0.4192972E+02  0.5263167E+02  0.1578192E+02  0.4424013E-04  0.3210358E-04 -0.4400066E-04
Ar 5942  0.4472908E+02  0.5510487E+02  0.1570981E+02  0.1265306E-04 -0.4769832E-04 -0.1439118E-04
Ar 5943  0.4462490E+02  0.5250056E+02  0.1846244E+02 -0.8987519E-04 -0.4354986E-04  0.1993402E-04
Ar 5944  0.4209427E+02  0.5529742E+02  0.1840905E+02  0.2158189E-04 -0.4968779E-04 -0.3017808E-04
Ar 5945  0.4214623E+02  0.5274651E+02  0.2113475E+02  0.2363032E-04 -0.7915614E-04  0.2731957E-04
Ar 5946  0.4467184E+02  0.5527301E+02  0.2102873E+02  0.2752861E-04  0.3588400E-04  0.6659636E-04
Ar 5947  0.4489596E+02  0.5269819E+02  0.2371189E+02  0.3212244E-04  0.2179047E-04 -0.1738000E-04
Ar 5948  0.4208316E+02  0.5520131E+02  0.2363358E+02  0.4309328E-04 -0.1162091E-04 -0.3205060E-05
Ar 5949  0.4209287E+02  0.5257264E+02  0.2629877E+02 -0.1804965E-03  0.7644530E-04 -0.3316145E-04
Ar 5950  0.4471079E+02  0.5531024E+02  0.2631844E+02  0.1438325E-04 -0.9940419E-05  0.3217763E-04
Ar 5951  0.4461815E+02  0.5265680E+02  0.2896302E+02 -0.5440943E-04 -0.1216649E-03  0.4232711E-05
Ar 5952  0.4213624E+02  0.5529225E+02  0.2899171E+02  0.1783584E-04 -0.1447910E-03  0.2193512E-04
Ar 5953  0.4204491E+02  0.5252299E+02  0.3158391E+02  0.3511704E-04  0.3670559E-04  0.6139375E-04
Ar 5954  0.4462113E+02  0.5521200E+02  0.3156809E+02  0.5515514E-05  0.1097762E-04 -0.3797918E-04
Ar 5955  0.4481629E+02  0.5258490E+02  0.3424868E+02  0.5886249E-04 -0.1641697E-04  0.2334317E-04
Ar 5956  0.4204777E+02  0.5520735E+02  0.3422555E+02 -0.1761949E-04 -0.1126564E-04 -0.7263290E-04
Ar 5957  0.4209845E+02  0.5258736E+02  0.3690487E+02  0.6213525E-04 -0.1874889E-04 -0.5482397E-05
Ar 5958  0.4466625E+02  0.5533858E+02  0.3689304E+02 -0.5036187E-04  0.7839359E-04  0.7953133E-04
Ar 5959  0.4474290E+02  0.5272513E+02  0.3933714E+02  0.5731037E-05 -0.6184977E-05 -0.1370814E-04
Ar 5960  0.4205126E+02  0.5508625E+02  0.3945501E+02  0.2214446E-04 -0.2855852E-04 -0.1039555E-03
Ar 5961  0.4205652E+02  0.5269639E+02  0.4222084E+02 -0.4683547E-04  0.1625711E-04 -0.3703937E-04
Ar 5962  0.4476106E+02  0.5523080E+02  0.4205128E+02  0.5301388E-04 -0.1091422E-04 -0.5893360E-05
Ar 5963  0.4486763E+02  0.5267283E+02  0.4477748E+02 -0.3488313E-04 -0.5279299E-05  0.3817460E-04
Ar 5964  0.4201971E+02  0.5528594E+02  0.4464966E+02  0.9515235E-04 -0.4042003E-04 -0.5499211E-04
Ar 5965  0.4199949E+02  0.5261693E+02  0.4729720E+02 -0.5136934E-04 -0.4429806E-04 -0.1268820E-03
Ar 5966  0.4473259E+02  0.5516795E+02  0.4741246E+02  0.2407009E-04  0.2013513E-04 -0.2748122E-04
Ar 5967  0.4475307E+02  0.5270900E+02  0.4998214E+02 -0.1608669E-04  0.2321672E-04  0.2051519E-04
Ar 5968  0.4212673E+02  0.5520309E+02  0.5003486E+02  0.3877451E-04 -0.1300172E-04 -0.2979004E-04
Ar 5969  0.4220122E+02  0.5255088E+02  0.5258753E+02 -0.6461202E-05 -0.1232516E-04 -0.1689861E-04
Ar 5970  0.4459565E+02  0.5520351E+02  0.5269481E+02 -0.2540818E-04 -0.4172297E-04  0.1537409E-04
Ar 5971  0.4478875E+02  0.5258857E+02  0.5531944E+02 -0.5986361E-04 -0.4894332E-04  0.3873792E-04
Ar 5972  0.4221759E+02  0.5523573E+02  0.5523725E+02  0.7678385E-04  0.3259966E-04 -0.6521887E-04
Ar 5973  0.4206406E+02  0.5251214E+02  0.5784402E+02 -0.3483965E-04  0.2073576E-04 -0.1341318E-04
Ar 5974  0.4472936E+02  0.5521893E+02  0.5796376E+02 -0.3620024E-04 -0.3059087E-04 -0.3076092E-04
Ar 5975  0.4464440E+02  0.5268653E+02  0.6056740E+02 -0.2576045E-04 -0.4744738E-04 -0.3609250E-04
Ar 5976  0.4199562E+02  0.5528099E+02  0.6043200E+02 -0.3775977E-04  0.7997590E-04 -0.2100167E-04
Ar 5977  0.4211416E+02  0.5273268E+02  0.6304020E+02  0.3599279E-05  0.6386458E-04 -0.4183858E-04
Ar 5978  0.4472842E+02  0.5523530E+02  0.6311546E+02  0.4655696E-04  0.7290302E-04 -0.3046036E-05
Ar 5979  0.4463882E+02  0.5271004E+02  0.6578798E+02 -0.4483597E-04 -0.9584283E-04  0.2433887E-05
Ar 5980  0.4207037E+02  0.5528111E+02  0.6577259E+02 -0.1900105E-04 -0.6339672E-04 -0.6110138E-04
Ar 5981  0.4212897E+02  0.5780489E+02  0.6846327E+02 -0.1090606E-04  0.2438579E-04 -0.6549412E-04
Ar 5982  0.4471397E+02  0.6062181E+02  0.5913664E-01 -0.1172674E-06 -0.5524781E-04 -0.4078894E-05
Ar 5983  0.4477196E+02  0.5786484E+02  0.2591262E+01  0.4729817E-04 -0.1503103E-04 -0.6006578E-04
Ar 5984  0.4206667E+02  0.6053181E+02  0.2635930E+01 -0.1299675E-03  0.4795484E-05 -0.2768959E-05
Ar 5985  0.4207141E+02  0.5786352E+02  0.5350803E+01 -0.6819029E-04 -0.7924783E-05  0.1052242E-04
Ar 5986  0.4465105E+02  0.6038578E+02  0.5275988E+01 -0.6026589E-05 -0.1978794E-04 -0.2666230E-04
Ar 5987  0.4490785E+02  0.5787299E+02  0.7846910E+01 -0.2127641E-05 -0.1149468E-03 -0.4071481E-06
Ar 5988  0.4209415E+02  0.6060191E+02  0.7909048E+01 -0.1892093E-04  0.3503554E-04 -0.1258695E-04
Ar 5989  0.4211008E+02  0.5780050E+02  0.1054764E+02 -0.2652581E-04 -0.3455830E-04 -0.2362010E-04
Ar 5990  0.4482962E+02  0.6055987E+02  0.1045462E+02 -0.5593954E-05  0.1073258E-03  0.3047603E-04
Ar 5991  0.4471524E+02  0.5782114E+02  0.1325251E+02 -0.5355847E-04 -0.4872357E-04  0.3651993E-04
Ar 5992  0.4202352E+02  0.6054733E+02  0.1316252E+02  0.4565819E-04 -0.3015808E-04 -0.1026583E-03
Ar 5993  0.4208694E+02  0.5782944E+02  0.1585115E+02  0.5028427E-05 -0.9383577E-05  0.4264535E-04
Ar 5994  0.4468741E+02  0.6047623E+02  0.1573395E+02 -0.1132885E-03  0.9199638E-04 -0.9731258E-05
Ar 5995  0.4479294E+02  0.5787046E+02  0.1834617E+02 -0.9904581E-04  0.5195484E-05 -0.6648435E-04
Ar 5996  0.4208810E+02  0.6065605E+02  0.1842716E+02 -0.4030142E-04  0.6952433E-05 -0.1431859E-04
Ar 5997  0.4215513E+02  0.5792928E+02  0.2100603E+02  0.9078507E-05  0.7257839E-05 -0.3396439E-06
Ar 5998  0.4472407E+02  0.6058616E+02  0.2104792E+02 -0.4762450E-04 -0.1040898E-03 -0.2074993E-04
Ar 5999  0.4469712E+02  0.5796235E+02  0.2376039E+02 -0.3547668E-04 -0.2545840E-04 -0.5490480E-04
Ar 6000  0.4205060E+02  0.6053561E+02  0.2370195E+02 -0.1625120E-04 -0.7948229E-04 -0.7886650E-04
Ar 6001  0.4216419E+02  0.5788481E+02  0.2629810E+02  0.5378963E-05 -0.1527265E-04 -0.4933328E-04
Ar 6002  0.4474729E+02  0.6054751E+02  0.2635053E+02  0.1305505E-04 -0.3978155E-04 -0.4800485E-04
Ar 6003  0.4479615E+02  0.5777360E+02  0.2901288E+02 -0.7573778E-04 -0.1109920E-04 -0.3007339E-04
Ar 6004  0.4208724E+02  0.6045019E+02  0.2897876E+02  0.6635070E-04 -0.2962264E-05 -0.4322815E-05
Ar 6005  0.4201983E+02  0.5784071E+02  0.3170940E+02  0.9467595E-05  0.3176662E-04 -0.6945232E-04
Ar 6006  0.4468778E+02  0.6060002E+02  0.3165298E+02 -0.1104836E-04  0.1928125E-04  0.4567407E-04
Ar 6007  0.4472488E+02  0.5780567E+02  0.3420940E+02  0.5477242E-05  0.4164655E-04  0.3023634E-04
Ar 6008  0.4219560E+02  0.6056993E+02  0.3415221E+02  0.1002242E-04 -0.3404168E-04  0.2007041E-05
Ar 6009  0.4211469E+02  0.5788125E+02  0.3702801E+02 -0.1938443E-04 -0.7350645E-04 -0.1355434E-04
Ar 6010  0.4474396E+02  0.6040196E+02  0.3690784E+02 -0.6147150E-04 -0.5345575E-04  0.9800545E-05
Ar 6011  0.4475759E+02  0.5791597E+02  0.3948324E+02 -0.9657466E-04 -0.2672044E-04  0.1673777E-04
Ar 6012  0.4205842E+02  0.6047490E+02  0.3948136E+02 -0.1984397E-04 -0.1373375E-04 -0.2885996E-04
Ar 6013  0.4216418E+02  0.5784520E+02  0.4212766E+02  0.1118658E-04 -0.1545872E-03 -0.6736146E-04
Ar 6014  0.4483351E+02  0.6045656E+02  0.4199698E+02  0.7380692E-06 -0.6036504E-04  0.1950102E-04
Ar 6015  0.4458969E+02  0.5791482E+02  0.4459301E+02 -0.3722969E-04 -0.1044041E-05 -0.2249818E-04
Ar 6016  0.4213564E+02  0.6046113E+02  0.4473473E+02  0.1654468E-04  0.5559250E-04 -0.8041651E-04
Ar 6017  0.4202796E+02  0.5789487E+02  0.4741079E+02 -0.7050818E-04  0.1365745E-04 -0.3469900E-04
Ar 6018  0.4455927E+02  0.6045026E+02  0.4726227E+02 -0.2093595E-04 -0.6939188E-04  0.9704693E-05
Ar 6019  0.4457240E+02  0.5785872E+02  0.4996022E+02 -0.8279830E-04 -0.1788873E-04 -0.2212384E-04
Ar 6020  0.4209458E+02  0.6046698E+02  0.5003317E+02 -0.4822729E-07 -0.1649622E-06  0.2661053E-04
Ar 6021  0.4189502E+02  0.5779106E+02  0.5270885E+02  0.1849188E-04 -0.4709686E-04 -0.7553605E-04
Ar 6022  0.4472574E+02  0.6053623E+02  0.5257144E+02 -0.4566210E-04 -0.9932983E-04  0.3047714E-05
Ar 6023  0.4482809E+02  0.5778202E+02  0.5525830E+02  0.2272576E-04 -0.4833580E-04  0.8768366E-04
Ar 6024  0.4202538E+02  0.6038062E+02  0.5527216E+02 -0.2174468E-04  0.3959700E-04 -0.2356338E-05
Ar 6025  0.4217783E+02  0.5785294E+02  0.5790401E+02  0.5615843E-05 -0.2239341E-05  0.3073937E-04
Ar 6026  0.4476344E+02  0.6053188E+02  0.5783165E+02  0.3055054E-05  0.3945814E-04 -0.1061929E-03
Ar 6027  0.4477996E+02  0.5793916E+02  0.6059626E+02 -0.5956817E-04 -0.1192902E-03 -0.1201804E-03
Ar 6028  0.4206576E+02  0.6051779E+02  0.6052958E+02 -0.1065693E-03 -0.2395832E-04 -0.3522205E-04
Ar 6029  0.4205184E+02  0.5781215E+02  0.6328216E+02  0.4360734E-05 -0.1033875E-04 -0.1891448E-04
Ar 6030  0.4461133E+02  0.6055938E+02  0.6321291E+02  0.3383618E-04 -0.6325639E-04 -0.2390104E-05
Ar 6031  0.4470384E+02  0.5787763E+02  0.6581404E+02  0.4115333E-04 -0.6124434E-04  0.6547052E-04
Ar 6032  0.4199726E+02  0.6060438E+02  0.6584417E+02 -0.5649122E-04  0.3721474E-04 -0.1798484E-04
Ar 6033  0.4216365E+02  0.6322866E+02  0.6836111E+02  0.2733901E-04 -0.1454985E-05  0.1785060E-04
Ar 6034  0.4477594E+02  0.6570322E+02  0.7657927E-01 -0.3398516E-04  0.5238490E-04 -0.5565035E-05
Ar 6035  0.4470262E+02  0.6317738E+02  0.2660072E+01  0.3316715E-04 -0.1449399E-04 -0.4087306E-04
Ar 6036  0.4207842E+02  0.6587556E+02  0.2693108E+01 -0.7293463E-04  0.3270719E-04  0.6235358E-04
Ar 6037  0.4209346E+02  0.6311982E+02  0.5394732E+01  0.1580931E-04  0.7400407E-05 -0.3025631E-04
Ar 6038  0.4458129E+02  0.6578011E+02  0.5314042E+01 -0.8021078E-04 -0.3674394E-04 -0.8717888E-04
Ar 6039  0.4481731E+02  0.6302340E+02  0.7901878E+01 -0.2488281E-04  0.6593202E-04 -0.4953190E-04
Ar 6040  0.4205902E+02  0.6586942E+02  0.7894374E+01 -0.3616311E-04 -0.1137056E-03  0.3956277E-04
Ar 6041  0.4207476E+02  0.6319516E+02  0.1048493E+02 -0.8768644E-04 -0.3804743E-04  0.1943457E-04
Ar 6042  0.4473980E+02  0.6583547E+02  0.1047622E+02  0.1180230E-04  0.4259444E-07  0.4445216E-04
Ar 6043  0.4465645E+02  0.6309014E+02  0.1312276E+02  0.3674206E-04 -0.6042145E-05 -0.5973000E-04
Ar 6044  0.4212837E+02  0.6597603E+02  0.1318965E+02 -0.7438955E-04 -0.4427105E-04  0.1514145E-04
Ar 6045  0.4210176E+02  0.6310063E+02  0.1579632E+02 -0.8834803E-04 -0.4292793E-04  0.1139195E-04
Ar 6046  0.4462032E+02  0.6586823E+02  0.1580781E+02 -0.1225198E-04 -0.1003413E-03  0.5173747E-04
Ar 6047  0.4477854E+02  0.6320215E+02  0.1843515E+02  0.7695094E-05 -0.2181648E-04  0.6902730E-04
Ar 6048  0.4209857E+02  0.6581440E+02  0.1851856E+02 -0.3287843E-04  0.1938806E-04 -0.1126631E-03
Ar 6049  0.4213162E+02  0.6314235E+02  0.2092395E+02 -0.1263665E-04 -0.5818564E-04  0.4278518E-04
Ar 6050  0.4476646E+02  0.6583781E+02  0.2108092E+02 -0.8972070E-06  0.3840191E-04  0.4103052E-04
Ar 6051  0.4474816E+02  0.6310714E+02  0.2368354E+02  0.2236649E-04  0.1174859E-04 -0.2788089E-04
Ar 6052  0.4216109E+02  0.6578085E+02  0.2366457E+02  0.5916186E-04  0.7262820E-05 -0.1215014E-04
Ar 6053  0.4207431E+02  0.6319002E+02  0.2630537E+02 -0.7868738E-04  0.3787350E-04 -0.5741288E-04
Ar 6054  0.4469369E+02  0.6587211E+02  0.2631548E+02  0.4818271E-04  0.9208644E-05 -0.2249871E-04
Ar 6055  0.4488514E+02  0.6304296E+02  0.2892075E+02 -0.5816861E-04 -0.4382015E-04 -0.4482049E-04
Ar 6056  0.4217781E+02  0.6563192E+02  0.2885092E+02  0.1281928E-04 -0.9028341E-04 -0.6890835E-04
Ar 6057  0.4211027E+02  0.6321192E+02  0.3158038E+02 -0.5223588E-04  0.3716511E-05  0.3699224E-04
Ar 6058  0.4475698E+02  0.6579452E+02  0.3145209E+02 -0.6380911E-04  0.7840292E-04  0.3743164E-05
Ar 6059  0.4469116E+02  0.6321239E+02  0.3425261E+02 -0.3025838E-04 -0.7025681E-04 -0.4371489E-04
Ar 6060  0.4192251E+02  0.6586125E+02  0.3428026E+02  0.2435183E-04  0.5036751E-05 -0.8079083E-04
Ar 6061  0.4212781E+02  0.6308124E+02  0.3686878E+02 -0.2348107E-04 -0.7610618E-04  0.1843769E-04
Ar 6062  0.4472453E+02  0.6581752E+02  0.3686992E+02  0.3869693E-05  0.1475613E-04  0.1932595E-04
Ar 6063  0.4480856E+02  0.6315312E+02  0.3951880E+02 -0.3381325E-04  0.7235139E-04 -0.4892275E-04
Ar 6064  0.4223364E+02  0.6579080E+02  0.3952808E+02 -0.3512085E-05  0.7038432E-04 -0.2366611E-04
Ar 6065  0.4203601E+02  0.6316023E+02  0.4199778E+02 -0.2645193E-05  0.3256537E-04 -0.2738753E-05
Ar 6066  0.4478592E+02  0.6578734E+02  0.4195401E+02  0.1525663E-04 -0.5345257E-04 -0.7278797E-05
Ar 6067  0.4473212E+02  0.6327071E+02  0.4468911E+02  0.3309841E-05  0.8952747E-04 -0.4004694E-05
Ar 6068  0.4214564E+02  0.6566312E+02  0.4459447E+02 -0.6551537E-04 -0.1306481E-03 -0.7433666E-05
Ar 6069  0.4204335E+02  0.6317188E+02  0.4739462E+02 -0.3583584E-04 -0.1049566E-03  0.2487019E-04
Ar 6070  0.4473074E+02  0.6577718E+02  0.4747349E+02 -0.6782776E-04 -0.4111120E-04 -0.9294360E-04
Ar 6071  0.4474176E+02  0.6309149E+02  0.4999934E+02 -0.4013427E-04  0.2852056E-04 -0.7293764E-05
Ar 6072  0.4211131E+02  0.6580304E+02  0.4988850E+02  0.3260010E-04 -0.1894350E-04 -0.4117803E-04
Ar 6073  0.4200528E+02  0.6317315E+02  0.5264878E+02 -0.1910709E-04 -0.1240402E-04  0.1461305E-04
Ar 6074  0.4473675E+02  0.6572921E+02  0.5259653E+02  0.9589716E-04 -0.8259908E-04  0.4714501E-04
Ar 6075  0.4477743E+02  0.6320587E+02  0.5527423E+02 -0.6905049E-04 -0.1404862E-04 -0.1541612E-04
Ar 6076  0.4200216E+02  0.6587312E+02  0.5526803E+02  0.4223238E-04  0.2206149E-04  0.1037261E-04
Ar 6077  0.4202018E+02  0.6317776E+02  0.5788367E+02  0.3391092E-04 -0.8204053E-04 -0.8342704E-04
Ar 6078  0.4465928E+02  0.6578655E+02  0.5795340E+02  0.2411474E-04 -0.7858152E-04 -0.4665455E-04
Ar 6079  0.4459600E+02  0.6309728E+02  0.6052680E+02 -0.7778952E-04 -0.1503414E-04 -0.2322378E-05
Ar 6080  0.4202532E+02  0.6581478E+02  0.6049966E+02  0.1757904E-04 -0.1610854E-04 -0.3689793E-04
Ar 6081  0.4204843E+02  0.6319931E+02  0.6320031E+02 -0.6226389E-04 -0.7851877E-04  0.3600686E-04
Ar 6082  0.4468889E+02  0.6570249E+02  0.6304307E+02  0.1608341E-04 -0.1433298E-05 -0.1899487E-04
Ar 6083  0.4480892E+02  0.6324586E+02  0.6575890E+02  0.9889272E-05 -0.1090024E-03 -0.3386964E-04
Ar 6084  0.4208404E+02  0.6574090E+02  0.6578310E+02 -0.6870978E-04  0.8098786E-05  0.9933106E-05
Ar 6085  0.4746880E+02  0.6846649E+02  0.6841583E+02  0.1772299E-04  0.2663301E-05  0.2189588E-04
Ar 6086  0.5005209E+02  0.2655776E+01  0.6840621E+02  0.6059896E-04  0.5692239E-04 -0.1449369E-03
Ar 6087  0.4987044E+02  0.6841465E+02  0.2652102E+01 -0.4133140E-04 -0.6910651E-04  0.1631401E-04
Ar 6088  0.4733698E+02  0.2628301E+01  0.2544764E+01 -0.1136205E-04  0.7393628E-04 -0.2891791E-04
Ar 6089  0.4726936E+02  0.6840524E+02  0.5303869E+01 -0.8672641E-04 -0.8205400E-04 -0.3148338E-04
Ar 6090  0.4995788E+02  0.2654474E+01  0.5305698E+01 -0.5968379E-05 -0.2316199E-04  0.2166092E-04
Ar 6091  0.5007502E+02  0.6842808E+02  0.7746030E+01 -0.4045121E-04  0.2109553E-04 -0.1749918E-04
Ar 6092  0.4733860E+02  0.2689055E+01  0.7969060E+01 -0.1628595E-04 -0.2370368E-04 -0.4127027E-04
Ar 6093  0.4739268E+02  0.6845379E+02  0.1051934E+02  0.4044089E-04 -0.5701432E-04  0.1467692E-04
Ar 6094  0.5004620E+02  0.2633111E+01  0.1052928E+02  0.8737465E-05 -0.3547304E-04 -0.5378808E-04
Ar 6095  0.5011415E+02  0.6829993E+02  0.1322602E+02  0.8116213E-04 -0.9442963E-04 -0.1206453E-04
Ar 6096  0.4749655E+02  0.2628135E+01  0.1307303E+02  0.4219437E-04  0.1142138E-04  0.3211728E-04
Ar 6097  0.4734756E+02  0.1007168E+00  0.1577216E+02 -0.5770289E-04 -0.6499374E-04  0.2868984E-04
Ar 6098  0.4989327E+02  0.2691347E+01  0.1581268E+02 -0.6175042E-04  0.2574037E-04 -0.3875621E-04
Ar 6099  0.5006932E+02  0.6847612E+02  0.1836066E+02 -0.5112030E-04  0.4794869E-04 -0.6709094E-05
Ar 6100  0.4736602E+02  0.2705978E+01  0.1843506E+02  0.1614122E-04 -0.5860079E-04  0.3430790E-04
Ar 6101  0.4742156E+02  0.6859356E+02  0.2095081E+02 -0.3652895E-04 -0.7441650E-04  0.1786786E-04
Ar 6102  0.4999083E+02  0.2621564E+01  0.2102280E+02 -0.2338998E-04  0.2934963E-05 -0.1587078E-04
Ar 6103  0.5004468E+02  0.6838686E+02  0.2367302E+02 -0.1159645E-04 -0.1513373E-04  0.1747982E-04
Ar 6104  0.4748421E+02  0.2639410E+01  0.2367485E+02 -0.4876847E-04 -0.1463935E-04 -0.3371459E-04
Ar 6105  0.4733232E+02  0.6850685E+02  0.2638550E+02 -0.1580766E-04  0.3007760E-04  0.6888022E-04
Ar 6106  0.5001772E+02  0.2525238E+01  0.2635190E+02 -0.1668258E-04 -0.4126346E-04  0.4499704E-04
Ar 6107  0.4999667E+02  0.6833351E+02  0.2883377E+02 -0.2162332E-04  0.5208346E-04 -0.1033998E-03
Ar 6108  0.4748562E+02  0.2627527E+01  0.2883150E+02 -0.9180574E-05  0.1892782E-04 -0.3175214E-04
Ar 6109  0.4742260E+02  0.6841496E+02  0.3165499E+02  0.2725841E-04  0.9223102E-05 -0.6869611E-04
Ar 6110  0.4997643E+02  0.2651121E+01  0.3156571E+02  0.4666715E-04  0.4355197E-04 -0.2443868E-04
Ar 6111  0.4993522E+02  0.6844971E+02  0.3429068E+02 -0.9008053E-04 -0.5394532E-04 -0.9807648E-04
Ar 6112  0.4735345E+02  0.2553719E+01  0.3420154E+02  0.1797453E-04 -0.2669567E-04  0.5058703E-05
Ar 6113  0.4737073E+02  0.6841851E+02  0.3683623E+02 -0.1271583E-03 -0.1690855E-04 -0.3681676E-04
Ar 6114  0.4994056E+02  0.2577560E+01  0.3680215E+02 -0.5705213E-04 -0.1573399E-04  0.1032372E-04
Ar 6115  0.4993897E+02  0.6854880E+02  0.3947019E+02 -0.4173309E-04  0.2637341E-04 -0.1052222E-03
Ar 6116  0.4737515E+02  0.2639465E+01  0.3943945E+02 -0.6056275E-04  0.1349382E-03 -0.1814910E-04
Ar 6117  0.4731430E+02  0.6840831E+02  0.4218520E+02 -0.4339560E-04  0.5099500E-05 -0.4737073E-04
Ar 6118  0.4995707E+02  0.2566113E+01  0.4211805E+02  0.9396252E-06  0.2946940E-04  0.3990332E-04
Ar 6119  0.5002588E+02  0.6847198E+02  0.4476002E+02 -0.4268432E-04 -0.4110953E-04 -0.6471611E-04
Ar 6120  0.4729738E+02  0.2606692E+01  0.4464362E+02  0.5426647E-05 -0.2322583E-04  0.2876241E-05
Ar 6121  0.4736986E+02  0.6846805E+02  0.4736259E+02 -0.5170596E-04  0.4927835E-05 -0.5756018E-04
Ar 6122  0.5000674E+02  0.2676092E+01  0.4731679E+02 -0.6946956E-04 -0.7032317E-05 -0.2777263E-04
Ar 6123  0.4990350E+02  0.6848440E+02  0.4997421E+02 -0.7493891E-04  0.2861257E-04 -0.5413433E-04
Ar 6124  0.4740626E+02  0.2628838E+01  0.5007045E+02 -0.7726205E-04 -0.6457341E-05 -0.1133230E-04
Ar 6125  0.4729462E+02  0.3843681E-01  0.5261511E+02  0.1840112E-04  0.8289774E-04 -0.4754168E-04
Ar 6126  0.4995207E+02  0.2771969E+01  0.5263012E+02 -0.5293905E-04 -0.1243782E-03 -0.2560797E-04
Ar 6127  0.4995398E+02  0.6833790E+02  0.5525679E+02  0.8909590E-04 -0.9878456E-04 -0.1404094E-04
Ar 6128  0.4742804E+02  0.2474834E+01  0.5531855E+02 -0.3687380E-04  0.4082714E-04  0.2520429E-04
Ar 6129  0.4732715E+02  0.6853648E+02  0.5797562E+02 -0.2818695E-04  0.8295246E-05  0.2988900E-04
Ar 6130  0.5000946E+02  0.2649003E+01  0.5788618E+02 -0.9853647E-04 -0.8455277E-05 -0.6891251E-04
Ar 6131  0.5003271E+02  0.6854701E+02  0.6050413E+02 -0.5730443E-04 -0.4212541E-04 -0.2720677E-05
Ar 6132  0.4744908E+02  0.2727991E+01  0.6038766E+02 -0.1309578E-04 -0.6650537E-05  0.1539596E-05
Ar 6133  0.4732002E+02  0.6853570E+02  0.6328881E+02 -0.1167520E-03 -0.7571111E-04 -0.9634243E-04
Ar 6134  0.5000354E+02  0.2829052E+01  0.6318125E+02 -0.2198337E-04 -0.3700234E-04 -0.2358010E-04
Ar 6135  0.5004308E+02  0.6844235E+02  0.6576670E+02 -0.3014361E-04  0.1485473E-04 -0.1046735E-03
Ar 6136  0.4728400E+02  0.2695547E+01  0.6574084E+02  0.2021122E-06  0.4683424E-04 -0.8734858E-04
Ar 6137  0.4748217E+02  0.5334967E+01  0.6840271E+02 -0.4799554E-04  0.3000649E-04 -0.1150029E-04
Ar 6138  0.5002919E+02  0.7831288E+01  0.6839092E+02 -0.2687805E-04 -0.3199761E-04  0.1327253E-04
Ar 6139  0.4994113E+02  0.5191335E+01  0.2652618E+01 -0.4782264E-04  0.1860342E-04 -0.5409643E-04
Ar 6140  0.4736729E+02  0.7888465E+01  0.2712196E+01 -0.1326025E-04 -0.1333693E-04  0.7667178E-04
Ar 6141  0.4747433E+02  0.5163836E+01  0.5319054E+01 -0.6027979E-04  0.4691987E-04 -0.5810124E-04
Ar 6142  0.4987950E+02  0.7888453E+01  0.5410110E+01 -0.4333000E-04 -0.5641742E-04  0.3711795E-04
Ar 6143  0.5005830E+02  0.5320319E+01  0.8002015E+01 -0.9271484E-04  0.2911416E-04  0.9489047E-04
Ar 6144  0.4734871E+02  0.7895823E+01  0.7861798E+01 -0.3236001E-04 -0.4903379E-04 -0.8563992E-04
Ar 6145  0.4735770E+02  0.5279943E+01  0.1049906E+02 -0.6813698E-04  0.4873518E-04 -0.2494743E-04
Ar 6146  0.5001027E+02  0.7889936E+01  0.1054458E+02 -0.1696851E-04  0.4038306E-04 -0.2743103E-04
Ar 6147  0.5001293E+02  0.5246252E+01  0.1320999E+02 -0.9852434E-06  0.4865167E-04  0.1187539E-03
Ar 6148  0.4741377E+02  0.7850818E+01  0.1313217E+02 -0.6869052E-04 -0.8477975E-07  0.7320274E-05
Ar 6149  0.4729218E+02  0.5316036E+01  0.1579062E+02 -0.6512339E-04 -0.2332158E-04  0.8824505E-04
Ar 6150  0.5001766E+02  0.7913717E+01  0.1583279E+02 -0.7395358E-04 -0.8750872E-05 -0.7839219E-05
Ar 6151  0.4993123E+02  0.5305333E+01  0.1846858E+02  0.1133371E-03  0.5754578E-04 -0.8146282E-04
Ar 6152  0.4737989E+02  0.7926408E+01  0.1848842E+02 -0.2005999E-04 -0.3820605E-04  0.4360036E-04
Ar 6153  0.4740695E+02  0.5219980E+01  0.2107538E+02  0.3015223E-04 -0.1494205E-04  0.7272840E-05
Ar 6154  0.4990173E+02  0.8027917E+01  0.2111986E+02 -0.1313222E-03  0.5093437E-04 -0.6240497E-04
Ar 6155  0.4987577E+02  0.5252851E+01  0.2362170E+02  0.4533468E-04 -0.5969075E-04 -0.1143838E-04
Ar 6156  0.4741573E+02  0.7743449E+01  0.2361532E+02  0.7037887E-04  0.2732907E-04 -0.5221308E-04
Ar 6157  0.4733619E+02  0.5301248E+01  0.2638376E+02  0.3886984E-05 -0.3207019E-04  0.5121598E-04
Ar 6158  0.5006623E+02  0.7897648E+01  0.2627059E+02 -0.3027421E-04 -0.5102164E-04 -0.9792607E-04
Ar 6159  0.4997495E+02  0.5291070E+01  0.2896643E+02 -0.3751515E-04 -0.1511891E-04 -0.2251724E-05
Ar 6160  0.4732497E+02  0.7893790E+01  0.2908683E+02 -0.3376659E-04 -0.7164839E-04 -0.9888250E-04
Ar 6161  0.4737738E+02  0.5238465E+01  0.3168973E+02 -0.2771248E-04 -0.5543300E-04  0.1596413E-04
Ar 6162  0.4998327E+02  0.7956794E+01  0.3166257E+02 -0.4931482E-04  0.1999246E-04 -0.1572964E-04
Ar 6163  0.4986236E+02  0.5249247E+01  0.3418293E+02 -0.3515962E-04 -0.1161453E-03  0.1179514E-04
Ar 6164  0.4749714E+02  0.7952353E+01  0.3424867E+02  0.4098518E-05  0.6497655E-04 -0.5020379E-04
Ar 6165  0.4730351E+02  0.5176012E+01  0.3696128E+02  0.9190155E-04 -0.1189604E-05  0.3075464E-04
Ar 6166  0.5005912E+02  0.7947321E+01  0.3681778E+02 -0.1622304E-04 -0.5843462E-04 -0.1828430E-04
Ar 6167  0.4991256E+02  0.5291989E+01  0.3949471E+02 -0.2515540E-04 -0.1855112E-04 -0.2814662E-04
Ar 6168  0.4733693E+02  0.7857354E+01  0.3937894E+02  0.4829453E-04  0.3533394E-04 -0.4076362E-04
Ar 6169  0.4735355E+02  0.5191961E+01  0.4201013E+02  0.8385102E-06  0.7002772E-04  0.7971735E-05
Ar 6170  0.4996988E+02  0.7876826E+01  0.4208321E+02 -0.3799826E-04  0.1623354E-04 -0.2564523E-04
Ar 6171  0.5001519E+02  0.5161166E+01  0.4470259E+02  0.8115349E-04 -0.3482184E-04 -0.1992766E-04
Ar 6172  0.4727390E+02  0.7942995E+01  0.4470645E+02 -0.2897179E-04  0.6662170E-04 -0.4205335E-04
Ar 6173  0.4731670E+02  0.5194075E+01  0.4745337E+02 -0.5408862E-04  0.1401497E-04  0.1728572E-04
Ar 6174  0.5002794E+02  0.7887024E+01  0.4740543E+02  0.3893335E-04  0.2298720E-04  0.6561590E-04
Ar 6175  0.5006600E+02  0.5294926E+01  0.4999288E+02 -0.1673240E-04  0.2397970E-04 -0.1572902E-04
Ar 6176  0.4727176E+02  0.7855444E+01  0.4999682E+02 -0.3242808E-04 -0.2710743E-04 -0.1150655E-05
Ar 6177  0.4745082E+02  0.5282503E+01  0.5268131E+02 -0.5362454E-04  0.3540013E-04 -0.9353485E-04
Ar 6178  0.4996777E+02  0.7928326E+01  0.5265428E+02  0.1063234E-04 -0.8198674E-04 -0.2056601E-04
Ar 6179  0.5003131E+02  0.5112621E+01  0.5530302E+02 -0.3428040E-04 -0.2852122E-04 -0.1179779E-04
Ar 6180  0.4742323E+02  0.7917686E+01  0.5520316E+02 -0.4261741E-04 -0.6143651E-04  0.2965439E-04
Ar 6181  0.4746663E+02  0.5240598E+01  0.5792453E+02 -0.2322193E-04 -0.1278343E-03 -0.4735509E-04
Ar 6182  0.4989013E+02  0.7835751E+01  0.5796664E+02 -0.5195600E-04  0.4262932E-04 -0.4032066E-04
Ar 6183  0.4997973E+02  0.5257707E+01  0.6057171E+02  0.6230421E-04  0.3573471E-04  0.8339627E-05
Ar 6184  0.4733789E+02  0.7798459E+01  0.6060660E+02 -0.5505467E-04  0.2987371E-04 -0.4925287E-04
Ar 6185  0.4731969E+02  0.5342524E+01  0.6310259E+02  0.5231958E-04 -0.3360065E-04 -0.2385936E-05
Ar 6186  0.4998195E+02  0.7955464E+01  0.6321308E+02 -0.8876177E-05 -0.4439585E-05 -0.1532684E-04
Ar 6187  0.4995350E+02  0.5214042E+01  0.6578851E+02 -0.5285367E-04 -0.2711916E-05 -0.3780912E-04
Ar 6188  0.4738349E+02  0.7951866E+01  0.6585057E+02 -0.7309999E-04  0.3757433E-04 -0.3270534E-04
Ar 6189  0.4741490E+02  0.1050946E+02  0.6854118E+02  0.7278317E-04  0.1337500E-03 -0.4858352E-05
Ar 6190  0.5003704E+02  0.1316904E+02  0.6844990E+02  0.2039109E-04 -0.5332348E-04 -0.4924632E-04
Ar 6191  0.4998724E+02  0.1047143E+02  0.2642921E+01  0.1414720E-04  0.1358887E-04  0.2807791E-04
Ar 6192  0.4742494E+02  0.1325427E+02  0.2566391E+01 -0.3819306E-04 -0.1630213E-05  0.6988697E-04
Ar 6193  0.4739317E+02  0.1049209E+02  0.5139975E+01 -0.2119524E-04 -0.1377049E-04 -0.7519431E-04
Ar 6194  0.5001988E+02  0.1316214E+02  0.5283541E+01 -0.6712683E-04 -0.1661411E-04  0.5159674E-04
Ar 6195  0.5000175E+02  0.1049445E+02  0.7937164E+01 -0.2348738E-04 -0.4582337E-05 -0.1051544E-04
Ar 6196  0.4732752E+02  0.1318113E+02  0.7885914E+01 -0.7661729E-04 -0.4522159E-05  0.8260488E-04
Ar 6197  0.4737251E+02  0.1058475E+02  0.1054092E+02 -0.7102300E-04  0.7994879E-04 -0.3588545E-04
Ar 6198  0.5000244E+02  0.1301481E+02  0.1043929E+02 -0.4254140E-04 -0.2104148E-04  0.3040811E-04
Ar 6199  0.5002777E+02  0.1046646E+02  0.1315435E+02 -0.6232911E-05  0.5776501E-04  0.8935949E-05
Ar 6200  0.4723219E+02  0.1305760E+02  0.1315478E+02 -0.8105167E-04 -0.9369318E-05 -0.2120099E-04
Ar 6201  0.4730622E+02  0.1049134E+02  0.1573945E+02  0.4499034E-04  0.3085879E-04  0.3065230E-04
Ar 6202  0.5003524E+02  0.1309003E+02  0.1586441E+02 -0.4964789E-04  0.9136753E-05 -0.4350975E-04
Ar 6203  0.4999446E+02  0.1052854E+02  0.1836511E+02  0.1233751E-04 -0.5509924E-04  0.4200315E-04
Ar 6204  0.4737434E+02  0.1328441E+02  0.1842613E+02 -0.1556572E-05 -0.6866618E-04 -0.6531971E-04
Ar 6205  0.4744102E+02  0.1053969E+02  0.2106910E+02 -0.3571617E-04 -0.2439325E-04 -0.1054822E-03
Ar 6206  0.5000896E+02  0.1314430E+02  0.2098411E+02  0.4822827E-05 -0.3994460E-04 -0.4784288E-04
Ar 6207  0.4993258E+02  0.1052263E+02  0.2373976E+02 -0.2242606E-04  0.5874005E-04 -0.6059665E-05
Ar 6208  0.4728077E+02  0.1324495E+02  0.2359754E+02 -0.3100594E-04 -0.2552972E-04  0.1763774E-04
Ar 6209  0.4726232E+02  0.1054447E+02  0.2639389E+02  0.2207717E-04  0.7166754E-04  0.7946432E-05
Ar 6210  0.5001694E+02  0.1314207E+02  0.2636287E+02 -0.4304475E-06  0.5031697E-04  0.1023491E-04
Ar 6211  0.5004642E+02  0.1055154E+02  0.2904426E+02 -0.7376594E-07 -0.3179221E-04 -0.5799084E-04
Ar 6212  0.4722882E+02  0.1326739E+02  0.2890078E+02  0.2212730E-04  0.1601721E-04 -0.2623061E-05
Ar 6213  0.4731462E+02  0.1062341E+02  0.3155166E+02  0.2767245E-05  0.3860245E-04 -0.1632531E-04
Ar 6214  0.4997307E+02  0.1315657E+02  0.3147316E+02  0.4741234E-04  0.5548033E-04  0.8744031E-05
Ar 6215  0.4991788E+02  0.1060891E+02  0.3415153E+02 -0.4899657E-04  0.3717788E-04 -0.5736487E-04
Ar 6216  0.4736936E+02  0.1320431E+02  0.3428717E+02 -0.6609971E-06  0.5185186E-04 -0.3495407E-04
Ar 6217  0.4741130E+02  0.1053807E+02  0.3682521E+02 -0.1325353E-03 -0.6501523E-04  0.2049897E-04
Ar 6218  0.5003046E+02  0.1316210E+02  0.3676790E+02  0.3323360E-04  0.7986220E-04  0.5515353E-05
Ar 6219  0.5001948E+02  0.1052208E+02  0.3939118E+02 -0.1277187E-03  0.6107137E-04 -0.1292427E-03
Ar 6220  0.4732289E+02  0.1321383E+02  0.3951165E+02 -0.2045198E-04 -0.3269544E-04  0.2850504E-04
Ar 6221  0.4727767E+02  0.1065647E+02  0.4211374E+02 -0.8238183E-05  0.3148498E-04 -0.9902535E-04
Ar 6222  0.5000441E+02  0.1313413E+02  0.4209302E+02 -0.8353026E-04 -0.1143507E-05 -0.3076448E-04
Ar 6223  0.4993637E+02  0.1055285E+02  0.4465139E+02 -0.7893000E-04 -0.9058501E-04 -0.7157753E-04
Ar 6224  0.4736999E+02  0.1330105E+02  0.4473473E+02 -0.2037124E-04 -0.9986362E-05  0.1385898E-04
Ar 6225  0.4729465E+02  0.1066042E+02  0.4722087E+02 -0.2261125E-04  0.6514888E-04 -0.3881154E-04
Ar 6226  0.4987625E+02  0.1312856E+02  0.4725425E+02  0.2971506E-04 -0.4581067E-04  0.4424041E-05
Ar 6227  0.4998532E+02  0.1054122E+02  0.4996720E+02 -0.4127230E-04 -0.5306851E-04  0.4438639E-04
Ar 6228  0.4746590E+02  0.1309821E+02  0.4995824E+02  0.1611330E-04 -0.2113720E-05 -0.1342640E-03
Ar 6229  0.4731814E+02  0.1052973E+02  0.5248712E+02 -0.6860315E-05  0.1608496E-04  0.5492065E-04
Ar 6230  0.5004392E+02  0.1307939E+02  0.5267739E+02 -0.1037000E-03  0.4010642E-04  0.1878010E-04
Ar 6231  0.4996760E+02  0.1064599E+02  0.5516355E+02 -0.2066376E-04 -0.4214667E-04  0.8494843E-04
Ar 6232  0.4741945E+02  0.1325632E+02  0.5526854E+02 -0.6997322E-04 -0.4552948E-04  0.1299828E-04
Ar 6233  0.4728494E+02  0.1060557E+02  0.5785078E+02 -0.1183595E-03 -0.1574920E-04 -0.2278325E-04
Ar 6234  0.4995866E+02  0.1308467E+02  0.5788616E+02  0.5336743E-04  0.4942527E-04 -0.4652303E-05
Ar 6235  0.4986660E+02  0.1044994E+02  0.6054640E+02 -0.9260819E-04 -0.9548109E-04 -0.2795850E-04
Ar 6236  0.4729292E+02  0.1314224E+02  0.6041193E+02 -0.2352498E-04 -0.4588887E-04 -0.1247695E-04
Ar 6237  0.4735506E+02  0.1055903E+02  0.6316778E+02  0.8294026E-06 -0.3399372E-04 -0.4116294E-04
Ar 6238  0.4998808E+02  0.1304367E+02  0.6312617E+02 -0.4317430E-04 -0.2494228E-04 -0.2608457E-04
Ar 6239  0.4991426E+02  0.1060985E+02  0.6575457E+02  0.3688309E-04 -0.6449332E-04  0.1236600E-04
Ar 6240  0.4723337E+02  0.1321888E+02  0.6576441E+02  0.4878827E-04 -0.8869914E-04 -0.3546829E-04
Ar 6241  0.4746768E+02  0.1578911E+02  0.6841450E+02  0.2590109E-05  0.4718708E-04 -0.1351543E-03
Ar 6242  0.5002765E+02  0.1835835E+02  0.6833230E+02 -0.3726644E-04  0.1039974E-05  0.1820011E-04
Ar 6243  0.4989109E+02  0.1582830E+02  0.2647005E+01 -0.7532700E-04  0.1723599E-04  0.2889809E-04
Ar 6244  0.4732603E+02  0.1848655E+02  0.2771848E+01 -0.1539753E-04 -0.4698975E-04 -0.8692198E-04
Ar 6245  0.4742252E+02  0.1580765E+02  0.5265220E+01  0.5887457E-04  0.1532127E-04 -0.5176293E-04
Ar 6246  0.4995564E+02  0.1836708E+02  0.5307390E+01 -0.1808922E-04  0.2605316E-04 -0.2112128E-04
Ar 6247  0.4991901E+02  0.1588012E+02  0.7845705E+01  0.6351503E-04  0.3168412E-04 -0.8326621E-04
Ar 6248  0.4720847E+02  0.1843871E+02  0.7934958E+01  0.6884148E-04  0.4835508E-04  0.7231607E-05
Ar 6249  0.4743774E+02  0.1567219E+02  0.1053903E+02  0.6574874E-05  0.1400440E-03  0.4197714E-04
Ar 6250  0.5005102E+02  0.1829711E+02  0.1059376E+02 -0.8021785E-04  0.1280909E-04 -0.2336179E-04
Ar 6251  0.4997380E+02  0.1570369E+02  0.1319260E+02 -0.2919713E-05 -0.2004414E-04  0.4714206E-04
Ar 6252  0.4733188E+02  0.1835242E+02  0.1326076E+02 -0.1301555E-04 -0.7806559E-05 -0.1110249E-04
Ar 6253  0.4739367E+02  0.1576735E+02  0.1583348E+02 -0.5149379E-04 -0.5928627E-04 -0.6033753E-05
Ar 6254  0.4995065E+02  0.1838525E+02  0.1581404E+02  0.1030695E-04 -0.4528323E-04  0.2109429E-04
Ar 6255  0.4998489E+02  0.1591699E+02  0.1839017E+02 -0.6644581E-05 -0.2308895E-04  0.2901404E-04
Ar 6256  0.4732293E+02  0.1833829E+02  0.1840435E+02 -0.2788899E-04 -0.9331733E-05  0.4002868E-04
Ar 6257  0.4751042E+02  0.1582372E+02  0.2105480E+02  0.1552922E-04  0.1746967E-04 -0.1896534E-04
Ar 6258  0.5001893E+02  0.1835268E+02  0.2108818E+02  0.1211801E-04  0.1825690E-04  0.9634051E-05
Ar 6259  0.4997168E+02  0.1567767E+02  0.2363111E+02 -0.1703769E-05 -0.1900273E-04  0.3988821E-04
Ar 6260  0.4739351E+02  0.1832880E+02  0.2365864E+02 -0.9801773E-04  0.1110187E-04 -0.1601875E-04
Ar 6261  0.4740677E+02  0.1582833E+02  0.2636201E+02 -0.5030157E-04  0.5339419E-04 -0.1271312E-04
Ar 6262  0.5001503E+02  0.1839976E+02  0.2628610E+02 -0.9117651E-04  0.9780524E-05 -0.3713508E-04
Ar 6263  0.4996822E+02  0.1577227E+02  0.2890845E+02 -0.5532223E-04  0.9603664E-05 -0.2360325E-04
Ar 6264  0.4737543E+02  0.1845832E+02  0.2902580E+02 -0.6379439E-04 -0.1089218E-04 -0.7146823E-04
Ar 6265  0.4745882E+02  0.1569876E+02  0.3149338E+02 -0.2408104E-04  0.1267272E-04 -0.2064890E-04
Ar 6266  0.4998975E+02  0.1831262E+02  0.3153681E+02 -0.2602012E-04 -0.3781840E-04 -0.7386974E-04
Ar 6267  0.5006324E+02  0.1574248E+02  0.3426260E+02 -0.2896648E-04  0.4470948E-04  0.1028329E-03
Ar 6268  0.4730643E+02  0.1840099E+02  0.3417337E+02  0.2019941E-04 -0.1469271E-04 -0.5802339E-04
Ar 6269  0.4740678E+02  0.1578294E+02  0.3695922E+02 -0.4990051E-04 -0.2235166E-06 -0.1559928E-03
Ar 6270  0.5006518E+02  0.1837800E+02  0.3678482E+02  0.2525551E-04 -0.5675149E-04 -0.3562186E-04
Ar 6271  0.5003987E+02  0.1576202E+02  0.3947459E+02 -0.1070405E-04 -0.4712920E-04  0.1025167E-05
Ar 6272  0.4741584E+02  0.1837666E+02  0.3941100E+02  0.3954041E-04 -0.1515534E-04 -0.4412592E-04
Ar 6273  0.4732972E+02  0.1585712E+02  0.4210651E+02  0.5135992E-04 -0.1119055E-04 -0.6462995E-04
Ar 6274  0.5000714E+02  0.1843312E+02  0.4220353E+02 -0.1574198E-04  0.5534044E-04 -0.5897255E-04
Ar 6275  0.5003084E+02  0.1588084E+02  0.4479570E+02 -0.6979335E-05  0.4241220E-05 -0.3975667E-04
Ar 6276  0.4736321E+02  0.1834025E+02  0.4474149E+02  0.1668529E-04 -0.3861118E-04 -0.7385150E-04
Ar 6277  0.4734684E+02  0.1575326E+02  0.4742825E+02 -0.1045308E-04  0.2794034E-04 -0.8837707E-05
Ar 6278  0.4996851E+02  0.1845489E+02  0.4731637E+02 -0.1502173E-04  0.2292842E-04  0.3103119E-05
Ar 6279  0.4996622E+02  0.1582709E+02  0.5002441E+02 -0.7008499E-04  0.5485421E-04  0.2762297E-04
Ar 6280  0.4733409E+02  0.1848287E+02  0.5002513E+02  0.4855729E-05  0.4857770E-04  0.3287292E-04
Ar 6281  0.4728344E+02  0.1589496E+02  0.5252814E+02 -0.7086772E-04  0.2643371E-04 -0.1100378E-04
Ar 6282  0.5013290E+02  0.1840783E+02  0.5257323E+02 -0.4008431E-04  0.3814288E-04 -0.4372989E-04
Ar 6283  0.5000347E+02  0.1576306E+02  0.5529863E+02 -0.9322341E-04 -0.4902210E-04  0.1671025E-04
Ar 6284  0.4736100E+02  0.1849985E+02  0.5522060E+02 -0.1440713E-04 -0.9707148E-04  0.8444313E-04
Ar 6285  0.4748597E+02  0.1576186E+02  0.5778877E+02  0.3025328E-04  0.1860088E-05  0.5785004E-05
Ar 6286  0.4997155E+02  0.1844669E+02  0.5789237E+02  0.6789978E-05  0.3434531E-04 -0.5834580E-05
Ar 6287  0.4991683E+02  0.1586737E+02  0.6050468E+02 -0.4041046E-04 -0.1385519E-04 -0.2354994E-04
Ar 6288  0.4732329E+02  0.1833282E+02  0.6049519E+02  0.3659726E-04 -0.2749140E-04 -0.1660204E-04
Ar 6289  0.4727156E+02  0.1578329E+02  0.6310196E+02  0.4047503E-04 -0.5335622E-04 -0.4185745E-04
Ar 6290  0.4991084E+02  0.1848886E+02  0.6311788E+02  0.2157852E-04 -0.8401541E-05 -0.3172211E-04
Ar 6291  0.5002575E+02  0.1576684E+02  0.6583883E+02 -0.2037551E-04 -0.9659230E-04 -0.1041485E-03
Ar 6292  0.4748523E+02  0.1841273E+02  0.6578878E+02  0.5160600E-04  0.2505245E-04 -0.7149538E-04
Ar 6293  0.4736079E+02  0.2105768E+02  0.1513415E+00 -0.2600984E-04 -0.8764455E-04  0.1387490E-04
Ar 6294  0.4998242E+02  0.2379315E+02  0.6862708E+02 -0.2244719E-05 -0.3347143E-04  0.1867180E-04
Ar 6295  0.4992847E+02  0.2094806E+02  0.2714296E+01 -0.5090848E-04  0.7033311E-05  0.7016299E-04
Ar 6296  0.4741620E+02  0.2363144E+02  0.2752517E+01 -0.2981240E-04  0.3815172E-04 -0.3763161E-04
Ar 6297  0.4746777E+02  0.2107248E+02  0.5291153E+01 -0.5600124E-04 -0.5672958E-04 -0.2195453E-04
Ar 6298  0.5002363E+02  0.2367412E+02  0.5196092E+01  0.1543004E-04 -0.2110130E-04  0.1176669E-04
Ar 6299  0.5000344E+02  0.2105301E+02  0.7905513E+01 -0.1568314E-04 -0.3275264E-07 -0.2037656E-04
Ar 6300  0.4735302E+02  0.2359069E+02  0.7898272E+01 -0.4736935E-04  0.2931474E-05 -0.7083252E-04
Ar 6301  0.4727715E+02  0.2106472E+02  0.1063123E+02 -0.3628303E-04 -0.1374062E-04 -0.5225357E-04
Ar 6302  0.5006164E+02  0.2386885E+02  0.1045288E+02  0.2038203E-04  0.5479216E-04  0.6479155E-04
Ar 6303  0.4994167E+02  0.2108197E+02  0.1314231E+02 -0.2929879E-04  0.6184202E-04 -0.8022610E-05
Ar 6304  0.4739522E+02  0.2360714E+02  0.1327256E+02  0.6215858E-04 -0.4407595E-04 -0.7942617E-04
Ar 6305  0.4735253E+02  0.2096674E+02  0.1575718E+02 -0.2174951E-04 -0.6118146E-04 -0.6582608E-04
Ar 6306  0.5001549E+02  0.2378842E+02  0.1594195E+02  0.3536106E-04 -0.5052580E-04 -0.8418634E-04
Ar 6307  0.4997694E+02  0.2112752E+02  0.1838585E+02 -0.2762262E-04 -0.8520917E-04  0.8056438E-06
Ar 6308  0.4730008E+02  0.2377441E+02  0.1840867E+02 -0.6455673E-04 -0.6710624E-04  0.6309330E-04
Ar 6309  0.4727638E+02  0.2104923E+02  0.2115827E+02 -0.9663113E-04  0.5557366E-04  0.4713858E-04
Ar 6310  0.5000504E+02  0.2363655E+02  0.2100633E+02  0.4534154E-05  0.3281124E-04 -0.4663320E-04
Ar 6311  0.4999327E+02  0.2101340E+02  0.2370763E+02 -0.3605709E-04  0.5963098E-05  0.6141905E-04
Ar 6312  0.4736996E+02  0.2378334E+02  0.2371782E+02 -0.4157581E-04 -0.2016664E-05 -0.6465353E-04
Ar 6313  0.4733408E+02  0.2108250E+02  0.2635087E+02 -0.3488987E-06  0.3062800E-04 -0.1382343E-04
Ar 6314  0.4999030E+02  0.2373796E+02  0.2634438E+02 -0.3314947E-04 -0.1873835E-04 -0.7057352E-04
Ar 6315  0.4989220E+02  0.2094509E+02  0.2893060E+02 -0.3720514E-04  0.2057655E-04  0.6000957E-05
Ar 6316  0.4735576E+02  0.2371425E+02  0.2886930E+02  0.7603880E-04 -0.8282876E-04 -0.5567264E-04
Ar 6317  0.4742834E+02  0.2118345E+02  0.3151536E+02 -0.5705744E-04  0.1653343E-04  0.4020379E-04
Ar 6318  0.5007572E+02  0.2377674E+02  0.3144986E+02 -0.2657725E-04 -0.1215305E-04 -0.4742161E-04
Ar 6319  0.4995696E+02  0.2112273E+02  0.3413002E+02 -0.3354574E-04 -0.1249537E-04 -0.1004262E-03
Ar 6320  0.4727901E+02  0.2379629E+02  0.3424093E+02  0.2020408E-04 -0.2814746E-04  0.4885682E-06
Ar 6321  0.4738980E+02  0.2098263E+02  0.3678531E+02 -0.4713873E-04 -0.1067912E-04 -0.2986865E-04
Ar 6322  0.5003281E+02  0.2363004E+02  0.3684635E+02  0.4007157E-04 -0.4366472E-04 -0.4117121E-05
Ar 6323  0.5000476E+02  0.2108524E+02  0.3939049E+02 -0.6096093E-04 -0.5666163E-04 -0.2490918E-04
Ar 6324  0.4731648E+02  0.2376826E+02  0.3955989E+02 -0.4622998E-05 -0.5915090E-04 -0.5628579E-04
Ar 6325  0.4760238E+02  0.2105362E+02  0.4226132E+02 -0.7216401E-04 -0.2326251E-04 -0.2451302E-04
Ar 6326  0.4998326E+02  0.2367039E+02  0.4207650E+02 -0.1026202E-04  0.3478151E-04  0.4776305E-04
Ar 6327  0.4999498E+02  0.2100648E+02  0.4483657E+02 -0.1441530E-04  0.4129287E-04 -0.8848733E-04
Ar 6328  0.4745725E+02  0.2371311E+02  0.4476013E+02 -0.1727100E-04  0.1729854E-04  0.6581325E-04
Ar 6329  0.4727372E+02  0.2101310E+02  0.4720744E+02 -0.3779498E-04  0.8967540E-05  0.3481006E-04
Ar 6330  0.5014052E+02  0.2364177E+02  0.4737930E+02  0.2064934E-04 -0.2238983E-04 -0.1159550E-04
Ar 6331  0.5001125E+02  0.2095018E+02  0.4998502E+02  0.1680163E-04 -0.1081116E-03  0.3370953E-05
Ar 6332  0.4740404E+02  0.2361734E+02  0.5002345E+02  0.5585551E-04 -0.2343512E-04 -0.1696326E-04
Ar 6333  0.4736720E+02  0.2096810E+02  0.5258281E+02 -0.2398224E-04 -0.1675982E-05 -0.4980905E-04
Ar 6334  0.4990462E+02  0.2372892E+02  0.5269117E+02 -0.8455749E-04  0.2571105E-04  0.1868498E-04
Ar 6335  0.5013714E+02  0.2095789E+02  0.5535852E+02 -0.5105380E-04  0.1994344E-04 -0.2784217E-04
Ar 6336  0.4728363E+02  0.2363173E+02  0.5538947E+02 -0.8963514E-04 -0.1046764E-03  0.2932732E-04
Ar 6337  0.4740387E+02  0.2109814E+02  0.5797950E+02 -0.8476086E-04 -0.2468899E-04 -0.7083230E-04
Ar 6338  0.4995042E+02  0.2375615E+02  0.5777728E+02 -0.9474222E-06 -0.1844502E-04 -0.2133013E-04
Ar 6339  0.4993368E+02  0.2094008E+02  0.6066057E+02  0.3051601E-04 -0.8007367E-04  0.6216408E-04
Ar 6340  0.4733575E+02  0.2361926E+02  0.6060843E+02 -0.6616280E-04 -0.1372267E-03  0.5082930E-04
Ar 6341  0.4736320E+02  0.2102071E+02  0.6311381E+02 -0.1856462E-04  0.1492515E-04 -0.6952696E-04
Ar 6342  0.5005293E+02  0.2374747E+02  0.6318452E+02 -0.2132700E-06 -0.2946863E-04  0.5521747E-04
Ar 6343  0.4995454E+02  0.2101894E+02  0.6587609E+02  0.1444512E-05 -0.1432890E-04 -0.6736255E-04
Ar 6344  0.4730828E+02  0.2367881E+02  0.6576360E+02  0.1874899E-04 -0.3809841E-04 -0.5874609E-04
Ar 6345  0.4728694E+02  0.2632652E+02  0.6840452E+02 -0.9830565E-04  0.5950138E-04  0.5939380E-04
Ar 6346  0.5011264E+02  0.2888375E+02  0.6838416E+02 -0.1281197E-04  0.2780172E-04 -0.9436104E-04
Ar 6347  0.4995041E+02  0.2629266E+02  0.2686816E+01 -0.1991331E-04 -0.3792630E-04  0.2262633E-04
Ar 6348  0.4731728E+02  0.2882232E+02  0.2745328E+01 -0.4256262E-04  0.3188090E-04 -0.1003631E-03
Ar 6349  0.4734148E+02  0.2629096E+02  0.5297312E+01 -0.7642272E-04 -0.3297301E-05  0.2928940E-04
Ar 6350  0.5002128E+02  0.2887494E+02  0.5264199E+01  0.8795925E-05 -0.3323140E-04  0.8649702E-04
Ar 6351  0.5002249E+02  0.2636513E+02  0.7914501E+01  0.5040887E-05 -0.3338587E-04 -0.7910666E-05
Ar 6352  0.4739758E+02  0.2898286E+02  0.7832070E+01 -0.4001922E-04  0.2174412E-04 -0.3014756E-04
Ar 6353  0.4732243E+02  0.2618370E+02  0.1041290E+02  0.1232134E-04 -0.2694734E-04 -0.3318623E-04
Ar 6354  0.4985251E+02  0.2892061E+02  0.1055855E+02 -0.1537103E-04 -0.9422107E-04 -0.2092200E-04
Ar 6355  0.4991587E+02  0.2632539E+02  0.1321430E+02 -0.1141092E-04  0.5463664E-04  0.6156199E-05
Ar 6356  0.4733157E+02  0.2891936E+02  0.1310518E+02 -0.4024404E-04  0.1064083E-04  0.4331920E-04
Ar 6357  0.4738439E+02  0.2633802E+02  0.1570800E+02  0.7377226E-05 -0.3287049E-04 -0.8949792E-05
Ar 6358  0.5009010E+02  0.2886956E+02  0.1578267E+02  0.5612772E-04 -0.6165794E-04 -0.6770837E-04
Ar 6359  0.5003094E+02  0.2629415E+02  0.1838520E+02 -0.7414864E-04 -0.3725149E-04 -0.1978451E-05
Ar 6360  0.4734783E+02  0.2890353E+02  0.1852758E+02  0.3544101E-05 -0.2534670E-05 -0.2477020E-04
Ar 6361  0.4735805E+02  0.2622235E+02  0.2101212E+02 -0.1857703E-04  0.4785645E-04  0.5107254E-04
Ar 6362  0.5013180E+02  0.2881980E+02  0.2102627E+02 -0.2134552E-05 -0.4539821E-04 -0.5694513E-05
Ar 6363  0.4994408E+02  0.2634847E+02  0.2365084E+02 -0.1817547E-04  0.1136837E-05 -0.2238781E-04
Ar 6364  0.4729309E+02  0.2898525E+02  0.2357730E+02  0.4908393E-04 -0.1688057E-03  0.5015638E-04
Ar 6365  0.4735426E+02  0.2628700E+02  0.2638008E+02 -0.2402937E-04 -0.3566562E-04  0.7586520E-04
Ar 6366  0.4994182E+02  0.2896646E+02  0.2628970E+02 -0.7364903E-04 -0.1288717E-04  0.2994799E-04
Ar 6367  0.5003638E+02  0.2631984E+02  0.2905621E+02  0.5203046E-04 -0.3554608E-04  0.2660595E-05
Ar 6368  0.4737933E+02  0.2891233E+02  0.2888586E+02 -0.8244117E-04 -0.3663370E-04 -0.3426188E-04
Ar 6369  0.4746167E+02  0.2644835E+02  0.3155518E+02 -0.9078420E-04  0.6898066E-04 -0.3456115E-05
Ar 6370  0.4999273E+02  0.2891011E+02  0.3157658E+02  0.2221052E-04  0.1593380E-04 -0.6745442E-04
Ar 6371  0.5001538E+02  0.2640287E+02  0.3425900E+02 -0.2634996E-04  0.5543975E-04 -0.2375291E-04
Ar 6372  0.4748026E+02  0.2893644E+02  0.3426816E+02 -0.4231488E-05 -0.1073982E-03  0.3798545E-04
Ar 6373  0.4733150E+02  0.2629863E+02  0.3679985E+02  0.1878142E-04  0.8799485E-04  0.3914056E-06
Ar 6374  0.5005153E+02  0.2890897E+02  0.3695918E+02 -0.2718752E-04 -0.5777671E-04  0.2560167E-04
Ar 6375  0.4998084E+02  0.2631147E+02  0.3955151E+02 -0.9301741E-04 -0.2871074E-04 -0.6972122E-05
Ar 6376  0.4734066E+02  0.2893336E+02  0.3940659E+02  0.4052266E-04 -0.4973001E-04 -0.5249083E-04
Ar 6377  0.4726678E+02  0.2644029E+02  0.4226042E+02 -0.6142111E-05  0.1695135E-05 -0.2069439E-04
Ar 6378  0.5002663E+02  0.2887470E+02  0.4201767E+02  0.2076131E-05 -0.1990931E-04 -0.1732081E-04
Ar 6379  0.4989458E+02  0.2623148E+02  0.4481480E+02 -0.3165186E-05 -0.1428576E-04 -0.8241079E-04
Ar 6380  0.4732839E+02  0.2902465E+02  0.4470349E+02  0.8841982E-04 -0.3570163E-05 -0.7592956E-04
Ar 6381  0.4727937E+02  0.2630218E+02  0.4738111E+02 -0.2867008E-04 -0.8974965E-07 -0.6040035E-05
Ar 6382  0.4990123E+02  0.2898138E+02  0.4725993E+02 -0.7079725E-04  0.8137006E-04 -0.2639288E-04
Ar 6383  0.4996108E+02  0.2641527E+02  0.5004726E+02 -0.3667513E-04  0.3044763E-04  0.5397637E-04
Ar 6384  0.4731916E+02  0.2883587E+02  0.5003583E+02  0.8093368E-05 -0.3682797E-04  0.2573602E-04
Ar 6385  0.4733931E+02  0.2626590E+02  0.5273486E+02 -0.3104083E-04 -0.4969646E-04 -0.6936539E-04
Ar 6386  0.4999785E+02  0.2891337E+02  0.5266892E+02  0.1074658E-04 -0.7504163E-04  0.3571142E-04
Ar 6387  0.5011654E+02  0.2636029E+02  0.5531536E+02 -0.6796566E-04 -0.7139682E-05 -0.5097025E-04
Ar 6388  0.4742943E+02  0.2880576E+02  0.5516253E+02  0.5996549E-05 -0.5079439E-04  0.9010855E-05
Ar 6389  0.4741207E+02  0.2626509E+02  0.5780942E+02 -0.6385670E-04  0.1148799E-04 -0.5769255E-04
Ar 6390  0.5004613E+02  0.2885296E+02  0.5781411E+02 -0.1475113E-04 -0.6098780E-04 -0.4227414E-04
Ar 6391  0.4994476E+02  0.2635538E+02  0.6058430E+02 -0.5008058E-04 -0.5726741E-04 -0.4759634E-04
Ar 6392  0.4741119E+02  0.2885171E+02  0.6061888E+02 -0.2157775E-04 -0.6556850E-05  0.6871600E-04
Ar 6393  0.4732807E+02  0.2628305E+02  0.6315282E+02  0.3717218E-04 -0.3085477E-04 -0.7615730E-04
Ar 6394  0.4991072E+02  0.2907921E+02  0.6317095E+02 -0.3919164E-04 -0.7640146E-05 -0.7390757E-04
Ar 6395  0.5002051E+02  0.2638449E+02  0.6572035E+02  0.3820003E-04  0.7110657E-04 -0.1376561E-03
Ar 6396  0.4742100E+02  0.2895395E+02  0.6576100E+02  0.2131427E-04 -0.1405828E-04  0.3928041E-04
Ar 6397  0.4737775E+02  0.3166018E+02  0.6844269E+02  0.2652880E-04 -0.6923899E-04 -0.4551782E-04
Ar 6398  0.5000791E+02  0.3417925E+02  0.6845057E+02  0.6766670E-04  0.1967526E-04 -0.4888219E-04
Ar 6399  0.4993230E+02  0.3154739E+02  0.2659486E+01  0.3127602E-04 -0.4161353E-04  0.4678805E-04
Ar 6400  0.4742147E+02  0.3422520E+02  0.2610034E+01  0.1084693E-04 -0.5305192E-04  0.5247418E-04
Ar 6401  0.4734693E+02  0.3164505E+02  0.5260270E+01 -0.2960684E-04  0.5907615E-05  0.1651024E-04
Ar 6402  0.4999840E+02  0.3423211E+02  0.5310742E+01 -0.5995431E-04 -0.5958691E-04 -0.3563548E-04
Ar 6403  0.4996815E+02  0.3148874E+02  0.7860619E+01 -0.1396321E-03  0.7694713E-04  0.4172167E-05
Ar 6404  0.4715234E+02  0.3423684E+02  0.8056219E+01 -0.4866150E-04 -0.6824711E-04  0.3228100E-04
Ar 6405  0.4739500E+02  0.3156709E+02  0.1054294E+02 -0.4329326E-04  0.7033275E-04  0.3296144E-04
Ar 6406  0.4996641E+02  0.3424278E+02  0.1044006E+02  0.1889259E-04 -0.5771039E-05 -0.7468473E-04
Ar 6407  0.4993996E+02  0.3151618E+02  0.1312599E+02  0.2527446E-04  0.7061338E-04 -0.1247207E-04
Ar 6408  0.4732127E+02  0.3426324E+02  0.1305457E+02 -0.2492226E-04 -0.3101062E-04  0.3416065E-04
Ar 6409  0.4740954E+02  0.3156799E+02  0.1580730E+02  0.3719773E-04 -0.4755181E-04 -0.2495396E-04
Ar 6410  0.5005287E+02  0.3416668E+02  0.1576294E+02 -0.3197329E-04 -0.1948493E-04  0.3922157E-04
Ar 6411  0.5001548E+02  0.3161569E+02  0.1837783E+02  0.7409716E-05 -0.3263257E-04  0.1592418E-04
Ar 6412  0.4738608E+02  0.3414192E+02  0.1855392E+02 -0.5151421E-04 -0.1944525E-04  0.6432803E-04
Ar 6413  0.4738255E+02  0.3143613E+02  0.2105843E+02 -0.2934063E-05 -0.1491672E-04 -0.3695372E-04
Ar 6414  0.4995676E+02  0.3427054E+02  0.2108751E+02  0.8284037E-05 -0.6400255E-04  0.6672100E-04
Ar 6415  0.5008108E+02  0.3151200E+02  0.2356210E+02 -0.5847475E-04 -0.7629322E-04 -0.7633402E-04
Ar 6416  0.4726227E+02  0.3410194E+02  0.2368762E+02  0.1117480E-04 -0.1911810E-04  0.1691821E-04
Ar 6417  0.4733543E+02  0.3166124E+02  0.2633894E+02 -0.8727096E-04 -0.9632412E-04  0.4646348E-04
Ar 6418  0.5003550E+02  0.3410664E+02  0.2630581E+02 -0.1008511E-03 -0.5777847E-05  0.1435416E-04
Ar 6419  0.5001123E+02  0.3164991E+02  0.2896009E+02  0.3200551E-04  0.6999139E-05  0.9720974E-04
Ar 6420  0.4736596E+02  0.3420359E+02  0.2904753E+02 -0.4432587E-05  0.7162488E-05 -0.8968631E-04
Ar 6421  0.4734153E+02  0.3170329E+02  0.3160179E+02 -0.1140710E-04 -0.7242146E-06 -0.3434781E-04
Ar 6422  0.4989422E+02  0.3429524E+02  0.3154859E+02 -0.2382858E-04 -0.1708406E-04 -0.2206658E-04
Ar 6423  0.4993534E+02  0.3140259E+02  0.3425430E+02 -0.3660320E-04  0.6317769E-04 -0.8481997E-04
Ar 6424  0.4736125E+02  0.3418592E+02  0.3422331E+02 -0.5897751E-04 -0.1730434E-04 -0.1005162E-05
Ar 6425  0.4731583E+02  0.3168985E+02  0.3687476E+02 -0.4014070E-05  0.2636813E-04  0.2045072E-04
Ar 6426  0.5008579E+02  0.3416479E+02  0.3688892E+02  0.7636768E-04  0.1877079E-04  0.4670904E-04
Ar 6427  0.5000760E+02  0.3153187E+02  0.3957452E+02  0.8614492E-04 -0.5626118E-05 -0.3004608E-04
Ar 6428  0.4730255E+02  0.3430046E+02  0.3947380E+02 -0.4081648E-05 -0.8695969E-04  0.1205059E-04
Ar 6429  0.4736747E+02  0.3163542E+02  0.4208117E+02  0.1930697E-05 -0.7963832E-04  0.5224041E-04
Ar 6430  0.4997597E+02  0.3428956E+02  0.4210598E+02 -0.2003960E-04 -0.3202846E-04 -0.6474558E-04
Ar 6431  0.5004250E+02  0.3158390E+02  0.4472487E+02 -0.4008456E-04 -0.3335993E-04  0.1551641E-04
Ar 6432  0.4737739E+02  0.3418425E+02  0.4470558E+02  0.4123319E-04 -0.3366574E-04  0.4670554E-05
Ar 6433  0.4733369E+02  0.3146072E+02  0.4744483E+02  0.1468604E-04 -0.8130358E-05  0.2264670E-06
Ar 6434  0.5003023E+02  0.3421772E+02  0.4743011E+02  0.4863724E-04  0.6565411E-04 -0.1756733E-04
Ar 6435  0.4992142E+02  0.3156112E+02  0.5004637E+02 -0.3747585E-04  0.4480466E-04 -0.2180042E-04
Ar 6436  0.4740314E+02  0.3434510E+02  0.5004535E+02 -0.3100038E-04  0.4106701E-06 -0.3316727E-04
Ar 6437  0.4732526E+02  0.3159026E+02  0.5246232E+02 -0.9872858E-04 -0.7338569E-04 -0.1468426E-03
Ar 6438  0.4999905E+02  0.3419734E+02  0.5253249E+02 -0.7412801E-05  0.1396096E-04  0.2543210E-04
Ar 6439  0.5014408E+02  0.3148662E+02  0.5522981E+02 -0.9876771E-04 -0.5261955E-04 -0.9683100E-04
Ar 6440  0.4734478E+02  0.3427555E+02  0.5523649E+02  0.1800419E-04  0.6395504E-04 -0.6873437E-04
Ar 6441  0.4730010E+02  0.3171573E+02  0.5780850E+02  0.6367989E-05 -0.5562672E-04  0.2379601E-04
Ar 6442  0.4999577E+02  0.3422495E+02  0.5786855E+02 -0.2381342E-04 -0.6274355E-04  0.2326962E-04
Ar 6443  0.5007691E+02  0.3150749E+02  0.6057945E+02 -0.5746613E-04  0.6473324E-04 -0.2864822E-04
Ar 6444  0.4741543E+02  0.3421661E+02  0.6051525E+02 -0.4560639E-04 -0.8601039E-05 -0.1124742E-03
Ar 6445  0.4737648E+02  0.3157141E+02  0.6314960E+02  0.6698563E-05 -0.9471659E-04 -0.1060286E-03
Ar 6446  0.4994480E+02  0.3405269E+02  0.6324134E+02  0.2297867E-04 -0.8843009E-05  0.7902636E-04
Ar 6447  0.4985689E+02  0.3155592E+02  0.6592256E+02 -0.2404682E-04 -0.4876308E-04  0.1865307E-04
Ar 6448  0.4719465E+02  0.3424103E+02  0.6563702E+02 -0.5857057E-04 -0.3462531E-04 -0.6976986E-04
Ar 6449  0.4739034E+02  0.3689004E+02  0.6829290E+02  0.1629696E-04  0.5299234E-04  0.3161858E-04
Ar 6450  0.4990981E+02  0.3933245E+02  0.6838719E+02  0.1088794E-04 -0.4972188E-05 -0.4325439E-04
Ar 6451  0.5007218E+02  0.3682701E+02  0.2564299E+01 -0.7862013E-04  0.4343075E-04 -0.2644963E-04
Ar 6452  0.4737480E+02  0.3961254E+02  0.2669324E+01  0.6884458E-04  0.1051875E-04  0.4617604E-04
Ar 6453  0.4736972E+02  0.3693008E+02  0.5176354E+01  0.1888958E-04  0.2063362E-05 -0.3675358E-04
Ar 6454  0.4997497E+02  0.3949700E+02  0.5244930E+01  0.6841996E-05  0.1162292E-05 -0.3251502E-04
Ar 6455  0.5009904E+02  0.3678402E+02  0.7903525E+01  0.6173657E-04 -0.2146410E-04  0.6201749E-05
Ar 6456  0.4748931E+02  0.3944704E+02  0.7853226E+01 -0.1460491E-04 -0.1164756E-04  0.1931197E-04
Ar 6457  0.4741358E+02  0.3693779E+02  0.1065676E+02  0.3135343E-04  0.5881594E-04  0.8363393E-04
Ar 6458  0.4996504E+02  0.3947417E+02  0.1051168E+02  0.5100871E-05 -0.5521131E-04  0.2472587E-05
Ar 6459  0.5002708E+02  0.3689823E+02  0.1314925E+02 -0.1102159E-04  0.2603748E-04  0.1636931E-04
Ar 6460  0.4740438E+02  0.3944013E+02  0.1311315E+02 -0.1181479E-03 -0.5831978E-04  0.2867904E-04
Ar 6461  0.4733396E+02  0.3691937E+02  0.1575701E+02  0.1060681E-05 -0.2598985E-04 -0.3290806E-04
Ar 6462  0.4999573E+02  0.3952983E+02  0.1587289E+02  0.1255676E-05  0.2065507E-04 -0.3854039E-05
Ar 6463  0.4987686E+02  0.3680618E+02  0.1844984E+02  0.7906457E-04 -0.1120996E-03 -0.3671009E-04
Ar 6464  0.4732626E+02  0.3951517E+02  0.1841369E+02 -0.2279436E-04 -0.5046996E-04  0.3309614E-04
Ar 6465  0.4727145E+02  0.3685184E+02  0.2098066E+02 -0.3082423E-04 -0.4177848E-04 -0.9003054E-04
Ar 6466  0.4997189E+02  0.3954897E+02  0.2115673E+02 -0.8785280E-04 -0.1411819E-03 -0.3989987E-04
Ar 6467  0.4999407E+02  0.3685630E+02  0.2375066E+02 -0.1820878E-04 -0.6934257E-04 -0.4157885E-04
Ar 6468  0.4725284E+02  0.3954144E+02  0.2369113E+02 -0.2000653E-04  0.3707524E-04  0.2672168E-05
Ar 6469  0.4737803E+02  0.3692644E+02  0.2636206E+02 -0.8266448E-04  0.5760165E-04  0.4977606E-05
Ar 6470  0.4993386E+02  0.3935648E+02  0.2635576E+02 -0.5625415E-04 -0.8094528E-05 -0.5114379E-04
Ar 6471  0.5003861E+02  0.3671801E+02  0.2889626E+02 -0.7985900E-04 -0.7114280E-04  0.7213530E-04
Ar 6472  0.4733788E+02  0.3953607E+02  0.2896368E+02 -0.2182735E-04 -0.4602467E-04 -0.1678681E-04
Ar 6473  0.4744367E+02  0.3700614E+02  0.3162867E+02 -0.6423631E-04 -0.8485004E-05 -0.5997090E-05
Ar 6474  0.4997834E+02  0.3945373E+02  0.3157116E+02  0.3973531E-05 -0.7230691E-04  0.3545290E-04
Ar 6475  0.5004371E+02  0.3676699E+02  0.3409822E+02  0.4055692E-04  0.2001419E-04 -0.4059547E-04
Ar 6476  0.4735891E+02  0.3954105E+02  0.3422712E+02  0.4615052E-04 -0.8708111E-04 -0.4721386E-04
Ar 6477  0.4733026E+02  0.3682299E+02  0.3696629E+02 -0.9204940E-04  0.9963579E-04 -0.1672150E-04
Ar 6478  0.4993424E+02  0.3953822E+02  0.3683350E+02 -0.5478770E-04 -0.1002302E-03  0.1459134E-04
Ar 6479  0.4998941E+02  0.3687259E+02  0.3949569E+02 -0.2623710E-05 -0.3909493E-04  0.8528166E-04
Ar 6480  0.4727153E+02  0.3946477E+02  0.3952767E+02 -0.3287164E-04 -0.4529166E-04 -0.3669192E-04
Ar 6481  0.4747830E+02  0.3691672E+02  0.4211328E+02 -0.2735699E-04 -0.9385160E-04 -0.1070989E-03
Ar 6482  0.4997203E+02  0.3950510E+02  0.4201345E+02  0.2889690E-04  0.9517652E-04  0.7877859E-05
Ar 6483  0.4997353E+02  0.3688294E+02  0.4481467E+02 -0.8565332E-06  0.4936061E-04  0.2513786E-04
Ar 6484  0.4729599E+02  0.3953165E+02  0.4473528E+02 -0.6492282E-04 -0.3057516E-04  0.1092363E-04
Ar 6485  0.4745553E+02  0.3686031E+02  0.4735175E+02  0.4681813E-04 -0.2959155E-04  0.4159052E-04
Ar 6486  0.5002936E+02  0.3938728E+02  0.4736081E+02 -0.2419049E-04 -0.5932487E-04 -0.4482272E-04
Ar 6487  0.4993568E+02  0.3677775E+02  0.4990958E+02 -0.8544090E-04 -0.6779262E-04 -0.2575961E-04
Ar 6488  0.4739946E+02  0.3949942E+02  0.4999791E+02  0.1928194E-05  0.8162378E-04 -0.1369894E-03
Ar 6489  0.4745701E+02  0.3698451E+02  0.5262112E+02  0.6793529E-04  0.1732001E-04 -0.2920487E-05
Ar 6490  0.4997044E+02  0.3951715E+02  0.5260777E+02 -0.1763560E-04  0.7492703E-05  0.3123329E-04
Ar 6491  0.5005132E+02  0.3682986E+02  0.5524359E+02 -0.1815816E-04 -0.3884328E-04 -0.8304145E-05
Ar 6492  0.4740096E+02  0.3936582E+02  0.5533488E+02 -0.3234975E-04  0.3750965E-05 -0.3128725E-04
Ar 6493  0.4743355E+02  0.3678477E+02  0.5793175E+02 -0.6687171E-05 -0.9096708E-04 -0.1006705E-03
Ar 6494  0.5001691E+02  0.3936163E+02  0.5796376E+02 -0.3084020E-04 -0.2202976E-04 -0.1894174E-06
Ar 6495  0.5002448E+02  0.3686057E+02  0.6062652E+02 -0.5672963E-04 -0.5146293E-04 -0.1009517E-03
Ar 6496  0.4741267E+02  0.3938460E+02  0.6058844E+02  0.5013265E-04 -0.4381014E-04 -0.1021104E-03
Ar 6497  0.4739100E+02  0.3680973E+02  0.6309960E+02  0.2458071E-05  0.3149456E-04 -0.3299685E-04
Ar 6498  0.5007208E+02  0.3947526E+02  0.6310957E+02 -0.9816174E-04 -0.2037992E-04  0.4372398E-04
Ar 6499  0.5005632E+02  0.3673694E+02  0.6579410E+02 -0.1650144E-04 -0.2465468E-04 -0.3810326E-04
Ar 6500  0.4740696E+02  0.3942165E+02  0.6575744E+02 -0.5789231E-04 -0.4717246E-04 -0.4164257E-04
Ar 6501  0.4737526E+02  0.4205895E+02  0.6842147E+02  0.7382533E-04 -0.1236194E-04 -0.6267859E-04
Ar 6502  0.5002137E+02  0.4465036E+02  0.6828117E+02  0.3441096E-04  0.8000324E-05 -0.9942434E-04
Ar 6503  0.4997674E+02  0.4202193E+02  0.2651827E+01 -0.9050958E-05  0.8048757E-04  0.1095565E-03
Ar 6504  0.4739844E+02  0.4475979E+02  0.2705578E+01  0.2447279E-04  0.3799501E-04  0.5687639E-04
Ar 6505  0.4741056E+02  0.4207910E+02  0.5196170E+01 -0.1016569E-05 -0.4109419E-04 -0.1301938E-03
Ar 6506  0.4999206E+02  0.4455250E+02  0.5286667E+01 -0.4187007E-04  0.5798922E-05 -0.4858812E-04
Ar 6507  0.4989259E+02  0.4214557E+02  0.7827064E+01  0.2035201E-06 -0.2373448E-04 -0.1082234E-03
Ar 6508  0.4731040E+02  0.4467674E+02  0.7758981E+01 -0.2430483E-04 -0.1199335E-03 -0.8290831E-04
Ar 6509  0.4730100E+02  0.4196219E+02  0.1055667E+02 -0.5769255E-04 -0.2634468E-04 -0.4694930E-04
Ar 6510  0.5003630E+02  0.4469810E+02  0.1046144E+02  0.2093414E-04  0.5647919E-04 -0.5390020E-04
Ar 6511  0.4992643E+02  0.4205582E+02  0.1310487E+02  0.1725876E-04  0.2097994E-04 -0.4229141E-04
Ar 6512  0.4736561E+02  0.4467100E+02  0.1317802E+02  0.5424733E-04 -0.7536297E-04 -0.8703184E-04
Ar 6513  0.4739895E+02  0.4209069E+02  0.1587716E+02  0.1620849E-04 -0.7712750E-04 -0.2187831E-04
Ar 6514  0.5002868E+02  0.4479165E+02  0.1585625E+02  0.8600131E-04  0.4900782E-04 -0.2812820E-05
Ar 6515  0.4994460E+02  0.4211185E+02  0.1842131E+02 -0.6569814E-04 -0.2821541E-04  0.3533894E-04
Ar 6516  0.4749265E+02  0.4468572E+02  0.1849142E+02  0.3639675E-04  0.3338552E-04  0.8402828E-04
Ar 6517  0.4728321E+02  0.4205327E+02  0.2104522E+02  0.3399363E-04 -0.1341621E-04  0.8435572E-04
Ar 6518  0.5001414E+02  0.4472094E+02  0.2105794E+02 -0.3725633E-04 -0.3356324E-04 -0.2264195E-04
Ar 6519  0.4997529E+02  0.4208923E+02  0.2368618E+02 -0.3545011E-04 -0.5443418E-04 -0.1668845E-04
Ar 6520  0.4738131E+02  0.4478464E+02  0.2369254E+02 -0.1017333E-03  0.6375411E-04 -0.1600645E-04
Ar 6521  0.4738217E+02  0.4213426E+02  0.2623394E+02  0.1080425E-04  0.1643256E-04 -0.4471744E-04
Ar 6522  0.5001480E+02  0.4478536E+02  0.2617080E+02 -0.1312293E-03  0.6233785E-04 -0.1519544E-04
Ar 6523  0.4994286E+02  0.4214721E+02  0.2900911E+02 -0.4338988E-04  0.4362771E-04 -0.3116063E-04
Ar 6524  0.4735894E+02  0.4465588E+02  0.2894902E+02 -0.1986416E-04  0.3553853E-04  0.2153333E-04
Ar 6525  0.4732135E+02  0.4201542E+02  0.3162255E+02 -0.5703340E-04 -0.5035188E-04  0.5659998E-04
Ar 6526  0.4998513E+02  0.4471921E+02  0.3149476E+02 -0.5267352E-04 -0.4213653E-04 -0.6557808E-04
Ar 6527  0.4997382E+02  0.4210342E+02  0.3414547E+02  0.2954964E-05 -0.2734012E-04  0.3131189E-04
Ar 6528  0.4744692E+02  0.4477623E+02  0.3419699E+02  0.1594515E-04 -0.6432014E-05  0.6507077E-05
Ar 6529  0.4730390E+02  0.4210109E+02  0.3686010E+02 -0.1161994E-03 -0.9814123E-04 -0.7603050E-04
Ar 6530  0.4998641E+02  0.4471947E+02  0.3681997E+02  0.1284407E-04  0.2553815E-04 -0.1867020E-04
Ar 6531  0.5004238E+02  0.4213645E+02  0.3951835E+02 -0.2627751E-04 -0.8264234E-05  0.7511735E-06
Ar 6532  0.4734087E+02  0.4475844E+02  0.3945584E+02 -0.4209888E-04 -0.1410842E-03  0.2073966E-04
Ar 6533  0.4733362E+02  0.4217836E+02  0.4210662E+02 -0.2009406E-04  0.3601997E-04  0.2050006E-04
Ar 6534  0.4994830E+02  0.4483110E+02  0.4203788E+02 -0.4558933E-04  0.7772527E-05 -0.4279344E-04
Ar 6535  0.4999216E+02  0.4215199E+02  0.4458869E+02 -0.9165514E-05 -0.1402209E-04 -0.4880604E-05
Ar 6536  0.4734907E+02  0.4470142E+02  0.4473063E+02  0.5268248E-04  0.2512737E-04  0.3115107E-04
Ar 6537  0.4733562E+02  0.4205715E+02  0.4734894E+02  0.4015051E-04  0.7602291E-05 -0.2142707E-04
Ar 6538  0.5007692E+02  0.4473303E+02  0.4735506E+02 -0.3030155E-04 -0.2555621E-05 -0.2989024E-04
Ar 6539  0.5004746E+02  0.4212179E+02  0.4990609E+02  0.6178809E-05 -0.4661211E-04 -0.1706626E-05
Ar 6540  0.4742851E+02  0.4472344E+02  0.4991266E+02  0.3727967E-04  0.3181512E-04  0.5115370E-05
Ar 6541  0.4728819E+02  0.4205462E+02  0.5266945E+02 -0.3045276E-04  0.2267190E-04 -0.1300553E-04
Ar 6542  0.5001575E+02  0.4466790E+02  0.5250153E+02 -0.7978147E-04 -0.7683521E-04 -0.1890502E-04
Ar 6543  0.5003695E+02  0.4205442E+02  0.5526713E+02 -0.1589080E-04 -0.1618960E-04  0.4495543E-04
Ar 6544  0.4739179E+02  0.4471787E+02  0.5529452E+02 -0.1569677E-04  0.2023128E-04 -0.2630740E-05
Ar 6545  0.4741020E+02  0.4216740E+02  0.5789857E+02 -0.2154972E-04 -0.9599292E-05 -0.2187534E-04
Ar 6546  0.5014228E+02  0.4481261E+02  0.5786690E+02 -0.8518102E-04 -0.4173774E-04 -0.2285935E-04
Ar 6547  0.4994033E+02  0.4203737E+02  0.6048987E+02 -0.3540985E-04 -0.1940900E-04 -0.5081780E-04
Ar 6548  0.4745127E+02  0.4474863E+02  0.6059745E+02 -0.5650471E-05 -0.3847344E-04 -0.8109981E-04
Ar 6549  0.4751263E+02  0.4212296E+02  0.6324649E+02 -0.5303483E-04 -0.2202626E-04 -0.6178945E-05
Ar 6550  0.4992405E+02  0.4475775E+02  0.6312465E+02 -0.5695615E-04  0.2723120E-04 -0.4299752E-04
Ar 6551  0.5006148E+02  0.4216376E+02  0.6573367E+02  0.1189842E-04 -0.1328023E-04 -0.3535190E-04
Ar 6552  0.4729653E+02  0.4478364E+02  0.6577519E+02 -0.2680601E-04 -0.9807476E-05 -0.6462590E-04
Ar 6553  0.4745364E+02  0.4742131E+02  0.8209131E-01 -0.7481591E-06 -0.4630780E-04  0.2597217E-04
Ar 6554  0.4999281E+02  0.4997286E+02  0.1242723E+00 -0.2349649E-04 -0.3127106E-04 -0.1044067E-03
Ar 6555  0.5002345E+02  0.4738228E+02  0.2636715E+01 -0.1056652E-03 -0.1068034E-04  0.4382001E-04
Ar 6556  0.4735354E+02  0.5001903E+02  0.2541799E+01 -0.5602646E-05 -0.7274208E-05  0.7121614E-04
Ar 6557  0.4741184E+02  0.4742567E+02  0.5236546E+01 -0.5367848E-04  0.3968743E-04  0.3926633E-04
Ar 6558  0.5003898E+02  0.5005238E+02  0.5186605E+01 -0.5160345E-04 -0.2668222E-05 -0.4863170E-04
Ar 6559  0.5000368E+02  0.4729154E+02  0.7890633E+01 -0.9798263E-04 -0.2345675E-04 -0.4497112E-04
Ar 6560  0.4727563E+02  0.4994737E+02  0.7908573E+01  0.5721285E-05  0.1332689E-04 -0.3623366E-04
Ar 6561  0.4746988E+02  0.4737629E+02  0.1047790E+02  0.5883921E-04 -0.1877371E-04 -0.7013091E-05
Ar 6562  0.5002213E+02  0.5006071E+02  0.1055864E+02 -0.4568351E-04 -0.2240366E-04  0.2284498E-04
Ar 6563  0.5005055E+02  0.4725131E+02  0.1308719E+02 -0.9088181E-04  0.1611099E-05 -0.1156046E-03
Ar 6564  0.4740134E+02  0.4998027E+02  0.1304404E+02 -0.2100920E-04 -0.7230068E-04 -0.4495475E-04
Ar 6565  0.4724850E+02  0.4730534E+02  0.1576398E+02 -0.6624339E-04  0.7322928E-05 -0.4454314E-04
Ar 6566  0.5010819E+02  0.4993509E+02  0.1576631E+02 -0.3919484E-04  0.1699732E-04 -0.2016138E-04
Ar 6567  0.5008281E+02  0.4747782E+02  0.1838642E+02 -0.6284477E-04 -0.6930807E-04 -0.4611746E-04
Ar 6568  0.4736977E+02  0.5000563E+02  0.1841214E+02 -0.3836520E-05  0.3417850E-04 -0.5510041E-04
Ar 6569  0.4731438E+02  0.4733231E+02  0.2108855E+02 -0.5840491E-04  0.3504936E-04  0.1803159E-04
Ar 6570  0.4999311E+02  0.4993297E+02  0.2108580E+02  0.2089781E-04 -0.2787890E-04  0.2512272E-04
Ar 6571  0.5000223E+02  0.4737215E+02  0.2370697E+02 -0.5930303E-04  0.2531234E-04 -0.1020680E-03
Ar 6572  0.4748698E+02  0.5009850E+02  0.2378819E+02 -0.1120957E-03  0.8958763E-04 -0.7717646E-04
Ar 6573  0.4739045E+02  0.4735435E+02  0.2631584E+02 -0.6664588E-04  0.2316100E-04 -0.1685736E-04
Ar 6574  0.4993262E+02  0.4999871E+02  0.2634380E+02  0.9899948E-05  0.3334058E-04 -0.2056737E-04
Ar 6575  0.5003089E+02  0.4723691E+02  0.2896570E+02  0.5233520E-05 -0.4853437E-04 -0.6602906E-04
Ar 6576  0.4730741E+02  0.4996772E+02  0.2895988E+02 -0.3353617E-04  0.1807538E-04  0.1766144E-05
Ar 6577  0.4725476E+02  0.4733539E+02  0.3156142E+02 -0.2866179E-04 -0.3130407E-04 -0.7749575E-04
Ar 6578  0.5001324E+02  0.4992603E+02  0.3166478E+02 -0.4174095E-04 -0.1187979E-04 -0.1821211E-04
Ar 6579  0.5005924E+02  0.4748047E+02  0.3401501E+02 -0.6980415E-04  0.2790205E-04 -0.7168406E-05
Ar 6580  0.4726927E+02  0.5003806E+02  0.3420465E+02 -0.7345246E-04 -0.4806608E-04 -0.2836420E-04
Ar 6581  0.4723140E+02  0.4739765E+02  0.3682102E+02 -0.9343049E-04 -0.3321195E-04 -0.6317096E-04
Ar 6582  0.4998226E+02  0.4993792E+02  0.3695050E+02  0.1403082E-05 -0.6893916E-05 -0.2782992E-04
Ar 6583  0.5003991E+02  0.4735531E+02  0.3945410E+02 -0.3547415E-04  0.3725154E-04 -0.8669595E-04
Ar 6584  0.4728967E+02  0.5003141E+02  0.3939217E+02 -0.5700582E-04  0.4078637E-04  0.3600506E-05
Ar 6585  0.4740135E+02  0.4738163E+02  0.4213303E+02 -0.1174636E-03  0.1455952E-05 -0.4537076E-04
Ar 6586  0.5000057E+02  0.4990156E+02  0.4214334E+02 -0.4198045E-04 -0.6068915E-04 -0.3566094E-04
Ar 6587  0.4999647E+02  0.4727799E+02  0.4473009E+02  0.2674804E-04 -0.1464531E-04 -0.9896731E-06
Ar 6588  0.4734865E+02  0.4994193E+02  0.4462290E+02 -0.4613457E-04  0.7732958E-05 -0.2589904E-04
Ar 6589  0.4729873E+02  0.4731163E+02  0.4725187E+02  0.7516523E-05  0.1020369E-03 -0.3355395E-04
Ar 6590  0.4995295E+02  0.4989880E+02  0.4737343E+02  0.2450725E-04 -0.5668001E-04  0.4362521E-04
Ar 6591  0.5005083E+02  0.4736529E+02  0.4998120E+02 -0.1156088E-03 -0.1071219E-03 -0.1053438E-04
Ar 6592  0.4722966E+02  0.4996451E+02  0.5003771E+02 -0.7050810E-04  0.2313629E-04  0.5686276E-04
Ar 6593  0.4736802E+02  0.4731818E+02  0.5262451E+02 -0.6639157E-04 -0.2266480E-04  0.1229066E-04
Ar 6594  0.4995581E+02  0.4999501E+02  0.5279297E+02  0.3990466E-04  0.2079483E-07  0.3506236E-04
Ar 6595  0.5005356E+02  0.4724437E+02  0.5520499E+02 -0.1101982E-03 -0.2109876E-04  0.7355926E-04
Ar 6596  0.4734319E+02  0.5002615E+02  0.5532678E+02  0.4002748E-04  0.2145631E-04 -0.3067128E-04
Ar 6597  0.4743921E+02  0.4731896E+02  0.5787023E+02 -0.3273217E-04 -0.1208888E-04  0.3463816E-04
Ar 6598  0.4983804E+02  0.4998722E+02  0.5776423E+02 -0.3269427E-04  0.1135916E-03 -0.9478426E-05
Ar 6599  0.4987017E+02  0.4730738E+02  0.6046152E+02 -0.2761398E-04 -0.1076821E-03  0.3747797E-05
Ar 6600  0.4727558E+02  0.4993040E+02  0.6054534E+02 -0.1688970E-04 -0.1172126E-03  0.7710015E-04
Ar 6601  0.4739357E+02  0.4740410E+02  0.6321623E+02  0.4216130E-04 -0.3836106E-04  0.1736828E-04
Ar 6602  0.5004034E+02  0.4997845E+02  0.6315929E+02 -0.3622136E-04  0.4188355E-04 -0.6626694E-04
Ar 6603  0.5001291E+02  0.4718454E+02  0.6571288E+02  0.4043217E-04 -0.3748008E-04 -0.3410666E-04
Ar 6604  0.4735379E+02  0.5007189E+02  0.6581760E+02 -0.1028870E-03 -0.1130280E-03  0.3374610E-04
Ar 6605  0.4731388E+02  0.5262287E+02  0.6835426E+02 -0.3183465E-05  0.4921859E-04 -0.1193221E-04
Ar 6606  0.5000770E+02  0.5522562E+02  0.6838857E+02 -0.2001599E-04 -0.9254021E-05  0.7044753E-04
Ar 6607  0.4994887E+02  0.5267772E+02  0.2578179E+01  0.2432080E-04 -0.4762290E-04  0.5302893E-04
Ar 6608  0.4728267E+02  0.5529474E+02  0.2628772E+01 -0.7581219E-04 -0.1182573E-03 -0.2811656E-04
Ar 6609  0.4724802E+02  0.5265370E+02  0.5345328E+01  0.8470209E-04  0.8010165E-05 -0.8806493E-05
Ar 6610  0.4992131E+02  0.5532277E+02  0.5292773E+01 -0.9537046E-05 -0.6560801E-04 -0.3966917E-04
Ar 6611  0.4990375E+02  0.5251100E+02  0.7806708E+01 -0.1796939E-04 -0.9214240E-04  0.3190102E-04
Ar 6612  0.4742041E+02  0.5530150E+02  0.7829862E+01 -0.1081088E-03  0.2476815E-04  0.2143142E-04
Ar 6613  0.4734432E+02  0.5261784E+02  0.1044354E+02 -0.5123134E-04 -0.4816162E-04 -0.9387822E-05
Ar 6614  0.4999472E+02  0.5526149E+02  0.1059445E+02  0.9024273E-05 -0.3400166E-04  0.2655747E-04
Ar 6615  0.4997022E+02  0.5264396E+02  0.1315906E+02 -0.9065987E-05  0.1008486E-03 -0.1419814E-05
Ar 6616  0.4730292E+02  0.5524796E+02  0.1317300E+02 -0.9149389E-04 -0.3133191E-04 -0.2343816E-04
Ar 6617  0.4730184E+02  0.5266624E+02  0.1578474E+02 -0.5184574E-04 -0.2197610E-04  0.4291225E-04
Ar 6618  0.4999455E+02  0.5515116E+02  0.1577152E+02 -0.3286395E-04 -0.8467006E-04 -0.2744847E-04
Ar 6619  0.4993409E+02  0.5263788E+02  0.1838079E+02 -0.4340551E-04 -0.5836124E-04 -0.2342123E-04
Ar 6620  0.4727835E+02  0.5515332E+02  0.1850356E+02  0.6807641E-04  0.5588516E-04  0.1695653E-04
Ar 6621  0.4741073E+02  0.5266690E+02  0.2111979E+02 -0.2839289E-04 -0.3766666E-05 -0.4816076E-04
Ar 6622  0.4988827E+02  0.5521316E+02  0.2107992E+02 -0.5989335E-04  0.4192730E-05 -0.1897750E-04
Ar 6623  0.5002155E+02  0.5251834E+02  0.2371161E+02 -0.2175208E-04  0.9442698E-04 -0.9376025E-04
Ar 6624  0.4744205E+02  0.5522582E+02  0.2361155E+02 -0.6857703E-04 -0.2230278E-04 -0.1181742E-04
Ar 6625  0.4723751E+02  0.5251267E+02  0.2633428E+02 -0.5244056E-04 -0.3294643E-04  0.3265566E-04
Ar 6626  0.4994600E+02  0.5533352E+02  0.2632827E+02 -0.4994435E-04  0.2583595E-04 -0.3794563E-04
Ar 6627  0.4997797E+02  0.5260527E+02  0.2884917E+02 -0.3204489E-04 -0.6405222E-07  0.4452350E-04
Ar 6628  0.4737184E+02  0.5521139E+02  0.2894635E+02  0.5295021E-04  0.9540529E-05 -0.6736917E-04
Ar 6629  0.4723956E+02  0.5250161E+02  0.3159472E+02 -0.4223482E-04  0.7791784E-05 -0.1330085E-05
Ar 6630  0.4986747E+02  0.5521900E+02  0.3149320E+02 -0.7825047E-04 -0.1373367E-03  0.2158811E-04
Ar 6631  0.4986193E+02  0.5264033E+02  0.3422827E+02  0.6407233E-04 -0.4687258E-04 -0.4576587E-04
Ar 6632  0.4725083E+02  0.5514251E+02  0.3414624E+02 -0.3428065E-04  0.6533748E-04  0.6783312E-04
Ar 6633  0.4735276E+02  0.5262043E+02  0.3692416E+02 -0.5671249E-04 -0.2583328E-04 -0.6523982E-04
Ar 6634  0.5000416E+02  0.5521508E+02  0.3680936E+02 -0.1509635E-04 -0.4405579E-05 -0.5115439E-04
Ar 6635  0.5008391E+02  0.5261881E+02  0.3961798E+02  0.7281620E-05  0.2776219E-04 -0.6754408E-04
Ar 6636  0.4734585E+02  0.5534044E+02  0.3951274E+02 -0.5782251E-04 -0.2351530E-04  0.1167765E-04
Ar 6637  0.4731145E+02  0.5258030E+02  0.4213463E+02 -0.4333365E-04 -0.3605955E-04 -0.4578674E-04
Ar 6638  0.5002904E+02  0.5528207E+02  0.4209720E+02 -0.1770214E-04 -0.7239431E-04 -0.4667361E-04
Ar 6639  0.4999436E+02  0.5252867E+02  0.4467290E+02  0.1466270E-04 -0.5922302E-04  0.1669475E-04
Ar 6640  0.4721379E+02  0.5539531E+02  0.4486330E+02 -0.1972068E-04 -0.4735185E-04 -0.4876606E-04
Ar 6641  0.4730964E+02  0.5271055E+02  0.4738174E+02 -0.1727002E-05 -0.5406263E-04 -0.8104860E-04
Ar 6642  0.4996580E+02  0.5522250E+02  0.4743604E+02 -0.4744419E-04  0.1365602E-04 -0.1533824E-04
Ar 6643  0.4999948E+02  0.5262369E+02  0.4994593E+02 -0.2361415E-04 -0.2606862E-05 -0.4098787E-04
Ar 6644  0.4722702E+02  0.5528016E+02  0.4996318E+02 -0.2836609E-04  0.3153264E-04 -0.7389974E-04
Ar 6645  0.4725208E+02  0.5264104E+02  0.5266802E+02 -0.6747652E-04 -0.9574016E-04 -0.4540136E-04
Ar 6646  0.4997693E+02  0.5532956E+02  0.5263160E+02 -0.2023325E-04  0.5583501E-04  0.1717856E-04
Ar 6647  0.5006933E+02  0.5265459E+02  0.5526193E+02 -0.1560736E-04 -0.4163703E-04 -0.6156687E-04
Ar 6648  0.4718006E+02  0.5520275E+02  0.5521465E+02 -0.7421809E-05  0.2102680E-04 -0.3495396E-04
Ar 6649  0.4732124E+02  0.5259267E+02  0.5800567E+02 -0.9182693E-04 -0.4962372E-04 -0.1114940E-04
Ar 6650  0.5000346E+02  0.5524516E+02  0.5789992E+02 -0.9083634E-04 -0.4731984E-04 -0.4445499E-05
Ar 6651  0.4998278E+02  0.5265598E+02  0.6045900E+02  0.1870285E-04 -0.7272114E-04 -0.1794144E-04
Ar 6652  0.4740720E+02  0.5539308E+02  0.6055648E+02 -0.1154207E-04 -0.4977749E-04 -0.7262702E-04
Ar 6653  0.4734140E+02  0.5269749E+02  0.6307191E+02  0.3646929E-05 -0.3495519E-05 -0.7684995E-05
Ar 6654  0.4998699E+02  0.5531958E+02  0.6308535E+02  0.4261027E-04 -0.8660271E-04 -0.1798786E-04
Ar 6655  0.4996897E+02  0.5261792E+02  0.6579967E+02 -0.2960301E-04 -0.1593103E-04 -0.9264777E-04
Ar 6656  0.4732201E+02  0.5520744E+02  0.6576140E+02 -0.7542029E-04 -0.4277577E-04 -0.6855042E-04
Ar 6657  0.4736634E+02  0.5791319E+02  0.6836130E+02  0.8907391E-04 -0.4770907E-04 -0.1376257E-04
Ar 6658  0.5000546E+02  0.6046942E+02  0.6844485E+02 -0.1096289E-03 -0.3143012E-04 -0.3210555E-04
Ar 6659  0.5008129E+02  0.5793603E+02  0.2679571E+01  0.3980855E-04  0.2884602E-04 -0.5098930E-04
Ar 6660  0.4739766E+02  0.6047189E+02  0.2718205E+01 -0.4078328E-04 -0.4192050E-04  0.4812021E-04
Ar 6661  0.4733788E+02  0.5788100E+02  0.5277162E+01 -0.1568632E-04 -0.1101213E-03 -0.1455037E-04
Ar 6662  0.4995931E+02  0.6052783E+02  0.5237258E+01  0.2181940E-04  0.1668483E-04 -0.1043608E-03
Ar 6663  0.4999716E+02  0.5796053E+02  0.7846552E+01 -0.3960743E-04 -0.1337596E-04  0.1747871E-04
Ar 6664  0.4749442E+02  0.6039023E+02  0.7889385E+01 -0.1454344E-04 -0.1263970E-03 -0.4371469E-04
Ar 6665  0.4743637E+02  0.5785284E+02  0.1064906E+02  0.1863345E-04 -0.3977059E-04  0.3211621E-04
Ar 6666  0.5004739E+02  0.6049686E+02  0.1052811E+02 -0.1249987E-04 -0.8364738E-04 -0.4565803E-04
Ar 6667  0.5005577E+02  0.5780627E+02  0.1316558E+02 -0.5092160E-04 -0.5492470E-04  0.6534973E-04
Ar 6668  0.4728675E+02  0.6045223E+02  0.1317472E+02  0.3732520E-04 -0.7948402E-05  0.6450510E-05
Ar 6669  0.4744304E+02  0.5793101E+02  0.1573124E+02  0.5600338E-04  0.1962413E-04 -0.6232481E-04
Ar 6670  0.4998345E+02  0.6039018E+02  0.1583985E+02 -0.2223765E-04 -0.3588321E-04 -0.5643428E-04
Ar 6671  0.4994207E+02  0.5774789E+02  0.1843924E+02 -0.4830362E-04  0.4141230E-04  0.2582515E-04
Ar 6672  0.4727914E+02  0.6044414E+02  0.1853749E+02 -0.4087661E-04 -0.2140738E-04 -0.7794773E-04
Ar 6673  0.4730096E+02  0.5798907E+02  0.2106548E+02 -0.1486147E-04  0.4489628E-04 -0.9690567E-04
Ar 6674  0.4992657E+02  0.6052871E+02  0.2110764E+02  0.3758441E-04 -0.4764143E-04  0.8290734E-04
Ar 6675  0.4998452E+02  0.5795075E+02  0.2363933E+02 -0.1048728E-03 -0.7149729E-04  0.9123032E-05
Ar 6676  0.4732745E+02  0.6052667E+02  0.2366474E+02  0.3379883E-04 -0.7475793E-04  0.2031485E-04
Ar 6677  0.4734914E+02  0.5788633E+02  0.2619351E+02 -0.6388932E-04 -0.5241637E-04 -0.3139336E-04
Ar 6678  0.5005027E+02  0.6068651E+02  0.2628516E+02 -0.4873519E-04 -0.1576937E-04 -0.2627338E-04
Ar 6679  0.4996564E+02  0.5799733E+02  0.2899547E+02  0.3033774E-04 -0.1656058E-04 -0.8058740E-04
Ar 6680  0.4741302E+02  0.6052297E+02  0.2882164E+02 -0.1418016E-04 -0.1023127E-03 -0.5389440E-04
Ar 6681  0.4737377E+02  0.5790279E+02  0.3163177E+02  0.9231104E-04 -0.9168685E-04 -0.2609882E-04
Ar 6682  0.5000405E+02  0.6040859E+02  0.3156183E+02 -0.6919572E-04 -0.1275775E-04 -0.6428557E-04
Ar 6683  0.4998954E+02  0.5785458E+02  0.3422544E+02  0.4921463E-04 -0.7982591E-05  0.5206198E-04
Ar 6684  0.4730633E+02  0.6058149E+02  0.3421688E+02 -0.6653604E-04 -0.5886438E-06 -0.7170162E-04
Ar 6685  0.4736755E+02  0.5775139E+02  0.3683842E+02  0.5826061E-05 -0.7543526E-04 -0.2286661E-04
Ar 6686  0.4992597E+02  0.6053584E+02  0.3682225E+02 -0.7981016E-04  0.5115985E-04 -0.6775611E-04
Ar 6687  0.5007022E+02  0.5791147E+02  0.3951379E+02 -0.2487644E-04 -0.5727056E-04  0.3737635E-04
Ar 6688  0.4731340E+02  0.6051900E+02  0.3949821E+02 -0.1622647E-04 -0.7367791E-05 -0.2639595E-04
Ar 6689  0.4741933E+02  0.5793832E+02  0.4204903E+02  0.3622842E-04  0.1516563E-04  0.4584739E-04
Ar 6690  0.4995798E+02  0.6054180E+02  0.4216472E+02 -0.3841993E-04 -0.1341155E-03 -0.5231380E-04
Ar 6691  0.4984597E+02  0.5786527E+02  0.4464513E+02 -0.5578667E-04 -0.9345999E-05 -0.9512654E-04
Ar 6692  0.4733334E+02  0.6059146E+02  0.4486616E+02 -0.1106594E-04  0.2302749E-04 -0.1372628E-05
Ar 6693  0.4742340E+02  0.5791806E+02  0.4738822E+02 -0.1342519E-04  0.6503843E-04 -0.4714933E-04
Ar 6694  0.4997444E+02  0.6045554E+02  0.4726723E+02  0.1197640E-03 -0.8130865E-06 -0.3094445E-04
Ar 6695  0.4995141E+02  0.5780178E+02  0.5013876E+02 -0.4739131E-04  0.2576070E-04  0.5079403E-06
Ar 6696  0.4736860E+02  0.6055455E+02  0.4995064E+02 -0.3693652E-04 -0.3833276E-04 -0.1474629E-04
Ar 6697  0.4733602E+02  0.5783836E+02  0.5258417E+02 -0.2640198E-04  0.3452014E-04  0.5572436E-04
Ar 6698  0.4985096E+02  0.6043459E+02  0.5266671E+02  0.7342689E-04  0.1587114E-04 -0.4203082E-04
Ar 6699  0.4990239E+02  0.5782727E+02  0.5514386E+02 -0.1151257E-04 -0.1194931E-04 -0.5842255E-04
Ar 6700  0.4735592E+02  0.6045343E+02  0.5521010E+02 -0.9351698E-04 -0.1104928E-03  0.2381633E-04
Ar 6701  0.4734825E+02  0.5801825E+02  0.5779492E+02 -0.1211382E-03 -0.6889696E-04  0.2086841E-04
Ar 6702  0.5017067E+02  0.6043883E+02  0.5782727E+02 -0.4530862E-04 -0.1112334E-04 -0.2196782E-04
Ar 6703  0.5000325E+02  0.5791596E+02  0.6057515E+02  0.3760019E-04 -0.4603334E-04 -0.2837837E-04
Ar 6704  0.4750090E+02  0.6051605E+02  0.6040228E+02 -0.4958758E-04 -0.8224176E-04 -0.4352332E-04
Ar 6705  0.4742297E+02  0.5793471E+02  0.6320735E+02 -0.2574038E-04 -0.3085658E-04  0.2191455E-04
Ar 6706  0.4995551E+02  0.6045913E+02  0.6317423E+02 -0.4968808E-05 -0.1246207E-04 -0.6499205E-04
Ar 6707  0.5008640E+02  0.5791953E+02  0.6577710E+02 -0.5750920E-04  0.5812925E-04 -0.1796028E-04
Ar 6708  0.4734555E+02  0.6052306E+02  0.6580567E+02 -0.3528449E-04 -0.1722274E-04 -0.3358132E-04
Ar 6709  0.4730573E+02  0.6319534E+02  0.6849292E+02  0.3342333E-04 -0.1233808E-04 -0.7080580E-04
Ar 6710  0.5008798E+02  0.6587277E+02  0.6837593E+02 -0.3240111E-04  0.1467327E-04  0.2321976E-04
Ar 6711  0.4996194E+02  0.6314004E+02  0.2625870E+01  0.2912438E-04 -0.1593989E-04  0.1219914E-04
Ar 6712  0.4739489E+02  0.6568658E+02  0.2587494E+01  0.1703407E-04 -0.5932472E-04 -0.1469337E-04
Ar 6713  0.4736323E+02  0.6333299E+02  0.5331743E+01 -0.3788326E-04  0.9540410E-05  0.7847293E-05
Ar 6714  0.4996211E+02  0.6579732E+02  0.5295139E+01 -0.8737779E-04  0.2769830E-04 -0.1161668E-04
Ar 6715  0.4987999E+02  0.6319536E+02  0.7782697E+01  0.5797276E-04 -0.4684977E-04 -0.2864585E-04
Ar 6716  0.4724504E+02  0.6580216E+02  0.7922563E+01 -0.4230662E-04 -0.8402301E-04  0.1210122E-03
Ar 6717  0.4728066E+02  0.6317600E+02  0.1058882E+02  0.6138748E-05 -0.3785720E-04  0.6936017E-04
Ar 6718  0.5006113E+02  0.6593633E+02  0.1052145E+02  0.9305330E-04 -0.1654272E-04 -0.1284182E-04
Ar 6719  0.4995300E+02  0.6297255E+02  0.1309152E+02 -0.2655286E-04 -0.8253352E-04 -0.7955709E-05
Ar 6720  0.4743121E+02  0.6565945E+02  0.1314972E+02 -0.6128940E-04 -0.4695284E-04 -0.4790903E-04
Ar 6721  0.4736671E+02  0.6306086E+02  0.1575595E+02 -0.4928429E-04 -0.1000014E-03 -0.2712047E-04
Ar 6722  0.4991331E+02  0.6561949E+02  0.1574425E+02  0.2103458E-04 -0.7766780E-04  0.3973135E-04
Ar 6723  0.4996499E+02  0.6320334E+02  0.1841843E+02 -0.3984541E-04 -0.1279979E-06  0.1116290E-04
Ar 6724  0.4745107E+02  0.6565657E+02  0.1837097E+02 -0.3705755E-04 -0.3419088E-04 -0.1132045E-03
Ar 6725  0.4736358E+02  0.6323604E+02  0.2103848E+02 -0.4467394E-04 -0.4074354E-04 -0.7209871E-04
Ar 6726  0.4999445E+02  0.6576071E+02  0.2105637E+02 -0.5130555E-04 -0.1444417E-04  0.2538273E-04
Ar 6727  0.4992416E+02  0.6328510E+02  0.2364094E+02 -0.1289195E-04 -0.2938315E-04  0.1830073E-04
Ar 6728  0.4733797E+02  0.6579510E+02  0.2348871E+02 -0.2094288E-04 -0.7494422E-04  0.6057833E-05
Ar 6729  0.4736767E+02  0.6306505E+02  0.2623597E+02 -0.6766638E-05  0.9641283E-05 -0.3444627E-05
Ar 6730  0.4992103E+02  0.6572347E+02  0.2631984E+02  0.4170124E-05 -0.2313755E-04  0.2306512E-04
Ar 6731  0.4988996E+02  0.6315248E+02  0.2891278E+02 -0.9692675E-05 -0.3682297E-04  0.5850175E-04
Ar 6732  0.4730887E+02  0.6574863E+02  0.2896193E+02  0.4952631E-04 -0.6500930E-04 -0.8012065E-05
Ar 6733  0.4743317E+02  0.6315543E+02  0.3146292E+02 -0.1364620E-03 -0.2135668E-04 -0.5421401E-05
Ar 6734  0.5002564E+02  0.6568581E+02  0.3157691E+02 -0.5584055E-04 -0.5488454E-04 -0.7172869E-05
Ar 6735  0.5002409E+02  0.6320260E+02  0.3420430E+02 -0.3878484E-04  0.5107166E-04 -0.1691436E-04
Ar 6736  0.4731190E+02  0.6577095E+02  0.3426404E+02  0.8003096E-05  0.7061171E-04 -0.6066574E-04
Ar 6737  0.4734310E+02  0.6319856E+02  0.3684148E+02  0.4937989E-04  0.3188716E-04 -0.8551676E-04
Ar 6738  0.4990809E+02  0.6582158E+02  0.3684536E+02 -0.8041949E-07 -0.1054064E-04 -0.5710294E-04
Ar 6739  0.5009041E+02  0.6319219E+02  0.3947808E+02 -0.1395051E-04 -0.1409955E-03 -0.8452163E-04
Ar 6740  0.4729052E+02  0.6581107E+02  0.3940099E+02 -0.5043229E-04 -0.7875954E-04 -0.1121538E-04
Ar 6741  0.4737621E+02  0.6313935E+02  0.4201504E+02 -0.6082252E-04 -0.4489693E-04 -0.7463675E-05
Ar 6742  0.4981636E+02  0.6569755E+02  0.4206940E+02 -0.8459992E-06 -0.7944373E-04 -0.2155842E-04
Ar 6743  0.4994555E+02  0.6308069E+02  0.4473127E+02  0.4413096E-04  0.6123794E-04  0.2413681E-04
Ar 6744  0.4734081E+02  0.6585091E+02  0.4466667E+02  0.8450272E-05 -0.2800161E-04 -0.3550948E-04
Ar 6745  0.4735112E+02  0.6316836E+02  0.4728081E+02 -0.4798010E-05 -0.8147903E-04 -0.4725532E-04
Ar 6746  0.4999585E+02  0.6583405E+02  0.4735300E+02  0.2649110E-04 -0.7754665E-04  0.3230530E-05
Ar 6747  0.4999670E+02  0.6315624E+02  0.5001045E+02 -0.6342147E-04 -0.1012262E-03  0.5645843E-05
Ar 6748  0.4743766E+02  0.6573548E+02  0.4996082E+02  0.1133851E-04  0.7970073E-05  0.2762016E-04
Ar 6749  0.4731340E+02  0.6313857E+02  0.5268675E+02 -0.5837330E-04  0.3351880E-04 -0.7216482E-04
Ar 6750  0.4995438E+02  0.6580947E+02  0.5259258E+02  0.5057063E-05 -0.5873237E-04 -0.8967261E-04
Ar 6751  0.5002564E+02  0.6326920E+02  0.5514190E+02 -0.4112348E-04 -0.1246948E-03  0.4667011E-06
Ar 6752  0.4740629E+02  0.6581390E+02  0.5528908E+02  0.6119519E-04 -0.1302605E-04 -0.3028440E-04
Ar 6753  0.4739067E+02  0.6319174E+02  0.5786225E+02  0.6750211E-04 -0.4989703E-04 -0.2462016E-04
Ar 6754  0.5012105E+02  0.6572420E+02  0.5789771E+02 -0.9331110E-05 -0.5246403E-05 -0.5333738E-04
Ar 6755  0.4999855E+02  0.6323692E+02  0.6063039E+02 -0.1145358E-05  0.2090439E-04 -0.4722802E-04
Ar 6756  0.4736737E+02  0.6585718E+02  0.6059500E+02  0.3488112E-04 -0.6596717E-04 -0.1166774E-03
Ar 6757  0.4733578E+02  0.6313074E+02  0.6315076E+02 -0.3924760E-05 -0.2381104E-04 -0.5651339E-04
Ar 6758  0.4997901E+02  0.6581447E+02  0.6325755E+02  0.2928387E-04 -0.6652280E-04  0.3622469E-04
Ar 6759  0.4997723E+02  0.6318470E+02  0.6585062E+02 -0.4177864E-04  0.1269745E-04  0.1762412E-04
Ar 6760  0.4733757E+02  0.6573485E+02  0.6566846E+02  0.7172126E-04 -0.3076530E-04 -0.4356360E-04
Ar 6761  0.5273283E+02  0.6826260E+02  0.1288228E+00 -0.3980750E-04 -0.5205156E-04 -0.1987829E-04
Ar 6762  0.5520800E+02  0.2723753E+01  0.6840882E+02 -0.1625853E-04 -0.7263830E-06 -0.3199209E-04
Ar 6763  0.5521580E+02  0.6844474E+02  0.2614866E+01 -0.8024471E-04  0.2471716E-04 -0.8805094E-04
Ar 6764  0.5268823E+02  0.2699934E+01  0.2601512E+01 -0.5332839E-04 -0.2665455E-04  0.1691563E-04
Ar 6765  0.5264310E+02  0.6850613E+02  0.5202528E+01 -0.1024184E-03 -0.4043817E-04 -0.7651696E-04
Ar 6766  0.5532622E+02  0.2657620E+01  0.5187402E+01 -0.5110388E-04 -0.6779700E-05  0.2411183E-04
Ar 6767  0.5521659E+02  0.6841085E+02  0.7882804E+01 -0.4981155E-04 -0.1045862E-04 -0.5098076E-04
Ar 6768  0.5266576E+02  0.2666988E+01  0.7790649E+01 -0.3474218E-04  0.1978887E-04 -0.4640148E-04
Ar 6769  0.5265509E+02  0.6845160E+02  0.1054200E+02 -0.5762427E-04  0.3839675E-04  0.1518702E-04
Ar 6770  0.5527936E+02  0.2557248E+01  0.1051485E+02 -0.3407181E-04  0.4856022E-04 -0.3506430E-04
Ar 6771  0.5526576E+02  0.5917897E-01  0.1323010E+02 -0.4044658E-04 -0.9091676E-04 -0.2334276E-04
Ar 6772  0.5259842E+02  0.2514009E+01  0.1308352E+02 -0.5545217E-04  0.2879916E-04  0.4994900E-04
Ar 6773  0.5269822E+02  0.6839938E+02  0.1584055E+02 -0.1825808E-06 -0.3346903E-04 -0.3782108E-04
Ar 6774  0.5534090E+02  0.2574191E+01  0.1587651E+02 -0.7391484E-04  0.1478632E-03 -0.5066314E-04
Ar 6775  0.5520347E+02  0.6839289E+02  0.1838582E+02 -0.3509540E-06 -0.1613653E-04 -0.7141249E-04
Ar 6776  0.5261978E+02  0.2525456E+01  0.1829901E+02 -0.4366780E-04  0.5808997E-04  0.4390366E-04
Ar 6777  0.5262764E+02  0.6837441E+02  0.2096612E+02  0.6049144E-05 -0.3091074E-04 -0.4958828E-04
Ar 6778  0.5526241E+02  0.2484244E+01  0.2105213E+02  0.3634540E-04  0.2934113E-04 -0.4187842E-04
Ar 6779  0.5531716E+02  0.6845358E+02  0.2365920E+02 -0.1071544E-03 -0.9489732E-04 -0.1460086E-04
Ar 6780  0.5261558E+02  0.2612629E+01  0.2366587E+02 -0.5804732E-04  0.1061890E-03 -0.6678553E-04
Ar 6781  0.5270552E+02  0.6828141E+02  0.2633519E+02  0.5200581E-04  0.3370179E-04 -0.3522866E-05
Ar 6782  0.5534523E+02  0.2599969E+01  0.2636734E+02  0.3224724E-05 -0.2133724E-04  0.3462931E-04
Ar 6783  0.5529269E+02  0.6857878E+02  0.2890820E+02  0.3010429E-04 -0.3738231E-04  0.9503563E-05
Ar 6784  0.5259361E+02  0.2728015E+01  0.2885048E+02  0.7189110E-04 -0.3203532E-04  0.6795694E-05
Ar 6785  0.5260767E+02  0.6839978E+02  0.3160353E+02 -0.9405358E-04 -0.3971329E-04 -0.9963061E-04
Ar 6786  0.5527355E+02  0.2547348E+01  0.3157789E+02  0.1270474E-03  0.6070892E-05 -0.4077901E-04
Ar 6787  0.5544988E+02  0.1108006E+00  0.3424465E+02  0.4071467E-04 -0.5087636E-04  0.7101592E-05
Ar 6788  0.5263143E+02  0.2578588E+01  0.3422333E+02 -0.8243796E-04 -0.4213449E-04 -0.1606541E-04
Ar 6789  0.5255272E+02  0.6834262E+02  0.3691837E+02 -0.2598837E-04  0.1401696E-04 -0.1523020E-04
Ar 6790  0.5530046E+02  0.2631944E+01  0.3682284E+02 -0.3339298E-04 -0.3065252E-04  0.2458987E-04
Ar 6791  0.5536538E+02  0.6842011E+02  0.3953573E+02  0.3617168E-04  0.1003509E-05 -0.3253106E-05
Ar 6792  0.5257294E+02  0.2590172E+01  0.3955001E+02 -0.7790241E-05 -0.5845836E-04  0.1196200E-04
Ar 6793  0.5258381E+02  0.6831015E+02  0.4203708E+02 -0.3135926E-04  0.2172982E-04 -0.1038633E-04
Ar 6794  0.5521042E+02  0.2642165E+01  0.4216131E+02 -0.5310869E-04  0.2604127E-04  0.4955046E-04
Ar 6795  0.5518171E+02  0.6841805E+02  0.4474745E+02  0.1177242E-04  0.2291499E-04 -0.1998968E-04
Ar 6796  0.5268477E+02  0.2697079E+01  0.4478623E+02 -0.2494274E-04  0.9123208E-05  0.7526218E-05
Ar 6797  0.5261719E+02  0.6830026E+02  0.4730987E+02  0.1625666E-04  0.2142943E-04  0.9306485E-05
Ar 6798  0.5533004E+02  0.2643595E+01  0.4726628E+02  0.9061748E-05 -0.3827043E-04 -0.1009080E-04
Ar 6799  0.5520956E+02  0.6840670E+02  0.4999957E+02 -0.7135728E-05 -0.1688644E-04  0.1754667E-05
Ar 6800  0.5259935E+02  0.2533162E+01  0.5012286E+02 -0.5349452E-04  0.4619864E-04  0.5006379E-04
Ar 6801  0.5259714E+02  0.6838657E+02  0.5262009E+02 -0.4046546E-04 -0.2796049E-05 -0.2846044E-04
Ar 6802  0.5518418E+02  0.2625784E+01  0.5264707E+02 -0.1469545E-04 -0.3193408E-04  0.6723118E-05
Ar 6803  0.5528852E+02  0.6849954E+02  0.5521737E+02 -0.1914275E-04  0.3929940E-04 -0.9374512E-04
Ar 6804  0.5261434E+02  0.2613468E+01  0.5525492E+02  0.3102300E-04 -0.6172224E-04 -0.6573891E-04
Ar 6805  0.5255052E+02  0.1503677E+00  0.5802042E+02  0.1062959E-04  0.8901687E-04  0.7537711E-04
Ar 6806  0.5512056E+02  0.2715682E+01  0.5798881E+02 -0.4374784E-05 -0.5553558E-05 -0.2178527E-04
Ar 6807  0.5534466E+02  0.6841128E+02  0.6056466E+02 -0.3802814E-04  0.2453553E-04 -0.3692767E-04
Ar 6808  0.5244412E+02  0.2764296E+01  0.6064324E+02 -0.2828479E-04  0.3977557E-04  0.4512364E-04
Ar 6809  0.5256519E+02  0.6842194E+02  0.6319051E+02 -0.6482876E-04 -0.7103948E-04 -0.6710484E-04
Ar 6810  0.5517914E+02  0.2541731E+01  0.6337205E+02 -0.3507317E-04  0.7561586E-04  0.1442737E-04
Ar 6811  0.5520069E+02  0.6842168E+02  0.6563803E+02 -0.2155435E-04 -0.8935148E-04 -0.3476237E-04
Ar 6812  0.5263155E+02  0.2614924E+01  0.6576178E+02 -0.2833522E-04 -0.4936002E-04 -0.8179913E-04
Ar 6813  0.5255465E+02  0.5216505E+01  0.6844371E+02 -0.3920669E-04 -0.9499185E-05 -0.5260079E-04
Ar 6814  0.5510965E+02  0.7875650E+01  0.6830394E+02 -0.7982872E-05 -0.1885591E-05 -0.7678375E-04
Ar 6815  0.5512148E+02  0.5325462E+01  0.2587024E+01 -0.3250262E-04  0.3694320E-04 -0.3439784E-04
Ar 6816  0.5256487E+02  0.7761098E+01  0.2628538E+01  0.1403567E-04 -0.3166749E-04 -0.4178275E-04
Ar 6817  0.5269243E+02  0.5166623E+01  0.5196409E+01 -0.3068123E-04  0.2600060E-04  0.1184065E-04
Ar 6818  0.5529572E+02  0.7839686E+01  0.5357926E+01 -0.3002620E-04  0.3279794E-04  0.4091392E-04
Ar 6819  0.5523463E+02  0.5166565E+01  0.7822891E+01 -0.3369996E-05 -0.9110564E-05 -0.5585658E-04
Ar 6820  0.5260031E+02  0.7912813E+01  0.7884396E+01  0.2442596E-04  0.5338911E-05  0.4308422E-04
Ar 6821  0.5272036E+02  0.5295159E+01  0.1046013E+02  0.2022186E-04  0.4354070E-04 -0.6223475E-05
Ar 6822  0.5519803E+02  0.7950897E+01  0.1052475E+02  0.2828713E-04 -0.3477848E-04  0.8223861E-04
Ar 6823  0.5526538E+02  0.5308388E+01  0.1321814E+02 -0.5599084E-05 -0.1560811E-04 -0.3900831E-04
Ar 6824  0.5259384E+02  0.7840557E+01  0.1318609E+02 -0.1429711E-04 -0.4076833E-05 -0.6235518E-04
Ar 6825  0.5256939E+02  0.5280158E+01  0.1591272E+02 -0.2205774E-04 -0.4682724E-04 -0.9040417E-05
Ar 6826  0.5529753E+02  0.7949400E+01  0.1569404E+02  0.2169046E-04 -0.2517638E-04  0.2623747E-06
Ar 6827  0.5524117E+02  0.5291548E+01  0.1851023E+02 -0.3119513E-04 -0.4890448E-04  0.1065693E-04
Ar 6828  0.5259318E+02  0.7870786E+01  0.1842300E+02  0.1055430E-03 -0.2959720E-04 -0.1172676E-04
Ar 6829  0.5253814E+02  0.5302984E+01  0.2113709E+02 -0.5703078E-04  0.3390626E-04 -0.8862994E-04
Ar 6830  0.5530454E+02  0.7910400E+01  0.2098506E+02  0.9181917E-04  0.2951404E-04 -0.4643672E-04
Ar 6831  0.5537222E+02  0.5277878E+01  0.2365666E+02  0.1848237E-05  0.3674656E-04 -0.6927678E-04
Ar 6832  0.5279005E+02  0.7914216E+01  0.2360482E+02 -0.7374418E-04 -0.1750920E-04 -0.8580467E-04
Ar 6833  0.5277013E+02  0.5257081E+01  0.2629467E+02  0.2418599E-05  0.8720199E-04  0.4498018E-04
Ar 6834  0.5525449E+02  0.7871316E+01  0.2638822E+02 -0.3015359E-04 -0.4949441E-04 -0.6573395E-04
Ar 6835  0.5531343E+02  0.5350448E+01  0.2888749E+02 -0.3459476E-04  0.7399715E-07 -0.1854142E-04
Ar 6836  0.5257941E+02  0.7919408E+01  0.2900830E+02  0.1317284E-04 -0.3944741E-04  0.1957648E-05
Ar 6837  0.5263923E+02  0.5360633E+01  0.3155872E+02  0.7698933E-05  0.1379398E-04  0.4307410E-05
Ar 6838  0.5531196E+02  0.7923737E+01  0.3157089E+02 -0.8949515E-04  0.5474961E-04 -0.5194495E-04
Ar 6839  0.5532715E+02  0.5272786E+01  0.3410141E+02  0.4521435E-05  0.3318617E-04  0.5134146E-04
Ar 6840  0.5264295E+02  0.7936594E+01  0.3429702E+02  0.2576439E-04 -0.8724306E-05 -0.5142484E-04
Ar 6841  0.5247359E+02  0.5173323E+01  0.3670750E+02 -0.3458732E-05  0.2915610E-05 -0.5549471E-05
Ar 6842  0.5526409E+02  0.7835333E+01  0.3689345E+02 -0.5615197E-04  0.8530567E-05 -0.1743100E-04
Ar 6843  0.5532948E+02  0.5189797E+01  0.3951988E+02  0.1634076E-04  0.5814541E-04  0.7170311E-04
Ar 6844  0.5259902E+02  0.7830361E+01  0.3935798E+02 -0.2225872E-04  0.3717462E-05 -0.2473541E-04
Ar 6845  0.5258904E+02  0.5225575E+01  0.4203396E+02  0.8358052E-04 -0.5803813E-04 -0.8498627E-04
Ar 6846  0.5531693E+02  0.7933347E+01  0.4206814E+02 -0.7832625E-04  0.7781122E-04 -0.4648192E-05
Ar 6847  0.5525681E+02  0.5386958E+01  0.4480415E+02 -0.2350760E-04 -0.1882228E-04 -0.1782327E-04
Ar 6848  0.5261554E+02  0.7814958E+01  0.4463777E+02  0.5126145E-04 -0.2490268E-04  0.1850478E-04
Ar 6849  0.5261712E+02  0.5243527E+01  0.4739153E+02  0.5060169E-04 -0.2990292E-04 -0.1200788E-04
Ar 6850  0.5528526E+02  0.7874473E+01  0.4740609E+02 -0.3331141E-06  0.1400357E-04 -0.2891122E-04
Ar 6851  0.5531607E+02  0.5259589E+01  0.5002078E+02 -0.4822984E-04  0.3525754E-04 -0.3772260E-04
Ar 6852  0.5264405E+02  0.7918068E+01  0.5001707E+02 -0.6710238E-04 -0.2367003E-04 -0.8219578E-06
Ar 6853  0.5250284E+02  0.5319766E+01  0.5265709E+02 -0.4721358E-05  0.7036124E-04 -0.6436326E-04
Ar 6854  0.5531497E+02  0.7993165E+01  0.5260135E+02 -0.4804189E-04 -0.5057272E-04  0.5713887E-05
Ar 6855  0.5525126E+02  0.5261273E+01  0.5528365E+02 -0.2855184E-04  0.1575645E-04 -0.7749766E-04
Ar 6856  0.5261283E+02  0.7833988E+01  0.5524514E+02 -0.3225599E-04 -0.5587896E-04 -0.9940956E-05
Ar 6857  0.5267708E+02  0.5245247E+01  0.5782678E+02 -0.2241021E-04  0.4420801E-04 -0.9005504E-04
Ar 6858  0.5518537E+02  0.7881471E+01  0.5795540E+02  0.7707099E-04  0.8472605E-04 -0.9879521E-06
Ar 6859  0.5525595E+02  0.5251073E+01  0.6044996E+02 -0.8343612E-04 -0.7459419E-04 -0.7195740E-04
Ar 6860  0.5262668E+02  0.7809415E+01  0.6054280E+02 -0.5911359E-04 -0.4855622E-04  0.2935135E-05
Ar 6861  0.5254733E+02  0.5332106E+01  0.6302012E+02 -0.7203857E-04 -0.9253258E-06  0.1542840E-04
Ar 6862  0.5526674E+02  0.7823495E+01  0.6309130E+02  0.5077149E-04  0.5403236E-04 -0.5593882E-04
Ar 6863  0.5538684E+02  0.5231302E+01  0.6570738E+02 -0.4526512E-04 -0.8408746E-04  0.2241678E-05
Ar 6864  0.5280928E+02  0.7933303E+01  0.6572075E+02  0.4409692E-04 -0.2232162E-04  0.4543036E-04
Ar 6865  0.5265887E+02  0.1066606E+02  0.6836698E+02 -0.1213761E-03 -0.1802597E-04  0.1092323E-04
Ar 6866  0.5511411E+02  0.1313043E+02  0.6844472E+02 -0.1534451E-03 -0.4064580E-04 -0.1036354E-04
Ar 6867  0.5525473E+02  0.1048852E+02  0.2521812E+01  0.3062700E-05 -0.5127687E-04 -0.1280505E-04
Ar 6868  0.5254758E+02  0.1302251E+02  0.2596435E+01 -0.5058674E-04  0.2530592E-04 -0.8356289E-04
Ar 6869  0.5264093E+02  0.1055728E+02  0.5211820E+01  0.1750966E-04  0.2514581E-04  0.4150263E-06
Ar 6870  0.5524870E+02  0.1317897E+02  0.5342434E+01  0.5871877E-04  0.2410274E-04  0.2619497E-04
Ar 6871  0.5519430E+02  0.1039633E+02  0.7879659E+01 -0.3186622E-04 -0.2718008E-04  0.4799963E-05
Ar 6872  0.5254384E+02  0.1321767E+02  0.7946612E+01 -0.3520884E-05 -0.3660459E-04  0.4754204E-04
Ar 6873  0.5262950E+02  0.1052027E+02  0.1052351E+02  0.3537245E-04  0.6469589E-04  0.7877133E-05
Ar 6874  0.5512036E+02  0.1315395E+02  0.1050075E+02 -0.3144147E-04 -0.2424296E-04  0.1280566E-05
Ar 6875  0.5530151E+02  0.1059576E+02  0.1319837E+02 -0.9159202E-04  0.4621296E-04  0.2155357E-06
Ar 6876  0.5263117E+02  0.1313008E+02  0.1318049E+02 -0.2587713E-04 -0.2518709E-05 -0.5805817E-05
Ar 6877  0.5267322E+02  0.1062062E+02  0.1567750E+02 -0.2430884E-04  0.2339283E-04 -0.4384543E-04
Ar 6878  0.5520061E+02  0.1303775E+02  0.1580285E+02  0.4298421E-06 -0.2115604E-04  0.3650847E-05
Ar 6879  0.5519570E+02  0.1057316E+02  0.1845080E+02 -0.6742050E-04  0.6467399E-04  0.3734248E-04
Ar 6880  0.5259268E+02  0.1313164E+02  0.1848181E+02 -0.3043013E-04 -0.7517871E-05 -0.9443705E-04
Ar 6881  0.5262202E+02  0.1071952E+02  0.2110018E+02 -0.5955425E-05  0.7606503E-04  0.3365046E-04
Ar 6882  0.5514412E+02  0.1320202E+02  0.2107264E+02 -0.2029545E-04 -0.1806399E-04 -0.2917564E-04
Ar 6883  0.5535625E+02  0.1046677E+02  0.2373737E+02 -0.9543210E-04 -0.1099169E-03 -0.6807731E-04
Ar 6884  0.5256271E+02  0.1331283E+02  0.2369819E+02  0.5158210E-05 -0.4133391E-04 -0.2283273E-04
Ar 6885  0.5270231E+02  0.1049898E+02  0.2629825E+02 -0.6465005E-04  0.2836603E-04 -0.1069940E-04
Ar 6886  0.5534880E+02  0.1324028E+02  0.2628603E+02  0.4595433E-04 -0.2510661E-04 -0.3081196E-05
Ar 6887  0.5526002E+02  0.1063516E+02  0.2898945E+02 -0.2645725E-04  0.3328839E-04 -0.3396563E-04
Ar 6888  0.5265130E+02  0.1319724E+02  0.2902636E+02  0.4858964E-04  0.4077483E-04  0.1575928E-04
Ar 6889  0.5272881E+02  0.1043497E+02  0.3139371E+02 -0.1005301E-03 -0.2761588E-04 -0.2207889E-04
Ar 6890  0.5518802E+02  0.1306497E+02  0.3163162E+02  0.5616048E-04 -0.3679162E-04  0.3488578E-04
Ar 6891  0.5528139E+02  0.1052678E+02  0.3420693E+02 -0.2238666E-04 -0.5131504E-05  0.1166225E-04
Ar 6892  0.5261915E+02  0.1313771E+02  0.3428439E+02 -0.3096849E-04  0.2657900E-04 -0.4482815E-04
Ar 6893  0.5277728E+02  0.1062118E+02  0.3674274E+02  0.1842769E-06 -0.1320157E-03 -0.4837292E-04
Ar 6894  0.5518313E+02  0.1317420E+02  0.3674881E+02 -0.8403794E-06 -0.6094234E-04 -0.4312567E-04
Ar 6895  0.5521583E+02  0.1058985E+02  0.3949704E+02  0.5077509E-04 -0.3972881E-04 -0.6949496E-05
Ar 6896  0.5254396E+02  0.1327980E+02  0.3955372E+02 -0.1157452E-03 -0.3072232E-04  0.1122078E-03
Ar 6897  0.5266503E+02  0.1038799E+02  0.4217707E+02  0.1973504E-04 -0.1786384E-04  0.4557082E-04
Ar 6898  0.5521426E+02  0.1316613E+02  0.4202111E+02 -0.3490372E-04 -0.6645835E-04 -0.9641620E-04
Ar 6899  0.5528551E+02  0.1046330E+02  0.4466252E+02 -0.1249080E-04 -0.3877478E-04  0.1717073E-04
Ar 6900  0.5249691E+02  0.1315738E+02  0.4461150E+02 -0.5621782E-04  0.4423610E-04 -0.2436377E-05
Ar 6901  0.5261753E+02  0.1057687E+02  0.4734090E+02 -0.1836352E-04 -0.1885535E-06 -0.6294459E-04
Ar 6902  0.5528231E+02  0.1325147E+02  0.4737424E+02 -0.1490315E-04  0.1216551E-04  0.2442888E-04
Ar 6903  0.5524181E+02  0.1059165E+02  0.4985750E+02 -0.1017074E-04 -0.4242028E-04 -0.6767933E-04
Ar 6904  0.5257172E+02  0.1313703E+02  0.4997196E+02  0.9681334E-04  0.2796761E-05  0.2455986E-04
Ar 6905  0.5260520E+02  0.1053786E+02  0.5254587E+02  0.4543180E-04  0.6630843E-04  0.8879478E-04
Ar 6906  0.5526577E+02  0.1314041E+02  0.5262651E+02 -0.4793203E-04  0.5594095E-04 -0.5346171E-04
Ar 6907  0.5530209E+02  0.1047753E+02  0.5536593E+02 -0.2918781E-04  0.9939362E-04 -0.5969824E-04
Ar 6908  0.5268897E+02  0.1305991E+02  0.5535971E+02 -0.1038380E-03 -0.4381130E-04 -0.6006070E-04
Ar 6909  0.5264806E+02  0.1054077E+02  0.5784617E+02  0.1573251E-04 -0.2711591E-04 -0.4141812E-04
Ar 6910  0.5528079E+02  0.1318285E+02  0.5793134E+02 -0.1340341E-04 -0.9789630E-04  0.5745547E-05
Ar 6911  0.5517362E+02  0.1050838E+02  0.6055669E+02  0.3414469E-04 -0.7984646E-04 -0.1218615E-04
Ar 6912  0.5266911E+02  0.1315068E+02  0.6063982E+02 -0.1117530E-04 -0.4810326E-04 -0.4583444E-04
Ar 6913  0.5265268E+02  0.1053272E+02  0.6319688E+02  0.2587175E-04 -0.4458507E-04 -0.2504233E-04
Ar 6914  0.5520670E+02  0.1318499E+02  0.6323815E+02 -0.7404808E-04  0.6422708E-04 -0.5091957E-04
Ar 6915  0.5529948E+02  0.1045437E+02  0.6576279E+02 -0.3417166E-04 -0.1592351E-04 -0.4017045E-04
Ar 6916  0.5256648E+02  0.1312455E+02  0.6588716E+02  0.5144700E-04 -0.2981831E-04 -0.9418203E-04
Ar 6917  0.5274697E+02  0.1576958E+02  0.1121211E+00 -0.9248915E-05  0.4015429E-04 -0.3818732E-04
Ar 6918  0.5515767E+02  0.1854356E+02  0.6842700E+02 -0.6000807E-04  0.5381493E-05  0.9256057E-05
Ar 6919  0.5530037E+02  0.1582286E+02  0.2662270E+01  0.7324941E-04 -0.4253500E-04 -0.4125626E-04
Ar 6920  0.5255543E+02  0.1844786E+02  0.2626263E+01 -0.5393973E-05 -0.4214740E-04  0.8406396E-05
Ar 6921  0.5257982E+02  0.1570347E+02  0.5324641E+01  0.4090276E-04  0.1882751E-05  0.3718154E-04
Ar 6922  0.5523772E+02  0.1846231E+02  0.5259930E+01 -0.1233124E-05  0.3050299E-04  0.2108841E-05
Ar 6923  0.5517928E+02  0.1574385E+02  0.7932129E+01  0.2461480E-04  0.2580662E-04  0.7976508E-05
Ar 6924  0.5265327E+02  0.1826358E+02  0.7935525E+01 -0.1267356E-04 -0.1286002E-03 -0.5110537E-04
Ar 6925  0.5260598E+02  0.1573453E+02  0.1058564E+02  0.4225224E-04 -0.5468498E-04  0.1043668E-03
Ar 6926  0.5514903E+02  0.1842195E+02  0.1053370E+02 -0.3773671E-04  0.1535330E-04 -0.1732868E-04
Ar 6927  0.5514923E+02  0.1573234E+02  0.1315702E+02 -0.5028519E-05  0.1505119E-04  0.2905660E-04
Ar 6928  0.5265113E+02  0.1847955E+02  0.1304987E+02 -0.4412367E-04 -0.1557019E-04  0.5929386E-04
Ar 6929  0.5256856E+02  0.1583018E+02  0.1581035E+02  0.5361578E-04 -0.5649531E-04 -0.2575223E-04
Ar 6930  0.5519973E+02  0.1836267E+02  0.1578940E+02  0.3266442E-05  0.7728992E-04  0.5221105E-05
Ar 6931  0.5523113E+02  0.1581224E+02  0.1838377E+02 -0.2998623E-04  0.6104333E-04  0.7672155E-04
Ar 6932  0.5263524E+02  0.1851480E+02  0.1850570E+02 -0.3152692E-04 -0.8452931E-04  0.4043734E-04
Ar 6933  0.5254936E+02  0.1576503E+02  0.2107671E+02 -0.1100323E-03 -0.3776658E-04  0.4561656E-04
Ar 6934  0.5534492E+02  0.1840538E+02  0.2103023E+02 -0.7558645E-04 -0.6534380E-05  0.1772957E-04
Ar 6935  0.5526005E+02  0.1587978E+02  0.2370770E+02 -0.6342107E-04  0.4433890E-04  0.2993438E-04
Ar 6936  0.5255947E+02  0.1844940E+02  0.2376923E+02 -0.4657627E-04 -0.5758030E-04 -0.3254098E-04
Ar 6937  0.5271442E+02  0.1577280E+02  0.2627937E+02 -0.4006561E-04 -0.4888510E-04 -0.1221469E-03
Ar 6938  0.5525229E+02  0.1852705E+02  0.2642014E+02 -0.1171649E-04  0.3267433E-04  0.2710328E-06
Ar 6939  0.5525156E+02  0.1574149E+02  0.2894884E+02 -0.4736423E-04  0.5403571E-04 -0.6654014E-05
Ar 6940  0.5265328E+02  0.1834903E+02  0.2895356E+02  0.7988701E-04  0.1023827E-05 -0.4725068E-04
Ar 6941  0.5268306E+02  0.1570274E+02  0.3162310E+02 -0.3736571E-04  0.4379173E-04 -0.3512389E-04
Ar 6942  0.5527259E+02  0.1836860E+02  0.3159112E+02 -0.5349049E-04 -0.6987654E-04  0.4644336E-04
Ar 6943  0.5531382E+02  0.1578432E+02  0.3418566E+02 -0.4524280E-04 -0.3440798E-05  0.2283345E-04
Ar 6944  0.5276179E+02  0.1842429E+02  0.3414271E+02  0.5179253E-04 -0.6563671E-04 -0.2516707E-04
Ar 6945  0.5250351E+02  0.1587790E+02  0.3682603E+02 -0.4805769E-04 -0.8485454E-04  0.2501862E-04
Ar 6946  0.5527232E+02  0.1832754E+02  0.3683013E+02  0.3710429E-04 -0.6495802E-04 -0.7938088E-04
Ar 6947  0.5519458E+02  0.1577240E+02  0.3940452E+02 -0.1102896E-03  0.1396175E-03  0.1267189E-04
Ar 6948  0.5257316E+02  0.1843283E+02  0.3947366E+02 -0.7627494E-04  0.3311815E-04 -0.6921754E-04
Ar 6949  0.5259181E+02  0.1572228E+02  0.4204508E+02 -0.3989427E-04 -0.1954307E-05 -0.6518715E-04
Ar 6950  0.5534171E+02  0.1847642E+02  0.4212509E+02  0.1823077E-04 -0.3551823E-05  0.4905326E-04
Ar 6951  0.5527964E+02  0.1574226E+02  0.4481105E+02  0.1026037E-04 -0.6646575E-04 -0.1155196E-03
Ar 6952  0.5256349E+02  0.1840649E+02  0.4468106E+02 -0.1409503E-04 -0.2725821E-04  0.6215616E-04
Ar 6953  0.5255784E+02  0.1577162E+02  0.4729936E+02  0.2482710E-04  0.1241094E-04  0.3171246E-04
Ar 6954  0.5514008E+02  0.1835743E+02  0.4740041E+02 -0.1909084E-04  0.3964416E-04  0.6249678E-05
Ar 6955  0.5517156E+02  0.1571475E+02  0.5006692E+02 -0.1420235E-03  0.4326203E-04  0.6718490E-04
Ar 6956  0.5261956E+02  0.1843676E+02  0.4997019E+02 -0.4045663E-04  0.6590093E-04  0.1808775E-04
Ar 6957  0.5255205E+02  0.1582741E+02  0.5251985E+02 -0.2935728E-04  0.3271904E-04  0.5753703E-05
Ar 6958  0.5527063E+02  0.1833263E+02  0.5263372E+02 -0.1294788E-03 -0.6411940E-04  0.4716423E-05
Ar 6959  0.5526311E+02  0.1576693E+02  0.5528837E+02 -0.3641222E-05 -0.2616480E-04 -0.1820375E-04
Ar 6960  0.5275448E+02  0.1834811E+02  0.5515923E+02  0.1935787E-04 -0.4964332E-04  0.3046022E-04
Ar 6961  0.5259334E+02  0.1586104E+02  0.5784174E+02  0.1337308E-04  0.6480412E-06 -0.6960519E-04
Ar 6962  0.5526666E+02  0.1832454E+02  0.5786147E+02 -0.5081731E-04  0.1313363E-04  0.4527835E-04
Ar 6963  0.5529792E+02  0.1570298E+02  0.6051428E+02 -0.3614280E-04 -0.6569338E-04  0.2090221E-04
Ar 6964  0.5269788E+02  0.1838385E+02  0.6047405E+02 -0.2666725E-04  0.6026069E-04 -0.1197979E-03
Ar 6965  0.5265212E+02  0.1575158E+02  0.6318315E+02 -0.1615014E-04  0.4225121E-04  0.9721069E-05
Ar 6966  0.5530655E+02  0.1835748E+02  0.6311629E+02 -0.2465123E-04 -0.5506271E-04 -0.8501170E-04
Ar 6967  0.5527052E+02  0.1566292E+02  0.6574516E+02 -0.7101078E-04 -0.1962411E-04  0.6768745E-05
Ar 6968  0.5260240E+02  0.1844869E+02  0.6582638E+02 -0.1674417E-03 -0.1509250E-04  0.1290165E-04
Ar 6969  0.5259056E+02  0.2108301E+02  0.6846109E+02  0.3868132E-04  0.2893387E-04 -0.3917584E-04
Ar 6970  0.5536138E+02  0.2371229E+02  0.5036583E-01  0.6716017E-05 -0.1945579E-04 -0.6458627E-04
Ar 6971  0.5523891E+02  0.2098307E+02  0.2682758E+01 -0.2356942E-04  0.3628434E-04 -0.6715709E-04
Ar 6972  0.5269065E+02  0.2366925E+02  0.2628648E+01 -0.4818473E-04 -0.4302021E-04 -0.2432880E-05
Ar 6973  0.5259939E+02  0.2114857E+02  0.5232387E+01  0.3378972E-04  0.5518108E-04  0.6733060E-04
Ar 6974  0.5525479E+02  0.2357442E+02  0.5216797E+01 -0.5664076E-04  0.2108451E-04 -0.1260506E-03
Ar 6975  0.5515946E+02  0.2107696E+02  0.7882796E+01 -0.7636567E-04  0.6230134E-04 -0.3915698E-04
Ar 6976  0.5256187E+02  0.2370836E+02  0.7922730E+01 -0.8779895E-05  0.1180027E-04 -0.1497186E-04
Ar 6977  0.5266124E+02  0.2098683E+02  0.1054565E+02  0.2308808E-05  0.1753853E-04 -0.7130912E-04
Ar 6978  0.5528746E+02  0.2362855E+02  0.1046723E+02 -0.5816226E-04  0.6400535E-04 -0.5429659E-04
Ar 6979  0.5532080E+02  0.2110185E+02  0.1318145E+02  0.5608240E-04 -0.3059804E-04 -0.8661188E-05
Ar 6980  0.5244896E+02  0.2369092E+02  0.1308930E+02 -0.4212788E-04 -0.3975205E-04  0.1870953E-04
Ar 6981  0.5263496E+02  0.2104771E+02  0.1578217E+02 -0.1843048E-04 -0.2504723E-04 -0.8550941E-04
Ar 6982  0.5533816E+02  0.2381670E+02  0.1581630E+02 -0.3393384E-04 -0.6373904E-04 -0.7297071E-05
Ar 6983  0.5516491E+02  0.2114834E+02  0.1836194E+02 -0.1705272E-04 -0.3336836E-04 -0.4618806E-04
Ar 6984  0.5262979E+02  0.2371278E+02  0.1832740E+02 -0.2753651E-04  0.4364856E-04  0.1900795E-04
Ar 6985  0.5271281E+02  0.2096032E+02  0.2096552E+02 -0.2375801E-04  0.2782996E-04 -0.1183373E-04
Ar 6986  0.5527057E+02  0.2368397E+02  0.2107942E+02 -0.2295387E-04  0.3620999E-05  0.2666040E-04
Ar 6987  0.5523043E+02  0.2106236E+02  0.2377561E+02 -0.1287526E-04 -0.5017714E-04  0.2470824E-04
Ar 6988  0.5275528E+02  0.2369634E+02  0.2367122E+02  0.5997251E-04 -0.5819154E-04 -0.4458649E-04
Ar 6989  0.5256768E+02  0.2092311E+02  0.2629766E+02  0.8524509E-06  0.4231300E-04 -0.7082758E-04
Ar 6990  0.5521201E+02  0.2359617E+02  0.2621550E+02  0.4519527E-05 -0.4586863E-04  0.2808463E-04
Ar 6991  0.5524508E+02  0.2098320E+02  0.2896248E+02  0.4024550E-05  0.2175442E-04  0.2886872E-04
Ar 6992  0.5268136E+02  0.2370834E+02  0.2885234E+02  0.5642353E-04 -0.4659222E-05  0.5450985E-04
Ar 6993  0.5265816E+02  0.2096942E+02  0.3159470E+02 -0.2861904E-04 -0.9388996E-04  0.1632473E-04
Ar 6994  0.5522715E+02  0.2366565E+02  0.3154146E+02 -0.1247056E-04 -0.6437586E-05 -0.2100893E-04
Ar 6995  0.5527080E+02  0.2112476E+02  0.3422225E+02 -0.2554340E-04 -0.1147539E-03 -0.3869845E-04
Ar 6996  0.5257521E+02  0.2369631E+02  0.3410153E+02  0.2423732E-04 -0.6558447E-04 -0.9848183E-05
Ar 6997  0.5258991E+02  0.2097831E+02  0.3681344E+02  0.3753228E-04  0.3151086E-04  0.9039888E-05
Ar 6998  0.5519087E+02  0.2361603E+02  0.3694070E+02 -0.1986398E-03  0.1116347E-05 -0.4636859E-04
Ar 6999  0.5524299E+02  0.2106902E+02  0.3953485E+02 -0.2167558E-04 -0.6157432E-05 -0.3192770E-05
Ar 7000  0.5252556E+02  0.2377861E+02  0.3940411E+02 -0.3881364E-05  0.4939270E-05 -0.6212873E-05
Ar 7001  0.5272848E+02  0.2102961E+02  0.4198617E+02 -0.5332750E-04 -0.4562198E-04 -0.3302581E-04
Ar 7002  0.5519295E+02  0.2352739E+02  0.4196115E+02 -0.7788026E-04 -0.5829113E-04 -0.4058910E-04
Ar 7003  0.5525506E+02  0.2096143E+02  0.4475916E+02  0.6486680E-04 -0.3277842E-04  0.5476865E-04
Ar 7004  0.5268348E+02  0.2355074E+02  0.4465674E+02 -0.5557723E-04 -0.4911686E-04 -0.8718335E-04
Ar 7005  0.5264646E+02  0.2105505E+02  0.4739207E+02 -0.6657662E-04  0.8123535E-04 -0.2747482E-04
Ar 7006  0.5530478E+02  0.2363690E+02  0.4726007E+02  0.8071105E-04 -0.3491917E-04 -0.5367029E-04
Ar 7007  0.5523630E+02  0.2110886E+02  0.5002270E+02  0.8219543E-04 -0.3720590E-04  0.4507479E-05
Ar 7008  0.5254680E+02  0.2371829E+02  0.4993025E+02 -0.9593228E-04  0.5415085E-04  0.1526968E-04
Ar 7009  0.5262909E+02  0.2113282E+02  0.5253410E+02  0.3160364E-04 -0.3405761E-04  0.2755209E-04
Ar 7010  0.5529308E+02  0.2353959E+02  0.5265080E+02 -0.6483761E-04 -0.6839330E-04  0.4861761E-04
Ar 7011  0.5527590E+02  0.2100388E+02  0.5516226E+02 -0.2197256E-04  0.1909746E-04 -0.8163437E-05
Ar 7012  0.5260915E+02  0.2361729E+02  0.5512796E+02 -0.2290473E-04  0.2355723E-04  0.4574098E-04
Ar 7013  0.5257027E+02  0.2103110E+02  0.5799150E+02 -0.1273136E-04  0.4478240E-04 -0.1224240E-04
Ar 7014  0.5536786E+02  0.2368427E+02  0.5782293E+02  0.6734925E-05 -0.4233031E-04 -0.1191227E-04
Ar 7015  0.5513204E+02  0.2110623E+02  0.6050082E+02  0.2771761E-04 -0.6865743E-04 -0.2260933E-04
Ar 7016  0.5268412E+02  0.2364541E+02  0.6057874E+02  0.2337105E-04 -0.9966126E-05  0.3537647E-04
Ar 7017  0.5264782E+02  0.2102898E+02  0.6309471E+02  0.4798822E-04 -0.5000156E-05  0.8170644E-05
Ar 7018  0.5531081E+02  0.2355576E+02  0.6298977E+02 -0.9888258E-05 -0.5179423E-04 -0.2917754E-04
Ar 7019  0.5527891E+02  0.2107526E+02  0.6578939E+02 -0.6943783E-04  0.2251298E-05  0.3273642E-04
Ar 7020  0.5264555E+02  0.2364361E+02  0.6583340E+02  0.7574697E-04 -0.4863410E-04  0.2889779E-04
Ar 7021  0.5265132E+02  0.2622019E+02  0.6832584E+02 -0.3403231E-06 -0.6998540E-04 -0.1699816E-04
Ar 7022  0.5528532E+02  0.2892804E+02  0.5984448E-01 -0.1141913E-04 -0.7245572E-04 -0.5460858E-04
Ar 7023  0.5521669E+02  0.2627870E+02  0.2678067E+01 -0.4976825E-04  0.4472609E-04  0.5426566E-05
Ar 7024  0.5257301E+02  0.2888912E+02  0.2744896E+01 -0.3085448E-06  0.4105369E-04 -0.7711757E-04
Ar 7025  0.5265080E+02  0.2619295E+02  0.5239640E+01 -0.2008178E-05 -0.1086648E-04 -0.4897254E-04
Ar 7026  0.5522267E+02  0.2897120E+02  0.5339376E+01 -0.2277448E-04 -0.3409735E-04 -0.8482178E-04
Ar 7027  0.5525988E+02  0.2630276E+02  0.7963063E+01  0.3514271E-04 -0.3546035E-04 -0.2706959E-04
Ar 7028  0.5267473E+02  0.2884511E+02  0.7879075E+01  0.1666879E-04  0.6533498E-04  0.6117624E-04
Ar 7029  0.5269305E+02  0.2628293E+02  0.1049631E+02  0.2155791E-04 -0.1800054E-04 -0.5783873E-04
Ar 7030  0.5528705E+02  0.2886645E+02  0.1060631E+02  0.2481982E-04 -0.3113373E-04  0.1821312E-04
Ar 7031  0.5530615E+02  0.2642859E+02  0.1316896E+02 -0.5305640E-04 -0.2312978E-04 -0.7693195E-04
Ar 7032  0.5260849E+02  0.2877870E+02  0.1324165E+02 -0.2741226E-04  0.2976293E-04  0.6875560E-04
Ar 7033  0.5265434E+02  0.2629528E+02  0.1584213E+02  0.3040701E-04 -0.4798187E-04  0.5745903E-05
Ar 7034  0.5515117E+02  0.2894322E+02  0.1576301E+02 -0.6097693E-04 -0.5494183E-04 -0.7508579E-04
Ar 7035  0.5531379E+02  0.2624651E+02  0.1832674E+02  0.2060411E-04  0.2679490E-04 -0.2575422E-04
Ar 7036  0.5264894E+02  0.2889069E+02  0.1846328E+02  0.1427238E-04 -0.3316921E-04 -0.4694163E-04
Ar 7037  0.5269194E+02  0.2636734E+02  0.2106092E+02  0.5409500E-05 -0.8011877E-04 -0.5085510E-04
Ar 7038  0.5525384E+02  0.2890708E+02  0.2104458E+02 -0.4156907E-04 -0.6291857E-04 -0.1733574E-04
Ar 7039  0.5522502E+02  0.2626687E+02  0.2360093E+02 -0.3687960E-04 -0.1102452E-05  0.1721806E-04
Ar 7040  0.5255384E+02  0.2895268E+02  0.2364564E+02 -0.2103599E-04  0.5726221E-04 -0.6218966E-05
Ar 7041  0.5254618E+02  0.2626003E+02  0.2630245E+02 -0.5944661E-04 -0.3816827E-04 -0.1185165E-03
Ar 7042  0.5533251E+02  0.2891048E+02  0.2629087E+02  0.3750542E-05  0.4177853E-04 -0.2490124E-04
Ar 7043  0.5524950E+02  0.2634032E+02  0.2894747E+02 -0.4146053E-04 -0.2980754E-04 -0.3111716E-05
Ar 7044  0.5260073E+02  0.2897665E+02  0.2897201E+02 -0.1801541E-04 -0.1444689E-05 -0.7209276E-04
Ar 7045  0.5266908E+02  0.2627944E+02  0.3164327E+02  0.3219221E-04  0.4159414E-05 -0.1008304E-03
Ar 7046  0.5520920E+02  0.2891273E+02  0.3146904E+02 -0.4694155E-04 -0.4561832E-04 -0.8475992E-05
Ar 7047  0.5525626E+02  0.2625519E+02  0.3424517E+02 -0.5710497E-04  0.3221286E-04  0.5112358E-05
Ar 7048  0.5269839E+02  0.2897058E+02  0.3414016E+02  0.3961059E-04 -0.4150173E-04 -0.1589406E-04
Ar 7049  0.5255628E+02  0.2622913E+02  0.3689832E+02 -0.5215094E-05 -0.1511351E-03  0.5305449E-05
Ar 7050  0.5530658E+02  0.2882802E+02  0.3680684E+02  0.4599849E-04 -0.6949026E-04  0.2296778E-04
Ar 7051  0.5526789E+02  0.2635522E+02  0.3949196E+02 -0.3693409E-04 -0.6124116E-04 -0.6284651E-04
Ar 7052  0.5262086E+02  0.2888900E+02  0.3952618E+02 -0.1567818E-04  0.1945660E-04 -0.3282217E-04
Ar 7053  0.5272783E+02  0.2619653E+02  0.4220371E+02 -0.8027109E-04  0.2218042E-04 -0.4802217E-04
Ar 7054  0.5524316E+02  0.2892265E+02  0.4202196E+02 -0.4389276E-04 -0.8067006E-04 -0.4178925E-04
Ar 7055  0.5526611E+02  0.2629278E+02  0.4472539E+02 -0.1275798E-04 -0.1112101E-03 -0.2992494E-04
Ar 7056  0.5266094E+02  0.2896716E+02  0.4482058E+02 -0.5997862E-04 -0.3379620E-04  0.2258443E-04
Ar 7057  0.5261861E+02  0.2636158E+02  0.4728042E+02  0.9284160E-05 -0.1021809E-04 -0.6791835E-04
Ar 7058  0.5526407E+02  0.2890113E+02  0.4735792E+02 -0.8219022E-04 -0.1013831E-04  0.5222875E-04
Ar 7059  0.5517141E+02  0.2623383E+02  0.5001648E+02 -0.5290059E-04  0.2289797E-04  0.3863904E-04
Ar 7060  0.5251419E+02  0.2904207E+02  0.4998317E+02 -0.2044452E-04  0.4009828E-04 -0.1124429E-03
Ar 7061  0.5261384E+02  0.2631728E+02  0.5272441E+02 -0.6253723E-04 -0.4206923E-04 -0.1257145E-04
Ar 7062  0.5522568E+02  0.2897172E+02  0.5268527E+02  0.2864983E-04 -0.1337323E-04 -0.2527361E-04
Ar 7063  0.5528206E+02  0.2633915E+02  0.5529526E+02 -0.3865602E-04  0.6731629E-04  0.1544712E-04
Ar 7064  0.5259020E+02  0.2897283E+02  0.5522876E+02 -0.5415739E-04  0.1047698E-04 -0.2539454E-04
Ar 7065  0.5262184E+02  0.2641549E+02  0.5787886E+02 -0.2690742E-04  0.6345840E-04 -0.1107549E-03
Ar 7066  0.5524367E+02  0.2887973E+02  0.5784116E+02 -0.3281341E-04 -0.3546408E-04 -0.6084580E-04
Ar 7067  0.5522563E+02  0.2637886E+02  0.6064303E+02 -0.6824761E-04 -0.8458170E-05 -0.3739530E-04
Ar 7068  0.5264151E+02  0.2893456E+02  0.6051260E+02 -0.3113237E-04 -0.6266693E-04 -0.5073571E-04
Ar 7069  0.5269097E+02  0.2631314E+02  0.6307445E+02  0.1073266E-03 -0.3926514E-05 -0.2596008E-04
Ar 7070  0.5524091E+02  0.2891959E+02  0.6310900E+02 -0.8593457E-04 -0.1391378E-04 -0.1059234E-04
Ar 7071  0.5531117E+02  0.2629359E+02  0.6586751E+02 -0.6964935E-04 -0.2470532E-04 -0.9916858E-04
Ar 7072  0.5263516E+02  0.2893135E+02  0.6591394E+02  0.7647960E-04  0.2239500E-04  0.3510876E-04
Ar 7073  0.5267199E+02  0.3160074E+02  0.6837441E+02 -0.1697039E-04 -0.1252150E-04 -0.8144730E-05
Ar 7074  0.5519831E+02  0.3414836E+02  0.6848740E+02  0.4034978E-04 -0.7644942E-05 -0.3424447E-04
Ar 7075  0.5525538E+02  0.3157684E+02  0.2674988E+01 -0.7421396E-04  0.3545543E-04 -0.1067743E-05
Ar 7076  0.5267307E+02  0.3423946E+02  0.2582164E+01  0.5246745E-05 -0.2243896E-04 -0.1166217E-03
Ar 7077  0.5266117E+02  0.3165964E+02  0.5263967E+01  0.1007280E-04 -0.4773531E-04 -0.4483268E-04
Ar 7078  0.5526711E+02  0.3409136E+02  0.5282803E+01  0.7263961E-04  0.6058687E-05 -0.1372201E-04
Ar 7079  0.5518343E+02  0.3164394E+02  0.7819935E+01 -0.1291939E-04 -0.3002350E-04  0.2150748E-04
Ar 7080  0.5254308E+02  0.3409970E+02  0.7897403E+01  0.7856624E-06 -0.2583137E-04  0.2232468E-04
Ar 7081  0.5273752E+02  0.3137209E+02  0.1058906E+02  0.2167706E-04 -0.2349280E-04 -0.4931689E-04
Ar 7082  0.5526441E+02  0.3420279E+02  0.1043337E+02 -0.8364667E-04 -0.2191364E-04  0.4096147E-05
Ar 7083  0.5524232E+02  0.3156630E+02  0.1306337E+02 -0.1826045E-04  0.1886674E-04 -0.8099037E-04
Ar 7084  0.5262772E+02  0.3430690E+02  0.1311761E+02 -0.8109548E-04 -0.6291816E-04 -0.2303952E-04
Ar 7085  0.5254772E+02  0.3167506E+02  0.1569312E+02 -0.4927148E-04 -0.6067256E-04  0.6282070E-04
Ar 7086  0.5511892E+02  0.3425477E+02  0.1573888E+02 -0.5456020E-04 -0.2159094E-04 -0.2653165E-04
Ar 7087  0.5531960E+02  0.3164470E+02  0.1829084E+02 -0.1227112E-04 -0.4185342E-04 -0.3622156E-05
Ar 7088  0.5264751E+02  0.3416486E+02  0.1843511E+02 -0.3687125E-04  0.3275653E-04 -0.5455586E-04
Ar 7089  0.5267421E+02  0.3161221E+02  0.2111084E+02  0.5570105E-05  0.5097394E-04  0.4330229E-04
Ar 7090  0.5525241E+02  0.3414419E+02  0.2100766E+02 -0.1026941E-03 -0.2085960E-04 -0.4081475E-04
Ar 7091  0.5533650E+02  0.3153633E+02  0.2358677E+02  0.1713967E-04 -0.2213103E-04 -0.1045099E-04
Ar 7092  0.5268868E+02  0.3428796E+02  0.2379713E+02 -0.3429274E-04 -0.2676078E-04  0.1720761E-04
Ar 7093  0.5260842E+02  0.3148507E+02  0.2632303E+02 -0.2645019E-04  0.7517022E-04 -0.2984944E-04
Ar 7094  0.5523428E+02  0.3423489E+02  0.2623587E+02 -0.3074443E-04 -0.4061259E-05 -0.1457406E-04
Ar 7095  0.5536077E+02  0.3152576E+02  0.2896829E+02 -0.4658810E-04 -0.1471582E-04 -0.2129890E-05
Ar 7096  0.5256646E+02  0.3426694E+02  0.2902931E+02 -0.1101471E-04 -0.3639295E-04  0.2743891E-05
Ar 7097  0.5269104E+02  0.3149003E+02  0.3159642E+02  0.1135529E-04 -0.1727597E-05 -0.3859902E-04
Ar 7098  0.5533071E+02  0.3426488E+02  0.3162016E+02 -0.1453617E-04  0.2220988E-04 -0.2500526E-04
Ar 7099  0.5528299E+02  0.3162561E+02  0.3425234E+02  0.6519618E-04  0.8171916E-04 -0.1879275E-04
Ar 7100  0.5257559E+02  0.3415416E+02  0.3425677E+02 -0.1440801E-04 -0.1841749E-04 -0.6212289E-04
Ar 7101  0.5267190E+02  0.3146369E+02  0.3693332E+02 -0.4280327E-04  0.2549096E-05 -0.3034731E-04
Ar 7102  0.5526469E+02  0.3411887E+02  0.3681200E+02  0.1244996E-04  0.3327704E-04  0.8319237E-04
Ar 7103  0.5514015E+02  0.3162357E+02  0.3955995E+02 -0.2235431E-04 -0.2811438E-04 -0.3997838E-04
Ar 7104  0.5258414E+02  0.3422642E+02  0.3949510E+02  0.2558547E-04 -0.8964735E-04  0.3156279E-04
Ar 7105  0.5257036E+02  0.3156084E+02  0.4207639E+02 -0.8917145E-04 -0.2703064E-04 -0.3220786E-04
Ar 7106  0.5534192E+02  0.3418537E+02  0.4204713E+02 -0.5595996E-05 -0.5535274E-04  0.4941953E-04
Ar 7107  0.5520470E+02  0.3158839E+02  0.4484674E+02  0.5281755E-04 -0.1351864E-04  0.2229659E-04
Ar 7108  0.5259857E+02  0.3425500E+02  0.4488153E+02 -0.3427085E-04 -0.3097205E-04 -0.2491313E-04
Ar 7109  0.5268448E+02  0.3167861E+02  0.4734198E+02 -0.1355335E-03 -0.5812575E-04 -0.2730070E-04
Ar 7110  0.5526737E+02  0.3424168E+02  0.4730454E+02 -0.3048705E-04 -0.1934934E-04 -0.6977400E-04
Ar 7111  0.5529751E+02  0.3156151E+02  0.5002114E+02 -0.1404596E-03  0.2382347E-04  0.1772813E-04
Ar 7112  0.5262864E+02  0.3424298E+02  0.5009009E+02 -0.7704318E-04 -0.3138269E-04  0.1128350E-03
Ar 7113  0.5260942E+02  0.3161901E+02  0.5264603E+02  0.5255292E-04  0.4959820E-05  0.3094713E-04
Ar 7114  0.5524280E+02  0.3401082E+02  0.5266859E+02 -0.2016430E-04 -0.1006959E-03  0.2005653E-04
Ar 7115  0.5522651E+02  0.3150758E+02  0.5525973E+02 -0.2780153E-04  0.3583482E-04 -0.5093754E-04
Ar 7116  0.5265807E+02  0.3413641E+02  0.5525271E+02 -0.2063357E-04 -0.7439580E-04 -0.8745224E-04
Ar 7117  0.5256033E+02  0.3158499E+02  0.5786646E+02 -0.3380753E-06 -0.2444546E-04 -0.6333555E-04
Ar 7118  0.5516337E+02  0.3415414E+02  0.5797548E+02 -0.3803978E-04  0.1826740E-04 -0.2145898E-04
Ar 7119  0.5519841E+02  0.3163336E+02  0.6055444E+02  0.5107708E-05  0.2545141E-04 -0.4558259E-04
Ar 7120  0.5267929E+02  0.3429834E+02  0.6049153E+02 -0.4669030E-04 -0.1205219E-03 -0.5397948E-04
Ar 7121  0.5265465E+02  0.3156199E+02  0.6318310E+02 -0.2571798E-04 -0.3581606E-05 -0.4912254E-04
Ar 7122  0.5543263E+02  0.3420036E+02  0.6313640E+02 -0.8790495E-04 -0.7025311E-04  0.9504883E-04
Ar 7123  0.5518476E+02  0.3147503E+02  0.6574878E+02  0.2640721E-04 -0.8276945E-04 -0.3829709E-05
Ar 7124  0.5268735E+02  0.3419961E+02  0.6589414E+02 -0.1163842E-03 -0.1708228E-04 -0.1215498E-04
Ar 7125  0.5261301E+02  0.3687119E+02  0.6828510E+02 -0.4858444E-04  0.3198242E-04  0.2735337E-04
Ar 7126  0.5521260E+02  0.3948516E+02  0.6831654E+02 -0.9708572E-05  0.4269051E-04 -0.2868250E-04
Ar 7127  0.5531452E+02  0.3677185E+02  0.2619473E+01 -0.2208024E-04 -0.4005567E-04 -0.2611333E-04
Ar 7128  0.5263692E+02  0.3946244E+02  0.2760825E+01 -0.6311122E-04 -0.1971098E-05 -0.5479296E-05
Ar 7129  0.5268168E+02  0.3689562E+02  0.5286129E+01 -0.1645928E-04 -0.6265771E-04 -0.5030696E-04
Ar 7130  0.5533289E+02  0.3936937E+02  0.5210569E+01 -0.5198750E-04  0.9552435E-04 -0.4753442E-04
Ar 7131  0.5518715E+02  0.3684954E+02  0.7911102E+01 -0.2331424E-04  0.2526980E-04 -0.3631371E-04
Ar 7132  0.5255357E+02  0.3931832E+02  0.7832261E+01 -0.3040511E-04  0.2649355E-04 -0.1081006E-05
Ar 7133  0.5266514E+02  0.3677085E+02  0.1045540E+02 -0.5043938E-04  0.1999618E-04 -0.5637870E-04
Ar 7134  0.5530765E+02  0.3944298E+02  0.1059084E+02 -0.3880601E-04 -0.5921391E-04  0.3233890E-04
Ar 7135  0.5531969E+02  0.3686626E+02  0.1316740E+02  0.2531043E-04 -0.1063572E-03  0.2292427E-04
Ar 7136  0.5268620E+02  0.3949883E+02  0.1320830E+02  0.1914340E-04  0.8906835E-05  0.2562903E-04
Ar 7137  0.5258818E+02  0.3679597E+02  0.1588411E+02  0.7592662E-05 -0.2390867E-04 -0.1440353E-04
Ar 7138  0.5527324E+02  0.3943446E+02  0.1579610E+02 -0.9046719E-04  0.1611439E-04 -0.8658027E-04
Ar 7139  0.5527195E+02  0.3684125E+02  0.1848243E+02 -0.2110084E-04  0.2552762E-04  0.3470418E-04
Ar 7140  0.5264532E+02  0.3946330E+02  0.1848348E+02 -0.4203885E-04 -0.3957624E-04 -0.6345761E-04
Ar 7141  0.5266584E+02  0.3688460E+02  0.2099195E+02  0.6607057E-05 -0.5821469E-04  0.3717640E-04
Ar 7142  0.5521454E+02  0.3940947E+02  0.2106466E+02 -0.3166811E-04 -0.2891081E-04 -0.2607494E-04
Ar 7143  0.5525104E+02  0.3681339E+02  0.2363196E+02  0.2041003E-04  0.2207875E-04 -0.1164135E-04
Ar 7144  0.5259638E+02  0.3950079E+02  0.2371851E+02 -0.9307053E-05 -0.8091422E-04  0.5978664E-04
Ar 7145  0.5267231E+02  0.3685595E+02  0.2621911E+02  0.2714814E-04 -0.3247707E-04 -0.1375982E-04
Ar 7146  0.5530350E+02  0.3947142E+02  0.2626913E+02  0.3821298E-04 -0.3002259E-04  0.2636693E-04
Ar 7147  0.5532959E+02  0.3677431E+02  0.2903733E+02 -0.5858279E-04 -0.3236749E-04  0.1793719E-04
Ar 7148  0.5271098E+02  0.3940144E+02  0.2895546E+02 -0.1015828E-03 -0.4615739E-04  0.8079687E-04
Ar 7149  0.5257076E+02  0.3678075E+02  0.3158346E+02  0.1106681E-04  0.2470060E-04  0.2182546E-04
Ar 7150  0.5523740E+02  0.3946253E+02  0.3157655E+02  0.4682117E-05 -0.1214203E-04 -0.2656235E-04
Ar 7151  0.5520998E+02  0.3674825E+02  0.3413942E+02  0.1111639E-03  0.2191657E-04 -0.6197457E-04
Ar 7152  0.5255805E+02  0.3946489E+02  0.3427636E+02 -0.8045750E-04 -0.9048137E-05 -0.5348287E-04
Ar 7153  0.5259143E+02  0.3689335E+02  0.3690016E+02  0.2695182E-04 -0.6602575E-04  0.3871036E-04
Ar 7154  0.5527127E+02  0.3942183E+02  0.3666874E+02  0.5760148E-04 -0.3605662E-05 -0.1838311E-04
Ar 7155  0.5526338E+02  0.3668196E+02  0.3942087E+02 -0.1889444E-04 -0.2645305E-04 -0.1486048E-03
Ar 7156  0.5265093E+02  0.3947213E+02  0.3948407E+02  0.5463625E-04  0.4254948E-04 -0.1079562E-04
Ar 7157  0.5247724E+02  0.3677610E+02  0.4202035E+02  0.2953870E-04 -0.6897817E-04  0.1676773E-04
Ar 7158  0.5521267E+02  0.3951196E+02  0.4198424E+02 -0.1301990E-04 -0.4175182E-05 -0.7795305E-04
Ar 7159  0.5526428E+02  0.3676880E+02  0.4469919E+02 -0.5523197E-04 -0.1694284E-04 -0.2490885E-04
Ar 7160  0.5262982E+02  0.3952839E+02  0.4484849E+02 -0.2937095E-04 -0.6407244E-04 -0.1389548E-04
Ar 7161  0.5262684E+02  0.3668120E+02  0.4743003E+02 -0.2826468E-04 -0.3144548E-04  0.3128131E-04
Ar 7162  0.5524032E+02  0.3950088E+02  0.4735307E+02 -0.8959450E-04 -0.3126532E-05  0.2205248E-04
Ar 7163  0.5524833E+02  0.3684046E+02  0.4992364E+02 -0.9136074E-04 -0.6858837E-04 -0.3786052E-04
Ar 7164  0.5257672E+02  0.3950310E+02  0.4998179E+02  0.1900740E-04  0.7307037E-04  0.6542405E-04
Ar 7165  0.5264446E+02  0.3674945E+02  0.5257892E+02 -0.4280893E-04 -0.7889469E-04  0.5174725E-04
Ar 7166  0.5536304E+02  0.3956821E+02  0.5263139E+02  0.1852717E-04 -0.1928534E-04  0.1989895E-04
Ar 7167  0.5537706E+02  0.3684417E+02  0.5527263E+02  0.4331532E-04 -0.1401684E-04 -0.3590890E-04
Ar 7168  0.5262423E+02  0.3946948E+02  0.5516482E+02 -0.8676460E-05  0.1293221E-04 -0.4803193E-04
Ar 7169  0.5268650E+02  0.3671514E+02  0.5793636E+02  0.6761593E-04 -0.3962877E-04  0.3339966E-04
Ar 7170  0.5532596E+02  0.3948605E+02  0.5781049E+02 -0.5955310E-04 -0.5504037E-04 -0.7138557E-05
Ar 7171  0.5530287E+02  0.3684892E+02  0.6048345E+02  0.8415111E-04 -0.1951053E-04 -0.4096964E-04
Ar 7172  0.5263118E+02  0.3943329E+02  0.6052693E+02 -0.4152071E-04 -0.2448060E-04  0.2528129E-04
Ar 7173  0.5246664E+02  0.3677132E+02  0.6316099E+02 -0.6757283E-05 -0.1267626E-04  0.2555870E-04
Ar 7174  0.5527977E+02  0.3942278E+02  0.6318377E+02  0.2069791E-04 -0.7949615E-04 -0.1340563E-04
Ar 7175  0.5517391E+02  0.3689304E+02  0.6578265E+02  0.6597900E-04 -0.1614470E-04 -0.1101818E-03
Ar 7176  0.5256123E+02  0.3941733E+02  0.6576552E+02  0.3503871E-05 -0.4688129E-04 -0.1061832E-03
Ar 7177  0.5257721E+02  0.4212767E+02  0.2159845E-01 -0.3570373E-04 -0.1502133E-04  0.3379024E-04
Ar 7178  0.5528397E+02  0.4469436E+02  0.6840622E+02 -0.3540857E-04 -0.2763900E-04 -0.8556916E-04
Ar 7179  0.5541844E+02  0.4211360E+02  0.2619987E+01 -0.4142877E-04 -0.3810714E-04  0.4297136E-05
Ar 7180  0.5261657E+02  0.4464814E+02  0.2660741E+01 -0.4618604E-05 -0.3589525E-04 -0.6932701E-04
Ar 7181  0.5263974E+02  0.4210294E+02  0.5272383E+01 -0.1145357E-03  0.4640831E-04 -0.2780560E-04
Ar 7182  0.5518128E+02  0.4469942E+02  0.5216218E+01  0.7218775E-04 -0.4402059E-04 -0.2267526E-04
Ar 7183  0.5516809E+02  0.4202558E+02  0.7922415E+01  0.1043545E-04  0.1289889E-03 -0.7561127E-04
Ar 7184  0.5272516E+02  0.4472679E+02  0.7742291E+01 -0.6942892E-04  0.8739690E-04  0.1960003E-04
Ar 7185  0.5258422E+02  0.4224035E+02  0.1051205E+02 -0.9955867E-04  0.6448994E-04 -0.4258246E-06
Ar 7186  0.5526781E+02  0.4476883E+02  0.1045810E+02  0.2254666E-04  0.4897835E-04  0.8081349E-05
Ar 7187  0.5524249E+02  0.4201955E+02  0.1311921E+02  0.1438353E-04 -0.2899573E-04 -0.1795092E-04
Ar 7188  0.5262353E+02  0.4473949E+02  0.1314080E+02  0.3023152E-04 -0.1045166E-03 -0.1248950E-04
Ar 7189  0.5263908E+02  0.4200736E+02  0.1590539E+02 -0.1622832E-04 -0.4988664E-05 -0.1892252E-04
Ar 7190  0.5530836E+02  0.4474895E+02  0.1583355E+02 -0.3270949E-04  0.6677685E-04  0.4227379E-04
Ar 7191  0.5534960E+02  0.4205264E+02  0.1836301E+02 -0.1438290E-03  0.3457042E-05 -0.2484623E-04
Ar 7192  0.5259215E+02  0.4471574E+02  0.1841548E+02  0.1713354E-03  0.4978013E-04  0.7169148E-04
Ar 7193  0.5266730E+02  0.4213553E+02  0.2105774E+02 -0.8725912E-05  0.2882161E-04 -0.2061619E-04
Ar 7194  0.5518515E+02  0.4476667E+02  0.2098415E+02  0.1289917E-03 -0.1240135E-04 -0.4694494E-04
Ar 7195  0.5527581E+02  0.4213294E+02  0.2374238E+02 -0.8045015E-04  0.6943485E-04 -0.3046753E-04
Ar 7196  0.5266270E+02  0.4473949E+02  0.2372521E+02  0.5929877E-04 -0.5554582E-04 -0.6532178E-04
Ar 7197  0.5262531E+02  0.4213496E+02  0.2638518E+02  0.1327326E-04  0.1145977E-03  0.2640642E-04
Ar 7198  0.5525590E+02  0.4473457E+02  0.2635006E+02 -0.4786879E-05 -0.6125032E-04  0.4618207E-04
Ar 7199  0.5519409E+02  0.4210505E+02  0.2888550E+02  0.9206639E-04  0.4051697E-04  0.3332298E-04
Ar 7200  0.5268503E+02  0.4483339E+02  0.2888807E+02  0.1879455E-04 -0.8717505E-04 -0.4484907E-04
Ar 7201  0.5257293E+02  0.4207309E+02  0.3149696E+02 -0.5110790E-04 -0.2840726E-05  0.1954828E-04
Ar 7202  0.5523922E+02  0.4473217E+02  0.3164731E+02  0.3201562E-04  0.4452012E-06 -0.3043162E-04
Ar 7203  0.5531015E+02  0.4210380E+02  0.3426965E+02 -0.1547377E-04 -0.3048291E-04 -0.5883740E-04
Ar 7204  0.5271582E+02  0.4487447E+02  0.3420089E+02 -0.3213453E-04 -0.3467619E-04  0.1936201E-04
Ar 7205  0.5256984E+02  0.4206981E+02  0.3690426E+02 -0.2797402E-04  0.7773452E-05  0.2106909E-05
Ar 7206  0.5534206E+02  0.4466254E+02  0.3680357E+02 -0.3451963E-04 -0.1063096E-03 -0.1671176E-04
Ar 7207  0.5520390E+02  0.4209754E+02  0.3957444E+02 -0.4411417E-04 -0.4130973E-04  0.9830003E-04
Ar 7208  0.5263849E+02  0.4470434E+02  0.3941313E+02 -0.1472400E-04 -0.8400033E-04 -0.1740161E-04
Ar 7209  0.5260719E+02  0.4205963E+02  0.4217925E+02 -0.8658881E-04  0.5430312E-04 -0.5385097E-05
Ar 7210  0.5512540E+02  0.4472194E+02  0.4196624E+02  0.5162134E-05 -0.1357124E-04  0.1370753E-04
Ar 7211  0.5529870E+02  0.4212344E+02  0.4470672E+02  0.1521442E-04 -0.1040098E-03  0.3045697E-04
Ar 7212  0.5263963E+02  0.4470404E+02  0.4466697E+02  0.3761904E-04  0.2463243E-04 -0.9295231E-04
Ar 7213  0.5261007E+02  0.4210319E+02  0.4747659E+02 -0.2963919E-04 -0.2107348E-04 -0.7152344E-04
Ar 7214  0.5510832E+02  0.4487699E+02  0.4729454E+02 -0.3495355E-04 -0.1022551E-03  0.2152399E-04
Ar 7215  0.5527677E+02  0.4216073E+02  0.4990132E+02 -0.3768490E-05 -0.2344984E-04 -0.4877887E-05
Ar 7216  0.5261350E+02  0.4475266E+02  0.5019097E+02 -0.5748842E-04 -0.1593370E-04  0.2505461E-04
Ar 7217  0.5257651E+02  0.4207366E+02  0.5261318E+02  0.1044561E-05  0.2562226E-04 -0.9089557E-04
Ar 7218  0.5514154E+02  0.4476083E+02  0.5263783E+02 -0.3943300E-04 -0.2309301E-04 -0.1116060E-03
Ar 7219  0.5519115E+02  0.4204358E+02  0.5514702E+02 -0.4529237E-04  0.4267574E-04  0.1036395E-03
Ar 7220  0.5265240E+02  0.4470953E+02  0.5523187E+02 -0.5556605E-04 -0.2789371E-04  0.2590737E-04
Ar 7221  0.5262324E+02  0.4200173E+02  0.5786868E+02  0.5453045E-04 -0.6147811E-04  0.1518800E-04
Ar 7222  0.5523728E+02  0.4466352E+02  0.5792159E+02  0.1784838E-04 -0.3805005E-05  0.7394373E-05
Ar 7223  0.5527084E+02  0.4216336E+02  0.6049637E+02 -0.1659002E-05 -0.2557167E-04  0.2272721E-04
Ar 7224  0.5259563E+02  0.4475084E+02  0.6050436E+02  0.6041367E-04  0.9427052E-05 -0.5477805E-04
Ar 7225  0.5259000E+02  0.4215820E+02  0.6310849E+02  0.5621173E-04 -0.6598373E-04  0.4431954E-04
Ar 7226  0.5520501E+02  0.4463817E+02  0.6314008E+02  0.3171225E-04 -0.2509434E-04 -0.5534507E-04
Ar 7227  0.5525407E+02  0.4209555E+02  0.6574723E+02  0.7333472E-04 -0.2422790E-04 -0.3543597E-04
Ar 7228  0.5271541E+02  0.4473799E+02  0.6584131E+02 -0.3979413E-04 -0.2765724E-04 -0.8153626E-05
Ar 7229  0.5268938E+02  0.4747256E+02  0.6836892E+02 -0.1311046E-04  0.3491273E-04  0.6334601E-04
Ar 7230  0.5521447E+02  0.4993519E+02  0.4997596E-01  0.1160871E-04 -0.4392782E-04 -0.2584730E-04
Ar 7231  0.5512215E+02  0.4738927E+02  0.2613950E+01 -0.4558788E-04  0.3481426E-04  0.6033227E-04
Ar 7232  0.5268211E+02  0.5001704E+02  0.2660222E+01 -0.4737616E-04 -0.5613075E-04  0.3059147E-04
Ar 7233  0.5273013E+02  0.4733688E+02  0.5363097E+01 -0.7304161E-05 -0.5014620E-04  0.2836903E-04
Ar 7234  0.5528226E+02  0.4995402E+02  0.5246872E+01  0.1230081E-03 -0.2499995E-04 -0.7000985E-04
Ar 7235  0.5528250E+02  0.4733571E+02  0.7844155E+01  0.1056213E-05 -0.3783673E-05 -0.3373793E-04
Ar 7236  0.5262180E+02  0.5006604E+02  0.7852689E+01  0.3119773E-04  0.2751500E-04 -0.1111654E-04
Ar 7237  0.5266008E+02  0.4735087E+02  0.1066373E+02 -0.8207996E-04 -0.1854998E-04 -0.2162489E-04
Ar 7238  0.5528765E+02  0.4999650E+02  0.1060666E+02 -0.5299939E-04 -0.3110376E-04 -0.2142061E-04
Ar 7239  0.5537803E+02  0.4729721E+02  0.1312530E+02 -0.3144124E-04  0.3410901E-04 -0.1294851E-04
Ar 7240  0.5256970E+02  0.5002316E+02  0.1305317E+02  0.5018394E-04 -0.5610402E-04  0.4187493E-04
Ar 7241  0.5247045E+02  0.4738622E+02  0.1572638E+02 -0.6725668E-04 -0.2950544E-04  0.3576034E-04
Ar 7242  0.5525915E+02  0.4996125E+02  0.1575794E+02 -0.8112119E-05  0.2908161E-04 -0.6008919E-04
Ar 7243  0.5523299E+02  0.4745899E+02  0.1832238E+02 -0.4358635E-05  0.3318916E-04 -0.2415982E-04
Ar 7244  0.5261317E+02  0.5005570E+02  0.1838137E+02 -0.4488897E-05 -0.1841281E-05 -0.5391944E-05
Ar 7245  0.5256290E+02  0.4729527E+02  0.2102745E+02  0.4507104E-04 -0.7177824E-04 -0.3354240E-04
Ar 7246  0.5533170E+02  0.5009311E+02  0.2092026E+02  0.1065225E-05 -0.4223725E-04  0.1626242E-04
Ar 7247  0.5519065E+02  0.4733525E+02  0.2363216E+02 -0.4378895E-04 -0.5061212E-04 -0.3410639E-04
Ar 7248  0.5259839E+02  0.4999114E+02  0.2371586E+02  0.3424787E-05 -0.2368087E-04  0.5617956E-04
Ar 7249  0.5269191E+02  0.4734471E+02  0.2625389E+02  0.6538979E-05 -0.4015361E-04 -0.6753465E-04
Ar 7250  0.5523081E+02  0.4998777E+02  0.2628676E+02 -0.6248175E-04 -0.8656720E-04 -0.7813412E-06
Ar 7251  0.5527425E+02  0.4741338E+02  0.2896744E+02 -0.2371249E-04  0.3012344E-04 -0.5127649E-04
Ar 7252  0.5241065E+02  0.5001997E+02  0.2894541E+02  0.7080519E-04 -0.1611118E-04 -0.4470664E-04
Ar 7253  0.5253609E+02  0.4741557E+02  0.3159325E+02  0.3245119E-04 -0.1848238E-04 -0.5978970E-04
Ar 7254  0.5527573E+02  0.4991837E+02  0.3160234E+02 -0.3121350E-05 -0.9125733E-04  0.7681109E-04
Ar 7255  0.5520803E+02  0.4743892E+02  0.3423429E+02 -0.1511564E-04  0.1361739E-05  0.4278102E-04
Ar 7256  0.5266234E+02  0.5000355E+02  0.3410767E+02 -0.1216262E-04 -0.9089820E-05 -0.7757198E-04
Ar 7257  0.5252125E+02  0.4738909E+02  0.3674599E+02 -0.1055786E-03 -0.1272036E-04 -0.6837109E-04
Ar 7258  0.5524087E+02  0.4993889E+02  0.3682747E+02  0.2384107E-04 -0.4128298E-05  0.7186653E-04
Ar 7259  0.5520740E+02  0.4738518E+02  0.3951244E+02 -0.7396162E-04 -0.1020356E-03  0.3027736E-04
Ar 7260  0.5259094E+02  0.4998242E+02  0.3956943E+02 -0.5082950E-04  0.5002317E-04 -0.5743041E-04
Ar 7261  0.5251938E+02  0.4735910E+02  0.4207891E+02  0.2840718E-04 -0.2478037E-04 -0.4564293E-04
Ar 7262  0.5518699E+02  0.4999580E+02  0.4212335E+02 -0.2238933E-04  0.3385078E-04 -0.7348928E-04
Ar 7263  0.5539200E+02  0.4731364E+02  0.4470463E+02  0.7207230E-04  0.1344089E-04 -0.3181871E-04
Ar 7264  0.5260002E+02  0.5004714E+02  0.4485586E+02  0.7243163E-04 -0.7360426E-04  0.8158537E-04
Ar 7265  0.5262671E+02  0.4752966E+02  0.4728445E+02  0.3171108E-05 -0.1616369E-04 -0.5109055E-06
Ar 7266  0.5517789E+02  0.4989459E+02  0.4738967E+02 -0.6733237E-04 -0.3506949E-04  0.2022262E-04
Ar 7267  0.5530548E+02  0.4728127E+02  0.5000772E+02  0.1134358E-04 -0.9752628E-04 -0.1413753E-04
Ar 7268  0.5266036E+02  0.4994598E+02  0.4995360E+02  0.1704035E-04 -0.3837201E-04 -0.7350464E-04
Ar 7269  0.5258950E+02  0.4735587E+02  0.5278438E+02  0.7276191E-04  0.1789285E-04 -0.1560813E-04
Ar 7270  0.5523813E+02  0.4999448E+02  0.5265130E+02  0.5600352E-04 -0.6976453E-04 -0.4081719E-04
Ar 7271  0.5522335E+02  0.4747742E+02  0.5522166E+02  0.7206872E-04 -0.5612877E-04 -0.3344542E-04
Ar 7272  0.5266477E+02  0.5002814E+02  0.5525589E+02  0.1178317E-04  0.9100753E-05 -0.3774391E-04
Ar 7273  0.5252382E+02  0.4735840E+02  0.5788394E+02  0.4161107E-04  0.1433432E-04  0.7702404E-04
Ar 7274  0.5515974E+02  0.5005426E+02  0.5793914E+02 -0.6275455E-05 -0.1764490E-04  0.4259443E-05
Ar 7275  0.5517552E+02  0.4745204E+02  0.6040492E+02 -0.5048938E-04  0.2626351E-04  0.7533047E-04
Ar 7276  0.5248307E+02  0.5000507E+02  0.6049274E+02  0.3074280E-04 -0.1440124E-03 -0.1913279E-04
Ar 7277  0.5276300E+02  0.4742322E+02  0.6312054E+02  0.3585473E-04 -0.2374821E-04  0.1835562E-04
Ar 7278  0.5527567E+02  0.5009967E+02  0.6317424E+02 -0.1007756E-04  0.4611559E-04  0.1635137E-05
Ar 7279  0.5519216E+02  0.4736023E+02  0.6578136E+02 -0.5263681E-05 -0.1004045E-04 -0.3291582E-04
Ar 7280  0.5267059E+02  0.5006113E+02  0.6564997E+02 -0.2109284E-04  0.2144372E-05 -0.5573521E-04
Ar 7281  0.5263744E+02  0.5256581E+02  0.6859582E+02 -0.5741743E-04 -0.1894752E-04 -0.1194845E-04
Ar 7282  0.5533774E+02  0.5536703E+02  0.6843227E+02  0.2314425E-04 -0.1207764E-04  0.1892908E-04
Ar 7283  0.5520017E+02  0.5253641E+02  0.2627816E+01 -0.1023899E-03 -0.4133877E-05  0.6515627E-06
Ar 7284  0.5253495E+02  0.5524061E+02  0.2681940E+01 -0.3487713E-04 -0.7046259E-04  0.4379243E-05
Ar 7285  0.5272220E+02  0.5260871E+02  0.5288422E+01 -0.4152294E-04  0.1946866E-04 -0.1282530E-04
Ar 7286  0.5533452E+02  0.5526737E+02  0.5239862E+01 -0.9058421E-04 -0.4095083E-05  0.7900668E-04
Ar 7287  0.5520241E+02  0.5257928E+02  0.7827038E+01 -0.1481398E-04  0.1818986E-04  0.6048412E-05
Ar 7288  0.5263105E+02  0.5521575E+02  0.7938256E+01  0.4067615E-04 -0.3585253E-04 -0.7016965E-05
Ar 7289  0.5263380E+02  0.5248096E+02  0.1053114E+02 -0.3577061E-04 -0.5036567E-04 -0.2332912E-04
Ar 7290  0.5523305E+02  0.5529519E+02  0.1052974E+02 -0.1649167E-05  0.5401048E-04  0.6180852E-04
Ar 7291  0.5528713E+02  0.5267745E+02  0.1315696E+02  0.6547588E-04  0.3344590E-04  0.2733635E-05
Ar 7292  0.5269925E+02  0.5524284E+02  0.1305704E+02 -0.6049527E-05 -0.4987215E-04 -0.2973863E-05
Ar 7293  0.5261969E+02  0.5258679E+02  0.1564721E+02 -0.9067742E-04 -0.4893586E-05 -0.2387472E-04
Ar 7294  0.5547813E+02  0.5529629E+02  0.1580359E+02  0.2172539E-04 -0.6380787E-04 -0.2371970E-04
Ar 7295  0.5518637E+02  0.5249752E+02  0.1834511E+02 -0.2465633E-04  0.1241388E-04 -0.8889597E-04
Ar 7296  0.5259301E+02  0.5519005E+02  0.1832168E+02 -0.6711540E-05 -0.4570004E-04  0.5229347E-05
Ar 7297  0.5262061E+02  0.5260363E+02  0.2102420E+02 -0.3834031E-04  0.9437274E-05  0.5484731E-04
Ar 7298  0.5525492E+02  0.5519420E+02  0.2088916E+02  0.8636196E-04 -0.2690381E-04 -0.5657334E-05
Ar 7299  0.5510737E+02  0.5267088E+02  0.2366337E+02 -0.8434298E-04 -0.3390405E-04 -0.1966749E-04
Ar 7300  0.5269231E+02  0.5525609E+02  0.2368977E+02  0.1040034E-03 -0.1337932E-04  0.2362370E-04
Ar 7301  0.5270230E+02  0.5271329E+02  0.2638709E+02 -0.2966989E-04 -0.6204205E-04  0.3413156E-06
Ar 7302  0.5529497E+02  0.5523734E+02  0.2634612E+02 -0.1950090E-04  0.3090748E-04 -0.3268200E-04
Ar 7303  0.5519259E+02  0.5269141E+02  0.2899115E+02 -0.3772865E-04 -0.2212650E-04  0.4463684E-04
Ar 7304  0.5267764E+02  0.5527443E+02  0.2896196E+02  0.1199538E-05 -0.1066665E-04 -0.1032201E-04
Ar 7305  0.5244387E+02  0.5262066E+02  0.3155180E+02 -0.6130004E-04 -0.1408351E-04 -0.7695717E-04
Ar 7306  0.5502460E+02  0.5521847E+02  0.3163724E+02  0.4758527E-04 -0.5406005E-04 -0.4557473E-04
Ar 7307  0.5516847E+02  0.5248514E+02  0.3408421E+02  0.2691667E-05 -0.5612877E-04 -0.4239867E-04
Ar 7308  0.5254264E+02  0.5520218E+02  0.3409269E+02  0.2569343E-05  0.1650706E-05 -0.1204059E-03
Ar 7309  0.5247150E+02  0.5265565E+02  0.3668920E+02 -0.1798031E-04 -0.3925552E-04 -0.5576805E-04
Ar 7310  0.5516696E+02  0.5514224E+02  0.3679585E+02 -0.1392516E-04 -0.5159882E-06  0.2332263E-05
Ar 7311  0.5528704E+02  0.5263046E+02  0.3946429E+02 -0.7744445E-04  0.1544077E-04 -0.1625536E-04
Ar 7312  0.5263505E+02  0.5522715E+02  0.3940151E+02 -0.1421900E-03 -0.2389535E-04  0.5330583E-04
Ar 7313  0.5268095E+02  0.5257762E+02  0.4218371E+02  0.3860210E-05 -0.6893750E-04  0.9339798E-04
Ar 7314  0.5514171E+02  0.5532261E+02  0.4212012E+02  0.9084894E-04 -0.8417455E-04 -0.2167755E-04
Ar 7315  0.5530083E+02  0.5258918E+02  0.4473445E+02 -0.4860676E-04 -0.4544586E-04 -0.7270033E-05
Ar 7316  0.5251844E+02  0.5514900E+02  0.4477769E+02 -0.4010308E-04 -0.7914974E-04 -0.2428211E-04
Ar 7317  0.5271762E+02  0.5265751E+02  0.4730728E+02  0.1789306E-04 -0.4562622E-04  0.6292304E-04
Ar 7318  0.5521902E+02  0.5523825E+02  0.4725247E+02  0.2630286E-04 -0.2025172E-04 -0.4390562E-05
Ar 7319  0.5525348E+02  0.5267229E+02  0.4999930E+02 -0.2788933E-04 -0.5285816E-04 -0.1505542E-04
Ar 7320  0.5257734E+02  0.5533085E+02  0.4999578E+02  0.6936330E-04 -0.4794798E-04  0.1692881E-04
Ar 7321  0.5268719E+02  0.5263348E+02  0.5270995E+02 -0.4017039E-04  0.5641601E-05  0.3257304E-05
Ar 7322  0.5521872E+02  0.5532651E+02  0.5261884E+02 -0.2094037E-04 -0.3587353E-04 -0.1082826E-03
Ar 7323  0.5521752E+02  0.5275285E+02  0.5526566E+02  0.1296423E-04 -0.7512269E-06 -0.4228368E-04
Ar 7324  0.5264520E+02  0.5539236E+02  0.5538752E+02 -0.2928527E-04 -0.2644035E-06  0.1348803E-04
Ar 7325  0.5253645E+02  0.5271918E+02  0.5792048E+02 -0.1767423E-04 -0.3802957E-04  0.1711468E-04
Ar 7326  0.5517639E+02  0.5536983E+02  0.5792919E+02 -0.7231808E-04 -0.1791155E-04 -0.4277161E-04
Ar 7327  0.5523793E+02  0.5278500E+02  0.6050331E+02 -0.2014583E-04  0.7423802E-05 -0.2318062E-04
Ar 7328  0.5252834E+02  0.5517879E+02  0.6045538E+02  0.1878717E-04 -0.4095471E-04  0.4544457E-04
Ar 7329  0.5267710E+02  0.5261745E+02  0.6310496E+02  0.3480748E-04 -0.7247978E-04 -0.2753091E-05
Ar 7330  0.5526436E+02  0.5534270E+02  0.6312325E+02 -0.3481159E-04 -0.7167123E-05 -0.1702416E-04
Ar 7331  0.5528861E+02  0.5260832E+02  0.6590079E+02 -0.2111086E-05 -0.5547260E-04  0.1225844E-04
Ar 7332  0.5268680E+02  0.5533641E+02  0.6570090E+02 -0.8239395E-04 -0.2544603E-04 -0.5000279E-04
Ar 7333  0.5267706E+02  0.5808831E+02  0.6836490E+02 -0.4889140E-04 -0.1588049E-04  0.6128926E-04
Ar 7334  0.5536891E+02  0.6048722E+02  0.6837230E+02  0.2537014E-04 -0.1946221E-04  0.1164442E-04
Ar 7335  0.5530102E+02  0.5779436E+02  0.2687189E+01  0.8918978E-04  0.2487122E-04 -0.8727878E-05
Ar 7336  0.5271994E+02  0.6055771E+02  0.2587987E+01 -0.6217659E-05  0.6540130E-04  0.1921878E-04
Ar 7337  0.5260402E+02  0.5795987E+02  0.5370622E+01 -0.1022064E-04  0.3843275E-05  0.4147346E-04
Ar 7338  0.5525380E+02  0.6053356E+02  0.5297162E+01 -0.4821727E-04 -0.5850808E-04  0.2610483E-04
Ar 7339  0.5534735E+02  0.5797460E+02  0.7801901E+01 -0.5062431E-04 -0.7078672E-05 -0.2626137E-05
Ar 7340  0.5255763E+02  0.6051553E+02  0.7915965E+01  0.6562697E-06 -0.2988154E-04  0.4678404E-04
Ar 7341  0.5266517E+02  0.5782078E+02  0.1051249E+02  0.5272958E-04 -0.1857844E-04  0.5778172E-04
Ar 7342  0.5525896E+02  0.6052280E+02  0.1056833E+02 -0.9115879E-04  0.2961564E-04 -0.7335740E-05
Ar 7343  0.5516025E+02  0.5792848E+02  0.1306804E+02  0.1053238E-03  0.3146032E-04  0.2367069E-05
Ar 7344  0.5259756E+02  0.6051260E+02  0.1324806E+02  0.6899983E-04  0.3309118E-04  0.3845943E-04
Ar 7345  0.5260972E+02  0.5776331E+02  0.1575333E+02  0.1144862E-03 -0.5252424E-04  0.1376937E-04
Ar 7346  0.5527792E+02  0.6065212E+02  0.1587005E+02 -0.2027482E-05 -0.8634570E-04  0.3089730E-04
Ar 7347  0.5524742E+02  0.5784117E+02  0.1834255E+02 -0.6891834E-04  0.5274286E-04  0.1326941E-05
Ar 7348  0.5268474E+02  0.6046085E+02  0.1846194E+02  0.1793795E-04 -0.2582722E-04 -0.4157121E-04
Ar 7349  0.5259660E+02  0.5784644E+02  0.2102113E+02 -0.4282312E-04 -0.5880357E-05 -0.5829882E-04
Ar 7350  0.5523446E+02  0.6046544E+02  0.2105886E+02  0.2070846E-04 -0.1952813E-04  0.1126907E-04
Ar 7351  0.5524439E+02  0.5791624E+02  0.2358771E+02  0.7233992E-05 -0.1081278E-04 -0.6046186E-05
Ar 7352  0.5261197E+02  0.6054433E+02  0.2362592E+02 -0.4863671E-05 -0.2902677E-04  0.4882731E-04
Ar 7353  0.5264667E+02  0.5786038E+02  0.2630723E+02 -0.2328990E-04 -0.3732146E-04  0.7068571E-05
Ar 7354  0.5519040E+02  0.6059142E+02  0.2626092E+02 -0.3305995E-04 -0.1507410E-03 -0.1095090E-04
Ar 7355  0.5526643E+02  0.5798564E+02  0.2891707E+02 -0.1868784E-04 -0.4540635E-04 -0.3750911E-04
Ar 7356  0.5256182E+02  0.6058529E+02  0.2898402E+02 -0.6093302E-04  0.1535375E-04  0.9023471E-05
Ar 7357  0.5265276E+02  0.5797956E+02  0.3140524E+02 -0.3952786E-04 -0.1841266E-04  0.6056713E-05
Ar 7358  0.5516973E+02  0.6051667E+02  0.3145346E+02 -0.3730713E-04 -0.2766149E-04 -0.3360918E-04
Ar 7359  0.5514619E+02  0.5786288E+02  0.3426385E+02 -0.7579110E-04 -0.3522564E-04  0.1078012E-04
Ar 7360  0.5253466E+02  0.6054902E+02  0.3422036E+02 -0.2768114E-05  0.5207199E-04 -0.4353278E-04
Ar 7361  0.5262258E+02  0.5780133E+02  0.3690906E+02 -0.6302723E-04 -0.4913745E-04  0.4755482E-04
Ar 7362  0.5523301E+02  0.6051857E+02  0.3681528E+02 -0.6213264E-04 -0.5482560E-04 -0.1057147E-03
Ar 7363  0.5526797E+02  0.5804776E+02  0.3942834E+02 -0.7321786E-04 -0.1699783E-05 -0.2935277E-04
Ar 7364  0.5258789E+02  0.6040606E+02  0.3948587E+02 -0.1493187E-04 -0.5277031E-04 -0.4965847E-04
Ar 7365  0.5259678E+02  0.5779149E+02  0.4217120E+02  0.1839185E-04 -0.6691838E-04 -0.5356551E-04
Ar 7366  0.5536792E+02  0.6050008E+02  0.4213417E+02 -0.1370972E-04  0.2845209E-04 -0.7012277E-04
Ar 7367  0.5513406E+02  0.5789310E+02  0.4474471E+02 -0.4510598E-04  0.1109928E-05 -0.6115376E-04
Ar 7368  0.5259656E+02  0.6057596E+02  0.4474753E+02 -0.4275512E-04 -0.1523859E-04  0.1690007E-04
Ar 7369  0.5263987E+02  0.5789195E+02  0.4740649E+02 -0.7518939E-04 -0.2683483E-04 -0.6650503E-04
Ar 7370  0.5518841E+02  0.6048499E+02  0.4744394E+02 -0.1318288E-04 -0.7214227E-05 -0.7377157E-04
Ar 7371  0.5525329E+02  0.5786673E+02  0.4984670E+02 -0.5250688E-05 -0.6967471E-04 -0.6206832E-04
Ar 7372  0.5260845E+02  0.6049944E+02  0.5005935E+02 -0.3396856E-04 -0.4314916E-04  0.2681663E-05
Ar 7373  0.5271448E+02  0.5788560E+02  0.5262852E+02 -0.9317859E-04  0.1430382E-04  0.5230642E-04
Ar 7374  0.5523442E+02  0.6045180E+02  0.5261115E+02 -0.6828492E-04 -0.7073105E-04 -0.2198880E-04
Ar 7375  0.5540245E+02  0.5785524E+02  0.5534132E+02 -0.2942749E-04  0.3232946E-04 -0.6070068E-04
Ar 7376  0.5267088E+02  0.6045862E+02  0.5524591E+02 -0.9826760E-05 -0.3459775E-04 -0.6923855E-04
Ar 7377  0.5264009E+02  0.5785424E+02  0.5788025E+02 -0.2248865E-04  0.4684408E-04 -0.4574438E-04
Ar 7378  0.5529458E+02  0.6054288E+02  0.5801941E+02 -0.9784853E-04  0.7891134E-04  0.3542161E-04
Ar 7379  0.5519742E+02  0.5784955E+02  0.6054846E+02  0.1613115E-04 -0.4745522E-04 -0.2551027E-04
Ar 7380  0.5267366E+02  0.6035640E+02  0.6048987E+02  0.3189712E-04 -0.5162332E-04 -0.3010098E-04
Ar 7381  0.5262334E+02  0.5788915E+02  0.6303230E+02 -0.2075752E-04  0.8034881E-04 -0.2132501E-04
Ar 7382  0.5540048E+02  0.6058516E+02  0.6314044E+02 -0.3179552E-04  0.2816251E-04  0.2126407E-04
Ar 7383  0.5517093E+02  0.5790146E+02  0.6569538E+02 -0.9334379E-04  0.7891319E-05  0.1573107E-05
Ar 7384  0.5252905E+02  0.6058089E+02  0.6569834E+02 -0.1946049E-04  0.5579598E-04 -0.1927421E-04
Ar 7385  0.5258015E+02  0.6308088E+02  0.6844594E+02 -0.4026333E-04  0.1496363E-04 -0.3999268E-04
Ar 7386  0.5533303E+02  0.6584282E+02  0.6831832E+02  0.6556487E-04 -0.1823086E-04 -0.1063838E-03
Ar 7387  0.5517033E+02  0.6312247E+02  0.2629407E+01  0.1833954E-05 -0.6329685E-05  0.5865867E-04
Ar 7388  0.5264154E+02  0.6593647E+02  0.2627902E+01 -0.2026046E-04 -0.4692549E-04 -0.5965834E-04
Ar 7389  0.5260970E+02  0.6320360E+02  0.5138898E+01 -0.5760233E-04  0.9486280E-05 -0.6162388E-04
Ar 7390  0.5524348E+02  0.6573835E+02  0.5380718E+01 -0.7578397E-04 -0.3579036E-04  0.8688165E-04
Ar 7391  0.5524970E+02  0.6314033E+02  0.7832489E+01 -0.2285481E-05  0.9573110E-05 -0.6178352E-04
Ar 7392  0.5265847E+02  0.6592204E+02  0.7667459E+01  0.2199419E-04 -0.8015970E-04  0.1423628E-04
Ar 7393  0.5255823E+02  0.6311031E+02  0.1050733E+02 -0.1178451E-03  0.1893509E-04 -0.3834882E-04
Ar 7394  0.5524536E+02  0.6575124E+02  0.1061018E+02 -0.1273840E-03  0.1866923E-04 -0.2317271E-04
Ar 7395  0.5531209E+02  0.6317101E+02  0.1306345E+02  0.3486152E-04 -0.5251308E-04  0.3921728E-04
Ar 7396  0.5274078E+02  0.6575198E+02  0.1310878E+02  0.1727602E-04 -0.7183871E-04  0.2896820E-05
Ar 7397  0.5260893E+02  0.6313177E+02  0.1570047E+02 -0.3609424E-05 -0.4460745E-04  0.1064109E-03
Ar 7398  0.5530277E+02  0.6579621E+02  0.1586148E+02 -0.3602626E-04 -0.1083568E-03  0.2363206E-04
Ar 7399  0.5529606E+02  0.6316666E+02  0.1840371E+02  0.1676121E-04  0.4600922E-04 -0.3350644E-04
Ar 7400  0.5246629E+02  0.6577895E+02  0.1831213E+02  0.6469827E-04  0.1275526E-05 -0.8963414E-04
Ar 7401  0.5258297E+02  0.6315531E+02  0.2103919E+02  0.3383553E-06 -0.1640815E-04  0.3073535E-04
Ar 7402  0.5515990E+02  0.6576561E+02  0.2106740E+02  0.5656799E-04  0.8129944E-04 -0.1595436E-04
Ar 7403  0.5527796E+02  0.6317049E+02  0.2363572E+02  0.4949509E-04 -0.1355812E-04 -0.5439213E-04
Ar 7404  0.5258049E+02  0.6587762E+02  0.2366517E+02 -0.5010266E-04 -0.2521038E-05  0.2087999E-04
Ar 7405  0.5259019E+02  0.6318518E+02  0.2622732E+02 -0.2472999E-04 -0.1630577E-04 -0.4098982E-04
Ar 7406  0.5515252E+02  0.6569065E+02  0.2633249E+02 -0.4468203E-05 -0.3397038E-04 -0.6960790E-04
Ar 7407  0.5530800E+02  0.6315255E+02  0.2898718E+02 -0.7320863E-04  0.1839760E-04  0.7940456E-04
Ar 7408  0.5261482E+02  0.6569151E+02  0.2897523E+02 -0.1344366E-03 -0.4761783E-04  0.1307323E-04
Ar 7409  0.5253605E+02  0.6325812E+02  0.3173839E+02 -0.3209304E-04 -0.1761044E-04  0.1896317E-05
Ar 7410  0.5516883E+02  0.6579907E+02  0.3158497E+02  0.1506247E-04 -0.9469096E-05 -0.3600527E-04
Ar 7411  0.5511520E+02  0.6316356E+02  0.3424562E+02  0.7446478E-04 -0.5111117E-04  0.9311488E-05
Ar 7412  0.5258611E+02  0.6582164E+02  0.3422899E+02 -0.3583774E-04 -0.1014717E-04 -0.3266895E-04
Ar 7413  0.5261189E+02  0.6315249E+02  0.3662947E+02 -0.4274632E-04 -0.1062104E-06 -0.8786547E-04
Ar 7414  0.5531406E+02  0.6578004E+02  0.3690949E+02 -0.7800759E-04 -0.4723271E-04 -0.1180924E-04
Ar 7415  0.5516101E+02  0.6327145E+02  0.3939968E+02 -0.6162009E-04 -0.3893068E-05  0.8741208E-04
Ar 7416  0.5259799E+02  0.6572641E+02  0.3940544E+02 -0.1565648E-04 -0.1077082E-03 -0.1032525E-03
Ar 7417  0.5255947E+02  0.6317804E+02  0.4213809E+02 -0.2776257E-04  0.1021963E-03 -0.8745096E-04
Ar 7418  0.5525851E+02  0.6580727E+02  0.4202735E+02 -0.2098671E-04 -0.5029816E-04 -0.2794845E-04
Ar 7419  0.5531685E+02  0.6320634E+02  0.4469717E+02  0.4200686E-04 -0.3985818E-04  0.4056244E-04
Ar 7420  0.5269640E+02  0.6573450E+02  0.4478667E+02 -0.5643609E-04 -0.1050884E-03  0.1960748E-04
Ar 7421  0.5267558E+02  0.6314763E+02  0.4745044E+02  0.1051226E-03 -0.3357409E-04 -0.1403493E-04
Ar 7422  0.5525823E+02  0.6577660E+02  0.4743120E+02  0.2528062E-04 -0.6888290E-04 -0.5909219E-04
Ar 7423  0.5519553E+02  0.6308550E+02  0.4995605E+02 -0.2935716E-04  0.3475557E-04  0.2592094E-04
Ar 7424  0.5254627E+02  0.6584903E+02  0.4992028E+02 -0.3227187E-04  0.7677285E-05 -0.6085343E-04
Ar 7425  0.5269469E+02  0.6310995E+02  0.5255557E+02  0.3730203E-04 -0.2403956E-04 -0.5522680E-04
Ar 7426  0.5529990E+02  0.6573365E+02  0.5258809E+02 -0.4883538E-04 -0.2595710E-04 -0.9064042E-06
Ar 7427  0.5526640E+02  0.6321747E+02  0.5527169E+02 -0.1070300E-04 -0.8810754E-04  0.1378522E-05
Ar 7428  0.5258521E+02  0.6589908E+02  0.5519112E+02 -0.3227829E-05 -0.2370852E-04 -0.5515610E-04
Ar 7429  0.5258007E+02  0.6307875E+02  0.5783494E+02 -0.7644203E-04 -0.7831276E-05 -0.7021246E-04
Ar 7430  0.5521603E+02  0.6578125E+02  0.5792446E+02 -0.1225641E-04  0.5038158E-05  0.3294684E-04
Ar 7431  0.5523926E+02  0.6321540E+02  0.6050375E+02 -0.7173359E-04  0.2548051E-04  0.5511865E-04
Ar 7432  0.5272633E+02  0.6574902E+02  0.6057013E+02 -0.1431261E-05 -0.3822994E-04 -0.2634328E-04
Ar 7433  0.5260214E+02  0.6317667E+02  0.6320280E+02 -0.1805605E-04 -0.1751920E-04 -0.2171664E-04
Ar 7434  0.5536928E+02  0.6581307E+02  0.6314182E+02 -0.4190546E-04 -0.4717286E-04 -0.7202468E-04
Ar 7435  0.5526429E+02  0.6333752E+02  0.6589038E+02  0.3105162E-04  0.1121134E-05 -0.6560398E-04
Ar 7436  0.5260967E+02  0.6575107E+02  0.6572402E+02 -0.7681762E-04  0.5043022E-04  0.1492216E-05
Ar 7437  0.5794012E+02  0.6839216E+02  0.7870348E-01  0.1657517E-04 -0.9651348E-05  0.5118060E-05
Ar 7438  0.6042816E+02  0.2742398E+01  0.6856818E+02  0.2135506E-04 -0.1498408E-04 -0.3963545E-04
Ar 7439  0.6046719E+02  0.1538285E+00  0.2667443E+01  0.9313954E-06  0.5237231E-04  0.4332851E-04
Ar 7440  0.5788455E+02  0.2624362E+01  0.2715108E+01 -0.2147374E-04  0.3937763E-04 -0.2396954E-04
Ar 7441  0.5796514E+02  0.6830358E+02  0.5297588E+01 -0.7817533E-04 -0.3075934E-04 -0.1986188E-05
Ar 7442  0.6054398E+02  0.2624720E+01  0.5425471E+01  0.2097111E-04 -0.6401142E-04  0.6405458E-04
Ar 7443  0.6048843E+02  0.6832794E+02  0.7868087E+01  0.2140535E-04 -0.6198784E-04  0.8792479E-04
Ar 7444  0.5790317E+02  0.2650902E+01  0.7860425E+01 -0.7602882E-04  0.1299218E-04 -0.1767818E-04
Ar 7445  0.5792157E+02  0.6845107E+02  0.1048226E+02 -0.4637899E-04  0.1237348E-04 -0.2041599E-04
Ar 7446  0.6051921E+02  0.2615371E+01  0.1055954E+02  0.4762139E-05 -0.7669125E-04 -0.6328595E-04
Ar 7447  0.6058040E+02  0.6837988E+02  0.1302817E+02 -0.8599250E-04  0.2615674E-04  0.6275305E-04
Ar 7448  0.5782468E+02  0.2582461E+01  0.1307957E+02 -0.7144614E-04 -0.7472858E-04  0.3223920E-04
Ar 7449  0.5797709E+02  0.6842327E+02  0.1574756E+02  0.5233092E-04  0.3581097E-04  0.7933075E-04
Ar 7450  0.6057094E+02  0.2631283E+01  0.1585074E+02 -0.4114178E-04 -0.8499212E-04  0.1188825E-04
Ar 7451  0.6050637E+02  0.1471354E+00  0.1838556E+02  0.7358100E-04 -0.1478220E-04 -0.6913714E-04
Ar 7452  0.5786106E+02  0.2575399E+01  0.1847327E+02 -0.7231053E-04  0.6846571E-05  0.6744110E-04
Ar 7453  0.5786919E+02  0.8606235E-01  0.2106337E+02  0.1471750E-05 -0.1399933E-04 -0.9212948E-04
Ar 7454  0.6051792E+02  0.2566236E+01  0.2092368E+02 -0.1715084E-04 -0.3848015E-05  0.2773201E-04
Ar 7455  0.6056332E+02  0.6838768E+02  0.2370197E+02  0.4158814E-04  0.8379256E-06 -0.1576982E-04
Ar 7456  0.5794730E+02  0.2671683E+01  0.2373350E+02 -0.1186027E-05  0.6596148E-04  0.4726489E-04
Ar 7457  0.5788288E+02  0.6843194E+02  0.2643762E+02 -0.7152225E-04 -0.2445889E-05 -0.1118376E-04
Ar 7458  0.6049126E+02  0.2646653E+01  0.2624674E+02 -0.7196472E-04  0.7693749E-05  0.1950253E-04
Ar 7459  0.6056857E+02  0.1189189E+00  0.2905268E+02 -0.6323751E-04  0.5193003E-04  0.5348657E-05
Ar 7460  0.5792407E+02  0.2666129E+01  0.2887893E+02 -0.7098663E-04 -0.3595121E-04 -0.2033930E-04
Ar 7461  0.5801500E+02  0.6832848E+02  0.3159192E+02  0.2467284E-05 -0.9400066E-04 -0.8394997E-04
Ar 7462  0.6047667E+02  0.2672653E+01  0.3161190E+02  0.3815787E-04  0.8336688E-05  0.1009225E-03
Ar 7463  0.6060661E+02  0.6849116E+02  0.3424184E+02 -0.4977129E-04 -0.1186720E-04  0.4897592E-05
Ar 7464  0.5797612E+02  0.2580809E+01  0.3414024E+02  0.7480020E-04  0.6613001E-04  0.4121583E-04
Ar 7465  0.5793189E+02  0.6852625E+02  0.3687033E+02  0.1829206E-04 -0.5700792E-04 -0.7322754E-04
Ar 7466  0.6051282E+02  0.2493963E+01  0.3680760E+02 -0.6952372E-04 -0.9119822E-04 -0.4012138E-04
Ar 7467  0.6044983E+02  0.6848249E+02  0.3952241E+02 -0.4241943E-04  0.4806386E-04  0.2768384E-04
Ar 7468  0.5790655E+02  0.2699384E+01  0.3939409E+02 -0.9751419E-05 -0.2458342E-04 -0.3537639E-04
Ar 7469  0.5784896E+02  0.6845514E+02  0.4207698E+02  0.2497405E-06 -0.2144375E-04 -0.5454607E-04
Ar 7470  0.6054426E+02  0.2528699E+01  0.4210982E+02  0.2716140E-04 -0.7908688E-04  0.2852265E-05
Ar 7471  0.6049565E+02  0.6842134E+02  0.4485589E+02 -0.4494576E-04  0.3393317E-04  0.1519176E-04
Ar 7472  0.5787075E+02  0.2648590E+01  0.4484409E+02 -0.1964726E-06  0.2848542E-04 -0.1032845E-03
Ar 7473  0.5788116E+02  0.6847391E+02  0.4733245E+02 -0.4407387E-04 -0.3989795E-04  0.1011929E-04
Ar 7474  0.6068402E+02  0.2599155E+01  0.4749155E+02 -0.3522669E-04  0.1467576E-04 -0.4766148E-04
Ar 7475  0.6063131E+02  0.6843453E+02  0.5000387E+02  0.6088991E-05 -0.3744202E-05 -0.1320608E-04
Ar 7476  0.5783542E+02  0.2647304E+01  0.4994824E+02  0.2780552E-04  0.2586048E-05 -0.8243258E-04
Ar 7477  0.5801290E+02  0.6847026E+02  0.5264777E+02 -0.2881257E-04  0.2209872E-04 -0.5096253E-04
Ar 7478  0.6062375E+02  0.2713267E+01  0.5255527E+02  0.1010795E-05 -0.5830974E-04 -0.1521169E-04
Ar 7479  0.6047406E+02  0.3607196E-01  0.5525393E+02  0.1264077E-04 -0.6618873E-04 -0.2326599E-04
Ar 7480  0.5785835E+02  0.2451989E+01  0.5522587E+02 -0.8462929E-04  0.4431810E-04  0.3400824E-04
Ar 7481  0.5793385E+02  0.6834656E+02  0.5792998E+02 -0.2018245E-04 -0.7818445E-05 -0.6364116E-04
Ar 7482  0.6047444E+02  0.2562825E+01  0.5786162E+02 -0.4761906E-04  0.2494856E-04 -0.1277910E-03
Ar 7483  0.6049224E+02  0.6846032E+02  0.6064044E+02  0.1246950E-04  0.5266324E-04 -0.4643156E-04
Ar 7484  0.5793920E+02  0.2692590E+01  0.6040085E+02  0.7621506E-05 -0.2504372E-04 -0.1393877E-04
Ar 7485  0.5793703E+02  0.6846461E+02  0.6309960E+02 -0.1666806E-04 -0.5577986E-04  0.2358032E-04
Ar 7486  0.6048165E+02  0.2596649E+01  0.6310135E+02 -0.7120789E-04  0.4818769E-04  0.8592150E-05
Ar 7487  0.6039610E+02  0.6841117E+02  0.6575515E+02 -0.4837694E-04 -0.6421058E-04  0.2788051E-04
Ar 7488  0.5790646E+02  0.2604165E+01  0.6580458E+02 -0.5462866E-04  0.1669268E-03 -0.4880593E-04
Ar 7489  0.5789000E+02  0.5272642E+01  0.6833881E+02 -0.2420403E-04  0.6406579E-05 -0.3505496E-04
Ar 7490  0.6051940E+02  0.7828080E+01  0.6837193E+02 -0.5577659E-04  0.1181222E-04  0.3335894E-05
Ar 7491  0.6048552E+02  0.5332072E+01  0.2609547E+01  0.2972763E-04  0.3631285E-04  0.2426730E-05
Ar 7492  0.5789319E+02  0.7963595E+01  0.2519356E+01 -0.5383511E-05  0.6910116E-04  0.4354749E-05
Ar 7493  0.5799886E+02  0.5164846E+01  0.5382196E+01 -0.2038031E-04  0.3849778E-04  0.1651605E-04
Ar 7494  0.6056230E+02  0.7786201E+01  0.5191604E+01 -0.8639619E-04  0.1093497E-05  0.3819105E-04
Ar 7495  0.6048109E+02  0.5329521E+01  0.7797109E+01 -0.6182487E-04  0.3725278E-04  0.6358499E-04
Ar 7496  0.5781953E+02  0.7807100E+01  0.7938098E+01  0.2990285E-04  0.1637525E-04 -0.4307562E-05
Ar 7497  0.5779736E+02  0.5220753E+01  0.1044330E+02 -0.1548257E-04  0.3383014E-04 -0.3887510E-04
Ar 7498  0.6051761E+02  0.7935647E+01  0.1052092E+02 -0.4209161E-05  0.6870715E-04 -0.8898676E-04
Ar 7499  0.6044147E+02  0.5254225E+01  0.1321162E+02 -0.3764707E-04 -0.2128861E-04 -0.7129845E-04
Ar 7500  0.5788894E+02  0.7845995E+01  0.1319585E+02 -0.6734977E-04 -0.4749086E-04  0.8710450E-04
Ar 7501  0.5795258E+02  0.5223274E+01  0.1577307E+02 -0.1741052E-04 -0.4455311E-04 -0.6503030E-04
Ar 7502  0.6061310E+02  0.7868813E+01  0.1576555E+02 -0.6800528E-04 -0.6957545E-05 -0.8603637E-05
Ar 7503  0.6060298E+02  0.5151882E+01  0.1837918E+02  0.1945184E-05 -0.3884885E-04 -0.3151250E-04
Ar 7504  0.5779467E+02  0.7861133E+01  0.1850775E+02 -0.4840786E-04 -0.2917343E-05  0.3763424E-04
Ar 7505  0.5777155E+02  0.5248263E+01  0.2100617E+02  0.7887788E-05  0.1890796E-04 -0.1971997E-06
Ar 7506  0.6051878E+02  0.7796467E+01  0.2092689E+02  0.3325176E-04 -0.1080129E-03  0.1571490E-04
Ar 7507  0.6069690E+02  0.5193739E+01  0.2363007E+02  0.6217846E-04  0.4106721E-04 -0.2339223E-04
Ar 7508  0.5785976E+02  0.7974608E+01  0.2377757E+02 -0.5558904E-04 -0.1093494E-03  0.9180683E-05
Ar 7509  0.5785427E+02  0.5274073E+01  0.2636902E+02 -0.1263654E-03  0.1355501E-04 -0.1720998E-04
Ar 7510  0.6047326E+02  0.7868696E+01  0.2642395E+02 -0.2833158E-04 -0.4470328E-04  0.4096991E-05
Ar 7511  0.6042430E+02  0.5252265E+01  0.2893385E+02  0.2550179E-04 -0.6019151E-04  0.6552256E-04
Ar 7512  0.5788075E+02  0.7948846E+01  0.2893379E+02 -0.4881487E-04  0.7142675E-04  0.2247464E-04
Ar 7513  0.5783732E+02  0.5186569E+01  0.3156974E+02 -0.8625036E-04 -0.3831737E-04 -0.5194536E-04
Ar 7514  0.6060574E+02  0.7904837E+01  0.3156682E+02 -0.9600556E-04  0.1077447E-03 -0.6696227E-04
Ar 7515  0.6058437E+02  0.5303795E+01  0.3421772E+02 -0.9012925E-04 -0.2999553E-04  0.2946370E-05
Ar 7516  0.5785307E+02  0.7881359E+01  0.3416843E+02 -0.4697735E-04 -0.4504481E-05  0.2124973E-04
Ar 7517  0.5791849E+02  0.5205130E+01  0.3678794E+02 -0.5736477E-04  0.2825309E-04  0.1431098E-04
Ar 7518  0.6059129E+02  0.7954753E+01  0.3676899E+02 -0.3372002E-05  0.1391955E-04  0.1113248E-04
Ar 7519  0.6046957E+02  0.5250806E+01  0.3929416E+02 -0.3910232E-04  0.1215537E-04 -0.5348262E-04
Ar 7520  0.5788954E+02  0.7865729E+01  0.3947857E+02 -0.1583960E-04  0.1133561E-03  0.1427873E-04
Ar 7521  0.5786944E+02  0.5235659E+01  0.4216992E+02 -0.2712158E-04  0.8444482E-04 -0.2926525E-04
Ar 7522  0.6052861E+02  0.7960588E+01  0.4211466E+02  0.4782813E-04 -0.9630490E-05 -0.2871566E-04
Ar 7523  0.6049528E+02  0.5212568E+01  0.4471839E+02 -0.2587317E-04 -0.1399737E-04 -0.1460109E-04
Ar 7524  0.5798047E+02  0.7798063E+01  0.4463769E+02  0.1009768E-03 -0.3855704E-04  0.3893328E-04
Ar 7525  0.5794862E+02  0.5269548E+01  0.4738565E+02 -0.1459703E-05 -0.2783008E-05  0.9921510E-04
Ar 7526  0.6057034E+02  0.7935249E+01  0.4731474E+02 -0.4694666E-05 -0.9317814E-05 -0.2833293E-04
Ar 7527  0.6054071E+02  0.5206323E+01  0.5001250E+02 -0.7735056E-05 -0.1240890E-04 -0.1248920E-04
Ar 7528  0.5786078E+02  0.7975502E+01  0.5009923E+02 -0.2578822E-04  0.5856571E-04 -0.5208355E-04
Ar 7529  0.5787483E+02  0.5167438E+01  0.5252016E+02 -0.1050587E-03  0.1000701E-03 -0.5304467E-06
Ar 7530  0.6047754E+02  0.7914192E+01  0.5266900E+02 -0.1876781E-03 -0.3752551E-04 -0.5089620E-05
Ar 7531  0.6047116E+02  0.5295592E+01  0.5520948E+02 -0.4245253E-04 -0.6633412E-04  0.1424167E-04
Ar 7532  0.5786124E+02  0.7815469E+01  0.5525222E+02 -0.2816289E-05 -0.3979294E-05 -0.2121533E-04
Ar 7533  0.5792046E+02  0.5120553E+01  0.5785700E+02  0.1323592E-04 -0.2557243E-04  0.3143071E-04
Ar 7534  0.6053367E+02  0.7796237E+01  0.5782146E+02  0.4612809E-04  0.7685751E-04 -0.5991684E-04
Ar 7535  0.6059359E+02  0.5232707E+01  0.6043975E+02 -0.1799843E-04 -0.3464729E-04 -0.7867858E-04
Ar 7536  0.5787853E+02  0.7799211E+01  0.6057122E+02 -0.3295231E-05 -0.5437486E-04 -0.6534454E-04
Ar 7537  0.5794656E+02  0.5347958E+01  0.6322034E+02 -0.1092129E-03  0.5470376E-04 -0.5493744E-04
Ar 7538  0.6058888E+02  0.7925949E+01  0.6314951E+02  0.2673671E-04 -0.5026576E-04 -0.4657524E-04
Ar 7539  0.6053829E+02  0.5266165E+01  0.6574430E+02 -0.4583124E-04 -0.8209064E-04 -0.1367378E-04
Ar 7540  0.5790161E+02  0.7979827E+01  0.6580894E+02  0.3948518E-04  0.4137327E-04 -0.6305822E-04
Ar 7541  0.5780935E+02  0.1052582E+02  0.6855381E+02 -0.3404036E-04 -0.3459153E-05  0.9340514E-05
Ar 7542  0.6044632E+02  0.1316987E+02  0.6836273E+02 -0.4753072E-04 -0.5056516E-04 -0.7126609E-04
Ar 7543  0.6059158E+02  0.1058131E+02  0.2638567E+01  0.5724172E-04  0.1181898E-03 -0.6433012E-04
Ar 7544  0.5775081E+02  0.1322263E+02  0.2559426E+01 -0.6374631E-04  0.1924175E-04 -0.7584511E-05
Ar 7545  0.5784722E+02  0.1048102E+02  0.5279912E+01  0.4181961E-04  0.4940864E-04 -0.1803162E-04
Ar 7546  0.6056204E+02  0.1313348E+02  0.5423870E+01  0.1881756E-05 -0.2877260E-04 -0.2899601E-04
Ar 7547  0.6060535E+02  0.1047569E+02  0.7924127E+01  0.1831729E-04  0.5466084E-04  0.1996857E-04
Ar 7548  0.5795831E+02  0.1319828E+02  0.8065728E+01 -0.1394277E-04  0.5337857E-04  0.7735899E-04
Ar 7549  0.5796791E+02  0.1049681E+02  0.1059794E+02  0.3787798E-06  0.6864382E-04 -0.9275476E-04
Ar 7550  0.6048304E+02  0.1317756E+02  0.1058156E+02 -0.7817072E-04  0.1579553E-05 -0.1284081E-04
Ar 7551  0.6045694E+02  0.1047588E+02  0.1314393E+02 -0.1670024E-03 -0.3008061E-05  0.4983383E-04
Ar 7552  0.5786855E+02  0.1314007E+02  0.1320634E+02  0.2986506E-04 -0.8740930E-04 -0.5025208E-05
Ar 7553  0.5803351E+02  0.1052809E+02  0.1580242E+02 -0.1481752E-04 -0.2530449E-04 -0.8795886E-04
Ar 7554  0.6071707E+02  0.1310764E+02  0.1575741E+02 -0.1854074E-04  0.5178857E-05 -0.2449071E-04
Ar 7555  0.6047842E+02  0.1048792E+02  0.1827536E+02  0.8224971E-05 -0.2624725E-04 -0.7588806E-04
Ar 7556  0.5793940E+02  0.1322180E+02  0.1837362E+02 -0.5879208E-04  0.1298740E-04  0.3378156E-04
Ar 7557  0.5796419E+02  0.1053210E+02  0.2093226E+02  0.1016702E-03 -0.2983651E-04 -0.6557245E-04
Ar 7558  0.6057394E+02  0.1319677E+02  0.2103321E+02  0.4883581E-04  0.3386143E-04 -0.3361280E-04
Ar 7559  0.6045184E+02  0.1051798E+02  0.2371556E+02 -0.3179277E-04 -0.6543966E-04 -0.5142555E-04
Ar 7560  0.5782551E+02  0.1318118E+02  0.2369732E+02  0.5178669E-04  0.1689104E-04 -0.4743810E-04
Ar 7561  0.5793041E+02  0.1054935E+02  0.2632296E+02 -0.8551151E-04 -0.1686286E-05  0.4491651E-04
Ar 7562  0.6054987E+02  0.1322308E+02  0.2625579E+02  0.1577214E-05  0.6231788E-04 -0.5998410E-04
Ar 7563  0.6039634E+02  0.1055285E+02  0.2894038E+02 -0.7972970E-04  0.3689800E-04  0.8858302E-04
Ar 7564  0.5779473E+02  0.1301685E+02  0.2892511E+02 -0.2045612E-04 -0.2764724E-04  0.9999409E-04
Ar 7565  0.5789510E+02  0.1043520E+02  0.3162667E+02  0.5639301E-04 -0.2796856E-04  0.4652682E-04
Ar 7566  0.6056137E+02  0.1313150E+02  0.3158479E+02 -0.6396467E-04 -0.1741732E-04 -0.7465238E-04
Ar 7567  0.6052816E+02  0.1067282E+02  0.3419110E+02 -0.7364190E-04  0.6116739E-04  0.1295888E-05
Ar 7568  0.5787697E+02  0.1323015E+02  0.3423507E+02 -0.1011004E-03  0.2452313E-06 -0.5911285E-05
Ar 7569  0.5789450E+02  0.1064058E+02  0.3680356E+02  0.3773383E-04  0.1007904E-04 -0.6016960E-04
Ar 7570  0.6047632E+02  0.1321362E+02  0.3672238E+02 -0.2929547E-04  0.2737744E-04 -0.3526295E-04
Ar 7571  0.6060634E+02  0.1048299E+02  0.3959155E+02  0.1146589E-03  0.6093342E-05  0.3624851E-04
Ar 7572  0.5801126E+02  0.1319884E+02  0.3933082E+02  0.8579392E-04 -0.1801511E-04 -0.5411900E-04
Ar 7573  0.5791592E+02  0.1056794E+02  0.4211020E+02 -0.9668505E-04 -0.1306883E-04 -0.1688314E-04
Ar 7574  0.6040352E+02  0.1304976E+02  0.4214890E+02 -0.2813086E-04 -0.2677124E-04  0.2413813E-04
Ar 7575  0.6047807E+02  0.1052272E+02  0.4472503E+02  0.5703013E-04 -0.6285589E-05 -0.9559346E-04
Ar 7576  0.5787403E+02  0.1326271E+02  0.4482630E+02 -0.5701481E-04 -0.2424406E-04 -0.4956897E-05
Ar 7577  0.5789076E+02  0.1050194E+02  0.4733521E+02  0.2424430E-04 -0.6449283E-05 -0.1111811E-04
Ar 7578  0.6057626E+02  0.1314519E+02  0.4729171E+02  0.6650705E-04 -0.7977102E-04 -0.6765476E-07
Ar 7579  0.6051420E+02  0.1052874E+02  0.4988628E+02 -0.3979173E-04  0.7794246E-04  0.3785036E-04
Ar 7580  0.5796426E+02  0.1310166E+02  0.4987503E+02  0.4165684E-04  0.1005242E-04 -0.3840971E-05
Ar 7581  0.5789871E+02  0.1062640E+02  0.5258992E+02 -0.7187369E-04 -0.1041022E-03 -0.9729592E-05
Ar 7582  0.6052944E+02  0.1317173E+02  0.5263120E+02 -0.2583377E-04 -0.4992395E-05 -0.7566502E-04
Ar 7583  0.6044986E+02  0.1050020E+02  0.5515052E+02 -0.3821506E-04 -0.1176827E-03  0.5673283E-05
Ar 7584  0.5777983E+02  0.1319432E+02  0.5537546E+02 -0.9380649E-04  0.3373149E-04  0.1967369E-06
Ar 7585  0.5780983E+02  0.1046310E+02  0.5783068E+02 -0.8129738E-05  0.5580080E-04 -0.1697346E-04
Ar 7586  0.6047520E+02  0.1307803E+02  0.5789922E+02  0.3327293E-04 -0.2581496E-04 -0.1743853E-04
Ar 7587  0.6057251E+02  0.1045226E+02  0.6050074E+02 -0.3151124E-04 -0.3647586E-04  0.5722751E-04
Ar 7588  0.5794655E+02  0.1318629E+02  0.6046955E+02 -0.3200959E-04  0.7168656E-04  0.4215441E-04
Ar 7589  0.5791763E+02  0.1054450E+02  0.6311065E+02 -0.4201495E-04 -0.3564474E-04 -0.3561700E-04
Ar 7590  0.6053989E+02  0.1311708E+02  0.6318470E+02 -0.2276797E-04 -0.8339367E-04 -0.9234259E-05
Ar 7591  0.6043341E+02  0.1050842E+02  0.6578545E+02 -0.3448539E-04 -0.1550978E-04 -0.4055997E-04
Ar 7592  0.5796781E+02  0.1323812E+02  0.6580841E+02  0.3458689E-04 -0.6970151E-05  0.4850284E-04
Ar 7593  0.5795990E+02  0.1577187E+02  0.6842769E+02  0.5354257E-05  0.7555948E-04 -0.3880001E-04
Ar 7594  0.6048937E+02  0.1829428E+02  0.5773175E-01 -0.1658424E-04  0.5811007E-04  0.3322957E-05
Ar 7595  0.6052836E+02  0.1580883E+02  0.2737968E+01 -0.1501692E-04 -0.2125013E-04 -0.4968037E-05
Ar 7596  0.5795481E+02  0.1845084E+02  0.2703378E+01 -0.3704179E-04 -0.4852263E-04 -0.4257216E-04
Ar 7597  0.5787199E+02  0.1566767E+02  0.5316006E+01  0.2065553E-04 -0.2152569E-04 -0.3166227E-05
Ar 7598  0.6052406E+02  0.1846461E+02  0.5205438E+01 -0.4651670E-04  0.3344493E-04  0.4138874E-04
Ar 7599  0.6053498E+02  0.1580646E+02  0.7956241E+01 -0.9624742E-04 -0.3219441E-04 -0.6442894E-04
Ar 7600  0.5788066E+02  0.1837848E+02  0.7929375E+01  0.7765344E-05  0.7669536E-05  0.4768823E-04
Ar 7601  0.5787756E+02  0.1579864E+02  0.1059548E+02  0.1408940E-04  0.2491978E-04  0.7666083E-04
Ar 7602  0.6057860E+02  0.1840935E+02  0.1051391E+02 -0.3471706E-04 -0.8385388E-04  0.3893231E-04
Ar 7603  0.6048242E+02  0.1576994E+02  0.1320917E+02  0.2458613E-04 -0.3814829E-04  0.3850144E-04
Ar 7604  0.5789705E+02  0.1845710E+02  0.1321020E+02 -0.8564138E-04  0.5446082E-04  0.6146133E-04
Ar 7605  0.5791814E+02  0.1578376E+02  0.1585175E+02 -0.6184966E-04  0.8261786E-05 -0.6430339E-05
Ar 7606  0.6043420E+02  0.1841108E+02  0.1585504E+02 -0.7066494E-04  0.9396513E-05 -0.3550199E-04
Ar 7607  0.6058599E+02  0.1575677E+02  0.1846285E+02  0.5051951E-04  0.1776614E-04 -0.1142211E-04
Ar 7608  0.5797013E+02  0.1832064E+02  0.1857018E+02  0.1215918E-04 -0.1474701E-04  0.1001588E-04
Ar 7609  0.5799203E+02  0.1571730E+02  0.2098416E+02 -0.9143223E-04  0.2142630E-04  0.1488399E-04
Ar 7610  0.6053160E+02  0.1832903E+02  0.2100084E+02 -0.6725833E-04  0.7710414E-04 -0.1512493E-04
Ar 7611  0.6053333E+02  0.1575763E+02  0.2368949E+02 -0.6650744E-04 -0.8714891E-06 -0.1292401E-04
Ar 7612  0.5799551E+02  0.1843876E+02  0.2367952E+02  0.5425963E-04  0.4349924E-04 -0.1257535E-04
Ar 7613  0.5787365E+02  0.1579355E+02  0.2625181E+02 -0.5022597E-04 -0.4573046E-04  0.3520952E-04
Ar 7614  0.6040858E+02  0.1843006E+02  0.2626208E+02  0.1545788E-06  0.1411115E-04 -0.7791461E-06
Ar 7615  0.6057369E+02  0.1576151E+02  0.2896431E+02 -0.2938954E-04 -0.5504460E-04 -0.1709858E-04
Ar 7616  0.5790370E+02  0.1841468E+02  0.2895246E+02 -0.2980335E-04 -0.1867552E-04 -0.3458149E-04
Ar 7617  0.5797422E+02  0.1581225E+02  0.3160515E+02  0.4987526E-04  0.4024382E-04  0.3153696E-04
Ar 7618  0.6050260E+02  0.1832220E+02  0.3158712E+02 -0.1348769E-04 -0.4170321E-04 -0.2389037E-04
Ar 7619  0.6056767E+02  0.1572721E+02  0.3419251E+02 -0.3770145E-04  0.5380345E-04 -0.9756881E-04
Ar 7620  0.5790697E+02  0.1837778E+02  0.3407019E+02  0.5293046E-04 -0.5662985E-04  0.5831233E-04
Ar 7621  0.5796492E+02  0.1584852E+02  0.3686147E+02 -0.3098790E-05  0.1591653E-04 -0.2097788E-04
Ar 7622  0.6044304E+02  0.1830420E+02  0.3682077E+02  0.1080452E-03  0.5212462E-04 -0.2134921E-04
Ar 7623  0.6059281E+02  0.1574465E+02  0.3938904E+02 -0.2682784E-04 -0.1965481E-04 -0.3822914E-04
Ar 7624  0.5789283E+02  0.1842311E+02  0.3941816E+02 -0.9259630E-05  0.4222007E-05 -0.3964001E-04
Ar 7625  0.5780211E+02  0.1584544E+02  0.4210604E+02 -0.2607250E-04  0.1025608E-04 -0.1015369E-03
Ar 7626  0.6039663E+02  0.1833419E+02  0.4201743E+02 -0.4877459E-04  0.3920158E-04  0.1640435E-05
Ar 7627  0.6055729E+02  0.1584519E+02  0.4476552E+02 -0.4348320E-04  0.6594885E-05 -0.6519350E-04
Ar 7628  0.5797427E+02  0.1825185E+02  0.4474775E+02 -0.4728280E-04  0.2312949E-04  0.3489518E-04
Ar 7629  0.5791828E+02  0.1574479E+02  0.4738678E+02  0.6259499E-04  0.3712464E-04  0.8291546E-05
Ar 7630  0.6053006E+02  0.1845081E+02  0.4744370E+02 -0.3747832E-04 -0.6570784E-04  0.2292332E-04
Ar 7631  0.6051697E+02  0.1585389E+02  0.5008376E+02  0.9041785E-05 -0.2190206E-04 -0.7759390E-04
Ar 7632  0.5768251E+02  0.1843388E+02  0.4981539E+02 -0.1012379E-03  0.4290683E-04 -0.2690247E-04
Ar 7633  0.5790459E+02  0.1579617E+02  0.5255564E+02 -0.3837927E-04  0.6003078E-04 -0.3256778E-04
Ar 7634  0.6048767E+02  0.1843557E+02  0.5254483E+02 -0.7603606E-04  0.3618380E-04  0.6355959E-04
Ar 7635  0.6046426E+02  0.1562135E+02  0.5523209E+02 -0.6840797E-04  0.9947465E-04 -0.7830594E-04
Ar 7636  0.5788808E+02  0.1840373E+02  0.5529743E+02 -0.1783761E-04 -0.1718910E-05 -0.4649088E-04
Ar 7637  0.5788597E+02  0.1571114E+02  0.5793219E+02 -0.6468343E-04 -0.3060969E-04  0.4955059E-05
Ar 7638  0.6061627E+02  0.1830680E+02  0.5787705E+02 -0.4052356E-04  0.1108894E-04 -0.1018293E-03
Ar 7639  0.6046770E+02  0.1576634E+02  0.6049754E+02 -0.3094479E-04 -0.8457185E-04 -0.3898676E-04
Ar 7640  0.5794706E+02  0.1841369E+02  0.6049825E+02 -0.3685348E-04 -0.3892928E-04 -0.2577899E-04
Ar 7641  0.5786446E+02  0.1584264E+02  0.6303086E+02  0.8593103E-04  0.1705601E-04 -0.6326740E-04
Ar 7642  0.6054765E+02  0.1835880E+02  0.6316216E+02 -0.8094124E-06  0.4183772E-05  0.1584254E-05
Ar 7643  0.6049600E+02  0.1579962E+02  0.6581982E+02  0.6301163E-04 -0.9757295E-04 -0.5579734E-04
Ar 7644  0.5780683E+02  0.1846207E+02  0.6578159E+02  0.9636743E-04  0.2520158E-04 -0.1093774E-03
Ar 7645  0.5794200E+02  0.2104455E+02  0.6840305E+02  0.1202709E-04  0.1142455E-04 -0.5412413E-04
Ar 7646  0.6057700E+02  0.2372469E+02  0.6845839E+02 -0.5559838E-04 -0.3953161E-04 -0.1843324E-04
Ar 7647  0.6054422E+02  0.2107865E+02  0.2685153E+01 -0.2251272E-04 -0.7365958E-04  0.1156928E-04
Ar 7648  0.5787026E+02  0.2361011E+02  0.2656003E+01 -0.1174131E-03  0.8571480E-05 -0.6346150E-04
Ar 7649  0.5780117E+02  0.2112427E+02  0.5198415E+01  0.2040883E-04 -0.6146779E-05 -0.4232012E-04
Ar 7650  0.6058900E+02  0.2381959E+02  0.5176614E+01 -0.6189652E-04  0.6722747E-05 -0.2171409E-04
Ar 7651  0.6050889E+02  0.2108704E+02  0.7857636E+01  0.2205589E-04 -0.6419487E-04  0.1900523E-04
Ar 7652  0.5793149E+02  0.2379195E+02  0.7826749E+01 -0.1255491E-04  0.2222101E-04 -0.4934976E-04
Ar 7653  0.5776842E+02  0.2105039E+02  0.1067443E+02 -0.4544341E-04 -0.2492289E-04 -0.5425714E-04
Ar 7654  0.6046947E+02  0.2372436E+02  0.1063930E+02  0.2930420E-05  0.1086828E-04  0.1401034E-04
Ar 7655  0.6050299E+02  0.2088943E+02  0.1317752E+02 -0.5155970E-04 -0.1921054E-04 -0.3590217E-04
Ar 7656  0.5793261E+02  0.2376704E+02  0.1325536E+02 -0.3529948E-04  0.7689135E-04 -0.1237514E-04
Ar 7657  0.5792976E+02  0.2101420E+02  0.1576963E+02  0.4191470E-04 -0.1586788E-04 -0.1839612E-04
Ar 7658  0.6037438E+02  0.2365762E+02  0.1592772E+02  0.4873204E-04 -0.3400739E-04  0.1340131E-04
Ar 7659  0.6057044E+02  0.2105811E+02  0.1830153E+02 -0.2475128E-04  0.6585943E-04  0.1659321E-05
Ar 7660  0.5788902E+02  0.2371516E+02  0.1850575E+02 -0.4769196E-04 -0.3140542E-04 -0.4962702E-04
Ar 7661  0.5798430E+02  0.2105430E+02  0.2102530E+02 -0.5574587E-04  0.7753268E-05  0.7275828E-05
Ar 7662  0.6055159E+02  0.2370418E+02  0.2106207E+02  0.1963568E-05  0.2504884E-04 -0.2215731E-04
Ar 7663  0.6044384E+02  0.2098746E+02  0.2370439E+02 -0.1803772E-04 -0.3621863E-04 -0.1011570E-03
Ar 7664  0.5782480E+02  0.2365751E+02  0.2367100E+02  0.4594682E-04 -0.7333446E-04 -0.1095349E-04
Ar 7665  0.5789036E+02  0.2104272E+02  0.2630657E+02  0.4548960E-04 -0.1850809E-04  0.2102905E-04
Ar 7666  0.6057469E+02  0.2361491E+02  0.2646920E+02 -0.3983492E-04  0.8942813E-05 -0.3952782E-04
Ar 7667  0.6044015E+02  0.2104228E+02  0.2899635E+02  0.2532319E-04 -0.3404944E-05 -0.2284754E-04
Ar 7668  0.5793763E+02  0.2360513E+02  0.2894405E+02  0.3074266E-06  0.5441099E-04 -0.4019708E-04
Ar 7669  0.5786844E+02  0.2097603E+02  0.3153330E+02 -0.6557931E-04 -0.6659005E-04  0.8226556E-04
Ar 7670  0.6067022E+02  0.2374200E+02  0.3155560E+02 -0.3711689E-04 -0.6665373E-05 -0.1883958E-04
Ar 7671  0.6053221E+02  0.2103786E+02  0.3434218E+02 -0.2660144E-04  0.8360921E-04 -0.4630767E-04
Ar 7672  0.5785327E+02  0.2366848E+02  0.3425192E+02 -0.2503714E-04 -0.3205876E-04 -0.2925004E-04
Ar 7673  0.5794453E+02  0.2092046E+02  0.3682127E+02 -0.4452416E-04 -0.4710998E-04 -0.7262292E-05
Ar 7674  0.6054537E+02  0.2372517E+02  0.3682035E+02 -0.1228060E-03  0.4311972E-05  0.2266875E-04
Ar 7675  0.6043131E+02  0.2112570E+02  0.3955308E+02 -0.4157606E-04 -0.8891203E-04  0.1002546E-03
Ar 7676  0.5784872E+02  0.2365295E+02  0.3942135E+02  0.4214312E-05 -0.4003605E-04  0.1012464E-04
Ar 7677  0.5788649E+02  0.2102580E+02  0.4197553E+02 -0.6292204E-04 -0.2916681E-04  0.1378983E-04
Ar 7678  0.6055843E+02  0.2356022E+02  0.4202403E+02 -0.4544261E-04  0.3751806E-05  0.2958387E-04
Ar 7679  0.6049472E+02  0.2094450E+02  0.4466341E+02 -0.9580782E-04 -0.3894001E-04 -0.3190824E-04
Ar 7680  0.5799586E+02  0.2366416E+02  0.4468844E+02  0.3054640E-04 -0.9477395E-04 -0.9123641E-04
Ar 7681  0.5793176E+02  0.2102078E+02  0.4739139E+02 -0.9373186E-04 -0.4804027E-04  0.5541200E-04
Ar 7682  0.6051305E+02  0.2376126E+02  0.4745875E+02  0.4731379E-04 -0.3571505E-04 -0.4885524E-04
Ar 7683  0.6053346E+02  0.2113282E+02  0.5006036E+02 -0.6653191E-04  0.1362035E-04  0.3086149E-04
Ar 7684  0.5791065E+02  0.2371754E+02  0.5005411E+02 -0.9171466E-06  0.1140048E-04 -0.1898437E-04
Ar 7685  0.5787883E+02  0.2100652E+02  0.5265920E+02 -0.4091324E-05 -0.2263828E-04 -0.9263950E-05
Ar 7686  0.6061174E+02  0.2373801E+02  0.5252973E+02 -0.7072815E-04 -0.9400823E-04 -0.1197584E-03
Ar 7687  0.6054870E+02  0.2103542E+02  0.5527773E+02 -0.1316856E-04  0.2548023E-04 -0.1745292E-04
Ar 7688  0.5790165E+02  0.2379450E+02  0.5527203E+02 -0.3175662E-04 -0.5372185E-04 -0.1592926E-04
Ar 7689  0.5788985E+02  0.2096692E+02  0.5783075E+02 -0.7324955E-04  0.4014477E-04 -0.3092741E-04
Ar 7690  0.6049978E+02  0.2372982E+02  0.5781419E+02 -0.5268102E-04 -0.1194531E-04 -0.2894410E-04
Ar 7691  0.6059638E+02  0.2110891E+02  0.6061275E+02 -0.6514779E-04  0.7952351E-04 -0.2792612E-04
Ar 7692  0.5789454E+02  0.2361590E+02  0.6057691E+02 -0.1070960E-03 -0.2845204E-04 -0.6444407E-04
Ar 7693  0.5781754E+02  0.2102255E+02  0.6306561E+02 -0.5725316E-04 -0.8180767E-04 -0.3221624E-04
Ar 7694  0.6045048E+02  0.2374483E+02  0.6319065E+02  0.4928774E-04 -0.6852928E-04 -0.4820370E-04
Ar 7695  0.6054486E+02  0.2103599E+02  0.6586072E+02 -0.9358171E-05 -0.3123491E-04 -0.5162097E-04
Ar 7696  0.5791676E+02  0.2369522E+02  0.6585185E+02 -0.2129242E-04  0.2989766E-05 -0.2427692E-04
Ar 7697  0.5798062E+02  0.2620886E+02  0.6851239E+02 -0.9917304E-04 -0.1567327E-04  0.7772240E-05
Ar 7698  0.6052391E+02  0.2893875E+02  0.6840784E+02 -0.2454704E-04 -0.6083086E-05  0.4075100E-05
Ar 7699  0.6046381E+02  0.2639406E+02  0.2572566E+01 -0.9954277E-04  0.4882820E-04  0.2811479E-04
Ar 7700  0.5786814E+02  0.2889054E+02  0.2606087E+01  0.2075779E-04 -0.1438135E-04  0.4640302E-04
Ar 7701  0.5784431E+02  0.2619949E+02  0.5314577E+01 -0.4044472E-04 -0.6788111E-04 -0.7341255E-05
Ar 7702  0.6049830E+02  0.2893673E+02  0.5198187E+01 -0.5773159E-04 -0.3005565E-04  0.2369687E-04
Ar 7703  0.6050246E+02  0.2630455E+02  0.7999423E+01 -0.2852666E-04  0.1809705E-04 -0.1385560E-04
Ar 7704  0.5781246E+02  0.2895063E+02  0.7820684E+01 -0.7342007E-04 -0.1442315E-05 -0.9087502E-04
Ar 7705  0.5786896E+02  0.2630323E+02  0.1052844E+02 -0.1425186E-03 -0.5862637E-04 -0.5923433E-04
Ar 7706  0.6055279E+02  0.2895345E+02  0.1052621E+02 -0.6462925E-04  0.1113317E-04  0.3683467E-04
Ar 7707  0.6044228E+02  0.2632522E+02  0.1316961E+02 -0.2425354E-04 -0.8810600E-05 -0.4167308E-04
Ar 7708  0.5800199E+02  0.2894024E+02  0.1303198E+02  0.9923977E-05 -0.4484247E-04 -0.6188848E-04
Ar 7709  0.5792781E+02  0.2640322E+02  0.1582204E+02 -0.3073736E-04 -0.2496850E-04  0.1470369E-04
Ar 7710  0.6049600E+02  0.2882516E+02  0.1578786E+02 -0.3654196E-04 -0.5147988E-04 -0.3491540E-04
Ar 7711  0.6065119E+02  0.2620529E+02  0.1853020E+02  0.3722843E-04 -0.1974592E-05  0.2060781E-04
Ar 7712  0.5787055E+02  0.2893815E+02  0.1848160E+02  0.3126989E-04  0.1395898E-04 -0.5923468E-04
Ar 7713  0.5790070E+02  0.2634522E+02  0.2093207E+02  0.3731456E-04 -0.4292848E-04 -0.4620508E-04
Ar 7714  0.6051856E+02  0.2896708E+02  0.2115912E+02 -0.2022835E-04 -0.2446788E-04  0.1353690E-04
Ar 7715  0.6054503E+02  0.2617419E+02  0.2378828E+02  0.3872936E-04  0.2110866E-04 -0.3053351E-04
Ar 7716  0.5774539E+02  0.2891593E+02  0.2381414E+02 -0.4887267E-04 -0.3698196E-04  0.4027581E-04
Ar 7717  0.5783375E+02  0.2637615E+02  0.2644504E+02 -0.4638073E-04  0.4713471E-04  0.8406289E-05
Ar 7718  0.6046050E+02  0.2892828E+02  0.2636686E+02 -0.1610546E-05 -0.3200576E-04  0.6620908E-04
Ar 7719  0.6043012E+02  0.2634272E+02  0.2904202E+02 -0.8696824E-04 -0.6755442E-05 -0.1376517E-04
Ar 7720  0.5784307E+02  0.2901641E+02  0.2892578E+02  0.3677110E-05  0.6172942E-04  0.9942951E-04
Ar 7721  0.5791808E+02  0.2618169E+02  0.3157925E+02 -0.3388622E-04  0.8373318E-04 -0.7195559E-04
Ar 7722  0.6049506E+02  0.2913663E+02  0.3154973E+02 -0.1520745E-04  0.1126514E-04  0.2559932E-04
Ar 7723  0.6047252E+02  0.2620358E+02  0.3419430E+02  0.1860805E-04 -0.2563080E-04  0.1407124E-04
Ar 7724  0.5786833E+02  0.2892628E+02  0.3417872E+02  0.1400659E-05  0.2290332E-04 -0.6979539E-04
Ar 7725  0.5802101E+02  0.2639561E+02  0.3689071E+02  0.6783626E-05 -0.1158356E-04 -0.6026811E-04
Ar 7726  0.6058040E+02  0.2898185E+02  0.3679126E+02 -0.5690527E-04 -0.4163835E-05 -0.5900961E-05
Ar 7727  0.6047626E+02  0.2623104E+02  0.3949153E+02 -0.3773956E-04 -0.2106750E-04  0.9982105E-05
Ar 7728  0.5788532E+02  0.2896371E+02  0.3939303E+02 -0.9958462E-04  0.4256101E-04 -0.4917774E-04
Ar 7729  0.5779251E+02  0.2634100E+02  0.4196089E+02 -0.3577240E-04 -0.2812107E-04 -0.9633778E-04
Ar 7730  0.6046384E+02  0.2887406E+02  0.4207807E+02  0.5171106E-04 -0.2280373E-04  0.4368277E-05
Ar 7731  0.6051188E+02  0.2635482E+02  0.4475433E+02 -0.8740890E-04 -0.3002344E-04 -0.4925835E-06
Ar 7732  0.5785008E+02  0.2886571E+02  0.4472578E+02 -0.5400247E-04  0.4684046E-05 -0.6489853E-04
Ar 7733  0.5794758E+02  0.2629828E+02  0.4741293E+02  0.3701310E-04 -0.1182016E-04  0.7605549E-05
Ar 7734  0.6050081E+02  0.2896133E+02  0.4736458E+02 -0.8623016E-04  0.2341571E-04 -0.4177330E-04
Ar 7735  0.6050823E+02  0.2634017E+02  0.4999937E+02 -0.4930856E-05  0.3049571E-04 -0.6526620E-04
Ar 7736  0.5786072E+02  0.2884921E+02  0.5001646E+02 -0.9852538E-04  0.2542218E-04  0.1910228E-05
Ar 7737  0.5784739E+02  0.2633529E+02  0.5264138E+02 -0.9486780E-04  0.7177069E-04  0.6841414E-04
Ar 7738  0.6051975E+02  0.2898961E+02  0.5262177E+02  0.2100077E-04  0.3808555E-04  0.2956878E-04
Ar 7739  0.6051940E+02  0.2634189E+02  0.5529707E+02  0.1723157E-04 -0.4849667E-04  0.4672445E-04
Ar 7740  0.5782455E+02  0.2900210E+02  0.5526111E+02  0.5906552E-04 -0.2606943E-04  0.1009782E-04
Ar 7741  0.5797864E+02  0.2631028E+02  0.5789762E+02  0.1073461E-04  0.6022747E-04  0.1566470E-04
Ar 7742  0.6049961E+02  0.2894801E+02  0.5782807E+02 -0.3575349E-04  0.1134211E-04  0.3605165E-04
Ar 7743  0.6043055E+02  0.2630950E+02  0.6049722E+02 -0.9177059E-04 -0.4432473E-04 -0.3178807E-04
Ar 7744  0.5791032E+02  0.2891947E+02  0.6047329E+02 -0.5221073E-04 -0.2178743E-04 -0.5679328E-04
Ar 7745  0.5796278E+02  0.2639018E+02  0.6310290E+02  0.3644917E-05 -0.3239518E-04 -0.7513011E-04
Ar 7746  0.6045753E+02  0.2886924E+02  0.6307172E+02 -0.1635543E-04  0.2358628E-04  0.1137067E-04
Ar 7747  0.6041854E+02  0.2647583E+02  0.6570899E+02  0.4517980E-04 -0.3684911E-04  0.1396863E-04
Ar 7748  0.5781654E+02  0.2892542E+02  0.6585884E+02 -0.1075840E-04  0.2802901E-04 -0.5211498E-04
Ar 7749  0.5794168E+02  0.3168206E+02  0.2578989E-01  0.1215168E-03 -0.5943197E-05  0.4732652E-04
Ar 7750  0.6048362E+02  0.3425163E+02  0.6832710E+02 -0.6311690E-04 -0.8101849E-04  0.1338996E-03
Ar 7751  0.6051840E+02  0.3152830E+02  0.2637521E+01  0.1793083E-04 -0.9902632E-04  0.6669715E-05
Ar 7752  0.5782648E+02  0.3422659E+02  0.2624117E+01 -0.4524669E-04 -0.4719401E-04  0.7516150E-04
Ar 7753  0.5789880E+02  0.3164033E+02  0.5317179E+01 -0.4916191E-04 -0.6003570E-05  0.9756418E-05
Ar 7754  0.6053413E+02  0.3428001E+02  0.5318911E+01 -0.7967308E-05  0.2136556E-04 -0.8504904E-04
Ar 7755  0.6046732E+02  0.3159100E+02  0.7806417E+01  0.1114425E-04 -0.3259914E-04  0.2462177E-04
Ar 7756  0.5789415E+02  0.3427209E+02  0.7834618E+01  0.1686105E-04  0.4266640E-05 -0.3952522E-05
Ar 7757  0.5786712E+02  0.3163724E+02  0.1047992E+02 -0.4096815E-04  0.3021088E-05  0.4830170E-04
Ar 7758  0.6062736E+02  0.3410234E+02  0.1053783E+02 -0.1662026E-04 -0.6904519E-04  0.1367553E-04
Ar 7759  0.6057390E+02  0.3167774E+02  0.1322033E+02  0.4143608E-04  0.8064430E-04  0.8399372E-05
Ar 7760  0.5785635E+02  0.3424451E+02  0.1322548E+02 -0.2832437E-04 -0.2683276E-05 -0.8257622E-05
Ar 7761  0.5787222E+02  0.3151454E+02  0.1585094E+02 -0.4070113E-05 -0.2123911E-04 -0.5292737E-04
Ar 7762  0.6061377E+02  0.3420687E+02  0.1589099E+02 -0.4634005E-04 -0.5063391E-04  0.1047334E-04
Ar 7763  0.6045248E+02  0.3153784E+02  0.1847378E+02  0.1020337E-06  0.2548325E-04  0.8355042E-05
Ar 7764  0.5787640E+02  0.3425968E+02  0.1842103E+02  0.6886089E-05 -0.5509207E-04  0.9296225E-05
Ar 7765  0.5793588E+02  0.3156761E+02  0.2098969E+02  0.2993505E-04  0.5402580E-04 -0.4477507E-05
Ar 7766  0.6050479E+02  0.3417731E+02  0.2107562E+02 -0.6781872E-04  0.5047391E-04  0.7124351E-04
Ar 7767  0.6048328E+02  0.3146323E+02  0.2375868E+02 -0.1311828E-04 -0.1719494E-04 -0.8825735E-05
Ar 7768  0.5792322E+02  0.3412421E+02  0.2375146E+02 -0.2785747E-04 -0.1165857E-03 -0.6564601E-04
Ar 7769  0.5777346E+02  0.3155170E+02  0.2629591E+02 -0.1300737E-04  0.1254946E-04  0.3266380E-04
Ar 7770  0.6061296E+02  0.3424088E+02  0.2643497E+02 -0.7696349E-04 -0.4930136E-04 -0.8185157E-04
Ar 7771  0.6044743E+02  0.3158448E+02  0.2892761E+02 -0.1614885E-04 -0.1054809E-03 -0.8850088E-04
Ar 7772  0.5801053E+02  0.3416981E+02  0.2902790E+02 -0.3652501E-04 -0.7717188E-04  0.9062774E-05
Ar 7773  0.5789795E+02  0.3164424E+02  0.3157331E+02 -0.2642739E-04  0.1369367E-03  0.1811920E-04
Ar 7774  0.6046639E+02  0.3415754E+02  0.3158022E+02  0.6610973E-04 -0.2810787E-04 -0.3129288E-05
Ar 7775  0.6065095E+02  0.3162932E+02  0.3426046E+02  0.1582012E-04  0.9718053E-05  0.7281468E-04
Ar 7776  0.5783659E+02  0.3423511E+02  0.3431554E+02 -0.1241651E-04 -0.1787961E-04 -0.1002636E-03
Ar 7777  0.5775784E+02  0.3162522E+02  0.3679758E+02  0.2134177E-04  0.1024490E-04 -0.9803270E-05
Ar 7778  0.6039539E+02  0.3419788E+02  0.3679556E+02 -0.4169713E-04  0.2474262E-04 -0.2143759E-05
Ar 7779  0.6059432E+02  0.3154908E+02  0.3954414E+02 -0.8516256E-04 -0.5945710E-04 -0.9886961E-05
Ar 7780  0.5799147E+02  0.3422220E+02  0.3951968E+02  0.5141526E-04 -0.5141630E-04  0.4236735E-04
Ar 7781  0.5790906E+02  0.3145293E+02  0.4211105E+02  0.5839179E-05  0.2909809E-04 -0.7065323E-04
Ar 7782  0.6045853E+02  0.3422203E+02  0.4208972E+02  0.1867918E-04  0.2321937E-04  0.2835031E-04
Ar 7783  0.6052042E+02  0.3145384E+02  0.4475576E+02 -0.2484819E-05  0.1136709E-04  0.1115580E-04
Ar 7784  0.5786755E+02  0.3424980E+02  0.4473687E+02  0.3521419E-04 -0.3023324E-04 -0.2032230E-04
Ar 7785  0.5794886E+02  0.3157907E+02  0.4751812E+02  0.2698872E-04 -0.9044450E-05  0.4054724E-04
Ar 7786  0.6054071E+02  0.3410979E+02  0.4736828E+02 -0.5282393E-05 -0.1031677E-03 -0.1611598E-04
Ar 7787  0.6047158E+02  0.3156712E+02  0.4997606E+02 -0.1833986E-04 -0.9452875E-04  0.1452706E-04
Ar 7788  0.5793416E+02  0.3418753E+02  0.4989568E+02  0.1980293E-04 -0.2869452E-04 -0.6955874E-05
Ar 7789  0.5792870E+02  0.3155592E+02  0.5269216E+02 -0.6251874E-04 -0.2161154E-04  0.4086567E-05
Ar 7790  0.6049869E+02  0.3432067E+02  0.5260754E+02 -0.3304842E-04 -0.4411301E-04  0.2710320E-05
Ar 7791  0.6040221E+02  0.3154287E+02  0.5531351E+02 -0.6103319E-04 -0.2386143E-04 -0.1737260E-04
Ar 7792  0.5782113E+02  0.3417731E+02  0.5517588E+02 -0.3711079E-04  0.7442304E-05 -0.6750125E-04
Ar 7793  0.5781715E+02  0.3160602E+02  0.5790155E+02  0.5932204E-04 -0.3845971E-04  0.2325986E-04
Ar 7794  0.6051303E+02  0.3417372E+02  0.5786147E+02 -0.6334076E-04  0.6424418E-04  0.6156439E-04
Ar 7795  0.6048561E+02  0.3154021E+02  0.6043497E+02  0.4340273E-04 -0.4794183E-04  0.1406814E-04
Ar 7796  0.5790245E+02  0.3419164E+02  0.6059117E+02  0.6729518E-04 -0.8558820E-04 -0.1869825E-04
Ar 7797  0.5781962E+02  0.3158331E+02  0.6319005E+02  0.1029619E-04 -0.3957267E-05 -0.4047073E-04
Ar 7798  0.6050060E+02  0.3419208E+02  0.6308004E+02 -0.2308871E-04  0.1269303E-04 -0.9461400E-04
Ar 7799  0.6046974E+02  0.3150522E+02  0.6584537E+02  0.3116273E-04  0.5970981E-04 -0.2343740E-05
Ar 7800  0.5790076E+02  0.3424514E+02  0.6568527E+02 -0.6755369E-05  0.1138025E-04 -0.5215492E-05
Ar 7801  0.5793548E+02  0.3685812E+02  0.6841375E+02  0.2175114E-04 -0.2629704E-04 -0.8465412E-04
Ar 7802  0.6049979E+02  0.3939968E+02  0.5982397E-01 -0.1160412E-04  0.2244772E-04  0.3956499E-04
Ar 7803  0.6060324E+02  0.3690575E+02  0.2666719E+01 -0.4670358E-05 -0.7480302E-04  0.4500530E-04
Ar 7804  0.5777661E+02  0.3956903E+02  0.2534484E+01  0.9847449E-05 -0.6570200E-04  0.5389609E-04
Ar 7805  0.5794876E+02  0.3686021E+02  0.5300796E+01 -0.9522734E-04 -0.4137836E-04 -0.1014589E-04
Ar 7806  0.6045453E+02  0.3950710E+02  0.5227867E+01 -0.3892904E-05 -0.8060236E-04 -0.4923770E-04
Ar 7807  0.6055344E+02  0.3689530E+02  0.7901010E+01  0.2673745E-04 -0.2051557E-04  0.2915777E-04
Ar 7808  0.5784860E+02  0.3946819E+02  0.7841165E+01 -0.1408939E-04 -0.5069078E-04  0.4936098E-05
Ar 7809  0.5786068E+02  0.3682404E+02  0.1057943E+02 -0.1192730E-03  0.5125716E-04 -0.5140627E-04
Ar 7810  0.6056827E+02  0.3945693E+02  0.1053379E+02 -0.7999188E-04  0.1057347E-04  0.1866487E-04
Ar 7811  0.6054538E+02  0.3692202E+02  0.1308417E+02  0.7000622E-04  0.3457935E-04 -0.1320332E-03
Ar 7812  0.5792821E+02  0.3942762E+02  0.1314991E+02  0.5952695E-04 -0.4952501E-04  0.4500547E-05
Ar 7813  0.5781835E+02  0.3685912E+02  0.1570044E+02 -0.3864143E-04 -0.3153872E-04 -0.5507071E-04
Ar 7814  0.6037092E+02  0.3957696E+02  0.1588180E+02  0.6876091E-04 -0.2570214E-04 -0.2251961E-05
Ar 7815  0.6047783E+02  0.3677930E+02  0.1852824E+02  0.8440028E-04 -0.1419996E-05 -0.3000991E-04
Ar 7816  0.5799795E+02  0.3951281E+02  0.1845937E+02 -0.2307562E-04 -0.1227482E-04 -0.2947589E-04
Ar 7817  0.5795873E+02  0.3690963E+02  0.2106502E+02 -0.2326615E-04 -0.5423688E-05  0.4693193E-04
Ar 7818  0.6046431E+02  0.3953503E+02  0.2109370E+02  0.2598436E-04 -0.2920562E-04  0.4147744E-04
Ar 7819  0.6056772E+02  0.3680112E+02  0.2346352E+02 -0.6947893E-04  0.1297563E-04 -0.4587045E-06
Ar 7820  0.5781483E+02  0.3959807E+02  0.2367682E+02 -0.1525036E-04 -0.2819796E-04 -0.4126031E-06
Ar 7821  0.5793629E+02  0.3687564E+02  0.2628842E+02  0.1348819E-04 -0.2457077E-04 -0.9285962E-04
Ar 7822  0.6044067E+02  0.3942913E+02  0.2642447E+02 -0.2613115E-04 -0.3636066E-04 -0.5658926E-04
Ar 7823  0.6046139E+02  0.3678513E+02  0.2910355E+02 -0.7472620E-04  0.3578335E-04  0.4063046E-04
Ar 7824  0.5792758E+02  0.3945698E+02  0.2889934E+02 -0.7632103E-04  0.1472618E-04 -0.1806252E-04
Ar 7825  0.5789660E+02  0.3672519E+02  0.3170056E+02  0.1704510E-04  0.4052018E-05  0.6374055E-04
Ar 7826  0.6043047E+02  0.3959534E+02  0.3159103E+02 -0.6148488E-04 -0.2522897E-04  0.6105590E-04
Ar 7827  0.6048105E+02  0.3680440E+02  0.3423821E+02  0.4267511E-04  0.2758107E-04  0.1114433E-03
Ar 7828  0.5777882E+02  0.3960104E+02  0.3425442E+02 -0.9879018E-05  0.7940575E-04 -0.1622635E-06
Ar 7829  0.5778283E+02  0.3671581E+02  0.3673150E+02 -0.2182350E-04 -0.1983422E-04 -0.7107505E-04
Ar 7830  0.6056249E+02  0.3949170E+02  0.3683297E+02 -0.9228516E-04 -0.1785362E-04 -0.8451652E-05
Ar 7831  0.6058829E+02  0.3686651E+02  0.3949883E+02  0.1157980E-03 -0.1146981E-03  0.5441828E-04
Ar 7832  0.5791791E+02  0.3938490E+02  0.3944501E+02  0.3363752E-04 -0.3695144E-04 -0.2545757E-04
Ar 7833  0.5776210E+02  0.3686853E+02  0.4219593E+02 -0.1252227E-03  0.1736164E-04  0.6220424E-04
Ar 7834  0.6048288E+02  0.3945872E+02  0.4204851E+02 -0.4019425E-04 -0.2673638E-04 -0.6987931E-04
Ar 7835  0.6043087E+02  0.3680983E+02  0.4482577E+02  0.2183045E-04 -0.3218761E-04 -0.4095905E-04
Ar 7836  0.5789947E+02  0.3935334E+02  0.4474128E+02  0.3687767E-04 -0.8617372E-04  0.2987860E-04
Ar 7837  0.5773748E+02  0.3681858E+02  0.4724435E+02 -0.2146935E-04  0.1191964E-03 -0.2513752E-04
Ar 7838  0.6049804E+02  0.3953126E+02  0.4740965E+02  0.1675408E-04  0.1076616E-04  0.1658556E-04
Ar 7839  0.6046795E+02  0.3681856E+02  0.4994515E+02  0.2265949E-04 -0.2076897E-04  0.1975692E-05
Ar 7840  0.5789044E+02  0.3944198E+02  0.4999976E+02  0.1462737E-04  0.6556239E-04 -0.3758178E-04
Ar 7841  0.5781923E+02  0.3679538E+02  0.5252723E+02 -0.8034940E-04  0.4852567E-05 -0.2957857E-04
Ar 7842  0.6041525E+02  0.3955645E+02  0.5270313E+02 -0.7448472E-04 -0.4551739E-04  0.2683624E-04
Ar 7843  0.6058343E+02  0.3684113E+02  0.5535518E+02  0.1481746E-04 -0.2053503E-04 -0.4226108E-04
Ar 7844  0.5789155E+02  0.3960104E+02  0.5538301E+02  0.1651144E-04 -0.5130270E-05 -0.2382639E-04
Ar 7845  0.5801839E+02  0.3681897E+02  0.5796193E+02  0.1867389E-04  0.1600987E-04  0.7254646E-05
Ar 7846  0.6056292E+02  0.3942431E+02  0.5784660E+02  0.9400804E-05 -0.4668615E-04  0.1313886E-04
Ar 7847  0.6059278E+02  0.3683431E+02  0.6046125E+02  0.7095600E-04  0.1984696E-04 -0.2037938E-04
Ar 7848  0.5797090E+02  0.3941873E+02  0.6049905E+02 -0.1676135E-04 -0.6885159E-04  0.2129696E-04
Ar 7849  0.5784167E+02  0.3681733E+02  0.6315129E+02 -0.1695652E-04 -0.4056784E-05 -0.7288357E-04
Ar 7850  0.6049715E+02  0.3942992E+02  0.6313617E+02  0.1287322E-04 -0.6785613E-04 -0.6140972E-05
Ar 7851  0.6035407E+02  0.3697629E+02  0.6561790E+02 -0.2379998E-04  0.5079197E-04  0.4445444E-04
Ar 7852  0.5788168E+02  0.3957468E+02  0.6585405E+02  0.4302364E-04 -0.1363728E-05 -0.6829508E-05
Ar 7853  0.5798507E+02  0.4211466E+02  0.6838106E+02  0.3452015E-04  0.4646405E-04  0.2266816E-05
Ar 7854  0.6046402E+02  0.4469998E+02  0.6840682E+02 -0.5706979E-04  0.6943587E-05 -0.5167030E-04
Ar 7855  0.6060532E+02  0.4200094E+02  0.2687453E+01 -0.4336932E-04  0.7864620E-04 -0.5715078E-05
Ar 7856  0.5783477E+02  0.4478046E+02  0.2530072E+01 -0.1206822E-04 -0.4971112E-04 -0.9237641E-05
Ar 7857  0.5783349E+02  0.4199590E+02  0.5348342E+01 -0.5281835E-05 -0.4010788E-04  0.3790039E-04
Ar 7858  0.6055201E+02  0.4476262E+02  0.5291725E+01 -0.5798701E-04 -0.4284334E-04 -0.1149986E-04
Ar 7859  0.6046230E+02  0.4203043E+02  0.7938383E+01 -0.1979835E-04  0.3310541E-04  0.2227651E-04
Ar 7860  0.5787548E+02  0.4466187E+02  0.7981811E+01 -0.3759358E-04 -0.3911198E-04 -0.5499827E-04
Ar 7861  0.5790274E+02  0.4201679E+02  0.1064943E+02 -0.6273685E-04 -0.1820193E-04 -0.5543730E-04
Ar 7862  0.6051607E+02  0.4469887E+02  0.1059799E+02 -0.4799198E-04 -0.4243647E-05 -0.2954420E-04
Ar 7863  0.6035311E+02  0.4209078E+02  0.1307270E+02  0.2281281E-04 -0.1782524E-04 -0.4990611E-04
Ar 7864  0.5789543E+02  0.4474081E+02  0.1313044E+02 -0.3081580E-04  0.2290383E-04  0.3815599E-04
Ar 7865  0.5789518E+02  0.4211243E+02  0.1585200E+02 -0.4153049E-04 -0.3557857E-04 -0.1132357E-03
Ar 7866  0.6057445E+02  0.4471053E+02  0.1570210E+02 -0.1904961E-05 -0.6955860E-04  0.3158133E-05
Ar 7867  0.6052808E+02  0.4207831E+02  0.1831576E+02 -0.4794356E-04 -0.9510985E-04 -0.1347265E-04
Ar 7868  0.5791632E+02  0.4468894E+02  0.1848972E+02 -0.4691774E-04 -0.6238435E-04 -0.3478018E-05
Ar 7869  0.5786425E+02  0.4206180E+02  0.2101886E+02  0.4354239E-04  0.1577860E-05 -0.1229998E-03
Ar 7870  0.6059870E+02  0.4476837E+02  0.2099114E+02 -0.3008449E-04  0.3025407E-04  0.8852591E-05
Ar 7871  0.6053014E+02  0.4213767E+02  0.2371686E+02 -0.8698376E-04 -0.7845595E-04 -0.4341853E-05
Ar 7872  0.5767627E+02  0.4475788E+02  0.2362367E+02 -0.9167541E-05 -0.9090692E-04  0.2048349E-04
Ar 7873  0.5791866E+02  0.4205989E+02  0.2629803E+02  0.2454700E-04  0.6586302E-04 -0.7656181E-05
Ar 7874  0.6050856E+02  0.4483541E+02  0.2636115E+02 -0.9009629E-04 -0.6185772E-04 -0.2491999E-04
Ar 7875  0.6048374E+02  0.4216559E+02  0.2886158E+02 -0.7655064E-04 -0.4957821E-04  0.5038225E-04
Ar 7876  0.5786040E+02  0.4465730E+02  0.2896177E+02 -0.2665570E-05 -0.6781853E-04  0.3420129E-04
Ar 7877  0.5789761E+02  0.4218036E+02  0.3158975E+02 -0.3890863E-04 -0.4364705E-04  0.2966220E-04
Ar 7878  0.6054952E+02  0.4477414E+02  0.3153764E+02  0.3388790E-04  0.8843082E-04  0.4294525E-04
Ar 7879  0.6052337E+02  0.4214084E+02  0.3423731E+02 -0.8926289E-04  0.3432648E-04 -0.1474146E-03
Ar 7880  0.5789622E+02  0.4465344E+02  0.3429904E+02 -0.1009387E-03 -0.4299802E-04  0.3245695E-04
Ar 7881  0.5786327E+02  0.4206005E+02  0.3684951E+02  0.2793724E-04  0.4442490E-04 -0.8922785E-04
Ar 7882  0.6050288E+02  0.4461086E+02  0.3682383E+02  0.1049536E-04  0.1340490E-04 -0.5193091E-04
Ar 7883  0.6044180E+02  0.4207900E+02  0.3941892E+02 -0.7935361E-04 -0.3376355E-04 -0.6225593E-04
Ar 7884  0.5791919E+02  0.4474543E+02  0.3950616E+02 -0.4425310E-04  0.2157843E-04 -0.7302604E-04
Ar 7885  0.5787558E+02  0.4216444E+02  0.4201471E+02 -0.5892977E-04 -0.5583305E-04  0.2806793E-04
Ar 7886  0.6045003E+02  0.4463685E+02  0.4218361E+02  0.3562268E-04 -0.2524898E-04 -0.5943775E-04
Ar 7887  0.6044006E+02  0.4212451E+02  0.4473310E+02  0.7361802E-04 -0.2172624E-04  0.5408929E-04
Ar 7888  0.5784906E+02  0.4480524E+02  0.4470907E+02 -0.6069879E-04 -0.2321047E-04  0.4968624E-05
Ar 7889  0.5795300E+02  0.4210114E+02  0.4740634E+02  0.2032261E-05  0.6909367E-05 -0.5838913E-04
Ar 7890  0.6045898E+02  0.4475470E+02  0.4739765E+02 -0.3891330E-04 -0.7272811E-04 -0.1038842E-03
Ar 7891  0.6056514E+02  0.4206296E+02  0.4984540E+02 -0.8203118E-04 -0.5550158E-04  0.7153442E-05
Ar 7892  0.5785109E+02  0.4474741E+02  0.4989939E+02 -0.8345564E-04 -0.4162579E-04  0.7535105E-04
Ar 7893  0.5793992E+02  0.4216714E+02  0.5263054E+02 -0.1309450E-04 -0.6387472E-04  0.4034273E-04
Ar 7894  0.6046017E+02  0.4467208E+02  0.5273328E+02 -0.8821117E-04 -0.1143693E-04 -0.5045137E-04
Ar 7895  0.6058858E+02  0.4210506E+02  0.5520122E+02 -0.9974398E-04 -0.4386939E-04  0.3389863E-04
Ar 7896  0.5781243E+02  0.4477427E+02  0.5533734E+02 -0.7281323E-04  0.2959768E-04 -0.3521205E-04
Ar 7897  0.5798977E+02  0.4211405E+02  0.5782135E+02 -0.2206087E-04  0.8018936E-05  0.3240929E-04
Ar 7898  0.6043020E+02  0.4479235E+02  0.5774823E+02 -0.2170470E-04  0.3924855E-05  0.2589560E-04
Ar 7899  0.6056475E+02  0.4209237E+02  0.6042054E+02  0.1195381E-03 -0.9112054E-04 -0.8630174E-05
Ar 7900  0.5798982E+02  0.4475767E+02  0.6053015E+02 -0.2655919E-04  0.5202776E-04  0.3323410E-04
Ar 7901  0.5785086E+02  0.4206915E+02  0.6319183E+02  0.6798130E-04 -0.4334524E-04 -0.1495049E-04
Ar 7902  0.6044739E+02  0.4478712E+02  0.6308793E+02 -0.2065297E-06 -0.7019070E-04 -0.3796372E-04
Ar 7903  0.6056793E+02  0.4208266E+02  0.6571996E+02 -0.6983503E-04 -0.3914526E-04  0.1238143E-04
Ar 7904  0.5786690E+02  0.4483978E+02  0.6578645E+02 -0.4538342E-04 -0.6185499E-04 -0.4409513E-04
Ar 7905  0.5793473E+02  0.4734669E+02  0.6853816E+02 -0.2222404E-04 -0.7506030E-04 -0.1569359E-04
Ar 7906  0.6054188E+02  0.4993403E+02  0.6845073E+02  0.1778038E-04  0.6963574E-04 -0.6705146E-04
Ar 7907  0.6056100E+02  0.4741941E+02  0.2695782E+01 -0.8225893E-04 -0.3775561E-04  0.7862614E-04
Ar 7908  0.5789256E+02  0.4999870E+02  0.2657087E+01 -0.4327203E-04  0.5411107E-04  0.3813687E-04
Ar 7909  0.5796407E+02  0.4739484E+02  0.5376543E+01  0.5451411E-04  0.1931812E-04  0.8895414E-04
Ar 7910  0.6053782E+02  0.5009282E+02  0.5277577E+01 -0.5679181E-04  0.8434153E-04  0.7110610E-04
Ar 7911  0.6054653E+02  0.4733769E+02  0.7920625E+01 -0.4043966E-04 -0.4713877E-04 -0.4528206E-04
Ar 7912  0.5787925E+02  0.5011807E+02  0.7943639E+01 -0.4360274E-04 -0.4780118E-04 -0.5025179E-04
Ar 7913  0.5787422E+02  0.4738476E+02  0.1053816E+02 -0.7507248E-04 -0.4460449E-04 -0.3155105E-04
Ar 7914  0.6048114E+02  0.4998601E+02  0.1042676E+02 -0.1357752E-04  0.6940883E-04 -0.5517972E-04
Ar 7915  0.6042121E+02  0.4736727E+02  0.1322911E+02 -0.1017172E-03 -0.3255023E-04  0.5038194E-04
Ar 7916  0.5791533E+02  0.5004688E+02  0.1314420E+02 -0.7674586E-05 -0.4818809E-04 -0.7221474E-04
Ar 7917  0.5784947E+02  0.4739097E+02  0.1579505E+02  0.2663805E-04  0.1728438E-05  0.6143027E-04
Ar 7918  0.6046716E+02  0.4995022E+02  0.1584202E+02  0.3344441E-04 -0.3442673E-04  0.2328523E-04
Ar 7919  0.6047586E+02  0.4730189E+02  0.1845960E+02 -0.4580212E-04  0.6354902E-04 -0.4736281E-04
Ar 7920  0.5799455E+02  0.4992902E+02  0.1851119E+02  0.1607538E-04 -0.3556782E-04 -0.2667892E-04
Ar 7921  0.5781966E+02  0.4730130E+02  0.2102060E+02 -0.2749094E-04 -0.1312501E-04 -0.3155847E-04
Ar 7922  0.6052238E+02  0.4996995E+02  0.2100197E+02 -0.3796137E-04 -0.1505484E-04 -0.2533889E-04
Ar 7923  0.6057520E+02  0.4734595E+02  0.2364222E+02 -0.6500628E-04 -0.7736497E-05 -0.2945567E-04
Ar 7924  0.5776465E+02  0.5003850E+02  0.2367096E+02  0.4954358E-04  0.8456305E-04 -0.3357805E-04
Ar 7925  0.5787661E+02  0.4747521E+02  0.2624364E+02  0.5815397E-05 -0.3986552E-04  0.1487330E-04
Ar 7926  0.6060688E+02  0.4997733E+02  0.2631067E+02  0.2660307E-04 -0.4703626E-04  0.6162598E-04
Ar 7927  0.6046593E+02  0.4744721E+02  0.2891281E+02 -0.5504696E-04 -0.3799000E-04  0.3920179E-05
Ar 7928  0.5791345E+02  0.5005582E+02  0.2888378E+02  0.2269830E-04 -0.3503090E-04  0.7599068E-04
Ar 7929  0.5799152E+02  0.4745409E+02  0.3155227E+02 -0.6167839E-04 -0.5668533E-04 -0.2202144E-04
Ar 7930  0.6048245E+02  0.5009451E+02  0.3160957E+02  0.8690402E-05  0.1973672E-04  0.2286197E-04
Ar 7931  0.6059514E+02  0.4749783E+02  0.3415406E+02  0.3918668E-04 -0.3246439E-05 -0.2984703E-04
Ar 7932  0.5779812E+02  0.4988007E+02  0.3408442E+02  0.5530237E-04 -0.7914296E-05  0.3982379E-04
Ar 7933  0.5787049E+02  0.4742376E+02  0.3691103E+02 -0.1114731E-03  0.2121972E-04 -0.7143168E-04
Ar 7934  0.6051400E+02  0.5012952E+02  0.3686715E+02  0.6520519E-04  0.1664519E-04  0.6606979E-04
Ar 7935  0.6053742E+02  0.4743931E+02  0.3954899E+02 -0.1298057E-04 -0.2529812E-04 -0.2832788E-04
Ar 7936  0.5779593E+02  0.5001927E+02  0.3943758E+02  0.2364347E-04 -0.7342525E-04  0.2449835E-04
Ar 7937  0.5781856E+02  0.4743461E+02  0.4197286E+02 -0.1147366E-03 -0.6830119E-04 -0.1186822E-03
Ar 7938  0.6050495E+02  0.5006318E+02  0.4214698E+02 -0.1604538E-04 -0.1806812E-04 -0.1368454E-05
Ar 7939  0.6064981E+02  0.4740523E+02  0.4466900E+02  0.4034776E-04 -0.3870661E-04  0.2182474E-04
Ar 7940  0.5785624E+02  0.5009126E+02  0.4476333E+02 -0.2992941E-04  0.3080459E-05 -0.9168813E-06
Ar 7941  0.5784667E+02  0.4740139E+02  0.4730356E+02 -0.3550709E-04  0.3480166E-07  0.1245201E-04
Ar 7942  0.6054683E+02  0.5005632E+02  0.4743826E+02 -0.6158208E-05  0.1402724E-05 -0.2413079E-04
Ar 7943  0.6050277E+02  0.4740185E+02  0.4998086E+02 -0.4205996E-05  0.1371010E-04 -0.4503881E-04
Ar 7944  0.5779267E+02  0.4992895E+02  0.4994907E+02  0.5504293E-05 -0.7892055E-04  0.4927422E-04
Ar 7945  0.5779641E+02  0.4728613E+02  0.5263792E+02 -0.1096566E-03  0.4253759E-04  0.8249788E-04
Ar 7946  0.6058846E+02  0.5007793E+02  0.5246828E+02 -0.4185432E-04 -0.1012865E-03 -0.1095617E-03
Ar 7947  0.6051915E+02  0.4736995E+02  0.5522315E+02  0.1888229E-04 -0.5023980E-04 -0.7535289E-05
Ar 7948  0.5786595E+02  0.5011138E+02  0.5520796E+02 -0.6687113E-04 -0.2593523E-04  0.3846727E-04
Ar 7949  0.5795916E+02  0.4723789E+02  0.5791562E+02 -0.1714589E-04  0.7005090E-04 -0.1068196E-03
Ar 7950  0.6063962E+02  0.4999319E+02  0.5793312E+02 -0.3077432E-04 -0.3102815E-04  0.2791480E-05
Ar 7951  0.6047386E+02  0.4739120E+02  0.6050541E+02 -0.4000446E-04 -0.2216995E-04 -0.5232034E-04
Ar 7952  0.5792926E+02  0.5005390E+02  0.6048051E+02 -0.9038057E-04  0.1103096E-04  0.5578786E-06
Ar 7953  0.5786157E+02  0.4738950E+02  0.6318163E+02 -0.4177517E-04 -0.8737491E-05 -0.1198771E-05
Ar 7954  0.6056181E+02  0.4994584E+02  0.6310414E+02  0.2351179E-04  0.3740826E-04  0.6845483E-04
Ar 7955  0.6043644E+02  0.4741698E+02  0.6579940E+02  0.9027142E-05  0.1284823E-04  0.6126838E-05
Ar 7956  0.5791749E+02  0.5004883E+02  0.6583172E+02  0.2095127E-04 -0.2531301E-04 -0.4116738E-04
Ar 7957  0.5785750E+02  0.5266503E+02  0.6835612E+02  0.3856025E-04  0.4800294E-04 -0.5426311E-04
Ar 7958  0.6050536E+02  0.5522128E+02  0.6842702E+02 -0.2904251E-04 -0.5998629E-05  0.4841015E-04
Ar 7959  0.6049340E+02  0.5254675E+02  0.2666552E+01 -0.4300983E-04 -0.5445816E-04  0.5977939E-04
Ar 7960  0.5786884E+02  0.5529811E+02  0.2580509E+01 -0.6668789E-04  0.5510380E-04 -0.3570576E-04
Ar 7961  0.5795602E+02  0.5265927E+02  0.5128732E+01 -0.1477171E-04 -0.5074756E-04 -0.4572456E-04
Ar 7962  0.6048264E+02  0.5521389E+02  0.5244252E+01 -0.9485243E-04  0.6606429E-05  0.1466460E-04
Ar 7963  0.6044990E+02  0.5257095E+02  0.7930829E+01  0.5189225E-04 -0.6594411E-05  0.4200464E-04
Ar 7964  0.5788231E+02  0.5520381E+02  0.7856859E+01 -0.1128194E-04 -0.4676889E-04  0.2683362E-04
Ar 7965  0.5782452E+02  0.5267719E+02  0.1051344E+02  0.1573845E-04  0.4047119E-04 -0.1869554E-04
Ar 7966  0.6056005E+02  0.5524752E+02  0.1052416E+02 -0.5449490E-04  0.2339583E-04  0.9073962E-04
Ar 7967  0.6062545E+02  0.5253666E+02  0.1313378E+02 -0.5804096E-04 -0.3557388E-04  0.1265169E-04
Ar 7968  0.5787080E+02  0.5519126E+02  0.1314496E+02  0.1389039E-05 -0.1023823E-03  0.4356655E-04
Ar 7969  0.5789523E+02  0.5264147E+02  0.1580396E+02 -0.3376156E-04 -0.5018904E-04 -0.5867172E-04
Ar 7970  0.6048164E+02  0.5525775E+02  0.1578707E+02  0.2979959E-04 -0.1638214E-04 -0.3826446E-04
Ar 7971  0.6065365E+02  0.5259018E+02  0.1849951E+02  0.3002075E-04 -0.8276720E-04  0.4611092E-05
Ar 7972  0.5775778E+02  0.5518784E+02  0.1836922E+02 -0.1262294E-04 -0.3982514E-04  0.2385306E-04
Ar 7973  0.5779822E+02  0.5255088E+02  0.2095349E+02  0.8055060E-05  0.1207060E-04  0.6975246E-04
Ar 7974  0.6057831E+02  0.5537152E+02  0.2088150E+02 -0.1885587E-04 -0.4954320E-05 -0.4566900E-04
Ar 7975  0.6043165E+02  0.5256811E+02  0.2366946E+02 -0.2462360E-04  0.5653792E-04  0.3185544E-04
Ar 7976  0.5797099E+02  0.5523843E+02  0.2368190E+02  0.3176315E-04 -0.1479760E-04 -0.7879186E-04
Ar 7977  0.5791810E+02  0.5270277E+02  0.2631827E+02  0.1691070E-04 -0.7386780E-04  0.3897506E-04
Ar 7978  0.6045773E+02  0.5524079E+02  0.2630606E+02  0.2793501E-05 -0.3206802E-04  0.4083244E-04
Ar 7979  0.6049362E+02  0.5254364E+02  0.2894442E+02 -0.1405486E-03 -0.3389234E-04 -0.8799616E-04
Ar 7980  0.5785417E+02  0.5539700E+02  0.2898900E+02  0.3314142E-04  0.9211228E-05  0.7957312E-05
Ar 7981  0.5780882E+02  0.5258811E+02  0.3154153E+02  0.5940081E-04  0.4353222E-04 -0.4931580E-04
Ar 7982  0.6055107E+02  0.5525284E+02  0.3163562E+02 -0.2167862E-05 -0.9303896E-04  0.5645798E-04
Ar 7983  0.6050496E+02  0.5262581E+02  0.3424297E+02 -0.4841356E-05 -0.1334483E-03  0.1573412E-04
Ar 7984  0.5783223E+02  0.5515586E+02  0.3426395E+02 -0.1096460E-03 -0.4456988E-04  0.4093867E-04
Ar 7985  0.5794781E+02  0.5259667E+02  0.3691388E+02 -0.7508463E-04 -0.7095254E-04 -0.6231589E-04
Ar 7986  0.6051734E+02  0.5523828E+02  0.3682684E+02  0.6713203E-04 -0.7272735E-04 -0.5695068E-04
Ar 7987  0.6045220E+02  0.5262816E+02  0.3942295E+02 -0.6917493E-05 -0.4881579E-05 -0.8078552E-04
Ar 7988  0.5799346E+02  0.5523905E+02  0.3952912E+02 -0.5556477E-04 -0.4902341E-04 -0.4437125E-04
Ar 7989  0.5790021E+02  0.5262997E+02  0.4221390E+02 -0.2496078E-05  0.1256234E-04 -0.8368273E-05
Ar 7990  0.6060527E+02  0.5523332E+02  0.4205871E+02 -0.1292338E-04  0.4772241E-05  0.3279398E-04
Ar 7991  0.6045518E+02  0.5258903E+02  0.4484761E+02  0.3484419E-04  0.3133597E-04 -0.6232018E-04
Ar 7992  0.5790740E+02  0.5528029E+02  0.4460041E+02 -0.6069718E-04  0.3793319E-04  0.2057080E-05
Ar 7993  0.5782802E+02  0.5272021E+02  0.4736645E+02 -0.3126881E-04  0.2715353E-04  0.1680886E-04
Ar 7994  0.6046270E+02  0.5524523E+02  0.4751773E+02 -0.2425636E-04 -0.8480055E-04 -0.2228346E-04
Ar 7995  0.6069282E+02  0.5253676E+02  0.5003403E+02 -0.5818760E-04  0.1981881E-04  0.5943922E-04
Ar 7996  0.5785766E+02  0.5529249E+02  0.5003255E+02 -0.8907694E-04 -0.8628377E-05  0.5392375E-05
Ar 7997  0.5786071E+02  0.5267107E+02  0.5272545E+02 -0.1178885E-04  0.4758058E-04 -0.9665328E-04
Ar 7998  0.6053108E+02  0.5540943E+02  0.5265437E+02 -0.6945422E-04  0.3599210E-04  0.9253552E-05
Ar 7999  0.6059152E+02  0.5255069E+02  0.5525450E+02  0.2975827E-05 -0.6873814E-05 -0.3934643E-05
Ar 8000  0.5791062E+02  0.5524643E+02  0.5533607E+02  0.5529431E-04 -0.5703771E-04  0.1480652E-04
Ar 8001  0.5780627E+02  0.5267887E+02  0.5801838E+02 -0.6211696E-04  0.1724128E-04 -0.3886746E-04
Ar 8002  0.6051733E+02  0.5530897E+02  0.5788896E+02 -0.2963644E-04 -0.9093427E-04 -0.1015938E-03
Ar 8003  0.6045404E+02  0.5278364E+02  0.6048403E+02  0.1613796E-04 -0.7521690E-04 -0.4940585E-04
Ar 8004  0.5785397E+02  0.5528728E+02  0.6039974E+02 -0.9531057E-04  0.2094917E-04 -0.8975355E-06
Ar 8005  0.5785124E+02  0.5280232E+02  0.6316060E+02 -0.9314106E-04  0.5218795E-04 -0.2325034E-04
Ar 8006  0.6052617E+02  0.5531844E+02  0.6323812E+02 -0.5373819E-04  0.1299609E-04 -0.9657594E-04
Ar 8007  0.6054578E+02  0.5254978E+02  0.6579773E+02 -0.4323118E-04 -0.5567492E-04 -0.2967615E-04
Ar 8008  0.5794269E+02  0.5517771E+02  0.6578546E+02  0.1434749E-04  0.1866076E-05 -0.6253975E-04
Ar 8009  0.5791192E+02  0.5794219E+02  0.4201881E-01 -0.1102191E-03 -0.5953096E-05 -0.1857988E-04
Ar 8010  0.6056786E+02  0.6064112E+02  0.6836495E+02 -0.2599813E-04  0.1022115E-03  0.5030665E-05
Ar 8011  0.6062146E+02  0.5789203E+02  0.2664094E+01  0.7413784E-04 -0.2675720E-04 -0.1767482E-05
Ar 8012  0.5779923E+02  0.6045875E+02  0.2628533E+01 -0.5059885E-04  0.5827546E-04  0.2721374E-05
Ar 8013  0.5788961E+02  0.5784584E+02  0.5243523E+01  0.1056242E-04 -0.7359705E-04  0.4680096E-04
Ar 8014  0.6037904E+02  0.6050686E+02  0.5239885E+01 -0.6375369E-04 -0.1479986E-03 -0.8767144E-05
Ar 8015  0.6040927E+02  0.5798183E+02  0.7912418E+01  0.1960363E-04  0.6551963E-04  0.4556034E-04
Ar 8016  0.5792404E+02  0.6054144E+02  0.7867724E+01 -0.3437959E-04 -0.5603046E-04  0.7009091E-04
Ar 8017  0.5791185E+02  0.5790634E+02  0.1045390E+02  0.6712116E-04 -0.6185180E-04 -0.1904528E-04
Ar 8018  0.6051565E+02  0.6050816E+02  0.1054615E+02  0.2561060E-04  0.3429500E-04 -0.9799005E-04
Ar 8019  0.6050753E+02  0.5795089E+02  0.1313823E+02 -0.3795549E-04 -0.3586049E-04 -0.3298081E-04
Ar 8020  0.5783721E+02  0.6042414E+02  0.1302986E+02 -0.4392570E-04  0.4356079E-04  0.4140850E-04
Ar 8021  0.5781198E+02  0.5784313E+02  0.1570577E+02  0.4203545E-04  0.4046423E-04  0.7666702E-04
Ar 8022  0.6045363E+02  0.6058555E+02  0.1579870E+02  0.4198517E-04  0.2057239E-04 -0.3839155E-04
Ar 8023  0.6055577E+02  0.5794613E+02  0.1847356E+02  0.4708421E-04 -0.4526507E-04 -0.7021200E-04
Ar 8024  0.5794304E+02  0.6049744E+02  0.1838764E+02 -0.9024474E-04  0.1705419E-04 -0.5835563E-04
Ar 8025  0.5781637E+02  0.5775945E+02  0.2105763E+02 -0.1338273E-04  0.4237730E-04  0.7857036E-04
Ar 8026  0.6058498E+02  0.6060763E+02  0.2104418E+02 -0.6032827E-04 -0.7482146E-04 -0.6288342E-04
Ar 8027  0.6043717E+02  0.5785635E+02  0.2379843E+02 -0.2617644E-04 -0.8259546E-05 -0.1047800E-04
Ar 8028  0.5792038E+02  0.6041335E+02  0.2359678E+02  0.1196398E-04 -0.9547373E-04  0.2086985E-05
Ar 8029  0.5792920E+02  0.5799669E+02  0.2630914E+02  0.9481153E-04  0.5968439E-04 -0.1343054E-04
Ar 8030  0.6054685E+02  0.6048229E+02  0.2632329E+02 -0.4705761E-04  0.2622439E-04 -0.1364252E-04
Ar 8031  0.6061536E+02  0.5804805E+02  0.2903364E+02 -0.6630533E-04 -0.6651604E-04  0.2337391E-04
Ar 8032  0.5781019E+02  0.6050820E+02  0.2891037E+02 -0.3819595E-04  0.9265006E-05  0.1641350E-04
Ar 8033  0.5785610E+02  0.5790442E+02  0.3158926E+02  0.2717056E-04 -0.1174865E-03  0.1322276E-05
Ar 8034  0.6050127E+02  0.6055872E+02  0.3161761E+02  0.7235683E-04  0.3444183E-04 -0.2427589E-04
Ar 8035  0.6052062E+02  0.5792113E+02  0.3429720E+02 -0.1129829E-04  0.9042520E-06 -0.5247240E-04
Ar 8036  0.5788118E+02  0.6057330E+02  0.3415371E+02 -0.2672849E-04 -0.2662566E-04 -0.5318593E-04
Ar 8037  0.5791098E+02  0.5798691E+02  0.3685845E+02 -0.2911392E-04 -0.2229285E-04  0.3391528E-04
Ar 8038  0.6052973E+02  0.6041778E+02  0.3679908E+02  0.2114384E-05 -0.4612905E-04 -0.7312863E-04
Ar 8039  0.6050087E+02  0.5782875E+02  0.3944135E+02 -0.8687504E-05  0.6107941E-04  0.3739477E-04
Ar 8040  0.5786605E+02  0.6046379E+02  0.3949838E+02  0.6976884E-05  0.1101000E-03 -0.6392027E-05
Ar 8041  0.5791218E+02  0.5795825E+02  0.4212023E+02  0.4739972E-05 -0.6526003E-04  0.9620649E-05
Ar 8042  0.6057469E+02  0.6050869E+02  0.4216231E+02 -0.2831914E-04 -0.1024626E-03 -0.2500501E-04
Ar 8043  0.6049725E+02  0.5791559E+02  0.4471392E+02 -0.4193016E-05  0.9227272E-05 -0.6477737E-04
Ar 8044  0.5780026E+02  0.6050546E+02  0.4477770E+02  0.2134495E-04 -0.1640469E-04 -0.4794702E-04
Ar 8045  0.5792273E+02  0.5788006E+02  0.4738363E+02  0.3683734E-04 -0.2419792E-04 -0.8001770E-04
Ar 8046  0.6063589E+02  0.6059752E+02  0.4737605E+02 -0.4264151E-04  0.2900793E-04  0.1004632E-04
Ar 8047  0.6049740E+02  0.5782016E+02  0.5010866E+02 -0.5963145E-04 -0.9577184E-04 -0.4778872E-04
Ar 8048  0.5780786E+02  0.6053465E+02  0.5017113E+02  0.5686969E-04 -0.8602377E-04  0.2086414E-04
Ar 8049  0.5794018E+02  0.5795746E+02  0.5264048E+02 -0.8593129E-04  0.5617243E-04  0.4725636E-04
Ar 8050  0.6055678E+02  0.6055118E+02  0.5270082E+02 -0.2409569E-04 -0.1000852E-03 -0.4242498E-04
Ar 8051  0.6067657E+02  0.5789383E+02  0.5521515E+02  0.5194223E-06 -0.2984579E-04 -0.2409667E-04
Ar 8052  0.5785206E+02  0.6067554E+02  0.5526787E+02  0.1155311E-04  0.7960733E-04 -0.8559887E-04
Ar 8053  0.5779181E+02  0.5790046E+02  0.5799322E+02 -0.2798031E-04 -0.3446078E-04 -0.1075232E-03
Ar 8054  0.6052755E+02  0.6049594E+02  0.5796065E+02  0.6313240E-05  0.1842952E-04  0.1789412E-04
Ar 8055  0.6049379E+02  0.5784700E+02  0.6044392E+02 -0.3385724E-04 -0.1423003E-04 -0.6003127E-04
Ar 8056  0.5793796E+02  0.6055664E+02  0.6043976E+02  0.7880396E-04 -0.2326152E-04 -0.2058198E-04
Ar 8057  0.5786284E+02  0.5785033E+02  0.6319295E+02  0.7302348E-04 -0.2716864E-04 -0.7860587E-04
Ar 8058  0.6045503E+02  0.6055221E+02  0.6314513E+02 -0.4474631E-04  0.4664419E-05 -0.1560882E-04
Ar 8059  0.6049917E+02  0.5791668E+02  0.6591072E+02 -0.1706526E-05 -0.9299637E-05 -0.4133623E-04
Ar 8060  0.5790465E+02  0.6045616E+02  0.6580067E+02 -0.5527696E-04  0.5127407E-04 -0.9669924E-04
Ar 8061  0.5786587E+02  0.6327171E+02  0.6835525E+02 -0.4372053E-04  0.2525675E-04 -0.8968683E-04
Ar 8062  0.6046814E+02  0.6570032E+02  0.6828400E+02 -0.7189999E-04  0.4439681E-04 -0.3958633E-05
Ar 8063  0.6040929E+02  0.6328628E+02  0.2643701E+01 -0.5103449E-04 -0.6268567E-04  0.1854625E-04
Ar 8064  0.5786500E+02  0.6585748E+02  0.2558149E+01 -0.4467706E-04 -0.6234924E-04 -0.1028593E-03
Ar 8065  0.5784143E+02  0.6315336E+02  0.5167169E+01 -0.5755533E-04 -0.6011312E-04 -0.1867958E-04
Ar 8066  0.6055071E+02  0.6578806E+02  0.5318095E+01 -0.7862850E-04 -0.4733434E-05  0.1880881E-04
Ar 8067  0.6053567E+02  0.6307963E+02  0.7957429E+01 -0.2238601E-04 -0.1987386E-04 -0.4497130E-05
Ar 8068  0.5777369E+02  0.6577469E+02  0.7847976E+01 -0.5943623E-04  0.1994364E-04  0.2293883E-04
Ar 8069  0.5782727E+02  0.6310036E+02  0.1051946E+02 -0.4767964E-04  0.1275269E-05  0.2823053E-04
Ar 8070  0.6062027E+02  0.6577732E+02  0.1056446E+02 -0.5622220E-04  0.2628604E-04  0.4326348E-04
Ar 8071  0.6048853E+02  0.6319569E+02  0.1320645E+02 -0.3127492E-04  0.1649707E-04  0.2270457E-04
Ar 8072  0.5792657E+02  0.6577528E+02  0.1321160E+02  0.5654951E-05 -0.5554080E-05  0.2231923E-04
Ar 8073  0.5784960E+02  0.6320188E+02  0.1575407E+02 -0.7129317E-04 -0.2328526E-04  0.2210047E-04
Ar 8074  0.6052972E+02  0.6584057E+02  0.1581694E+02  0.5645599E-04  0.1869547E-04  0.4720317E-04
Ar 8075  0.6046024E+02  0.6313674E+02  0.1833422E+02 -0.2862016E-04 -0.5124919E-04 -0.6541990E-04
Ar 8076  0.5782563E+02  0.6571430E+02  0.1847168E+02  0.1818647E-04 -0.1061990E-03 -0.5286006E-04
Ar 8077  0.5799707E+02  0.6314616E+02  0.2110659E+02 -0.5956297E-04 -0.3350882E-04 -0.2166231E-04
Ar 8078  0.6044413E+02  0.6581309E+02  0.2097948E+02  0.3378245E-04  0.4262485E-04  0.2015263E-04
Ar 8079  0.6041067E+02  0.6314248E+02  0.2371018E+02  0.3222414E-04 -0.7493238E-04  0.2282528E-04
Ar 8080  0.5797244E+02  0.6580556E+02  0.2356995E+02  0.4936177E-04 -0.1497441E-04  0.3432589E-05
Ar 8081  0.5795137E+02  0.6320338E+02  0.2627751E+02  0.2268766E-04 -0.4391343E-04 -0.7500236E-04
Ar 8082  0.6054664E+02  0.6584252E+02  0.2621046E+02 -0.2844872E-04 -0.9451553E-04  0.2528603E-04
Ar 8083  0.6058678E+02  0.6318762E+02  0.2893676E+02 -0.2546220E-04 -0.1421600E-04  0.8014650E-05
Ar 8084  0.5802693E+02  0.6578671E+02  0.2894074E+02  0.4143248E-04 -0.4400784E-04  0.2712732E-04
Ar 8085  0.5779326E+02  0.6321353E+02  0.3171516E+02 -0.6712764E-04  0.5346913E-05 -0.1171997E-04
Ar 8086  0.6064835E+02  0.6574926E+02  0.3159639E+02  0.3465171E-04  0.1340895E-04  0.4586645E-04
Ar 8087  0.6068209E+02  0.6319454E+02  0.3432818E+02 -0.6283174E-04  0.3571122E-04  0.4087803E-04
Ar 8088  0.5789323E+02  0.6584852E+02  0.3428388E+02  0.4696731E-04  0.1702522E-04 -0.1816597E-05
Ar 8089  0.5788035E+02  0.6296681E+02  0.3688120E+02  0.1129787E-04 -0.7942820E-04  0.2770737E-04
Ar 8090  0.6055360E+02  0.6584839E+02  0.3689286E+02  0.2078878E-04  0.2063581E-04 -0.1266020E-03
Ar 8091  0.6058740E+02  0.6314350E+02  0.3946517E+02  0.2860127E-04  0.5627245E-05  0.4043086E-05
Ar 8092  0.5801753E+02  0.6570778E+02  0.3943221E+02  0.5427827E-04 -0.2280817E-05  0.2195125E-04
Ar 8093  0.5805148E+02  0.6314973E+02  0.4199636E+02 -0.2252659E-04  0.7739176E-06 -0.3628020E-04
Ar 8094  0.6047075E+02  0.6576122E+02  0.4209667E+02 -0.5599603E-04 -0.1803380E-04  0.5442748E-04
Ar 8095  0.6045896E+02  0.6325461E+02  0.4472875E+02 -0.3180198E-04  0.2878873E-04  0.2864173E-04
Ar 8096  0.5787773E+02  0.6577180E+02  0.4474732E+02 -0.5372053E-04  0.2476212E-04 -0.1080335E-03
Ar 8097  0.5791705E+02  0.6321005E+02  0.4756161E+02  0.1602883E-04 -0.8750843E-04  0.7579056E-04
Ar 8098  0.6052343E+02  0.6582335E+02  0.4741213E+02 -0.4569497E-04  0.3491322E-05 -0.1473766E-04
Ar 8099  0.6055576E+02  0.6317683E+02  0.4994293E+02 -0.9862232E-04 -0.2854438E-04 -0.3752729E-04
Ar 8100  0.5793425E+02  0.6581283E+02  0.5007691E+02  0.1828369E-04  0.6965228E-04 -0.7850998E-04
Ar 8101  0.5786153E+02  0.6320334E+02  0.5269405E+02 -0.1891073E-04  0.5502431E-04 -0.9556216E-04
Ar 8102  0.6052210E+02  0.6572280E+02  0.5264859E+02 -0.3825711E-04 -0.2811394E-04 -0.1892331E-04
Ar 8103  0.6053295E+02  0.6310690E+02  0.5528585E+02 -0.3514734E-04  0.5071246E-04 -0.2515288E-04
Ar 8104  0.5784684E+02  0.6577893E+02  0.5523278E+02  0.3266175E-04  0.8145652E-05  0.9426959E-05
Ar 8105  0.5792974E+02  0.6318879E+02  0.5792072E+02 -0.4030988E-04 -0.1059270E-03 -0.3173933E-04
Ar 8106  0.6045506E+02  0.6576551E+02  0.5784997E+02 -0.8596031E-04 -0.2917837E-04 -0.1064456E-04
Ar 8107  0.6061314E+02  0.6311694E+02  0.6044005E+02 -0.4059177E-04 -0.9339024E-05 -0.3488223E-04
Ar 8108  0.5783465E+02  0.6581014E+02  0.6049020E+02 -0.8516140E-04  0.5389821E-04 -0.1151974E-03
Ar 8109  0.5789744E+02  0.6324454E+02  0.6327169E+02  0.1037593E-04 -0.4451721E-05 -0.5074116E-04
Ar 8110  0.6052503E+02  0.6569712E+02  0.6317703E+02 -0.2280644E-05 -0.8554929E-05 -0.2092713E-04
Ar 8111  0.6061015E+02  0.6312275E+02  0.6582909E+02  0.9845030E-06 -0.7432400E-04  0.8892953E-05
Ar 8112  0.5785764E+02  0.6574859E+02  0.6584083E+02 -0.7476066E-04 -0.5859600E-04  0.3546598E-04
Ar 8113  0.6315170E+02  0.6842704E+02  0.6846774E+02 -0.3574082E-04  0.1699431E-04 -0.4353913E-04
Ar 8114  0.6581738E+02  0.2588422E+01  0.6849163E+02 -0.3213937E-04 -0.1385961E-04 -0.2201987E-05
Ar 8115  0.6572727E+02  0.5985038E-01  0.2600247E+01 -0.4423921E-04 -0.8778831E-04 -0.2102454E-04
Ar 8116  0.6309921E+02  0.2633393E+01  0.2680363E+01 -0.9251864E-04  0.1090349E-03  0.7296489E-04
Ar 8117  0.6313670E+02  0.9750713E-01  0.5284122E+01 -0.3669593E-04  0.1616804E-04  0.2830533E-05
Ar 8118  0.6576035E+02  0.2645091E+01  0.5278748E+01 -0.5558934E-04  0.2229871E-04 -0.2865092E-04
Ar 8119  0.6577624E+02  0.6827739E+02  0.8091664E+01  0.9998414E-05 -0.1122283E-03  0.9260441E-04
Ar 8120  0.6313675E+02  0.2595956E+01  0.7801171E+01 -0.8586261E-04  0.1151766E-04 -0.8339549E-04
Ar 8121  0.6312783E+02  0.6205337E-01  0.1045619E+02 -0.1242257E-04  0.3651246E-04  0.5763592E-04
Ar 8122  0.6564893E+02  0.2538128E+01  0.1053250E+02  0.1166310E-04  0.2272245E-04  0.2105479E-04
Ar 8123  0.6577115E+02  0.6839610E+02  0.1316770E+02 -0.2555034E-04  0.1091790E-03 -0.6215427E-05
Ar 8124  0.6314219E+02  0.2583781E+01  0.1314532E+02 -0.3157793E-06  0.7604041E-05 -0.9427482E-04
Ar 8125  0.6312607E+02  0.6834417E+02  0.1569627E+02 -0.9913603E-04 -0.4038696E-04  0.1104503E-04
Ar 8126  0.6575145E+02  0.2648933E+01  0.1582617E+02 -0.2835062E-04 -0.2426716E-04 -0.2533096E-04
Ar 8127  0.6570995E+02  0.6556091E-01  0.1845134E+02 -0.3119201E-04  0.1984495E-04  0.1566949E-04
Ar 8128  0.6302859E+02  0.2598215E+01  0.1846500E+02 -0.2484735E-04  0.3755367E-04 -0.7438125E-04
Ar 8129  0.6305540E+02  0.6845211E+02  0.2109084E+02 -0.7434724E-05  0.3134418E-04  0.5253928E-04
Ar 8130  0.6583134E+02  0.2621759E+01  0.2099026E+02 -0.8904624E-05  0.6412413E-04  0.2994980E-04
Ar 8131  0.6572357E+02  0.6833952E+02  0.2379162E+02 -0.4155511E-04  0.1189214E-04  0.6405402E-04
Ar 8132  0.6317661E+02  0.2616802E+01  0.2370450E+02 -0.9185929E-04 -0.4949379E-04 -0.7494747E-04
Ar 8133  0.6314681E+02  0.6834927E+02  0.2630587E+02  0.1069454E-04 -0.7983577E-04 -0.2998635E-05
Ar 8134  0.6566880E+02  0.2657205E+01  0.2633411E+02  0.1446586E-05  0.5081617E-04 -0.8124763E-04
Ar 8135  0.6588191E+02  0.6851439E+02  0.2893777E+02  0.1013347E-04 -0.6812857E-04 -0.1909687E-04
Ar 8136  0.6316818E+02  0.2625282E+01  0.2893834E+02 -0.7853000E-05 -0.2933984E-04  0.7336409E-04
Ar 8137  0.6318445E+02  0.9338826E-01  0.3159848E+02 -0.5226279E-04 -0.2472932E-04 -0.3001999E-04
Ar 8138  0.6576609E+02  0.2603973E+01  0.3153757E+02  0.3810404E-04 -0.1532907E-04 -0.1412233E-04
Ar 8139  0.6577150E+02  0.6542803E-01  0.3424169E+02 -0.4610431E-04  0.1716282E-04 -0.3831591E-04
Ar 8140  0.6314264E+02  0.2792284E+01  0.3425219E+02 -0.6099351E-04  0.7837195E-05 -0.2613883E-04
Ar 8141  0.6319438E+02  0.1346306E-01  0.3688786E+02 -0.4693723E-04  0.1128096E-03 -0.1497888E-04
Ar 8142  0.6576006E+02  0.2595667E+01  0.3677556E+02  0.9407762E-05  0.2509924E-04  0.5250640E-04
Ar 8143  0.6579330E+02  0.6840046E+02  0.3946792E+02 -0.3884830E-04  0.2697825E-04 -0.2291712E-04
Ar 8144  0.6320308E+02  0.2619007E+01  0.3955807E+02 -0.3383661E-04  0.1643770E-04 -0.2252324E-04
Ar 8145  0.6315504E+02  0.6861627E+02  0.4215638E+02 -0.9628931E-05 -0.3416416E-04 -0.7534034E-04
Ar 8146  0.6577328E+02  0.2631608E+01  0.4208860E+02 -0.9103192E-04  0.9542090E-04  0.1602768E-04
Ar 8147  0.6600518E+02  0.6840736E+02  0.4478151E+02  0.1392582E-04  0.3435661E-04 -0.5044705E-04
Ar 8148  0.6319699E+02  0.2663429E+01  0.4480441E+02 -0.1206616E-03  0.3644705E-04 -0.2266856E-04
Ar 8149  0.6318690E+02  0.6830409E+02  0.4730818E+02 -0.2364974E-04  0.3872922E-04  0.4560910E-04
Ar 8150  0.6569059E+02  0.2644611E+01  0.4728991E+02  0.4242219E-04  0.6173613E-04  0.4790720E-04
Ar 8151  0.6578868E+02  0.6840859E+02  0.5001804E+02 -0.5062494E-04  0.4608436E-05 -0.1105590E-03
Ar 8152  0.6324370E+02  0.2656473E+01  0.5017388E+02 -0.5045668E-04 -0.1186444E-04 -0.2644864E-04
Ar 8153  0.6312836E+02  0.6829227E+02  0.5272863E+02 -0.6893250E-04 -0.2474576E-05 -0.2068125E-05
Ar 8154  0.6579182E+02  0.2559595E+01  0.5262593E+02  0.2455642E-04 -0.6173684E-04 -0.7923368E-04
Ar 8155  0.6583873E+02  0.6839303E+02  0.5531626E+02 -0.4900981E-04 -0.4957291E-04 -0.7349627E-05
Ar 8156  0.6319677E+02  0.2692293E+01  0.5531517E+02  0.5390128E-05  0.1889823E-04 -0.2386579E-04
Ar 8157  0.6309465E+02  0.6850387E+02  0.5784385E+02 -0.5245669E-04 -0.1235270E-03  0.1043422E-04
Ar 8158  0.6563832E+02  0.2489599E+01  0.5793017E+02  0.8860197E-04 -0.5404967E-04  0.1790182E-04
Ar 8159  0.6588072E+02  0.1095645E+00  0.6057437E+02 -0.3611928E-04  0.2253522E-04 -0.3816971E-04
Ar 8160  0.6304671E+02  0.2726369E+01  0.6055768E+02 -0.1145644E-04 -0.8837705E-04  0.1937637E-04
Ar 8161  0.6313226E+02  0.6840313E+02  0.6320286E+02  0.3926636E-04 -0.4510200E-04  0.2586254E-04
Ar 8162  0.6575887E+02  0.2709105E+01  0.6312886E+02  0.9064069E-04 -0.2233776E-04  0.7867519E-05
Ar 8163  0.6580262E+02  0.6830001E+02  0.6571419E+02 -0.2998652E-04  0.4047303E-04  0.2098030E-04
Ar 8164  0.6323095E+02  0.2553948E+01  0.6577334E+02 -0.1349186E-03 -0.2773380E-04  0.3756534E-04
Ar 8165  0.6316653E+02  0.5279862E+01  0.6839775E+02 -0.2867538E-04  0.1106456E-03  0.1566998E-04
Ar 8166  0.6568964E+02  0.7818035E+01  0.6849236E+02  0.3006190E-04 -0.6099800E-04 -0.4560417E-04
Ar 8167  0.6575536E+02  0.5287504E+01  0.2637873E+01 -0.2974803E-04  0.3742201E-04  0.2776794E-04
Ar 8168  0.6310743E+02  0.7978446E+01  0.2695310E+01 -0.5935825E-04 -0.9147485E-05  0.8003866E-04
Ar 8169  0.6318621E+02  0.5334473E+01  0.5341619E+01 -0.3624279E-04  0.9178318E-05 -0.4457652E-04
Ar 8170  0.6578328E+02  0.7745340E+01  0.5284389E+01  0.2907989E-05 -0.6184318E-04  0.1013547E-03
Ar 8171  0.6581900E+02  0.5263117E+01  0.7902565E+01  0.1232028E-04  0.3645357E-04  0.2383168E-04
Ar 8172  0.6311314E+02  0.7810203E+01  0.7938273E+01  0.2592247E-04  0.7610511E-04 -0.1267879E-03
Ar 8173  0.6319175E+02  0.5200857E+01  0.1049660E+02  0.8734724E-04  0.4436657E-04  0.1511905E-04
Ar 8174  0.6582681E+02  0.7919208E+01  0.1044602E+02 -0.3448805E-04 -0.8772489E-04 -0.2070340E-04
Ar 8175  0.6583771E+02  0.5255580E+01  0.1326281E+02 -0.8165194E-05  0.3868618E-06  0.9937651E-04
Ar 8176  0.6314278E+02  0.7866830E+01  0.1315892E+02  0.2738067E-05  0.2062722E-04 -0.4466995E-04
Ar 8177  0.6319586E+02  0.5221590E+01  0.1576622E+02 -0.4961889E-04 -0.7545041E-04 -0.2692269E-04
Ar 8178  0.6567327E+02  0.7977487E+01  0.1567232E+02  0.1794779E-04  0.1727345E-04  0.4232826E-04
Ar 8179  0.6568283E+02  0.5174342E+01  0.1834246E+02 -0.2722805E-04 -0.5092784E-04 -0.3976307E-04
Ar 8180  0.6319704E+02  0.7816913E+01  0.1846492E+02 -0.5831504E-04 -0.8521749E-06  0.2317904E-05
Ar 8181  0.6311715E+02  0.5255894E+01  0.2093328E+02 -0.7518269E-04  0.5488692E-04 -0.3524341E-05
Ar 8182  0.6563492E+02  0.7811323E+01  0.2104808E+02  0.2143188E-04  0.3218728E-04  0.2645290E-04
Ar 8183  0.6583529E+02  0.5297201E+01  0.2363887E+02  0.3687717E-04 -0.5462909E-05  0.5467793E-04
Ar 8184  0.6306679E+02  0.8000852E+01  0.2379054E+02  0.3498434E-04  0.3068322E-04 -0.7947121E-04
Ar 8185  0.6318016E+02  0.5160109E+01  0.2608139E+02 -0.5262860E-04 -0.3556971E-04 -0.6540822E-05
Ar 8186  0.6582702E+02  0.7846467E+01  0.2626361E+02  0.2682397E-04  0.5940411E-04 -0.1003826E-03
Ar 8187  0.6589581E+02  0.5234244E+01  0.2890113E+02 -0.5074420E-04 -0.6601368E-04 -0.3833670E-04
Ar 8188  0.6314117E+02  0.7915988E+01  0.2894145E+02 -0.1040642E-03 -0.6546637E-04  0.8094878E-04
Ar 8189  0.6310171E+02  0.5428333E+01  0.3153962E+02  0.5265172E-04 -0.4312192E-04  0.2622469E-05
Ar 8190  0.6583797E+02  0.7939634E+01  0.3156307E+02 -0.2331816E-04 -0.2645471E-04  0.2917383E-04
Ar 8191  0.6576622E+02  0.5136823E+01  0.3420165E+02 -0.4042629E-04  0.2542494E-04 -0.8551441E-04
Ar 8192  0.6319861E+02  0.7833281E+01  0.3416998E+02  0.5221540E-05 -0.1917868E-04 -0.7060804E-04
Ar 8193  0.6312669E+02  0.5259775E+01  0.3691110E+02 -0.5643679E-04 -0.7275004E-04  0.4189610E-04
Ar 8194  0.6578867E+02  0.8017722E+01  0.3682405E+02 -0.8060004E-04  0.7464449E-04 -0.4402882E-04
Ar 8195  0.6570850E+02  0.5286545E+01  0.3939276E+02 -0.1292628E-03  0.1566243E-04 -0.6144557E-04
Ar 8196  0.6316732E+02  0.7942925E+01  0.3950255E+02  0.1618447E-04 -0.3708204E-04 -0.6059830E-04
Ar 8197  0.6314626E+02  0.5209405E+01  0.4209566E+02  0.3851927E-04  0.1699369E-04 -0.1447476E-04
Ar 8198  0.6584308E+02  0.7888833E+01  0.4217062E+02 -0.8773901E-04  0.1759404E-04 -0.6086133E-04
Ar 8199  0.6573968E+02  0.5297626E+01  0.4469919E+02 -0.4269194E-04  0.2191597E-04 -0.4052665E-04
Ar 8200  0.6316838E+02  0.7881193E+01  0.4469674E+02 -0.3746729E-04 -0.9396823E-04  0.2404064E-04
Ar 8201  0.6317804E+02  0.5291211E+01  0.4735421E+02 -0.4012488E-04 -0.3505737E-04  0.2760162E-04
Ar 8202  0.6583121E+02  0.7878250E+01  0.4730274E+02  0.1785055E-04 -0.3592789E-04  0.3858472E-04
Ar 8203  0.6573830E+02  0.5147760E+01  0.4988264E+02 -0.6651917E-04  0.7088660E-04  0.2148141E-05
Ar 8204  0.6307226E+02  0.7920331E+01  0.5013407E+02 -0.2519704E-04  0.1308986E-04  0.8117626E-05
Ar 8205  0.6300704E+02  0.5267278E+01  0.5272070E+02 -0.4993371E-04  0.8367858E-04  0.8320380E-06
Ar 8206  0.6587142E+02  0.7810467E+01  0.5253535E+02 -0.1944012E-04  0.6297132E-05  0.9164876E-05
Ar 8207  0.6578646E+02  0.5386752E+01  0.5518258E+02  0.7483489E-05 -0.1014680E-04  0.4418797E-04
Ar 8208  0.6316905E+02  0.7882057E+01  0.5524517E+02 -0.1300180E-04 -0.1835367E-04 -0.4720623E-04
Ar 8209  0.6312063E+02  0.5353144E+01  0.5782425E+02  0.4167716E-04 -0.3903861E-05 -0.7343777E-05
Ar 8210  0.6576294E+02  0.7980250E+01  0.5789977E+02 -0.7244673E-04  0.1662685E-04 -0.8222788E-04
Ar 8211  0.6584325E+02  0.5162368E+01  0.6050417E+02  0.3878992E-04  0.4538010E-04 -0.6800640E-04
Ar 8212  0.6317581E+02  0.7882628E+01  0.6061214E+02 -0.5050193E-04 -0.1131006E-04  0.4129390E-04
Ar 8213  0.6309548E+02  0.5216415E+01  0.6312714E+02 -0.8324040E-04 -0.4634915E-04  0.2030457E-04
Ar 8214  0.6577722E+02  0.7998446E+01  0.6314646E+02 -0.7431261E-04 -0.3518733E-05 -0.3530609E-04
Ar 8215  0.6583831E+02  0.5237920E+01  0.6572179E+02  0.2546775E-04 -0.2122138E-04  0.8919444E-05
Ar 8216  0.6317061E+02  0.7929320E+01  0.6576613E+02 -0.3727097E-04  0.5162308E-04 -0.1109134E-03
Ar 8217  0.6317996E+02  0.1049669E+02  0.6841867E+02 -0.8717439E-04  0.2139397E-04 -0.1064103E-03
Ar 8218  0.6573594E+02  0.1319736E+02  0.6844989E+02 -0.4221360E-04  0.3782882E-04  0.6020591E-04
Ar 8219  0.6577429E+02  0.1059381E+02  0.2626840E+01 -0.6089509E-04  0.1543924E-05 -0.2943097E-05
Ar 8220  0.6297897E+02  0.1311510E+02  0.2700752E+01 -0.3009902E-04 -0.2907529E-04 -0.8469718E-05
Ar 8221  0.6315315E+02  0.1048004E+02  0.5318057E+01 -0.2635556E-04  0.1303765E-04 -0.2297105E-04
Ar 8222  0.6575876E+02  0.1315121E+02  0.5221898E+01 -0.7811029E-04  0.3864415E-04  0.1751921E-04
Ar 8223  0.6567524E+02  0.1057222E+02  0.7885438E+01 -0.1945349E-04 -0.1228753E-04  0.7465229E-04
Ar 8224  0.6315027E+02  0.1320605E+02  0.7906625E+01  0.3890762E-04  0.5412203E-04  0.1951925E-04
Ar 8225  0.6323550E+02  0.1044174E+02  0.1049896E+02 -0.7094474E-04  0.1477609E-04  0.8214170E-05
Ar 8226  0.6580683E+02  0.1323900E+02  0.1051467E+02  0.1147290E-04 -0.1265831E-04 -0.4894444E-04
Ar 8227  0.6568449E+02  0.1047041E+02  0.1319844E+02 -0.1981530E-04  0.5545932E-04  0.5547456E-05
Ar 8228  0.6324649E+02  0.1318732E+02  0.1313713E+02 -0.5758278E-04  0.3103947E-04  0.8061043E-04
Ar 8229  0.6318251E+02  0.1051471E+02  0.1581081E+02 -0.1147962E-03 -0.1568946E-06  0.1890490E-05
Ar 8230  0.6571595E+02  0.1323624E+02  0.1572159E+02 -0.2817610E-04  0.6995955E-04 -0.2873045E-04
Ar 8231  0.6572741E+02  0.1054744E+02  0.1832323E+02 -0.4158168E-04 -0.8321037E-04 -0.3762980E-05
Ar 8232  0.6316738E+02  0.1315932E+02  0.1836172E+02 -0.1070843E-04 -0.4961704E-04  0.2122382E-04
Ar 8233  0.6324762E+02  0.1052153E+02  0.2113102E+02 -0.4161285E-04 -0.1023406E-03 -0.1314283E-04
Ar 8234  0.6578661E+02  0.1322028E+02  0.2110356E+02 -0.2727199E-04  0.1853091E-04 -0.1576291E-04
Ar 8235  0.6577675E+02  0.1053889E+02  0.2371180E+02 -0.1496029E-04  0.1020681E-04  0.7219715E-04
Ar 8236  0.6304041E+02  0.1300186E+02  0.2366397E+02  0.2058397E-05  0.6551854E-04  0.4490943E-04
Ar 8237  0.6307282E+02  0.1049118E+02  0.2639048E+02 -0.5725366E-04 -0.8632895E-04  0.1248760E-04
Ar 8238  0.6580484E+02  0.1320652E+02  0.2627694E+02 -0.1028433E-03 -0.4996887E-04 -0.3600596E-04
Ar 8239  0.6569401E+02  0.1057117E+02  0.2895490E+02 -0.1991205E-04 -0.1496160E-05 -0.1807580E-04
Ar 8240  0.6317248E+02  0.1316551E+02  0.2899825E+02 -0.5323824E-04  0.2553446E-04 -0.5428079E-04
Ar 8241  0.6314577E+02  0.1056343E+02  0.3159933E+02  0.1783361E-04 -0.5585083E-04  0.1144868E-03
Ar 8242  0.6592350E+02  0.1309886E+02  0.3163807E+02  0.6817977E-04 -0.1242984E-04  0.5873184E-04
Ar 8243  0.6576779E+02  0.1055047E+02  0.3425849E+02 -0.4316542E-04  0.6079442E-04  0.4272823E-04
Ar 8244  0.6310259E+02  0.1323592E+02  0.3429093E+02  0.1547194E-04 -0.6381117E-04 -0.1711150E-04
Ar 8245  0.6311974E+02  0.1055912E+02  0.3695816E+02  0.1810746E-04  0.1658175E-04 -0.1104700E-04
Ar 8246  0.6582450E+02  0.1320453E+02  0.3678672E+02  0.3386192E-04  0.8463342E-04 -0.2908288E-04
Ar 8247  0.6579211E+02  0.1049780E+02  0.3941174E+02 -0.1820631E-04 -0.9877558E-04 -0.6447343E-04
Ar 8248  0.6311631E+02  0.1315155E+02  0.3943670E+02 -0.3279809E-04  0.3576960E-04 -0.3136709E-04
Ar 8249  0.6327748E+02  0.1043550E+02  0.4218507E+02 -0.8090731E-04 -0.5864650E-04 -0.7640975E-04
Ar 8250  0.6579551E+02  0.1320810E+02  0.4198700E+02 -0.3688967E-05 -0.4012264E-04  0.6376396E-04
Ar 8251  0.6571906E+02  0.1059875E+02  0.4476622E+02 -0.3890381E-05  0.2982382E-04  0.4964182E-04
Ar 8252  0.6318294E+02  0.1304156E+02  0.4469329E+02  0.5048425E-04  0.1409417E-04 -0.9028885E-04
Ar 8253  0.6320830E+02  0.1047958E+02  0.4730994E+02 -0.3324409E-04 -0.6260697E-04  0.3067301E-04
Ar 8254  0.6570520E+02  0.1311427E+02  0.4742225E+02 -0.3992511E-04  0.7619853E-04 -0.5024147E-04
Ar 8255  0.6583441E+02  0.1047937E+02  0.5000923E+02 -0.2858292E-04 -0.4822488E-04  0.1289424E-04
Ar 8256  0.6312914E+02  0.1314838E+02  0.4999679E+02  0.5247581E-04  0.2817249E-04 -0.6732776E-04
Ar 8257  0.6318998E+02  0.1053982E+02  0.5254239E+02 -0.2514036E-04 -0.7954764E-04  0.5308866E-04
Ar 8258  0.6582775E+02  0.1309265E+02  0.5263700E+02  0.4485860E-04  0.5525038E-04 -0.6911680E-04
Ar 8259  0.6583087E+02  0.1044942E+02  0.5526028E+02  0.4995873E-05 -0.6225667E-05 -0.2210145E-04
Ar 8260  0.6314008E+02  0.1301307E+02  0.5540672E+02  0.6156208E-04  0.2872673E-04 -0.6270568E-04
Ar 8261  0.6315590E+02  0.1054176E+02  0.5795472E+02  0.3052649E-04  0.8146104E-04  0.2077968E-06
Ar 8262  0.6591528E+02  0.1312136E+02  0.5780750E+02  0.8798476E-05 -0.3127285E-04 -0.6826656E-04
Ar 8263  0.6574817E+02  0.1062983E+02  0.6062715E+02 -0.1336252E-05  0.1670912E-04 -0.2677448E-04
Ar 8264  0.6316052E+02  0.1317081E+02  0.6046051E+02 -0.2060003E-04 -0.3706342E-04 -0.3445187E-04
Ar 8265  0.6309984E+02  0.1057291E+02  0.6320830E+02 -0.3706761E-06  0.2063911E-04 -0.6327694E-04
Ar 8266  0.6578709E+02  0.1309956E+02  0.6317451E+02  0.1934523E-04  0.1182025E-03 -0.6423989E-04
Ar 8267  0.6563904E+02  0.1067246E+02  0.6569193E+02  0.1736182E-04  0.3682075E-04 -0.2880461E-04
Ar 8268  0.6315591E+02  0.1313783E+02  0.6571024E+02  0.5942776E-04  0.2781269E-04 -0.8201967E-05
Ar 8269  0.6315658E+02  0.1582139E+02  0.7707003E-01  0.9538883E-04 -0.2113525E-04 -0.4010110E-04
Ar 8270  0.6574106E+02  0.1829950E+02  0.6852312E+02 -0.4164157E-04 -0.1122458E-04 -0.4310615E-04
Ar 8271  0.6580075E+02  0.1585455E+02  0.2730018E+01  0.5217991E-05 -0.7680980E-04 -0.7207873E-04
Ar 8272  0.6320017E+02  0.1848011E+02  0.2624254E+01 -0.3382631E-04  0.4176890E-04 -0.6671875E-04
Ar 8273  0.6315238E+02  0.1587900E+02  0.5311981E+01  0.5806215E-04  0.1134897E-04  0.1652150E-04
Ar 8274  0.6571829E+02  0.1841819E+02  0.5365874E+01 -0.1140785E-03 -0.3674386E-04  0.8131151E-04
Ar 8275  0.6573195E+02  0.1581516E+02  0.7895959E+01 -0.4758657E-04 -0.1374141E-04 -0.1450771E-04
Ar 8276  0.6318156E+02  0.1842613E+02  0.7965896E+01  0.2337372E-04 -0.2334151E-04  0.6333973E-04
Ar 8277  0.6311173E+02  0.1573980E+02  0.1061709E+02  0.3306015E-05 -0.9225238E-04  0.7859620E-04
Ar 8278  0.6576958E+02  0.1851120E+02  0.1045145E+02 -0.5882931E-05  0.3476936E-04 -0.6430214E-04
Ar 8279  0.6583020E+02  0.1583423E+02  0.1311076E+02 -0.3343428E-05 -0.2583704E-04  0.4103442E-04
Ar 8280  0.6309268E+02  0.1833794E+02  0.1321615E+02 -0.5200279E-05  0.5925245E-05  0.4567839E-04
Ar 8281  0.6320035E+02  0.1583645E+02  0.1579702E+02  0.8847738E-04  0.1681991E-05 -0.4054122E-05
Ar 8282  0.6577314E+02  0.1846693E+02  0.1583650E+02 -0.9093873E-05  0.4312037E-05  0.8531151E-04
Ar 8283  0.6581722E+02  0.1592171E+02  0.1838807E+02  0.3520285E-04 -0.2991692E-04 -0.4019030E-04
Ar 8284  0.6308362E+02  0.1843668E+02  0.1832964E+02  0.1022837E-04 -0.5934096E-04  0.5589557E-05
Ar 8285  0.6306136E+02  0.1578825E+02  0.2095241E+02 -0.1247571E-04  0.8756902E-04 -0.9233588E-04
Ar 8286  0.6574178E+02  0.1839239E+02  0.2110501E+02  0.8637803E-05  0.2767078E-04 -0.5051177E-04
Ar 8287  0.6562605E+02  0.1575132E+02  0.2365768E+02  0.1657851E-04 -0.7374627E-04  0.5364361E-04
Ar 8288  0.6312774E+02  0.1836612E+02  0.2367034E+02 -0.3211350E-04  0.1758190E-04 -0.4505092E-04
Ar 8289  0.6319068E+02  0.1575313E+02  0.2629621E+02 -0.2742845E-04 -0.1991265E-04 -0.4393978E-04
Ar 8290  0.6588495E+02  0.1842166E+02  0.2621018E+02 -0.8733272E-05  0.4195979E-04 -0.4329232E-04
Ar 8291  0.6578600E+02  0.1575292E+02  0.2891663E+02 -0.7670510E-04  0.2216515E-04  0.1093168E-04
Ar 8292  0.6313718E+02  0.1843142E+02  0.2884313E+02 -0.1462714E-04 -0.5309484E-04  0.1129691E-04
Ar 8293  0.6314765E+02  0.1566040E+02  0.3158544E+02 -0.7464300E-04  0.3573436E-04  0.4469561E-04
Ar 8294  0.6572818E+02  0.1850705E+02  0.3161105E+02  0.2233447E-04 -0.3829217E-04 -0.1965362E-04
Ar 8295  0.6592462E+02  0.1587551E+02  0.3423762E+02 -0.6647180E-04  0.2554136E-04  0.7445867E-06
Ar 8296  0.6319848E+02  0.1841508E+02  0.3398435E+02 -0.1355804E-03  0.6268231E-04 -0.7719003E-04
Ar 8297  0.6315287E+02  0.1573402E+02  0.3686243E+02 -0.3042048E-04  0.3306054E-04  0.2864775E-04
Ar 8298  0.6575667E+02  0.1843394E+02  0.3678763E+02  0.1794971E-04  0.7489064E-04 -0.3114622E-04
Ar 8299  0.6577886E+02  0.1568544E+02  0.3947039E+02 -0.6466597E-04  0.1343867E-04  0.3239284E-05
Ar 8300  0.6312593E+02  0.1834502E+02  0.3944198E+02 -0.7343890E-04  0.6833463E-05 -0.3897142E-04
Ar 8301  0.6295626E+02  0.1576116E+02  0.4198657E+02 -0.1313279E-03 -0.1515142E-04 -0.5961359E-04
Ar 8302  0.6575383E+02  0.1847860E+02  0.4214196E+02 -0.2165750E-04 -0.2592139E-04  0.2224661E-04
Ar 8303  0.6581241E+02  0.1582839E+02  0.4477355E+02 -0.4425403E-04 -0.2031187E-04 -0.1415754E-04
Ar 8304  0.6318449E+02  0.1843064E+02  0.4470760E+02  0.7279872E-04 -0.7237880E-04 -0.6660702E-04
Ar 8305  0.6302427E+02  0.1585985E+02  0.4737379E+02 -0.1586394E-04 -0.3265624E-04  0.9855012E-04
Ar 8306  0.6581677E+02  0.1845212E+02  0.4744262E+02  0.3397554E-04  0.3715682E-04  0.4357764E-04
Ar 8307  0.6573072E+02  0.1590623E+02  0.4999056E+02  0.8982789E-05 -0.1060647E-04 -0.4829487E-04
Ar 8308  0.6314603E+02  0.1841435E+02  0.5003499E+02 -0.1261857E-03 -0.8341691E-05  0.6247535E-04
Ar 8309  0.6316824E+02  0.1573073E+02  0.5262127E+02 -0.2915298E-04 -0.4324950E-04  0.7182682E-05
Ar 8310  0.6584186E+02  0.1840100E+02  0.5274342E+02 -0.1105031E-03  0.1797172E-04 -0.4629314E-04
Ar 8311  0.6573819E+02  0.1576314E+02  0.5507743E+02 -0.1102471E-04 -0.3185916E-04  0.2549147E-04
Ar 8312  0.6310418E+02  0.1835837E+02  0.5511061E+02 -0.1986388E-05  0.4434291E-04 -0.1046804E-03
Ar 8313  0.6308826E+02  0.1572600E+02  0.5782928E+02  0.1728466E-04 -0.8645899E-04 -0.7838056E-04
Ar 8314  0.6585284E+02  0.1845958E+02  0.5793201E+02 -0.3985542E-04  0.2094276E-04  0.3410540E-04
Ar 8315  0.6577843E+02  0.1580905E+02  0.6045701E+02  0.2627443E-04 -0.2046336E-04 -0.1414493E-04
Ar 8316  0.6312978E+02  0.1848372E+02  0.6048857E+02 -0.9133143E-05  0.2134274E-04 -0.4267500E-05
Ar 8317  0.6314330E+02  0.1574362E+02  0.6311578E+02 -0.1085350E-04 -0.6244136E-05 -0.5954029E-04
Ar 8318  0.6582782E+02  0.1835880E+02  0.6312583E+02 -0.1057323E-03  0.1275908E-04  0.5036513E-04
Ar 8319  0.6575221E+02  0.1574914E+02  0.6578425E+02 -0.5707496E-04  0.3456354E-04  0.4750550E-04
Ar 8320  0.6321121E+02  0.1847926E+02  0.6572365E+02 -0.2712535E-04 -0.2790091E-04 -0.9017572E-04
Ar 8321  0.6316340E+02  0.2098774E+02  0.6832653E+02  0.2412421E-04  0.3957138E-04 -0.8707217E-05
Ar 8322  0.6580280E+02  0.2375790E+02  0.6831135E+02 -0.4716135E-04  0.2110965E-04 -0.9580759E-05
Ar 8323  0.6579751E+02  0.2105185E+02  0.2653405E+01 -0.5185460E-04 -0.2355401E-04 -0.3937630E-05
Ar 8324  0.6313795E+02  0.2373279E+02  0.2697977E+01 -0.5720619E-04 -0.3036885E-04  0.9577386E-05
Ar 8325  0.6309711E+02  0.2110913E+02  0.5228124E+01 -0.1202534E-04 -0.3574638E-04 -0.1007229E-04
Ar 8326  0.6582118E+02  0.2372373E+02  0.5256401E+01 -0.4040513E-04  0.2327571E-04  0.3319102E-04
Ar 8327  0.6564067E+02  0.2101855E+02  0.7917233E+01  0.6720701E-04 -0.5432923E-04  0.9920526E-04
Ar 8328  0.6314595E+02  0.2364758E+02  0.7848001E+01 -0.1157544E-03 -0.3064933E-04 -0.1000347E-03
Ar 8329  0.6332190E+02  0.2101219E+02  0.1044453E+02 -0.8784766E-04  0.4962610E-04  0.7020395E-04
Ar 8330  0.6577079E+02  0.2372896E+02  0.1049437E+02 -0.1476557E-04  0.1524516E-04 -0.4459656E-04
Ar 8331  0.6573566E+02  0.2100295E+02  0.1319260E+02 -0.2169839E-04  0.7102595E-04 -0.3781719E-04
Ar 8332  0.6305909E+02  0.2359421E+02  0.1310976E+02  0.4587221E-04 -0.6958210E-04  0.3859285E-04
Ar 8333  0.6317331E+02  0.2103598E+02  0.1576165E+02 -0.6610440E-04  0.2803382E-04  0.2247997E-04
Ar 8334  0.6580248E+02  0.2371039E+02  0.1570686E+02 -0.3162414E-04 -0.2695741E-04  0.5869464E-04
Ar 8335  0.6578999E+02  0.2108195E+02  0.1839610E+02 -0.5129726E-04 -0.2442782E-04 -0.8789789E-05
Ar 8336  0.6323099E+02  0.2367163E+02  0.1841021E+02 -0.8952520E-04  0.5658510E-05 -0.6237832E-05
Ar 8337  0.6320965E+02  0.2106623E+02  0.2097871E+02 -0.8618170E-04  0.2933390E-04  0.2670950E-04
Ar 8338  0.6564278E+02  0.2374166E+02  0.2094379E+02 -0.1123522E-04 -0.5679936E-04 -0.9114361E-04
Ar 8339  0.6569356E+02  0.2097654E+02  0.2364273E+02 -0.1012083E-03  0.3038251E-04 -0.9079790E-04
Ar 8340  0.6302420E+02  0.2362436E+02  0.2367346E+02 -0.1876604E-04 -0.2283873E-04 -0.5105210E-04
Ar 8341  0.6312904E+02  0.2112032E+02  0.2620250E+02 -0.2196804E-04 -0.6076482E-04 -0.4023417E-04
Ar 8342  0.6577787E+02  0.2356114E+02  0.2625987E+02 -0.2792321E-04 -0.8961426E-04 -0.6138398E-04
Ar 8343  0.6577362E+02  0.2110078E+02  0.2886298E+02 -0.4228586E-04 -0.1602972E-04  0.2808009E-05
Ar 8344  0.6322872E+02  0.2374519E+02  0.2893740E+02 -0.1956023E-04 -0.6020937E-04 -0.6074254E-04
Ar 8345  0.6323568E+02  0.2106239E+02  0.3147320E+02  0.3969520E-04 -0.4905011E-04 -0.1235481E-04
Ar 8346  0.6568755E+02  0.2373648E+02  0.3162893E+02 -0.2939345E-04  0.1822610E-04 -0.1384972E-04
Ar 8347  0.6578062E+02  0.2104894E+02  0.3414505E+02 -0.4614420E-05 -0.3031184E-05 -0.6574722E-04
Ar 8348  0.6311747E+02  0.2369247E+02  0.3423480E+02 -0.2447815E-04 -0.3802901E-04 -0.1568103E-04
Ar 8349  0.6317489E+02  0.2104386E+02  0.3681918E+02  0.1717066E-04  0.1612043E-04  0.9702147E-05
Ar 8350  0.6582557E+02  0.2365350E+02  0.3674342E+02 -0.7432595E-04  0.4876904E-04 -0.2387812E-04
Ar 8351  0.6577200E+02  0.2098670E+02  0.3964729E+02 -0.3141002E-05  0.4996997E-04 -0.3254049E-05
Ar 8352  0.6314136E+02  0.2377608E+02  0.3943866E+02  0.6007296E-05  0.3187659E-04 -0.1214148E-03
Ar 8353  0.6318992E+02  0.2109905E+02  0.4199726E+02 -0.4973927E-04 -0.2659715E-04 -0.5168088E-04
Ar 8354  0.6589770E+02  0.2359247E+02  0.4208747E+02  0.4324288E-04 -0.4353262E-04  0.1170099E-04
Ar 8355  0.6576051E+02  0.2109533E+02  0.4470061E+02 -0.7364216E-05 -0.6827975E-04 -0.7682756E-04
Ar 8356  0.6320043E+02  0.2375187E+02  0.4476241E+02 -0.5203707E-04  0.5926014E-05 -0.3141743E-04
Ar 8357  0.6304794E+02  0.2099317E+02  0.4734483E+02 -0.3086193E-04 -0.7548682E-05  0.5903004E-04
Ar 8358  0.6576898E+02  0.2354094E+02  0.4726787E+02  0.4333228E-05  0.3062014E-04 -0.1083877E-04
Ar 8359  0.6584810E+02  0.2108523E+02  0.4999257E+02 -0.6302667E-05 -0.6831402E-04  0.1208870E-04
Ar 8360  0.6303701E+02  0.2368034E+02  0.4997491E+02  0.6928041E-04 -0.4444318E-05 -0.9278446E-04
Ar 8361  0.6324453E+02  0.2117437E+02  0.5257804E+02  0.6365246E-04 -0.2892538E-04 -0.4163203E-04
Ar 8362  0.6573564E+02  0.2351554E+02  0.5272422E+02 -0.2139390E-05  0.5724135E-05  0.1101450E-04
Ar 8363  0.6575544E+02  0.2105033E+02  0.5531895E+02 -0.6705859E-05  0.6942060E-04 -0.3806828E-05
Ar 8364  0.6317490E+02  0.2362836E+02  0.5534665E+02 -0.3130244E-04  0.1867151E-05 -0.1730824E-04
Ar 8365  0.6315458E+02  0.2098406E+02  0.5789965E+02 -0.3327225E-04 -0.4095474E-04 -0.2348505E-04
Ar 8366  0.6575363E+02  0.2369732E+02  0.5785535E+02 -0.3309585E-04 -0.2734920E-04  0.2924066E-04
Ar 8367  0.6585493E+02  0.2107473E+02  0.6046596E+02  0.3637795E-04  0.1908975E-04  0.1309650E-04
Ar 8368  0.6311567E+02  0.2376647E+02  0.6050101E+02  0.2378419E-04 -0.3027298E-04  0.1628000E-04
Ar 8369  0.6326990E+02  0.2110298E+02  0.6312527E+02 -0.7168556E-04  0.1740864E-04 -0.3991908E-04
Ar 8370  0.6568074E+02  0.2362930E+02  0.6304947E+02 -0.1068371E-03  0.1735565E-04 -0.3824563E-04
Ar 8371  0.6576469E+02  0.2101623E+02  0.6587323E+02 -0.3040576E-04  0.4042744E-04 -0.5915435E-04
Ar 8372  0.6318446E+02  0.2357759E+02  0.6570976E+02 -0.2719261E-05 -0.4029563E-04 -0.9257957E-05
Ar 8373  0.6318225E+02  0.2635540E+02  0.6842170E+02  0.6709543E-04  0.3420355E-04 -0.2466386E-04
Ar 8374  0.6578966E+02  0.2891901E+02  0.6825193E+02 -0.8322310E-04 -0.4758371E-04  0.2630875E-04
Ar 8375  0.6584285E+02  0.2635336E+02  0.2594228E+01  0.4370416E-04  0.2379953E-05  0.2643287E-04
Ar 8376  0.6321725E+02  0.2886930E+02  0.2618211E+01  0.3177364E-04 -0.2921623E-04  0.1253226E-04
Ar 8377  0.6313079E+02  0.2636501E+02  0.5208567E+01  0.2367287E-04  0.4998105E-04 -0.1697542E-05
Ar 8378  0.6573439E+02  0.2898366E+02  0.5221439E+01  0.2585476E-04 -0.1332425E-04  0.7350673E-04
Ar 8379  0.6588354E+02  0.2620087E+02  0.7914946E+01 -0.5535157E-04  0.3252894E-05  0.2857134E-04
Ar 8380  0.6309758E+02  0.2886147E+02  0.7825027E+01 -0.2761771E-04 -0.3305463E-04 -0.4184379E-04
Ar 8381  0.6315922E+02  0.2645627E+02  0.1051267E+02  0.8700709E-05  0.2003418E-04  0.5219392E-04
Ar 8382  0.6573685E+02  0.2898428E+02  0.1037207E+02 -0.6817066E-04 -0.1901207E-04 -0.5500309E-04
Ar 8383  0.6584574E+02  0.2635248E+02  0.1306954E+02 -0.2274473E-04  0.2142656E-04 -0.1123157E-03
Ar 8384  0.6318321E+02  0.2900954E+02  0.1314131E+02 -0.2703189E-04 -0.3759862E-04 -0.2450242E-04
Ar 8385  0.6310967E+02  0.2632027E+02  0.1588689E+02  0.6976131E-05  0.2199228E-04 -0.3564617E-04
Ar 8386  0.6585749E+02  0.2885688E+02  0.1573698E+02  0.2696967E-04  0.1310468E-04 -0.4295452E-04
Ar 8387  0.6581609E+02  0.2634306E+02  0.1840611E+02 -0.1474718E-04  0.4780311E-04  0.1435808E-04
Ar 8388  0.6319192E+02  0.2897625E+02  0.1832464E+02  0.4384162E-05  0.7894284E-04 -0.8766188E-04
Ar 8389  0.6309602E+02  0.2627769E+02  0.2097124E+02  0.4413786E-04  0.4051213E-04 -0.2715478E-06
Ar 8390  0.6571091E+02  0.2891433E+02  0.2104500E+02 -0.3567861E-05 -0.5062303E-04 -0.3194402E-04
Ar 8391  0.6581115E+02  0.2621542E+02  0.2374097E+02 -0.8852819E-04  0.1561344E-04  0.1542396E-04
Ar 8392  0.6316721E+02  0.2899843E+02  0.2377367E+02  0.1024674E-04  0.3132486E-04  0.8489274E-04
Ar 8393  0.6311559E+02  0.2643382E+02  0.2632197E+02  0.2195271E-04  0.2499499E-04  0.9316126E-04
Ar 8394  0.6573078E+02  0.2897414E+02  0.2630915E+02  0.4833707E-04  0.6273128E-04 -0.6973402E-05
Ar 8395  0.6575993E+02  0.2633712E+02  0.2884945E+02 -0.3740114E-04  0.4496942E-05  0.4731562E-04
Ar 8396  0.6312824E+02  0.2890095E+02  0.2899664E+02 -0.4913358E-04  0.5434469E-04  0.4901583E-04
Ar 8397  0.6315478E+02  0.2632312E+02  0.3163371E+02 -0.9046894E-05  0.5826953E-04 -0.4226571E-04
Ar 8398  0.6566546E+02  0.2891383E+02  0.3163215E+02 -0.4533960E-04 -0.8284763E-05 -0.4189122E-04
Ar 8399  0.6576335E+02  0.2629509E+02  0.3422979E+02 -0.2911604E-04  0.1181113E-04 -0.9522638E-05
Ar 8400  0.6316853E+02  0.2898353E+02  0.3430930E+02 -0.4956381E-04 -0.5977190E-04  0.5666596E-05
Ar 8401  0.6301469E+02  0.2629114E+02  0.3680465E+02 -0.9365990E-05 -0.4817109E-05  0.1553643E-04
Ar 8402  0.6569213E+02  0.2879825E+02  0.3686313E+02 -0.3026388E-05 -0.5167325E-04  0.4437752E-04
Ar 8403  0.6588087E+02  0.2636289E+02  0.3939686E+02 -0.9798684E-04 -0.5850275E-04  0.2425573E-04
Ar 8404  0.6309769E+02  0.2882461E+02  0.3957126E+02 -0.5079052E-04 -0.5763611E-04 -0.3605876E-04
Ar 8405  0.6312452E+02  0.2629186E+02  0.4204761E+02 -0.9173800E-04  0.5158235E-04 -0.4727345E-04
Ar 8406  0.6599632E+02  0.2891793E+02  0.4209945E+02 -0.1343334E-04 -0.1627383E-04  0.1222373E-04
Ar 8407  0.6580165E+02  0.2651568E+02  0.4476463E+02 -0.9851760E-05  0.5233790E-04  0.2110831E-04
Ar 8408  0.6320296E+02  0.2895757E+02  0.4476738E+02 -0.8981925E-05  0.6442206E-06  0.7954878E-04
Ar 8409  0.6316269E+02  0.2626613E+02  0.4735566E+02  0.8947271E-05 -0.3939535E-04 -0.5763929E-04
Ar 8410  0.6589102E+02  0.2905047E+02  0.4744892E+02 -0.3354715E-04 -0.5303410E-04  0.4359023E-05
Ar 8411  0.6569463E+02  0.2637054E+02  0.4996159E+02  0.1379593E-05 -0.5430326E-04  0.2682659E-04
Ar 8412  0.6311455E+02  0.2883937E+02  0.4997759E+02 -0.4533416E-04 -0.5285268E-04  0.6423799E-04
Ar 8413  0.6310589E+02  0.2633147E+02  0.5249956E+02 -0.4443784E-04  0.5769243E-04  0.3846603E-04
Ar 8414  0.6577238E+02  0.2911581E+02  0.5262419E+02 -0.3870206E-04 -0.3457336E-04  0.2179261E-04
Ar 8415  0.6581601E+02  0.2640761E+02  0.5519902E+02 -0.2738243E-04 -0.8614882E-05  0.1055615E-04
Ar 8416  0.6315478E+02  0.2905521E+02  0.5524351E+02  0.5005666E-04  0.6781461E-04 -0.2373606E-04
Ar 8417  0.6319938E+02  0.2624823E+02  0.5796663E+02 -0.5502800E-04 -0.3974239E-04 -0.1101057E-03
Ar 8418  0.6583324E+02  0.2895740E+02  0.5788074E+02 -0.1186823E-03  0.2485903E-04  0.3769697E-04
Ar 8419  0.6582796E+02  0.2630527E+02  0.6052134E+02 -0.7673301E-04 -0.6960622E-06 -0.2405598E-04
Ar 8420  0.6321383E+02  0.2902788E+02  0.6055621E+02 -0.1337818E-04 -0.5650205E-04 -0.2009726E-04
Ar 8421  0.6314900E+02  0.2622646E+02  0.6315806E+02  0.6067234E-05 -0.1978220E-04 -0.1131201E-05
Ar 8422  0.6585206E+02  0.2897443E+02  0.6322612E+02  0.3570471E-04 -0.1961961E-04 -0.8025741E-04
Ar 8423  0.6570978E+02  0.2642964E+02  0.6572124E+02 -0.6033341E-05 -0.1632244E-04 -0.3817188E-04
Ar 8424  0.6317419E+02  0.2907563E+02  0.6566698E+02 -0.3684195E-04 -0.8721183E-04 -0.2926409E-04
Ar 8425  0.6313119E+02  0.3156698E+02  0.6823336E+02  0.2444487E-04 -0.3398307E-04 -0.7595036E-04
Ar 8426  0.6572415E+02  0.3415793E+02  0.9366170E-01  0.2469560E-04  0.2050173E-04  0.7197421E-05
Ar 8427  0.6574684E+02  0.3160035E+02  0.2530048E+01 -0.3978901E-04  0.4013042E-04  0.6159493E-04
Ar 8428  0.6310903E+02  0.3424841E+02  0.2628348E+01 -0.1271173E-03 -0.7042234E-04  0.3074738E-04
Ar 8429  0.6325965E+02  0.3166681E+02  0.5163690E+01  0.1756023E-04  0.7482301E-04  0.2497583E-04
Ar 8430  0.6574433E+02  0.3418074E+02  0.5288377E+01 -0.5194617E-04 -0.1581198E-04 -0.1775670E-04
Ar 8431  0.6576130E+02  0.3163092E+02  0.7973624E+01 -0.9927482E-06 -0.6161034E-04 -0.7626651E-05
Ar 8432  0.6309426E+02  0.3426567E+02  0.8086172E+01 -0.4341653E-04 -0.5260547E-06  0.1435503E-04
Ar 8433  0.6317696E+02  0.3151929E+02  0.1052010E+02 -0.1809230E-05 -0.1982996E-05 -0.2826402E-05
Ar 8434  0.6569355E+02  0.3419225E+02  0.1055968E+02 -0.1378936E-04  0.6221040E-04 -0.2858130E-04
Ar 8435  0.6575921E+02  0.3157320E+02  0.1314220E+02  0.1291397E-03 -0.2508244E-05 -0.3370197E-04
Ar 8436  0.6323192E+02  0.3421476E+02  0.1306166E+02 -0.7129122E-04 -0.4635626E-04 -0.1329337E-05
Ar 8437  0.6318423E+02  0.3156974E+02  0.1575037E+02  0.1853178E-04 -0.4654019E-04  0.3535333E-06
Ar 8438  0.6572344E+02  0.3419893E+02  0.1574977E+02 -0.1089454E-05  0.1612376E-04 -0.3014647E-04
Ar 8439  0.6586141E+02  0.3160334E+02  0.1838805E+02 -0.4918889E-04 -0.9415027E-04 -0.7708553E-04
Ar 8440  0.6310461E+02  0.3427557E+02  0.1838473E+02  0.1585557E-04 -0.1650974E-04  0.1621993E-05
Ar 8441  0.6319585E+02  0.3156727E+02  0.2108911E+02 -0.9679175E-04  0.3791316E-04 -0.6495111E-04
Ar 8442  0.6574358E+02  0.3421647E+02  0.2094093E+02 -0.6542595E-04 -0.4519026E-04 -0.3216300E-04
Ar 8443  0.6579734E+02  0.3157609E+02  0.2368482E+02 -0.8523141E-04  0.5075511E-04  0.2972671E-05
Ar 8444  0.6305239E+02  0.3425606E+02  0.2365810E+02  0.3290551E-04  0.1515114E-04  0.3879247E-05
Ar 8445  0.6323229E+02  0.3164960E+02  0.2627857E+02 -0.5561343E-04 -0.7278372E-04 -0.4059410E-04
Ar 8446  0.6586353E+02  0.3416200E+02  0.2628926E+02 -0.6525501E-04 -0.4607374E-04 -0.6294981E-04
Ar 8447  0.6578731E+02  0.3151355E+02  0.2891540E+02  0.3404069E-04  0.7177824E-04 -0.6821775E-05
Ar 8448  0.6317302E+02  0.3422944E+02  0.2898103E+02  0.1158250E-04  0.5899746E-04 -0.4034934E-05
Ar 8449  0.6317980E+02  0.3156657E+02  0.3154641E+02  0.2523432E-05 -0.2176042E-04 -0.4958358E-04
Ar 8450  0.6570675E+02  0.3421463E+02  0.3150850E+02  0.1093866E-04  0.4276644E-04 -0.8039454E-05
Ar 8451  0.6576012E+02  0.3150833E+02  0.3414762E+02 -0.8847616E-04 -0.9656795E-05 -0.1679706E-04
Ar 8452  0.6310968E+02  0.3424960E+02  0.3422976E+02  0.4106701E-04 -0.1763158E-05  0.8880943E-04
Ar 8453  0.6312410E+02  0.3157100E+02  0.3698600E+02  0.8103182E-05  0.1048263E-04 -0.5286002E-05
Ar 8454  0.6577609E+02  0.3421220E+02  0.3664048E+02 -0.1800225E-04 -0.7956509E-04  0.3669048E-04
Ar 8455  0.6584874E+02  0.3154164E+02  0.3953653E+02 -0.5066525E-04  0.4937140E-04  0.1245563E-03
Ar 8456  0.6317065E+02  0.3410683E+02  0.3941323E+02 -0.1615262E-04 -0.2586564E-04  0.7649000E-04
Ar 8457  0.6313830E+02  0.3134227E+02  0.4202344E+02  0.2211421E-04  0.4102670E-04 -0.6475117E-04
Ar 8458  0.6572299E+02  0.3413687E+02  0.4207382E+02 -0.3480269E-04  0.1369762E-06  0.1615849E-04
Ar 8459  0.6573612E+02  0.3149499E+02  0.4479431E+02  0.7953151E-04 -0.1924642E-04 -0.4135118E-04
Ar 8460  0.6312989E+02  0.3408405E+02  0.4467373E+02 -0.6256895E-04  0.1345547E-04 -0.1637777E-04
Ar 8461  0.6310470E+02  0.3164040E+02  0.4740591E+02 -0.2839896E-04 -0.2916154E-04  0.3081190E-04
Ar 8462  0.6574960E+02  0.3416173E+02  0.4744373E+02 -0.6712574E-05 -0.3824970E-04 -0.1468286E-04
Ar 8463  0.6583097E+02  0.3153108E+02  0.5002319E+02 -0.3719662E-04  0.1440536E-05 -0.2900243E-04
Ar 8464  0.6309406E+02  0.3432232E+02  0.4997599E+02 -0.4929339E-04  0.5128041E-05 -0.1369371E-04
Ar 8465  0.6325193E+02  0.3160769E+02  0.5251314E+02 -0.9058995E-05 -0.1686290E-04 -0.5376673E-04
Ar 8466  0.6588578E+02  0.3418785E+02  0.5261319E+02  0.4555261E-05  0.1854869E-04 -0.8289185E-04
Ar 8467  0.6573439E+02  0.3161437E+02  0.5519241E+02 -0.1701763E-04 -0.8087808E-04  0.6406799E-04
Ar 8468  0.6313391E+02  0.3421820E+02  0.5529373E+02 -0.1082888E-03 -0.3017585E-04  0.8939902E-05
Ar 8469  0.6311645E+02  0.3153427E+02  0.5784119E+02  0.6958708E-05 -0.2823316E-04  0.3002622E-04
Ar 8470  0.6569272E+02  0.3416890E+02  0.5791762E+02  0.8583117E-05 -0.6837931E-04 -0.3459048E-04
Ar 8471  0.6572605E+02  0.3154714E+02  0.6058176E+02  0.9427274E-04  0.2384271E-04  0.7701255E-04
Ar 8472  0.6305103E+02  0.3416497E+02  0.6055491E+02 -0.3762112E-04 -0.3937694E-04 -0.5962867E-04
Ar 8473  0.6318192E+02  0.3150966E+02  0.6308570E+02 -0.4665561E-04  0.7297314E-04 -0.1478382E-04
Ar 8474  0.6579664E+02  0.3420836E+02  0.6307965E+02 -0.5866263E-05 -0.6278896E-06  0.3167641E-04
Ar 8475  0.6582119E+02  0.3162274E+02  0.6570466E+02 -0.5637520E-04  0.3439541E-04 -0.8939618E-04
Ar 8476  0.6312002E+02  0.3421647E+02  0.6575410E+02 -0.5717514E-04  0.1197741E-04 -0.6342731E-04
Ar 8477  0.6316869E+02  0.3686968E+02  0.6839586E+02  0.3150409E-04 -0.5214279E-04 -0.2412360E-04
Ar 8478  0.6578150E+02  0.3934848E+02  0.6840458E+02 -0.6664533E-04 -0.5462802E-04  0.2309513E-04
Ar 8479  0.6572517E+02  0.3685099E+02  0.2636189E+01 -0.5763360E-04  0.3708292E-04 -0.1571854E-04
Ar 8480  0.6313888E+02  0.3934161E+02  0.2602466E+01  0.9222665E-05  0.1120253E-04  0.1104579E-03
Ar 8481  0.6324753E+02  0.3669715E+02  0.5351030E+01 -0.6456765E-04  0.6721848E-04 -0.6521019E-04
Ar 8482  0.6587012E+02  0.3937498E+02  0.5424078E+01 -0.2336265E-04 -0.1104443E-04  0.8190142E-04
Ar 8483  0.6581469E+02  0.3680941E+02  0.7869202E+01  0.2095685E-05  0.7723716E-06 -0.1801120E-05
Ar 8484  0.6317677E+02  0.3949556E+02  0.7847043E+01 -0.1171524E-04  0.5339807E-04 -0.6018866E-04
Ar 8485  0.6310538E+02  0.3680140E+02  0.1060079E+02  0.5247647E-04  0.5630118E-04 -0.4631230E-04
Ar 8486  0.6581792E+02  0.3943498E+02  0.1045709E+02 -0.6491510E-04 -0.1845506E-04 -0.5178979E-04
Ar 8487  0.6573616E+02  0.3687462E+02  0.1328059E+02  0.1692584E-04 -0.2795489E-04  0.5337624E-05
Ar 8488  0.6319393E+02  0.3932455E+02  0.1324473E+02 -0.3968690E-04 -0.1995648E-04  0.8420543E-04
Ar 8489  0.6307449E+02  0.3682307E+02  0.1577871E+02  0.3763648E-05  0.3606433E-05  0.2559533E-04
Ar 8490  0.6567565E+02  0.3958636E+02  0.1588453E+02 -0.6081858E-04 -0.8408403E-05 -0.8202750E-04
Ar 8491  0.6572629E+02  0.3682316E+02  0.1842144E+02 -0.4825104E-04  0.9524167E-05  0.2998760E-04
Ar 8492  0.6302336E+02  0.3948562E+02  0.1845211E+02  0.1453381E-04  0.4126366E-04 -0.3901110E-04
Ar 8493  0.6319298E+02  0.3684750E+02  0.2107692E+02  0.1973948E-04 -0.3808306E-04 -0.4269931E-04
Ar 8494  0.6585398E+02  0.3946985E+02  0.2094650E+02 -0.5953639E-04 -0.1982093E-04  0.2837247E-05
Ar 8495  0.6575314E+02  0.3689023E+02  0.2360249E+02 -0.1248424E-03  0.3040684E-04 -0.1689458E-04
Ar 8496  0.6313201E+02  0.3943036E+02  0.2364593E+02  0.6729454E-04 -0.8265200E-04  0.1302415E-04
Ar 8497  0.6331864E+02  0.3692199E+02  0.2637552E+02 -0.3770176E-04 -0.1027501E-03 -0.8331330E-04
Ar 8498  0.6579953E+02  0.3958404E+02  0.2637998E+02 -0.9879564E-04  0.5023788E-04  0.8185136E-04
Ar 8499  0.6580202E+02  0.3678851E+02  0.2896885E+02 -0.5415469E-04 -0.8924645E-04  0.2332801E-04
Ar 8500  0.6319100E+02  0.3941878E+02  0.2892571E+02 -0.3788286E-04  0.4866854E-05 -0.4471568E-04
Ar 8501  0.6310871E+02  0.3682503E+02  0.3149498E+02 -0.5094343E-04  0.4134732E-06 -0.8522753E-05
Ar 8502  0.6576897E+02  0.3944367E+02  0.3153507E+02 -0.1206331E-03  0.1793380E-04  0.6439030E-05
Ar 8503  0.6572436E+02  0.3687147E+02  0.3418979E+02 -0.2723392E-04  0.6327794E-05  0.1938128E-04
Ar 8504  0.6304015E+02  0.3944603E+02  0.3420114E+02 -0.2851926E-04  0.1377065E-05 -0.1330858E-04
Ar 8505  0.6307884E+02  0.3681684E+02  0.3684553E+02 -0.7825064E-04 -0.6666717E-05  0.1462752E-04
Ar 8506  0.6565187E+02  0.3945873E+02  0.3694475E+02  0.1987807E-04 -0.3264450E-04  0.3122242E-04
Ar 8507  0.6577674E+02  0.3679131E+02  0.3952107E+02 -0.6252622E-04 -0.2808100E-04  0.6617473E-04
Ar 8508  0.6305115E+02  0.3953368E+02  0.3952727E+02 -0.4630286E-04 -0.4050434E-04 -0.9706489E-04
Ar 8509  0.6316185E+02  0.3675708E+02  0.4207623E+02 -0.2080935E-04 -0.4739910E-04  0.2808520E-04
Ar 8510  0.6576336E+02  0.3955164E+02  0.4206573E+02 -0.5888448E-04  0.9445555E-05 -0.6636906E-04
Ar 8511  0.6590018E+02  0.3677918E+02  0.4480691E+02 -0.4564584E-04 -0.3976973E-04 -0.2060178E-04
Ar 8512  0.6315304E+02  0.3935576E+02  0.4475036E+02 -0.1677894E-04  0.1274013E-04  0.3824117E-04
Ar 8513  0.6315189E+02  0.3673788E+02  0.4744709E+02  0.6140725E-05 -0.3563132E-04 -0.5878561E-04
Ar 8514  0.6575147E+02  0.3952145E+02  0.4724833E+02 -0.5097683E-04 -0.1246043E-03  0.3344890E-05
Ar 8515  0.6578208E+02  0.3692713E+02  0.5004977E+02  0.3080990E-04  0.3689447E-05  0.2648747E-04
Ar 8516  0.6313747E+02  0.3930988E+02  0.5000938E+02 -0.1324300E-04 -0.6271801E-04 -0.1129892E-04
Ar 8517  0.6316499E+02  0.3679860E+02  0.5282985E+02  0.3325151E-04 -0.1038537E-03  0.4833774E-04
Ar 8518  0.6567540E+02  0.3945147E+02  0.5264605E+02  0.3964822E-04  0.1066973E-03 -0.1225307E-03
Ar 8519  0.6590929E+02  0.3691512E+02  0.5524336E+02 -0.2360546E-04  0.3890197E-04  0.2458474E-04
Ar 8520  0.6312901E+02  0.3952132E+02  0.5531679E+02  0.3094928E-04 -0.1229396E-03  0.5071156E-05
Ar 8521  0.6320184E+02  0.3675721E+02  0.5786251E+02  0.8087968E-04  0.1861764E-04  0.8383900E-04
Ar 8522  0.6585452E+02  0.3947186E+02  0.5787477E+02 -0.8118018E-04 -0.3869268E-04 -0.3251217E-04
Ar 8523  0.6571999E+02  0.3676894E+02  0.6041899E+02 -0.9831669E-06  0.2228356E-04 -0.3531190E-04
Ar 8524  0.6317610E+02  0.3946619E+02  0.6046233E+02 -0.2864516E-06 -0.4521570E-04  0.1488340E-04
Ar 8525  0.6314052E+02  0.3681552E+02  0.6310178E+02 -0.3538654E-04  0.2077040E-04 -0.4107829E-04
Ar 8526  0.6583946E+02  0.3938776E+02  0.6321154E+02  0.2805421E-04 -0.6607698E-04 -0.3802136E-04
Ar 8527  0.6575791E+02  0.3688799E+02  0.6593230E+02 -0.6115217E-04  0.3300946E-04  0.1155189E-03
Ar 8528  0.6305014E+02  0.3953426E+02  0.6584091E+02 -0.5333461E-04  0.6725020E-04 -0.1023537E-03
Ar 8529  0.6319385E+02  0.4219450E+02  0.6840221E+02 -0.3494476E-04  0.6145274E-04 -0.8449008E-05
Ar 8530  0.6573831E+02  0.4478385E+02  0.6861412E+02 -0.1068051E-03 -0.5003710E-04 -0.4332114E-04
Ar 8531  0.6581650E+02  0.4203031E+02  0.2653095E+01 -0.2183098E-04  0.2327881E-04 -0.1214890E-05
Ar 8532  0.6319284E+02  0.4473501E+02  0.2638138E+01  0.3419196E-04 -0.3925161E-04 -0.7820081E-04
Ar 8533  0.6314388E+02  0.4212538E+02  0.5269224E+01 -0.4855012E-06  0.1301001E-04  0.4295846E-04
Ar 8534  0.6575203E+02  0.4467680E+02  0.5205935E+01 -0.3340766E-04  0.4046600E-04 -0.5081377E-04
Ar 8535  0.6572550E+02  0.4200454E+02  0.7903508E+01  0.5234192E-04  0.3886034E-04 -0.2262862E-04
Ar 8536  0.6299255E+02  0.4476408E+02  0.7866968E+01 -0.8278748E-04 -0.2091376E-04 -0.3113650E-04
Ar 8537  0.6315426E+02  0.4199849E+02  0.1054425E+02  0.1043173E-03 -0.8090524E-04 -0.5966998E-04
Ar 8538  0.6584018E+02  0.4466311E+02  0.1055648E+02 -0.6611372E-04 -0.3243630E-04 -0.3989779E-04
Ar 8539  0.6584939E+02  0.4199502E+02  0.1302904E+02 -0.2979531E-04 -0.4195830E-05  0.3473019E-05
Ar 8540  0.6323338E+02  0.4476331E+02  0.1325346E+02 -0.4398162E-04 -0.6588869E-04  0.8786715E-04
Ar 8541  0.6316699E+02  0.4206287E+02  0.1586957E+02 -0.1357497E-03  0.3351048E-05  0.3915784E-05
Ar 8542  0.6575701E+02  0.4469046E+02  0.1590848E+02  0.1199722E-04  0.6328715E-04 -0.7524422E-05
Ar 8543  0.6574716E+02  0.4213861E+02  0.1833877E+02 -0.9697816E-04 -0.5618482E-04 -0.5646142E-04
Ar 8544  0.6309698E+02  0.4472697E+02  0.1836562E+02 -0.6634912E-04  0.5724143E-04 -0.2814102E-04
Ar 8545  0.6317911E+02  0.4197088E+02  0.2108326E+02  0.3874802E-04 -0.3099591E-04  0.3910282E-04
Ar 8546  0.6574918E+02  0.4484055E+02  0.2116347E+02 -0.8929131E-04 -0.9073007E-04 -0.1568391E-03
Ar 8547  0.6584048E+02  0.4208226E+02  0.2356952E+02 -0.8318836E-05 -0.3588173E-04  0.3871774E-04
Ar 8548  0.6306810E+02  0.4471157E+02  0.2362412E+02 -0.7873494E-04 -0.9048132E-05 -0.3429102E-04
Ar 8549  0.6314452E+02  0.4200868E+02  0.2647438E+02 -0.6144116E-05 -0.1354426E-03  0.5645534E-04
Ar 8550  0.6575011E+02  0.4471326E+02  0.2638405E+02 -0.4775595E-04 -0.4125719E-04  0.2952286E-04
Ar 8551  0.6581626E+02  0.4203284E+02  0.2884976E+02 -0.5426066E-04  0.3585813E-05  0.2613445E-04
Ar 8552  0.6316237E+02  0.4467678E+02  0.2880556E+02 -0.7978702E-04 -0.3676565E-04  0.1937510E-04
Ar 8553  0.6316154E+02  0.4206679E+02  0.3168024E+02  0.1277689E-04  0.2569421E-04 -0.3040017E-04
Ar 8554  0.6575699E+02  0.4475844E+02  0.3152529E+02  0.1046367E-04  0.7571924E-04 -0.5533841E-04
Ar 8555  0.6571985E+02  0.4220788E+02  0.3418734E+02 -0.2260715E-04 -0.5092918E-04 -0.3496930E-04
Ar 8556  0.6315870E+02  0.4468030E+02  0.3418187E+02  0.2766678E-04 -0.1322029E-04 -0.2407913E-04
Ar 8557  0.6306476E+02  0.4215432E+02  0.3693514E+02 -0.8910474E-04 -0.1076924E-04 -0.2403093E-05
Ar 8558  0.6576352E+02  0.4463080E+02  0.3678047E+02 -0.8577281E-04  0.8310947E-05 -0.9629887E-04
Ar 8559  0.6570642E+02  0.4199538E+02  0.3950182E+02  0.2895320E-04 -0.2655528E-04  0.5458919E-04
Ar 8560  0.6311797E+02  0.4472410E+02  0.3940204E+02 -0.4695965E-04 -0.3994075E-05 -0.3228619E-04
Ar 8561  0.6318331E+02  0.4205432E+02  0.4199162E+02 -0.5106372E-04 -0.1345073E-04 -0.7028169E-04
Ar 8562  0.6576092E+02  0.4477532E+02  0.4211274E+02 -0.1420195E-03 -0.1673327E-04 -0.6528021E-04
Ar 8563  0.6571928E+02  0.4203870E+02  0.4470963E+02 -0.8177654E-04 -0.3384770E-04 -0.6071933E-04
Ar 8564  0.6317664E+02  0.4474728E+02  0.4477832E+02 -0.1645731E-04  0.4439716E-04  0.1265636E-04
Ar 8565  0.6330702E+02  0.4222035E+02  0.4738569E+02  0.9362933E-05  0.1705750E-04  0.1572705E-04
Ar 8566  0.6579029E+02  0.4473457E+02  0.4714486E+02 -0.6204510E-04 -0.1691135E-04 -0.3948409E-04
Ar 8567  0.6573107E+02  0.4201106E+02  0.4991981E+02 -0.1373959E-04 -0.6948827E-05  0.1294275E-04
Ar 8568  0.6320658E+02  0.4479724E+02  0.5006855E+02 -0.5529048E-04 -0.2703020E-04  0.3950663E-05
Ar 8569  0.6304935E+02  0.4213030E+02  0.5262787E+02 -0.3564601E-04 -0.1111707E-03 -0.3729299E-04
Ar 8570  0.6582260E+02  0.4469814E+02  0.5264266E+02  0.5939944E-04  0.5687112E-04  0.8168504E-06
Ar 8571  0.6571244E+02  0.4210560E+02  0.5533844E+02  0.2439224E-04 -0.9295323E-04 -0.2337016E-04
Ar 8572  0.6312265E+02  0.4470955E+02  0.5529755E+02 -0.2250378E-04 -0.2980459E-05 -0.5306155E-04
Ar 8573  0.6310556E+02  0.4217453E+02  0.5788265E+02 -0.6032425E-04  0.9247601E-05 -0.5878546E-04
Ar 8574  0.6578844E+02  0.4469431E+02  0.5794698E+02 -0.7209843E-04  0.8940285E-05  0.2659323E-04
Ar 8575  0.6586196E+02  0.4199821E+02  0.6038663E+02 -0.2504013E-04  0.1066572E-03 -0.1161819E-04
Ar 8576  0.6307761E+02  0.4483299E+02  0.6058988E+02 -0.1043851E-03  0.6115962E-04 -0.8405168E-04
Ar 8577  0.6314998E+02  0.4201520E+02  0.6323953E+02 -0.1290115E-03 -0.2976887E-04  0.4829846E-04
Ar 8578  0.6564688E+02  0.4466329E+02  0.6306126E+02 -0.2920787E-05 -0.2492273E-04  0.2636026E-05
Ar 8579  0.6577116E+02  0.4210451E+02  0.6583543E+02  0.1833068E-04  0.9733162E-05 -0.2219593E-04
Ar 8580  0.6311981E+02  0.4475145E+02  0.6579560E+02 -0.6774554E-08 -0.2549274E-04  0.6566692E-05
Ar 8581  0.6314859E+02  0.4734986E+02  0.6843540E+02 -0.7641260E-04  0.6146514E-04 -0.4850273E-04
Ar 8582  0.6581745E+02  0.5001728E+02  0.6844156E+02 -0.1382276E-03  0.6666253E-04  0.1103791E-04
Ar 8583  0.6586564E+02  0.4729367E+02  0.2526141E+01 -0.3972866E-04 -0.3338142E-04 -0.3115099E-04
Ar 8584  0.6318892E+02  0.4993757E+02  0.2649740E+01 -0.1551167E-04  0.4717817E-04 -0.1100327E-03
Ar 8585  0.6313859E+02  0.4726278E+02  0.5166841E+01  0.2455134E-04 -0.3904784E-04 -0.1982637E-05
Ar 8586  0.6571945E+02  0.4998604E+02  0.5367907E+01 -0.1244589E-03 -0.4249380E-04  0.5129429E-04
Ar 8587  0.6585228E+02  0.4732558E+02  0.7854744E+01  0.6928865E-04  0.1024000E-04  0.5656255E-04
Ar 8588  0.6309635E+02  0.5009882E+02  0.7877972E+01 -0.2418647E-04  0.3102147E-04 -0.1399639E-04
Ar 8589  0.6319320E+02  0.4732243E+02  0.1045546E+02 -0.1558981E-04  0.6294469E-04  0.3640533E-04
Ar 8590  0.6583139E+02  0.5004352E+02  0.1040001E+02 -0.1577962E-04  0.1202893E-04 -0.2943392E-04
Ar 8591  0.6573580E+02  0.4741669E+02  0.1305007E+02 -0.1362180E-04 -0.9264284E-04  0.2421571E-05
Ar 8592  0.6319314E+02  0.4985903E+02  0.1319627E+02 -0.2195859E-04 -0.1433091E-03  0.5566972E-04
Ar 8593  0.6321227E+02  0.4724631E+02  0.1574307E+02 -0.3181123E-05 -0.3217766E-04  0.8826427E-05
Ar 8594  0.6574154E+02  0.5002738E+02  0.1576986E+02 -0.4473135E-04 -0.1127441E-03  0.2819169E-04
Ar 8595  0.6574642E+02  0.4723141E+02  0.1835401E+02 -0.1220601E-03  0.1771816E-04 -0.4327083E-05
Ar 8596  0.6320570E+02  0.5005618E+02  0.1842291E+02 -0.1244347E-04 -0.5654106E-04 -0.1310080E-04
Ar 8597  0.6315668E+02  0.4741095E+02  0.2102863E+02 -0.2465787E-05 -0.5865794E-04  0.1037741E-03
Ar 8598  0.6582745E+02  0.4998689E+02  0.2110227E+02 -0.4663101E-04 -0.4059682E-04 -0.2025108E-04
Ar 8599  0.6580464E+02  0.4739780E+02  0.2367361E+02 -0.1134975E-03  0.2704615E-04 -0.2120431E-04
Ar 8600  0.6313328E+02  0.5001339E+02  0.2362295E+02 -0.5827978E-04  0.2104433E-04 -0.5808150E-04
Ar 8601  0.6318324E+02  0.4742669E+02  0.2624686E+02  0.1220598E-04  0.2802228E-04  0.5873186E-04
Ar 8602  0.6573593E+02  0.4997290E+02  0.2644730E+02  0.2236530E-04 -0.1115655E-04 -0.4029963E-04
Ar 8603  0.6564695E+02  0.4731895E+02  0.2882046E+02  0.9441407E-05 -0.6321375E-04 -0.5115144E-06
Ar 8604  0.6312155E+02  0.5003277E+02  0.2881009E+02 -0.4227385E-04  0.6245956E-05 -0.2426335E-04
Ar 8605  0.6312971E+02  0.4740031E+02  0.3152902E+02  0.8269144E-04 -0.3112559E-04  0.2743235E-04
Ar 8606  0.6576989E+02  0.4992491E+02  0.3153029E+02  0.2621276E-04 -0.4411646E-04  0.1754247E-04
Ar 8607  0.6577047E+02  0.4732491E+02  0.3408820E+02 -0.4135644E-04 -0.5034815E-04 -0.2919970E-05
Ar 8608  0.6298653E+02  0.5001345E+02  0.3421933E+02 -0.1356029E-04  0.3371819E-05  0.4925961E-05
Ar 8609  0.6325416E+02  0.4725101E+02  0.3684155E+02  0.6339057E-05 -0.4151005E-04 -0.3406090E-04
Ar 8610  0.6580764E+02  0.4995278E+02  0.3699851E+02  0.2809365E-04 -0.3395263E-04 -0.1029225E-04
Ar 8611  0.6571615E+02  0.4732767E+02  0.3947937E+02 -0.3042887E-04  0.4230738E-04 -0.2327916E-04
Ar 8612  0.6317202E+02  0.4997131E+02  0.3943105E+02 -0.2296221E-04  0.2157221E-04 -0.5076269E-04
Ar 8613  0.6313698E+02  0.4739733E+02  0.4211891E+02  0.3091615E-05 -0.4419239E-04 -0.6704243E-04
Ar 8614  0.6578762E+02  0.5010923E+02  0.4221662E+02 -0.1823254E-04  0.7556442E-05 -0.1460637E-04
Ar 8615  0.6574850E+02  0.4744446E+02  0.4479036E+02 -0.6792989E-04 -0.3855649E-04 -0.4481534E-04
Ar 8616  0.6316998E+02  0.4991522E+02  0.4473803E+02 -0.7817749E-04  0.6062358E-04  0.2191410E-04
Ar 8617  0.6314556E+02  0.4732353E+02  0.4733990E+02  0.2097383E-04 -0.1354734E-04  0.6762516E-04
Ar 8618  0.6571356E+02  0.5000464E+02  0.4735618E+02 -0.1075262E-03  0.5723843E-05 -0.1247094E-05
Ar 8619  0.6578040E+02  0.4739883E+02  0.5001656E+02  0.8826624E-05 -0.3496004E-04  0.3134494E-04
Ar 8620  0.6312493E+02  0.4999365E+02  0.4991090E+02 -0.4197517E-04 -0.9397471E-04 -0.4512805E-04
Ar 8621  0.6303621E+02  0.4729975E+02  0.5264256E+02  0.8514105E-05 -0.6155012E-04 -0.3056984E-04
Ar 8622  0.6577416E+02  0.4991621E+02  0.5259244E+02 -0.6298572E-04 -0.3338993E-04  0.6303914E-04
Ar 8623  0.6576279E+02  0.4747633E+02  0.5533944E+02  0.1024290E-04 -0.4234731E-04  0.4987965E-04
Ar 8624  0.6323481E+02  0.5000099E+02  0.5524200E+02 -0.6452710E-04 -0.5209794E-04  0.6995243E-04
Ar 8625  0.6328624E+02  0.4739993E+02  0.5779422E+02 -0.5221725E-05  0.2404452E-04 -0.8603687E-04
Ar 8626  0.6580892E+02  0.5003436E+02  0.5788809E+02 -0.1600903E-04 -0.6587901E-06 -0.1898987E-04
Ar 8627  0.6580035E+02  0.4729351E+02  0.6055533E+02 -0.7376099E-04 -0.4414857E-04 -0.7082796E-04
Ar 8628  0.6314497E+02  0.4999222E+02  0.6055696E+02 -0.8941071E-05  0.7199512E-05 -0.7642180E-04
Ar 8629  0.6327632E+02  0.4726342E+02  0.6307830E+02  0.3932416E-05 -0.6390766E-04  0.2421765E-04
Ar 8630  0.6584153E+02  0.5002585E+02  0.6320015E+02 -0.1518524E-04  0.3214830E-04  0.1852134E-04
Ar 8631  0.6572920E+02  0.4735279E+02  0.6578102E+02  0.1736304E-04 -0.4495856E-04 -0.6250163E-04
Ar 8632  0.6309920E+02  0.5000948E+02  0.6586864E+02 -0.6521103E-04 -0.2899946E-04 -0.9789325E-06
Ar 8633  0.6315389E+02  0.5252109E+02  0.1344206E+00  0.4022469E-04 -0.1395436E-04 -0.1208559E-03
Ar 8634  0.6590138E+02  0.5525959E+02  0.3404811E-01  0.6086499E-04  0.5868922E-05 -0.5809836E-04
Ar 8635  0.6581218E+02  0.5259667E+02  0.2710816E+01 -0.5171798E-04  0.1899298E-04  0.3162964E-04
Ar 8636  0.6313572E+02  0.5522215E+02  0.2707283E+01 -0.4243710E-04 -0.5436305E-04  0.2000024E-04
Ar 8637  0.6320836E+02  0.5263098E+02  0.5204844E+01 -0.6239394E-04 -0.1553183E-04  0.7565085E-04
Ar 8638  0.6580740E+02  0.5516159E+02  0.5325007E+01 -0.7913078E-04  0.3308363E-04 -0.7363801E-04
Ar 8639  0.6585350E+02  0.5256604E+02  0.7935143E+01 -0.4678458E-04 -0.5225152E-04  0.3190215E-05
Ar 8640  0.6311002E+02  0.5521405E+02  0.7941587E+01 -0.5521879E-04  0.9477783E-05  0.2667000E-04
Ar 8641  0.6310760E+02  0.5257698E+02  0.1057783E+02 -0.9149043E-04 -0.9563911E-05  0.9123365E-06
Ar 8642  0.6573834E+02  0.5531097E+02  0.1061208E+02  0.5482067E-04 -0.2293970E-04  0.9764963E-04
Ar 8643  0.6577473E+02  0.5266840E+02  0.1320041E+02  0.3605094E-04  0.2731205E-04  0.7742676E-04
Ar 8644  0.6326931E+02  0.5528785E+02  0.1314173E+02 -0.8124734E-04 -0.2280239E-05 -0.4278674E-04
Ar 8645  0.6316882E+02  0.5266561E+02  0.1582544E+02 -0.9971975E-05 -0.2871561E-04  0.4566213E-04
Ar 8646  0.6575792E+02  0.5526343E+02  0.1579869E+02  0.4141273E-04 -0.8645983E-04  0.6050258E-04
Ar 8647  0.6588891E+02  0.5262318E+02  0.1838937E+02  0.8485244E-04  0.4420162E-04 -0.8230723E-04
Ar 8648  0.6327084E+02  0.5529619E+02  0.1841457E+02 -0.6098888E-04 -0.9605369E-04 -0.4846143E-04
Ar 8649  0.6316947E+02  0.5267974E+02  0.2108537E+02  0.5891679E-04 -0.1444938E-04 -0.3517501E-05
Ar 8650  0.6579325E+02  0.5532390E+02  0.2109801E+02 -0.1469786E-04 -0.1176515E-04  0.1702164E-04
Ar 8651  0.6580341E+02  0.5264920E+02  0.2374543E+02 -0.3126225E-04 -0.1630240E-05 -0.1414351E-04
Ar 8652  0.6313266E+02  0.5520928E+02  0.2382281E+02 -0.7848097E-04  0.1702603E-04 -0.1673801E-04
Ar 8653  0.6318091E+02  0.5259060E+02  0.2628865E+02 -0.7507769E-04  0.2238133E-04  0.4212009E-04
Ar 8654  0.6577364E+02  0.5520713E+02  0.2622748E+02  0.9378432E-04 -0.3072197E-04 -0.7571522E-05
Ar 8655  0.6578789E+02  0.5256184E+02  0.2887841E+02 -0.9692679E-04 -0.3422022E-04 -0.4001941E-05
Ar 8656  0.6307916E+02  0.5530744E+02  0.2884569E+02 -0.3874872E-04 -0.3193099E-04  0.6199265E-05
Ar 8657  0.6321331E+02  0.5264301E+02  0.3154578E+02 -0.3941044E-04  0.7004829E-04  0.2947771E-04
Ar 8658  0.6584941E+02  0.5533380E+02  0.3156626E+02  0.2977101E-04 -0.2515493E-04 -0.2742180E-04
Ar 8659  0.6585161E+02  0.5260789E+02  0.3426623E+02 -0.4976629E-05 -0.3480068E-04 -0.4774445E-04
Ar 8660  0.6305531E+02  0.5526934E+02  0.3419183E+02 -0.8368227E-04 -0.1201739E-05 -0.1179551E-03
Ar 8661  0.6319135E+02  0.5266944E+02  0.3677356E+02  0.5717186E-05 -0.6587014E-04  0.1522827E-04
Ar 8662  0.6576255E+02  0.5525075E+02  0.3686004E+02  0.5813831E-05 -0.4404749E-04  0.5955349E-04
Ar 8663  0.6590807E+02  0.5257587E+02  0.3947114E+02  0.3869832E-04  0.9132544E-05 -0.1994562E-04
Ar 8664  0.6312402E+02  0.5518668E+02  0.3942173E+02 -0.7321960E-04 -0.4561634E-04 -0.2207720E-04
Ar 8665  0.6299406E+02  0.5254280E+02  0.4220923E+02 -0.7802481E-05  0.1319501E-04  0.5017823E-05
Ar 8666  0.6566518E+02  0.5516234E+02  0.4216151E+02 -0.2466716E-04 -0.1769077E-04 -0.2064300E-04
Ar 8667  0.6588156E+02  0.5255993E+02  0.4470665E+02 -0.3329349E-05 -0.2273829E-05 -0.3915903E-04
Ar 8668  0.6314576E+02  0.5517351E+02  0.4481457E+02 -0.4098751E-04  0.2796819E-04  0.4495655E-04
Ar 8669  0.6304731E+02  0.5269694E+02  0.4732844E+02 -0.1053611E-03 -0.6831881E-04  0.2065280E-04
Ar 8670  0.6581674E+02  0.5525905E+02  0.4741713E+02  0.6000403E-04 -0.2643573E-04  0.1695541E-04
Ar 8671  0.6588976E+02  0.5265548E+02  0.5003340E+02 -0.1139558E-06  0.2760775E-04 -0.4058171E-04
Ar 8672  0.6314144E+02  0.5516119E+02  0.5002467E+02 -0.6066588E-04 -0.7954399E-05  0.5219496E-04
Ar 8673  0.6314163E+02  0.5271389E+02  0.5259063E+02  0.4791756E-04  0.3338987E-04 -0.1465728E-04
Ar 8674  0.6581162E+02  0.5522281E+02  0.5260098E+02 -0.8484753E-04  0.7622385E-04 -0.2563327E-04
Ar 8675  0.6574108E+02  0.5261287E+02  0.5525824E+02 -0.1290929E-04 -0.1637558E-05  0.8801654E-04
Ar 8676  0.6316316E+02  0.5525253E+02  0.5536780E+02 -0.3235639E-04  0.4619977E-04 -0.2927205E-04
Ar 8677  0.6312053E+02  0.5259448E+02  0.5785465E+02 -0.8725350E-04  0.3462373E-04 -0.4634856E-04
Ar 8678  0.6575572E+02  0.5515204E+02  0.5788935E+02 -0.5218966E-04 -0.6436421E-04  0.1302601E-04
Ar 8679  0.6563021E+02  0.5263584E+02  0.6056230E+02 -0.1530846E-05 -0.8987929E-05 -0.9503318E-04
Ar 8680  0.6317251E+02  0.5527332E+02  0.6041138E+02 -0.1031063E-03  0.9243632E-05 -0.3094212E-04
Ar 8681  0.6312426E+02  0.5261699E+02  0.6310851E+02 -0.8070850E-04  0.2451745E-04 -0.6131298E-04
Ar 8682  0.6575610E+02  0.5524095E+02  0.6310913E+02  0.1675220E-05 -0.1017510E-03 -0.3811223E-04
Ar 8683  0.6565770E+02  0.5251673E+02  0.6570437E+02  0.2354796E-04 -0.2215888E-05 -0.3591424E-04
Ar 8684  0.6320316E+02  0.5524852E+02  0.6578155E+02  0.6438773E-04 -0.7206540E-04 -0.2405704E-05
Ar 8685  0.6316880E+02  0.5785252E+02  0.6828962E+02 -0.1388109E-04 -0.1337560E-04  0.2128365E-04
Ar 8686  0.6586927E+02  0.6054006E+02  0.1261052E+00 -0.3354077E-04  0.3546137E-05 -0.6574891E-04
Ar 8687  0.6571924E+02  0.5787998E+02  0.2745138E+01 -0.1502602E-04 -0.6463553E-04 -0.1939368E-04
Ar 8688  0.6320647E+02  0.6057383E+02  0.2709964E+01 -0.1239122E-03 -0.1032416E-04 -0.7885505E-04
Ar 8689  0.6310530E+02  0.5787701E+02  0.5256984E+01 -0.5553643E-04  0.4367824E-04 -0.4525229E-04
Ar 8690  0.6585984E+02  0.6031214E+02  0.5238340E+01  0.7965548E-04  0.3040196E-04 -0.1266576E-03
Ar 8691  0.6570737E+02  0.5781378E+02  0.7962118E+01 -0.5071771E-04  0.7794905E-04 -0.6562645E-05
Ar 8692  0.6308757E+02  0.6049550E+02  0.7904977E+01 -0.1546625E-04  0.5911419E-05 -0.2865061E-05
Ar 8693  0.6321006E+02  0.5784350E+02  0.1063018E+02  0.1186346E-05 -0.1194771E-04 -0.3333989E-05
Ar 8694  0.6573742E+02  0.6045714E+02  0.1063777E+02 -0.4325023E-04 -0.3902948E-04 -0.2831542E-04
Ar 8695  0.6572502E+02  0.5785543E+02  0.1319619E+02 -0.7120243E-04 -0.1308977E-04  0.2355391E-04
Ar 8696  0.6310550E+02  0.6059881E+02  0.1309857E+02 -0.9458722E-04  0.1795667E-04 -0.3314824E-04
Ar 8697  0.6310375E+02  0.5790552E+02  0.1583720E+02 -0.5168485E-04 -0.3825468E-05 -0.3352723E-04
Ar 8698  0.6576490E+02  0.6058633E+02  0.1579122E+02 -0.4453573E-04 -0.9216429E-05  0.5556761E-04
Ar 8699  0.6576839E+02  0.5798169E+02  0.1850890E+02 -0.1086273E-03 -0.5756614E-04 -0.2723074E-04
Ar 8700  0.6316919E+02  0.6056546E+02  0.1841982E+02 -0.5521261E-04  0.2942174E-04  0.2828624E-04
Ar 8701  0.6305256E+02  0.5788908E+02  0.2100451E+02 -0.2638228E-04 -0.1130266E-05 -0.4195556E-04
Ar 8702  0.6573523E+02  0.6038709E+02  0.2098753E+02  0.1632074E-04 -0.4908384E-04 -0.3975468E-05
Ar 8703  0.6580432E+02  0.5797991E+02  0.2369134E+02 -0.3873202E-04 -0.7264358E-04 -0.1184095E-04
Ar 8704  0.6303191E+02  0.6057058E+02  0.2361935E+02 -0.7035461E-04 -0.4152789E-04  0.1699883E-04
Ar 8705  0.6311712E+02  0.5784835E+02  0.2630146E+02 -0.4478358E-04  0.1923830E-05  0.2717134E-04
Ar 8706  0.6572425E+02  0.6059443E+02  0.2623785E+02 -0.1938382E-04 -0.5334327E-05  0.7810370E-05
Ar 8707  0.6571984E+02  0.5779946E+02  0.2905867E+02 -0.8737582E-04 -0.4385068E-04 -0.6997014E-05
Ar 8708  0.6303762E+02  0.6071730E+02  0.2897533E+02 -0.2362175E-04 -0.6335229E-04  0.2415283E-04
Ar 8709  0.6304502E+02  0.5778524E+02  0.3161878E+02 -0.7954678E-05  0.4805761E-04 -0.1096015E-03
Ar 8710  0.6578071E+02  0.6069764E+02  0.3158983E+02  0.3942540E-04  0.5603769E-04  0.4459179E-05
Ar 8711  0.6586576E+02  0.5776233E+02  0.3412512E+02 -0.5031663E-04 -0.4576324E-04 -0.3057127E-04
Ar 8712  0.6312470E+02  0.6056800E+02  0.3421844E+02 -0.1474215E-05 -0.2078791E-04 -0.2571913E-04
Ar 8713  0.6312910E+02  0.5791661E+02  0.3684230E+02 -0.2801560E-04  0.8425945E-05 -0.1578774E-04
Ar 8714  0.6581319E+02  0.6059211E+02  0.3694938E+02 -0.7343124E-05  0.3134506E-04 -0.1569185E-04
Ar 8715  0.6578740E+02  0.5792474E+02  0.3950427E+02 -0.6189197E-04 -0.1573665E-03 -0.5483873E-04
Ar 8716  0.6312812E+02  0.6052959E+02  0.3952380E+02  0.4766681E-04 -0.4767723E-04 -0.1071733E-03
Ar 8717  0.6314098E+02  0.5780581E+02  0.4196257E+02  0.1460452E-04 -0.1460537E-04 -0.6859494E-05
Ar 8718  0.6578146E+02  0.6050264E+02  0.4210763E+02 -0.1688672E-04 -0.5626947E-04  0.8559419E-04
Ar 8719  0.6580701E+02  0.5784718E+02  0.4473048E+02 -0.3518583E-04 -0.3322226E-04 -0.1021631E-04
Ar 8720  0.6305120E+02  0.6047386E+02  0.4473035E+02 -0.1044333E-03  0.8511202E-05 -0.6833518E-04
Ar 8721  0.6312105E+02  0.5791906E+02  0.4751095E+02  0.4191537E-04  0.2149804E-04 -0.1390066E-05
Ar 8722  0.6571123E+02  0.6049762E+02  0.4728894E+02  0.1551739E-04 -0.6603407E-05  0.9200105E-04
Ar 8723  0.6575946E+02  0.5787362E+02  0.5003788E+02  0.3301082E-05 -0.7979880E-04  0.2876704E-04
Ar 8724  0.6308149E+02  0.6045414E+02  0.4999110E+02  0.9548013E-05 -0.3203862E-04 -0.3627802E-04
Ar 8725  0.6310984E+02  0.5792924E+02  0.5254708E+02  0.1307707E-04 -0.1059239E-03  0.2073128E-04
Ar 8726  0.6584062E+02  0.6051904E+02  0.5251371E+02  0.6758073E-04 -0.3933423E-04 -0.1445177E-04
Ar 8727  0.6570924E+02  0.5782659E+02  0.5523399E+02  0.1700288E-04  0.3528286E-05 -0.1627553E-04
Ar 8728  0.6318205E+02  0.6051138E+02  0.5521866E+02 -0.6847812E-04 -0.9249398E-05 -0.5033841E-04
Ar 8729  0.6311362E+02  0.5788582E+02  0.5793077E+02  0.5228809E-06  0.2144779E-04 -0.3169285E-04
Ar 8730  0.6583773E+02  0.6048153E+02  0.5793808E+02 -0.4915711E-04 -0.3982288E-04 -0.2496765E-04
Ar 8731  0.6578794E+02  0.5790202E+02  0.6044250E+02  0.2852003E-04 -0.7509495E-04 -0.5326869E-05
Ar 8732  0.6313292E+02  0.6049098E+02  0.6054702E+02 -0.2383688E-04 -0.5210755E-04 -0.4233098E-04
Ar 8733  0.6319137E+02  0.5792249E+02  0.6323648E+02 -0.1116872E-04 -0.3272959E-04 -0.4193193E-04
Ar 8734  0.6578799E+02  0.6058443E+02  0.6311645E+02 -0.9436422E-05 -0.9162777E-04  0.2119567E-04
Ar 8735  0.6584725E+02  0.5797185E+02  0.6579084E+02 -0.8025237E-04  0.1710564E-04 -0.5457856E-05
Ar 8736  0.6320196E+02  0.6060223E+02  0.6571819E+02  0.4561272E-04  0.1903781E-04 -0.4642827E-04
Ar 8737  0.6309746E+02  0.6309468E+02  0.6855587E+02  0.5142477E-05 -0.1609537E-04 -0.9936255E-04
Ar 8738  0.6574732E+02  0.6568894E+02  0.6846472E+02  0.3888663E-04 -0.7307406E-04  0.4438412E-04
Ar 8739  0.6584389E+02  0.6314788E+02  0.2592632E+01 -0.9233500E-04  0.2451679E-04 -0.5057619E-04
Ar 8740  0.6316775E+02  0.6593099E+02  0.2650905E+01  0.7545184E-04  0.2577670E-04 -0.1148537E-04
Ar 8741  0.6320848E+02  0.6312432E+02  0.5364691E+01  0.2226982E-04 -0.5029715E-05 -0.1834054E-04
Ar 8742  0.6570129E+02  0.6582557E+02  0.5205143E+01  0.1639116E-04 -0.4978886E-05 -0.1467062E-04
Ar 8743  0.6584860E+02  0.6320559E+02  0.7990673E+01 -0.3032707E-04  0.5114970E-04 -0.4329562E-04
Ar 8744  0.6314894E+02  0.6575564E+02  0.7880896E+01 -0.6727637E-04  0.6464019E-05 -0.4753417E-04
Ar 8745  0.6319281E+02  0.6311755E+02  0.1051241E+02 -0.5462503E-04 -0.3930980E-04 -0.5676135E-06
Ar 8746  0.6564096E+02  0.6585090E+02  0.1046668E+02 -0.5530623E-04  0.2734683E-04  0.8264074E-04
Ar 8747  0.6582337E+02  0.6308554E+02  0.1317409E+02 -0.6237915E-04 -0.4962499E-04  0.1033060E-04
Ar 8748  0.6317597E+02  0.6576189E+02  0.1316127E+02 -0.6435124E-05  0.2962566E-04 -0.3750333E-04
Ar 8749  0.6323619E+02  0.6317704E+02  0.1594013E+02 -0.2680068E-04  0.1941565E-04  0.4797300E-04
Ar 8750  0.6585108E+02  0.6577938E+02  0.1574635E+02 -0.4816899E-04 -0.8225922E-04  0.1769780E-04
Ar 8751  0.6588020E+02  0.6309540E+02  0.1839838E+02 -0.2515792E-04  0.1617903E-04 -0.1889483E-04
Ar 8752  0.6323793E+02  0.6592027E+02  0.1843226E+02 -0.1066290E-04 -0.4164677E-04 -0.3909786E-05
Ar 8753  0.6320108E+02  0.6312682E+02  0.2110509E+02 -0.4557500E-04 -0.3181303E-05 -0.5239244E-04
Ar 8754  0.6586514E+02  0.6578413E+02  0.2112456E+02 -0.3774231E-04 -0.3782719E-04  0.1737193E-04
Ar 8755  0.6583822E+02  0.6306553E+02  0.2373305E+02  0.7474019E-05 -0.3163635E-04 -0.2413977E-05
Ar 8756  0.6314192E+02  0.6565166E+02  0.2368557E+02  0.2444817E-04 -0.6723868E-04 -0.1335822E-03
Ar 8757  0.6318084E+02  0.6312531E+02  0.2630338E+02 -0.7754101E-04 -0.2485194E-04 -0.7701301E-05
Ar 8758  0.6575148E+02  0.6571756E+02  0.2634697E+02 -0.7928198E-04 -0.5674116E-04 -0.3547449E-05
Ar 8759  0.6576341E+02  0.6304725E+02  0.2899392E+02 -0.4653172E-04 -0.8290362E-04 -0.2928662E-04
Ar 8760  0.6307918E+02  0.6573147E+02  0.2895176E+02  0.4495199E-05 -0.2925348E-04 -0.3761431E-04
Ar 8761  0.6314676E+02  0.6317142E+02  0.3160429E+02  0.3046235E-04  0.2821635E-05 -0.1050874E-04
Ar 8762  0.6577296E+02  0.6575053E+02  0.3152398E+02 -0.2922921E-04 -0.5681057E-04  0.3186031E-05
Ar 8763  0.6578983E+02  0.6312175E+02  0.3413954E+02  0.6483352E-04  0.1566524E-04 -0.1715898E-04
Ar 8764  0.6309617E+02  0.6593985E+02  0.3429443E+02 -0.1015745E-03 -0.6292474E-04 -0.6229476E-04
Ar 8765  0.6306533E+02  0.6318234E+02  0.3672639E+02 -0.3596774E-04  0.1215273E-04  0.2272484E-04
Ar 8766  0.6575269E+02  0.6583032E+02  0.3669165E+02 -0.1349824E-04 -0.4882108E-04  0.5858963E-04
Ar 8767  0.6574992E+02  0.6310960E+02  0.3955612E+02 -0.4069262E-04 -0.2363654E-04 -0.1397374E-05
Ar 8768  0.6301488E+02  0.6576641E+02  0.3947456E+02 -0.1364988E-04 -0.9127420E-04 -0.7880641E-04
Ar 8769  0.6316333E+02  0.6319104E+02  0.4212787E+02  0.1612771E-04  0.6387606E-04 -0.5328503E-04
Ar 8770  0.6580610E+02  0.6571088E+02  0.4205479E+02 -0.1061337E-05  0.1389874E-04 -0.1818130E-04
Ar 8771  0.6579710E+02  0.6325128E+02  0.4479599E+02 -0.5550212E-04  0.6235326E-04 -0.1077558E-03
Ar 8772  0.6318565E+02  0.6580011E+02  0.4479677E+02 -0.2900398E-05  0.6123092E-04 -0.4605322E-04
Ar 8773  0.6316685E+02  0.6326285E+02  0.4719076E+02 -0.2125908E-04 -0.4370511E-04 -0.1036344E-03
Ar 8774  0.6576719E+02  0.6586008E+02  0.4737256E+02 -0.6445889E-04  0.4227025E-04 -0.6847616E-05
Ar 8775  0.6576422E+02  0.6320145E+02  0.4994604E+02 -0.7573575E-04 -0.6230792E-04 -0.1738432E-04
Ar 8776  0.6326976E+02  0.6577036E+02  0.5002070E+02 -0.2660388E-04 -0.9399741E-05  0.2337173E-05
Ar 8777  0.6317558E+02  0.6313214E+02  0.5256720E+02 -0.5452893E-04  0.6129667E-04  0.1909551E-05
Ar 8778  0.6587687E+02  0.6586255E+02  0.5271490E+02 -0.4643847E-04  0.2288396E-05  0.3513603E-04
Ar 8779  0.6586267E+02  0.6320040E+02  0.5526089E+02 -0.8354166E-04 -0.6313531E-04  0.6542627E-04
Ar 8780  0.6313496E+02  0.6563314E+02  0.5526470E+02 -0.7666676E-04 -0.7661284E-04 -0.3912857E-05
Ar 8781  0.6320339E+02  0.6308822E+02  0.5777179E+02  0.8044167E-04 -0.7518649E-04  0.1723373E-04
Ar 8782  0.6580446E+02  0.6572360E+02  0.5779912E+02 -0.5511434E-04  0.1324543E-04  0.6172130E-04
Ar 8783  0.6583173E+02  0.6317335E+02  0.6052642E+02  0.4540549E-04 -0.8662229E-04 -0.1245382E-04
Ar 8784  0.6310135E+02  0.6568586E+02  0.6049410E+02 -0.3055767E-04 -0.5847583E-04 -0.3040707E-04
Ar 8785  0.6305227E+02  0.6303657E+02  0.6312437E+02  0.1638358E-05 -0.2642212E-04 -0.4602771E-05
Ar 8786  0.6585244E+02  0.6576116E+02  0.6321130E+02 -0.4533421E-04  0.1197754E-04 -0.2777572E-04
Ar 8787  0.6574897E+02  0.6312242E+02  0.6575390E+02 -0.2670389E-05 -0.1281769E-04 -0.2547590E-04
Ar 8788  0.6317772E+02  0.6573775E+02  0.6582420E+02 -0.3668122E-04 -0.4684996E-04  0.4066587E-04
   0.686282015426557E+02   0.745020002036318E-03  -0.220356425890129E-03
   0.745020871787245E-03   0.686269508317263E+02  -0.813123012455431E-04
  -0.220356856290376E-03  -0.813093716964038E-04   0.686277267215526E+02
