        4000
Ar    1  0.2581135E+00  0.5386736E+02  0.5356195E+02  0.1172105E-04 -0.5531653E-04 -0.2216721E-04
Ar    2  0.2762298E+01  0.2621982E+01  0.1287842E+00 -0.8812783E-04 -0.4287092E-04  0.2983053E-04
Ar    3  0.2684091E+01  0.5391770E+02  0.2216354E+01  0.3018286E-04  0.1790169E-05  0.8637171E-05
Ar    4  0.3143436E-01  0.2474014E+01  0.2699645E+01  0.1009092E-05 -0.4431118E-04 -0.6246716E-05
Ar    5  0.5391302E+02  0.5387821E+02  0.5075893E+01 -0.6589034E-04  0.1379912E-04 -0.4086265E-04
Ar    6  0.2750468E+01  0.2696358E+01  0.5092171E+01  0.1814334E-04  0.2174835E-04  0.5206654E-04
Ar    7  0.2667555E+01  0.5382750E+02  0.7522125E+01  0.3056792E-04  0.1789684E-04 -0.3240699E-04
Ar    8  0.8597186E-01  0.2353890E+01  0.7815387E+01 -0.2252236E-04 -0.2112053E-04  0.2951046E-04
Ar    9  0.5803890E-01  0.5338123E+02  0.1068649E+02 -0.5058159E-04  0.2335033E-04 -0.3790689E-04
Ar   10  0.2673553E+01  0.2309033E+01  0.1060729E+02  0.1884521E-04 -0.4278703E-04  0.3815796E-04
Ar   11  0.2614138E+01  0.5395861E+02  0.1323295E+02 -0.6167860E-04 -0.5801957E-04  0.2934698E-04
Ar   12  0.3317880E+00  0.2702371E+01  0.1312362E+02  0.1164679E-04  0.1022442E-04  0.1663843E-04
Ar   13  0.1916682E+00  0.5366718E+02  0.1625981E+02  0.9434825E-05  0.2905591E-05  0.4810342E-04
Ar   14  0.2643985E+01  0.2230074E+01  0.1611277E+02  0.3558570E-04 -0.4010992E-04  0.1105175E-04
Ar   15  0.2672762E+01  0.5396353E+02  0.1929678E+02  0.7510535E-04  0.1855214E-04 -0.5125713E-04
Ar   16  0.5386279E+02  0.2306113E+01  0.1899037E+02  0.1909058E-04  0.5514769E-04  0.4117050E-04
Ar   17  0.5388551E+02  0.5380423E+02  0.2143718E+02  0.9837597E-05 -0.5224858E-04 -0.1909050E-06
Ar   18  0.2713248E+01  0.2669207E+01  0.2182965E+02 -0.1287731E-04  0.9995568E-05  0.6879051E-04
Ar   19  0.2693278E+01  0.5375301E+02  0.2387482E+02 -0.3555305E-04 -0.1529931E-04  0.1775027E-04
Ar   20  0.5369804E+02  0.2627171E+01  0.2415575E+02  0.5842678E-04 -0.2313747E-04 -0.1915971E-05
Ar   21  0.5382633E+02  0.5370397E+02  0.2691650E+02  0.4882638E-04  0.3486445E-04 -0.4273379E-04
Ar   22  0.2644944E+01  0.2707009E+01  0.2681080E+02  0.6427490E-04 -0.1521820E-04  0.5684177E-04
Ar   23  0.2633473E+01  0.1226479E+00  0.2992294E+02  0.5431472E-04  0.2539342E-04  0.1678847E-04
Ar   24  0.5390382E+02  0.2367580E+01  0.2980720E+02  0.8132220E-04  0.7437247E-04 -0.4759389E-04
Ar   25  0.5387623E+02  0.5378623E+02  0.3226155E+02  0.3162204E-04  0.1033662E-03  0.2225696E-04
Ar   26  0.3082005E+01  0.2215868E+01  0.3261921E+02 -0.8710439E-05  0.3388937E-04 -0.4153553E-05
Ar   27  0.2823031E+01  0.5389914E+02  0.3496732E+02  0.1237740E-03  0.5482901E-05  0.1203698E-04
Ar   28  0.1859170E+00  0.2373304E+01  0.3550800E+02  0.6586135E-04 -0.3792586E-04 -0.1844547E-04
Ar   29  0.3624776E+00  0.5387617E+02  0.3767454E+02  0.7895079E-04 -0.4568127E-04  0.4092844E-04
Ar   30  0.2771625E+01  0.2907606E+01  0.3789056E+02 -0.6530538E-05  0.8861313E-04  0.1360363E-04
Ar   31  0.2537862E+01  0.5556953E-01  0.4046204E+02 -0.2407487E-04  0.7733896E-05 -0.9709338E-05
Ar   32  0.5380067E+02  0.2635262E+01  0.4022739E+02  0.4594985E-04 -0.8269828E-04 -0.6139922E-05
Ar   33  0.5394864E+02  0.5368689E+02  0.4326755E+02  0.4290939E-05 -0.4584076E-04 -0.1208459E-04
Ar   34  0.2581832E+01  0.2421570E+01  0.4307890E+02  0.6192462E-05  0.3430116E-04  0.6495157E-04
Ar   35  0.2335751E+01  0.5375432E+02  0.4580432E+02 -0.4355290E-04 -0.4599053E-04  0.8882293E-04
Ar   36  0.5385868E+02  0.2528129E+01  0.4608696E+02 -0.8428891E-04  0.4298928E-04  0.1161859E-04
Ar   37  0.5390288E+02  0.5371613E+02  0.4883557E+02 -0.3427190E-04  0.5353153E-05  0.1894901E-06
Ar   38  0.2756298E+01  0.2423174E+01  0.4847564E+02 -0.2314848E-04 -0.7182016E-06 -0.6965446E-05
Ar   39  0.2938564E+01  0.1418672E+00  0.5125366E+02 -0.4465465E-04 -0.4561671E-04 -0.5451309E-04
Ar   40  0.1974827E+00  0.2502795E+01  0.5113290E+02 -0.1703077E-04 -0.2443367E-04  0.4822075E-04
Ar   41  0.5399302E+02  0.5399237E+01  0.5349222E+02 -0.3159157E-04 -0.8432335E-05  0.6705369E-04
Ar   42  0.2513251E+01  0.8167135E+01  0.5376423E+02 -0.2260348E-04  0.5101786E-05  0.1723710E-04
Ar   43  0.2348272E+01  0.5373641E+01  0.2539748E+01  0.2725868E-04 -0.9916353E-05  0.5648350E-04
Ar   44  0.5390100E+02  0.7744918E+01  0.2189873E+01 -0.5985553E-04  0.5136838E-04 -0.2737510E-04
Ar   45  0.5379579E+02  0.5003642E+01  0.5336058E+01  0.4816054E-04 -0.4201909E-04 -0.7592359E-05
Ar   46  0.2508230E+01  0.7410656E+01  0.5217257E+01 -0.5630494E-04 -0.3410100E-04 -0.4046875E-04
Ar   47  0.2262216E+01  0.5174756E+01  0.8079420E+01  0.5929372E-04  0.3287537E-04  0.7695534E-04
Ar   48  0.5393081E+02  0.8128713E+01  0.7695173E+01 -0.3897118E-04  0.4266830E-04 -0.2086890E-04
Ar   49  0.5384091E+02  0.5607164E+01  0.1073541E+02 -0.3077393E-05  0.2472202E-04  0.5910767E-04
Ar   50  0.2739782E+01  0.8255403E+01  0.1063584E+02 -0.5223360E-05  0.9610538E-05 -0.2951208E-04
Ar   51  0.2985343E+01  0.5299637E+01  0.1331754E+02 -0.2081324E-04 -0.4553772E-04 -0.2044246E-04
Ar   52  0.5242544E+00  0.8250068E+01  0.1345350E+02  0.5205443E-05 -0.5337647E-04 -0.2724706E-04
Ar   53  0.2677739E+00  0.5294907E+01  0.1613743E+02 -0.1051780E-04 -0.4035938E-05 -0.1460893E-04
Ar   54  0.2643309E+01  0.8105787E+01  0.1632160E+02  0.1995092E-04 -0.7483746E-05 -0.5755286E-04
Ar   55  0.2575009E+01  0.5131789E+01  0.1897076E+02 -0.1647038E-04 -0.2482371E-04  0.5623924E-04
Ar   56  0.8731065E-01  0.8077313E+01  0.1884514E+02 -0.6533659E-04  0.2562404E-04 -0.1776188E-04
Ar   57  0.1433868E+00  0.5101447E+01  0.2179190E+02 -0.1492758E-04 -0.4501377E-04 -0.4172184E-04
Ar   58  0.2384978E+01  0.7954989E+01  0.2161784E+02 -0.8969926E-04 -0.4793388E-05 -0.4870096E-04
Ar   59  0.2805044E+01  0.5233064E+01  0.2437071E+02 -0.4474127E-04  0.4214703E-04  0.1300238E-05
Ar   60  0.5395582E+02  0.7819380E+01  0.2457765E+02  0.1786464E-04 -0.1177100E-04 -0.2760746E-04
Ar   61  0.5385649E+02  0.5165117E+01  0.2743063E+02  0.1881938E-04 -0.1144554E-03 -0.4673573E-04
Ar   62  0.2536986E+01  0.7848886E+01  0.2698666E+02 -0.5669070E-04 -0.5764615E-04  0.3141681E-04
Ar   63  0.2866324E+01  0.4979404E+01  0.2978582E+02 -0.8311110E-04 -0.1477537E-03  0.1316780E-04
Ar   64  0.5382467E+02  0.7664254E+01  0.2985021E+02  0.6662716E-04  0.6901710E-04  0.7937359E-04
Ar   65  0.8851786E-01  0.4822066E+01  0.3259127E+02 -0.5606663E-04 -0.7772639E-05  0.5625721E-05
Ar   66  0.2434992E+01  0.7728856E+01  0.3204276E+02 -0.4569151E-04 -0.3289252E-04 -0.2801210E-04
Ar   67  0.2606878E+01  0.5152595E+01  0.3496685E+02 -0.2104443E-04 -0.1019092E-04 -0.2004109E-04
Ar   68  0.5389944E+02  0.7717370E+01  0.3478100E+02  0.4298754E-04 -0.7744726E-05  0.7279724E-04
Ar   69  0.5398635E+02  0.5495564E+01  0.3804733E+02  0.9745150E-04 -0.4059808E-04 -0.6094530E-05
Ar   70  0.2581652E+01  0.7949951E+01  0.3764169E+02 -0.2764182E-04 -0.1039526E-04 -0.6265079E-04
Ar   71  0.2760458E+01  0.5284973E+01  0.4062363E+02 -0.3304314E-04 -0.2620249E-04 -0.1405363E-04
Ar   72  0.1533660E+00  0.8216054E+01  0.4057403E+02  0.6704645E-05  0.3152248E-04  0.8842421E-05
Ar   73  0.5377978E+02  0.5114666E+01  0.4302907E+02  0.9244774E-04  0.2742069E-04  0.2507810E-04
Ar   74  0.2603948E+01  0.7933759E+01  0.4313137E+02 -0.5159431E-04 -0.5454970E-04 -0.3427839E-04
Ar   75  0.2477338E+01  0.5407904E+01  0.4558904E+02 -0.2730958E-04 -0.3039196E-04  0.9242203E-04
Ar   76  0.5372977E+02  0.8101887E+01  0.4569514E+02  0.4469975E-04  0.1679680E-04  0.1418902E-04
Ar   77  0.5395805E+02  0.5487319E+01  0.4837400E+02 -0.7401042E-05 -0.3811468E-04  0.9357531E-04
Ar   78  0.2731068E+01  0.7957099E+01  0.4847329E+02 -0.1830506E-04 -0.4119154E-04  0.4480171E-04
Ar   79  0.2556810E+01  0.5291768E+01  0.5109927E+02 -0.4241510E-04  0.1577059E-04  0.1110125E-04
Ar   80  0.5394033E+02  0.8277868E+01  0.5095597E+02  0.5243223E-05 -0.1839323E-04  0.7563769E-04
Ar   81  0.5385659E+02  0.1087564E+02  0.5360158E+02  0.3441301E-05 -0.1081352E-03  0.7831685E-04
Ar   82  0.2779089E+01  0.1341014E+02  0.5383893E+02  0.2665241E-04 -0.4466723E-04  0.3152000E-04
Ar   83  0.2563070E+01  0.1081797E+02  0.2634680E+01  0.1148397E-04 -0.1411851E-04 -0.3409182E-04
Ar   84  0.5400073E+02  0.1324935E+02  0.2407539E+01 -0.3108339E-04  0.6949047E-04  0.2971804E-04
Ar   85  0.2319956E-01  0.1071297E+02  0.5317001E+01  0.2721273E-04 -0.5889299E-04 -0.2299051E-04
Ar   86  0.2454934E+01  0.1342324E+02  0.5138008E+01  0.3469289E-04 -0.2054832E-04  0.7750237E-05
Ar   87  0.2732261E+01  0.1086650E+02  0.7864431E+01 -0.2486491E-04 -0.2513070E-04  0.8707171E-05
Ar   88  0.5386258E+02  0.1330507E+02  0.8293971E+01  0.1762494E-04  0.2170352E-04  0.4235811E-04
Ar   89  0.2059183E+00  0.1078069E+02  0.1082196E+02 -0.6997573E-04  0.9873060E-04 -0.1644822E-04
Ar   90  0.2878047E+01  0.1352943E+02  0.1087924E+02  0.2066339E-04  0.1916974E-04  0.1397806E-04
Ar   91  0.2891393E+01  0.1098125E+02  0.1334658E+02 -0.3399551E-04  0.3849302E-04  0.2191161E-04
Ar   92  0.5383304E+02  0.1314451E+02  0.1348421E+02  0.6313163E-04  0.1288049E-04 -0.5430862E-04
Ar   93  0.6080752E-01  0.1054529E+02  0.1602058E+02 -0.2332503E-04 -0.1656917E-04  0.5016670E-04
Ar   94  0.2632683E+01  0.1356207E+02  0.1605994E+02  0.4720057E-04  0.6391819E-04  0.6791532E-04
Ar   95  0.2295592E+01  0.1112487E+02  0.1880511E+02  0.8516294E-04  0.5473083E-04 -0.2478431E-04
Ar   96  0.5356022E+02  0.1367417E+02  0.1871073E+02  0.2596680E-04  0.3840238E-04  0.1011443E-03
Ar   97  0.1499234E+00  0.1121223E+02  0.2180169E+02 -0.1373912E-04 -0.4682473E-04 -0.8534296E-04
Ar   98  0.2860595E+01  0.1345733E+02  0.2208051E+02 -0.1758949E-04  0.1817203E-05 -0.2706034E-04
Ar   99  0.2720508E+01  0.1056540E+02  0.2425971E+02 -0.5203256E-05 -0.5160064E-04  0.2611169E-04
Ar  100  0.4741512E-01  0.1344645E+02  0.2466548E+02  0.3127964E-04 -0.3551953E-04  0.6214599E-04
Ar  101  0.1781836E-01  0.1038562E+02  0.2708886E+02 -0.4048816E-04  0.7026920E-05  0.4354505E-05
Ar  102  0.2863109E+01  0.1303267E+02  0.2710093E+02 -0.1475520E-04 -0.3424940E-04 -0.2489839E-04
Ar  103  0.2601765E+01  0.1071059E+02  0.2989951E+02  0.9305085E-05 -0.4079384E-04  0.8735125E-04
Ar  104  0.7336270E-01  0.1355603E+02  0.2968276E+02 -0.5625363E-04  0.4335923E-04  0.6699232E-04
Ar  105  0.1525586E+00  0.1057108E+02  0.3243337E+02  0.2474209E-04 -0.4249507E-04  0.5520096E-04
Ar  106  0.2694721E+01  0.1312663E+02  0.3261345E+02  0.5660289E-04  0.3200525E-04 -0.3531241E-04
Ar  107  0.2600723E+01  0.1073733E+02  0.3517201E+02 -0.1427684E-03  0.4834672E-04  0.9287752E-05
Ar  108  0.5397490E+02  0.1324204E+02  0.3509175E+02  0.1850187E-04  0.8134533E-05  0.5737390E-04
Ar  109  0.1887322E+00  0.1065321E+02  0.3759798E+02  0.1312569E-04  0.2113567E-04  0.5577004E-04
Ar  110  0.2805839E+01  0.1335426E+02  0.3763444E+02 -0.1208332E-04  0.1789932E-04  0.1048698E-03
Ar  111  0.2863823E+01  0.1076332E+02  0.4017456E+02 -0.2363923E-04 -0.4081399E-04  0.9515004E-04
Ar  112  0.1099737E+00  0.1333346E+02  0.4024900E+02  0.6232388E-04 -0.8788974E-05  0.3848766E-04
Ar  113  0.5380107E+02  0.1084376E+02  0.4289337E+02 -0.1226428E-04 -0.7650880E-05 -0.1797489E-04
Ar  114  0.2799911E+01  0.1327354E+02  0.4301276E+02 -0.1479140E-04 -0.1007099E-04  0.1281043E-03
Ar  115  0.2859375E+01  0.1075375E+02  0.4559095E+02  0.9689725E-04 -0.7617242E-05 -0.7710941E-04
Ar  116  0.1513569E+00  0.1338060E+02  0.4553425E+02 -0.3435492E-04 -0.4933163E-04 -0.2710557E-05
Ar  117  0.5376734E+02  0.1092441E+02  0.4850085E+02 -0.1617684E-04  0.3295424E-04 -0.2454965E-04
Ar  118  0.2804681E+01  0.1334855E+02  0.4795786E+02  0.4167659E-04  0.3043314E-04  0.2108205E-04
Ar  119  0.2510515E+01  0.1078658E+02  0.5092888E+02 -0.5873550E-05  0.8810921E-04  0.9514259E-04
Ar  120  0.5367937E+02  0.1357079E+02  0.5133916E+02 -0.4673157E-04  0.5974335E-04  0.1103303E-04
Ar  121  0.5391893E+02  0.1589316E+02  0.3174625E+00 -0.2707961E-04 -0.3405886E-04 -0.3848551E-04
Ar  122  0.2548946E+01  0.1864022E+02  0.5372467E+02 -0.5745404E-04  0.8926036E-05 -0.1106115E-04
Ar  123  0.2612614E+01  0.1632512E+02  0.2799207E+01  0.4197091E-05  0.1265371E-04  0.1084207E-04
Ar  124  0.5365757E+02  0.1861012E+02  0.2901721E+01  0.1907260E-04  0.2103090E-04  0.6538347E-04
Ar  125  0.2418015E-01  0.1585065E+02  0.5426191E+01  0.4759784E-04 -0.9719287E-05 -0.7273265E-04
Ar  126  0.2696433E+01  0.1892889E+02  0.5479856E+01 -0.8223418E-05 -0.1875429E-04  0.3473918E-04
Ar  127  0.2881295E+01  0.1624868E+02  0.7912012E+01  0.2080731E-05 -0.6713890E-05  0.1229030E-04
Ar  128  0.5394751E+02  0.1872143E+02  0.8066133E+01 -0.4244040E-04 -0.1473879E-04 -0.2245348E-04
Ar  129  0.1152492E+00  0.1621811E+02  0.1073687E+02  0.2606745E-04  0.3430506E-05 -0.9729227E-04
Ar  130  0.2908058E+01  0.1873253E+02  0.1078095E+02  0.4100639E-04 -0.4790293E-04 -0.5387929E-04
Ar  131  0.2387957E+01  0.1604420E+02  0.1340866E+02  0.1766594E-04 -0.4411514E-04 -0.3148442E-04
Ar  132  0.5395955E+02  0.1847366E+02  0.1352045E+02 -0.4527177E-04 -0.4207862E-04  0.4101629E-04
Ar  133  0.5382217E+02  0.1594964E+02  0.1611616E+02 -0.3167455E-04  0.2918028E-04 -0.5144251E-05
Ar  134  0.2744080E+01  0.1843373E+02  0.1580095E+02 -0.8853286E-04  0.6612742E-04  0.2812281E-04
Ar  135  0.2699796E+01  0.1622201E+02  0.1901908E+02 -0.6996415E-04  0.4687228E-04 -0.4714650E-04
Ar  136  0.5385560E+02  0.1885890E+02  0.1873219E+02  0.4758390E-04  0.1541698E-04 -0.7695985E-04
Ar  137  0.4053833E-01  0.1574052E+02  0.2161861E+02 -0.4351091E-04 -0.6645058E-05  0.2070252E-04
Ar  138  0.2481562E+01  0.1876002E+02  0.2178055E+02  0.3520263E-04  0.3274944E-04 -0.1864713E-05
Ar  139  0.2698626E+01  0.1610096E+02  0.2456289E+02 -0.2022555E-04  0.2849007E-04  0.3052910E-04
Ar  140  0.1674634E+00  0.1897489E+02  0.2436513E+02  0.4941945E-04 -0.1156417E-03 -0.5754109E-04
Ar  141  0.5386480E+02  0.1632290E+02  0.2689515E+02  0.2004458E-05  0.4157083E-04 -0.1958148E-04
Ar  142  0.2612092E+01  0.1896500E+02  0.2715124E+02 -0.1880175E-04 -0.1562710E-04  0.8718270E-04
Ar  143  0.2549075E+01  0.1621692E+02  0.2975342E+02 -0.6288974E-04  0.8102388E-04  0.8783148E-04
Ar  144  0.5388245E+02  0.1840577E+02  0.3002405E+02 -0.2027455E-04  0.4931237E-05  0.7498676E-05
Ar  145  0.5388227E+02  0.1589612E+02  0.3269214E+02  0.2737715E-04 -0.3783199E-04 -0.1957257E-04
Ar  146  0.2694636E+01  0.1893182E+02  0.3245816E+02  0.5652191E-04  0.1840957E-04  0.1220430E-03
Ar  147  0.2993795E+01  0.1603249E+02  0.3523869E+02  0.6290418E-04  0.2585055E-04  0.2949546E-04
Ar  148  0.2799286E+00  0.1926085E+02  0.3555134E+02  0.3691719E-04  0.1335172E-04 -0.6053606E-04
Ar  149  0.1853918E+00  0.1613924E+02  0.3809008E+02 -0.1983001E-04  0.2010811E-04  0.5727973E-04
Ar  150  0.2767959E+01  0.1883415E+02  0.3813162E+02  0.1919231E-04 -0.3057594E-04  0.5807661E-04
Ar  151  0.2951360E+01  0.1601061E+02  0.4033209E+02 -0.3514410E-04 -0.4840206E-04  0.2793559E-04
Ar  152  0.3034546E+00  0.1880370E+02  0.4077047E+02  0.8635334E-04  0.5211260E-04 -0.7150167E-04
Ar  153  0.5873191E-01  0.1578067E+02  0.4273758E+02  0.2406157E-04  0.1489312E-04  0.4654115E-04
Ar  154  0.3024183E+01  0.1900467E+02  0.4310575E+02 -0.2971236E-04  0.5023459E-04  0.3079888E-04
Ar  155  0.2874323E+01  0.1600215E+02  0.4561555E+02 -0.9753218E-05  0.1163957E-03 -0.1486480E-04
Ar  156  0.2672442E+00  0.1878695E+02  0.4571077E+02 -0.6983789E-04  0.8334161E-04 -0.5763394E-04
Ar  157  0.5361199E+02  0.1584037E+02  0.4819276E+02  0.7974878E-04  0.5128056E-04 -0.6869364E-04
Ar  158  0.2682013E+01  0.1837191E+02  0.4841556E+02 -0.4010563E-04  0.6681502E-04  0.3813124E-04
Ar  159  0.2538391E+01  0.1580484E+02  0.5092531E+02  0.4592951E-04  0.5536855E-05 -0.3567496E-04
Ar  160  0.5369549E+02  0.1859439E+02  0.5118164E+02  0.8776140E-04  0.8696385E-04  0.8723517E-04
Ar  161  0.1274984E+00  0.2110207E+02  0.5400034E+02  0.6110919E-04  0.1713268E-04 -0.3954276E-04
Ar  162  0.2635813E+01  0.2418225E+02  0.1593329E+00  0.2638387E-04  0.6129736E-04  0.4581213E-04
Ar  163  0.2900451E+01  0.2140719E+02  0.2855599E+01 -0.5155353E-04  0.1380478E-04 -0.5885337E-04
Ar  164  0.5384747E+02  0.2389457E+02  0.2608530E+01 -0.2173638E-04 -0.2267214E-04 -0.1789502E-04
Ar  165  0.5382613E+02  0.2149254E+02  0.5208032E+01  0.1395326E-04  0.7153893E-04  0.5456584E-07
Ar  166  0.2688380E+01  0.2391019E+02  0.5563766E+01 -0.5314666E-04 -0.1988527E-04 -0.6441176E-04
Ar  167  0.2702587E+01  0.2140711E+02  0.8188710E+01 -0.7597902E-04  0.1034367E-03 -0.7663171E-06
Ar  168  0.5358387E+02  0.2421336E+02  0.7944512E+01 -0.1835618E-04 -0.5936968E-05 -0.6297476E-04
Ar  169  0.5392273E+02  0.2117837E+02  0.1087877E+02 -0.5033922E-05  0.3118470E-04  0.4341357E-05
Ar  170  0.2491265E+01  0.2431654E+02  0.1062596E+02  0.1883793E-04  0.2382224E-04  0.6146641E-04
Ar  171  0.2923951E+01  0.2177839E+02  0.1317923E+02  0.3958382E-04 -0.6234255E-05 -0.7559126E-05
Ar  172  0.5282521E-01  0.2414346E+02  0.1338971E+02 -0.4391843E-04 -0.5303767E-05 -0.2143685E-04
Ar  173  0.2347306E+00  0.2136110E+02  0.1591333E+02 -0.3157456E-04  0.1170112E-04  0.3694966E-05
Ar  174  0.2617990E+01  0.2439276E+02  0.1598670E+02 -0.2880009E-04 -0.2072335E-04 -0.7294949E-04
Ar  175  0.2391789E+01  0.2174017E+02  0.1866984E+02  0.3032570E-04 -0.6127540E-04  0.3180394E-04
Ar  176  0.5389971E+02  0.2440295E+02  0.1864036E+02 -0.3287385E-04 -0.6353550E-04 -0.4330147E-04
Ar  177  0.5387041E+02  0.2161313E+02  0.2168117E+02 -0.2804613E-04 -0.7534965E-04  0.5135829E-04
Ar  178  0.2489061E+01  0.2438728E+02  0.2128252E+02  0.5004447E-04 -0.2548751E-04  0.5527949E-06
Ar  179  0.2537155E+01  0.2157877E+02  0.2464266E+02  0.1148507E-04  0.2713511E-04  0.1962358E-05
Ar  180  0.5382450E+02  0.2418170E+02  0.2432141E+02 -0.1927102E-04 -0.1797943E-04  0.1365044E-04
Ar  181  0.5367030E-01  0.2145677E+02  0.2730209E+02  0.5758066E-04 -0.1951375E-04 -0.2956939E-04
Ar  182  0.2760976E+01  0.2395422E+02  0.2734444E+02 -0.2782887E-04 -0.1784930E-04  0.3054071E-04
Ar  183  0.2908055E+01  0.2167585E+02  0.3041332E+02  0.4174229E-05 -0.6209346E-04  0.2665778E-04
Ar  184  0.5392744E+02  0.2416878E+02  0.2999648E+02  0.3823581E-04  0.1264080E-04  0.2483836E-04
Ar  185  0.5377346E+02  0.2141434E+02  0.3264187E+02  0.9391479E-04  0.5525990E-04 -0.2927764E-04
Ar  186  0.2831694E+01  0.2440580E+02  0.3289695E+02 -0.1274403E-04 -0.3475906E-05  0.1533023E-04
Ar  187  0.2901997E+01  0.2164631E+02  0.3534466E+02  0.1637059E-04  0.4133772E-04  0.6009550E-04
Ar  188  0.3293623E-01  0.2426908E+02  0.3554204E+02  0.4187001E-04  0.2995498E-04 -0.2305127E-04
Ar  189  0.1527131E+00  0.2158853E+02  0.3806652E+02  0.2001142E-04  0.1162573E-03 -0.5433700E-04
Ar  190  0.2767462E+01  0.2447384E+02  0.3802810E+02  0.9636071E-05 -0.1276568E-04  0.3518412E-04
Ar  191  0.2882324E+01  0.2185838E+02  0.4068096E+02  0.5395654E-04  0.1643127E-04  0.2403435E-04
Ar  192  0.5393987E+02  0.2404357E+02  0.4080094E+02 -0.2563002E-04  0.2142384E-04 -0.1174543E-04
Ar  193  0.5391183E+02  0.2153474E+02  0.4342631E+02  0.2383321E-04  0.1036259E-04  0.2992307E-05
Ar  194  0.2679479E+01  0.2437573E+02  0.4340496E+02  0.3091890E-05  0.2731261E-05 -0.1087239E-04
Ar  195  0.2776365E+01  0.2138464E+02  0.4551223E+02 -0.5242535E-04 -0.3370957E-05 -0.5007051E-04
Ar  196  0.5384492E+02  0.2451234E+02  0.4572052E+02  0.1761364E-04  0.6826260E-05 -0.4183303E-04
Ar  197  0.1245428E+00  0.2127694E+02  0.4862587E+02  0.2005824E-04 -0.3409676E-04 -0.2352419E-04
Ar  198  0.2656110E+01  0.2397791E+02  0.4849108E+02 -0.4241215E-04 -0.5343426E-04 -0.4100322E-04
Ar  199  0.2994994E+01  0.2113548E+02  0.5128202E+02  0.3176399E-04  0.1623006E-04 -0.1332681E-04
Ar  200  0.2065657E+00  0.2424804E+02  0.5133296E+02 -0.3315367E-04 -0.3231499E-05 -0.1834515E-04
Ar  201  0.5359833E+02  0.2701545E+02  0.5388585E+02  0.7597232E-05 -0.4551744E-04 -0.7422108E-05
Ar  202  0.3023542E+01  0.3001094E+02  0.5384408E+02 -0.3535103E-04  0.1100275E-04 -0.3734857E-04
Ar  203  0.2434662E+01  0.2655789E+02  0.2580101E+01  0.4606520E-04 -0.1269799E-04 -0.3106800E-04
Ar  204  0.8708830E-01  0.2951228E+02  0.2599166E+01 -0.7608331E-04  0.2563199E-04  0.5525172E-04
Ar  205  0.5388925E+02  0.2635001E+02  0.5173717E+01 -0.6706106E-04 -0.5222441E-04 -0.2722353E-04
Ar  206  0.2691361E+01  0.2927286E+02  0.5153686E+01 -0.8701390E-04 -0.5661326E-05 -0.2879292E-04
Ar  207  0.2898810E+01  0.2684354E+02  0.7949835E+01 -0.9166858E-04  0.4483431E-04  0.3379379E-04
Ar  208  0.5377929E+02  0.2924423E+02  0.7971037E+01 -0.7023289E-04 -0.9435605E-05 -0.5308878E-04
Ar  209  0.5350160E+02  0.2679696E+02  0.1064865E+02 -0.9388876E-04 -0.8784951E-04 -0.1078996E-04
Ar  210  0.2510610E+01  0.2974324E+02  0.1088654E+02  0.8952250E-04  0.4740824E-04  0.4856054E-05
Ar  211  0.2648541E+01  0.2692859E+02  0.1327063E+02 -0.2387826E-04  0.1094884E-04 -0.6647546E-05
Ar  212  0.5385230E+02  0.2930616E+02  0.1357831E+02  0.2226338E-04  0.3374978E-04  0.3376570E-04
Ar  213  0.5377633E+02  0.2687348E+02  0.1614292E+02 -0.6534886E-04 -0.3332192E-05  0.6336953E-04
Ar  214  0.2488863E+01  0.2960361E+02  0.1626276E+02  0.3671415E-04 -0.2213084E-04 -0.4298130E-04
Ar  215  0.2862441E+01  0.2705703E+02  0.1892829E+02 -0.5836512E-04 -0.2267659E-04  0.2921274E-04
Ar  216  0.5396923E+02  0.2949674E+02  0.1909285E+02  0.1620170E-03  0.4400447E-04 -0.2320411E-04
Ar  217  0.5382934E+02  0.2661433E+02  0.2144828E+02 -0.4012035E-05 -0.9583032E-05  0.7351797E-05
Ar  218  0.2663036E+01  0.2935497E+02  0.2172999E+02  0.2941139E-05 -0.1104887E-04 -0.6198947E-05
Ar  219  0.2568574E+01  0.2652044E+02  0.2413705E+02  0.9109197E-05 -0.9238598E-04  0.8460651E-04
Ar  220  0.3538838E-01  0.2927620E+02  0.2435935E+02  0.4669600E-04  0.4360337E-04 -0.2902211E-04
Ar  221  0.7106911E-01  0.2675670E+02  0.2718563E+02  0.1427945E-04 -0.3983175E-04 -0.4961831E-04
Ar  222  0.2566802E+01  0.2961696E+02  0.2683884E+02 -0.2650591E-04 -0.6207062E-04 -0.5791969E-04
Ar  223  0.2727761E+01  0.2711210E+02  0.2995537E+02 -0.2555878E-04  0.2447089E-04  0.2486260E-04
Ar  224  0.5384201E+02  0.2926938E+02  0.2975868E+02 -0.5272940E-04  0.4986394E-04  0.6817084E-05
Ar  225  0.6334517E-01  0.2672314E+02  0.3244928E+02  0.6554393E-04  0.1807108E-04 -0.6402807E-04
Ar  226  0.2743657E+01  0.2983421E+02  0.3261360E+02 -0.4875037E-04 -0.3184673E-04 -0.2767713E-05
Ar  227  0.2747482E+01  0.2715810E+02  0.3546957E+02 -0.3306458E-05 -0.4542829E-04  0.8808915E-04
Ar  228  0.5366266E+02  0.2945037E+02  0.3490340E+02  0.1717030E-04  0.2662745E-04  0.2617032E-04
Ar  229  0.5379534E+02  0.2694680E+02  0.3826277E+02 -0.4536395E-04  0.2604308E-04 -0.2330756E-04
Ar  230  0.2716560E+01  0.2973957E+02  0.3797786E+02 -0.1206432E-04 -0.1446010E-04 -0.1819647E-04
Ar  231  0.2686696E+01  0.2749275E+02  0.4058323E+02 -0.1434383E-03 -0.3070602E-04 -0.2518952E-04
Ar  232  0.5382991E+02  0.2976642E+02  0.4066192E+02  0.4532716E-04  0.5913883E-04  0.1707998E-04
Ar  233  0.1028535E+00  0.2708611E+02  0.4321517E+02 -0.1039262E-03 -0.4622826E-04  0.1949748E-04
Ar  234  0.2800904E+01  0.2967692E+02  0.4342443E+02 -0.2136938E-04  0.1195552E-04  0.2835841E-04
Ar  235  0.2617173E+01  0.2693792E+02  0.4630062E+02  0.1263236E-03 -0.2447630E-04  0.1832564E-04
Ar  236  0.5396765E+02  0.2938405E+02  0.4589419E+02 -0.3789773E-04 -0.8392095E-04  0.7097356E-05
Ar  237  0.5399477E+02  0.2708617E+02  0.4887400E+02 -0.4111132E-04 -0.5099697E-04  0.4630684E-04
Ar  238  0.3012922E+01  0.2957792E+02  0.4885319E+02 -0.5363869E-05  0.3642555E-04 -0.2751922E-04
Ar  239  0.2497373E+01  0.2680962E+02  0.5157655E+02  0.9511234E-04  0.7635853E-04  0.4004051E-04
Ar  240  0.3733781E+00  0.2969451E+02  0.5141080E+02  0.6922557E-04  0.6782332E-04  0.9478001E-05
Ar  241  0.2160996E+00  0.3215342E+02  0.1110478E+00  0.8198388E-04 -0.6556610E-04 -0.1077140E-03
Ar  242  0.2668607E+01  0.3493858E+02  0.5386183E+02  0.2470207E-04  0.2998460E-04  0.3585733E-04
Ar  243  0.2925422E+01  0.3226297E+02  0.2767608E+01 -0.4820429E-04 -0.9178673E-04  0.3446890E-04
Ar  244  0.5394934E+02  0.3490673E+02  0.2367779E+01  0.3992690E-05  0.5400981E-04  0.1660668E-04
Ar  245  0.2577881E+00  0.3211169E+02  0.5021422E+01 -0.3430373E-04  0.3540937E-05 -0.5323280E-04
Ar  246  0.2881724E+01  0.3502469E+02  0.4967318E+01 -0.2745935E-04  0.8401326E-04 -0.5843146E-04
Ar  247  0.2571766E+01  0.3169029E+02  0.7848210E+01  0.5256900E-04  0.2780760E-04 -0.2310480E-04
Ar  248  0.1178815E+00  0.3505713E+02  0.7654417E+01  0.1528239E-04  0.3388021E-04  0.3917261E-04
Ar  249  0.5393229E+02  0.3234973E+02  0.1058796E+02 -0.6550190E-04  0.3461839E-04 -0.8793941E-05
Ar  250  0.2839083E+01  0.3501038E+02  0.1070239E+02 -0.2594077E-04  0.6555528E-04 -0.1174712E-04
Ar  251  0.2517457E+01  0.3226262E+02  0.1354961E+02 -0.4218737E-04 -0.6901504E-04  0.6410163E-04
Ar  252  0.8104379E-01  0.3498858E+02  0.1305488E+02 -0.5506033E-04  0.4215703E-04  0.6157521E-04
Ar  253  0.5387291E+02  0.3241103E+02  0.1633003E+02 -0.5754821E-05 -0.5276926E-05 -0.7569121E-04
Ar  254  0.2337310E+01  0.3491765E+02  0.1604550E+02  0.2467722E-04 -0.1297640E-04  0.4824245E-04
Ar  255  0.2476888E+01  0.3222749E+02  0.1891815E+02 -0.4678831E-04  0.7598489E-04  0.3050655E-04
Ar  256  0.5373114E+02  0.3517145E+02  0.1890591E+02 -0.6383493E-04 -0.6888817E-04  0.6801177E-04
Ar  257  0.5394170E+02  0.3215435E+02  0.2154036E+02  0.2427941E-04  0.1390514E-04 -0.6476862E-04
Ar  258  0.2335931E+01  0.3482932E+02  0.2157271E+02 -0.3696432E-04  0.1586111E-05  0.4520932E-04
Ar  259  0.2535748E+01  0.3237428E+02  0.2451317E+02  0.4291028E-04 -0.4327556E-04  0.7531540E-05
Ar  260  0.1150570E+00  0.3503915E+02  0.2453291E+02 -0.4378888E-04 -0.1270288E-04 -0.2083494E-04
Ar  261  0.5376322E+02  0.3184289E+02  0.2684542E+02 -0.1358807E-04 -0.4987349E-05  0.5286093E-05
Ar  262  0.2705808E+01  0.3452376E+02  0.2730583E+02 -0.2367484E-04 -0.3703315E-05  0.2805159E-04
Ar  263  0.2490117E+01  0.3212288E+02  0.2971034E+02  0.5331088E-04  0.6024027E-04 -0.4652076E-04
Ar  264  0.5398563E+02  0.3466346E+02  0.2963792E+02  0.1316931E-04 -0.2638823E-05 -0.4324124E-04
Ar  265  0.5401309E+02  0.3222293E+02  0.3218557E+02  0.5167361E-04  0.1176633E-03  0.1211424E-04
Ar  266  0.2587559E+01  0.3506091E+02  0.3261711E+02  0.3799165E-04 -0.1430747E-06 -0.4233400E-04
Ar  267  0.2312508E+01  0.3232000E+02  0.3520153E+02  0.4112149E-07  0.1856708E-04 -0.2267485E-04
Ar  268  0.5363287E+02  0.3513440E+02  0.3490589E+02  0.5482812E-04  0.5216898E-04 -0.8263559E-04
Ar  269  0.5397354E+02  0.3237002E+02  0.3773392E+02  0.3704720E-04  0.1514864E-04  0.2528140E-04
Ar  270  0.2477729E+01  0.3482516E+02  0.3769527E+02  0.1540631E-04  0.5497348E-04  0.1596520E-05
Ar  271  0.2688623E+01  0.3249834E+02  0.4046939E+02  0.6148824E-04  0.1516224E-04 -0.9474583E-06
Ar  272  0.5389730E+02  0.3516858E+02  0.4053392E+02  0.5209268E-06 -0.5244381E-04  0.6404272E-04
Ar  273  0.2293058E+00  0.3204661E+02  0.4322060E+02 -0.2163801E-04  0.7230007E-04  0.4519167E-04
Ar  274  0.2575225E+01  0.3507623E+02  0.4331270E+02 -0.1595612E-04  0.6254563E-04  0.8904494E-04
Ar  275  0.2744337E+01  0.3228497E+02  0.4616786E+02  0.6107811E-04  0.3530844E-04  0.8157719E-06
Ar  276  0.2329984E+00  0.3469965E+02  0.4612429E+02 -0.4003969E-04  0.3439389E-04 -0.4111640E-04
Ar  277  0.2753205E+00  0.3223278E+02  0.4891181E+02  0.8092069E-04  0.1230867E-05 -0.3782996E-04
Ar  278  0.2811208E+01  0.3488569E+02  0.4868493E+02  0.5507188E-04  0.5884513E-04 -0.2949716E-04
Ar  279  0.2892308E+01  0.3241997E+02  0.5134579E+02  0.1713954E-04  0.4081428E-04  0.5746593E-04
Ar  280  0.5394297E+02  0.3494530E+02  0.5141431E+02  0.1320521E-04  0.2715049E-04  0.1888078E-04
Ar  281  0.1193444E+00  0.3772677E+02  0.5372607E+02 -0.3297713E-04 -0.4074155E-04 -0.1182409E-04
Ar  282  0.2977758E+01  0.4044097E+02  0.5366613E+02  0.1529015E-04 -0.1462260E-04  0.2776126E-04
Ar  283  0.2701369E+01  0.3769478E+02  0.2124961E+01  0.4292439E-04  0.1757939E-04  0.2778220E-04
Ar  284  0.1377146E+00  0.4009850E+02  0.2259054E+01  0.1317093E-04  0.3498486E-04  0.3977802E-04
Ar  285  0.1200653E+00  0.3746986E+02  0.5049182E+01 -0.1805616E-04 -0.2623725E-04  0.4304518E-04
Ar  286  0.2787859E+01  0.4022421E+02  0.4998207E+01  0.8187550E-04 -0.4848276E-04  0.2007266E-04
Ar  287  0.2841089E+01  0.3739692E+02  0.7976302E+01  0.2562366E-04 -0.1882620E-04  0.4794484E-04
Ar  288  0.5385223E+02  0.4019528E+02  0.7606152E+01 -0.6677531E-04 -0.7447542E-04  0.1648293E-04
Ar  289  0.7632365E-01  0.3748314E+02  0.1037246E+02 -0.3632440E-04  0.6865259E-04 -0.3702928E-04
Ar  290  0.2374751E+01  0.4000459E+02  0.1057549E+02 -0.3784756E-05 -0.3970268E-04 -0.1519388E-04
Ar  291  0.2610545E+01  0.3756267E+02  0.1352555E+02 -0.1419343E-04  0.3703505E-04  0.1851874E-04
Ar  292  0.9036116E-01  0.4012938E+02  0.1337761E+02  0.4533124E-04 -0.8512780E-05 -0.1989070E-04
Ar  293  0.1112257E+00  0.3778925E+02  0.1598940E+02 -0.2785834E-04 -0.3341726E-04 -0.4023335E-04
Ar  294  0.2773165E+01  0.4033012E+02  0.1623648E+02 -0.1288894E-04  0.3472705E-04  0.2514883E-04
Ar  295  0.2832874E+01  0.3726358E+02  0.1908540E+02  0.2186923E-04 -0.3822246E-04  0.1756036E-04
Ar  296  0.1407728E+00  0.4033038E+02  0.1883586E+02 -0.3941367E-04  0.5453596E-05  0.4215410E-05
Ar  297  0.1797127E-01  0.3765795E+02  0.2167902E+02 -0.6839183E-04 -0.1356747E-04  0.3746782E-04
Ar  298  0.2671701E+01  0.4037789E+02  0.2155426E+02  0.2918165E-04  0.7875994E-04 -0.4473750E-04
Ar  299  0.2607210E+01  0.3804547E+02  0.2417110E+02 -0.1839705E-04 -0.1734114E-04  0.7040104E-05
Ar  300  0.1972901E-02  0.4041369E+02  0.2427023E+02  0.5043109E-04 -0.4043553E-05 -0.6341746E-04
Ar  301  0.4948337E-02  0.3783666E+02  0.2706116E+02  0.6309961E-04 -0.1922811E-04  0.1537350E-04
Ar  302  0.2563855E+01  0.4025541E+02  0.2702169E+02  0.8329194E-04  0.6141476E-04  0.5495881E-04
Ar  303  0.2642851E+01  0.3787405E+02  0.2981691E+02 -0.4723943E-04  0.3521660E-04  0.4851840E-05
Ar  304  0.5396667E+02  0.4063964E+02  0.2968998E+02  0.1103896E-04 -0.4188274E-04 -0.4011504E-04
Ar  305  0.5381141E+02  0.3789249E+02  0.3229226E+02 -0.3286959E-04 -0.6246725E-04 -0.7420277E-06
Ar  306  0.2607442E+01  0.4031146E+02  0.3264507E+02 -0.1611497E-04  0.1587645E-04 -0.5491055E-04
Ar  307  0.2685698E+01  0.3757637E+02  0.3532520E+02 -0.8155569E-04 -0.4344790E-04 -0.7746552E-04
Ar  308  0.5382824E+02  0.4044269E+02  0.3513504E+02  0.4642016E-04 -0.8347099E-04  0.4319348E-05
Ar  309  0.5379312E+02  0.3788498E+02  0.3797959E+02  0.4998443E-04 -0.3245368E-04 -0.4376858E-04
Ar  310  0.2499384E+01  0.4025226E+02  0.3756448E+02  0.2201871E-05 -0.3478580E-04  0.7165035E-04
Ar  311  0.2771530E+01  0.3789231E+02  0.4031100E+02  0.1094665E-04 -0.8597063E-05 -0.2063360E-04
Ar  312  0.1380490E+00  0.4042856E+02  0.4038626E+02 -0.2570761E-04  0.1168985E-04 -0.4796402E-04
Ar  313  0.5395488E+02  0.3774753E+02  0.4329596E+02  0.1348015E-04 -0.1538651E-04  0.1959563E-04
Ar  314  0.2763947E+01  0.4037518E+02  0.4307644E+02 -0.6534650E-04 -0.1367490E-03  0.2489323E-04
Ar  315  0.2830204E+01  0.3770059E+02  0.4585682E+02  0.2403345E-04 -0.7101247E-05  0.7499727E-04
Ar  316  0.9450482E-01  0.4014646E+02  0.4568728E+02  0.1672042E-04  0.7656000E-04  0.6152878E-04
Ar  317  0.1212276E+00  0.3779929E+02  0.4859360E+02 -0.8232735E-04  0.5751310E-04 -0.2277999E-04
Ar  318  0.2905276E+01  0.4025363E+02  0.4860920E+02  0.6599068E-04 -0.1617520E-04 -0.4990889E-04
Ar  319  0.2792195E+01  0.3762648E+02  0.5121485E+02  0.7114103E-06  0.5785344E-04  0.2776206E-04
Ar  320  0.5396458E+02  0.4043585E+02  0.5095721E+02 -0.6492285E-06 -0.1194312E-05  0.2033341E-04
Ar  321  0.7813616E-01  0.4296478E+02  0.5391988E+02 -0.8134856E-04  0.1938155E-04  0.5882530E-04
Ar  322  0.2676275E+01  0.4578846E+02  0.5376264E+02  0.5623526E-04 -0.5031137E-05 -0.2704311E-04
Ar  323  0.2710132E+01  0.4291984E+02  0.2598775E+01  0.5032573E-04  0.3220836E-04  0.2928081E-04
Ar  324  0.2186382E+00  0.4570216E+02  0.2609729E+01 -0.2903668E-04 -0.1642282E-05  0.3490271E-04
Ar  325  0.5394463E+02  0.4301353E+02  0.5256041E+01 -0.2942194E-04  0.1498045E-04 -0.7264036E-04
Ar  326  0.2731238E+01  0.4564552E+02  0.5305161E+01 -0.1786153E-04  0.7936496E-04 -0.2856824E-04
Ar  327  0.2315278E+01  0.4269036E+02  0.7765815E+01  0.2773343E-04  0.6554073E-05  0.2212290E-04
Ar  328  0.5387989E+02  0.4565415E+02  0.8085838E+01  0.3677170E-04 -0.2604831E-04  0.5390697E-04
Ar  329  0.1200379E+00  0.4295823E+02  0.1055538E+02  0.2304215E-04  0.1264673E-04  0.6991878E-05
Ar  330  0.2762817E+01  0.4533166E+02  0.1069997E+02 -0.3864105E-04 -0.4708125E-04  0.1333410E-05
Ar  331  0.2653676E+01  0.4281173E+02  0.1366572E+02  0.1932053E-04  0.5200188E-04  0.1463882E-04
Ar  332  0.7521892E-01  0.4570399E+02  0.1327728E+02 -0.1836338E-04 -0.7278859E-04 -0.1035700E-04
Ar  333  0.5381581E+02  0.4309310E+02  0.1570984E+02 -0.7228173E-04 -0.4105448E-04  0.2377667E-04
Ar  334  0.2707830E+01  0.4568678E+02  0.1594838E+02 -0.1125708E-04 -0.1702981E-04 -0.7124498E-04
Ar  335  0.2631632E+01  0.4294638E+02  0.1875923E+02 -0.3416442E-05  0.4639910E-04 -0.5507921E-04
Ar  336  0.1729924E+00  0.4573979E+02  0.1854593E+02  0.9041264E-04 -0.1949830E-04  0.7974069E-04
Ar  337  0.3205497E+00  0.4310871E+02  0.2185436E+02 -0.2047749E-04 -0.1410391E-04 -0.2472561E-04
Ar  338  0.2804256E+01  0.4601742E+02  0.2146879E+02 -0.9923889E-04  0.7081817E-04  0.7762501E-05
Ar  339  0.2475052E+01  0.4296256E+02  0.2460200E+02 -0.3125762E-04 -0.4195901E-04  0.4730165E-04
Ar  340  0.2773872E-01  0.4579504E+02  0.2399854E+02  0.1149459E-04 -0.3996425E-04 -0.2102633E-04
Ar  341  0.5362079E+02  0.4292685E+02  0.2662232E+02 -0.7335180E-05 -0.2213971E-04  0.9264812E-05
Ar  342  0.2328442E+01  0.4594998E+02  0.2722385E+02  0.4779409E-05 -0.6427210E-05 -0.6542562E-04
Ar  343  0.2743388E+01  0.4337441E+02  0.2986752E+02  0.8738585E-05 -0.2832873E-04 -0.9060876E-04
Ar  344  0.5352295E+02  0.4600772E+02  0.2990642E+02  0.2204907E-04  0.1186682E-04 -0.1235091E-04
Ar  345  0.5399654E+02  0.4310147E+02  0.3209766E+02  0.3341787E-04  0.2410310E-04 -0.3818333E-06
Ar  346  0.2976867E+01  0.4586226E+02  0.3241519E+02  0.6382799E-04 -0.3522215E-04  0.3909465E-04
Ar  347  0.2237003E+01  0.4300529E+02  0.3497878E+02  0.6730802E-05 -0.1556460E-05  0.2854123E-04
Ar  348  0.5382909E+02  0.4576522E+02  0.3501021E+02 -0.4356403E-04 -0.4736043E-04  0.6196869E-04
Ar  349  0.2089129E-01  0.4340549E+02  0.3771298E+02  0.6340083E-04  0.7285218E-05 -0.1941406E-04
Ar  350  0.2760357E+01  0.4597782E+02  0.3759588E+02  0.3978837E-04  0.8643328E-05  0.4873820E-05
Ar  351  0.2578325E+01  0.4332957E+02  0.4027960E+02 -0.1744560E-05  0.7748882E-04 -0.5671153E-04
Ar  352  0.2086072E+00  0.4632282E+02  0.4030829E+02  0.6477547E-04  0.8100668E-04  0.3424697E-04
Ar  353  0.1984975E+00  0.4344994E+02  0.4323111E+02 -0.3708986E-04  0.1768119E-04  0.2260721E-04
Ar  354  0.2818307E+01  0.4594835E+02  0.4331892E+02 -0.9219832E-04  0.3887721E-04 -0.9017994E-04
Ar  355  0.2935426E+01  0.4332188E+02  0.4574972E+02 -0.2581483E-04 -0.5608948E-04  0.8156180E-04
Ar  356  0.5394868E+02  0.4573079E+02  0.4597813E+02  0.3893051E-04  0.1372485E-04 -0.6497192E-04
Ar  357  0.3215369E+00  0.4295190E+02  0.4819867E+02 -0.2942217E-06  0.2746841E-04 -0.5821905E-04
Ar  358  0.2686352E+01  0.4599663E+02  0.4883165E+02  0.2373945E-04  0.3715983E-04  0.4758096E-05
Ar  359  0.2718911E+01  0.4329556E+02  0.5110185E+02 -0.1005565E-04 -0.2126015E-04 -0.2142001E-04
Ar  360  0.5385739E+02  0.4607972E+02  0.5137947E+02 -0.9471619E-05  0.4891111E-04  0.3525011E-04
Ar  361  0.5390229E+02  0.4830350E+02  0.1721264E+00  0.3760934E-05 -0.2658373E-04 -0.4292567E-04
Ar  362  0.2524709E+01  0.5099528E+02  0.9069248E-01  0.2066375E-04  0.6055044E-04  0.6019629E-04
Ar  363  0.2750794E+01  0.4828198E+02  0.2497220E+01 -0.6057775E-04  0.6084012E-05 -0.1852371E-04
Ar  364  0.4322809E-01  0.5121867E+02  0.2643547E+01  0.3270884E-04  0.4268220E-04 -0.2386017E-04
Ar  365  0.3950914E-01  0.4838262E+02  0.5713638E+01 -0.1052972E-04  0.1792263E-04 -0.9155732E-05
Ar  366  0.2752528E+01  0.5092569E+02  0.5201520E+01  0.6637782E-04  0.8246732E-04  0.9180430E-05
Ar  367  0.2696755E+01  0.4799719E+02  0.8186498E+01 -0.8620445E-04  0.4810014E-05  0.2786428E-05
Ar  368  0.5379835E+02  0.5123551E+02  0.7635770E+01  0.2048592E-04  0.2589996E-04  0.8797794E-04
Ar  369  0.5397044E+02  0.4916279E+02  0.1045090E+02 -0.8214614E-04  0.1091162E-03 -0.1507251E-04
Ar  370  0.2968634E+01  0.5137742E+02  0.1022088E+02 -0.7450009E-05 -0.8599029E-05  0.5820076E-04
Ar  371  0.2813204E+01  0.4843098E+02  0.1305184E+02 -0.8264605E-05  0.3371846E-04 -0.3285286E-04
Ar  372  0.5400820E+02  0.5098570E+02  0.1353867E+02 -0.6152524E-04  0.6272007E-05  0.2740159E-04
Ar  373  0.1981608E+00  0.4841854E+02  0.1597018E+02 -0.6965462E-05  0.6021689E-04 -0.1250867E-03
Ar  374  0.2956035E+01  0.5111376E+02  0.1567595E+02 -0.1832501E-04  0.1312607E-04 -0.3385600E-04
Ar  375  0.2946303E+01  0.4836915E+02  0.1864092E+02  0.6309955E-04  0.1245196E-04  0.1007382E-04
Ar  376  0.5390764E+02  0.5113459E+02  0.1866833E+02 -0.7285187E-04  0.8269791E-05 -0.6330546E-04
Ar  377  0.8409123E-01  0.4846883E+02  0.2127996E+02  0.8144092E-06 -0.9508456E-05  0.3681669E-05
Ar  378  0.2575110E+01  0.5104070E+02  0.2128916E+02  0.1529136E-04  0.8972633E-04  0.1813896E-04
Ar  379  0.2634284E+01  0.4869397E+02  0.2418505E+02  0.4898262E-04  0.1233066E-04  0.9743036E-05
Ar  380  0.5399562E+02  0.5099275E+02  0.2445219E+02 -0.2967321E-04  0.3207163E-04 -0.7100480E-04
Ar  381  0.5385328E+02  0.4835631E+02  0.2711443E+02  0.4160511E-04  0.8223969E-04 -0.4827676E-05
Ar  382  0.2950448E+01  0.5125870E+02  0.2693397E+02 -0.4867561E-04 -0.1753417E-04 -0.1749666E-04
Ar  383  0.2478927E+01  0.4848502E+02  0.2992605E+02 -0.9522751E-05 -0.7016249E-04 -0.2890391E-04
Ar  384  0.8625019E-01  0.5130414E+02  0.2961874E+02 -0.6860488E-04 -0.2125242E-04  0.4346129E-04
Ar  385  0.9556567E-01  0.4864272E+02  0.3241612E+02  0.3101757E-04  0.1738978E-04  0.1056049E-04
Ar  386  0.2799244E+01  0.5137834E+02  0.3227843E+02 -0.1374740E-04  0.6137897E-04  0.5736691E-05
Ar  387  0.2692902E+01  0.4859605E+02  0.3510083E+02 -0.7001353E-05  0.5973755E-04 -0.2596631E-05
Ar  388  0.5393409E+02  0.5098204E+02  0.3517326E+02 -0.3555033E-04  0.6654665E-04  0.7740492E-05
Ar  389  0.5400541E+02  0.4847160E+02  0.3766186E+02 -0.7325579E-04 -0.8104304E-04  0.2936205E-04
Ar  390  0.2582154E+01  0.5106681E+02  0.3788516E+02  0.1074405E-04  0.3500010E-04 -0.2332774E-04
Ar  391  0.2815244E+01  0.4879947E+02  0.4057633E+02  0.8210689E-04 -0.4139132E-05  0.8990090E-04
Ar  392  0.5377628E+02  0.5148381E+02  0.4058520E+02 -0.5178872E-04  0.2553178E-04  0.3154983E-04
Ar  393  0.5399985E+02  0.4859080E+02  0.4324889E+02  0.1741233E-04  0.1284085E-04 -0.4872895E-04
Ar  394  0.2790728E+01  0.5129426E+02  0.4287806E+02  0.4535863E-04  0.2218992E-04  0.2498253E-04
Ar  395  0.2613848E+01  0.4842789E+02  0.4576323E+02 -0.4315225E-04 -0.1079690E-04 -0.4004190E-05
Ar  396  0.1162872E-01  0.5092296E+02  0.4583755E+02  0.1200374E-04  0.3353484E-04  0.3616654E-04
Ar  397  0.5396857E+02  0.4836317E+02  0.4857452E+02  0.2583518E-04  0.1781067E-05 -0.5029925E-04
Ar  398  0.2512435E+01  0.5123033E+02  0.4873260E+02 -0.1399938E-04  0.6603128E-05 -0.4292173E-04
Ar  399  0.2482954E+01  0.4875661E+02  0.5143349E+02  0.4440818E-05 -0.7848192E-04  0.1079848E-04
Ar  400  0.5387765E+02  0.5120899E+02  0.5148056E+02 -0.1336262E-04  0.3331065E-04 -0.4131805E-04
Ar  401  0.5646177E+01  0.5387452E+02  0.5373047E+02 -0.8183831E-04 -0.3396694E-04  0.5698559E-05
Ar  402  0.8039924E+01  0.2809244E+01  0.5398389E+02 -0.7921208E-04  0.1076376E-04  0.4686723E-04
Ar  403  0.8087071E+01  0.7668624E-01  0.2566261E+01 -0.4878833E-04 -0.2423804E-04  0.2690367E-04
Ar  404  0.5451323E+01  0.2814077E+01  0.2463175E+01  0.2424302E-04  0.8740485E-04 -0.7197750E-04
Ar  405  0.5315105E+01  0.5384728E+02  0.5205437E+01 -0.6263395E-05  0.1373409E-04 -0.2691347E-05
Ar  406  0.8184396E+01  0.2976382E+01  0.4998832E+01 -0.8593036E-04  0.1567079E-04  0.2865323E-04
Ar  407  0.8319402E+01  0.7338016E-01  0.7642879E+01  0.1051461E-04 -0.5382499E-04 -0.6297571E-04
Ar  408  0.5665956E+01  0.2621562E+01  0.7873607E+01 -0.4256923E-04 -0.1501709E-04  0.1984592E-04
Ar  409  0.5384287E+01  0.5378916E+02  0.1048010E+02 -0.9185187E-05 -0.7943717E-04  0.8056291E-06
Ar  410  0.8109618E+01  0.2496435E+01  0.1067722E+02 -0.5320285E-05 -0.8898600E-05  0.6639006E-04
Ar  411  0.7903668E+01  0.5379833E+02  0.1320684E+02 -0.3624085E-04  0.7477979E-04  0.2999541E-04
Ar  412  0.5384554E+01  0.2469639E+01  0.1306630E+02  0.3696377E-04  0.1211711E-04 -0.4541528E-04
Ar  413  0.5520914E+01  0.7426312E-01  0.1602167E+02 -0.3991898E-04  0.6142505E-05  0.3204533E-04
Ar  414  0.7969496E+01  0.2569831E+01  0.1602803E+02 -0.5814138E-04 -0.2881573E-04 -0.1699664E-04
Ar  415  0.7932917E+01  0.5395840E+02  0.1873997E+02  0.6906918E-05 -0.1464897E-04 -0.2990390E-04
Ar  416  0.5097818E+01  0.2476238E+01  0.1882160E+02  0.4824699E-04  0.8460168E-05  0.2525658E-05
Ar  417  0.5456313E+01  0.5343491E+02  0.2153578E+02 -0.8722819E-05  0.2760613E-04  0.1077290E-03
Ar  418  0.7693180E+01  0.2291383E+01  0.2153282E+02  0.7851557E-04  0.8033586E-04 -0.7166130E-04
Ar  419  0.8030413E+01  0.5385432E+02  0.2438656E+02  0.1122656E-03 -0.1852399E-04  0.2295978E-04
Ar  420  0.5285774E+01  0.2387190E+01  0.2422363E+02 -0.2831000E-04  0.6425605E-04 -0.6344779E-04
Ar  421  0.5564103E+01  0.5395239E+02  0.2713113E+02  0.4690893E-04  0.4119551E-04  0.1510837E-06
Ar  422  0.8065101E+01  0.2606527E+01  0.2683291E+02 -0.2541903E-04 -0.7220691E-05 -0.2155107E-04
Ar  423  0.8425003E+01  0.5372896E+02  0.2948014E+02 -0.3044817E-04 -0.1000450E-04 -0.3269442E-04
Ar  424  0.5463008E+01  0.2501672E+01  0.2927713E+02 -0.1642726E-04  0.8247943E-04 -0.1678080E-04
Ar  425  0.5813772E+01  0.5386101E+02  0.3233029E+02 -0.1488382E-05  0.2997967E-04 -0.3733813E-04
Ar  426  0.8172179E+01  0.2466984E+01  0.3242915E+02 -0.2530670E-04 -0.8299315E-05 -0.7236016E-04
Ar  427  0.8106416E+01  0.5371326E+02  0.3513544E+02  0.7334511E-04 -0.6017126E-05 -0.1101254E-04
Ar  428  0.5295964E+01  0.2534872E+01  0.3516602E+02  0.4905833E-04  0.1966303E-04 -0.4177489E-04
Ar  429  0.5392321E+01  0.5387487E+02  0.3765186E+02 -0.6031470E-05  0.2403594E-04  0.2641742E-04
Ar  430  0.8051306E+01  0.2847636E+01  0.3776058E+02  0.2700490E-04  0.1517534E-04  0.2395854E-04
Ar  431  0.7916415E+01  0.3480888E-01  0.4036028E+02  0.2030136E-04  0.3959823E-04 -0.1130601E-04
Ar  432  0.5351305E+01  0.2855899E+01  0.4052189E+02 -0.3363801E-04 -0.1011044E-03 -0.8843168E-04
Ar  433  0.5501975E+01  0.1505661E+00  0.4277236E+02 -0.9398904E-04  0.9108401E-04  0.1393797E-04
Ar  434  0.8053424E+01  0.2574707E+01  0.4313132E+02  0.4376833E-05  0.7434234E-05  0.1750276E-05
Ar  435  0.8116064E+01  0.4317226E-01  0.4604177E+02 -0.8047571E-05 -0.1156266E-04  0.2555813E-05
Ar  436  0.5057227E+01  0.2550833E+01  0.4576907E+02 -0.5490242E-04 -0.1105611E-04 -0.2776274E-04
Ar  437  0.5309793E+01  0.5372291E+02  0.4871799E+02 -0.7041808E-04  0.3755282E-04  0.1003835E-03
Ar  438  0.7616905E+01  0.2792122E+01  0.4857853E+02 -0.2145392E-04  0.4577005E-04 -0.2908194E-04
Ar  439  0.7899640E+01  0.3047439E+00  0.5113217E+02  0.2283337E-04  0.3625646E-04 -0.2097115E-04
Ar  440  0.5238862E+01  0.2881135E+01  0.5159080E+02  0.4257158E-04  0.2079785E-04  0.2188549E-04
Ar  441  0.5313224E+01  0.5385794E+01  0.5399350E+02 -0.2233771E-04 -0.5128977E-04  0.1917982E-05
Ar  442  0.7893704E+01  0.7956602E+01  0.5368893E+02 -0.5185120E-04  0.1425493E-05 -0.5720758E-04
Ar  443  0.8188214E+01  0.5842681E+01  0.2445408E+01 -0.3291892E-04  0.5901083E-04  0.1578014E-05
Ar  444  0.5112112E+01  0.7797740E+01  0.2478413E+01 -0.4292781E-04 -0.1467457E-04  0.6749237E-04
Ar  445  0.5456715E+01  0.5271899E+01  0.5373588E+01 -0.9227481E-04 -0.6274847E-04 -0.7714059E-04
Ar  446  0.7942816E+01  0.7956086E+01  0.5407495E+01  0.7304944E-05  0.7535960E-04 -0.1539859E-04
Ar  447  0.8106092E+01  0.5399078E+01  0.8089453E+01  0.1144224E-04  0.2645001E-04  0.8793685E-05
Ar  448  0.5008900E+01  0.7635434E+01  0.7954803E+01  0.1567135E-04 -0.3895266E-04  0.5761833E-04
Ar  449  0.5395710E+01  0.5399748E+01  0.1068681E+02 -0.2241929E-04  0.4568867E-04 -0.2199645E-05
Ar  450  0.7926492E+01  0.8134842E+01  0.1082851E+02 -0.6428657E-04  0.2908131E-04  0.2790427E-04
Ar  451  0.7805168E+01  0.5149487E+01  0.1336592E+02  0.5508692E-04 -0.1305052E-04 -0.2843083E-04
Ar  452  0.5147168E+01  0.8132352E+01  0.1363404E+02 -0.5344860E-04  0.3667552E-04 -0.1544503E-04
Ar  453  0.5149209E+01  0.5136303E+01  0.1625485E+02  0.1388180E-04 -0.9360452E-05  0.1350565E-05
Ar  454  0.7869410E+01  0.7909707E+01  0.1610752E+02  0.2995421E-04 -0.1213127E-03 -0.1192839E-03
Ar  455  0.8076559E+01  0.5197185E+01  0.1921752E+02  0.1589596E-04 -0.7155658E-04  0.5075732E-04
Ar  456  0.5143992E+01  0.7938291E+01  0.1905299E+02  0.1783505E-04 -0.1269823E-04 -0.1566180E-06
Ar  457  0.5177154E+01  0.5213379E+01  0.2152786E+02  0.7413042E-04  0.2286709E-04  0.3130289E-04
Ar  458  0.7880302E+01  0.7935427E+01  0.2153247E+02 -0.6168802E-05  0.6933378E-05 -0.2233084E-04
Ar  459  0.8156291E+01  0.5277108E+01  0.2441311E+02  0.4207641E-04 -0.2615427E-04 -0.7119234E-04
Ar  460  0.5054596E+01  0.7951757E+01  0.2425501E+02  0.1948771E-04  0.1727825E-04 -0.2822996E-04
Ar  461  0.5397405E+01  0.5120631E+01  0.2676300E+02 -0.2018524E-05 -0.1830942E-05  0.2476218E-04
Ar  462  0.7945775E+01  0.7910855E+01  0.2685532E+02  0.2572833E-04 -0.3600605E-04 -0.6524636E-04
Ar  463  0.7991404E+01  0.5295465E+01  0.2961059E+02 -0.6168989E-04 -0.4816936E-04  0.6873188E-04
Ar  464  0.5408845E+01  0.7882535E+01  0.2972845E+02  0.6758904E-05 -0.1273601E-04  0.1073866E-05
Ar  465  0.5817978E+01  0.5162011E+01  0.3226417E+02 -0.2041874E-04  0.6013919E-04 -0.2588359E-05
Ar  466  0.8155364E+01  0.8082813E+01  0.3221877E+02  0.5634344E-04  0.1462916E-04 -0.3956318E-05
Ar  467  0.8052725E+01  0.5420993E+01  0.3482402E+02 -0.1001494E-04 -0.4728072E-04  0.3516629E-04
Ar  468  0.5151725E+01  0.7937418E+01  0.3502319E+02 -0.5351014E-04  0.3504838E-05  0.5280624E-04
Ar  469  0.5441179E+01  0.5301121E+01  0.3780933E+02  0.2613428E-04 -0.7813682E-05 -0.2594214E-04
Ar  470  0.7819853E+01  0.7922267E+01  0.3745620E+02 -0.5599627E-05 -0.1879368E-04 -0.8178465E-04
Ar  471  0.8012132E+01  0.5262843E+01  0.4042763E+02 -0.3998257E-04 -0.1717490E-04 -0.4535761E-04
Ar  472  0.5532748E+01  0.7650270E+01  0.4026653E+02 -0.4307630E-04 -0.1882927E-04 -0.5187929E-05
Ar  473  0.5495243E+01  0.5359843E+01  0.4324559E+02  0.4692102E-04  0.5734746E-04 -0.6040866E-04
Ar  474  0.8327033E+01  0.8030547E+01  0.4319710E+02  0.8601246E-04 -0.8331275E-06 -0.3005186E-04
Ar  475  0.8091173E+01  0.5345848E+01  0.4607120E+02 -0.2950879E-04  0.4255520E-04 -0.3513865E-04
Ar  476  0.5684599E+01  0.7897823E+01  0.4584509E+02 -0.7528920E-05 -0.2447134E-04  0.1009939E-04
Ar  477  0.5070011E+01  0.5404006E+01  0.4823928E+02  0.1359423E-04 -0.8596585E-04  0.1416654E-04
Ar  478  0.8042085E+01  0.7829656E+01  0.4857335E+02  0.5015296E-04 -0.8513016E-04 -0.8357125E-05
Ar  479  0.7926004E+01  0.5471597E+01  0.5130504E+02  0.1775796E-04 -0.2343794E-04  0.2006070E-05
Ar  480  0.5300784E+01  0.8086899E+01  0.5086334E+02 -0.9275505E-04  0.2879061E-04  0.1960871E-04
Ar  481  0.5331886E+01  0.1064811E+02  0.5384849E+02 -0.6775624E-04  0.1241802E-04 -0.6418000E-04
Ar  482  0.7553520E+01  0.1340856E+02  0.1001244E+00 -0.1407998E-04 -0.4954927E-04 -0.2101573E-04
Ar  483  0.8057747E+01  0.1031930E+02  0.2600758E+01 -0.1494018E-04 -0.8359865E-04 -0.9082037E-05
Ar  484  0.5073975E+01  0.1340682E+02  0.2540489E+01  0.5918038E-04  0.8700264E-04 -0.6622680E-04
Ar  485  0.5334909E+01  0.1043908E+02  0.5022357E+01  0.9538808E-04 -0.1895976E-04  0.1925625E-04
Ar  486  0.8025000E+01  0.1321511E+02  0.5172884E+01 -0.4190503E-04 -0.2832903E-04 -0.5268080E-04
Ar  487  0.7862803E+01  0.1070342E+02  0.7749486E+01 -0.2774559E-04  0.5405833E-05 -0.2278600E-04
Ar  488  0.5479692E+01  0.1316018E+02  0.7947982E+01 -0.5599334E-04  0.3865718E-05 -0.8972181E-04
Ar  489  0.5519692E+01  0.1076162E+02  0.1076119E+02 -0.3199233E-04 -0.9854195E-04  0.3761817E-04
Ar  490  0.7745259E+01  0.1334379E+02  0.1118151E+02 -0.9205972E-04  0.1178545E-03 -0.6498248E-04
Ar  491  0.7647043E+01  0.1061307E+02  0.1388326E+02  0.3821482E-04 -0.8291480E-04 -0.5154294E-04
Ar  492  0.5263576E+01  0.1371122E+02  0.1377607E+02  0.4640562E-04 -0.8351873E-05 -0.1071628E-04
Ar  493  0.5025458E+01  0.1081673E+02  0.1651224E+02  0.6679497E-04 -0.1784868E-04  0.1703949E-04
Ar  494  0.8015534E+01  0.1331346E+02  0.1615853E+02  0.2516282E-04 -0.1079308E-04  0.2035472E-04
Ar  495  0.7628562E+01  0.1099976E+02  0.1908048E+02  0.6646683E-05 -0.4070685E-04 -0.2490967E-05
Ar  496  0.5308525E+01  0.1349630E+02  0.1902979E+02  0.5276203E-04  0.4815213E-04 -0.3867576E-04
Ar  497  0.5073597E+01  0.1049430E+02  0.2153972E+02 -0.8730108E-05  0.3579038E-04  0.1411327E-04
Ar  498  0.8439904E+01  0.1385226E+02  0.2124135E+02  0.5768460E-04 -0.2069486E-04 -0.7839635E-05
Ar  499  0.8295661E+01  0.1036899E+02  0.2399987E+02 -0.2985072E-04  0.2986983E-04 -0.5718958E-04
Ar  500  0.5796154E+01  0.1310727E+02  0.2373674E+02  0.8193451E-05 -0.4283836E-04  0.4012994E-04
Ar  501  0.5498672E+01  0.1069945E+02  0.2679230E+02  0.4481143E-04 -0.5292829E-04  0.4085232E-04
Ar  502  0.8135096E+01  0.1332346E+02  0.2671771E+02 -0.1376189E-04  0.1126734E-04 -0.7175161E-04
Ar  503  0.8417168E+01  0.1080198E+02  0.2966279E+02 -0.4799201E-04 -0.3815409E-05 -0.4823156E-04
Ar  504  0.5407804E+01  0.1331950E+02  0.2978913E+02  0.1112638E-04 -0.6938354E-05  0.1313920E-04
Ar  505  0.5454481E+01  0.1051087E+02  0.3267435E+02 -0.2408969E-04 -0.2693813E-05 -0.2928435E-04
Ar  506  0.7867224E+01  0.1308918E+02  0.3258472E+02  0.4536763E-05 -0.2445365E-04  0.5402047E-04
Ar  507  0.8308980E+01  0.1046618E+02  0.3499239E+02  0.1426727E-04 -0.1778136E-04  0.5925625E-05
Ar  508  0.5366584E+01  0.1327107E+02  0.3509269E+02 -0.7677559E-04 -0.1246656E-04  0.8500691E-04
Ar  509  0.5147632E+01  0.1062456E+02  0.3767806E+02 -0.3946526E-04 -0.1332860E-04  0.3559275E-04
Ar  510  0.8315942E+01  0.1319247E+02  0.3738933E+02  0.4753471E-04  0.8594196E-04  0.5870768E-04
Ar  511  0.8269802E+01  0.1048591E+02  0.4014994E+02  0.2353584E-04  0.1061733E-05  0.4377755E-04
Ar  512  0.5702369E+01  0.1329248E+02  0.4050283E+02  0.3543660E-04  0.8518307E-05 -0.2989599E-04
Ar  513  0.5567940E+01  0.1048285E+02  0.4288051E+02  0.2503380E-04  0.6671667E-04  0.3926530E-04
Ar  514  0.8252620E+01  0.1354090E+02  0.4320558E+02  0.5553112E-05  0.3092365E-05  0.3930897E-04
Ar  515  0.7923793E+01  0.1074728E+02  0.4567635E+02  0.8823796E-06 -0.7926361E-05 -0.1758968E-04
Ar  516  0.5508562E+01  0.1359806E+02  0.4563001E+02  0.3225753E-04  0.1247409E-03  0.2324388E-04
Ar  517  0.5369647E+01  0.1093707E+02  0.4821018E+02  0.1600465E-04  0.2073251E-04  0.1882206E-04
Ar  518  0.8131740E+01  0.1345757E+02  0.4837109E+02 -0.8668810E-04 -0.1761769E-05 -0.8381686E-04
Ar  519  0.7946557E+01  0.1072594E+02  0.5086213E+02  0.1212198E-04  0.2662461E-04 -0.1792521E-04
Ar  520  0.5244827E+01  0.1368037E+02  0.5099600E+02  0.4237813E-04  0.5318350E-04 -0.1299696E-04
Ar  521  0.5156508E+01  0.1612105E+02  0.1951905E-02  0.4138525E-04 -0.7773985E-05  0.1516255E-04
Ar  522  0.8210078E+01  0.1831986E+02  0.8391066E-01 -0.1335342E-05  0.5107595E-04  0.2020994E-04
Ar  523  0.8371978E+01  0.1614878E+02  0.2806153E+01 -0.2396285E-04  0.2820101E-04  0.9237824E-04
Ar  524  0.5759963E+01  0.1845764E+02  0.2796209E+01  0.2210069E-04  0.4162743E-04  0.3526600E-04
Ar  525  0.5373532E+01  0.1596018E+02  0.5475291E+01 -0.5877863E-05 -0.1151515E-03  0.2563359E-04
Ar  526  0.8511436E+01  0.1873114E+02  0.5370701E+01  0.1010477E-03  0.4666147E-04 -0.3695311E-04
Ar  527  0.8188527E+01  0.1594951E+02  0.7973545E+01 -0.9634905E-04  0.2417026E-04  0.3225184E-04
Ar  528  0.5428030E+01  0.1881765E+02  0.7967884E+01 -0.1047504E-04  0.6850797E-04  0.1937400E-04
Ar  529  0.5457950E+01  0.1617901E+02  0.1070629E+02  0.5488543E-04  0.4504880E-04  0.1987268E-04
Ar  530  0.8221437E+01  0.1868321E+02  0.1042842E+02  0.1234000E-04  0.2919579E-05 -0.8654535E-04
Ar  531  0.8067669E+01  0.1605992E+02  0.1335525E+02  0.4452668E-05 -0.4602086E-04 -0.4624352E-04
Ar  532  0.5423563E+01  0.1868008E+02  0.1348315E+02 -0.4719574E-04 -0.3105899E-04  0.6375361E-04
Ar  533  0.5507441E+01  0.1660001E+02  0.1659718E+02  0.4749341E-05  0.3343768E-04  0.1016702E-04
Ar  534  0.7966490E+01  0.1916427E+02  0.1632851E+02 -0.4626260E-04  0.9477766E-05 -0.4280671E-04
Ar  535  0.8072204E+01  0.1624977E+02  0.1884713E+02  0.1654096E-04 -0.1093868E-03 -0.4703267E-04
Ar  536  0.5182518E+01  0.1895582E+02  0.1926868E+02  0.1326442E-04  0.1602441E-04  0.6555435E-05
Ar  537  0.5297997E+01  0.1623744E+02  0.2156137E+02  0.2318520E-04 -0.5899937E-04 -0.2897486E-04
Ar  538  0.7952960E+01  0.1863364E+02  0.2142498E+02  0.5274830E-04  0.2817446E-04  0.2784165E-04
Ar  539  0.8103445E+01  0.1639380E+02  0.2431351E+02  0.2371033E-04  0.6785910E-04  0.3527885E-04
Ar  540  0.5282351E+01  0.1873398E+02  0.2452112E+02  0.5926845E-04  0.6159667E-04 -0.2969759E-04
Ar  541  0.5476694E+01  0.1619118E+02  0.2704089E+02 -0.6210273E-04  0.3617901E-04 -0.2241383E-04
Ar  542  0.8254160E+01  0.1889359E+02  0.2737882E+02  0.1274678E-04  0.5472446E-06 -0.8067704E-04
Ar  543  0.8419240E+01  0.1568866E+02  0.2984503E+02 -0.2809234E-04  0.2091442E-04 -0.5345604E-04
Ar  544  0.5483831E+01  0.1888940E+02  0.2986768E+02  0.8855713E-04  0.2073755E-05 -0.3548767E-05
Ar  545  0.5679520E+01  0.1608113E+02  0.3250577E+02  0.5607089E-04 -0.1086325E-03 -0.4652753E-04
Ar  546  0.8442022E+01  0.1871664E+02  0.3251503E+02  0.2705257E-04 -0.1323568E-04  0.5676553E-04
Ar  547  0.8453200E+01  0.1573203E+02  0.3498076E+02 -0.8398561E-05  0.6169780E-04  0.4021272E-04
Ar  548  0.5671664E+01  0.1866022E+02  0.3513275E+02  0.1165606E-03 -0.2496737E-04 -0.6011268E-04
Ar  549  0.5533335E+01  0.1600232E+02  0.3780225E+02 -0.3944369E-04  0.8858988E-04  0.6325235E-04
Ar  550  0.8362105E+01  0.1865972E+02  0.3803243E+02  0.3749917E-04 -0.8252055E-04  0.3853480E-04
Ar  551  0.8025695E+01  0.1597208E+02  0.4056510E+02  0.9515381E-04 -0.8741610E-04 -0.6628314E-04
Ar  552  0.5699340E+01  0.1898095E+02  0.4066358E+02  0.5586797E-06  0.6358055E-04 -0.4666543E-04
Ar  553  0.5271811E+01  0.1612333E+02  0.4308151E+02  0.7497545E-04  0.8599623E-05 -0.8247540E-04
Ar  554  0.8271668E+01  0.1892780E+02  0.4319078E+02 -0.3914888E-04 -0.2443633E-04 -0.3129258E-04
Ar  555  0.8278020E+01  0.1625714E+02  0.4583627E+02 -0.3793171E-04 -0.8291645E-05  0.4837604E-04
Ar  556  0.5509371E+01  0.1878145E+02  0.4553908E+02  0.1118874E-04 -0.1970755E-04 -0.2575593E-05
Ar  557  0.5479513E+01  0.1592154E+02  0.4839901E+02 -0.6029595E-04  0.1398128E-04  0.4575754E-04
Ar  558  0.8324389E+01  0.1881576E+02  0.4841787E+02  0.5112087E-04 -0.2021056E-04 -0.4048357E-04
Ar  559  0.7918337E+01  0.1615683E+02  0.5123235E+02 -0.2352977E-05 -0.3559829E-05  0.3812096E-04
Ar  560  0.5490407E+01  0.1862117E+02  0.5117061E+02  0.3992735E-04 -0.5527693E-04  0.1501307E-04
Ar  561  0.5309300E+01  0.2105707E+02  0.2615731E+00 -0.4953888E-04 -0.6171125E-05 -0.2496812E-04
Ar  562  0.8204982E+01  0.2404527E+02  0.1605626E-01 -0.4710706E-04 -0.9780834E-05 -0.7304358E-04
Ar  563  0.8378673E+01  0.2112940E+02  0.2707692E+01 -0.6885032E-04  0.7159318E-05  0.1800521E-04
Ar  564  0.5303761E+01  0.2417130E+02  0.2464612E+01  0.2067854E-04 -0.1345311E-04 -0.7830363E-04
Ar  565  0.5748252E+01  0.2163775E+02  0.5231747E+01 -0.4750581E-04  0.1112887E-03  0.5506072E-06
Ar  566  0.7813765E+01  0.2445864E+02  0.5155225E+01  0.2278584E-04 -0.1444735E-04  0.1577173E-04
Ar  567  0.8367758E+01  0.2122272E+02  0.7873968E+01 -0.4484391E-04  0.1382281E-04 -0.3112486E-04
Ar  568  0.5263011E+01  0.2411693E+02  0.7725071E+01 -0.4425762E-04  0.3108168E-05  0.5264133E-04
Ar  569  0.5403947E+01  0.2188501E+02  0.1042041E+02  0.4051081E-04 -0.4261380E-04 -0.5974838E-04
Ar  570  0.8020248E+01  0.2416855E+02  0.1069194E+02  0.9916640E-04  0.2360197E-04  0.8518353E-04
Ar  571  0.7933468E+01  0.2154737E+02  0.1353526E+02  0.7767150E-04 -0.3953508E-04  0.1885779E-04
Ar  572  0.5416305E+01  0.2422403E+02  0.1357397E+02  0.1227740E-03 -0.4863698E-05  0.2129714E-04
Ar  573  0.5106696E+01  0.2142103E+02  0.1628420E+02 -0.3054175E-04 -0.4434347E-04  0.2590641E-04
Ar  574  0.7875334E+01  0.2430630E+02  0.1623538E+02 -0.2211090E-04 -0.7692118E-04  0.6330865E-04
Ar  575  0.7809785E+01  0.2150061E+02  0.1885105E+02 -0.8046558E-04 -0.2501744E-04 -0.1813365E-04
Ar  576  0.5159050E+01  0.2445444E+02  0.1875279E+02  0.3362261E-04  0.8518868E-05  0.5005379E-04
Ar  577  0.4985433E+01  0.2162718E+02  0.2189009E+02 -0.2345431E-04 -0.2087231E-04  0.7978380E-04
Ar  578  0.7823748E+01  0.2421997E+02  0.2160751E+02  0.1734311E-04  0.5002933E-04  0.2559951E-05
Ar  579  0.7827796E+01  0.2169689E+02  0.2438352E+02 -0.3768402E-04 -0.1296146E-04 -0.4691132E-05
Ar  580  0.5196641E+01  0.2430293E+02  0.2472197E+02 -0.7020293E-05  0.5222495E-04  0.3203846E-04
Ar  581  0.5460863E+01  0.2160004E+02  0.2721881E+02  0.4754310E-04  0.2177259E-04 -0.1884880E-04
Ar  582  0.8307431E+01  0.2402028E+02  0.2718864E+02 -0.1411531E-04  0.2678685E-04 -0.8461218E-04
Ar  583  0.8139508E+01  0.2143122E+02  0.2982602E+02  0.7642668E-04  0.2651729E-04 -0.7787360E-04
Ar  584  0.5513281E+01  0.2443370E+02  0.2988356E+02 -0.1147072E-04  0.3445885E-04 -0.6378131E-05
Ar  585  0.5746039E+01  0.2138384E+02  0.3280654E+02  0.2356329E-04  0.1537414E-05  0.4744839E-05
Ar  586  0.8167874E+01  0.2424640E+02  0.3271056E+02 -0.7979717E-04 -0.2687191E-04  0.1028546E-03
Ar  587  0.8342679E+01  0.2150756E+02  0.3549157E+02 -0.3899196E-04  0.2896232E-04 -0.1740731E-04
Ar  588  0.5693640E+01  0.2418912E+02  0.3550627E+02 -0.5099085E-05  0.5583724E-04 -0.1247370E-03
Ar  589  0.5292263E+01  0.2160610E+02  0.3801748E+02 -0.4179845E-04  0.2563921E-04  0.5133897E-05
Ar  590  0.8424080E+01  0.2429707E+02  0.3796930E+02 -0.6152540E-05 -0.3775330E-04  0.8380574E-05
Ar  591  0.8232710E+01  0.2166930E+02  0.4044966E+02  0.8361704E-04  0.2782064E-05  0.1641384E-04
Ar  592  0.5485012E+01  0.2442567E+02  0.4052455E+02  0.1603841E-04 -0.6953349E-04 -0.9849507E-04
Ar  593  0.5623660E+01  0.2180264E+02  0.4315604E+02 -0.1010119E-04 -0.1796473E-04 -0.1337929E-05
Ar  594  0.8174886E+01  0.2451283E+02  0.4320208E+02  0.2514080E-04  0.2251204E-04  0.1822122E-04
Ar  595  0.8217700E+01  0.2148199E+02  0.4583313E+02  0.6555697E-04  0.5739914E-04 -0.8640859E-04
Ar  596  0.5601489E+01  0.2419560E+02  0.4607105E+02  0.3431848E-04 -0.6294057E-05 -0.1360098E-04
Ar  597  0.5208456E+01  0.2121099E+02  0.4836768E+02 -0.5469364E-05 -0.1507283E-04 -0.7900074E-05
Ar  598  0.8036284E+01  0.2386301E+02  0.4850637E+02 -0.3288120E-04  0.2278125E-04 -0.1030742E-03
Ar  599  0.8103375E+01  0.2115198E+02  0.5132141E+02 -0.1358429E-04 -0.2583293E-07  0.1241079E-04
Ar  600  0.5459122E+01  0.2394992E+02  0.5104409E+02 -0.6968088E-05  0.6157476E-05 -0.2308637E-04
Ar  601  0.5481198E+01  0.2690785E+02  0.1666397E-01 -0.3674796E-05 -0.6900732E-05 -0.4617741E-05
Ar  602  0.8174789E+01  0.2971749E+02  0.2379544E+00 -0.1073235E-04  0.1002016E-04 -0.6304879E-04
Ar  603  0.8096931E+01  0.2673595E+02  0.2530971E+01  0.6861605E-05 -0.1622933E-04  0.5404428E-04
Ar  604  0.5481041E+01  0.2952199E+02  0.2661496E+01 -0.1121730E-04  0.6074866E-05  0.1140944E-03
Ar  605  0.5155123E+01  0.2709649E+02  0.5294026E+01 -0.1510747E-04 -0.2391908E-04  0.4865268E-05
Ar  606  0.8295827E+01  0.2957729E+02  0.5194065E+01 -0.3013982E-04  0.3919177E-04  0.9789394E-04
Ar  607  0.8027470E+01  0.2689076E+02  0.8001004E+01  0.1333690E-04  0.4017209E-04  0.3444990E-04
Ar  608  0.5415306E+01  0.2944161E+02  0.8051021E+01 -0.3695368E-04  0.3101556E-04  0.5296053E-04
Ar  609  0.5228096E+01  0.2697422E+02  0.1071660E+02 -0.3410547E-04 -0.4771206E-04 -0.4758546E-04
Ar  610  0.8004489E+01  0.2957802E+02  0.1075140E+02  0.1657534E-04  0.5452900E-04 -0.3187051E-04
Ar  611  0.7986218E+01  0.2664168E+02  0.1320617E+02  0.4298875E-05  0.2599809E-04  0.2970292E-04
Ar  612  0.5155007E+01  0.2950604E+02  0.1320169E+02  0.7292726E-04 -0.6176028E-04 -0.5973067E-04
Ar  613  0.5393134E+01  0.2711253E+02  0.1593953E+02  0.8941352E-04 -0.5031044E-04  0.1780088E-04
Ar  614  0.8125868E+01  0.2960110E+02  0.1579025E+02 -0.4849267E-04  0.2400210E-04 -0.6583921E-05
Ar  615  0.7928873E+01  0.2659708E+02  0.1897934E+02 -0.2566724E-04  0.4888281E-04 -0.5625533E-04
Ar  616  0.5645719E+01  0.2951190E+02  0.1903175E+02  0.1253806E-04 -0.6911658E-04 -0.6241070E-04
Ar  617  0.5414345E+01  0.2697369E+02  0.2181590E+02 -0.3365141E-04  0.1052352E-04 -0.1315348E-04
Ar  618  0.8046229E+01  0.2961934E+02  0.2159586E+02 -0.2140334E-04 -0.1098613E-04  0.2665670E-04
Ar  619  0.7917823E+01  0.2680828E+02  0.2444876E+02  0.6268259E-04  0.1200236E-04  0.1695878E-04
Ar  620  0.5554301E+01  0.2953288E+02  0.2417186E+02  0.3613927E-04 -0.2270545E-04 -0.2949861E-04
Ar  621  0.5047353E+01  0.2712976E+02  0.2706194E+02 -0.3570276E-05 -0.3666642E-04  0.9030425E-04
Ar  622  0.8027181E+01  0.2958923E+02  0.2679713E+02  0.1295198E-04 -0.7732182E-04 -0.1231278E-04
Ar  623  0.8068898E+01  0.2711413E+02  0.2963718E+02  0.1302421E-04 -0.9657749E-04  0.8408694E-05
Ar  624  0.5108857E+01  0.2964087E+02  0.2977249E+02  0.9168455E-05 -0.2067569E-04 -0.7905967E-05
Ar  625  0.5364298E+01  0.2691273E+02  0.3285182E+02 -0.6946508E-05 -0.1192078E-04 -0.7443830E-04
Ar  626  0.7809760E+01  0.2970522E+02  0.3273698E+02  0.2211341E-04  0.6933624E-07 -0.2274748E-04
Ar  627  0.8032958E+01  0.2695668E+02  0.3536458E+02 -0.6473368E-04 -0.1121748E-04  0.1829197E-04
Ar  628  0.5595271E+01  0.2987371E+02  0.3559776E+02 -0.7126500E-04 -0.2347346E-04 -0.3171581E-04
Ar  629  0.5532680E+01  0.2715971E+02  0.3804648E+02  0.8141053E-05 -0.6922123E-04 -0.1445816E-05
Ar  630  0.8232251E+01  0.2945946E+02  0.3780011E+02  0.8497142E-05 -0.4314026E-04  0.3397713E-04
Ar  631  0.7924542E+01  0.2713624E+02  0.4051144E+02 -0.9431538E-05 -0.1647061E-04 -0.8082765E-05
Ar  632  0.5448263E+01  0.2983529E+02  0.4053620E+02 -0.2272534E-04  0.3092643E-04  0.1059483E-04
Ar  633  0.5293895E+01  0.2679069E+02  0.4324303E+02  0.7728103E-06 -0.2325196E-04  0.5582504E-04
Ar  634  0.8033040E+01  0.2952052E+02  0.4320791E+02 -0.5609889E-05  0.1938929E-05 -0.7181927E-04
Ar  635  0.8492660E+01  0.2692052E+02  0.4602795E+02  0.2651713E-04 -0.2017710E-05 -0.7067978E-04
Ar  636  0.5864255E+01  0.2991751E+02  0.4594363E+02  0.2398627E-04 -0.1744453E-04  0.6405400E-04
Ar  637  0.5276697E+01  0.2677930E+02  0.4851322E+02 -0.1930400E-04  0.8399706E-05  0.9152556E-04
Ar  638  0.8372302E+01  0.2955955E+02  0.4860885E+02 -0.2480762E-04  0.2516349E-04  0.1255380E-05
Ar  639  0.7862931E+01  0.2674407E+02  0.5136507E+02  0.5412972E-04  0.3986645E-04 -0.5186682E-04
Ar  640  0.5788678E+01  0.2981790E+02  0.5140958E+02 -0.5258005E-04 -0.1136770E-04 -0.1542609E-04
Ar  641  0.5477175E+01  0.3248884E+02  0.3983087E+00  0.2465565E-04  0.6984316E-05  0.5654384E-04
Ar  642  0.8221068E+01  0.3534953E+02  0.1527561E+00  0.2054352E-04  0.1313690E-04  0.4784451E-04
Ar  643  0.7965171E+01  0.3225099E+02  0.3118215E+01  0.9987577E-04  0.4953605E-04  0.2573492E-04
Ar  644  0.5515314E+01  0.3524042E+02  0.2456176E+01 -0.4535799E-05 -0.3373523E-04  0.2520715E-04
Ar  645  0.5398220E+01  0.3233825E+02  0.5609833E+01 -0.5741992E-04 -0.6573409E-04  0.6868054E-05
Ar  646  0.8744993E+01  0.3501376E+02  0.5577185E+01 -0.4341453E-04 -0.2023003E-04 -0.4307457E-04
Ar  647  0.8164542E+01  0.3217877E+02  0.7876966E+01 -0.2938390E-04 -0.5901989E-04 -0.2740025E-04
Ar  648  0.5640439E+01  0.3521847E+02  0.7736300E+01  0.1128722E-04  0.3349536E-04 -0.3245612E-05
Ar  649  0.5136306E+01  0.3230737E+02  0.1048461E+02 -0.7126401E-04 -0.3828395E-04 -0.2600243E-04
Ar  650  0.8211458E+01  0.3482157E+02  0.1052103E+02  0.7624272E-04 -0.6757234E-04  0.3882152E-04
Ar  651  0.7809146E+01  0.3203575E+02  0.1333097E+02  0.2848895E-04 -0.2815272E-04 -0.5177681E-05
Ar  652  0.5464750E+01  0.3438737E+02  0.1341720E+02  0.1652968E-04  0.3650245E-04  0.7109861E-04
Ar  653  0.4912700E+01  0.3220942E+02  0.1620462E+02 -0.1535709E-04 -0.6718544E-07  0.7103476E-04
Ar  654  0.8072646E+01  0.3496183E+02  0.1652120E+02 -0.2154267E-04  0.4133140E-05 -0.1211885E-04
Ar  655  0.7740134E+01  0.3231121E+02  0.1920647E+02 -0.6649473E-04 -0.1034029E-03 -0.1585978E-04
Ar  656  0.5311833E+01  0.3485160E+02  0.1911761E+02  0.3101104E-04  0.3299639E-04  0.3258833E-04
Ar  657  0.5043770E+01  0.3232357E+02  0.2164134E+02  0.4872983E-04  0.1823682E-04 -0.2167268E-04
Ar  658  0.8280919E+01  0.3500571E+02  0.2176388E+02  0.4390367E-04 -0.1730300E-04  0.3931486E-04
Ar  659  0.7911569E+01  0.3212991E+02  0.2447597E+02  0.5723177E-06 -0.6532807E-04  0.4309324E-04
Ar  660  0.5182296E+01  0.3511439E+02  0.2445638E+02 -0.6295858E-04 -0.1944785E-04 -0.1019217E-05
Ar  661  0.5377216E+01  0.3201029E+02  0.2720656E+02 -0.3278922E-04  0.8094229E-05  0.1353830E-03
Ar  662  0.7822501E+01  0.3501692E+02  0.2689221E+02  0.1045202E-04  0.2459322E-04  0.2582651E-04
Ar  663  0.8092450E+01  0.3196575E+02  0.2957570E+02  0.2421307E-04  0.1131353E-04  0.1881698E-04
Ar  664  0.5393639E+01  0.3475375E+02  0.2967516E+02 -0.2578579E-04 -0.7128515E-05 -0.2220436E-04
Ar  665  0.5371103E+01  0.3225265E+02  0.3226624E+02  0.1177835E-04  0.1516743E-03 -0.2558410E-05
Ar  666  0.8079733E+01  0.3483605E+02  0.3202420E+02 -0.5319435E-04 -0.1780363E-04 -0.2026090E-05
Ar  667  0.8046601E+01  0.3243712E+02  0.3547908E+02  0.2764771E-04  0.8059850E-05 -0.1388204E-05
Ar  668  0.5492562E+01  0.3483307E+02  0.3471907E+02  0.6028020E-04  0.3709227E-04  0.8917834E-05
Ar  669  0.5614449E+01  0.3284346E+02  0.3787370E+02  0.1764827E-05  0.2476583E-04  0.4158838E-04
Ar  670  0.8221701E+01  0.3530350E+02  0.3786187E+02 -0.4928728E-04  0.4497723E-04 -0.4235143E-05
Ar  671  0.8108164E+01  0.3243831E+02  0.4059799E+02 -0.6000791E-04  0.5620589E-04  0.1309701E-04
Ar  672  0.5568922E+01  0.3492605E+02  0.4055417E+02  0.7178510E-05 -0.2555452E-04  0.1330155E-04
Ar  673  0.5413843E+01  0.3242497E+02  0.4314389E+02 -0.3986703E-04  0.9578794E-04  0.2211630E-04
Ar  674  0.8188722E+01  0.3507601E+02  0.4309301E+02 -0.4160925E-04 -0.6220225E-04  0.8415493E-04
Ar  675  0.8125154E+01  0.3229841E+02  0.4554337E+02  0.8224519E-05 -0.1338757E-04 -0.4860728E-04
Ar  676  0.5388195E+01  0.3480872E+02  0.4593677E+02 -0.1364154E-04 -0.1586513E-03  0.2407353E-04
Ar  677  0.5724249E+01  0.3222812E+02  0.4861552E+02 -0.2286772E-04  0.4038382E-04 -0.4702404E-04
Ar  678  0.8002686E+01  0.3492643E+02  0.4821419E+02  0.4580904E-05  0.1180301E-04 -0.1846831E-04
Ar  679  0.8107615E+01  0.3266623E+02  0.5118452E+02 -0.4299854E-04  0.2597396E-04  0.2588247E-04
Ar  680  0.5400391E+01  0.3510166E+02  0.5108499E+02  0.3373374E-04  0.1726847E-04  0.1349125E-03
Ar  681  0.5386826E+01  0.3745441E+02  0.5390848E+02 -0.3044883E-05  0.9043678E-05  0.6417540E-04
Ar  682  0.8214318E+01  0.4001328E+02  0.5360009E+02  0.2857726E-04 -0.3426820E-04 -0.6132749E-04
Ar  683  0.8140873E+01  0.3800421E+02  0.2538325E+01 -0.6727049E-04  0.2655018E-04 -0.2157887E-04
Ar  684  0.5355328E+01  0.4032587E+02  0.2394025E+01  0.2203626E-04  0.1721487E-07 -0.7900439E-04
Ar  685  0.5436364E+01  0.3772361E+02  0.5101919E+01  0.3256033E-05  0.2533268E-04 -0.5810601E-04
Ar  686  0.8115392E+01  0.4052505E+02  0.5652714E+01  0.3489444E-04  0.6457998E-04  0.2150580E-04
Ar  687  0.8165452E+01  0.3754186E+02  0.7952814E+01  0.3371626E-04 -0.8610398E-05  0.3048366E-04
Ar  688  0.5158000E+01  0.4011436E+02  0.8027400E+01 -0.4339587E-05  0.6928471E-04  0.2010178E-04
Ar  689  0.5702361E+01  0.3738701E+02  0.1087079E+02  0.3792137E-04 -0.9684886E-04  0.1461539E-04
Ar  690  0.7786961E+01  0.4021400E+02  0.1038294E+02  0.5227798E-04  0.5477367E-04  0.7020583E-04
Ar  691  0.7904757E+01  0.3736551E+02  0.1384987E+02  0.2742836E-04 -0.4966067E-04 -0.1480786E-04
Ar  692  0.5268611E+01  0.4009657E+02  0.1342003E+02  0.3720409E-04  0.3258565E-05 -0.5972512E-04
Ar  693  0.5253246E+01  0.3720084E+02  0.1638572E+02  0.6868062E-04 -0.1059998E-05  0.1303449E-04
Ar  694  0.8008813E+01  0.4034120E+02  0.1651966E+02 -0.2663825E-04 -0.2076189E-04  0.3006384E-04
Ar  695  0.8056073E+01  0.3785965E+02  0.1913165E+02 -0.5308189E-04  0.5935716E-04 -0.3779860E-04
Ar  696  0.5301485E+01  0.4035439E+02  0.1883186E+02 -0.4620862E-04  0.9643343E-04  0.7603691E-05
Ar  697  0.5120073E+01  0.3743650E+02  0.2161663E+02 -0.4467654E-04 -0.3572427E-04  0.4970481E-04
Ar  698  0.7662122E+01  0.4064879E+02  0.2151136E+02  0.5029712E-04 -0.1954506E-04  0.7584040E-04
Ar  699  0.8208739E+01  0.3794826E+02  0.2405950E+02  0.4522848E-04 -0.5598299E-04 -0.2652438E-04
Ar  700  0.5383440E+01  0.4033215E+02  0.2448185E+02 -0.3677406E-04 -0.2080785E-04  0.6638799E-04
Ar  701  0.5460848E+01  0.3780102E+02  0.2739906E+02  0.5188763E-04  0.5864942E-04  0.2521017E-04
Ar  702  0.8146173E+01  0.4064120E+02  0.2716215E+02  0.7093062E-04 -0.3826768E-04 -0.9666887E-04
Ar  703  0.8283123E+01  0.3770508E+02  0.2957223E+02  0.7852305E-05  0.3410009E-05  0.2581054E-04
Ar  704  0.5177397E+01  0.4068522E+02  0.2967946E+02 -0.7762909E-04 -0.1710709E-04  0.7291403E-04
Ar  705  0.5297806E+01  0.3767435E+02  0.3213336E+02  0.1606577E-04 -0.5835400E-04 -0.4945332E-04
Ar  706  0.7822673E+01  0.4033867E+02  0.3238397E+02 -0.3349616E-04  0.5745086E-04 -0.2124005E-04
Ar  707  0.7880152E+01  0.3753932E+02  0.3479500E+02 -0.7269844E-04  0.3858966E-04  0.3403675E-04
Ar  708  0.5391130E+01  0.4030656E+02  0.3563044E+02  0.4097659E-05  0.4138379E-04  0.1473862E-06
Ar  709  0.5257779E+01  0.3740713E+02  0.3774057E+02 -0.9139580E-05 -0.2262253E-04  0.4620461E-04
Ar  710  0.8491270E+01  0.4043311E+02  0.3781243E+02  0.8015187E-04  0.4212924E-04  0.1504768E-05
Ar  711  0.8099552E+01  0.3763701E+02  0.4059630E+02  0.1532699E-04 -0.1291053E-04 -0.1751680E-04
Ar  712  0.5518069E+01  0.4045197E+02  0.4015828E+02  0.4031943E-04 -0.1704829E-04 -0.4358712E-04
Ar  713  0.5580505E+01  0.3788210E+02  0.4307418E+02 -0.2302430E-04 -0.5349088E-04  0.6612086E-04
Ar  714  0.8117585E+01  0.4065775E+02  0.4290785E+02  0.2603686E-04  0.2986517E-04  0.1559123E-04
Ar  715  0.8055703E+01  0.3796282E+02  0.4552091E+02 -0.5836107E-04 -0.7189225E-04 -0.5952611E-04
Ar  716  0.5284737E+01  0.4049411E+02  0.4561836E+02  0.3408569E-05  0.5349883E-04  0.4791142E-04
Ar  717  0.5714391E+01  0.3778281E+02  0.4803663E+02 -0.7683281E-04  0.4804026E-05 -0.6396008E-04
Ar  718  0.7776759E+01  0.4083421E+02  0.4836886E+02  0.3320584E-04  0.6579075E-04 -0.1785717E-04
Ar  719  0.8449954E+01  0.3722505E+02  0.5145567E+02  0.2789927E-04 -0.1407147E-04 -0.2077890E-04
Ar  720  0.5804998E+01  0.4035668E+02  0.5114899E+02  0.5227759E-05  0.5082933E-04 -0.2964992E-05
Ar  721  0.5705289E+01  0.4307062E+02  0.5377022E+02 -0.5099915E-04  0.1362818E-04  0.7821270E-04
Ar  722  0.8112376E+01  0.4572727E+02  0.2247223E+00  0.1598036E-04 -0.1773850E-04  0.2202426E-05
Ar  723  0.7951518E+01  0.4257335E+02  0.2632139E+01 -0.8550174E-04 -0.4646416E-04  0.4217503E-04
Ar  724  0.5380406E+01  0.4558434E+02  0.2556392E+01  0.2827367E-04 -0.2602306E-04 -0.5107416E-05
Ar  725  0.5218549E+01  0.4295662E+02  0.5376565E+01  0.2450234E-04  0.4235260E-05 -0.4637909E-04
Ar  726  0.7921051E+01  0.4599850E+02  0.5123753E+01 -0.7767002E-04 -0.1028457E-03  0.9083084E-04
Ar  727  0.7986834E+01  0.4298448E+02  0.8036371E+01 -0.6119813E-04 -0.6757670E-05 -0.2365751E-04
Ar  728  0.5242245E+01  0.4547689E+02  0.8058778E+01 -0.8101542E-04 -0.1688031E-05 -0.3144510E-04
Ar  729  0.5215279E+01  0.4285580E+02  0.1038416E+02  0.2848635E-04 -0.1302680E-04  0.3001877E-04
Ar  730  0.8175234E+01  0.4562437E+02  0.1088475E+02 -0.4271401E-04  0.8315088E-05 -0.9605520E-04
Ar  731  0.7956533E+01  0.4289082E+02  0.1305022E+02  0.5312598E-05  0.5805132E-05 -0.1463572E-04
Ar  732  0.5184381E+01  0.4593265E+02  0.1320456E+02 -0.9529724E-04 -0.6509302E-04  0.9494866E-04
Ar  733  0.5505940E+01  0.4294067E+02  0.1617231E+02  0.9837348E-05 -0.3570872E-04 -0.5919284E-05
Ar  734  0.8218500E+01  0.4568109E+02  0.1626388E+02  0.5464787E-04  0.2456613E-04  0.2944635E-04
Ar  735  0.8035551E+01  0.4329694E+02  0.1887798E+02  0.7028515E-04  0.5299661E-04 -0.6912706E-04
Ar  736  0.5636629E+01  0.4598476E+02  0.1887227E+02  0.7886259E-04 -0.1395083E-04 -0.3251451E-04
Ar  737  0.4998796E+01  0.4315554E+02  0.2148835E+02 -0.7315715E-04  0.1334161E-05 -0.3726028E-04
Ar  738  0.7801131E+01  0.4547783E+02  0.2173268E+02 -0.6104213E-04 -0.3374503E-04 -0.4563146E-04
Ar  739  0.7541665E+01  0.4305797E+02  0.2444883E+02  0.7861772E-05  0.9232711E-04 -0.8735700E-04
Ar  740  0.5333305E+01  0.4631915E+02  0.2427794E+02  0.3060603E-04 -0.9249032E-04  0.2203457E-04
Ar  741  0.4999230E+01  0.4327822E+02  0.2715595E+02 -0.4131519E-05 -0.9260450E-04 -0.8849139E-04
Ar  742  0.8034713E+01  0.4603964E+02  0.2671565E+02 -0.3428930E-04  0.6561033E-04 -0.5925423E-05
Ar  743  0.8131667E+01  0.4350860E+02  0.2939838E+02  0.2086632E-04  0.3464716E-04  0.5644138E-04
Ar  744  0.5274442E+01  0.4604210E+02  0.2957953E+02 -0.4546405E-05  0.3576721E-04  0.3055088E-04
Ar  745  0.5176800E+01  0.4303887E+02  0.3277993E+02  0.1102314E-04  0.6672942E-05  0.2601183E-05
Ar  746  0.8300739E+01  0.4572414E+02  0.3241334E+02  0.1898879E-04  0.2688819E-04 -0.6308180E-04
Ar  747  0.8362486E+01  0.4299242E+02  0.3505787E+02  0.2548774E-04  0.5869403E-05  0.4588210E-04
Ar  748  0.5618323E+01  0.4589803E+02  0.3509293E+02 -0.9352274E-04 -0.9587307E-05 -0.7353149E-04
Ar  749  0.5611612E+01  0.4321553E+02  0.3761467E+02  0.1444780E-03 -0.1862547E-04  0.6651349E-05
Ar  750  0.8179302E+01  0.4592552E+02  0.3766682E+02  0.1088352E-03  0.4389272E-04  0.4630612E-05
Ar  751  0.8164316E+01  0.4324817E+02  0.4022988E+02  0.3155304E-04 -0.3397611E-04 -0.3931519E-05
Ar  752  0.5397899E+01  0.4586820E+02  0.4054836E+02  0.2106763E-04  0.3305312E-04 -0.7742516E-04
Ar  753  0.5375338E+01  0.4331209E+02  0.4296273E+02  0.2433945E-04 -0.1995569E-04 -0.3127311E-04
Ar  754  0.8347865E+01  0.4584469E+02  0.4289492E+02 -0.1167889E-04 -0.3169982E-04  0.5755593E-04
Ar  755  0.8056030E+01  0.4320726E+02  0.4577049E+02  0.4357207E-04 -0.3397154E-04 -0.8695139E-04
Ar  756  0.5353949E+01  0.4595859E+02  0.4586992E+02 -0.3423308E-04 -0.4117946E-04 -0.2351564E-04
Ar  757  0.5220279E+01  0.4314332E+02  0.4851100E+02 -0.2857099E-04  0.2382211E-04 -0.5026984E-04
Ar  758  0.8051157E+01  0.4543720E+02  0.4873073E+02  0.5186747E-04  0.3516368E-04 -0.1280164E-04
Ar  759  0.8389682E+01  0.4301572E+02  0.5114828E+02 -0.2866513E-04  0.6402329E-04 -0.1552924E-04
Ar  760  0.5373251E+01  0.4571222E+02  0.5134188E+02 -0.4567309E-04  0.1565932E-04 -0.2901754E-04
Ar  761  0.5551856E+01  0.4821106E+02  0.5388430E+02  0.2998166E-04  0.2718496E-04  0.3830229E-04
Ar  762  0.8243649E+01  0.5125231E+02  0.5352897E+02 -0.7207340E-05  0.9910196E-05  0.3797965E-04
Ar  763  0.8392839E+01  0.4871628E+02  0.2509770E+01 -0.5603638E-04 -0.8355568E-04  0.1198789E-04
Ar  764  0.5382121E+01  0.5139458E+02  0.2530488E+01 -0.4231790E-04 -0.4140255E-05 -0.6134552E-04
Ar  765  0.5064922E+01  0.4823519E+02  0.5167357E+01  0.1106630E-04 -0.1681249E-04 -0.2049001E-04
Ar  766  0.8112777E+01  0.5123788E+02  0.5328845E+01  0.1137528E-04  0.2811568E-04  0.3337703E-05
Ar  767  0.8021433E+01  0.4833904E+02  0.7847125E+01  0.1189531E-04 -0.2380100E-04  0.3660302E-04
Ar  768  0.5499044E+01  0.5112189E+02  0.7868224E+01  0.1170958E-03 -0.5729755E-05 -0.3875471E-05
Ar  769  0.5657399E+01  0.4862516E+02  0.1032754E+02 -0.2996552E-04  0.8989092E-04  0.2770122E-04
Ar  770  0.8061426E+01  0.5109653E+02  0.1056428E+02  0.1548994E-04  0.6239763E-04 -0.5236945E-04
Ar  771  0.8061105E+01  0.4821501E+02  0.1326889E+02  0.4891111E-04 -0.8462627E-04  0.1202056E-04
Ar  772  0.5352881E+01  0.5122271E+02  0.1328080E+02 -0.2871513E-04  0.8163951E-05  0.3442851E-05
Ar  773  0.5383620E+01  0.4825820E+02  0.1612151E+02 -0.5407887E-04 -0.8997914E-05  0.7843509E-04
Ar  774  0.7914125E+01  0.5138138E+02  0.1588837E+02  0.5877486E-04 -0.5671573E-04 -0.2792304E-04
Ar  775  0.8102425E+01  0.4857693E+02  0.1855446E+02 -0.3644634E-04  0.1647744E-04 -0.1839051E-04
Ar  776  0.5352334E+01  0.5116614E+02  0.1880268E+02 -0.3096985E-04 -0.4525418E-04 -0.2913822E-04
Ar  777  0.5608332E+01  0.4861269E+02  0.2123126E+02 -0.7960527E-04 -0.1920805E-04  0.2070721E-04
Ar  778  0.8233713E+01  0.5124322E+02  0.2151561E+02  0.7126838E-04  0.4441882E-04  0.2914005E-04
Ar  779  0.8167297E+01  0.4856266E+02  0.2398985E+02 -0.6391913E-05  0.6823370E-04  0.2752559E-04
Ar  780  0.5473563E+01  0.5103879E+02  0.2420120E+02  0.4677476E-04 -0.4973954E-04  0.6694147E-04
Ar  781  0.5203166E+01  0.4852234E+02  0.2694340E+02  0.2659528E-04 -0.1393889E-04 -0.9333634E-04
Ar  782  0.8063858E+01  0.5098291E+02  0.2706858E+02 -0.2207574E-04 -0.1171487E-04  0.2574343E-04
Ar  783  0.8084374E+01  0.4862382E+02  0.3000825E+02 -0.4712144E-04  0.1132382E-03 -0.2203184E-04
Ar  784  0.5360147E+01  0.5129035E+02  0.2958302E+02 -0.4471254E-04 -0.5116783E-05  0.8890266E-05
Ar  785  0.5402048E+01  0.4862109E+02  0.3260970E+02  0.1002612E-04  0.3293871E-04  0.1365525E-05
Ar  786  0.8272496E+01  0.5113307E+02  0.3254180E+02  0.1195907E-03  0.1006872E-04  0.5517055E-05
Ar  787  0.8195176E+01  0.4843622E+02  0.3509708E+02 -0.8689961E-04 -0.1482043E-04 -0.1803529E-05
Ar  788  0.5375836E+01  0.5095486E+02  0.3525068E+02 -0.2249567E-04 -0.1279152E-04  0.1563036E-04
Ar  789  0.5766492E+01  0.4848261E+02  0.3817849E+02 -0.6154908E-05 -0.3888512E-04 -0.5589487E-04
Ar  790  0.8258216E+01  0.5082598E+02  0.3752914E+02  0.1389233E-04 -0.1971412E-04  0.8601729E-04
Ar  791  0.8221145E+01  0.4860637E+02  0.4051292E+02  0.5707996E-05  0.4010633E-04 -0.2098945E-04
Ar  792  0.5409592E+01  0.5140561E+02  0.4030684E+02  0.3345012E-04 -0.4869795E-04  0.1790471E-04
Ar  793  0.5360562E+01  0.4849323E+02  0.4319550E+02  0.7662860E-04 -0.7941342E-04  0.6524585E-04
Ar  794  0.7865070E+01  0.5175997E+02  0.4347023E+02  0.5217762E-04  0.4766031E-04  0.1477947E-04
Ar  795  0.7972609E+01  0.4863684E+02  0.4596755E+02 -0.4136503E-04  0.4396237E-04  0.6699576E-05
Ar  796  0.5179470E+01  0.5109112E+02  0.4612955E+02  0.2019786E-04  0.2811942E-04  0.5939392E-04
Ar  797  0.5559938E+01  0.4830147E+02  0.4891608E+02  0.1302035E-04  0.1329459E-04  0.5220373E-04
Ar  798  0.7934833E+01  0.5114043E+02  0.4902573E+02  0.1817948E-04  0.3975632E-04  0.1099807E-04
Ar  799  0.8265616E+01  0.4806128E+02  0.5135860E+02 -0.1550046E-04 -0.3939553E-05 -0.8446040E-04
Ar  800  0.5417975E+01  0.5105398E+02  0.5153202E+02 -0.4230895E-04  0.8754801E-04  0.4467169E-04
Ar  801  0.1042620E+02  0.1347782E+00  0.5378353E+02 -0.1416628E-04 -0.5899663E-04  0.4475746E-04
Ar  802  0.1338672E+02  0.2892412E+01  0.5363382E+02 -0.4849643E-04 -0.1678390E-04  0.1267639E-03
Ar  803  0.1343032E+02  0.5386244E+02  0.2540664E+01 -0.1899494E-04 -0.8876940E-04 -0.3082444E-04
Ar  804  0.1080397E+02  0.2616941E+01  0.2354317E+01 -0.5052068E-05  0.6587924E-05  0.2374298E-04
Ar  805  0.1070874E+02  0.5132577E-02  0.5149168E+01 -0.3689037E-04 -0.4363303E-04 -0.2429545E-04
Ar  806  0.1314055E+02  0.2554915E+01  0.5155336E+01  0.4355996E-04 -0.1143573E-04 -0.7546343E-05
Ar  807  0.1366321E+02  0.5374922E+02  0.8129163E+01  0.3154810E-05 -0.4847086E-04  0.3267649E-04
Ar  808  0.1074749E+02  0.2577546E+01  0.8114944E+01  0.5921151E-05  0.3772114E-04 -0.1384939E-04
Ar  809  0.1078035E+02  0.5352514E+02  0.1064857E+02  0.3362857E-04 -0.2778090E-04  0.1379308E-04
Ar  810  0.1343924E+02  0.2504228E+01  0.1043291E+02  0.3281949E-04  0.8318968E-04 -0.1752930E-04
Ar  811  0.1316577E+02  0.5395774E+02  0.1337386E+02 -0.5374973E-04  0.4626538E-04 -0.2563929E-04
Ar  812  0.1049608E+02  0.2566148E+01  0.1327297E+02 -0.2267153E-04  0.1877306E-05  0.5629796E-04
Ar  813  0.1052581E+02  0.5388482E+02  0.1613294E+02  0.4699163E-04  0.2086807E-04  0.4961401E-04
Ar  814  0.1324206E+02  0.2347246E+01  0.1614014E+02  0.4022622E-04  0.5459238E-04 -0.5618107E-04
Ar  815  0.1322037E+02  0.5397544E+02  0.1882492E+02 -0.4360661E-04 -0.8327069E-04  0.1630294E-04
Ar  816  0.1067476E+02  0.2487601E+01  0.1892549E+02 -0.1601158E-04 -0.3465151E-05 -0.1672835E-04
Ar  817  0.1057616E+02  0.6071723E-02  0.2168052E+02 -0.3149470E-04 -0.1110203E-04  0.3341967E-04
Ar  818  0.1329960E+02  0.2884009E+01  0.2166906E+02 -0.4462806E-04  0.9006138E-04 -0.4913536E-05
Ar  819  0.1336792E+02  0.1537421E-01  0.2422963E+02 -0.9427848E-05 -0.5137070E-04  0.6076665E-05
Ar  820  0.1068946E+02  0.2680741E+01  0.2426671E+02  0.6626152E-04 -0.5437654E-04 -0.4388975E-04
Ar  821  0.1071621E+02  0.5387358E+02  0.2691721E+02  0.3588323E-04 -0.6538447E-04  0.5808060E-04
Ar  822  0.1351605E+02  0.2321191E+01  0.2718839E+02  0.2641084E-04 -0.5515428E-04 -0.6439866E-05
Ar  823  0.1371645E+02  0.5370529E+02  0.2979434E+02 -0.5792066E-06 -0.3203479E-04 -0.9462790E-05
Ar  824  0.1073344E+02  0.2365779E+01  0.2956444E+02  0.7491350E-04  0.1707436E-04  0.1482150E-04
Ar  825  0.1098629E+02  0.5367707E+02  0.3229319E+02  0.1442816E-04 -0.1865772E-04 -0.2102195E-04
Ar  826  0.1345580E+02  0.2428496E+01  0.3241980E+02 -0.3240994E-04  0.2069381E-04  0.5453352E-04
Ar  827  0.1347889E+02  0.5363631E+02  0.3505443E+02  0.4131721E-04  0.5235079E-04 -0.3072781E-05
Ar  828  0.1106925E+02  0.2242734E+01  0.3493040E+02  0.1253959E-04  0.3528506E-04 -0.3105334E-04
Ar  829  0.1077952E+02  0.5379488E+02  0.3769584E+02 -0.1118076E-04  0.6531717E-04 -0.1695712E-04
Ar  830  0.1325187E+02  0.3083327E+01  0.3782101E+02 -0.7216837E-05  0.3309404E-04 -0.1023651E-04
Ar  831  0.1346310E+02  0.6403070E-01  0.4040361E+02 -0.5103547E-04  0.1842536E-04 -0.4381666E-04
Ar  832  0.1057695E+02  0.2504249E+01  0.4044397E+02 -0.6809275E-04 -0.5863779E-04  0.1806363E-04
Ar  833  0.1086459E+02  0.1769328E+00  0.4334795E+02 -0.8102155E-05 -0.7831719E-04 -0.9791754E-04
Ar  834  0.1319162E+02  0.2733331E+01  0.4340871E+02 -0.6094164E-04 -0.5400485E-04 -0.3678124E-04
Ar  835  0.1345487E+02  0.5394000E+02  0.4605986E+02  0.2867905E-04 -0.4567232E-04  0.1307543E-04
Ar  836  0.1068053E+02  0.2601386E+01  0.4620691E+02  0.1338660E-04  0.1412773E-04 -0.1057994E-03
Ar  837  0.1044498E+02  0.5385911E+02  0.4879075E+02 -0.4933993E-04 -0.3812273E-04  0.1850842E-04
Ar  838  0.1341774E+02  0.2975323E+01  0.4848382E+02 -0.4633169E-04  0.4763731E-04  0.4023922E-04
Ar  839  0.1334981E+02  0.4909924E+00  0.5109764E+02 -0.2953896E-04  0.4517135E-04  0.6063719E-04
Ar  840  0.1040613E+02  0.2863168E+01  0.5106841E+02  0.3433021E-05 -0.5750717E-04  0.5618262E-06
Ar  841  0.1073291E+02  0.5524674E+01  0.5389871E+02 -0.6706750E-04 -0.4355314E-04 -0.5280673E-05
Ar  842  0.1352086E+02  0.8101529E+01  0.5371873E+02  0.6274781E-04  0.2278508E-04 -0.7268598E-04
Ar  843  0.1315187E+02  0.5467292E+01  0.2589191E+01 -0.4245847E-04 -0.1290743E-04  0.5609404E-05
Ar  844  0.1080602E+02  0.8372301E+01  0.2807817E+01  0.8150182E-04  0.2936047E-04 -0.8587176E-04
Ar  845  0.1055906E+02  0.5381331E+01  0.5066868E+01  0.6531001E-04 -0.5740515E-04 -0.1838176E-04
Ar  846  0.1343795E+02  0.7908288E+01  0.5440199E+01 -0.1993397E-05  0.1806585E-04 -0.5097901E-04
Ar  847  0.1314120E+02  0.5202682E+01  0.7736389E+01 -0.2869917E-04 -0.2820215E-04 -0.5197300E-04
Ar  848  0.1056772E+02  0.7897233E+01  0.8006824E+01  0.4978239E-04 -0.1939264E-04 -0.3244209E-04
Ar  849  0.1074949E+02  0.5302635E+01  0.1092712E+02  0.1336921E-04 -0.1274482E-05 -0.4218998E-04
Ar  850  0.1325674E+02  0.7852667E+01  0.1100292E+02 -0.3908503E-05 -0.2294292E-04 -0.6778514E-04
Ar  851  0.1330223E+02  0.5258329E+01  0.1343230E+02 -0.2190247E-04  0.1227917E-04  0.4501730E-04
Ar  852  0.1060366E+02  0.8111406E+01  0.1350976E+02 -0.1849632E-04  0.6466135E-04 -0.3378890E-04
Ar  853  0.1065014E+02  0.5113685E+01  0.1611006E+02  0.5924229E-07 -0.6552941E-04  0.6109262E-04
Ar  854  0.1319719E+02  0.8070105E+01  0.1615857E+02 -0.6441103E-04 -0.8275869E-04 -0.7962358E-05
Ar  855  0.1321686E+02  0.5296514E+01  0.1876162E+02  0.7162157E-05  0.1579486E-04 -0.3411463E-04
Ar  856  0.1077216E+02  0.7942088E+01  0.1913332E+02 -0.4915091E-04 -0.1025418E-03  0.1952748E-04
Ar  857  0.1067484E+02  0.5126249E+01  0.2147046E+02  0.4532287E-04 -0.2887309E-04 -0.1281838E-04
Ar  858  0.1322246E+02  0.7773730E+01  0.2166451E+02  0.4429101E-04  0.8867073E-05 -0.4605384E-04
Ar  859  0.1341649E+02  0.5067089E+01  0.2452600E+02  0.2031050E-04  0.5328662E-04  0.5399411E-04
Ar  860  0.1095455E+02  0.7687792E+01  0.2454532E+02 -0.3616193E-04  0.1022984E-05 -0.8896584E-05
Ar  861  0.1084657E+02  0.5022450E+01  0.2711782E+02 -0.2663012E-04 -0.3277162E-04 -0.4242475E-04
Ar  862  0.1367443E+02  0.7812026E+01  0.2697859E+02  0.2837735E-04 -0.4232127E-04 -0.3321793E-04
Ar  863  0.1346814E+02  0.4995330E+01  0.2983507E+02 -0.6004831E-04  0.1038092E-03 -0.6170385E-04
Ar  864  0.1065639E+02  0.7876059E+01  0.2956977E+02  0.2195603E-04  0.4379326E-04 -0.1187729E-04
Ar  865  0.1059344E+02  0.5081056E+01  0.3201778E+02  0.2700890E-05 -0.1006995E-04  0.2343230E-04
Ar  866  0.1337523E+02  0.8137823E+01  0.3218461E+02  0.6772868E-04  0.5498801E-04  0.4187813E-04
Ar  867  0.1334810E+02  0.5535748E+01  0.3491031E+02 -0.9111800E-04  0.5418944E-04 -0.1192138E-04
Ar  868  0.1082061E+02  0.8086499E+01  0.3452208E+02  0.3992741E-04  0.5410392E-04  0.1009539E-03
Ar  869  0.1074950E+02  0.5591812E+01  0.3769575E+02 -0.1046936E-03  0.8698628E-04  0.4897958E-04
Ar  870  0.1356286E+02  0.7714428E+01  0.3750694E+02 -0.4089542E-04  0.2549626E-04  0.5071341E-04
Ar  871  0.1330913E+02  0.5303715E+01  0.4062554E+02 -0.1330855E-04 -0.6140116E-04  0.1788345E-04
Ar  872  0.1057876E+02  0.7799199E+01  0.4049671E+02  0.5794630E-04 -0.7728040E-05  0.2953170E-04
Ar  873  0.1058615E+02  0.5094863E+01  0.4306811E+02  0.1957579E-04  0.3500267E-04  0.6825417E-04
Ar  874  0.1357406E+02  0.7917946E+01  0.4345496E+02  0.3072316E-05  0.3249153E-04 -0.2964790E-04
Ar  875  0.1303896E+02  0.5370019E+01  0.4586295E+02 -0.1006834E-03 -0.1324005E-04  0.6793532E-05
Ar  876  0.1055202E+02  0.7812928E+01  0.4585220E+02 -0.2883316E-05 -0.9122244E-04 -0.2461989E-04
Ar  877  0.1053658E+02  0.5318626E+01  0.4852108E+02  0.5789598E-04  0.3012388E-04  0.1365135E-04
Ar  878  0.1329202E+02  0.7868175E+01  0.4862842E+02  0.1901649E-04  0.7113129E-04  0.2169944E-04
Ar  879  0.1320028E+02  0.5213620E+01  0.5121804E+02 -0.7774128E-05 -0.6795375E-05  0.4755664E-04
Ar  880  0.1062077E+02  0.7933264E+01  0.5119417E+02  0.9046857E-05 -0.1640340E-04 -0.1624623E-05
Ar  881  0.1091903E+02  0.1056435E+02  0.5384227E+02 -0.8773374E-04 -0.1016223E-04  0.6077619E-06
Ar  882  0.1363745E+02  0.1317118E+02  0.5350596E+02 -0.5111209E-04  0.7475757E-04 -0.1237698E-04
Ar  883  0.1351333E+02  0.1068012E+02  0.2476952E+01 -0.7604082E-05  0.4208804E-05 -0.2532527E-06
Ar  884  0.1105165E+02  0.1324053E+02  0.2407896E+01  0.3748650E-04  0.3787627E-04 -0.1808077E-04
Ar  885  0.1061103E+02  0.1083251E+02  0.5390497E+01  0.6092855E-05 -0.4469280E-04  0.3789319E-04
Ar  886  0.1353245E+02  0.1322039E+02  0.5267468E+01  0.1134135E-04 -0.4521139E-04 -0.1364710E-04
Ar  887  0.1307757E+02  0.1075487E+02  0.8160382E+01 -0.7766297E-04 -0.7694202E-04  0.8230214E-04
Ar  888  0.1032863E+02  0.1322721E+02  0.8266452E+01 -0.1116768E-04 -0.6861664E-05 -0.9115832E-04
Ar  889  0.1046268E+02  0.1041037E+02  0.1069842E+02  0.1955972E-04  0.6520705E-04  0.7196683E-04
Ar  890  0.1316989E+02  0.1334603E+02  0.1055870E+02  0.3138138E-04  0.4626910E-05  0.1386613E-04
Ar  891  0.1316338E+02  0.1086444E+02  0.1312067E+02  0.6873871E-04  0.1532260E-04 -0.6192196E-04
Ar  892  0.1042568E+02  0.1349968E+02  0.1325865E+02 -0.3815696E-04 -0.7785759E-04 -0.2301557E-04
Ar  893  0.1076670E+02  0.1079034E+02  0.1610571E+02  0.4768102E-05 -0.2981835E-04 -0.3679266E-04
Ar  894  0.1341681E+02  0.1345118E+02  0.1613008E+02  0.4649495E-04  0.1008669E-04  0.3533428E-04
Ar  895  0.1362331E+02  0.1091896E+02  0.1881641E+02  0.7178940E-04 -0.2273240E-05  0.3666637E-04
Ar  896  0.1083400E+02  0.1362158E+02  0.1846528E+02 -0.8472630E-04 -0.8159311E-04  0.3839797E-04
Ar  897  0.1075072E+02  0.1101503E+02  0.2113439E+02  0.5125211E-05  0.4591269E-04 -0.8012711E-04
Ar  898  0.1383138E+02  0.1330405E+02  0.2158345E+02  0.9680560E-05 -0.4122787E-05 -0.6711578E-06
Ar  899  0.1330394E+02  0.1051825E+02  0.2424952E+02  0.1138117E-04  0.7725096E-04 -0.1590249E-03
Ar  900  0.1092764E+02  0.1348475E+02  0.2389858E+02 -0.4962388E-05 -0.4142544E-04 -0.1352398E-04
Ar  901  0.1079397E+02  0.1061741E+02  0.2692955E+02  0.5417736E-05  0.1324878E-04  0.1789314E-04
Ar  902  0.1358640E+02  0.1347383E+02  0.2662068E+02 -0.1280286E-03 -0.1357287E-04 -0.5790833E-05
Ar  903  0.1351261E+02  0.1058171E+02  0.2956057E+02 -0.2173632E-04  0.2460482E-04  0.1900816E-04
Ar  904  0.1108921E+02  0.1314000E+02  0.2973663E+02  0.1250629E-04  0.5936436E-04  0.2190209E-04
Ar  905  0.1066764E+02  0.1069402E+02  0.3235264E+02  0.7126150E-04 -0.4828058E-05 -0.4036273E-04
Ar  906  0.1367460E+02  0.1318392E+02  0.3218544E+02  0.6358383E-04 -0.1391941E-04  0.2833997E-05
Ar  907  0.1346374E+02  0.1054709E+02  0.3513867E+02  0.6343706E-04  0.2662438E-04 -0.3544329E-04
Ar  908  0.1115859E+02  0.1325372E+02  0.3503295E+02  0.3386244E-04  0.2877847E-04  0.4391036E-04
Ar  909  0.1100291E+02  0.1062730E+02  0.3756386E+02 -0.4215703E-04 -0.1145465E-03  0.3369363E-04
Ar  910  0.1342782E+02  0.1353004E+02  0.3801800E+02  0.3925645E-04 -0.5893196E-04 -0.3146132E-04
Ar  911  0.1335955E+02  0.1035989E+02  0.4036538E+02 -0.3777647E-05 -0.5620100E-04  0.7703253E-05
Ar  912  0.1083867E+02  0.1317732E+02  0.4046443E+02  0.5464463E-04 -0.2347940E-05  0.1113152E-03
Ar  913  0.1101694E+02  0.1078391E+02  0.4307914E+02 -0.9865104E-05  0.5968377E-04  0.2100055E-04
Ar  914  0.1381807E+02  0.1338759E+02  0.4317911E+02  0.1563996E-04  0.4884883E-04  0.1389703E-04
Ar  915  0.1354432E+02  0.1093403E+02  0.4593419E+02 -0.4821076E-04  0.7344395E-04 -0.1748785E-04
Ar  916  0.1045518E+02  0.1341289E+02  0.4577132E+02  0.6138386E-04  0.1738455E-04  0.1343649E-04
Ar  917  0.1056552E+02  0.1059356E+02  0.4834626E+02  0.2386119E-04  0.5580308E-04  0.1188845E-03
Ar  918  0.1323423E+02  0.1333537E+02  0.4866057E+02 -0.2124380E-04 -0.9270695E-04  0.1257374E-04
Ar  919  0.1336406E+02  0.1041968E+02  0.5114921E+02 -0.3623517E-04 -0.5482310E-04  0.8570051E-04
Ar  920  0.1045714E+02  0.1322991E+02  0.5133481E+02  0.4585467E-04  0.1299824E-04 -0.5076986E-04
Ar  921  0.1097488E+02  0.1601912E+02  0.5380996E+02  0.6204409E-04 -0.1153970E-04 -0.1804140E-04
Ar  922  0.1357537E+02  0.1894037E+02  0.5389027E+02 -0.5204962E-04  0.9407286E-04 -0.6173608E-04
Ar  923  0.1324788E+02  0.1586288E+02  0.2538798E+01  0.4075044E-04 -0.1140043E-04 -0.2066278E-04
Ar  924  0.1107959E+02  0.1896239E+02  0.2295195E+01  0.2988154E-04  0.1758877E-04 -0.1678527E-04
Ar  925  0.1066260E+02  0.1581588E+02  0.5348195E+01 -0.5950091E-04  0.1882607E-04 -0.9981598E-04
Ar  926  0.1323881E+02  0.1877232E+02  0.5448553E+01 -0.1497657E-04  0.3641422E-04 -0.6178922E-04
Ar  927  0.1327492E+02  0.1628565E+02  0.8026979E+01 -0.4048292E-04  0.9932272E-05 -0.6349257E-04
Ar  928  0.1080905E+02  0.1858755E+02  0.8136551E+01  0.2594717E-04 -0.2468364E-04  0.3405114E-04
Ar  929  0.1077488E+02  0.1600186E+02  0.1086360E+02  0.4229487E-04 -0.2936489E-04  0.6976300E-04
Ar  930  0.1331941E+02  0.1884130E+02  0.1087160E+02 -0.2242607E-04 -0.5193044E-04 -0.5172765E-04
Ar  931  0.1373625E+02  0.1613593E+02  0.1364219E+02  0.5420428E-04  0.4110323E-04 -0.3891626E-04
Ar  932  0.1098625E+02  0.1882206E+02  0.1343813E+02 -0.8834266E-05  0.8285930E-04  0.5459661E-06
Ar  933  0.1083625E+02  0.1620861E+02  0.1611586E+02  0.3375151E-04  0.9097840E-05  0.8476116E-04
Ar  934  0.1371137E+02  0.1872720E+02  0.1596413E+02  0.2289126E-04  0.4216014E-04  0.4904146E-04
Ar  935  0.1357350E+02  0.1627421E+02  0.1865409E+02 -0.8471236E-05 -0.4056395E-04 -0.1970314E-04
Ar  936  0.1088996E+02  0.1870975E+02  0.1852429E+02 -0.3709677E-04  0.2285492E-04  0.8571483E-04
Ar  937  0.1107426E+02  0.1621040E+02  0.2118058E+02  0.2584226E-04  0.2437770E-04  0.5932255E-04
Ar  938  0.1358490E+02  0.1871971E+02  0.2176410E+02  0.1248155E-03  0.3236838E-04 -0.4048626E-05
Ar  939  0.1374991E+02  0.1615167E+02  0.2408857E+02  0.8524325E-04 -0.8562365E-04  0.5095210E-04
Ar  940  0.1065778E+02  0.1880183E+02  0.2421821E+02  0.3723624E-04  0.5310296E-04  0.5035394E-04
Ar  941  0.1108977E+02  0.1618493E+02  0.2693998E+02  0.1691057E-04 -0.3776593E-04  0.4214996E-04
Ar  942  0.1375516E+02  0.1883347E+02  0.2704966E+02 -0.8349468E-05  0.7928798E-04 -0.9671519E-04
Ar  943  0.1362175E+02  0.1578825E+02  0.2938742E+02 -0.6867052E-04 -0.7531406E-04  0.2740891E-04
Ar  944  0.1093754E+02  0.1885256E+02  0.2969299E+02 -0.3760443E-04 -0.2068928E-05  0.5620055E-04
Ar  945  0.1110869E+02  0.1598283E+02  0.3251273E+02 -0.4365634E-04  0.2295673E-04  0.4207263E-04
Ar  946  0.1336009E+02  0.1901994E+02  0.3205520E+02 -0.2510446E-04  0.9689028E-04 -0.9162191E-05
Ar  947  0.1369413E+02  0.1600638E+02  0.3515203E+02 -0.2103275E-04  0.7360800E-05 -0.7034574E-04
Ar  948  0.1102225E+02  0.1857207E+02  0.3540732E+02 -0.5364459E-04  0.3380410E-04 -0.5269642E-04
Ar  949  0.1083650E+02  0.1604823E+02  0.3818158E+02  0.4989079E-04  0.6903538E-04  0.4084498E-04
Ar  950  0.1349016E+02  0.1852714E+02  0.3777635E+02 -0.2278515E-04 -0.5528219E-04  0.6655735E-04
Ar  951  0.1372296E+02  0.1624808E+02  0.4076136E+02 -0.8047926E-04  0.2255246E-04 -0.2421306E-05
Ar  952  0.1104846E+02  0.1865021E+02  0.4057420E+02  0.5201209E-05 -0.3123818E-04  0.2015353E-04
Ar  953  0.1083279E+02  0.1594727E+02  0.4301384E+02 -0.1847103E-04 -0.6095731E-04  0.7116306E-04
Ar  954  0.1333251E+02  0.1882065E+02  0.4337508E+02 -0.2595330E-04  0.9115670E-04  0.3697402E-04
Ar  955  0.1314497E+02  0.1581672E+02  0.4566677E+02 -0.5679831E-06 -0.1078553E-04 -0.1287767E-04
Ar  956  0.1088412E+02  0.1880790E+02  0.4600684E+02 -0.1328019E-04 -0.1792281E-04 -0.4941308E-05
Ar  957  0.1077979E+02  0.1634977E+02  0.4847416E+02 -0.1010708E-04 -0.5413511E-04  0.1301681E-04
Ar  958  0.1389806E+02  0.1855593E+02  0.4851706E+02  0.2890080E-04 -0.6805302E-04  0.8634913E-05
Ar  959  0.1336619E+02  0.1608566E+02  0.5141868E+02 -0.1475723E-04  0.1676410E-03  0.5506265E-04
Ar  960  0.1087157E+02  0.1892120E+02  0.5119372E+02  0.5640958E-04  0.5045169E-04  0.1199494E-04
Ar  961  0.1073196E+02  0.2128042E+02  0.5381616E+02  0.1058252E-04 -0.2846587E-04  0.1670895E-04
Ar  962  0.1375183E+02  0.2418184E+02  0.2046030E+00  0.3117638E-04  0.3253474E-04 -0.4048887E-04
Ar  963  0.1360544E+02  0.2149224E+02  0.2758540E+01 -0.6423620E-04  0.5231816E-04 -0.7511845E-04
Ar  964  0.1069234E+02  0.2421913E+02  0.2654683E+01  0.4307647E-05 -0.5244715E-04  0.2847239E-04
Ar  965  0.1087897E+02  0.2151185E+02  0.5247213E+01  0.2337540E-04 -0.1059638E-04 -0.1654264E-04
Ar  966  0.1358512E+02  0.2433738E+02  0.5467103E+01  0.3112464E-05  0.2581330E-05 -0.3980731E-04
Ar  967  0.1317994E+02  0.2172250E+02  0.8078890E+01 -0.2416301E-04  0.8007083E-04 -0.3036256E-04
Ar  968  0.1077504E+02  0.2431914E+02  0.7873376E+01  0.3209017E-04 -0.2896698E-04 -0.5082311E-04
Ar  969  0.1072389E+02  0.2164811E+02  0.1057895E+02 -0.6819678E-04 -0.2270331E-04 -0.4364099E-04
Ar  970  0.1359798E+02  0.2423502E+02  0.1063141E+02  0.1755751E-04 -0.2281353E-04 -0.7066654E-04
Ar  971  0.1372955E+02  0.2140261E+02  0.1363511E+02  0.1185261E-04  0.3284539E-04  0.4122504E-04
Ar  972  0.1098033E+02  0.2407620E+02  0.1338453E+02  0.3595766E-04 -0.4895319E-05  0.7796561E-04
Ar  973  0.1076470E+02  0.2177434E+02  0.1620655E+02 -0.4762839E-04  0.7431989E-04 -0.5181616E-04
Ar  974  0.1319017E+02  0.2423387E+02  0.1633144E+02 -0.2215930E-04 -0.2693951E-04 -0.1619340E-04
Ar  975  0.1351877E+02  0.2108238E+02  0.1853015E+02  0.2181196E-04  0.1406878E-05 -0.9690623E-05
Ar  976  0.1048172E+02  0.2421792E+02  0.1920629E+02 -0.2895221E-04  0.6149881E-04 -0.1014687E-04
Ar  977  0.1057653E+02  0.2104487E+02  0.2138035E+02 -0.1300937E-04  0.2557617E-04 -0.5120742E-04
Ar  978  0.1324497E+02  0.2434905E+02  0.2155201E+02  0.1241596E-04 -0.1472031E-04 -0.1904201E-04
Ar  979  0.1338001E+02  0.2149193E+02  0.2421342E+02 -0.2104352E-04  0.7075184E-05  0.4369352E-04
Ar  980  0.1082430E+02  0.2409664E+02  0.2420913E+02  0.5000193E-04 -0.6716558E-04 -0.6606390E-04
Ar  981  0.1058832E+02  0.2122215E+02  0.2670692E+02  0.7361306E-04  0.3974323E-04  0.9160880E-05
Ar  982  0.1363498E+02  0.2441605E+02  0.2717624E+02  0.1334835E-04  0.1424820E-04 -0.2648494E-04
Ar  983  0.1335909E+02  0.2179666E+02  0.2959138E+02 -0.2330055E-04  0.2848109E-04 -0.6446307E-05
Ar  984  0.1055323E+02  0.2457927E+02  0.3001693E+02 -0.5242418E-05  0.1553370E-04 -0.4044466E-04
Ar  985  0.1063310E+02  0.2173480E+02  0.3276532E+02 -0.3938582E-04 -0.6940028E-04  0.2116142E-04
Ar  986  0.1374449E+02  0.2441732E+02  0.3248865E+02  0.6174429E-04  0.3284110E-04 -0.5170286E-04
Ar  987  0.1357790E+02  0.2156565E+02  0.3506239E+02  0.3533352E-04 -0.7673371E-04  0.4799509E-04
Ar  988  0.1104854E+02  0.2431150E+02  0.3518619E+02  0.2287312E-04  0.7322202E-04  0.4539157E-04
Ar  989  0.1116233E+02  0.2128044E+02  0.3777955E+02 -0.1839785E-04  0.6946597E-04 -0.3035544E-04
Ar  990  0.1366529E+02  0.2397887E+02  0.3780417E+02  0.3707722E-04  0.6309027E-04  0.6060669E-04
Ar  991  0.1365548E+02  0.2171208E+02  0.4046085E+02 -0.1307116E-04  0.1270653E-04 -0.7796160E-04
Ar  992  0.1101344E+02  0.2439689E+02  0.4066751E+02 -0.1172481E-04 -0.1153419E-04 -0.6070445E-04
Ar  993  0.1089138E+02  0.2176339E+02  0.4302235E+02  0.4391934E-05 -0.2002982E-04 -0.1243985E-04
Ar  994  0.1377384E+02  0.2419604E+02  0.4329143E+02 -0.1806287E-04  0.1823483E-04 -0.4907967E-04
Ar  995  0.1355791E+02  0.2166292E+02  0.4565531E+02 -0.4021834E-04 -0.5353217E-04 -0.8144276E-04
Ar  996  0.1093461E+02  0.2400316E+02  0.4594669E+02  0.3879558E-04  0.3209408E-05  0.2269108E-06
Ar  997  0.1092324E+02  0.2151952E+02  0.4848983E+02  0.3202089E-04 -0.3451782E-05  0.3920177E-04
Ar  998  0.1346343E+02  0.2435845E+02  0.4866308E+02  0.5626537E-05 -0.5903533E-05  0.5108740E-05
Ar  999  0.1363832E+02  0.2161441E+02  0.5112523E+02 -0.2412408E-04  0.1316832E-05 -0.1694738E-04
Ar 1000  0.1062545E+02  0.2382441E+02  0.5115354E+02 -0.2654672E-04 -0.3752346E-04  0.2249494E-04
Ar 1001  0.1089215E+02  0.2689896E+02  0.5388163E+02 -0.4460765E-04  0.4785056E-04  0.2721155E-04
Ar 1002  0.1361425E+02  0.2945580E+02  0.3691943E-02  0.4426600E-04 -0.2632254E-04  0.1393534E-04
Ar 1003  0.1353589E+02  0.2685175E+02  0.2644546E+01  0.3576942E-04  0.8437739E-04  0.1815132E-04
Ar 1004  0.1085289E+02  0.2948387E+02  0.2784705E+01 -0.5498276E-04 -0.8467137E-05  0.2393081E-04
Ar 1005  0.1119663E+02  0.2693085E+02  0.5415082E+01  0.4304015E-05  0.2469046E-04 -0.6087567E-05
Ar 1006  0.1350013E+02  0.2969325E+02  0.5643076E+01  0.3658419E-04 -0.9816066E-05 -0.4754535E-05
Ar 1007  0.1362092E+02  0.2677815E+02  0.8164417E+01  0.3408638E-04  0.9161228E-05 -0.2900952E-04
Ar 1008  0.1093311E+02  0.2944722E+02  0.8191967E+01  0.2396029E-04 -0.2070043E-04  0.3064763E-04
Ar 1009  0.1078215E+02  0.2698692E+02  0.1071180E+02  0.3010138E-04 -0.2375169E-04  0.6824005E-05
Ar 1010  0.1343325E+02  0.2948427E+02  0.1079543E+02 -0.2831635E-05  0.2822644E-06  0.2820328E-04
Ar 1011  0.1303819E+02  0.2696742E+02  0.1360680E+02  0.1297498E-04 -0.2919994E-04  0.7000386E-04
Ar 1012  0.1067941E+02  0.2967033E+02  0.1328974E+02  0.8430804E-04  0.1862151E-04  0.1001224E-04
Ar 1013  0.1037287E+02  0.2671960E+02  0.1622104E+02 -0.5080433E-08 -0.2162975E-04 -0.1154340E-04
Ar 1014  0.1327824E+02  0.2933078E+02  0.1639804E+02  0.4104981E-04  0.4568812E-04 -0.1556276E-04
Ar 1015  0.1321740E+02  0.2704332E+02  0.1888507E+02  0.2652186E-04 -0.8206304E-05 -0.5309850E-04
Ar 1016  0.1049599E+02  0.2943001E+02  0.1884690E+02 -0.4846354E-04  0.3758941E-04 -0.4691430E-04
Ar 1017  0.1087989E+02  0.2713263E+02  0.2196256E+02  0.9838528E-05 -0.1470496E-03 -0.4852735E-04
Ar 1018  0.1358156E+02  0.2930225E+02  0.2161200E+02 -0.1895632E-04 -0.6837239E-04  0.5436716E-04
Ar 1019  0.1350578E+02  0.2666088E+02  0.2443072E+02  0.1171350E-04 -0.2197382E-04 -0.2403739E-04
Ar 1020  0.1093674E+02  0.2949494E+02  0.2455038E+02  0.2934641E-04 -0.1589812E-04 -0.6360700E-04
Ar 1021  0.1081209E+02  0.2712512E+02  0.2720470E+02  0.4036598E-04 -0.8240035E-04 -0.9301175E-04
Ar 1022  0.1378505E+02  0.3006191E+02  0.2733891E+02 -0.3729008E-04  0.2425466E-04 -0.1189780E-04
Ar 1023  0.1338735E+02  0.2714197E+02  0.2966065E+02 -0.9303065E-04 -0.2914554E-04  0.8055253E-05
Ar 1024  0.1080232E+02  0.2959093E+02  0.2979168E+02  0.1154908E-04 -0.2745708E-04 -0.1091096E-03
Ar 1025  0.1076543E+02  0.2680649E+02  0.3253253E+02 -0.2573529E-04  0.3647475E-04  0.4244271E-05
Ar 1026  0.1360734E+02  0.2941551E+02  0.3246414E+02  0.3299576E-04 -0.2034860E-04  0.1223537E-03
Ar 1027  0.1385555E+02  0.2682471E+02  0.3483528E+02  0.2092297E-04 -0.1048301E-03 -0.5422649E-05
Ar 1028  0.1072865E+02  0.2947528E+02  0.3501193E+02  0.1847656E-05  0.1691142E-04  0.8341095E-05
Ar 1029  0.1118346E+02  0.2669025E+02  0.3791695E+02 -0.2723039E-04 -0.2532001E-04 -0.3314720E-04
Ar 1030  0.1306057E+02  0.2945213E+02  0.3755200E+02  0.3022572E-04 -0.1146092E-04  0.4976003E-05
Ar 1031  0.1366186E+02  0.2666213E+02  0.4059755E+02 -0.1039804E-05 -0.4609095E-04  0.2646254E-04
Ar 1032  0.1089424E+02  0.2939356E+02  0.4030282E+02  0.2858646E-04 -0.1300466E-04 -0.9736722E-05
Ar 1033  0.1084960E+02  0.2703242E+02  0.4304093E+02  0.4292110E-05 -0.4378581E-04  0.9580137E-04
Ar 1034  0.1375925E+02  0.2945745E+02  0.4295138E+02  0.3958678E-04 -0.2104871E-04  0.4770546E-05
Ar 1035  0.1345471E+02  0.2649143E+02  0.4580506E+02  0.7801018E-05  0.9436647E-04  0.2255037E-04
Ar 1036  0.1078542E+02  0.2957091E+02  0.4571250E+02 -0.1119543E-03  0.1893878E-04 -0.7132293E-04
Ar 1037  0.1088345E+02  0.2683894E+02  0.4864230E+02 -0.2858688E-04 -0.4178346E-04 -0.8432550E-04
Ar 1038  0.1350114E+02  0.2971518E+02  0.4880880E+02  0.4887093E-04  0.4094896E-05  0.3005982E-04
Ar 1039  0.1364311E+02  0.2705180E+02  0.5136988E+02 -0.1618536E-04  0.1219383E-04 -0.3926507E-04
Ar 1040  0.1069122E+02  0.2965593E+02  0.5134958E+02 -0.3209401E-04  0.7429980E-04  0.1946582E-04
Ar 1041  0.1050207E+02  0.3237065E+02  0.1369294E+00 -0.5072474E-05  0.3062822E-04 -0.4499393E-05
Ar 1042  0.1362874E+02  0.3491914E+02  0.5357860E+02 -0.2813296E-04  0.4195086E-04  0.3424322E-04
Ar 1043  0.1349610E+02  0.3223203E+02  0.2461699E+01 -0.8108836E-05  0.7792002E-04  0.4704694E-04
Ar 1044  0.1090764E+02  0.3512373E+02  0.2651406E+01 -0.3832693E-04 -0.6142473E-04  0.3031067E-04
Ar 1045  0.1108671E+02  0.3214716E+02  0.5248703E+01 -0.9783690E-05 -0.4735340E-04 -0.1595717E-04
Ar 1046  0.1336694E+02  0.3501221E+02  0.5388074E+01  0.4579064E-04  0.3335959E-04 -0.1000655E-04
Ar 1047  0.1361452E+02  0.3222455E+02  0.8180393E+01  0.3210589E-04  0.6141676E-04  0.5400456E-04
Ar 1048  0.1100711E+02  0.3511107E+02  0.8282494E+01 -0.1430354E-04 -0.6407219E-05 -0.3164614E-04
Ar 1049  0.1088117E+02  0.3226953E+02  0.1087722E+02 -0.1481870E-04 -0.1684104E-04  0.2535896E-04
Ar 1050  0.1331694E+02  0.3483126E+02  0.1085407E+02 -0.2336336E-05  0.3077574E-04 -0.4620880E-05
Ar 1051  0.1330383E+02  0.3221669E+02  0.1359539E+02  0.1472829E-04 -0.2563591E-04  0.6488558E-04
Ar 1052  0.1066378E+02  0.3474914E+02  0.1352409E+02  0.6110461E-04  0.1086777E-03 -0.7287285E-04
Ar 1053  0.1078082E+02  0.3224551E+02  0.1659040E+02 -0.1781435E-04  0.2073893E-04 -0.4965979E-04
Ar 1054  0.1319383E+02  0.3499409E+02  0.1600416E+02  0.2792738E-04 -0.5212297E-04 -0.5526787E-04
Ar 1055  0.1346360E+02  0.3227667E+02  0.1925118E+02  0.1892427E-05  0.4714358E-05 -0.2558771E-05
Ar 1056  0.1101449E+02  0.3503712E+02  0.1910154E+02 -0.7651458E-04  0.1338292E-04  0.1078594E-04
Ar 1057  0.1051627E+02  0.3214066E+02  0.2161346E+02  0.8495458E-04  0.4251491E-04 -0.3186789E-04
Ar 1058  0.1343582E+02  0.3509424E+02  0.2170758E+02 -0.4961441E-04 -0.1360367E-04 -0.5336855E-04
Ar 1059  0.1373552E+02  0.3201420E+02  0.2439973E+02  0.3377248E-04 -0.4957655E-04 -0.2686288E-04
Ar 1060  0.1076558E+02  0.3462356E+02  0.2456206E+02  0.6756859E-04  0.3610866E-04  0.5050876E-04
Ar 1061  0.1087798E+02  0.3208152E+02  0.2724147E+02 -0.2686968E-04 -0.1776074E-04  0.1274711E-04
Ar 1062  0.1360231E+02  0.3532414E+02  0.2691423E+02  0.4579734E-04 -0.4178723E-04 -0.2550529E-04
Ar 1063  0.1355916E+02  0.3236470E+02  0.3014722E+02  0.6138285E-04 -0.5743072E-04 -0.2919756E-04
Ar 1064  0.1091295E+02  0.3505561E+02  0.2973827E+02  0.1655246E-04 -0.2222790E-05  0.3408864E-04
Ar 1065  0.1041129E+02  0.3218888E+02  0.3250744E+02 -0.2454199E-05 -0.2566535E-04  0.5100043E-04
Ar 1066  0.1377039E+02  0.3494916E+02  0.3245675E+02  0.4612875E-04 -0.5917705E-04 -0.5658380E-04
Ar 1067  0.1323553E+02  0.3238651E+02  0.3487961E+02 -0.9680044E-04 -0.1916422E-04 -0.1154364E-04
Ar 1068  0.1052615E+02  0.3522282E+02  0.3507647E+02  0.6236129E-04  0.2953194E-04  0.1262684E-04
Ar 1069  0.1065276E+02  0.3231207E+02  0.3778267E+02 -0.3466573E-05  0.2937739E-04 -0.8834037E-04
Ar 1070  0.1323785E+02  0.3466374E+02  0.3740578E+02 -0.2473066E-04 -0.1389897E-04 -0.9491039E-05
Ar 1071  0.1345731E+02  0.3233264E+02  0.4045475E+02  0.6330163E-04 -0.3006150E-04 -0.1492992E-04
Ar 1072  0.1110945E+02  0.3505347E+02  0.4049973E+02 -0.7495535E-04 -0.2761958E-04  0.8587733E-04
Ar 1073  0.1074160E+02  0.3211363E+02  0.4298166E+02  0.7129437E-04  0.1936181E-04  0.6135951E-05
Ar 1074  0.1359707E+02  0.3496399E+02  0.4317901E+02  0.1056008E-04 -0.4799154E-05  0.5086383E-05
Ar 1075  0.1336914E+02  0.3222504E+02  0.4562609E+02  0.1550292E-04 -0.4244354E-04  0.6196790E-04
Ar 1076  0.1100370E+02  0.3468072E+02  0.4548827E+02 -0.2696242E-04 -0.2813823E-04 -0.1316344E-05
Ar 1077  0.1056301E+02  0.3245521E+02  0.4824749E+02 -0.6199387E-04 -0.2984458E-04 -0.1290026E-04
Ar 1078  0.1361823E+02  0.3492096E+02  0.4861747E+02  0.3829435E-05  0.2909308E-04 -0.3369777E-06
Ar 1079  0.1340236E+02  0.3203855E+02  0.5144466E+02  0.5320741E-04 -0.5452700E-04 -0.3107707E-04
Ar 1080  0.1098054E+02  0.3463239E+02  0.5101477E+02  0.1330069E-04  0.1369004E-04 -0.6898324E-04
Ar 1081  0.1106549E+02  0.3775784E+02  0.5393006E+02  0.5900946E-04  0.1170589E-03 -0.1125836E-03
Ar 1082  0.1367720E+02  0.4047288E+02  0.5395314E+02 -0.2898619E-04 -0.5187532E-04 -0.4305713E-04
Ar 1083  0.1374357E+02  0.3776221E+02  0.2844390E+01  0.3302549E-04 -0.2981227E-04 -0.2218962E-05
Ar 1084  0.1091491E+02  0.4060593E+02  0.2606642E+01 -0.9095654E-05 -0.1355184E-04 -0.1128969E-04
Ar 1085  0.1072444E+02  0.3805846E+02  0.5308699E+01  0.2128712E-04  0.2043517E-04 -0.2901241E-04
Ar 1086  0.1345732E+02  0.4074019E+02  0.5528557E+01 -0.3840157E-04  0.8015656E-04  0.4572716E-04
Ar 1087  0.1342187E+02  0.3806704E+02  0.8151868E+01  0.3459712E-04  0.6472767E-04 -0.4656478E-05
Ar 1088  0.1075539E+02  0.4054284E+02  0.8195646E+01  0.2593569E-04 -0.3404080E-04  0.6939721E-04
Ar 1089  0.1063155E+02  0.3771020E+02  0.1089068E+02 -0.5725769E-05  0.6095012E-04  0.1147830E-04
Ar 1090  0.1358703E+02  0.4030833E+02  0.1094922E+02 -0.2265177E-04 -0.5303383E-04 -0.5027779E-04
Ar 1091  0.1327391E+02  0.3780149E+02  0.1378198E+02 -0.1298670E-04 -0.6350130E-04  0.3786228E-04
Ar 1092  0.1073624E+02  0.4020064E+02  0.1363942E+02 -0.2753295E-04 -0.4546887E-04  0.2261283E-04
Ar 1093  0.1071886E+02  0.3760879E+02  0.1637979E+02 -0.5497832E-04 -0.6397590E-05 -0.1933942E-04
Ar 1094  0.1363619E+02  0.4047186E+02  0.1609676E+02  0.4605938E-04  0.1608423E-04  0.4727116E-04
Ar 1095  0.1337855E+02  0.3793336E+02  0.1900158E+02 -0.2714306E-06 -0.2792967E-04  0.1018886E-03
Ar 1096  0.1062181E+02  0.4050999E+02  0.1904245E+02  0.1761255E-04  0.3711787E-04 -0.6877505E-04
Ar 1097  0.1091559E+02  0.3819223E+02  0.2175937E+02 -0.3389816E-04  0.6024172E-05 -0.3696824E-04
Ar 1098  0.1370405E+02  0.4069740E+02  0.2138837E+02 -0.1056814E-04 -0.2202138E-04  0.1373623E-04
Ar 1099  0.1357929E+02  0.3775490E+02  0.2425111E+02 -0.4851838E-05  0.2591321E-04  0.1620822E-04
Ar 1100  0.1062180E+02  0.4054399E+02  0.2445296E+02  0.5740473E-05  0.3514338E-04  0.5093860E-05
Ar 1101  0.1075480E+02  0.3778162E+02  0.2685063E+02  0.4327716E-04 -0.4734096E-04 -0.5483103E-04
Ar 1102  0.1365999E+02  0.4019853E+02  0.2696732E+02  0.3356865E-04  0.4910906E-04 -0.5462963E-04
Ar 1103  0.1324292E+02  0.3764079E+02  0.2985976E+02  0.5036435E-04  0.3563730E-04  0.6788147E-04
Ar 1104  0.1078068E+02  0.4043941E+02  0.2977811E+02  0.1097811E-04 -0.2861404E-04  0.4101118E-05
Ar 1105  0.1085997E+02  0.3751710E+02  0.3234499E+02  0.2792334E-04 -0.5592448E-05 -0.7433282E-04
Ar 1106  0.1330954E+02  0.4039188E+02  0.3251464E+02 -0.1205835E-04  0.3078740E-04  0.1596967E-04
Ar 1107  0.1359124E+02  0.3735776E+02  0.3504316E+02 -0.1614565E-05 -0.5408650E-05 -0.4880821E-04
Ar 1108  0.1070602E+02  0.4007259E+02  0.3502892E+02  0.5745066E-04 -0.3489962E-04  0.7382495E-04
Ar 1109  0.1108288E+02  0.3760961E+02  0.3799880E+02  0.1576922E-04 -0.7364970E-05 -0.3564592E-04
Ar 1110  0.1369406E+02  0.4026431E+02  0.3780666E+02 -0.2771040E-04 -0.2120307E-04 -0.3840751E-04
Ar 1111  0.1372676E+02  0.3765487E+02  0.4043527E+02 -0.1441911E-04  0.1527185E-04 -0.1937341E-04
Ar 1112  0.1100858E+02  0.4028906E+02  0.4053070E+02 -0.3315774E-04 -0.5587969E-04  0.3004438E-04
Ar 1113  0.1089899E+02  0.3749551E+02  0.4299448E+02  0.8265570E-04 -0.2907933E-04 -0.2489567E-04
Ar 1114  0.1364889E+02  0.4037601E+02  0.4320059E+02  0.2798073E-04  0.1296643E-04 -0.3627345E-04
Ar 1115  0.1346008E+02  0.3743725E+02  0.4565398E+02  0.3604861E-04  0.3228632E-04  0.9865816E-04
Ar 1116  0.1100153E+02  0.4025807E+02  0.4597241E+02 -0.5292310E-04  0.1192160E-04 -0.5248665E-04
Ar 1117  0.1051546E+02  0.3746875E+02  0.4841067E+02  0.2053888E-04 -0.1034788E-03  0.4267180E-04
Ar 1118  0.1371657E+02  0.4016555E+02  0.4829985E+02  0.2576868E-04 -0.6034520E-04  0.8772740E-04
Ar 1119  0.1346727E+02  0.3762952E+02  0.5091790E+02 -0.8105931E-04  0.2665300E-05  0.6737441E-05
Ar 1120  0.1078911E+02  0.4055273E+02  0.5079059E+02 -0.1754382E-04  0.6225142E-04 -0.2778452E-04
Ar 1121  0.1107588E+02  0.4309619E+02  0.5399003E+02  0.7927681E-05  0.7984209E-04 -0.6157249E-04
Ar 1122  0.1391194E+02  0.4563099E+02  0.5397359E+02  0.6225862E-04 -0.2239921E-04  0.9847474E-04
Ar 1123  0.1358774E+02  0.4295411E+02  0.2791490E+01 -0.5248299E-04 -0.3717312E-04  0.2290548E-04
Ar 1124  0.1098079E+02  0.4580766E+02  0.2796787E+01 -0.6141895E-05  0.2621535E-04 -0.1143258E-04
Ar 1125  0.1082216E+02  0.4295828E+02  0.5215539E+01 -0.1686956E-05 -0.3597561E-04  0.6484531E-05
Ar 1126  0.1373695E+02  0.4551169E+02  0.5447101E+01 -0.2672945E-04 -0.5621532E-04  0.3296207E-04
Ar 1127  0.1358456E+02  0.4322029E+02  0.8109276E+01 -0.7737013E-05  0.7149873E-04 -0.5709918E-05
Ar 1128  0.1084020E+02  0.4554260E+02  0.7848808E+01 -0.2192279E-04 -0.3619409E-05  0.2461880E-04
Ar 1129  0.1080195E+02  0.4328044E+02  0.1060718E+02 -0.2198316E-05  0.5120582E-04  0.5437966E-05
Ar 1130  0.1378244E+02  0.4561003E+02  0.1065404E+02 -0.1298080E-04 -0.2928032E-04  0.2253240E-04
Ar 1131  0.1341279E+02  0.4305272E+02  0.1315971E+02  0.1070503E-03 -0.1829575E-04  0.5930192E-04
Ar 1132  0.1050616E+02  0.4578450E+02  0.1339347E+02 -0.4823297E-04  0.6658143E-05  0.5450600E-04
Ar 1133  0.1054775E+02  0.4301340E+02  0.1624098E+02  0.4095246E-04 -0.5705981E-04 -0.7649753E-04
Ar 1134  0.1307987E+02  0.4572422E+02  0.1606217E+02 -0.1180300E-03 -0.9295307E-04 -0.3642314E-04
Ar 1135  0.1320224E+02  0.4297972E+02  0.1835795E+02 -0.5171006E-04 -0.2101482E-04 -0.2755154E-04
Ar 1136  0.1075763E+02  0.4568227E+02  0.1932123E+02 -0.1233424E-04  0.3073450E-04  0.1065402E-03
Ar 1137  0.1065657E+02  0.4310681E+02  0.2201877E+02 -0.6757731E-04  0.4494615E-04  0.8140388E-04
Ar 1138  0.1316734E+02  0.4564047E+02  0.2196902E+02  0.1033382E-03 -0.3562090E-05  0.2305271E-04
Ar 1139  0.1347626E+02  0.4301046E+02  0.2452035E+02  0.4059387E-04  0.4361286E-04  0.6562037E-04
Ar 1140  0.1052142E+02  0.4596190E+02  0.2426792E+02  0.7149012E-05 -0.2269146E-04  0.1071206E-04
Ar 1141  0.1059949E+02  0.4345990E+02  0.2687944E+02 -0.2471237E-04  0.8211802E-04  0.3028114E-04
Ar 1142  0.1329156E+02  0.4612493E+02  0.2707078E+02  0.1903892E-04 -0.6978319E-04  0.2248962E-04
Ar 1143  0.1353351E+02  0.4278663E+02  0.2941088E+02  0.3952424E-04 -0.2759095E-04 -0.1110866E-04
Ar 1144  0.1113356E+02  0.4592113E+02  0.2991543E+02  0.4073332E-04 -0.3884844E-04  0.5868485E-05
Ar 1145  0.1074385E+02  0.4283249E+02  0.3255806E+02  0.5962986E-05  0.3013996E-04  0.1722406E-04
Ar 1146  0.1365972E+02  0.4585106E+02  0.3235777E+02  0.5545314E-04  0.1867404E-04  0.3739973E-04
Ar 1147  0.1367805E+02  0.4312124E+02  0.3484627E+02  0.2349448E-04  0.2954132E-05  0.5485112E-04
Ar 1148  0.1081568E+02  0.4579364E+02  0.3513035E+02 -0.2962484E-04  0.6892706E-04 -0.7806965E-04
Ar 1149  0.1091926E+02  0.4302891E+02  0.3760331E+02  0.7512742E-04  0.2399693E-05  0.1273719E-03
Ar 1150  0.1367222E+02  0.4570113E+02  0.3777932E+02 -0.1362677E-04  0.7529870E-05  0.2488016E-04
Ar 1151  0.1321540E+02  0.4311627E+02  0.4045474E+02  0.3679453E-04 -0.2764408E-04 -0.3789520E-04
Ar 1152  0.1091699E+02  0.4589812E+02  0.4015065E+02 -0.2782780E-04  0.8877083E-04  0.1773603E-04
Ar 1153  0.1104391E+02  0.4265992E+02  0.4322528E+02  0.5331607E-04 -0.9415301E-04  0.3803878E-04
Ar 1154  0.1327320E+02  0.4614145E+02  0.4329180E+02 -0.4091080E-04  0.1336563E-04 -0.2983386E-04
Ar 1155  0.1364445E+02  0.4314048E+02  0.4591228E+02  0.6289205E-04  0.3250583E-04  0.1815273E-04
Ar 1156  0.1065548E+02  0.4596393E+02  0.4596280E+02  0.6122086E-04 -0.2966537E-04 -0.2889051E-04
Ar 1157  0.1129692E+02  0.4326137E+02  0.4863482E+02 -0.3583094E-04 -0.2566321E-04  0.9881484E-05
Ar 1158  0.1371070E+02  0.4611502E+02  0.4860312E+02 -0.2045782E-04 -0.4985718E-04  0.5245811E-04
Ar 1159  0.1362675E+02  0.4289974E+02  0.5142405E+02  0.2200112E-04 -0.3230909E-04 -0.1859788E-04
Ar 1160  0.1109423E+02  0.4564634E+02  0.5147631E+02 -0.1506912E-04 -0.6749282E-04  0.5828670E-05
Ar 1161  0.1068325E+02  0.4840768E+02  0.5388183E+02 -0.7606778E-04  0.7048478E-04 -0.1226413E-04
Ar 1162  0.1339843E+02  0.5121799E+02  0.5391472E+02 -0.2357902E-04 -0.9544321E-04  0.1220875E-03
Ar 1163  0.1368010E+02  0.4818275E+02  0.2297787E+01 -0.1704671E-04 -0.5783061E-04 -0.1902502E-04
Ar 1164  0.1137035E+02  0.5111359E+02  0.2670769E+01 -0.1536434E-04 -0.4191267E-04 -0.3134827E-04
Ar 1165  0.1115554E+02  0.4844577E+02  0.5288025E+01 -0.6305121E-05 -0.3548650E-04  0.2148936E-04
Ar 1166  0.1370740E+02  0.5107063E+02  0.5323495E+01  0.7215224E-04  0.3253714E-04 -0.4752048E-05
Ar 1167  0.1364056E+02  0.4824979E+02  0.8201915E+01 -0.2018198E-04  0.1222303E-04  0.3073683E-05
Ar 1168  0.1064327E+02  0.5094095E+02  0.7758899E+01  0.1238335E-04  0.1232674E-04 -0.7428874E-04
Ar 1169  0.1061863E+02  0.4833227E+02  0.1049736E+02 -0.5881448E-04  0.2609120E-04 -0.5152789E-04
Ar 1170  0.1357287E+02  0.5076266E+02  0.1078221E+02 -0.9209248E-04 -0.4213246E-04 -0.3445159E-04
Ar 1171  0.1363256E+02  0.4814586E+02  0.1320487E+02  0.2560973E-04 -0.6570469E-04  0.2152678E-04
Ar 1172  0.1058764E+02  0.5119341E+02  0.1341348E+02  0.4515465E-04 -0.6842469E-05 -0.3461305E-04
Ar 1173  0.1083327E+02  0.4835963E+02  0.1593591E+02  0.2059090E-04  0.4068690E-04 -0.8743510E-04
Ar 1174  0.1349698E+02  0.5162951E+02  0.1614860E+02  0.5303489E-04 -0.1038375E-04  0.1257938E-04
Ar 1175  0.1327461E+02  0.4896340E+02  0.1868805E+02 -0.1082784E-03  0.7795924E-04 -0.5335508E-04
Ar 1176  0.1053779E+02  0.5111871E+02  0.1848926E+02  0.1296594E-04  0.1771021E-04 -0.3300136E-04
Ar 1177  0.1059354E+02  0.4866570E+02  0.2151169E+02  0.1201443E-04 -0.1131557E-04  0.4381168E-04
Ar 1178  0.1333849E+02  0.5151450E+02  0.2171443E+02  0.3788097E-04 -0.1479208E-04 -0.3019614E-05
Ar 1179  0.1337635E+02  0.4868165E+02  0.2427019E+02  0.1834148E-04  0.1539981E-04 -0.1015975E-03
Ar 1180  0.1104040E+02  0.5130136E+02  0.2433981E+02  0.3082562E-04  0.3189835E-04 -0.1954935E-05
Ar 1181  0.1071988E+02  0.4846138E+02  0.2709640E+02 -0.2248864E-04  0.1391879E-05  0.2387324E-04
Ar 1182  0.1337693E+02  0.5150420E+02  0.2705058E+02  0.1014737E-03 -0.1448534E-04 -0.4479704E-04
Ar 1183  0.1328373E+02  0.4874970E+02  0.2959923E+02  0.4414562E-04 -0.1145567E-04 -0.3549325E-04
Ar 1184  0.1080079E+02  0.5121890E+02  0.2961864E+02  0.1785383E-04  0.5618105E-04  0.5390161E-04
Ar 1185  0.1090255E+02  0.4852956E+02  0.3242516E+02 -0.1127156E-03 -0.1823315E-04 -0.2382309E-04
Ar 1186  0.1344449E+02  0.5121943E+02  0.3250911E+02 -0.3310338E-04 -0.4898370E-04  0.4119964E-04
Ar 1187  0.1328737E+02  0.4850438E+02  0.3513953E+02 -0.5044443E-04  0.3973784E-04 -0.2398609E-04
Ar 1188  0.1075992E+02  0.5107835E+02  0.3512385E+02 -0.6678105E-04  0.2865596E-04  0.1530803E-04
Ar 1189  0.1108729E+02  0.4852047E+02  0.3788524E+02 -0.7749629E-04 -0.1105343E-04  0.2865677E-04
Ar 1190  0.1354044E+02  0.5136049E+02  0.3789660E+02  0.1041323E-04 -0.3325853E-04  0.3909565E-04
Ar 1191  0.1354622E+02  0.4835476E+02  0.4050902E+02 -0.8726609E-05 -0.2301717E-04 -0.4261586E-04
Ar 1192  0.1062042E+02  0.5121237E+02  0.4039393E+02  0.7390749E-04 -0.5526184E-04 -0.5412030E-05
Ar 1193  0.1085289E+02  0.4888731E+02  0.4310733E+02  0.4829490E-04 -0.3399777E-04 -0.4150077E-04
Ar 1194  0.1344621E+02  0.5116063E+02  0.4295929E+02  0.3107662E-05 -0.2765232E-04 -0.5157371E-04
Ar 1195  0.1335798E+02  0.4868400E+02  0.4589206E+02 -0.2318573E-04  0.2863446E-04 -0.4117613E-04
Ar 1196  0.1063668E+02  0.5116931E+02  0.4601929E+02 -0.4235447E-04  0.2550317E-04  0.5214470E-04
Ar 1197  0.1055802E+02  0.4856825E+02  0.4871503E+02  0.7519868E-04 -0.6895472E-05  0.3572884E-04
Ar 1198  0.1320631E+02  0.5100098E+02  0.4846693E+02  0.1758710E-05 -0.3820561E-04 -0.3007744E-04
Ar 1199  0.1350867E+02  0.4874351E+02  0.5158198E+02 -0.7542935E-04 -0.6075450E-04  0.1709406E-04
Ar 1200  0.1100226E+02  0.5155643E+02  0.5139011E+02  0.1014438E-03  0.1880305E-04 -0.2361826E-04
Ar 1201  0.1619776E+02  0.5366046E+02  0.7776630E-01 -0.7100367E-04  0.7180446E-04  0.2033706E-04
Ar 1202  0.1884136E+02  0.2302754E+01  0.5396579E+02  0.1489270E-04  0.5301965E-04 -0.4153375E-04
Ar 1203  0.1875985E+02  0.5398329E+02  0.2712837E+01  0.1090748E-04  0.9780807E-04 -0.1248409E-04
Ar 1204  0.1612576E+02  0.2628720E+01  0.2439374E+01  0.4330218E-05 -0.2966158E-04 -0.8901105E-05
Ar 1205  0.1604353E+02  0.5395340E+02  0.5339093E+01 -0.1127570E-03 -0.5479416E-04  0.2044811E-04
Ar 1206  0.1862453E+02  0.2680313E+01  0.5229625E+01 -0.6464913E-04  0.3291781E-04  0.3643770E-04
Ar 1207  0.1895258E+02  0.3396711E-02  0.7730112E+01 -0.4330546E-05 -0.4361772E-04  0.1030457E-04
Ar 1208  0.1599920E+02  0.2471055E+01  0.7946968E+01  0.2989814E-04  0.5735230E-05  0.5297830E-04
Ar 1209  0.1578867E+02  0.5383928E+02  0.1089057E+02  0.6047864E-05  0.2281277E-04 -0.3349047E-04
Ar 1210  0.1885923E+02  0.2646838E+01  0.1068432E+02  0.4806406E-04  0.3686350E-04  0.6021858E-04
Ar 1211  0.1869419E+02  0.6694683E-01  0.1320237E+02 -0.4101931E-04  0.5965385E-04  0.1331535E-04
Ar 1212  0.1618507E+02  0.2735422E+01  0.1313755E+02 -0.1863550E-04  0.5974338E-04 -0.1091535E-03
Ar 1213  0.1625886E+02  0.2893086E-01  0.1584315E+02 -0.4408725E-04  0.4923330E-04 -0.3986020E-04
Ar 1214  0.1853394E+02  0.2797263E+01  0.1608630E+02  0.2631703E-04  0.4821031E-04  0.5848455E-04
Ar 1215  0.1883776E+02  0.1829142E+00  0.1864688E+02 -0.5298033E-05 -0.4021173E-04 -0.2682785E-04
Ar 1216  0.1612333E+02  0.2662057E+01  0.1877448E+02  0.6583401E-04 -0.5063938E-04 -0.9720453E-05
Ar 1217  0.1595965E+02  0.2465961E+00  0.2140935E+02  0.8516691E-04 -0.2060780E-04  0.5252805E-04
Ar 1218  0.1888977E+02  0.2577476E+01  0.2152007E+02 -0.2217253E-05  0.5401221E-04  0.6871720E-04
Ar 1219  0.1855394E+02  0.5353878E+02  0.2429633E+02 -0.1151731E-04 -0.9900922E-04 -0.2360393E-04
Ar 1220  0.1633001E+02  0.2832494E+01  0.2413442E+02  0.5818457E-04 -0.1017034E-03  0.6444548E-04
Ar 1221  0.1614114E+02  0.5385514E+02  0.2705255E+02 -0.5560754E-04 -0.2704051E-04 -0.4988466E-05
Ar 1222  0.1891283E+02  0.2296560E+01  0.2648882E+02 -0.6396761E-04  0.9596445E-05  0.3120550E-04
Ar 1223  0.1903306E+02  0.5719327E-01  0.2949140E+02 -0.6583778E-04 -0.2273793E-04  0.4267569E-04
Ar 1224  0.1627993E+02  0.2328760E+01  0.2968769E+02 -0.1627182E-04 -0.2031408E-04 -0.3669255E-05
Ar 1225  0.1647556E+02  0.5393185E+02  0.3242773E+02 -0.1372242E-03  0.9889979E-04 -0.1006227E-03
Ar 1226  0.1890711E+02  0.2681043E+01  0.3224237E+02 -0.3391171E-04 -0.2414091E-04 -0.1751008E-04
Ar 1227  0.1889340E+02  0.5387547E+02  0.3527134E+02  0.1922505E-05  0.4688294E-04  0.1274891E-04
Ar 1228  0.1555306E+02  0.2702802E+01  0.3522118E+02  0.1006948E-04  0.3880894E-04  0.2471350E-04
Ar 1229  0.1614561E+02  0.5399019E+02  0.3809040E+02  0.1069808E-04 -0.3151194E-04  0.5502824E-04
Ar 1230  0.1858095E+02  0.2747964E+01  0.3780874E+02  0.5343971E-04 -0.4966656E-04  0.5462938E-04
Ar 1231  0.1870581E+02  0.1828583E-02  0.4053407E+02  0.2838403E-04 -0.2365543E-04  0.3630937E-04
Ar 1232  0.1589830E+02  0.2769502E+01  0.4027138E+02 -0.3195549E-04  0.3443519E-04  0.5658407E-04
Ar 1233  0.1611343E+02  0.4320204E-01  0.4318657E+02  0.3126156E-04  0.4675621E-04  0.1173338E-04
Ar 1234  0.1864611E+02  0.2805877E+01  0.4291484E+02 -0.9240424E-04  0.7511918E-04  0.4949895E-04
Ar 1235  0.1842955E+02  0.1918909E+00  0.4589770E+02  0.2673848E-05  0.8568280E-04  0.2921210E-04
Ar 1236  0.1605210E+02  0.2822044E+01  0.4598277E+02 -0.9197902E-06 -0.4693753E-04 -0.8407972E-05
Ar 1237  0.1598170E+02  0.5384062E+02  0.4857383E+02 -0.1370572E-05  0.3171367E-04  0.8393751E-04
Ar 1238  0.1869014E+02  0.2978047E+01  0.4875488E+02  0.4788994E-05  0.2078082E-04 -0.8293992E-04
Ar 1239  0.1878366E+02  0.1119336E+00  0.5137459E+02  0.9465840E-05  0.3113593E-04 -0.8466441E-04
Ar 1240  0.1633182E+02  0.2530656E+01  0.5141753E+02  0.3687374E-04  0.1324276E-04 -0.4502044E-04
Ar 1241  0.1610224E+02  0.5237925E+01  0.5360813E+02 -0.7073139E-04  0.6851250E-04 -0.4416936E-04
Ar 1242  0.1870111E+02  0.8209862E+01  0.7200067E-02  0.1107313E-05 -0.1108066E-04  0.2730014E-05
Ar 1243  0.1883659E+02  0.5184925E+01  0.2831995E+01 -0.2756080E-04 -0.3053349E-04 -0.5338322E-04
Ar 1244  0.1593578E+02  0.7917597E+01  0.2666753E+01 -0.5172425E-04  0.3612597E-05  0.3444590E-04
Ar 1245  0.1579790E+02  0.5165305E+01  0.5337730E+01 -0.2867066E-04  0.4267954E-04  0.2389197E-04
Ar 1246  0.1859732E+02  0.7899722E+01  0.5214777E+01 -0.4952234E-04  0.3329048E-04 -0.2581440E-04
Ar 1247  0.1841786E+02  0.5200734E+01  0.7778460E+01 -0.2230801E-04  0.3129839E-04  0.4383888E-04
Ar 1248  0.1587093E+02  0.7883405E+01  0.7964020E+01 -0.1723928E-04 -0.3529202E-04  0.5665621E-04
Ar 1249  0.1612286E+02  0.5399477E+01  0.1072697E+02  0.1017845E-03  0.4911857E-04  0.2521737E-04
Ar 1250  0.1891161E+02  0.8180994E+01  0.1099122E+02 -0.4420810E-04 -0.8437092E-04  0.1238804E-04
Ar 1251  0.1850093E+02  0.5423139E+01  0.1318758E+02  0.1537729E-04 -0.2327427E-04 -0.2563944E-04
Ar 1252  0.1601096E+02  0.8093659E+01  0.1345502E+02  0.8960284E-04  0.4185155E-04 -0.7180441E-04
Ar 1253  0.1603046E+02  0.5213926E+01  0.1616801E+02  0.1692150E-04 -0.2622104E-04  0.3353443E-04
Ar 1254  0.1891441E+02  0.8217539E+01  0.1618578E+02  0.3687391E-04  0.3536679E-04 -0.4007905E-04
Ar 1255  0.1894844E+02  0.5123309E+01  0.1896077E+02  0.2129662E-05 -0.9400217E-05  0.3389632E-04
Ar 1256  0.1639548E+02  0.7958071E+01  0.1881893E+02  0.3237177E-04  0.5952833E-04 -0.6013325E-04
Ar 1257  0.1595259E+02  0.5319902E+01  0.2140427E+02  0.5991104E-04 -0.1141389E-04  0.2273237E-04
Ar 1258  0.1887106E+02  0.8018811E+01  0.2170111E+02  0.7338807E-04  0.2441199E-05  0.5362666E-04
Ar 1259  0.1885009E+02  0.5444579E+01  0.2408878E+02  0.2576459E-05 -0.1030365E-04  0.4510719E-05
Ar 1260  0.1601477E+02  0.7867031E+01  0.2398168E+02  0.7451062E-04 -0.2494274E-04 -0.3729090E-04
Ar 1261  0.1590769E+02  0.5074091E+01  0.2725389E+02  0.2741875E-04 -0.1200567E-04 -0.1915589E-04
Ar 1262  0.1872143E+02  0.7756432E+01  0.2725732E+02 -0.1832262E-04  0.3567364E-04 -0.2111160E-04
Ar 1263  0.1902555E+02  0.5115575E+01  0.2971583E+02 -0.2632143E-04  0.7883800E-04  0.5974997E-04
Ar 1264  0.1617343E+02  0.7863124E+01  0.2973342E+02  0.2225768E-04 -0.6874816E-04 -0.1435807E-04
Ar 1265  0.1610103E+02  0.4929776E+01  0.3237238E+02 -0.4298251E-04 -0.5304194E-04  0.2484397E-06
Ar 1266  0.1866890E+02  0.7633453E+01  0.3240711E+02  0.5639359E-04 -0.2697122E-04  0.3693866E-04
Ar 1267  0.1890151E+02  0.5232290E+01  0.3507428E+02  0.2242086E-04 -0.1053076E-05 -0.1202442E-04
Ar 1268  0.1612125E+02  0.7744242E+01  0.3500917E+02  0.3408701E-04  0.2476667E-04  0.3006033E-04
Ar 1269  0.1624213E+02  0.5436809E+01  0.3775949E+02 -0.7321512E-05  0.7929478E-04  0.4606400E-04
Ar 1270  0.1878266E+02  0.8148371E+01  0.3788222E+02  0.3576398E-04  0.5999259E-04 -0.1954185E-05
Ar 1271  0.1910163E+02  0.5446898E+01  0.4035225E+02  0.2442269E-04  0.7024293E-05  0.1097072E-03
Ar 1272  0.1614762E+02  0.7876289E+01  0.4051686E+02 -0.3627462E-04  0.7891584E-04  0.9214174E-04
Ar 1273  0.1601080E+02  0.5203744E+01  0.4330117E+02 -0.1556699E-05 -0.5948347E-05 -0.3204654E-04
Ar 1274  0.1888425E+02  0.8015717E+01  0.4324000E+02 -0.1506391E-04 -0.9904624E-04  0.9833963E-05
Ar 1275  0.1892554E+02  0.5430849E+01  0.4581248E+02  0.7343092E-04 -0.1515443E-04  0.3421452E-04
Ar 1276  0.1609052E+02  0.7734632E+01  0.4603090E+02  0.6053989E-05  0.9575123E-05 -0.4836928E-04
Ar 1277  0.1608512E+02  0.5517387E+01  0.4861838E+02 -0.5488082E-04 -0.5224607E-04  0.1246881E-04
Ar 1278  0.1896831E+02  0.8215803E+01  0.4848901E+02  0.1716617E-04 -0.7177377E-04  0.4069501E-04
Ar 1279  0.1874846E+02  0.5467100E+01  0.5120778E+02 -0.1807437E-04  0.4317972E-04 -0.1268007E-03
Ar 1280  0.1597416E+02  0.7950388E+01  0.5132746E+02  0.1065913E-04  0.4722302E-04  0.4537786E-04
Ar 1281  0.1610451E+02  0.1069074E+02  0.5392565E+02  0.7897563E-04 -0.1991815E-04  0.7387440E-05
Ar 1282  0.1867174E+02  0.1353312E+02  0.5390859E+02  0.4608162E-04  0.1773551E-04  0.3958592E-04
Ar 1283  0.1864765E+02  0.1046740E+02  0.2597767E+01  0.2224467E-04  0.3324001E-04 -0.8298897E-04
Ar 1284  0.1622566E+02  0.1336021E+02  0.2792709E+01 -0.1465783E-04 -0.6036081E-04  0.6894681E-05
Ar 1285  0.1610241E+02  0.1068426E+02  0.5557893E+01  0.4331828E-04 -0.1296206E-04  0.5503592E-04
Ar 1286  0.1848528E+02  0.1323436E+02  0.5501110E+01 -0.3379553E-04  0.1143651E-03  0.1858082E-04
Ar 1287  0.1882308E+02  0.1060793E+02  0.8314784E+01 -0.2382883E-04 -0.5943740E-05 -0.3461223E-05
Ar 1288  0.1598466E+02  0.1331020E+02  0.8040655E+01  0.5685241E-04  0.1067210E-03 -0.2834872E-04
Ar 1289  0.1606357E+02  0.1050273E+02  0.1056395E+02 -0.7873099E-05  0.4313961E-04  0.2263467E-04
Ar 1290  0.1865776E+02  0.1345243E+02  0.1065357E+02 -0.5218532E-04 -0.1433187E-04  0.7290566E-05
Ar 1291  0.1863724E+02  0.1089958E+02  0.1347722E+02  0.5746059E-04 -0.3304757E-04 -0.6859344E-04
Ar 1292  0.1615216E+02  0.1342277E+02  0.1342469E+02 -0.1588637E-04 -0.8592741E-04 -0.2709013E-04
Ar 1293  0.1603738E+02  0.1081500E+02  0.1605542E+02 -0.1040528E-03 -0.5902134E-04  0.3568242E-04
Ar 1294  0.1876746E+02  0.1326216E+02  0.1610226E+02 -0.6272606E-04  0.1327365E-04 -0.1428302E-04
Ar 1295  0.1890169E+02  0.1068989E+02  0.1882133E+02 -0.9396892E-06  0.2446911E-04 -0.1633785E-04
Ar 1296  0.1618107E+02  0.1382800E+02  0.1894252E+02  0.3411930E-04  0.1996439E-04 -0.1766845E-04
Ar 1297  0.1608328E+02  0.1090025E+02  0.2148531E+02  0.1593410E-04  0.2862157E-04 -0.3897932E-04
Ar 1298  0.1875157E+02  0.1347715E+02  0.2138951E+02 -0.4214550E-04 -0.4785682E-05 -0.4426462E-04
Ar 1299  0.1910621E+02  0.1061889E+02  0.2412883E+02 -0.8473364E-04  0.1264800E-04  0.9715426E-04
Ar 1300  0.1651589E+02  0.1322657E+02  0.2434114E+02  0.4906964E-05  0.4870884E-04 -0.2043628E-04
Ar 1301  0.1621159E+02  0.1041509E+02  0.2682969E+02 -0.7349543E-05 -0.6304359E-04 -0.2861469E-04
Ar 1302  0.1897503E+02  0.1324040E+02  0.2677270E+02  0.3968656E-04  0.3002885E-04  0.7448766E-04
Ar 1303  0.1882339E+02  0.1052248E+02  0.2992999E+02  0.8052425E-04 -0.4965907E-04 -0.1149578E-03
Ar 1304  0.1646364E+02  0.1318637E+02  0.2950266E+02 -0.1696380E-04  0.6797721E-05  0.5964838E-04
Ar 1305  0.1612250E+02  0.1026155E+02  0.3249187E+02 -0.4775305E-04  0.2024052E-05  0.5858777E-04
Ar 1306  0.1936677E+02  0.1352958E+02  0.3213942E+02 -0.5335621E-04 -0.3009398E-05 -0.2000385E-04
Ar 1307  0.1872229E+02  0.1045209E+02  0.3526731E+02 -0.2705555E-04  0.3640980E-04 -0.4806704E-04
Ar 1308  0.1627067E+02  0.1302082E+02  0.3501761E+02 -0.3753657E-04  0.4628218E-04 -0.2066256E-04
Ar 1309  0.1602025E+02  0.1054860E+02  0.3783140E+02  0.2446429E-04 -0.5851645E-05  0.1848260E-04
Ar 1310  0.1891911E+02  0.1324890E+02  0.3745560E+02 -0.1302293E-04  0.4512291E-04  0.7552208E-04
Ar 1311  0.1877987E+02  0.1062539E+02  0.4042274E+02  0.1993791E-06 -0.3427997E-04  0.3931315E-04
Ar 1312  0.1604765E+02  0.1321776E+02  0.4044868E+02  0.3359440E-04  0.5905919E-04  0.7159173E-04
Ar 1313  0.1630588E+02  0.1037480E+02  0.4327634E+02 -0.3672170E-04 -0.3651649E-04 -0.1088160E-04
Ar 1314  0.1891759E+02  0.1316736E+02  0.4310969E+02  0.2346244E-04 -0.3232783E-04 -0.4673550E-05
Ar 1315  0.1879503E+02  0.1059688E+02  0.4587962E+02  0.3191009E-04 -0.1169709E-04 -0.1692250E-04
Ar 1316  0.1641843E+02  0.1371905E+02  0.4605139E+02 -0.1174443E-04  0.1772299E-04  0.5554873E-05
Ar 1317  0.1613490E+02  0.1038240E+02  0.4857026E+02 -0.4245470E-04 -0.4585498E-04 -0.2304402E-04
Ar 1318  0.1897974E+02  0.1342743E+02  0.4851912E+02  0.1904956E-04  0.6515183E-04 -0.4487815E-04
Ar 1319  0.1896017E+02  0.1077637E+02  0.5152101E+02 -0.1369984E-04  0.9972767E-04  0.9935009E-05
Ar 1320  0.1638038E+02  0.1345904E+02  0.5120739E+02 -0.2662193E-04  0.1601475E-04 -0.1442429E-04
Ar 1321  0.1629827E+02  0.1615083E+02  0.5379164E+02  0.7556623E-04  0.1451921E-04 -0.4915477E-04
Ar 1322  0.1897291E+02  0.1888754E+02  0.5393945E+02  0.6277820E-06 -0.9178143E-05 -0.8467759E-05
Ar 1323  0.1878022E+02  0.1616231E+02  0.2542161E+01  0.1256742E-03  0.4039569E-04  0.2692913E-04
Ar 1324  0.1609093E+02  0.1867658E+02  0.2336460E+01  0.2510837E-04 -0.1262462E-04  0.2568794E-04
Ar 1325  0.1617259E+02  0.1614419E+02  0.5448541E+01  0.5402126E-04  0.4961450E-04 -0.3561060E-04
Ar 1326  0.1850375E+02  0.1891774E+02  0.5546734E+01 -0.1923472E-04 -0.2317845E-04 -0.5533082E-04
Ar 1327  0.1883367E+02  0.1607690E+02  0.8097934E+01  0.6281381E-04  0.2131820E-04  0.9227151E-05
Ar 1328  0.1594215E+02  0.1872770E+02  0.8135275E+01 -0.6398473E-04 -0.9987334E-05  0.6915973E-04
Ar 1329  0.1631411E+02  0.1628409E+02  0.1090158E+02 -0.9059774E-04  0.1520103E-05  0.3892271E-04
Ar 1330  0.1892860E+02  0.1924614E+02  0.1069623E+02 -0.5020395E-04 -0.4043312E-04  0.1349550E-05
Ar 1331  0.1903319E+02  0.1661573E+02  0.1342801E+02  0.1330890E-05 -0.4472009E-04 -0.4980587E-04
Ar 1332  0.1639023E+02  0.1882530E+02  0.1339331E+02  0.3819571E-04 -0.5277795E-04 -0.7975747E-04
Ar 1333  0.1639105E+02  0.1617191E+02  0.1608092E+02 -0.7941088E-04  0.1925958E-04  0.2414999E-04
Ar 1334  0.1913686E+02  0.1893087E+02  0.1625966E+02 -0.2622447E-05  0.1494352E-04 -0.3392152E-04
Ar 1335  0.1906100E+02  0.1632013E+02  0.1897321E+02 -0.1017144E-04 -0.7958701E-05  0.3105954E-04
Ar 1336  0.1642983E+02  0.1869094E+02  0.1875767E+02 -0.2708816E-04  0.1419790E-04 -0.1999395E-04
Ar 1337  0.1633197E+02  0.1653234E+02  0.2148924E+02  0.1024575E-03  0.3357805E-04  0.4438622E-04
Ar 1338  0.1881054E+02  0.1887701E+02  0.2149738E+02 -0.7629901E-05 -0.1122340E-04  0.7146416E-05
Ar 1339  0.1874942E+02  0.1587346E+02  0.2409603E+02 -0.2979967E-04  0.6877501E-04 -0.6032917E-05
Ar 1340  0.1632407E+02  0.1867971E+02  0.2425228E+02 -0.4847096E-04 -0.2794544E-04  0.1611951E-04
Ar 1341  0.1639368E+02  0.1577733E+02  0.2680881E+02  0.2018415E-04  0.1781752E-04  0.3683302E-04
Ar 1342  0.1897444E+02  0.1869677E+02  0.2737300E+02  0.4120072E-04 -0.1832459E-04 -0.6435636E-04
Ar 1343  0.1865039E+02  0.1619567E+02  0.2983765E+02  0.3148115E-05  0.1192513E-04  0.1238057E-04
Ar 1344  0.1622116E+02  0.1886490E+02  0.2983059E+02 -0.4971296E-04 -0.8463395E-04 -0.3522112E-04
Ar 1345  0.1600798E+02  0.1629603E+02  0.3228913E+02  0.1454571E-05  0.2973785E-04 -0.3312093E-04
Ar 1346  0.1874984E+02  0.1884491E+02  0.3260062E+02 -0.3155479E-04 -0.4245464E-04 -0.5425901E-04
Ar 1347  0.1895289E+02  0.1592855E+02  0.3492326E+02 -0.6046356E-05  0.4460796E-05  0.6860616E-05
Ar 1348  0.1597400E+02  0.1897475E+02  0.3472262E+02 -0.3225211E-04 -0.7974599E-04  0.3122218E-05
Ar 1349  0.1635572E+02  0.1592644E+02  0.3791402E+02 -0.5321359E-04 -0.1023191E-03 -0.6588837E-04
Ar 1350  0.1892815E+02  0.1887540E+02  0.3750966E+02  0.2195376E-04  0.5877512E-04  0.1716084E-05
Ar 1351  0.1916226E+02  0.1610953E+02  0.3991440E+02 -0.1440800E-04 -0.2643901E-06 -0.6087209E-04
Ar 1352  0.1614986E+02  0.1884429E+02  0.4043720E+02  0.6563250E-04 -0.2123733E-04  0.4042681E-04
Ar 1353  0.1661692E+02  0.1581044E+02  0.4311297E+02  0.4615627E-04  0.3070297E-04  0.5048867E-04
Ar 1354  0.1895511E+02  0.1865299E+02  0.4281524E+02 -0.7722501E-04 -0.1026505E-03 -0.3763836E-04
Ar 1355  0.1929000E+02  0.1614018E+02  0.4573766E+02  0.6425393E-04 -0.3406146E-04 -0.4646102E-05
Ar 1356  0.1623113E+02  0.1860592E+02  0.4555942E+02 -0.4064511E-04 -0.4492612E-04 -0.2554880E-04
Ar 1357  0.1676234E+02  0.1607965E+02  0.4859734E+02  0.1212025E-04  0.5245201E-04 -0.4293995E-04
Ar 1358  0.1905677E+02  0.1888376E+02  0.4850156E+02 -0.8685243E-05 -0.7200721E-04  0.4631280E-04
Ar 1359  0.1914184E+02  0.1633133E+02  0.5102817E+02  0.1190329E-03  0.9417036E-04  0.1020508E-03
Ar 1360  0.1605309E+02  0.1909101E+02  0.5139530E+02 -0.7872255E-06  0.6048569E-04 -0.4520218E-04
Ar 1361  0.1630305E+02  0.2144389E+02  0.5395450E+02  0.4640876E-06 -0.1076614E-03 -0.4175039E-05
Ar 1362  0.1885822E+02  0.2449961E+02  0.1364283E-01 -0.4797869E-04  0.5241070E-04  0.4104331E-04
Ar 1363  0.1918271E+02  0.2150059E+02  0.2716263E+01 -0.8240080E-04  0.1936238E-04 -0.1283418E-04
Ar 1364  0.1618287E+02  0.2431618E+02  0.2778492E+01 -0.9387606E-05  0.3631855E-04 -0.4111670E-04
Ar 1365  0.1579102E+02  0.2164582E+02  0.5325264E+01  0.8314361E-04 -0.2512187E-04 -0.3441590E-04
Ar 1366  0.1882376E+02  0.2450548E+02  0.5243824E+01  0.5028317E-05  0.1544552E-05 -0.4083367E-04
Ar 1367  0.1883607E+02  0.2142010E+02  0.8119741E+01 -0.3126640E-04 -0.9875398E-05  0.1610799E-04
Ar 1368  0.1631851E+02  0.2430280E+02  0.7928501E+01  0.5111246E-04  0.8876612E-06 -0.7903060E-05
Ar 1369  0.1606901E+02  0.2160537E+02  0.1078386E+02  0.6123955E-04  0.2731897E-05 -0.1799040E-04
Ar 1370  0.1885456E+02  0.2441564E+02  0.1076878E+02 -0.4233310E-04  0.4225507E-04  0.3938734E-04
Ar 1371  0.1907001E+02  0.2162707E+02  0.1343371E+02  0.2202763E-04  0.1986852E-04  0.2356930E-04
Ar 1372  0.1595129E+02  0.2417064E+02  0.1325987E+02 -0.1194174E-04 -0.5571503E-04 -0.3192577E-04
Ar 1373  0.1642690E+02  0.2141296E+02  0.1612848E+02  0.1511086E-04  0.3568725E-04  0.7496030E-04
Ar 1374  0.1896709E+02  0.2415005E+02  0.1646779E+02 -0.3619795E-04 -0.8102645E-04 -0.1647562E-04
Ar 1375  0.1884463E+02  0.2135012E+02  0.1901075E+02 -0.2604591E-04 -0.1701298E-04  0.7946569E-04
Ar 1376  0.1595094E+02  0.2435065E+02  0.1888596E+02  0.7504237E-04  0.1942245E-04 -0.1219977E-03
Ar 1377  0.1613687E+02  0.2128298E+02  0.2138771E+02 -0.2671761E-04  0.6844208E-04  0.1156023E-04
Ar 1378  0.1903991E+02  0.2403370E+02  0.2151357E+02 -0.2275437E-04  0.5113008E-04  0.1081244E-03
Ar 1379  0.1855753E+02  0.2139496E+02  0.2438140E+02  0.7003232E-05  0.4623856E-04  0.3282213E-04
Ar 1380  0.1600610E+02  0.2427590E+02  0.2442126E+02 -0.1780458E-04  0.1165220E-03 -0.3710153E-04
Ar 1381  0.1623135E+02  0.2140403E+02  0.2684623E+02 -0.2998529E-04 -0.9212094E-04 -0.2969730E-04
Ar 1382  0.1882317E+02  0.2409854E+02  0.2694083E+02  0.1081383E-04  0.5164537E-04  0.1705008E-04
Ar 1383  0.1858592E+02  0.2144792E+02  0.2974542E+02  0.3769080E-04 -0.3230112E-04  0.3861905E-04
Ar 1384  0.1609793E+02  0.2421869E+02  0.2957202E+02  0.1885675E-04 -0.3657067E-04  0.5919222E-05
Ar 1385  0.1598754E+02  0.2148996E+02  0.3225828E+02 -0.3956733E-04  0.7157010E-04 -0.2244893E-04
Ar 1386  0.1867487E+02  0.2401396E+02  0.3237177E+02 -0.3842169E-04 -0.4198478E-04  0.4920701E-04
Ar 1387  0.1893691E+02  0.2148253E+02  0.3481146E+02  0.1203522E-04 -0.1309936E-04  0.4519520E-04
Ar 1388  0.1626319E+02  0.2414367E+02  0.3507739E+02  0.1292661E-04  0.1297939E-04  0.1051034E-04
Ar 1389  0.1618041E+02  0.2135491E+02  0.3781028E+02  0.1106845E-03 -0.7163324E-04 -0.7085104E-04
Ar 1390  0.1884901E+02  0.2383607E+02  0.3759112E+02  0.5514724E-04  0.3542748E-04  0.2497961E-04
Ar 1391  0.1903351E+02  0.2128588E+02  0.4045851E+02  0.4892578E-04  0.6136369E-04  0.6136337E-04
Ar 1392  0.1621146E+02  0.2398576E+02  0.4046867E+02  0.5842178E-05  0.1224562E-04  0.6086879E-04
Ar 1393  0.1629385E+02  0.2173946E+02  0.4311649E+02 -0.5256171E-04 -0.3276502E-04 -0.4155910E-04
Ar 1394  0.1887557E+02  0.2426728E+02  0.4307478E+02  0.4056750E-06  0.4112635E-04  0.5013752E-04
Ar 1395  0.1906703E+02  0.2115466E+02  0.4582373E+02  0.1914461E-04 -0.2939042E-04 -0.3492362E-04
Ar 1396  0.1615203E+02  0.2434408E+02  0.4600163E+02  0.3230018E-04  0.4812336E-05 -0.5515136E-04
Ar 1397  0.1630226E+02  0.2194612E+02  0.4850826E+02  0.1934111E-04 -0.2069266E-04 -0.4348224E-04
Ar 1398  0.1895148E+02  0.2443706E+02  0.4843005E+02  0.1721162E-04  0.6312786E-04  0.5775040E-04
Ar 1399  0.1872618E+02  0.2175823E+02  0.5124245E+02 -0.6190783E-04  0.3416498E-04 -0.2896892E-04
Ar 1400  0.1623723E+02  0.2432409E+02  0.5135561E+02  0.1640545E-04  0.1273196E-04  0.5523262E-04
Ar 1401  0.1635849E+02  0.2704908E+02  0.4083954E-01 -0.2509691E-04 -0.2674597E-04 -0.1661456E-04
Ar 1402  0.1916767E+02  0.2974353E+02  0.5397028E+02  0.2549136E-04 -0.1000941E-04 -0.2881783E-04
Ar 1403  0.1881838E+02  0.2712146E+02  0.2605948E+01 -0.3294217E-04  0.4676184E-04 -0.6245788E-04
Ar 1404  0.1631212E+02  0.2951312E+02  0.2885677E+01  0.5742146E-04 -0.9366691E-04  0.1450036E-04
Ar 1405  0.1600936E+02  0.2675480E+02  0.5482789E+01  0.1351141E-03 -0.3474690E-04 -0.1850870E-05
Ar 1406  0.1883867E+02  0.2961675E+02  0.5417849E+01  0.8485611E-04 -0.1496504E-04  0.2830140E-04
Ar 1407  0.1877372E+02  0.2692518E+02  0.8143905E+01  0.6590849E-04  0.3619736E-04  0.4134668E-04
Ar 1408  0.1593954E+02  0.2951504E+02  0.8037629E+01  0.1918177E-05 -0.3333835E-04  0.2238779E-04
Ar 1409  0.1616605E+02  0.2712266E+02  0.1091238E+02  0.3410022E-04  0.4632728E-05  0.3035075E-04
Ar 1410  0.1848740E+02  0.2965488E+02  0.1082057E+02  0.9533604E-05  0.3556865E-04  0.5861997E-04
Ar 1411  0.1876569E+02  0.2689587E+02  0.1359951E+02 -0.2029456E-04 -0.8073115E-04  0.6026366E-04
Ar 1412  0.1579365E+02  0.2940392E+02  0.1378445E+02 -0.2313461E-04 -0.2059600E-04  0.5710198E-04
Ar 1413  0.1614487E+02  0.2675605E+02  0.1616873E+02  0.1828884E-05  0.1022630E-05  0.5576290E-04
Ar 1414  0.1895064E+02  0.2955498E+02  0.1674531E+02 -0.9502971E-05  0.6460377E-05  0.6001703E-04
Ar 1415  0.1887731E+02  0.2679617E+02  0.1898751E+02 -0.1447173E-04 -0.3966272E-04 -0.1007449E-04
Ar 1416  0.1614339E+02  0.2923694E+02  0.1882729E+02  0.1499569E-04  0.5633020E-05  0.3003751E-04
Ar 1417  0.1590237E+02  0.2662057E+02  0.2163852E+02  0.2650507E-04 -0.5154229E-04  0.6888706E-04
Ar 1418  0.1909304E+02  0.2956923E+02  0.2167065E+02 -0.1631914E-04  0.6197141E-04  0.3008132E-04
Ar 1419  0.1884403E+02  0.2663695E+02  0.2430642E+02  0.2086363E-04  0.3875048E-04  0.5984662E-04
Ar 1420  0.1599465E+02  0.2946573E+02  0.2435847E+02  0.5459920E-04 -0.3066904E-04 -0.1167843E-04
Ar 1421  0.1584283E+02  0.2719490E+02  0.2720296E+02  0.1531570E-04  0.3115337E-04 -0.2578597E-04
Ar 1422  0.1901310E+02  0.2960933E+02  0.2685647E+02  0.2332913E-04 -0.3171452E-04  0.1519446E-04
Ar 1423  0.1879272E+02  0.2658993E+02  0.2945015E+02  0.3932316E-04  0.1660122E-04  0.8277767E-04
Ar 1424  0.1647610E+02  0.2987709E+02  0.2975921E+02 -0.2968331E-04 -0.4736191E-04  0.1243766E-05
Ar 1425  0.1623407E+02  0.2702526E+02  0.3209764E+02 -0.5090012E-04 -0.5255522E-04  0.1609667E-04
Ar 1426  0.1902771E+02  0.2956829E+02  0.3225707E+02 -0.3516484E-05 -0.2053027E-04 -0.2507825E-04
Ar 1427  0.1870131E+02  0.2665732E+02  0.3496819E+02 -0.8652777E-04  0.8600725E-04 -0.6235554E-04
Ar 1428  0.1637936E+02  0.2944150E+02  0.3509890E+02  0.4973741E-04  0.6564732E-06 -0.3001489E-04
Ar 1429  0.1630873E+02  0.2687647E+02  0.3777401E+02  0.6131321E-05  0.3197656E-04 -0.1731785E-04
Ar 1430  0.1908938E+02  0.2969302E+02  0.3766962E+02 -0.4924898E-04 -0.1464745E-03  0.4277996E-04
Ar 1431  0.1876655E+02  0.2670493E+02  0.4044723E+02  0.5683372E-04  0.1989777E-04 -0.1658704E-04
Ar 1432  0.1629115E+02  0.2936362E+02  0.4043163E+02 -0.5974372E-05  0.2135346E-04  0.9196652E-05
Ar 1433  0.1616864E+02  0.2688070E+02  0.4319812E+02 -0.1626595E-04 -0.8219297E-04  0.1738050E-04
Ar 1434  0.1898355E+02  0.2983632E+02  0.4314204E+02 -0.1117141E-04  0.8462696E-05 -0.8320905E-04
Ar 1435  0.1863681E+02  0.2711166E+02  0.4588617E+02  0.4691604E-04  0.3159074E-04 -0.1111948E-04
Ar 1436  0.1586249E+02  0.2915602E+02  0.4621158E+02  0.6750032E-04 -0.7770066E-04  0.6335512E-04
Ar 1437  0.1630342E+02  0.2671922E+02  0.4874145E+02 -0.7199055E-04 -0.3923391E-04  0.5045696E-05
Ar 1438  0.1876335E+02  0.2929400E+02  0.4870852E+02 -0.1192533E-03  0.3771629E-05 -0.5352285E-04
Ar 1439  0.1909415E+02  0.2691684E+02  0.5115980E+02 -0.1074457E-03 -0.1690045E-05 -0.2605026E-04
Ar 1440  0.1648715E+02  0.2949713E+02  0.5150697E+02 -0.1790624E-04  0.4374716E-04  0.5059261E-04
Ar 1441  0.1647601E+02  0.3262187E+02  0.1219248E+00 -0.2497745E-04  0.5885413E-04  0.6279868E-04
Ar 1442  0.1928061E+02  0.3491472E+02  0.5387101E+02 -0.2684809E-04 -0.2619792E-04 -0.1213242E-03
Ar 1443  0.1877645E+02  0.3238304E+02  0.2989772E+01  0.1562513E-04 -0.7411509E-05 -0.2052082E-04
Ar 1444  0.1604152E+02  0.3497869E+02  0.2639650E+01  0.1063022E-04  0.1473524E-04 -0.8369098E-04
Ar 1445  0.1608323E+02  0.3217473E+02  0.5362011E+01  0.1970861E-04  0.5566512E-04 -0.8163828E-05
Ar 1446  0.1870972E+02  0.3509012E+02  0.5351786E+01  0.1021532E-04  0.4282492E-04  0.8242735E-04
Ar 1447  0.1867288E+02  0.3197933E+02  0.8155833E+01 -0.2724477E-04  0.2419994E-04  0.1515094E-04
Ar 1448  0.1604274E+02  0.3479957E+02  0.8094417E+01  0.8836256E-04  0.5122104E-04 -0.9486056E-04
Ar 1449  0.1622819E+02  0.3252646E+02  0.1089028E+02  0.9130135E-05  0.7419906E-04  0.2471595E-04
Ar 1450  0.1898472E+02  0.3491377E+02  0.1062901E+02 -0.1858508E-05 -0.2138426E-04  0.2046786E-05
Ar 1451  0.1849559E+02  0.3204584E+02  0.1398031E+02 -0.1031298E-04 -0.1396315E-04  0.1796419E-04
Ar 1452  0.1645888E+02  0.3481732E+02  0.1355689E+02 -0.2873553E-04  0.1324868E-04 -0.1854168E-04
Ar 1453  0.1580981E+02  0.3216031E+02  0.1627979E+02  0.2612853E-04 -0.3578136E-04  0.4284541E-04
Ar 1454  0.1913428E+02  0.3483926E+02  0.1644904E+02  0.5036645E-04  0.3671238E-04 -0.5679514E-05
Ar 1455  0.1856055E+02  0.3228221E+02  0.1923038E+02  0.5519971E-04 -0.1516733E-04  0.3084304E-04
Ar 1456  0.1601135E+02  0.3513952E+02  0.1887745E+02 -0.4743002E-04 -0.3870475E-04  0.1674340E-04
Ar 1457  0.1606090E+02  0.3240770E+02  0.2169594E+02  0.1388448E-04  0.4999084E-05  0.5685159E-04
Ar 1458  0.1896468E+02  0.3513968E+02  0.2170813E+02 -0.8413297E-05 -0.6022956E-04  0.6385256E-04
Ar 1459  0.1906356E+02  0.3226783E+02  0.2424434E+02 -0.6421889E-04  0.2153909E-05  0.1052798E-04
Ar 1460  0.1604639E+02  0.3499865E+02  0.2420045E+02  0.8367608E-06 -0.1209520E-04  0.1157037E-04
Ar 1461  0.1654193E+02  0.3287961E+02  0.2685546E+02 -0.2664751E-05  0.7328640E-05 -0.8803655E-04
Ar 1462  0.1908362E+02  0.3529980E+02  0.2711841E+02  0.5878970E-04  0.2821071E-04 -0.2507623E-04
Ar 1463  0.1882680E+02  0.3259300E+02  0.2967646E+02 -0.3810977E-04 -0.7059768E-04  0.1634519E-04
Ar 1464  0.1610791E+02  0.3531876E+02  0.2971735E+02  0.1146594E-03  0.1020578E-03 -0.3543522E-04
Ar 1465  0.1646248E+02  0.3213320E+02  0.3252979E+02  0.2484248E-04  0.1262484E-04 -0.2855217E-04
Ar 1466  0.1888235E+02  0.3500413E+02  0.3224293E+02  0.9137917E-04 -0.6297364E-04 -0.1971733E-04
Ar 1467  0.1934706E+02  0.3237783E+02  0.3489820E+02 -0.2609022E-04 -0.9441156E-04  0.1234994E-03
Ar 1468  0.1630315E+02  0.3485268E+02  0.3513923E+02  0.2091835E-04  0.7906762E-04 -0.3266208E-04
Ar 1469  0.1646254E+02  0.3224489E+02  0.3760791E+02 -0.4269748E-04  0.2901526E-04  0.7130151E-04
Ar 1470  0.1886400E+02  0.3491396E+02  0.3756360E+02 -0.1378713E-05  0.5644360E-04  0.2508958E-04
Ar 1471  0.1876873E+02  0.3194567E+02  0.4039115E+02 -0.4463402E-04 -0.4648920E-04 -0.5558924E-04
Ar 1472  0.1618426E+02  0.3456927E+02  0.4042431E+02 -0.7065425E-06 -0.4425373E-04  0.2672734E-04
Ar 1473  0.1619207E+02  0.3233341E+02  0.4328807E+02 -0.3597347E-04 -0.5048613E-04  0.1064812E-04
Ar 1474  0.1886717E+02  0.3498457E+02  0.4332131E+02 -0.6529687E-04  0.1082926E-04 -0.8724676E-04
Ar 1475  0.1879465E+02  0.3207829E+02  0.4621527E+02 -0.1727720E-04 -0.3267194E-05  0.5664905E-04
Ar 1476  0.1631650E+02  0.3487610E+02  0.4570284E+02 -0.7279801E-05  0.3836144E-04  0.4072394E-06
Ar 1477  0.1639889E+02  0.3227056E+02  0.4922463E+02 -0.5187006E-04 -0.3446918E-04  0.3630187E-04
Ar 1478  0.1899273E+02  0.3499556E+02  0.4849545E+02  0.7021167E-06 -0.9555401E-04 -0.1861550E-04
Ar 1479  0.1930925E+02  0.3239364E+02  0.5148970E+02 -0.1644021E-04 -0.6529926E-04  0.2389862E-04
Ar 1480  0.1671180E+02  0.3535880E+02  0.5102093E+02 -0.5208151E-04  0.5927769E-04  0.2250965E-04
Ar 1481  0.1622319E+02  0.3754565E+02  0.5380430E+02  0.1019418E-03 -0.3859177E-05  0.1088485E-03
Ar 1482  0.1911703E+02  0.4035550E+02  0.5391790E+02 -0.3620964E-04  0.1384804E-04  0.1952489E-04
Ar 1483  0.1913864E+02  0.3793228E+02  0.2403915E+01 -0.1939171E-05 -0.2205934E-04  0.4468038E-04
Ar 1484  0.1651463E+02  0.4036691E+02  0.2380067E+01  0.2803725E-04  0.1831298E-04 -0.8279477E-04
Ar 1485  0.1628956E+02  0.3781071E+02  0.5641525E+01  0.4762792E-04 -0.6471691E-04 -0.4172674E-04
Ar 1486  0.1897953E+02  0.3999122E+02  0.5444827E+01 -0.3872684E-04 -0.1970545E-04 -0.1214166E-03
Ar 1487  0.1886512E+02  0.3788582E+02  0.8098201E+01 -0.4345779E-05  0.9992704E-04  0.7191788E-05
Ar 1488  0.1630164E+02  0.4045486E+02  0.8317940E+01  0.2873312E-04  0.9740091E-05 -0.1936684E-04
Ar 1489  0.1619689E+02  0.3733782E+02  0.1084987E+02 -0.4426957E-05 -0.3187259E-04 -0.5536883E-04
Ar 1490  0.1887790E+02  0.4032828E+02  0.1094953E+02  0.7337836E-04  0.1041254E-04 -0.6991107E-04
Ar 1491  0.1914747E+02  0.3763123E+02  0.1354158E+02  0.3398283E-04 -0.9590217E-04  0.1308302E-04
Ar 1492  0.1616171E+02  0.4024767E+02  0.1361041E+02  0.6168665E-04 -0.5890129E-04  0.2057240E-04
Ar 1493  0.1628624E+02  0.3761283E+02  0.1621449E+02 -0.6432464E-04  0.4718263E-04 -0.7575375E-04
Ar 1494  0.1875690E+02  0.4026930E+02  0.1616042E+02  0.7732256E-05 -0.1410181E-03 -0.1383231E-04
Ar 1495  0.1910707E+02  0.3767377E+02  0.1887445E+02 -0.1640268E-04 -0.6003190E-04  0.1952617E-04
Ar 1496  0.1624241E+02  0.4044713E+02  0.1843861E+02  0.1588858E-04 -0.5425992E-04  0.3343265E-04
Ar 1497  0.1625772E+02  0.3763722E+02  0.2178672E+02 -0.7740536E-04 -0.2167525E-04  0.5217731E-04
Ar 1498  0.1840776E+02  0.4052456E+02  0.2158852E+02  0.3119575E-04 -0.4109970E-04 -0.1312095E-04
Ar 1499  0.1913330E+02  0.3778719E+02  0.2440907E+02  0.5052960E-04  0.2978095E-04 -0.5786067E-04
Ar 1500  0.1628479E+02  0.4049230E+02  0.2427180E+02  0.1349413E-03  0.3130570E-04 -0.1300583E-05
Ar 1501  0.1625256E+02  0.3774848E+02  0.2715750E+02  0.2750540E-05  0.1459039E-04  0.4677249E-05
Ar 1502  0.1896438E+02  0.4025059E+02  0.2683336E+02 -0.4761495E-04 -0.4347361E-04  0.3342452E-05
Ar 1503  0.1891186E+02  0.3792627E+02  0.2962468E+02  0.2005338E-04 -0.4751303E-04  0.8706448E-05
Ar 1504  0.1637851E+02  0.4052809E+02  0.2964309E+02 -0.2188543E-05  0.7869944E-04 -0.8897930E-04
Ar 1505  0.1632508E+02  0.3793771E+02  0.3248617E+02 -0.9468948E-05  0.1018684E-03 -0.5275471E-04
Ar 1506  0.1880292E+02  0.4054393E+02  0.3245007E+02 -0.1370823E-04  0.2998228E-04  0.5796758E-04
Ar 1507  0.1880310E+02  0.3784493E+02  0.3519291E+02 -0.2741082E-04  0.3192025E-04 -0.5661489E-05
Ar 1508  0.1639679E+02  0.4037839E+02  0.3502705E+02 -0.3901080E-04  0.2382169E-04  0.7834502E-04
Ar 1509  0.1604287E+02  0.3740132E+02  0.3755899E+02 -0.1828311E-04 -0.2527637E-05  0.1099516E-03
Ar 1510  0.1866358E+02  0.4052936E+02  0.3774485E+02  0.4889545E-04  0.3088411E-04 -0.5126847E-04
Ar 1511  0.1856246E+02  0.3761539E+02  0.4031893E+02  0.3883420E-04 -0.4728713E-05  0.4127196E-04
Ar 1512  0.1597118E+02  0.4022952E+02  0.4043253E+02  0.4685842E-04 -0.2041896E-04 -0.2593102E-04
Ar 1513  0.1611707E+02  0.3755951E+02  0.4305825E+02  0.4290804E-04  0.3718477E-04 -0.5373981E-04
Ar 1514  0.1867765E+02  0.4065694E+02  0.4310913E+02  0.6655945E-04  0.1500898E-06 -0.1263428E-04
Ar 1515  0.1900439E+02  0.3773547E+02  0.4602389E+02 -0.1248730E-04 -0.3819087E-04  0.1541573E-04
Ar 1516  0.1622251E+02  0.4024351E+02  0.4595238E+02  0.1820751E-05 -0.1132040E-04 -0.6891327E-04
Ar 1517  0.1654826E+02  0.3773125E+02  0.4857047E+02  0.8440152E-04 -0.6661392E-04  0.2928922E-04
Ar 1518  0.1917845E+02  0.4051265E+02  0.4871508E+02  0.3741403E-04  0.6571282E-04 -0.4185762E-04
Ar 1519  0.1930968E+02  0.3780799E+02  0.5105599E+02  0.1779182E-04  0.5808222E-05 -0.9470583E-05
Ar 1520  0.1654857E+02  0.4030065E+02  0.5111305E+02 -0.8098097E-04  0.2532133E-04 -0.1971598E-04
Ar 1521  0.1624919E+02  0.4303849E+02  0.5363420E+02 -0.1212154E-03  0.5722498E-04  0.9236969E-04
Ar 1522  0.1879463E+02  0.4589697E+02  0.5111559E-01  0.5866921E-04  0.2502935E-04  0.7984582E-05
Ar 1523  0.1896976E+02  0.4273022E+02  0.2527744E+01 -0.3418300E-04  0.3518377E-04  0.4565678E-04
Ar 1524  0.1624066E+02  0.4567626E+02  0.2590532E+01  0.4427726E-05 -0.9574010E-05  0.6641639E-04
Ar 1525  0.1665373E+02  0.4273077E+02  0.5600798E+01  0.5394345E-04 -0.1511708E-04 -0.1495769E-04
Ar 1526  0.1852644E+02  0.4557474E+02  0.5379208E+01  0.5986914E-04 -0.1427108E-04  0.4803725E-04
Ar 1527  0.1894379E+02  0.4324910E+02  0.8251023E+01  0.2970848E-04  0.3577257E-04  0.1441930E-04
Ar 1528  0.1627072E+02  0.4568232E+02  0.8171872E+01  0.1580724E-04 -0.1655557E-04 -0.7034643E-04
Ar 1529  0.1624513E+02  0.4304926E+02  0.1079349E+02 -0.5144457E-05  0.1154702E-03 -0.4098313E-04
Ar 1530  0.1901569E+02  0.4576875E+02  0.1098775E+02  0.8065551E-05  0.7215703E-05 -0.1692269E-04
Ar 1531  0.1861651E+02  0.4334140E+02  0.1365507E+02 -0.2757752E-05  0.2621476E-04  0.4087388E-04
Ar 1532  0.1615344E+02  0.4586282E+02  0.1371774E+02 -0.1355853E-04 -0.1860613E-04 -0.1427863E-04
Ar 1533  0.1604128E+02  0.4339470E+02  0.1629602E+02  0.3736016E-04 -0.5486155E-04 -0.2359888E-04
Ar 1534  0.1888933E+02  0.4602373E+02  0.1638227E+02 -0.6921737E-05 -0.3629093E-04 -0.1125399E-03
Ar 1535  0.1862791E+02  0.4307451E+02  0.1884473E+02 -0.4239065E-04 -0.9311960E-06 -0.3744945E-04
Ar 1536  0.1550126E+02  0.4567052E+02  0.1932039E+02  0.4203864E-04 -0.3330018E-04 -0.2926496E-05
Ar 1537  0.1599527E+02  0.4333893E+02  0.2191608E+02 -0.2926912E-04 -0.2575046E-04  0.1317574E-04
Ar 1538  0.1854967E+02  0.4576511E+02  0.2150979E+02 -0.5038662E-05 -0.5883596E-04 -0.8035569E-04
Ar 1539  0.1894591E+02  0.4320773E+02  0.2420178E+02 -0.3635585E-04 -0.2878164E-04  0.2123706E-04
Ar 1540  0.1587200E+02  0.4576012E+02  0.2467467E+02 -0.2166283E-04  0.4832848E-05  0.4728603E-04
Ar 1541  0.1646755E+02  0.4307837E+02  0.2679823E+02  0.2425294E-04 -0.9565441E-05  0.8349452E-05
Ar 1542  0.1873030E+02  0.4587178E+02  0.2693829E+02 -0.3377477E-05 -0.4277709E-04 -0.3239926E-04
Ar 1543  0.1905130E+02  0.4340647E+02  0.2983558E+02  0.2550720E-04 -0.8576656E-04  0.2485717E-04
Ar 1544  0.1591027E+02  0.4586211E+02  0.2966906E+02 -0.7641452E-04  0.3336313E-04 -0.1682756E-03
Ar 1545  0.1612858E+02  0.4300299E+02  0.3255944E+02 -0.4986221E-04  0.7112411E-04  0.1886637E-04
Ar 1546  0.1873191E+02  0.4580101E+02  0.3246663E+02 -0.6635626E-04 -0.9902907E-04  0.3458500E-04
Ar 1547  0.1883649E+02  0.4317735E+02  0.3498967E+02  0.9701336E-05 -0.1468191E-04  0.3732271E-04
Ar 1548  0.1606658E+02  0.4589820E+02  0.3505511E+02  0.7435338E-04  0.8180132E-05 -0.2421662E-04
Ar 1549  0.1608165E+02  0.4305932E+02  0.3783951E+02 -0.5483205E-04  0.4348793E-05  0.1080866E-04
Ar 1550  0.1847522E+02  0.4586337E+02  0.3787922E+02 -0.3285840E-04 -0.8057780E-04 -0.3259510E-04
Ar 1551  0.1871201E+02  0.4299762E+02  0.4042868E+02  0.2415058E-04  0.1881497E-04  0.7825121E-04
Ar 1552  0.1624944E+02  0.4614414E+02  0.4065074E+02  0.1554112E-04 -0.3403333E-04 -0.5731960E-04
Ar 1553  0.1602244E+02  0.4323044E+02  0.4302570E+02 -0.6699945E-04  0.2669723E-04  0.5485644E-04
Ar 1554  0.1857819E+02  0.4578889E+02  0.4319508E+02  0.1917624E-04 -0.1079087E-04  0.1850286E-05
Ar 1555  0.1891349E+02  0.4305892E+02  0.4603985E+02  0.3061447E-04  0.8080284E-04 -0.7840096E-04
Ar 1556  0.1636192E+02  0.4622064E+02  0.4583541E+02  0.8035091E-04  0.5774288E-04 -0.6433246E-04
Ar 1557  0.1642960E+02  0.4318356E+02  0.4862393E+02  0.2713766E-04  0.2611984E-04 -0.3664368E-04
Ar 1558  0.1912072E+02  0.4590477E+02  0.4849827E+02 -0.7620803E-04  0.6998056E-05 -0.5786233E-04
Ar 1559  0.1920844E+02  0.4343393E+02  0.5128304E+02  0.5169380E-04 -0.6039166E-04 -0.8280112E-05
Ar 1560  0.1651940E+02  0.4612381E+02  0.5108219E+02 -0.5542275E-04  0.4453080E-04 -0.3016941E-04
Ar 1561  0.1614824E+02  0.4872988E+02  0.5374474E+02  0.4826778E-04 -0.6981402E-04  0.4480570E-04
Ar 1562  0.1900921E+02  0.5127221E+02  0.5378598E+02  0.6532802E-04  0.6153709E-04 -0.3920523E-04
Ar 1563  0.1886700E+02  0.4863111E+02  0.2422454E+01  0.6255415E-04  0.5197428E-05 -0.7279176E-04
Ar 1564  0.1628896E+02  0.5097764E+02  0.2427558E+01  0.2126806E-04  0.3587438E-04 -0.3496394E-04
Ar 1565  0.1597751E+02  0.4831424E+02  0.5454271E+01 -0.5535269E-05 -0.4117970E-04 -0.7799995E-04
Ar 1566  0.1917757E+02  0.5144129E+02  0.5441703E+01 -0.6916797E-04 -0.2519113E-04 -0.8229958E-04
Ar 1567  0.1902877E+02  0.4858479E+02  0.7606179E+01 -0.3056403E-04  0.1110984E-04  0.5957040E-05
Ar 1568  0.1638225E+02  0.5126316E+02  0.8071719E+01 -0.1196155E-04  0.8364731E-04  0.1512751E-04
Ar 1569  0.1664274E+02  0.4810889E+02  0.1067059E+02 -0.8763814E-05  0.2150118E-04 -0.1958695E-04
Ar 1570  0.1877701E+02  0.5129793E+02  0.1059208E+02  0.3193243E-07 -0.2302261E-04  0.6842424E-04
Ar 1571  0.1870915E+02  0.4841477E+02  0.1363030E+02 -0.5664522E-04 -0.1060996E-03 -0.2770243E-05
Ar 1572  0.1610760E+02  0.5082935E+02  0.1320321E+02  0.6758713E-05 -0.3108158E-04  0.4196605E-04
Ar 1573  0.1610455E+02  0.4867365E+02  0.1636135E+02  0.2491856E-04  0.3221617E-04 -0.4216143E-04
Ar 1574  0.1861471E+02  0.5110705E+02  0.1626168E+02  0.5379737E-05 -0.4605498E-04 -0.2777607E-04
Ar 1575  0.1876159E+02  0.4850349E+02  0.1909432E+02 -0.8340089E-05 -0.9451163E-05 -0.1238890E-04
Ar 1576  0.1609049E+02  0.5133820E+02  0.1869695E+02  0.7562527E-04 -0.5371090E-05 -0.4440781E-05
Ar 1577  0.1580122E+02  0.4828084E+02  0.2154319E+02 -0.2197606E-04  0.2659311E-05 -0.3666402E-04
Ar 1578  0.1862989E+02  0.5148687E+02  0.2137065E+02  0.2784061E-04  0.5742949E-04  0.3744123E-06
Ar 1579  0.1836523E+02  0.4848179E+02  0.2430637E+02 -0.1296495E-04 -0.5946575E-04 -0.7198331E-04
Ar 1580  0.1569051E+02  0.5122774E+02  0.2432302E+02 -0.4292037E-04 -0.1098567E-04  0.8486295E-05
Ar 1581  0.1591731E+02  0.4892139E+02  0.2692906E+02 -0.6801029E-04  0.1158383E-04  0.3659845E-04
Ar 1582  0.1890727E+02  0.5126521E+02  0.2717124E+02 -0.2316277E-04  0.5679099E-04  0.8009525E-04
Ar 1583  0.1891723E+02  0.4852873E+02  0.2951837E+02  0.5211267E-04 -0.1752855E-03  0.7287292E-05
Ar 1584  0.1622510E+02  0.5117077E+02  0.2999421E+02 -0.9359857E-06 -0.3297847E-04  0.1374005E-04
Ar 1585  0.1630184E+02  0.4832086E+02  0.3247009E+02  0.2305369E-04 -0.2842011E-05 -0.4761891E-04
Ar 1586  0.1889180E+02  0.5128850E+02  0.3243128E+02  0.1442920E-04 -0.1535731E-04 -0.2808015E-04
Ar 1587  0.1865509E+02  0.4844112E+02  0.3509559E+02  0.5236903E-06  0.3668983E-04 -0.3925541E-05
Ar 1588  0.1631764E+02  0.5134750E+02  0.3510353E+02  0.1685911E-04 -0.1881907E-04 -0.6354914E-04
Ar 1589  0.1608463E+02  0.4875598E+02  0.3781577E+02  0.1635862E-04  0.6390834E-04 -0.7100111E-04
Ar 1590  0.1847362E+02  0.5125429E+02  0.3781929E+02 -0.5568334E-04 -0.6519265E-04  0.4099610E-04
Ar 1591  0.1882764E+02  0.4871040E+02  0.4042355E+02 -0.2691526E-04  0.5003812E-04 -0.7204873E-04
Ar 1592  0.1634516E+02  0.5128879E+02  0.4069599E+02 -0.8258339E-04 -0.3519216E-04  0.1874296E-05
Ar 1593  0.1625756E+02  0.4862338E+02  0.4330954E+02  0.3437930E-04  0.1950014E-05  0.6966910E-04
Ar 1594  0.1890650E+02  0.5117535E+02  0.4315138E+02  0.1257870E-04  0.3260206E-04 -0.3786917E-04
Ar 1595  0.1877226E+02  0.4889804E+02  0.4623524E+02  0.1419147E-04  0.4721079E-04 -0.5103412E-04
Ar 1596  0.1639310E+02  0.5128736E+02  0.4598574E+02 -0.4710889E-04  0.1567505E-04 -0.4395711E-04
Ar 1597  0.1627009E+02  0.4860094E+02  0.4884922E+02 -0.6563102E-04 -0.6430422E-04 -0.1024076E-03
Ar 1598  0.1907491E+02  0.5147105E+02  0.4882090E+02  0.3671238E-04  0.5714662E-04 -0.8014651E-04
Ar 1599  0.1928099E+02  0.4865732E+02  0.5123044E+02 -0.2215219E-04  0.1670953E-04  0.3993190E-04
Ar 1600  0.1607719E+02  0.5127188E+02  0.5108626E+02 -0.4621707E-04 -0.2192752E-04  0.2558520E-04
Ar 1601  0.2163942E+02  0.5384302E+02  0.5401174E+02 -0.6920588E-04  0.2450219E-04  0.2226083E-05
Ar 1602  0.2409825E+02  0.2682178E+01  0.5379580E+02  0.1604740E-04 -0.1149024E-05  0.3022133E-06
Ar 1603  0.2449916E+02  0.5367297E+02  0.2468944E+01  0.2653746E-04  0.6212454E-05 -0.3625121E-04
Ar 1604  0.2140657E+02  0.2703026E+01  0.2406637E+01  0.1674716E-04 -0.3035339E-04 -0.3495050E-04
Ar 1605  0.2175153E+02  0.1439154E+00  0.5234662E+01 -0.7148399E-04 -0.1901242E-04 -0.2237290E-06
Ar 1606  0.2427898E+02  0.2856960E+01  0.5221481E+01 -0.3251791E-04  0.3838787E-04 -0.4210398E-04
Ar 1607  0.2432399E+02  0.5394516E+02  0.8121860E+01 -0.6725206E-04 -0.5143224E-04 -0.7950995E-05
Ar 1608  0.2160252E+02  0.2900707E+01  0.7999455E+01 -0.1409638E-03 -0.2663983E-05  0.1447108E-04
Ar 1609  0.2165089E+02  0.5380552E+02  0.1053112E+02  0.6311803E-04 -0.1203385E-05 -0.6687174E-04
Ar 1610  0.2410319E+02  0.2431583E+01  0.1101150E+02 -0.3357206E-04  0.4717086E-04 -0.8495246E-04
Ar 1611  0.2399343E+02  0.5366134E+02  0.1357550E+02 -0.3266661E-05 -0.7369763E-04  0.9864177E-05
Ar 1612  0.2147505E+02  0.2965905E+01  0.1351590E+02 -0.1278986E-05  0.1290417E-04 -0.1686031E-04
Ar 1613  0.2106747E+02  0.9413284E-01  0.1596294E+02  0.9577774E-05  0.2349181E-04 -0.1271886E-04
Ar 1614  0.2416563E+02  0.2284994E+01  0.1593196E+02  0.1879205E-04  0.3253695E-04  0.1925213E-05
Ar 1615  0.2434002E+02  0.5369302E+02  0.1856971E+02 -0.3366262E-04 -0.2358239E-04  0.2630981E-04
Ar 1616  0.2148678E+02  0.2685802E+01  0.1887264E+02  0.5239461E-04  0.2424345E-04 -0.1267216E-04
Ar 1617  0.2145610E+02  0.1317828E+00  0.2160610E+02 -0.1700568E-04  0.5975055E-05 -0.3881128E-04
Ar 1618  0.2425818E+02  0.2755198E+01  0.2174000E+02  0.5275653E-04 -0.3677245E-04 -0.2426333E-04
Ar 1619  0.2417205E+02  0.5398222E+02  0.2429617E+02  0.2180173E-04  0.6021813E-05  0.1895817E-04
Ar 1620  0.2172340E+02  0.2799664E+01  0.2420541E+02 -0.3514684E-04  0.1844410E-04  0.1404143E-04
Ar 1621  0.2187967E+02  0.1508110E+00  0.2685249E+02 -0.1451677E-04  0.9254948E-05 -0.1993313E-04
Ar 1622  0.2439673E+02  0.2427624E+01  0.2708226E+02  0.2691621E-04  0.9076405E-05  0.2083176E-05
Ar 1623  0.2446523E+02  0.4373941E-02  0.3002256E+02  0.4941213E-04 -0.1873368E-04 -0.9466233E-04
Ar 1624  0.2162817E+02  0.2481532E+01  0.2968475E+02 -0.5356237E-04 -0.4202951E-04  0.1432995E-04
Ar 1625  0.2155823E+02  0.5400459E+02  0.3230477E+02 -0.4239738E-04  0.3079363E-04 -0.1644271E-04
Ar 1626  0.2413412E+02  0.2634564E+01  0.3246310E+02 -0.2874084E-05  0.6686019E-04 -0.9612329E-05
Ar 1627  0.2394541E+02  0.5370803E+02  0.3536590E+02 -0.2087248E-04  0.2726866E-04  0.3583076E-04
Ar 1628  0.2164459E+02  0.2460122E+01  0.3496009E+02 -0.2117860E-04  0.6278537E-04  0.4326008E-04
Ar 1629  0.2127986E+02  0.1565859E+00  0.3805120E+02 -0.3766999E-04  0.2199221E-04 -0.1220964E-03
Ar 1630  0.2419932E+02  0.2500051E+01  0.3775862E+02  0.8574774E-04 -0.7168955E-04 -0.2649769E-04
Ar 1631  0.2447102E+02  0.8819827E-01  0.4051934E+02  0.6511661E-04  0.2167281E-04 -0.2513510E-04
Ar 1632  0.2173767E+02  0.2585174E+01  0.4060297E+02  0.4642284E-05  0.1091925E-04  0.7976066E-04
Ar 1633  0.2180325E+02  0.5384942E+02  0.4282307E+02 -0.8582321E-04 -0.9004996E-04  0.2108552E-04
Ar 1634  0.2453949E+02  0.2779043E+01  0.4319532E+02 -0.1438016E-04 -0.3761388E-05  0.1123874E-04
Ar 1635  0.2448079E+02  0.3024696E+00  0.4593513E+02 -0.5033243E-04  0.1556120E-05 -0.3856953E-05
Ar 1636  0.2156491E+02  0.2665073E+01  0.4603454E+02 -0.4123120E-04 -0.1206214E-04 -0.6006925E-05
Ar 1637  0.2156974E+02  0.1056986E+00  0.4828413E+02  0.2480149E-04  0.2538788E-04  0.5499800E-05
Ar 1638  0.2435144E+02  0.2642001E+01  0.4879049E+02  0.8054118E-04 -0.4549123E-04  0.4030686E-04
Ar 1639  0.2433357E+02  0.1339481E+00  0.5129957E+02  0.3729820E-04  0.1239627E-04  0.1823620E-04
Ar 1640  0.2168654E+02  0.2402044E+01  0.5115410E+02  0.4790687E-04 -0.1306765E-04  0.3005937E-04
Ar 1641  0.2114455E+02  0.5289948E+01  0.5399209E+02 -0.8497758E-04 -0.9386152E-04 -0.1243400E-04
Ar 1642  0.2417201E+02  0.8004112E+01  0.5381127E+02  0.6255719E-04  0.3988381E-04  0.1499784E-04
Ar 1643  0.2415626E+02  0.5469464E+01  0.2670307E+01  0.6334583E-05 -0.1169177E-04  0.2364524E-04
Ar 1644  0.2162371E+02  0.8037834E+01  0.2774168E+01  0.3116109E-04 -0.3268983E-04  0.6176638E-04
Ar 1645  0.2184913E+02  0.5394614E+01  0.5241498E+01 -0.5508055E-05 -0.3097594E-04 -0.5874282E-04
Ar 1646  0.2406491E+02  0.8068851E+01  0.5375735E+01  0.4445794E-04 -0.5585191E-04 -0.2797708E-04
Ar 1647  0.2413166E+02  0.5296408E+01  0.8161879E+01 -0.7327970E-04  0.1819413E-04  0.3712168E-04
Ar 1648  0.2149397E+02  0.8062602E+01  0.8002412E+01  0.6693413E-05 -0.6295114E-04 -0.1054209E-03
Ar 1649  0.2142096E+02  0.5462510E+01  0.1056741E+02 -0.1145109E-04 -0.4973959E-04 -0.5181078E-04
Ar 1650  0.2407288E+02  0.8094852E+01  0.1086291E+02 -0.1703315E-04 -0.6911169E-04 -0.6831550E-04
Ar 1651  0.2411292E+02  0.5421120E+01  0.1383428E+02  0.6068368E-04  0.1855065E-04 -0.1952196E-04
Ar 1652  0.2140612E+02  0.7839522E+01  0.1366201E+02  0.5280500E-04 -0.2643944E-04 -0.1110376E-03
Ar 1653  0.2124812E+02  0.5386770E+01  0.1610375E+02 -0.1511707E-04  0.7111858E-04  0.6189010E-04
Ar 1654  0.2419353E+02  0.7837896E+01  0.1601218E+02  0.4998567E-04 -0.5064805E-04 -0.1454438E-05
Ar 1655  0.2388390E+02  0.5175962E+01  0.1864035E+02 -0.1905961E-05 -0.2019419E-04  0.6913651E-05
Ar 1656  0.2155113E+02  0.8056760E+01  0.1894795E+02 -0.1106783E-03 -0.1674458E-04 -0.2507786E-05
Ar 1657  0.2173336E+02  0.5478511E+01  0.2173994E+02  0.8997457E-04  0.2179817E-04  0.8073094E-05
Ar 1658  0.2430641E+02  0.8144690E+01  0.2141015E+02  0.5949539E-04  0.2025691E-04  0.2438129E-04
Ar 1659  0.2414823E+02  0.5363966E+01  0.2445267E+02 -0.6404266E-04  0.8354764E-04  0.3276793E-04
Ar 1660  0.2151973E+02  0.8194044E+01  0.2445689E+02 -0.9832134E-05 -0.3871556E-04  0.1572902E-04
Ar 1661  0.2123642E+02  0.5057065E+01  0.2696060E+02  0.5212942E-05 -0.3130865E-04  0.3943098E-04
Ar 1662  0.2399053E+02  0.7935998E+01  0.2683659E+02 -0.6291502E-04  0.2438095E-05  0.2506959E-04
Ar 1663  0.2422642E+02  0.5302944E+01  0.2964932E+02  0.3441454E-04  0.8925047E-04 -0.3271202E-04
Ar 1664  0.2141194E+02  0.7872117E+01  0.2983563E+02  0.4146991E-05 -0.8951164E-04  0.1038307E-04
Ar 1665  0.2153717E+02  0.5153783E+01  0.3241897E+02  0.1037233E-03 -0.5479461E-04  0.2037297E-04
Ar 1666  0.2440120E+02  0.8128048E+01  0.3214020E+02  0.4180154E-05 -0.6291526E-04 -0.3302515E-04
Ar 1667  0.2437762E+02  0.5664033E+01  0.3491200E+02 -0.4132639E-04  0.3776841E-04 -0.1004239E-04
Ar 1668  0.2165479E+02  0.7912625E+01  0.3478761E+02 -0.1609415E-04 -0.1973309E-04 -0.3250959E-04
Ar 1669  0.2148670E+02  0.5313046E+01  0.3741138E+02 -0.4029166E-04 -0.4320509E-04 -0.4866338E-04
Ar 1670  0.2442686E+02  0.7778480E+01  0.3797299E+02  0.2216301E-04  0.1603182E-04 -0.1629500E-04
Ar 1671  0.2424341E+02  0.5185148E+01  0.4043916E+02 -0.3193752E-05 -0.6570060E-05 -0.2469095E-04
Ar 1672  0.2154483E+02  0.8223764E+01  0.4041075E+02  0.2762397E-04  0.1868680E-04 -0.6406529E-04
Ar 1673  0.2166777E+02  0.5138008E+01  0.4321217E+02  0.8090816E-04 -0.1943548E-04 -0.1308405E-04
Ar 1674  0.2424821E+02  0.7957268E+01  0.4294385E+02 -0.3617118E-04 -0.8111611E-04  0.1533885E-04
Ar 1675  0.2427052E+02  0.5354706E+01  0.4602315E+02  0.5702843E-05  0.5985217E-04 -0.1238267E-04
Ar 1676  0.2155608E+02  0.8104246E+01  0.4600116E+02  0.1253650E-04  0.5599460E-04 -0.3809575E-04
Ar 1677  0.2140285E+02  0.5318267E+01  0.4872875E+02 -0.1663607E-04  0.2276106E-04 -0.2048592E-04
Ar 1678  0.2425559E+02  0.7889546E+01  0.4849054E+02  0.1081858E-03 -0.1123009E-03  0.5993758E-04
Ar 1679  0.2396160E+02  0.5343695E+01  0.5129844E+02 -0.5488570E-05 -0.3808114E-04 -0.3000699E-04
Ar 1680  0.2139325E+02  0.7762640E+01  0.5132903E+02  0.3014537E-04  0.1288898E-04 -0.7047372E-05
Ar 1681  0.2156165E+02  0.1054490E+02  0.2963154E-01  0.5223217E-05  0.6416075E-04 -0.2341763E-04
Ar 1682  0.2394986E+02  0.1323357E+02  0.5386472E+02  0.2328810E-04 -0.1075406E-03  0.6914612E-04
Ar 1683  0.2418562E+02  0.1076331E+02  0.2650586E+01 -0.2514856E-04  0.1458098E-04 -0.1199894E-03
Ar 1684  0.2115687E+02  0.1309715E+02  0.2857569E+01  0.2877030E-04  0.1012430E-04  0.2371652E-04
Ar 1685  0.2131672E+02  0.1070951E+02  0.5460143E+01 -0.2711180E-04 -0.3597392E-04  0.2123582E-05
Ar 1686  0.2387617E+02  0.1351252E+02  0.5147394E+01 -0.4001351E-04 -0.1025472E-04 -0.4878023E-04
Ar 1687  0.2387429E+02  0.1091326E+02  0.8158644E+01 -0.2452304E-04  0.1885942E-05 -0.8612660E-05
Ar 1688  0.2145470E+02  0.1332173E+02  0.8424973E+01 -0.2634106E-05  0.2431965E-04  0.6938820E-04
Ar 1689  0.2156335E+02  0.1072569E+02  0.1094053E+02  0.2005538E-04  0.3765249E-04 -0.3492996E-04
Ar 1690  0.2382636E+02  0.1354020E+02  0.1095430E+02  0.4434392E-04  0.2763165E-04 -0.5518312E-04
Ar 1691  0.2412654E+02  0.1074518E+02  0.1356890E+02  0.1456567E-04 -0.1573933E-04 -0.4601210E-04
Ar 1692  0.2142925E+02  0.1329241E+02  0.1337185E+02 -0.8745574E-05 -0.3825879E-04 -0.4136105E-04
Ar 1693  0.2153054E+02  0.1093579E+02  0.1641369E+02 -0.7615144E-04  0.6916378E-04 -0.9132691E-04
Ar 1694  0.2420078E+02  0.1347092E+02  0.1621225E+02  0.1464807E-04  0.1080565E-03 -0.1605172E-04
Ar 1695  0.2411636E+02  0.1092818E+02  0.1878724E+02  0.9227324E-05  0.1242442E-04 -0.8522025E-06
Ar 1696  0.2163186E+02  0.1366961E+02  0.1905493E+02  0.3588885E-04 -0.1219176E-04  0.2023577E-04
Ar 1697  0.2134189E+02  0.1087043E+02  0.2140893E+02  0.5825645E-04  0.1944694E-04  0.1867779E-04
Ar 1698  0.2433791E+02  0.1344313E+02  0.2164358E+02  0.6661329E-04  0.9682599E-04  0.6467852E-04
Ar 1699  0.2448538E+02  0.1052778E+02  0.2418911E+02 -0.4944523E-04  0.4311174E-04 -0.3030590E-04
Ar 1700  0.2163148E+02  0.1332592E+02  0.2408264E+02 -0.6221435E-05  0.2939516E-04  0.4706187E-04
Ar 1701  0.2121238E+02  0.1061425E+02  0.2708454E+02  0.1021222E-03 -0.4278810E-04  0.6534515E-05
Ar 1702  0.2417845E+02  0.1341015E+02  0.2669720E+02  0.9469812E-04 -0.3609093E-04  0.4762396E-04
Ar 1703  0.2393384E+02  0.1066378E+02  0.2935809E+02 -0.9971422E-04 -0.4185344E-05  0.8123854E-05
Ar 1704  0.2146721E+02  0.1357935E+02  0.2940250E+02  0.3112265E-04 -0.2493658E-04  0.1148619E-03
Ar 1705  0.2137130E+02  0.1049103E+02  0.3214401E+02  0.2928315E-04 -0.9155855E-05  0.1152218E-03
Ar 1706  0.2437822E+02  0.1332881E+02  0.3230360E+02 -0.1905855E-04 -0.1793166E-04  0.2857396E-06
Ar 1707  0.2432138E+02  0.1078514E+02  0.3506916E+02 -0.1068670E-03  0.3871898E-04 -0.9453925E-05
Ar 1708  0.2181692E+02  0.1354775E+02  0.3480200E+02  0.7173645E-04 -0.3266539E-04  0.3566680E-04
Ar 1709  0.2176108E+02  0.1067026E+02  0.3755663E+02  0.1445284E-04  0.2784427E-04  0.7091039E-06
Ar 1710  0.2416657E+02  0.1341256E+02  0.3765611E+02 -0.4681138E-04  0.2691501E-04  0.9535196E-05
Ar 1711  0.2417549E+02  0.1078524E+02  0.4038269E+02 -0.3226343E-04 -0.3692608E-04 -0.1859008E-04
Ar 1712  0.2147395E+02  0.1318578E+02  0.4033957E+02  0.9584078E-04 -0.1614937E-04  0.6236107E-04
Ar 1713  0.2164882E+02  0.1049898E+02  0.4328325E+02 -0.2634024E-04  0.6866989E-04  0.4327327E-04
Ar 1714  0.2406058E+02  0.1339582E+02  0.4321052E+02 -0.1801264E-04  0.4040292E-04  0.2326752E-04
Ar 1715  0.2450937E+02  0.1050036E+02  0.4561660E+02  0.4760235E-04  0.3860617E-05  0.8303223E-04
Ar 1716  0.2158981E+02  0.1339579E+02  0.4576390E+02  0.5342612E-04 -0.7200309E-06  0.5791090E-04
Ar 1717  0.2156861E+02  0.1069390E+02  0.4861033E+02 -0.9066470E-04  0.1375693E-04  0.4596816E-04
Ar 1718  0.2424683E+02  0.1351369E+02  0.4839580E+02 -0.5591686E-04 -0.3718097E-04 -0.2103239E-04
Ar 1719  0.2414010E+02  0.1070738E+02  0.5121692E+02  0.5346505E-05 -0.2529548E-04 -0.4177831E-04
Ar 1720  0.2165244E+02  0.1334268E+02  0.5096118E+02 -0.4500348E-04 -0.2097906E-04 -0.2410906E-04
Ar 1721  0.2143150E+02  0.1599675E+02  0.5398587E+02  0.1922544E-04 -0.5070875E-04  0.7427188E-04
Ar 1722  0.2434052E+02  0.1877570E+02  0.5362257E+02  0.5259157E-04 -0.1480167E-04  0.1538809E-04
Ar 1723  0.2399315E+02  0.1605201E+02  0.2688188E+01 -0.8610984E-04  0.1680167E-04 -0.1394705E-04
Ar 1724  0.2130648E+02  0.1872989E+02  0.2643144E+01 -0.2116904E-04  0.1835994E-04  0.3525305E-04
Ar 1725  0.2149826E+02  0.1639767E+02  0.5222885E+01  0.3136650E-04 -0.5887256E-05 -0.2188103E-04
Ar 1726  0.2397585E+02  0.1887884E+02  0.5067633E+01 -0.8728599E-04  0.1386917E-04  0.9328534E-05
Ar 1727  0.2420886E+02  0.1631365E+02  0.8037137E+01  0.1531360E-05  0.3428786E-04  0.4877940E-04
Ar 1728  0.2145759E+02  0.1879839E+02  0.7640280E+01 -0.3747025E-04 -0.3471585E-04 -0.3198944E-05
Ar 1729  0.2132571E+02  0.1635373E+02  0.1067150E+02  0.2089697E-04 -0.3602659E-04 -0.2432821E-04
Ar 1730  0.2407058E+02  0.1848783E+02  0.1063858E+02 -0.2204756E-04  0.6614732E-04  0.5024896E-04
Ar 1731  0.2416308E+02  0.1594650E+02  0.1366687E+02 -0.1199234E-04  0.3141776E-04 -0.1591385E-04
Ar 1732  0.2150922E+02  0.1897621E+02  0.1336252E+02  0.3137267E-04 -0.9581929E-04 -0.5989500E-04
Ar 1733  0.2148184E+02  0.1629299E+02  0.1620317E+02  0.1963164E-04 -0.1923590E-04 -0.2452848E-04
Ar 1734  0.2407040E+02  0.1876601E+02  0.1616695E+02 -0.8619898E-04  0.4199068E-04 -0.6598853E-04
Ar 1735  0.2436210E+02  0.1600013E+02  0.1885854E+02 -0.9201465E-05  0.1537703E-04  0.3175937E-04
Ar 1736  0.2181478E+02  0.1881547E+02  0.1902250E+02  0.2909874E-04 -0.2352087E-04 -0.2225961E-04
Ar 1737  0.2151730E+02  0.1632097E+02  0.2164792E+02  0.4577082E-04 -0.9880347E-04  0.5346083E-04
Ar 1738  0.2428556E+02  0.1891019E+02  0.2164412E+02 -0.1791850E-05  0.4834226E-04  0.1254708E-04
Ar 1739  0.2420323E+02  0.1613333E+02  0.2417320E+02 -0.4718083E-04 -0.3424830E-04 -0.4271205E-04
Ar 1740  0.2136208E+02  0.1878439E+02  0.2433928E+02  0.3300656E-04  0.5715455E-05 -0.1238193E-03
Ar 1741  0.2151724E+02  0.1626028E+02  0.2697303E+02 -0.3136341E-04 -0.1011639E-03  0.2655307E-04
Ar 1742  0.2411222E+02  0.1892212E+02  0.2685752E+02 -0.1067617E-03  0.8482013E-05  0.3380757E-05
Ar 1743  0.2430195E+02  0.1635398E+02  0.2981902E+02 -0.7258243E-06  0.6773973E-04 -0.4849788E-04
Ar 1744  0.2149523E+02  0.1884905E+02  0.3000108E+02 -0.6906259E-05 -0.4806530E-04 -0.2203073E-04
Ar 1745  0.2162089E+02  0.1629805E+02  0.3224071E+02 -0.8540263E-05 -0.4550638E-04 -0.1660980E-04
Ar 1746  0.2405410E+02  0.1889424E+02  0.3232398E+02  0.3748473E-04 -0.3819944E-04  0.2920759E-04
Ar 1747  0.2430048E+02  0.1612236E+02  0.3485950E+02  0.2956370E-04  0.3473267E-04  0.3132697E-04
Ar 1748  0.2182991E+02  0.1909171E+02  0.3497300E+02 -0.1486893E-04  0.4745070E-04  0.2406357E-04
Ar 1749  0.2168686E+02  0.1639803E+02  0.3742784E+02 -0.3505749E-04 -0.2673857E-05  0.8960075E-05
Ar 1750  0.2421238E+02  0.1867667E+02  0.3789921E+02 -0.3546709E-04  0.4606849E-04 -0.4706922E-04
Ar 1751  0.2407212E+02  0.1610661E+02  0.4025465E+02 -0.3720595E-04 -0.6634703E-04  0.2489204E-04
Ar 1752  0.2171845E+02  0.1881645E+02  0.4018448E+02 -0.8066313E-04 -0.8586177E-04  0.9762469E-05
Ar 1753  0.2156210E+02  0.1583377E+02  0.4288077E+02 -0.1503586E-04  0.2146418E-04 -0.1647086E-04
Ar 1754  0.2428697E+02  0.1875085E+02  0.4312199E+02  0.4894155E-04  0.4815115E-04  0.3340983E-04
Ar 1755  0.2428351E+02  0.1616961E+02  0.4564573E+02  0.1765472E-04 -0.1591455E-04  0.9844365E-04
Ar 1756  0.2164842E+02  0.1865891E+02  0.4564874E+02 -0.1689079E-05  0.3659134E-04 -0.8692224E-04
Ar 1757  0.2156378E+02  0.1643620E+02  0.4847207E+02 -0.2810810E-04 -0.2502192E-04  0.3287533E-05
Ar 1758  0.2413931E+02  0.1865499E+02  0.4841618E+02 -0.2746757E-04 -0.4870682E-04 -0.2659257E-04
Ar 1759  0.2391037E+02  0.1598675E+02  0.5114166E+02  0.7608082E-04  0.8814097E-04 -0.3797364E-04
Ar 1760  0.2156371E+02  0.1912081E+02  0.5147581E+02  0.2586043E-05 -0.2550156E-04 -0.1985739E-04
Ar 1761  0.2175409E+02  0.2161820E+02  0.2478784E+00  0.1998579E-05 -0.3901263E-05 -0.3431703E-04
Ar 1762  0.2415652E+02  0.2456570E+02  0.1464934E+00  0.5015444E-04 -0.2939999E-04 -0.4065741E-04
Ar 1763  0.2431780E+02  0.2142036E+02  0.2762319E+01  0.6992752E-04  0.4283893E-04 -0.4849729E-04
Ar 1764  0.2166513E+02  0.2453336E+02  0.2870257E+01  0.3437317E-04  0.5665853E-04  0.9959920E-04
Ar 1765  0.2146050E+02  0.2159755E+02  0.5306983E+01 -0.6559905E-04 -0.7284009E-04 -0.2151627E-04
Ar 1766  0.2420526E+02  0.2418277E+02  0.5447076E+01 -0.2438509E-04 -0.1809251E-04  0.9967410E-04
Ar 1767  0.2437265E+02  0.2166931E+02  0.7968349E+01 -0.7812452E-05  0.5407773E-04  0.9964795E-05
Ar 1768  0.2173749E+02  0.2433600E+02  0.8162485E+01 -0.7073400E-05 -0.2065351E-04  0.1723112E-03
Ar 1769  0.2164342E+02  0.2178436E+02  0.1061317E+02  0.1067320E-04  0.5307027E-04  0.2845943E-04
Ar 1770  0.2443616E+02  0.2426267E+02  0.1072298E+02 -0.1754019E-04 -0.6005676E-04  0.4521040E-05
Ar 1771  0.2422678E+02  0.2176504E+02  0.1341586E+02 -0.2083461E-05 -0.3850388E-04  0.6461502E-05
Ar 1772  0.2154690E+02  0.2441703E+02  0.1320538E+02 -0.7680420E-04 -0.7694472E-05  0.9586549E-05
Ar 1773  0.2162047E+02  0.2129228E+02  0.1609139E+02  0.8551266E-04 -0.7367602E-04  0.4995007E-04
Ar 1774  0.2404058E+02  0.2422181E+02  0.1600637E+02 -0.1581713E-04 -0.7367467E-04  0.5287838E-04
Ar 1775  0.2430325E+02  0.2142938E+02  0.1871900E+02 -0.1020517E-03 -0.3264184E-04 -0.1124265E-03
Ar 1776  0.2182880E+02  0.2400191E+02  0.1884538E+02  0.3601800E-04  0.7510774E-04  0.2277796E-04
Ar 1777  0.2187371E+02  0.2154503E+02  0.2147778E+02  0.1078358E-03  0.2710356E-04 -0.5259480E-04
Ar 1778  0.2409280E+02  0.2430262E+02  0.2167640E+02  0.2026297E-04  0.2916036E-04 -0.2351255E-04
Ar 1779  0.2410249E+02  0.2150581E+02  0.2415016E+02 -0.2993586E-04 -0.1976463E-04 -0.5230922E-04
Ar 1780  0.2166624E+02  0.2437167E+02  0.2430194E+02  0.6233015E-04  0.4893761E-05 -0.2024457E-04
Ar 1781  0.2133325E+02  0.2147441E+02  0.2695823E+02  0.1041775E-04 -0.1130582E-04 -0.1236063E-04
Ar 1782  0.2432100E+02  0.2416122E+02  0.2696048E+02 -0.1831000E-04 -0.1989708E-04  0.3823600E-04
Ar 1783  0.2408312E+02  0.2132802E+02  0.2971446E+02  0.4866258E-04 -0.3522933E-04 -0.7580051E-04
Ar 1784  0.2149625E+02  0.2432757E+02  0.2915044E+02 -0.3945903E-04  0.1312125E-04 -0.1360233E-04
Ar 1785  0.2132353E+02  0.2180253E+02  0.3205463E+02 -0.4215742E-04 -0.2439170E-04 -0.3336545E-05
Ar 1786  0.2390351E+02  0.2427189E+02  0.3191915E+02 -0.2452606E-05 -0.4450781E-04  0.3428363E-04
Ar 1787  0.2458755E+02  0.2169397E+02  0.3470791E+02  0.3884914E-04 -0.3700630E-04  0.3585419E-04
Ar 1788  0.2187102E+02  0.2383794E+02  0.3483849E+02  0.6954950E-04 -0.1079873E-05  0.3883606E-04
Ar 1789  0.2156854E+02  0.2155867E+02  0.3766943E+02  0.7751392E-04 -0.5963658E-04 -0.4971601E-04
Ar 1790  0.2430508E+02  0.2398057E+02  0.3771249E+02 -0.6830978E-06 -0.5261839E-04  0.2212131E-04
Ar 1791  0.2391631E+02  0.2177217E+02  0.4067791E+02  0.3853023E-04  0.6379928E-04  0.1953847E-04
Ar 1792  0.2139674E+02  0.2415489E+02  0.4030086E+02 -0.4431241E-05  0.5788541E-04  0.3054538E-04
Ar 1793  0.2138057E+02  0.2154932E+02  0.4324577E+02  0.8658452E-04 -0.3600593E-05 -0.9862425E-04
Ar 1794  0.2402550E+02  0.2447953E+02  0.4305373E+02  0.7119604E-04 -0.7044291E-04  0.1529703E-04
Ar 1795  0.2409429E+02  0.2147860E+02  0.4608848E+02  0.1838187E-04  0.1154617E-04 -0.2457318E-04
Ar 1796  0.2149727E+02  0.2409563E+02  0.4583284E+02  0.2963258E-04 -0.1652883E-04 -0.5422728E-04
Ar 1797  0.2155356E+02  0.2171378E+02  0.4885198E+02  0.1166236E-03 -0.3000030E-04  0.7035007E-05
Ar 1798  0.2416748E+02  0.2429145E+02  0.4852733E+02 -0.4319540E-04  0.7049239E-05 -0.7031281E-04
Ar 1799  0.2427388E+02  0.2170831E+02  0.5113197E+02  0.1865071E-04  0.4699059E-04 -0.3411461E-04
Ar 1800  0.2177427E+02  0.2411237E+02  0.5158768E+02  0.3490928E-04 -0.3508272E-05 -0.9359610E-04
Ar 1801  0.2161203E+02  0.2729517E+02  0.1561552E+00  0.6790014E-04 -0.6130397E-04 -0.1941380E-04
Ar 1802  0.2469922E+02  0.2950769E+02  0.5398203E+02 -0.1274217E-05 -0.3583975E-04  0.1073737E-04
Ar 1803  0.2443871E+02  0.2698643E+02  0.2659269E+01  0.7834113E-04  0.9865303E-04  0.1914745E-04
Ar 1804  0.2162291E+02  0.2978305E+02  0.2621862E+01 -0.2098331E-04  0.2601397E-04  0.6912127E-04
Ar 1805  0.2176433E+02  0.2728792E+02  0.5538200E+01 -0.1488016E-04 -0.7308967E-05 -0.7625063E-04
Ar 1806  0.2455059E+02  0.2967893E+02  0.5448309E+01  0.6533479E-05 -0.4498196E-04 -0.8331593E-04
Ar 1807  0.2465079E+02  0.2684151E+02  0.7725364E+01  0.9837032E-05  0.1203379E-04 -0.2178989E-04
Ar 1808  0.2161935E+02  0.2963965E+02  0.7898732E+01  0.4196605E-04 -0.3286025E-04 -0.4680210E-07
Ar 1809  0.2158226E+02  0.2720732E+02  0.1109243E+02 -0.2361080E-04  0.1621158E-04 -0.4325484E-04
Ar 1810  0.2450792E+02  0.2959914E+02  0.1084680E+02  0.9349351E-04  0.5100502E-05  0.1446969E-04
Ar 1811  0.2426411E+02  0.2722254E+02  0.1352028E+02  0.1895170E-04  0.1777493E-05 -0.3481516E-04
Ar 1812  0.2141838E+02  0.2935384E+02  0.1384329E+02  0.5481235E-07 -0.4987571E-04  0.3663823E-05
Ar 1813  0.2159122E+02  0.2682639E+02  0.1650392E+02  0.1652663E-04  0.7682577E-04 -0.5961386E-04
Ar 1814  0.2406777E+02  0.2964499E+02  0.1623055E+02 -0.2610928E-04  0.2064391E-04  0.1209563E-04
Ar 1815  0.2448302E+02  0.2705938E+02  0.1914872E+02  0.3683816E-05 -0.5243523E-05  0.1839363E-04
Ar 1816  0.2166294E+02  0.2993915E+02  0.1902175E+02  0.2396720E-04 -0.1108312E-04  0.8155734E-05
Ar 1817  0.2188052E+02  0.2724088E+02  0.2170106E+02 -0.1633049E-04  0.5839429E-04  0.4901746E-04
Ar 1818  0.2437191E+02  0.2990486E+02  0.2161853E+02 -0.6286749E-04 -0.3195949E-04 -0.1289620E-03
Ar 1819  0.2468377E+02  0.2708748E+02  0.2453073E+02 -0.2336580E-04  0.6999575E-05 -0.2641107E-04
Ar 1820  0.2181849E+02  0.2954639E+02  0.2431484E+02  0.1064121E-04  0.6214651E-05  0.6738585E-04
Ar 1821  0.2143649E+02  0.2698855E+02  0.2683522E+02  0.8940516E-04 -0.9729286E-05  0.2265155E-04
Ar 1822  0.2438777E+02  0.2949624E+02  0.2729757E+02 -0.2460335E-04 -0.8719357E-05 -0.2451875E-04
Ar 1823  0.2429050E+02  0.2697906E+02  0.2967754E+02 -0.3121251E-04  0.1724253E-04  0.7405479E-05
Ar 1824  0.2167282E+02  0.2942831E+02  0.2958009E+02  0.5233570E-05  0.9482338E-04  0.3240728E-04
Ar 1825  0.2129214E+02  0.2681211E+02  0.3250406E+02  0.5556417E-04  0.8091115E-05 -0.7775174E-04
Ar 1826  0.2413759E+02  0.2959233E+02  0.3242674E+02  0.1253507E-04  0.2732496E-04 -0.8523240E-04
Ar 1827  0.2439608E+02  0.2674668E+02  0.3506677E+02  0.1451340E-04  0.5363805E-05 -0.2599519E-04
Ar 1828  0.2162500E+02  0.2935310E+02  0.3507112E+02  0.2039792E-04 -0.7474889E-04 -0.3856602E-04
Ar 1829  0.2115382E+02  0.2669574E+02  0.3764842E+02 -0.6350849E-05  0.1679535E-04  0.4076372E-04
Ar 1830  0.2409747E+02  0.2919363E+02  0.3745868E+02 -0.9214035E-04  0.9341701E-05  0.5000946E-05
Ar 1831  0.2416689E+02  0.2656354E+02  0.3992427E+02 -0.1134284E-05 -0.6397834E-04  0.2599493E-04
Ar 1832  0.2194519E+02  0.2943734E+02  0.4042609E+02  0.3660195E-04  0.2817319E-04  0.3946288E-04
Ar 1833  0.2134103E+02  0.2675210E+02  0.4279164E+02 -0.4012756E-04 -0.8040231E-05  0.8698128E-05
Ar 1834  0.2428425E+02  0.2965831E+02  0.4319178E+02  0.6404924E-04  0.3293882E-04 -0.4745345E-04
Ar 1835  0.2443616E+02  0.2690030E+02  0.4582176E+02  0.3375583E-05 -0.3868920E-04 -0.5636999E-04
Ar 1836  0.2156315E+02  0.2939768E+02  0.4555766E+02  0.3177564E-04  0.4845689E-04  0.3646922E-04
Ar 1837  0.2167651E+02  0.2703095E+02  0.4816625E+02 -0.8386483E-04  0.6669794E-05 -0.1844820E-04
Ar 1838  0.2452553E+02  0.2972011E+02  0.4821646E+02 -0.1656187E-03 -0.1369678E-04 -0.2703205E-04
Ar 1839  0.2445967E+02  0.2677548E+02  0.5098700E+02 -0.4992115E-04  0.4721131E-04  0.2783355E-04
Ar 1840  0.2178198E+02  0.2948698E+02  0.5099909E+02  0.2573951E-04 -0.4598483E-04 -0.7595298E-04
Ar 1841  0.2202313E+02  0.3212510E+02  0.5383064E+02 -0.2262923E-04 -0.4183744E-04  0.3366380E-04
Ar 1842  0.2453495E+02  0.3492668E+02  0.5383448E+02  0.4701622E-04  0.4217361E-05  0.8015513E-04
Ar 1843  0.2441046E+02  0.3227642E+02  0.2764390E+01  0.3728837E-04 -0.3595864E-04  0.6951895E-04
Ar 1844  0.2154564E+02  0.3471295E+02  0.3153974E+01 -0.4358019E-04 -0.1160695E-04  0.6482500E-04
Ar 1845  0.2198107E+02  0.3193478E+02  0.5363486E+01 -0.2242654E-04  0.1669298E-04 -0.2162277E-04
Ar 1846  0.2462362E+02  0.3507499E+02  0.5446835E+01 -0.4409930E-04  0.7589701E-04  0.7162741E-04
Ar 1847  0.2467074E+02  0.3236703E+02  0.7902455E+01 -0.1339711E-04 -0.7965635E-05  0.6258800E-04
Ar 1848  0.2147731E+02  0.3468326E+02  0.7801002E+01 -0.3537410E-04  0.7099457E-04  0.1376724E-04
Ar 1849  0.2122358E+02  0.3174555E+02  0.1100214E+02  0.6762900E-04 -0.2021417E-04  0.4733927E-04
Ar 1850  0.2413427E+02  0.3462043E+02  0.1083904E+02  0.5738924E-04 -0.4413895E-04  0.5815874E-04
Ar 1851  0.2407732E+02  0.3209512E+02  0.1329385E+02  0.5803588E-04  0.4128494E-05  0.6383087E-04
Ar 1852  0.2138172E+02  0.3483353E+02  0.1370737E+02  0.4234454E-04  0.9373751E-05  0.5924408E-05
Ar 1853  0.2155574E+02  0.3233006E+02  0.1638793E+02 -0.8880312E-04 -0.1954228E-04 -0.5137298E-04
Ar 1854  0.2404624E+02  0.3507533E+02  0.1613655E+02 -0.4980240E-04 -0.6100955E-05  0.4864138E-04
Ar 1855  0.2445653E+02  0.3244863E+02  0.1876319E+02  0.2380204E-04  0.6817025E-04 -0.1034130E-04
Ar 1856  0.2181351E+02  0.3488711E+02  0.1914792E+02  0.8145075E-04 -0.3654150E-04 -0.5288643E-04
Ar 1857  0.2160148E+02  0.3232895E+02  0.2151878E+02  0.5612915E-04  0.2694852E-04  0.5985481E-04
Ar 1858  0.2463033E+02  0.3513775E+02  0.2172031E+02 -0.6974694E-04 -0.1737375E-04  0.5873065E-05
Ar 1859  0.2460373E+02  0.3227128E+02  0.2433846E+02  0.5479804E-04 -0.1315409E-04  0.2817930E-04
Ar 1860  0.2186038E+02  0.3485993E+02  0.2422537E+02  0.1226244E-04 -0.5811038E-04 -0.3715181E-05
Ar 1861  0.2165932E+02  0.3228646E+02  0.2696800E+02  0.4549442E-04 -0.5072934E-05  0.1498355E-04
Ar 1862  0.2456041E+02  0.3492711E+02  0.2678351E+02 -0.2535466E-04  0.8200280E-04  0.2858322E-04
Ar 1863  0.2412752E+02  0.3268825E+02  0.2932645E+02 -0.7902740E-05  0.7402064E-04  0.2060532E-04
Ar 1864  0.2172390E+02  0.3521971E+02  0.2939808E+02 -0.7046449E-05 -0.5797825E-04 -0.8868944E-04
Ar 1865  0.2155876E+02  0.3233437E+02  0.3216985E+02  0.1147710E-03 -0.7944709E-04  0.3071074E-04
Ar 1866  0.2412697E+02  0.3525552E+02  0.3225775E+02  0.3693747E-04 -0.1096095E-05 -0.8095620E-04
Ar 1867  0.2413272E+02  0.3215913E+02  0.3478375E+02 -0.2931955E-05  0.3398031E-04  0.1248415E-03
Ar 1868  0.2183639E+02  0.3506215E+02  0.3515661E+02 -0.3276608E-04  0.1429961E-03 -0.4324497E-04
Ar 1869  0.2181570E+02  0.3227320E+02  0.3760005E+02  0.8649248E-06  0.3823480E-04 -0.1238945E-04
Ar 1870  0.2424157E+02  0.3520799E+02  0.3807812E+02 -0.6341575E-04 -0.1403429E-04  0.1079745E-04
Ar 1871  0.2407764E+02  0.3235917E+02  0.4061312E+02 -0.5464511E-04  0.7356136E-04 -0.1747405E-05
Ar 1872  0.2126257E+02  0.3488883E+02  0.4035434E+02 -0.2275457E-04  0.2922645E-04 -0.5093776E-05
Ar 1873  0.2151045E+02  0.3228310E+02  0.4308325E+02  0.4450902E-04 -0.4114577E-04  0.2312812E-04
Ar 1874  0.2417625E+02  0.3517357E+02  0.4298919E+02 -0.4938754E-04 -0.5198095E-04  0.2354888E-04
Ar 1875  0.2440307E+02  0.3231442E+02  0.4572006E+02 -0.5735348E-04 -0.1010870E-04 -0.3632040E-04
Ar 1876  0.2172638E+02  0.3511655E+02  0.4578960E+02 -0.1088827E-04 -0.7971407E-04 -0.6124957E-04
Ar 1877  0.2172016E+02  0.3186104E+02  0.4829136E+02  0.6379979E-05 -0.1392246E-04 -0.4958977E-04
Ar 1878  0.2488397E+02  0.3488573E+02  0.4825472E+02  0.3986128E-04 -0.4316252E-04 -0.6558212E-04
Ar 1879  0.2448807E+02  0.3237152E+02  0.5080633E+02  0.7437135E-04 -0.4173746E-04  0.2173264E-04
Ar 1880  0.2179796E+02  0.3486872E+02  0.5083494E+02  0.2294243E-05  0.5305035E-05 -0.3274400E-04
Ar 1881  0.2174398E+02  0.3769371E+02  0.5368493E+02 -0.2320787E-04 -0.9791012E-05  0.2559724E-04
Ar 1882  0.2417287E+02  0.4051489E+02  0.1758922E+00  0.7330664E-05  0.5888734E-04 -0.7888614E-05
Ar 1883  0.2444864E+02  0.3764513E+02  0.2760295E+01 -0.1131403E-05 -0.7340971E-04  0.5443638E-04
Ar 1884  0.2218051E+02  0.4069433E+02  0.3238517E+01  0.5509689E-04  0.5414315E-04 -0.6353398E-04
Ar 1885  0.2142309E+02  0.3745767E+02  0.5504541E+01  0.5554561E-04 -0.2432656E-04  0.1289781E-04
Ar 1886  0.2440528E+02  0.3973981E+02  0.5834794E+01  0.3531107E-04 -0.4385069E-04  0.1052489E-04
Ar 1887  0.2435520E+02  0.3742243E+02  0.8555769E+01 -0.4866336E-04 -0.3096122E-04 -0.1022554E-03
Ar 1888  0.2122674E+02  0.4043812E+02  0.8416366E+01  0.7288246E-06 -0.3088606E-04  0.1816680E-04
Ar 1889  0.2160252E+02  0.3749778E+02  0.1084624E+02  0.3143338E-04 -0.1680826E-04 -0.3282488E-04
Ar 1890  0.2407123E+02  0.4051562E+02  0.1081986E+02  0.5989083E-04 -0.1032018E-04  0.5153326E-05
Ar 1891  0.2433025E+02  0.3739942E+02  0.1345662E+02  0.2775995E-04  0.9346950E-05  0.5147199E-04
Ar 1892  0.2153268E+02  0.4073975E+02  0.1356985E+02 -0.4678465E-04  0.3324407E-04  0.1287666E-03
Ar 1893  0.2169862E+02  0.3776710E+02  0.1587802E+02 -0.7289913E-04 -0.4357072E-04  0.7901137E-04
Ar 1894  0.2421283E+02  0.4045967E+02  0.1595789E+02 -0.6161626E-04 -0.6744388E-04 -0.7734642E-04
Ar 1895  0.2433514E+02  0.3767535E+02  0.1898376E+02  0.3058866E-04 -0.5101022E-04 -0.1494542E-04
Ar 1896  0.2153616E+02  0.4088584E+02  0.1891398E+02 -0.5685052E-04  0.1245161E-03  0.2107678E-04
Ar 1897  0.2193240E+02  0.3782322E+02  0.2160239E+02  0.4025039E-04  0.1801872E-05  0.4524733E-04
Ar 1898  0.2419060E+02  0.4047815E+02  0.2154439E+02 -0.8366183E-04 -0.1951602E-04 -0.1409840E-04
Ar 1899  0.2447594E+02  0.3764882E+02  0.2432278E+02  0.8457701E-05 -0.4850727E-05 -0.1220647E-04
Ar 1900  0.2137082E+02  0.4046458E+02  0.2390091E+02 -0.3459345E-04  0.6802521E-04 -0.6205781E-05
Ar 1901  0.2156592E+02  0.3787323E+02  0.2686048E+02  0.1552973E-04  0.6882291E-04 -0.1653857E-04
Ar 1902  0.2441603E+02  0.4037808E+02  0.2670310E+02 -0.3599575E-04  0.1518483E-04  0.5078019E-04
Ar 1903  0.2436319E+02  0.3773651E+02  0.2953927E+02 -0.5813165E-04 -0.1463195E-05  0.5161921E-05
Ar 1904  0.2175179E+02  0.4023293E+02  0.2947764E+02 -0.1492074E-04 -0.1271850E-04  0.3846017E-04
Ar 1905  0.2141078E+02  0.3765885E+02  0.3250861E+02 -0.4186274E-04  0.6259358E-04  0.2038842E-04
Ar 1906  0.2439402E+02  0.4014378E+02  0.3221059E+02 -0.3879107E-04 -0.6050568E-04  0.7182379E-05
Ar 1907  0.2435565E+02  0.3754399E+02  0.3509502E+02 -0.2975053E-04  0.3267375E-04  0.3361403E-04
Ar 1908  0.2157940E+02  0.4059869E+02  0.3520441E+02 -0.1457510E-04  0.1208522E-04 -0.2276113E-04
Ar 1909  0.2123560E+02  0.3786473E+02  0.3790470E+02 -0.1989207E-04  0.5371321E-04  0.3571271E-04
Ar 1910  0.2403656E+02  0.4037634E+02  0.3756581E+02  0.5176620E-04 -0.5500345E-04  0.5319225E-04
Ar 1911  0.2392195E+02  0.3797300E+02  0.4040999E+02 -0.3320581E-04 -0.1796609E-04  0.1160773E-04
Ar 1912  0.2137205E+02  0.4059090E+02  0.4035836E+02 -0.5936669E-04  0.4086468E-04 -0.1989901E-04
Ar 1913  0.2123955E+02  0.3804088E+02  0.4305272E+02  0.8784965E-05 -0.2924632E-04  0.6442347E-05
Ar 1914  0.2446269E+02  0.4017958E+02  0.4325061E+02  0.8184548E-05  0.2713194E-04  0.6073965E-04
Ar 1915  0.2448372E+02  0.3743037E+02  0.4585524E+02  0.6145774E-04  0.2112064E-04 -0.7053620E-04
Ar 1916  0.2163291E+02  0.4044056E+02  0.4579206E+02  0.1062606E-04 -0.1728221E-04  0.4198716E-04
Ar 1917  0.2172162E+02  0.3776808E+02  0.4856960E+02 -0.6047632E-04  0.1854209E-04  0.1138910E-04
Ar 1918  0.2435015E+02  0.4020055E+02  0.4829743E+02  0.7497051E-06 -0.3738217E-04 -0.2322499E-04
Ar 1919  0.2437422E+02  0.3763757E+02  0.5125510E+02 -0.1023680E-04  0.1269501E-04 -0.4681485E-04
Ar 1920  0.2187506E+02  0.4058574E+02  0.5150688E+02  0.2079289E-04 -0.1305181E-04 -0.2581583E-04
Ar 1921  0.2182290E+02  0.4365113E+02  0.5393780E+02 -0.7914572E-05  0.1224203E-04 -0.2829084E-04
Ar 1922  0.2474446E+02  0.4558966E+02  0.5391378E+02 -0.1487352E-05 -0.6397257E-04  0.4587280E-05
Ar 1923  0.2447550E+02  0.4359962E+02  0.2810871E+01 -0.5026283E-04  0.3301165E-04 -0.1897970E-04
Ar 1924  0.2141276E+02  0.4580457E+02  0.2753525E+01 -0.1044051E-04  0.1249280E-05 -0.6824313E-04
Ar 1925  0.2130174E+02  0.4319906E+02  0.5487591E+01 -0.1938582E-04 -0.1170835E-04  0.1134106E-04
Ar 1926  0.2423995E+02  0.4565299E+02  0.5615011E+01  0.1460401E-05 -0.3597455E-04 -0.1449135E-04
Ar 1927  0.2407586E+02  0.4289376E+02  0.8017122E+01 -0.2492740E-04 -0.2131623E-04 -0.1509464E-04
Ar 1928  0.2147810E+02  0.4574725E+02  0.8113675E+01 -0.1773550E-04 -0.5021070E-05 -0.7543005E-05
Ar 1929  0.2139421E+02  0.4313398E+02  0.1112055E+02  0.9945967E-04  0.1336678E-04 -0.8584746E-05
Ar 1930  0.2393143E+02  0.4562635E+02  0.1072657E+02  0.1243302E-04  0.8181537E-04  0.3236645E-04
Ar 1931  0.2426362E+02  0.4324851E+02  0.1350795E+02  0.3465650E-04  0.1631682E-05  0.3573735E-04
Ar 1932  0.2132319E+02  0.4592004E+02  0.1371429E+02 -0.7130567E-04 -0.7651010E-04  0.3382321E-04
Ar 1933  0.2141608E+02  0.4326479E+02  0.1639303E+02  0.9299392E-04 -0.1758251E-04 -0.4381201E-04
Ar 1934  0.2445198E+02  0.4553967E+02  0.1634315E+02 -0.2899419E-04  0.2969896E-05 -0.3184419E-04
Ar 1935  0.2445140E+02  0.4303971E+02  0.1907630E+02  0.8300744E-04  0.3743598E-04 -0.2688040E-04
Ar 1936  0.2158391E+02  0.4585333E+02  0.1901634E+02 -0.3290859E-04 -0.7197265E-04 -0.6884802E-05
Ar 1937  0.2160431E+02  0.4337366E+02  0.2184284E+02  0.1167023E-05  0.3004685E-04  0.1095195E-04
Ar 1938  0.2439248E+02  0.4591776E+02  0.2142318E+02 -0.4634775E-04  0.3006237E-04  0.8760059E-04
Ar 1939  0.2445829E+02  0.4300310E+02  0.2446280E+02  0.3291838E-04 -0.2425501E-04  0.3486091E-04
Ar 1940  0.2138196E+02  0.4618969E+02  0.2412191E+02  0.1056821E-04 -0.6843330E-04  0.2229346E-04
Ar 1941  0.2149156E+02  0.4315128E+02  0.2703739E+02 -0.1320048E-04 -0.3508149E-06  0.3426967E-04
Ar 1942  0.2397625E+02  0.4603894E+02  0.2674651E+02 -0.8411564E-04 -0.7985531E-04 -0.1022543E-03
Ar 1943  0.2423870E+02  0.4328697E+02  0.2975870E+02 -0.1267538E-04  0.8395059E-04  0.1705335E-04
Ar 1944  0.2161933E+02  0.4609025E+02  0.3008225E+02 -0.2004652E-04 -0.4495827E-04  0.1474600E-04
Ar 1945  0.2151817E+02  0.4307822E+02  0.3259737E+02 -0.4357562E-04  0.2183996E-04  0.2229420E-04
Ar 1946  0.2441903E+02  0.4597310E+02  0.3214693E+02  0.1483071E-04  0.1498389E-04 -0.9101193E-05
Ar 1947  0.2438055E+02  0.4315593E+02  0.3488918E+02  0.3372988E-05  0.3922696E-04  0.3670832E-04
Ar 1948  0.2176996E+02  0.4580554E+02  0.3496975E+02 -0.5997506E-04 -0.1052663E-04 -0.1533684E-04
Ar 1949  0.2143988E+02  0.4336092E+02  0.3774630E+02 -0.6265342E-04  0.2159194E-04  0.5808895E-04
Ar 1950  0.2407481E+02  0.4593821E+02  0.3796938E+02 -0.1848388E-04 -0.2593003E-05 -0.2587927E-04
Ar 1951  0.2414392E+02  0.4311478E+02  0.4055012E+02  0.7950406E-05  0.2532213E-04 -0.2093861E-04
Ar 1952  0.2116883E+02  0.4576467E+02  0.4056914E+02 -0.8494313E-05 -0.3129811E-04  0.1259617E-04
Ar 1953  0.2161594E+02  0.4307892E+02  0.4311608E+02 -0.7297416E-04 -0.6381769E-04  0.5419432E-04
Ar 1954  0.2398434E+02  0.4592826E+02  0.4278213E+02  0.3309013E-04 -0.3222739E-04 -0.1419843E-04
Ar 1955  0.2410443E+02  0.4293248E+02  0.4578379E+02 -0.5664735E-04  0.7420602E-04 -0.5463038E-04
Ar 1956  0.2173619E+02  0.4571476E+02  0.4587653E+02  0.5738417E-04 -0.1219144E-04 -0.2946521E-04
Ar 1957  0.2158111E+02  0.4329598E+02  0.4865056E+02  0.3064134E-04 -0.1448191E-04  0.4810893E-04
Ar 1958  0.2419558E+02  0.4574200E+02  0.4852885E+02 -0.8664414E-06  0.1227354E-04 -0.3809492E-04
Ar 1959  0.2446144E+02  0.4290534E+02  0.5124935E+02 -0.1562909E-04 -0.1252258E-04  0.3885038E-04
Ar 1960  0.2178752E+02  0.4606137E+02  0.5105107E+02  0.1167231E-06  0.3502671E-04 -0.7216201E-04
Ar 1961  0.2197270E+02  0.4839282E+02  0.5389905E+02 -0.1066084E-04  0.3103040E-04  0.8788721E-04
Ar 1962  0.2443952E+02  0.5115963E+02  0.5396816E+02 -0.3703186E-04  0.3549489E-04  0.8905068E-05
Ar 1963  0.2437024E+02  0.4842724E+02  0.2572592E+01 -0.5253702E-04  0.2565610E-04 -0.2966639E-04
Ar 1964  0.2154382E+02  0.5111578E+02  0.2146482E+01 -0.9291822E-04 -0.1876703E-04  0.5529665E-04
Ar 1965  0.2178906E+02  0.4811624E+02  0.5154546E+01 -0.4521131E-04 -0.5650117E-04  0.3141786E-05
Ar 1966  0.2427107E+02  0.5105470E+02  0.5588798E+01  0.2096230E-04 -0.2488329E-04 -0.8172658E-04
Ar 1967  0.2410072E+02  0.4847232E+02  0.8036556E+01  0.2649959E-04  0.1452983E-04  0.5530443E-04
Ar 1968  0.2165586E+02  0.5135925E+02  0.8168838E+01  0.1369915E-03  0.5599674E-05 -0.6940764E-05
Ar 1969  0.2138689E+02  0.4879414E+02  0.1059271E+02 -0.1798347E-04 -0.1537544E-04 -0.6325867E-04
Ar 1970  0.2421158E+02  0.5100216E+02  0.1088834E+02 -0.5417408E-05 -0.8285491E-04 -0.7430749E-04
Ar 1971  0.2406532E+02  0.4833966E+02  0.1354291E+02 -0.8473262E-05  0.3404454E-04 -0.5933253E-04
Ar 1972  0.2126927E+02  0.5133079E+02  0.1369136E+02  0.2803004E-04 -0.1185627E-04 -0.9869376E-06
Ar 1973  0.2148843E+02  0.4861104E+02  0.1616641E+02  0.7597243E-04 -0.2323758E-04  0.1763463E-04
Ar 1974  0.2417708E+02  0.5097513E+02  0.1618038E+02 -0.2601683E-04  0.2187812E-04  0.3475088E-04
Ar 1975  0.2436281E+02  0.4829244E+02  0.1866481E+02 -0.5355894E-04  0.9065139E-05 -0.6893355E-04
Ar 1976  0.2134303E+02  0.5156421E+02  0.1870893E+02  0.3023154E-04 -0.6371295E-04 -0.8066651E-04
Ar 1977  0.2145571E+02  0.4875299E+02  0.2136621E+02  0.9076505E-04  0.5729784E-04 -0.1518992E-04
Ar 1978  0.2420973E+02  0.5107639E+02  0.2102164E+02 -0.4131692E-04 -0.1079205E-04  0.4790434E-04
Ar 1979  0.2412608E+02  0.4877662E+02  0.2422945E+02 -0.3753424E-04  0.2183528E-04 -0.4945979E-04
Ar 1980  0.2160138E+02  0.5146282E+02  0.2394654E+02 -0.5017802E-04  0.5233845E-04 -0.8497987E-04
Ar 1981  0.2115588E+02  0.4854342E+02  0.2678450E+02  0.4058551E-04 -0.1858221E-05 -0.2584771E-04
Ar 1982  0.2409990E+02  0.5139440E+02  0.2709006E+02 -0.5349514E-04  0.4123075E-04 -0.2554947E-04
Ar 1983  0.2410395E+02  0.4887981E+02  0.2961281E+02  0.6758764E-04 -0.2728303E-04  0.8158135E-05
Ar 1984  0.2144618E+02  0.5137229E+02  0.2973197E+02  0.5053388E-04  0.1506827E-05  0.4359207E-04
Ar 1985  0.2121377E+02  0.4855357E+02  0.3284813E+02 -0.1366286E-04 -0.3348841E-04  0.3494977E-05
Ar 1986  0.2454386E+02  0.5124431E+02  0.3241621E+02 -0.2038915E-04 -0.2520022E-04  0.2640254E-04
Ar 1987  0.2413794E+02  0.4865243E+02  0.3516287E+02  0.9399067E-05  0.9148401E-04 -0.8340261E-04
Ar 1988  0.2155339E+02  0.5109637E+02  0.3538455E+02  0.9988220E-05 -0.7225730E-04 -0.1814936E-04
Ar 1989  0.2140418E+02  0.4842148E+02  0.3758079E+02 -0.1785959E-04 -0.7459647E-04  0.6785101E-04
Ar 1990  0.2412016E+02  0.5144409E+02  0.3806346E+02  0.3239625E-04 -0.6343817E-05  0.3972169E-06
Ar 1991  0.2408722E+02  0.4881918E+02  0.4035098E+02  0.3400519E-04 -0.3193665E-04 -0.1399370E-04
Ar 1992  0.2154617E+02  0.5118341E+02  0.4042708E+02  0.1015794E-03 -0.1326269E-04 -0.2568494E-04
Ar 1993  0.2134760E+02  0.4863842E+02  0.4312130E+02 -0.5759809E-04 -0.3373159E-05  0.2045664E-05
Ar 1994  0.2419251E+02  0.5114726E+02  0.4336168E+02 -0.7725282E-04  0.8305035E-05 -0.8918225E-07
Ar 1995  0.2416404E+02  0.4843659E+02  0.4565228E+02  0.5754322E-05 -0.9631357E-04 -0.5981150E-05
Ar 1996  0.2139474E+02  0.5136050E+02  0.4568398E+02 -0.7413038E-06  0.1987221E-04  0.3246213E-04
Ar 1997  0.2171336E+02  0.4855648E+02  0.4828837E+02 -0.2432483E-04  0.4363850E-07 -0.6260009E-04
Ar 1998  0.2398483E+02  0.5121949E+02  0.4831889E+02 -0.1097257E-03 -0.3654958E-04  0.3446100E-04
Ar 1999  0.2457763E+02  0.4854398E+02  0.5110476E+02  0.5158216E-04 -0.7392189E-06 -0.7849687E-04
Ar 2000  0.2202703E+02  0.5144935E+02  0.5126275E+02 -0.2780084E-04  0.4772084E-04  0.9477012E-04
Ar 2001  0.2683700E+02  0.5384518E+02  0.5401005E+02 -0.4763823E-04  0.1107057E-04  0.2856681E-04
Ar 2002  0.2972221E+02  0.2703499E+01  0.2365480E+00 -0.5655346E-04  0.9057401E-05 -0.3395287E-04
Ar 2003  0.2968249E+02  0.3645807E-01  0.2799296E+01 -0.5363294E-04 -0.5495273E-04  0.6685656E-05
Ar 2004  0.2657104E+02  0.2806201E+01  0.2428514E+01  0.7201747E-04 -0.5113035E-04 -0.7966542E-05
Ar 2005  0.2680212E+02  0.5397950E+02  0.5241314E+01  0.3387238E-04 -0.4265215E-04  0.8887915E-05
Ar 2006  0.2952742E+02  0.2339939E+01  0.5263317E+01 -0.1142036E-04  0.5347090E-04  0.4133366E-04
Ar 2007  0.2952494E+02  0.5395676E+02  0.8044824E+01  0.1891000E-04 -0.3948895E-05  0.3141515E-04
Ar 2008  0.2657859E+02  0.2884656E+01  0.8243230E+01 -0.5525537E-04  0.9286606E-05 -0.4204432E-04
Ar 2009  0.2666558E+02  0.2369582E-01  0.1078988E+02  0.8036458E-04 -0.3105338E-04  0.1040735E-04
Ar 2010  0.2943282E+02  0.2668086E+01  0.1083321E+02  0.3979485E-04  0.6223043E-04 -0.1058954E-03
Ar 2011  0.2943013E+02  0.5387138E+02  0.1337709E+02 -0.5778849E-04  0.2591466E-04  0.6812888E-04
Ar 2012  0.2688851E+02  0.2603003E+01  0.1348644E+02 -0.3737222E-04  0.9406926E-04  0.4323594E-06
Ar 2013  0.2712580E+02  0.5304573E-01  0.1598045E+02  0.6469850E-04 -0.3313337E-04 -0.1927689E-04
Ar 2014  0.2956320E+02  0.2534889E+01  0.1593752E+02 -0.2288059E-04  0.8656918E-04  0.3765946E-04
Ar 2015  0.2951531E+02  0.5398610E+02  0.1866840E+02  0.4965348E-04 -0.8881081E-04  0.2513795E-04
Ar 2016  0.2689815E+02  0.2614184E+01  0.1867581E+02  0.1943390E-04  0.5164827E-05  0.4801908E-04
Ar 2017  0.2702926E+02  0.5381830E+02  0.2123671E+02 -0.5089108E-04 -0.2274785E-04 -0.1062861E-03
Ar 2018  0.2963484E+02  0.2820459E+01  0.2148069E+02 -0.4663450E-04  0.2704638E-04 -0.2466759E-04
Ar 2019  0.2952678E+02  0.1629601E-01  0.2407238E+02  0.1305545E-03 -0.1226252E-04 -0.9089137E-04
Ar 2020  0.2687861E+02  0.2752786E+01  0.2422885E+02 -0.5001795E-04 -0.5881325E-04 -0.8062384E-05
Ar 2021  0.2705690E+02  0.5377325E+02  0.2691216E+02 -0.3932256E-04  0.5008363E-05 -0.4298726E-04
Ar 2022  0.2998709E+02  0.2690082E+01  0.2680549E+02 -0.3479455E-04  0.4078133E-04  0.5939789E-04
Ar 2023  0.2999338E+02  0.5366488E+02  0.2946551E+02  0.7809773E-04  0.7115682E-05 -0.9626817E-04
Ar 2024  0.2706022E+02  0.2261645E+01  0.2966088E+02 -0.2735341E-04  0.6638439E-04 -0.3586955E-04
Ar 2025  0.2710822E+02  0.5375004E+02  0.3247928E+02 -0.3559721E-04  0.1171282E-03 -0.1424817E-04
Ar 2026  0.2948071E+02  0.2185317E+01  0.3227639E+02  0.1096291E-04 -0.4018003E-04  0.3379312E-04
Ar 2027  0.2959624E+02  0.5384496E+02  0.3503169E+02  0.1617408E-04  0.5826959E-04 -0.2085036E-04
Ar 2028  0.2684063E+02  0.2441630E+01  0.3512031E+02 -0.3718969E-04 -0.1431564E-03  0.1461508E-04
Ar 2029  0.2698050E+02  0.5363445E+02  0.3777951E+02 -0.2828894E-04  0.7833761E-04  0.7002684E-05
Ar 2030  0.2955350E+02  0.2454697E+01  0.3762684E+02  0.4748555E-04  0.3961891E-04  0.5224531E-04
Ar 2031  0.2939393E+02  0.5390052E+02  0.4060318E+02 -0.4660641E-04  0.2245738E-04 -0.2119757E-04
Ar 2032  0.2691763E+02  0.2829898E+01  0.4024863E+02 -0.6852902E-04  0.4017103E-04 -0.3443232E-04
Ar 2033  0.2690144E+02  0.5371023E+02  0.4329331E+02  0.4149420E-04  0.5633955E-04  0.1439246E-04
Ar 2034  0.2961667E+02  0.2739088E+01  0.4299949E+02 -0.1261276E-04  0.6609187E-04  0.2419712E-04
Ar 2035  0.2942069E+02  0.5398990E+02  0.4585089E+02  0.2335286E-04 -0.4280194E-04  0.3007944E-04
Ar 2036  0.2704373E+02  0.2620915E+01  0.4584459E+02  0.1847007E-04 -0.2984243E-04  0.4571000E-04
Ar 2037  0.2666511E+02  0.5393406E+02  0.4869762E+02  0.2640607E-04  0.5465722E-04  0.7610413E-04
Ar 2038  0.2953655E+02  0.2377028E+01  0.4855876E+02 -0.4877873E-04 -0.4470937E-04 -0.6353507E-04
Ar 2039  0.2961174E+02  0.5367949E+02  0.5130085E+02 -0.2858761E-04 -0.1468852E-05 -0.2856734E-04
Ar 2040  0.2704969E+02  0.2616769E+01  0.5150341E+02  0.2070377E-04  0.2808367E-04  0.3647345E-04
Ar 2041  0.2665892E+02  0.5351169E+01  0.5376511E+02 -0.4685123E-04  0.6485552E-04 -0.2960483E-04
Ar 2042  0.2970751E+02  0.7949816E+01  0.1747887E+00 -0.9337656E-04 -0.2213256E-04  0.1559934E-05
Ar 2043  0.2949474E+02  0.5359664E+01  0.2910282E+01  0.5348645E-04  0.1043704E-03 -0.3009421E-04
Ar 2044  0.2677049E+02  0.7921505E+01  0.2457437E+01 -0.4333787E-04  0.2816443E-04 -0.7917152E-04
Ar 2045  0.2661213E+02  0.5346398E+01  0.5208873E+01 -0.1023883E-04 -0.6746570E-05 -0.5312456E-04
Ar 2046  0.2928148E+02  0.7820386E+01  0.5554678E+01 -0.1193363E-04 -0.1573777E-04  0.2102580E-04
Ar 2047  0.2933334E+02  0.5061999E+01  0.8187018E+01  0.7351813E-04 -0.4494550E-04 -0.2464174E-05
Ar 2048  0.2661544E+02  0.8001712E+01  0.8328078E+01  0.5755922E-04 -0.7818818E-04 -0.4600467E-04
Ar 2049  0.2658458E+02  0.5353820E+01  0.1087501E+02  0.1074314E-03 -0.1334217E-03 -0.1857407E-04
Ar 2050  0.2947940E+02  0.8057511E+01  0.1064742E+02  0.2543654E-04  0.5743844E-04 -0.3448283E-04
Ar 2051  0.2947508E+02  0.5420095E+01  0.1313110E+02 -0.3366206E-04 -0.3671699E-04  0.3022863E-04
Ar 2052  0.2672433E+02  0.7979322E+01  0.1348333E+02 -0.1865458E-04 -0.1049951E-04  0.7728632E-06
Ar 2053  0.2696958E+02  0.4977255E+01  0.1601777E+02  0.5544431E-04 -0.2587512E-04  0.6697824E-04
Ar 2054  0.2987313E+02  0.8073654E+01  0.1592953E+02  0.3836055E-04 -0.1142639E-03  0.6618235E-04
Ar 2055  0.2961023E+02  0.5345434E+01  0.1845083E+02 -0.1692852E-04 -0.9165450E-05 -0.5833922E-04
Ar 2056  0.2708346E+02  0.8066763E+01  0.1873567E+02 -0.6483677E-04 -0.4484683E-04  0.4165378E-04
Ar 2057  0.2699075E+02  0.5166361E+01  0.2122360E+02  0.3180087E-04  0.4354503E-04 -0.1019223E-04
Ar 2058  0.2967716E+02  0.7714811E+01  0.2133604E+02 -0.2303249E-04  0.1228109E-04 -0.2686725E-04
Ar 2059  0.2976329E+02  0.5358563E+01  0.2412239E+02  0.4890907E-04 -0.4959569E-04 -0.5850859E-04
Ar 2060  0.2697362E+02  0.7745854E+01  0.2427991E+02 -0.6188654E-04  0.4196342E-04 -0.4627775E-04
Ar 2061  0.2733202E+02  0.5130101E+01  0.2703865E+02  0.7414966E-05 -0.1956207E-05 -0.3508083E-04
Ar 2062  0.2958694E+02  0.7806425E+01  0.2671128E+02  0.3488512E-04  0.7077407E-04  0.1740249E-04
Ar 2063  0.2979478E+02  0.4956978E+01  0.2992756E+02  0.1319001E-04 -0.1104073E-03 -0.3823945E-04
Ar 2064  0.2677915E+02  0.7857464E+01  0.2912515E+02  0.5843566E-04  0.3093643E-04 -0.2546189E-04
Ar 2065  0.2692205E+02  0.4846428E+01  0.3217094E+02  0.8229241E-04 -0.7259530E-04  0.4962456E-04
Ar 2066  0.2936439E+02  0.8069052E+01  0.3190265E+02 -0.1436514E-04  0.4027306E-04  0.2764321E-04
Ar 2067  0.2948433E+02  0.5426135E+01  0.3468465E+02 -0.1107316E-04 -0.2588552E-05  0.3677155E-05
Ar 2068  0.2718403E+02  0.8224493E+01  0.3486222E+02  0.3158570E-04  0.5829809E-04 -0.2987184E-04
Ar 2069  0.2710108E+02  0.5332313E+01  0.3775357E+02 -0.2650208E-04 -0.7997224E-05 -0.1134926E-03
Ar 2070  0.2937203E+02  0.8034986E+01  0.3745014E+02 -0.1868422E-04  0.7621141E-04 -0.4172081E-04
Ar 2071  0.2976255E+02  0.5275656E+01  0.4032721E+02 -0.5523214E-04 -0.2961927E-04  0.3300417E-04
Ar 2072  0.2707837E+02  0.8035288E+01  0.4010307E+02  0.7262230E-04 -0.3731327E-04  0.6470302E-05
Ar 2073  0.2709403E+02  0.5451475E+01  0.4270331E+02 -0.4575403E-04  0.3550366E-04  0.3257338E-04
Ar 2074  0.2976214E+02  0.8004299E+01  0.4303283E+02  0.5811819E-04  0.4054469E-04 -0.1462686E-05
Ar 2075  0.2945515E+02  0.5316824E+01  0.4574899E+02 -0.2465449E-04 -0.7680825E-05  0.1337371E-04
Ar 2076  0.2697207E+02  0.7847284E+01  0.4590093E+02  0.4325480E-04 -0.1932849E-04  0.9836247E-06
Ar 2077  0.2701851E+02  0.5019632E+01  0.4879073E+02  0.2036243E-04 -0.1678590E-05 -0.7738185E-05
Ar 2078  0.2973048E+02  0.7934247E+01  0.4876856E+02 -0.6688199E-04 -0.6923627E-04 -0.1177026E-04
Ar 2079  0.2956797E+02  0.5249403E+01  0.5124449E+02  0.3329749E-04  0.7598288E-04  0.5719231E-04
Ar 2080  0.2687617E+02  0.7826331E+01  0.5123075E+02 -0.4444652E-04  0.7249889E-04  0.3729013E-05
Ar 2081  0.2683236E+02  0.1058856E+02  0.1585703E+00  0.6053642E-05  0.1936364E-04 -0.6819194E-05
Ar 2082  0.2953544E+02  0.1314148E+02  0.1447029E-01 -0.3538534E-04 -0.2766475E-04 -0.4445704E-04
Ar 2083  0.2947118E+02  0.1057207E+02  0.2707218E+01  0.1101523E-04  0.7339290E-05 -0.4353218E-04
Ar 2084  0.2683099E+02  0.1336769E+02  0.2425329E+01  0.2277083E-04  0.3922279E-04 -0.1736885E-04
Ar 2085  0.2671634E+02  0.1074063E+02  0.5304435E+01 -0.2504258E-04 -0.4738627E-04  0.4670592E-04
Ar 2086  0.2940302E+02  0.1354835E+02  0.5446602E+01  0.7706588E-04  0.1041602E-04  0.1778054E-04
Ar 2087  0.2918819E+02  0.1073997E+02  0.7957262E+01 -0.2153015E-04  0.5065056E-04 -0.4097532E-05
Ar 2088  0.2648001E+02  0.1339411E+02  0.7821363E+01  0.2457654E-04 -0.1007080E-04  0.3028936E-05
Ar 2089  0.2642169E+02  0.1080882E+02  0.1080864E+02 -0.7722677E-04 -0.2811698E-04  0.1165814E-04
Ar 2090  0.2914682E+02  0.1306507E+02  0.1058253E+02 -0.2679873E-04  0.1011817E-04 -0.1083003E-04
Ar 2091  0.2929987E+02  0.1082014E+02  0.1372035E+02 -0.1675264E-04  0.1070139E-04 -0.2276670E-04
Ar 2092  0.2679800E+02  0.1354298E+02  0.1339235E+02  0.9854968E-05 -0.5066845E-04 -0.1004739E-05
Ar 2093  0.2694194E+02  0.1052774E+02  0.1626420E+02 -0.3321839E-04 -0.3028797E-04 -0.2570820E-04
Ar 2094  0.2957120E+02  0.1343215E+02  0.1639091E+02  0.4418297E-05  0.7281275E-04  0.7197473E-05
Ar 2095  0.2964620E+02  0.1059283E+02  0.1904516E+02  0.2927584E-04  0.4153408E-04 -0.1046879E-03
Ar 2096  0.2693397E+02  0.1332636E+02  0.1895151E+02  0.2464608E-04  0.3239647E-04 -0.1992098E-04
Ar 2097  0.2699056E+02  0.1089775E+02  0.2165897E+02 -0.8143799E-04  0.3588561E-04 -0.7081439E-04
Ar 2098  0.2988597E+02  0.1343112E+02  0.2139180E+02  0.6952366E-04 -0.5121180E-04  0.9781125E-04
Ar 2099  0.2981056E+02  0.1036436E+02  0.2432434E+02  0.3322219E-04 -0.7917673E-04  0.3809779E-04
Ar 2100  0.2719240E+02  0.1341236E+02  0.2427183E+02 -0.2169578E-04  0.5077942E-04  0.3623705E-04
Ar 2101  0.2704042E+02  0.1037536E+02  0.2671115E+02  0.1543871E-03  0.5064898E-04 -0.3092964E-04
Ar 2102  0.2974251E+02  0.1303194E+02  0.2678376E+02 -0.1856092E-05  0.3989849E-04 -0.2795205E-04
Ar 2103  0.2975605E+02  0.1065000E+02  0.2923258E+02 -0.1959440E-04 -0.3780563E-04  0.1180581E-03
Ar 2104  0.2700800E+02  0.1322271E+02  0.2937376E+02  0.3228204E-04  0.5628918E-05  0.7832907E-05
Ar 2105  0.2680014E+02  0.1067143E+02  0.3176188E+02 -0.5850224E-04 -0.3548169E-04  0.2403027E-04
Ar 2106  0.2982653E+02  0.1338124E+02  0.3224819E+02 -0.9143502E-04 -0.3211900E-04 -0.5899163E-04
Ar 2107  0.2971278E+02  0.1069301E+02  0.3491649E+02 -0.5554842E-04  0.5983103E-04 -0.5395674E-04
Ar 2108  0.2705782E+02  0.1328390E+02  0.3479554E+02 -0.4851929E-04 -0.1191277E-04  0.8648180E-04
Ar 2109  0.2694989E+02  0.1079199E+02  0.3789947E+02 -0.5351857E-05 -0.6414860E-04 -0.8286652E-05
Ar 2110  0.2970509E+02  0.1339413E+02  0.3760571E+02  0.1254850E-05 -0.3959147E-04 -0.5092675E-04
Ar 2111  0.2960421E+02  0.1067352E+02  0.4024176E+02 -0.5384199E-04 -0.8185456E-04  0.3554001E-04
Ar 2112  0.2690939E+02  0.1327621E+02  0.4063159E+02  0.2251867E-04  0.7631385E-04 -0.7645934E-05
Ar 2113  0.2713474E+02  0.1026424E+02  0.4309359E+02  0.3318805E-04  0.9704733E-05  0.1722001E-05
Ar 2114  0.2964299E+02  0.1306707E+02  0.4301873E+02  0.2084962E-04  0.2336525E-04  0.8050762E-04
Ar 2115  0.2951507E+02  0.1057733E+02  0.4569992E+02  0.3554818E-04  0.1615105E-04 -0.3858080E-04
Ar 2116  0.2691320E+02  0.1324403E+02  0.4559973E+02  0.2725403E-04  0.1226143E-03 -0.6604666E-04
Ar 2117  0.2659146E+02  0.1073831E+02  0.4865451E+02 -0.9128246E-04 -0.1391790E-04 -0.3667966E-04
Ar 2118  0.2965824E+02  0.1313937E+02  0.4838429E+02  0.4354678E-04  0.5904865E-04  0.2258303E-04
Ar 2119  0.2943807E+02  0.1051967E+02  0.5147681E+02 -0.4195699E-04  0.5784041E-04  0.1001788E-03
Ar 2120  0.2697451E+02  0.1322583E+02  0.5147013E+02  0.7408562E-04 -0.9402358E-05 -0.2720391E-06
Ar 2121  0.2695563E+02  0.1619729E+02  0.5356348E+02 -0.9115265E-04  0.2215641E-04 -0.2491993E-04
Ar 2122  0.2931769E+02  0.1849194E+02  0.5395599E+02 -0.2876838E-04  0.4765560E-04  0.2928198E-04
Ar 2123  0.2924834E+02  0.1604150E+02  0.2645807E+01  0.2458209E-04 -0.4889605E-04 -0.1077817E-03
Ar 2124  0.2682660E+02  0.1886696E+02  0.2865825E+01  0.6351412E-04 -0.6568114E-04  0.3400561E-04
Ar 2125  0.2643647E+02  0.1640041E+02  0.5263218E+01  0.1913266E-04  0.1591479E-04  0.8011716E-04
Ar 2126  0.2938769E+02  0.1905944E+02  0.5425603E+01  0.1095720E-03  0.9346106E-05 -0.2696356E-04
Ar 2127  0.2947186E+02  0.1617845E+02  0.8195258E+01 -0.2809223E-04 -0.7112908E-04  0.2207186E-04
Ar 2128  0.2684252E+02  0.1881808E+02  0.7891935E+01 -0.3081386E-04  0.2466368E-04 -0.2106123E-04
Ar 2129  0.2675069E+02  0.1617203E+02  0.1056870E+02 -0.3310580E-04 -0.6974595E-04  0.1341401E-04
Ar 2130  0.2955412E+02  0.1897544E+02  0.1063836E+02 -0.1519021E-04 -0.6461316E-05  0.9436587E-04
Ar 2131  0.2980779E+02  0.1589266E+02  0.1334894E+02 -0.2393930E-04 -0.1995638E-04  0.4838958E-04
Ar 2132  0.2691001E+02  0.1867912E+02  0.1333450E+02 -0.2231865E-04  0.6575659E-05 -0.8662199E-05
Ar 2133  0.2683578E+02  0.1603334E+02  0.1611715E+02  0.1932300E-04  0.5558949E-04 -0.1121392E-03
Ar 2134  0.2967294E+02  0.1849236E+02  0.1616670E+02  0.3385787E-04 -0.1033882E-04  0.1608811E-04
Ar 2135  0.2942757E+02  0.1617511E+02  0.1913555E+02  0.1222273E-05  0.2827945E-04  0.3604696E-06
Ar 2136  0.2690332E+02  0.1894885E+02  0.1858174E+02 -0.2575617E-04  0.1641283E-04  0.6991821E-04
Ar 2137  0.2692451E+02  0.1586481E+02  0.2176132E+02  0.6217270E-04 -0.5537093E-04  0.6484979E-05
Ar 2138  0.2970470E+02  0.1885225E+02  0.2154148E+02  0.1549184E-04  0.1727181E-04  0.9794897E-04
Ar 2139  0.2964840E+02  0.1641094E+02  0.2402270E+02  0.1398616E-04  0.5410005E-04  0.7027943E-05
Ar 2140  0.2705962E+02  0.1886192E+02  0.2403066E+02  0.1139908E-04  0.7046476E-06  0.5454344E-04
Ar 2141  0.2731412E+02  0.1617518E+02  0.2695253E+02 -0.2598321E-04 -0.5328120E-04 -0.2981875E-04
Ar 2142  0.2984557E+02  0.1867114E+02  0.2691059E+02 -0.4846983E-04 -0.1510424E-04 -0.6552963E-04
Ar 2143  0.2969414E+02  0.1565052E+02  0.2947115E+02  0.1123742E-04  0.1220902E-04  0.7088526E-05
Ar 2144  0.2714347E+02  0.1860853E+02  0.2984825E+02 -0.7183307E-04 -0.5937232E-04 -0.2832399E-04
Ar 2145  0.2700919E+02  0.1593123E+02  0.3253440E+02 -0.9442594E-04 -0.1286006E-03 -0.1604203E-04
Ar 2146  0.2939693E+02  0.1872517E+02  0.3253788E+02  0.7659477E-04 -0.4009326E-06 -0.2666487E-04
Ar 2147  0.2965440E+02  0.1602172E+02  0.3520707E+02 -0.6926284E-04 -0.5805322E-04  0.1841311E-04
Ar 2148  0.2662501E+02  0.1869944E+02  0.3481225E+02 -0.4037120E-04 -0.1510698E-04 -0.2722266E-04
Ar 2149  0.2676378E+02  0.1586981E+02  0.3761837E+02  0.2705850E-04  0.5085699E-05  0.6963896E-04
Ar 2150  0.2943857E+02  0.1844422E+02  0.3778966E+02  0.1289675E-04  0.3923491E-04  0.4520346E-04
Ar 2151  0.2959116E+02  0.1580376E+02  0.4016902E+02 -0.5865547E-04 -0.3123975E-04  0.7333119E-04
Ar 2152  0.2679311E+02  0.1836042E+02  0.4033901E+02 -0.2171713E-04 -0.5248921E-04 -0.6492454E-05
Ar 2153  0.2688732E+02  0.1584371E+02  0.4318178E+02 -0.4000618E-04  0.5858743E-04 -0.6624212E-04
Ar 2154  0.2948592E+02  0.1844405E+02  0.4331376E+02  0.2524106E-04  0.6285152E-04 -0.6485898E-05
Ar 2155  0.2950012E+02  0.1586215E+02  0.4574437E+02  0.3460915E-04  0.1257616E-04  0.3763977E-04
Ar 2156  0.2699644E+02  0.1864487E+02  0.4596199E+02  0.3691144E-04  0.9116422E-04 -0.2195521E-04
Ar 2157  0.2712655E+02  0.1586206E+02  0.4862905E+02  0.2189506E-04 -0.4940200E-04 -0.2332727E-04
Ar 2158  0.2965090E+02  0.1862171E+02  0.4833634E+02 -0.1622549E-04 -0.4992887E-04 -0.6193921E-04
Ar 2159  0.2960620E+02  0.1595821E+02  0.5104732E+02  0.4902080E-04  0.9809673E-04 -0.1869395E-04
Ar 2160  0.2665157E+02  0.1906844E+02  0.5099551E+02 -0.6158566E-04  0.2369154E-04  0.7057494E-04
Ar 2161  0.2675773E+02  0.2161644E+02  0.5386039E+02  0.2450301E-05 -0.3620291E-04 -0.5936127E-04
Ar 2162  0.2985997E+02  0.2424106E+02  0.5397261E+02 -0.2096836E-04 -0.1004860E-04 -0.2274934E-04
Ar 2163  0.2958893E+02  0.2143641E+02  0.2118531E+01  0.2366638E-04  0.7989588E-04 -0.9113991E-04
Ar 2164  0.2702887E+02  0.2417926E+02  0.2525540E+01  0.5843640E-04  0.9185626E-05 -0.7371574E-04
Ar 2165  0.2681118E+02  0.2146881E+02  0.5337885E+01  0.6836518E-04 -0.7719992E-05 -0.7837700E-04
Ar 2166  0.2943279E+02  0.2403448E+02  0.5293129E+01  0.4365416E-05  0.3242928E-05 -0.3949826E-04
Ar 2167  0.2934692E+02  0.2144617E+02  0.8153759E+01  0.9352642E-04 -0.1540584E-04 -0.4171886E-04
Ar 2168  0.2703936E+02  0.2423194E+02  0.8329958E+01  0.3162081E-04  0.7183999E-05 -0.4227938E-04
Ar 2169  0.2684967E+02  0.2151095E+02  0.1064074E+02  0.3171129E-04 -0.6370175E-04  0.4051473E-04
Ar 2170  0.2963202E+02  0.2413012E+02  0.1087058E+02  0.9959022E-05  0.2240486E-04 -0.7053290E-04
Ar 2171  0.2938726E+02  0.2123930E+02  0.1351657E+02 -0.6748930E-05  0.1172675E-03  0.5137923E-04
Ar 2172  0.2663692E+02  0.2411632E+02  0.1357496E+02  0.3883685E-04 -0.5510409E-05  0.1508949E-04
Ar 2173  0.2657117E+02  0.2140010E+02  0.1606752E+02 -0.1171999E-05  0.6713664E-04 -0.2907867E-04
Ar 2174  0.2937764E+02  0.2386242E+02  0.1613396E+02  0.1727677E-06 -0.1223196E-03  0.8366800E-04
Ar 2175  0.2949275E+02  0.2135295E+02  0.1858407E+02  0.1793242E-04  0.2261025E-04 -0.5085749E-04
Ar 2176  0.2663725E+02  0.2401805E+02  0.1864628E+02  0.2985491E-04 -0.5882398E-04  0.5940494E-04
Ar 2177  0.2664856E+02  0.2169392E+02  0.2135974E+02  0.5912773E-04  0.3444719E-04 -0.6875082E-04
Ar 2178  0.2943072E+02  0.2428453E+02  0.2124635E+02  0.3119817E-04 -0.1363656E-04 -0.7986589E-05
Ar 2179  0.2955173E+02  0.2143586E+02  0.2435214E+02  0.1639957E-04  0.1388698E-04 -0.4953492E-04
Ar 2180  0.2692903E+02  0.2393173E+02  0.2457049E+02 -0.2568299E-04 -0.6164426E-04  0.5729129E-04
Ar 2181  0.2691772E+02  0.2128081E+02  0.2723739E+02 -0.1323786E-04  0.1075992E-03 -0.4028903E-05
Ar 2182  0.2986006E+02  0.2403362E+02  0.2738712E+02  0.3256317E-04  0.6908670E-04  0.2642587E-04
Ar 2183  0.2959896E+02  0.2121770E+02  0.2971782E+02 -0.3090246E-04  0.8102967E-04  0.7168354E-04
Ar 2184  0.2694755E+02  0.2422252E+02  0.3002539E+02 -0.1771851E-04 -0.6141556E-04 -0.4400338E-05
Ar 2185  0.2694071E+02  0.2136612E+02  0.3223534E+02 -0.1526038E-04 -0.8195157E-04  0.9123586E-04
Ar 2186  0.2982060E+02  0.2392665E+02  0.3221344E+02 -0.2504063E-04  0.3961576E-04  0.3550426E-04
Ar 2187  0.3000767E+02  0.2138802E+02  0.3486166E+02  0.7688936E-04 -0.2284804E-06 -0.1318770E-04
Ar 2188  0.2709912E+02  0.2419090E+02  0.3519542E+02  0.2138066E-04 -0.5762923E-04  0.4957657E-05
Ar 2189  0.2688610E+02  0.2110769E+02  0.3761693E+02  0.5167916E-04  0.4019676E-04  0.4357194E-06
Ar 2190  0.3011927E+02  0.2385170E+02  0.3759990E+02 -0.2039605E-04 -0.1265510E-04  0.2645895E-04
Ar 2191  0.2970254E+02  0.2144695E+02  0.4035279E+02 -0.4474431E-04  0.3582597E-04  0.4277635E-04
Ar 2192  0.2697698E+02  0.2407668E+02  0.4067609E+02 -0.3313372E-04  0.1008058E-04  0.3807422E-04
Ar 2193  0.2694007E+02  0.2127849E+02  0.4313402E+02  0.2349752E-04  0.7899589E-04  0.8170737E-05
Ar 2194  0.2963275E+02  0.2383054E+02  0.4320972E+02  0.1438932E-04  0.7161376E-05  0.5878120E-04
Ar 2195  0.2948781E+02  0.2120000E+02  0.4594078E+02  0.2789058E-04 -0.7925674E-05  0.1100963E-04
Ar 2196  0.2707005E+02  0.2406232E+02  0.4591351E+02  0.2179183E-04  0.5615442E-04  0.1160017E-04
Ar 2197  0.2699735E+02  0.2144949E+02  0.4851718E+02  0.6895158E-04 -0.7000704E-04  0.3008415E-06
Ar 2198  0.2946803E+02  0.2405055E+02  0.4847505E+02  0.5161924E-05  0.4063159E-04  0.4023478E-04
Ar 2199  0.2994756E+02  0.2137143E+02  0.5093843E+02  0.5302953E-05 -0.4835550E-04  0.8053691E-04
Ar 2200  0.2700955E+02  0.2400486E+02  0.5117936E+02 -0.8081907E-05 -0.5828107E-04 -0.3650726E-04
Ar 2201  0.2692962E+02  0.2659932E+02  0.5378915E+02  0.2888050E-04  0.3070745E-04  0.2123189E-04
Ar 2202  0.2956834E+02  0.2968879E+02  0.6658231E-01  0.5976186E-04 -0.4218575E-04 -0.5329899E-04
Ar 2203  0.2982122E+02  0.2685177E+02  0.2866908E+01  0.2966548E-04  0.3635307E-04 -0.4703488E-04
Ar 2204  0.2698770E+02  0.2962619E+02  0.2834062E+01 -0.7461738E-04 -0.1426003E-04  0.6039897E-04
Ar 2205  0.2714305E+02  0.2673062E+02  0.5383732E+01 -0.1954255E-04  0.1056436E-03 -0.5927175E-04
Ar 2206  0.2985197E+02  0.2982542E+02  0.5123465E+01 -0.3595861E-04 -0.6607139E-04 -0.2090162E-04
Ar 2207  0.2970556E+02  0.2697370E+02  0.8144760E+01 -0.1715809E-04 -0.1263180E-04 -0.3037480E-04
Ar 2208  0.2717052E+02  0.2955107E+02  0.8166123E+01 -0.1925896E-04 -0.7942582E-05 -0.6353915E-04
Ar 2209  0.2718820E+02  0.2689187E+02  0.1087987E+02  0.6105284E-04 -0.1128377E-04  0.1757934E-04
Ar 2210  0.2978707E+02  0.2956274E+02  0.1051800E+02 -0.7190643E-05 -0.4515078E-04  0.3522564E-04
Ar 2211  0.2956422E+02  0.2687257E+02  0.1355328E+02 -0.8615068E-05 -0.1180433E-03  0.5390506E-04
Ar 2212  0.2717793E+02  0.2950800E+02  0.1344837E+02 -0.7825333E-04  0.1145845E-04 -0.8786997E-04
Ar 2213  0.2659051E+02  0.2685199E+02  0.1631315E+02  0.1132168E-04  0.2243700E-04 -0.2383895E-04
Ar 2214  0.2954130E+02  0.2962856E+02  0.1623814E+02 -0.9183420E-04 -0.4988102E-05  0.7144756E-04
Ar 2215  0.2946510E+02  0.2655988E+02  0.1864466E+02  0.1006376E-03 -0.2040177E-05  0.8881921E-05
Ar 2216  0.2693789E+02  0.2962790E+02  0.1883364E+02 -0.6355828E-05  0.3614179E-04 -0.1934958E-04
Ar 2217  0.2704009E+02  0.2685110E+02  0.2157086E+02 -0.6786171E-04  0.1064072E-04  0.1817271E-04
Ar 2218  0.2943193E+02  0.2946502E+02  0.2106264E+02  0.2661155E-04 -0.2781223E-04 -0.1024691E-04
Ar 2219  0.2968738E+02  0.2662246E+02  0.2470528E+02 -0.8268805E-04  0.4136224E-05  0.1183380E-04
Ar 2220  0.2717295E+02  0.2936459E+02  0.2436066E+02  0.6594000E-04  0.1167167E-04  0.2647218E-04
Ar 2221  0.2707395E+02  0.2678711E+02  0.2714800E+02  0.4279068E-04 -0.1772678E-04 -0.7001675E-04
Ar 2222  0.2985412E+02  0.2934829E+02  0.2724032E+02  0.1385253E-04  0.1086549E-04 -0.3021235E-05
Ar 2223  0.2973265E+02  0.2687334E+02  0.3005183E+02  0.9050321E-04 -0.2625806E-04 -0.5837061E-04
Ar 2224  0.2715568E+02  0.2933652E+02  0.2967096E+02  0.1928155E-04 -0.6214443E-04  0.2064072E-04
Ar 2225  0.2705893E+02  0.2688496E+02  0.3240294E+02 -0.6649192E-04 -0.2322628E-04  0.5574709E-04
Ar 2226  0.2983035E+02  0.2953819E+02  0.3258764E+02 -0.3005944E-05  0.1057152E-03 -0.5539808E-04
Ar 2227  0.2979821E+02  0.2653622E+02  0.3485673E+02 -0.8939108E-04  0.9603723E-04  0.2391926E-04
Ar 2228  0.2701584E+02  0.2947312E+02  0.3521768E+02  0.6519056E-04 -0.1498187E-04  0.5496531E-05
Ar 2229  0.2738799E+02  0.2692312E+02  0.3763230E+02  0.9035378E-04  0.3976889E-04 -0.1660926E-04
Ar 2230  0.2977204E+02  0.2967024E+02  0.3781249E+02  0.2553895E-04 -0.2778320E-04 -0.9035767E-04
Ar 2231  0.2939865E+02  0.2660791E+02  0.4074931E+02  0.2389661E-04  0.1423527E-04 -0.5307284E-04
Ar 2232  0.2663363E+02  0.2948709E+02  0.4048843E+02  0.5042360E-04 -0.1177780E-04 -0.7962075E-04
Ar 2233  0.2678544E+02  0.2700436E+02  0.4315004E+02  0.1204733E-04  0.2810568E-04 -0.1621192E-05
Ar 2234  0.2954390E+02  0.2962077E+02  0.4291859E+02 -0.1023583E-03 -0.1765236E-04 -0.8431329E-04
Ar 2235  0.2975353E+02  0.2668158E+02  0.4593325E+02  0.6529279E-04  0.1154156E-04 -0.3971233E-04
Ar 2236  0.2732252E+02  0.2963179E+02  0.4556213E+02 -0.1433600E-04  0.5290410E-05 -0.2483961E-04
Ar 2237  0.2709949E+02  0.2713229E+02  0.4837030E+02 -0.1563365E-04  0.1322451E-04 -0.7587062E-04
Ar 2238  0.2973302E+02  0.2956716E+02  0.4842761E+02  0.7975412E-04  0.2085092E-05 -0.8524091E-05
Ar 2239  0.2946573E+02  0.2689437E+02  0.5120476E+02 -0.9546466E-05 -0.9831525E-05 -0.2859719E-04
Ar 2240  0.2683768E+02  0.2966681E+02  0.5103097E+02 -0.1340846E-04  0.1305935E-04  0.3512029E-04
Ar 2241  0.2688059E+02  0.3226981E+02  0.1045321E-01  0.1935507E-04 -0.1596991E-04 -0.8227220E-04
Ar 2242  0.2983332E+02  0.3501209E+02  0.5394158E+02 -0.6298755E-04  0.4746431E-04  0.5158281E-04
Ar 2243  0.2979704E+02  0.3240387E+02  0.2731258E+01 -0.1745531E-04  0.8439756E-04 -0.4524943E-07
Ar 2244  0.2719393E+02  0.3509099E+02  0.2628653E+01  0.6236253E-05 -0.8897196E-06 -0.5004509E-04
Ar 2245  0.2697878E+02  0.3246942E+02  0.5137374E+01  0.3894302E-04 -0.3431662E-04  0.5434657E-04
Ar 2246  0.2981801E+02  0.3506160E+02  0.5304308E+01 -0.7375406E-05 -0.1134548E-04 -0.3554654E-04
Ar 2247  0.2979109E+02  0.3228845E+02  0.8047611E+01 -0.4434580E-04 -0.2525554E-05  0.2803800E-04
Ar 2248  0.2731631E+02  0.3502198E+02  0.8061125E+01 -0.3646920E-04  0.4581915E-04 -0.8495931E-04
Ar 2249  0.2707219E+02  0.3244665E+02  0.1058619E+02 -0.3818538E-04  0.5488012E-04  0.4656042E-04
Ar 2250  0.3020635E+02  0.3493417E+02  0.1056007E+02 -0.1067172E-03 -0.3640299E-04 -0.2651134E-05
Ar 2251  0.2979948E+02  0.3204932E+02  0.1324708E+02 -0.1702840E-04  0.2033408E-05  0.4469804E-04
Ar 2252  0.2722660E+02  0.3490234E+02  0.1336389E+02 -0.8014288E-04 -0.7610198E-04  0.3343243E-04
Ar 2253  0.2685620E+02  0.3234436E+02  0.1598043E+02 -0.8654502E-05 -0.4780149E-04  0.2983449E-04
Ar 2254  0.2983247E+02  0.3484031E+02  0.1628361E+02 -0.2079764E-04  0.1406440E-04 -0.2205255E-04
Ar 2255  0.2948950E+02  0.3243672E+02  0.1876202E+02 -0.2021787E-04 -0.1240581E-04 -0.4706729E-04
Ar 2256  0.2699195E+02  0.3521528E+02  0.1876097E+02 -0.7837388E-06 -0.2090325E-04 -0.6599435E-04
Ar 2257  0.2719945E+02  0.3254751E+02  0.2170998E+02  0.9412441E-04 -0.2387779E-05  0.5249050E-04
Ar 2258  0.2963478E+02  0.3517252E+02  0.2152444E+02  0.6496554E-04 -0.2176473E-04  0.1271101E-04
Ar 2259  0.2951413E+02  0.3236248E+02  0.2433409E+02  0.3621990E-04 -0.3163268E-04 -0.2658569E-04
Ar 2260  0.2728907E+02  0.3526828E+02  0.2444277E+02  0.6606882E-04 -0.2269452E-04 -0.7248693E-04
Ar 2261  0.2714540E+02  0.3227485E+02  0.2704096E+02 -0.1466778E-05 -0.8438541E-04  0.1510391E-04
Ar 2262  0.2997942E+02  0.3487649E+02  0.2708552E+02 -0.3677657E-04  0.1608641E-04  0.1146088E-03
Ar 2263  0.2979220E+02  0.3238551E+02  0.2985004E+02 -0.1193038E-04  0.2559576E-04 -0.2503868E-04
Ar 2264  0.2699275E+02  0.3503793E+02  0.2955095E+02  0.1662365E-04  0.1868765E-05 -0.2853106E-04
Ar 2265  0.2691007E+02  0.3230737E+02  0.3238473E+02  0.2817490E-04  0.5689704E-04  0.6266036E-04
Ar 2266  0.2981601E+02  0.3485975E+02  0.3239042E+02 -0.1024861E-04  0.2260932E-04  0.1411999E-04
Ar 2267  0.2956939E+02  0.3233899E+02  0.3499604E+02 -0.2694700E-04 -0.7899064E-04  0.7290435E-04
Ar 2268  0.2700490E+02  0.3505403E+02  0.3501381E+02  0.3948956E-04 -0.2153432E-05 -0.4956339E-04
Ar 2269  0.2677353E+02  0.3207676E+02  0.3794901E+02 -0.1008022E-04  0.8584164E-05  0.5009213E-06
Ar 2270  0.2946416E+02  0.3524061E+02  0.3760574E+02  0.3557068E-04  0.6905306E-04  0.1751877E-04
Ar 2271  0.2973576E+02  0.3211862E+02  0.4062265E+02  0.3301342E-04  0.3910404E-04 -0.5248922E-04
Ar 2272  0.2722872E+02  0.3490570E+02  0.4051395E+02  0.4543605E-05  0.8810477E-04 -0.2998611E-04
Ar 2273  0.2686644E+02  0.3240147E+02  0.4306972E+02  0.2148252E-04  0.2968882E-04  0.5010864E-04
Ar 2274  0.3003342E+02  0.3508141E+02  0.4300177E+02  0.4961754E-04  0.2546423E-04  0.3981286E-04
Ar 2275  0.3000364E+02  0.3222337E+02  0.4582703E+02  0.5638297E-04 -0.8427124E-06 -0.2594162E-04
Ar 2276  0.2739143E+02  0.3498006E+02  0.4550981E+02 -0.5162929E-04  0.9766591E-04 -0.4476387E-04
Ar 2277  0.2715046E+02  0.3208890E+02  0.4810393E+02 -0.5453422E-04  0.4763951E-04  0.2694811E-04
Ar 2278  0.2982819E+02  0.3497074E+02  0.4845062E+02 -0.4035880E-04  0.7160640E-05  0.8109427E-04
Ar 2279  0.2955854E+02  0.3231463E+02  0.5120488E+02  0.3393127E-04  0.1592783E-04  0.3468531E-05
Ar 2280  0.2707620E+02  0.3501514E+02  0.5122701E+02  0.6733119E-04  0.7642708E-05  0.6247477E-04
Ar 2281  0.2688364E+02  0.3753729E+02  0.9022762E-01 -0.5915201E-04 -0.2670074E-04  0.1850748E-04
Ar 2282  0.2985990E+02  0.4060867E+02  0.5349533E+02  0.2000450E-04  0.8233406E-04  0.3932247E-04
Ar 2283  0.2966014E+02  0.3794151E+02  0.2281696E+01  0.3618590E-04 -0.3344405E-04  0.6959819E-04
Ar 2284  0.2683458E+02  0.4054930E+02  0.2673170E+01  0.2627493E-04 -0.4367144E-04 -0.6067534E-04
Ar 2285  0.2736733E+02  0.3774736E+02  0.5208450E+01 -0.2645590E-04 -0.5856762E-04 -0.4433730E-04
Ar 2286  0.2974239E+02  0.4041306E+02  0.5339804E+01 -0.3594795E-04  0.1309024E-06 -0.3439245E-04
Ar 2287  0.2997147E+02  0.3783332E+02  0.8143309E+01 -0.1027109E-04  0.1788489E-04  0.5326040E-04
Ar 2288  0.2701983E+02  0.4008184E+02  0.8541582E+01 -0.1492908E-04 -0.8747152E-04  0.8501610E-04
Ar 2289  0.2744190E+02  0.3742093E+02  0.1083368E+02 -0.2180888E-04  0.2820840E-05 -0.7312485E-04
Ar 2290  0.2997095E+02  0.4038680E+02  0.1095614E+02  0.1678821E-04  0.1736782E-04 -0.2337090E-04
Ar 2291  0.2972395E+02  0.3784110E+02  0.1364198E+02  0.3206022E-04 -0.1173281E-04 -0.6811663E-04
Ar 2292  0.2664609E+02  0.4032138E+02  0.1305778E+02  0.5247700E-05 -0.2772478E-04  0.7592104E-04
Ar 2293  0.2675683E+02  0.3802102E+02  0.1614462E+02 -0.2084187E-04  0.1505520E-04 -0.9616686E-04
Ar 2294  0.2970731E+02  0.4025912E+02  0.1649828E+02 -0.3836607E-04 -0.3898730E-04 -0.3048894E-04
Ar 2295  0.2985086E+02  0.3757590E+02  0.1885781E+02 -0.1445523E-04 -0.1926552E-04  0.1980855E-04
Ar 2296  0.2669757E+02  0.4043396E+02  0.1911854E+02 -0.4843182E-04  0.2614332E-04 -0.5700780E-04
Ar 2297  0.2707539E+02  0.3769970E+02  0.2161273E+02  0.8796686E-04  0.2256188E-04  0.1784158E-04
Ar 2298  0.3003890E+02  0.4056939E+02  0.2182203E+02 -0.5461653E-04  0.4621384E-04  0.3969211E-04
Ar 2299  0.2995263E+02  0.3785504E+02  0.2404388E+02  0.1595223E-04  0.9690891E-05 -0.8857018E-04
Ar 2300  0.2762094E+02  0.4060300E+02  0.2465745E+02  0.9225737E-04 -0.1917269E-04 -0.9391795E-04
Ar 2301  0.2714066E+02  0.3770926E+02  0.2720611E+02  0.6069761E-04  0.3639656E-04  0.1572907E-03
Ar 2302  0.2991914E+02  0.4038375E+02  0.2715042E+02  0.3192599E-04 -0.6348129E-04 -0.3110798E-04
Ar 2303  0.2981579E+02  0.3747535E+02  0.2981845E+02 -0.1625230E-06 -0.6234343E-04 -0.3581491E-04
Ar 2304  0.2718047E+02  0.4023987E+02  0.2986349E+02 -0.8722416E-05  0.1493938E-05  0.3136441E-04
Ar 2305  0.2705214E+02  0.3751080E+02  0.3236062E+02  0.3697961E-05 -0.2096280E-04  0.3410169E-04
Ar 2306  0.2952338E+02  0.4044740E+02  0.3247852E+02  0.1467425E-04 -0.8756756E-04  0.5672008E-04
Ar 2307  0.2967313E+02  0.3764082E+02  0.3489556E+02  0.4156687E-05  0.5715666E-05  0.2398316E-04
Ar 2308  0.2706950E+02  0.4048651E+02  0.3504139E+02 -0.2380964E-04 -0.1133887E-04  0.8667433E-04
Ar 2309  0.2692906E+02  0.3764085E+02  0.3788198E+02 -0.2740423E-04 -0.2410705E-04  0.3960613E-05
Ar 2310  0.2943771E+02  0.4030319E+02  0.3765730E+02  0.1839541E-04 -0.1080262E-04  0.3872063E-04
Ar 2311  0.2966138E+02  0.3760054E+02  0.4038146E+02 -0.3273308E-04 -0.2998362E-04  0.2034254E-04
Ar 2312  0.2706586E+02  0.4012953E+02  0.4055117E+02  0.3072525E-05 -0.1594441E-04  0.4539771E-05
Ar 2313  0.2704229E+02  0.3765756E+02  0.4312703E+02  0.5103597E-04  0.2318944E-04  0.1677563E-04
Ar 2314  0.2969913E+02  0.4031224E+02  0.4304437E+02 -0.3462127E-05  0.4512839E-04 -0.2906274E-05
Ar 2315  0.2970893E+02  0.3778729E+02  0.4579160E+02 -0.1576007E-03  0.1885761E-04  0.6933448E-04
Ar 2316  0.2715379E+02  0.4018179E+02  0.4579606E+02  0.2199703E-04 -0.5806646E-04 -0.8987238E-05
Ar 2317  0.2746463E+02  0.3765401E+02  0.4841424E+02 -0.3328650E-04 -0.7895192E-05 -0.2449104E-04
Ar 2318  0.2988816E+02  0.4036427E+02  0.4856808E+02 -0.3258631E-04  0.5400713E-05 -0.6378026E-04
Ar 2319  0.2995682E+02  0.3789392E+02  0.5117323E+02  0.8454955E-05 -0.1465325E-04  0.7545396E-04
Ar 2320  0.2707167E+02  0.4030267E+02  0.5121703E+02 -0.1222298E-05  0.1073913E-03  0.6875411E-04
Ar 2321  0.2706359E+02  0.4287528E+02  0.5398996E+02 -0.5098715E-04 -0.6470833E-04  0.7910880E-04
Ar 2322  0.2913810E+02  0.4559758E+02  0.1288029E+00  0.1767232E-04  0.4372409E-04 -0.1922013E-04
Ar 2323  0.2954599E+02  0.4320983E+02  0.2798869E+01  0.6228046E-04  0.4208694E-04 -0.3464354E-04
Ar 2324  0.2698666E+02  0.4585638E+02  0.2991536E+01 -0.1086814E-04 -0.1823297E-04  0.6961053E-05
Ar 2325  0.2699187E+02  0.4310004E+02  0.5683509E+01 -0.1084036E-04  0.5516936E-04 -0.9211315E-04
Ar 2326  0.2932106E+02  0.4602030E+02  0.5393934E+01 -0.1593518E-04  0.3049224E-04  0.6225304E-04
Ar 2327  0.2973115E+02  0.4311165E+02  0.8067580E+01 -0.1682478E-04  0.3058114E-04 -0.2430909E-04
Ar 2328  0.2694043E+02  0.4601818E+02  0.8581589E+01 -0.6448390E-04 -0.4953166E-04 -0.5608891E-04
Ar 2329  0.2687410E+02  0.4302663E+02  0.1067509E+02 -0.4287450E-04 -0.7181409E-04 -0.2815541E-04
Ar 2330  0.2967073E+02  0.4583047E+02  0.1082440E+02  0.5422469E-04 -0.1167086E-03  0.1912791E-04
Ar 2331  0.2949051E+02  0.4283557E+02  0.1353211E+02  0.2454289E-04 -0.1020397E-03  0.2495660E-04
Ar 2332  0.2707856E+02  0.4569717E+02  0.1356116E+02  0.2092258E-04  0.1893938E-04 -0.3036885E-04
Ar 2333  0.2701877E+02  0.4297756E+02  0.1612063E+02  0.1055396E-04  0.1042127E-04  0.3437740E-04
Ar 2334  0.2983407E+02  0.4632133E+02  0.1600130E+02  0.1080800E-03  0.3379572E-04  0.3050887E-04
Ar 2335  0.2963436E+02  0.4284977E+02  0.1882952E+02 -0.9161416E-04 -0.3027340E-04 -0.9159622E-05
Ar 2336  0.2715532E+02  0.4571791E+02  0.1896799E+02 -0.3650876E-05  0.1469392E-04  0.3996163E-04
Ar 2337  0.2731885E+02  0.4317326E+02  0.2181542E+02 -0.2832110E-04  0.3812606E-04  0.5040608E-05
Ar 2338  0.2993176E+02  0.4592966E+02  0.2157918E+02  0.2461921E-04  0.6216023E-04  0.1100582E-04
Ar 2339  0.2972354E+02  0.4347949E+02  0.2433258E+02 -0.3293313E-04 -0.3064049E-04  0.2336340E-04
Ar 2340  0.2689065E+02  0.4594928E+02  0.2397842E+02 -0.1525692E-04 -0.1405388E-04 -0.8271594E-04
Ar 2341  0.2728076E+02  0.4290583E+02  0.2738219E+02  0.8323691E-04 -0.5197833E-04 -0.1914250E-04
Ar 2342  0.2971719E+02  0.4580813E+02  0.2737375E+02 -0.9099365E-04 -0.2896697E-04  0.4737524E-04
Ar 2343  0.2996006E+02  0.4325560E+02  0.2980773E+02  0.2576767E-04 -0.9267380E-04  0.1399636E-04
Ar 2344  0.2673781E+02  0.4556817E+02  0.2951588E+02  0.3210349E-04 -0.3639257E-04 -0.2102561E-04
Ar 2345  0.2720608E+02  0.4322688E+02  0.3235583E+02  0.4924174E-04  0.2158557E-04  0.4150105E-04
Ar 2346  0.2981548E+02  0.4605425E+02  0.3245091E+02  0.2931303E-04 -0.7195735E-04 -0.2316265E-04
Ar 2347  0.2940463E+02  0.4320815E+02  0.3526486E+02 -0.1393646E-04 -0.2837366E-04  0.1306673E-04
Ar 2348  0.2707427E+02  0.4584107E+02  0.3494212E+02 -0.7880729E-05  0.8418307E-04 -0.1555285E-04
Ar 2349  0.2691011E+02  0.4311042E+02  0.3796145E+02 -0.3382876E-04  0.3145230E-04  0.1205977E-04
Ar 2350  0.2960232E+02  0.4567428E+02  0.3781145E+02 -0.1009210E-03  0.3061109E-04 -0.4114212E-04
Ar 2351  0.3011027E+02  0.4275927E+02  0.3997768E+02 -0.3431627E-05  0.9478673E-04 -0.7806353E-04
Ar 2352  0.2700842E+02  0.4562194E+02  0.4055942E+02 -0.6793764E-04  0.1693638E-04  0.3094752E-04
Ar 2353  0.2727935E+02  0.4286167E+02  0.4313579E+02 -0.2665275E-04 -0.9445946E-05  0.7863739E-05
Ar 2354  0.2966683E+02  0.4579636E+02  0.4320699E+02 -0.2904726E-05 -0.6823270E-04 -0.1073940E-04
Ar 2355  0.2968766E+02  0.4315678E+02  0.4598195E+02 -0.6158182E-05  0.8305227E-05  0.2619048E-04
Ar 2356  0.2661294E+02  0.4577581E+02  0.4561025E+02  0.2924594E-04 -0.2798135E-04 -0.1142343E-04
Ar 2357  0.2704909E+02  0.4283201E+02  0.4862157E+02  0.1201717E-03  0.1124669E-03  0.4064051E-06
Ar 2358  0.2951828E+02  0.4581210E+02  0.4866953E+02  0.8871301E-04  0.6409134E-04  0.2110093E-04
Ar 2359  0.2991513E+02  0.4327196E+02  0.5121806E+02  0.6198654E-04 -0.8797403E-04 -0.7682116E-04
Ar 2360  0.2717109E+02  0.4543245E+02  0.5119948E+02  0.6365258E-04  0.1664719E-05  0.7626106E-04
Ar 2361  0.2696879E+02  0.4870040E+02  0.1466571E+00  0.4093433E-04  0.2725559E-04  0.1040794E-04
Ar 2362  0.2965144E+02  0.5130325E+02  0.5389241E+02  0.7624379E-05  0.2367784E-04 -0.1597428E-04
Ar 2363  0.2972228E+02  0.4866765E+02  0.2606431E+01 -0.1321846E-04 -0.3494363E-05  0.2701971E-04
Ar 2364  0.2684036E+02  0.5104378E+02  0.2760729E+01 -0.3336314E-04  0.1652168E-04  0.3388330E-05
Ar 2365  0.2700662E+02  0.4860040E+02  0.5347681E+01  0.6634639E-05 -0.7228418E-05  0.6776730E-05
Ar 2366  0.2959172E+02  0.5111841E+02  0.5335698E+01 -0.2562936E-04  0.4033011E-04 -0.3138379E-04
Ar 2367  0.2954889E+02  0.4867109E+02  0.8090166E+01  0.2154699E-05  0.2266419E-04  0.4313380E-04
Ar 2368  0.2680116E+02  0.5118549E+02  0.8220390E+01 -0.3728865E-04  0.1417024E-04 -0.4700144E-04
Ar 2369  0.2683287E+02  0.4851650E+02  0.1125182E+02 -0.8397877E-04  0.2521078E-04 -0.1672760E-04
Ar 2370  0.2961693E+02  0.5110240E+02  0.1072265E+02  0.3678142E-05  0.5424082E-04  0.2510305E-05
Ar 2371  0.2974776E+02  0.4881676E+02  0.1364759E+02 -0.3371095E-04 -0.4302579E-04  0.2940271E-04
Ar 2372  0.2671359E+02  0.5148212E+02  0.1358426E+02  0.7180872E-05 -0.2611066E-04 -0.1290259E-04
Ar 2373  0.2697661E+02  0.4873699E+02  0.1583526E+02 -0.8848317E-05 -0.5125355E-04  0.6898496E-04
Ar 2374  0.2985607E+02  0.5136704E+02  0.1618398E+02  0.2590315E-04  0.5091159E-04  0.3846913E-04
Ar 2375  0.2970478E+02  0.4870885E+02  0.1877358E+02 -0.2041241E-04 -0.3920785E-04  0.2047530E-04
Ar 2376  0.2689078E+02  0.5104286E+02  0.1878602E+02  0.1588613E-04 -0.6458127E-04  0.9673401E-05
Ar 2377  0.2699080E+02  0.4861223E+02  0.2134616E+02  0.6698154E-04  0.5220772E-04 -0.6047356E-04
Ar 2378  0.2958848E+02  0.5126995E+02  0.2153625E+02  0.2795703E-04 -0.2488222E-04 -0.2318068E-05
Ar 2379  0.2986089E+02  0.4845094E+02  0.2450449E+02  0.4972518E-04 -0.4131477E-04  0.2216560E-04
Ar 2380  0.2693066E+02  0.5125303E+02  0.2432156E+02  0.4242311E-04  0.8708125E-04 -0.4736387E-05
Ar 2381  0.2679442E+02  0.4846274E+02  0.2692746E+02  0.3737636E-04 -0.6160256E-04  0.4711131E-04
Ar 2382  0.2994324E+02  0.5104076E+02  0.2702072E+02  0.3039928E-04 -0.8439174E-05 -0.2353123E-04
Ar 2383  0.2966414E+02  0.4815881E+02  0.2977134E+02  0.1776231E-04  0.8096805E-04 -0.3663252E-04
Ar 2384  0.2738680E+02  0.5122522E+02  0.2956159E+02 -0.3461132E-04 -0.8254984E-04  0.4190270E-04
Ar 2385  0.2710645E+02  0.4853261E+02  0.3235804E+02  0.3453439E-04  0.5156528E-04  0.2224694E-04
Ar 2386  0.2986521E+02  0.5133382E+02  0.3211121E+02  0.2044268E-04 -0.1704589E-04 -0.9669612E-04
Ar 2387  0.2952863E+02  0.4852936E+02  0.3508292E+02  0.3944821E-04 -0.1532315E-04 -0.4078066E-04
Ar 2388  0.2700293E+02  0.5116833E+02  0.3508762E+02 -0.3850604E-04  0.2596320E-04  0.1119432E-03
Ar 2389  0.2709633E+02  0.4871110E+02  0.3791902E+02 -0.7280094E-04  0.4179178E-04  0.7247449E-04
Ar 2390  0.2986132E+02  0.5124174E+02  0.3778450E+02 -0.1900851E-04  0.1392622E-03  0.5004861E-04
Ar 2391  0.2958915E+02  0.4854917E+02  0.4065853E+02 -0.6995753E-04 -0.7401076E-04  0.2947207E-04
Ar 2392  0.2674792E+02  0.5111031E+02  0.4063985E+02  0.8158982E-05  0.6349686E-05 -0.2102596E-04
Ar 2393  0.2682632E+02  0.4822977E+02  0.4300134E+02 -0.3581382E-04 -0.3931542E-04 -0.3315494E-05
Ar 2394  0.2993802E+02  0.5106477E+02  0.4333343E+02  0.8428498E-04 -0.1068933E-03 -0.2719792E-04
Ar 2395  0.2970834E+02  0.4826893E+02  0.4555449E+02 -0.6060680E-04 -0.4246152E-05 -0.3039557E-04
Ar 2396  0.2688930E+02  0.5115003E+02  0.4579050E+02 -0.1532658E-04 -0.2177779E-05  0.7066457E-04
Ar 2397  0.2700693E+02  0.4861925E+02  0.4820345E+02  0.9112312E-04 -0.4270061E-04  0.4598160E-04
Ar 2398  0.2979059E+02  0.5136522E+02  0.4847487E+02  0.1784225E-05 -0.6356182E-05  0.7083782E-05
Ar 2399  0.2941470E+02  0.4852809E+02  0.5141857E+02 -0.7807129E-05 -0.1625474E-04 -0.3377640E-04
Ar 2400  0.2683268E+02  0.5111766E+02  0.5107036E+02  0.3788599E-04  0.1999676E-04 -0.3230326E-04
Ar 2401  0.3221840E+02  0.5372757E+02  0.5371778E+02  0.1278521E-04  0.2012710E-04  0.1285724E-04
Ar 2402  0.3482889E+02  0.2397285E+01  0.1699293E+00  0.4832807E-04  0.7314689E-04  0.6225848E-04
Ar 2403  0.3493443E+02  0.5367745E+02  0.2799770E+01  0.2673382E-04  0.2290229E-04  0.4544328E-04
Ar 2404  0.3234940E+02  0.2516965E+01  0.2993627E+01  0.2954583E-04  0.3580803E-05  0.4309141E-04
Ar 2405  0.3225070E+02  0.5363999E+02  0.5536334E+01 -0.2501933E-04 -0.4406069E-04 -0.2029162E-04
Ar 2406  0.3513568E+02  0.2358101E+01  0.5500172E+01  0.4657956E-04  0.1500295E-05 -0.1946090E-04
Ar 2407  0.3524248E+02  0.5363111E+02  0.8084903E+01 -0.2646945E-05  0.4396142E-04  0.3320041E-04
Ar 2408  0.3233684E+02  0.2372843E+01  0.7843856E+01  0.6219746E-04 -0.1168711E-03 -0.1080495E-04
Ar 2409  0.3214035E+02  0.5376339E+02  0.1073976E+02 -0.4088967E-05 -0.7261771E-05  0.6459373E-04
Ar 2410  0.3478203E+02  0.2362614E+01  0.1052819E+02 -0.5048548E-04  0.2347893E-04 -0.7258466E-04
Ar 2411  0.3533498E+02  0.5398675E+02  0.1315004E+02 -0.4838455E-04 -0.5392688E-04 -0.1363082E-04
Ar 2412  0.3220035E+02  0.2254117E+01  0.1312968E+02  0.3552936E-04 -0.1547368E-04 -0.3542995E-04
Ar 2413  0.3252688E+02  0.1744307E+00  0.1597366E+02  0.4635065E-04 -0.2201177E-04 -0.4138216E-04
Ar 2414  0.3531527E+02  0.2423779E+01  0.1635728E+02 -0.3529207E-04  0.2837833E-05 -0.1044816E-04
Ar 2415  0.3499160E+02  0.5369243E+02  0.1865618E+02  0.1555446E-04 -0.1029268E-04 -0.2241992E-04
Ar 2416  0.3236120E+02  0.2411252E+01  0.1890754E+02 -0.3936185E-04  0.2865128E-04 -0.1357486E-04
Ar 2417  0.3250459E+02  0.5390516E+02  0.2142720E+02 -0.2224428E-06  0.9733799E-04 -0.2490977E-05
Ar 2418  0.3520611E+02  0.2362071E+01  0.2152044E+02  0.4084222E-04 -0.1689275E-04 -0.9098576E-05
Ar 2419  0.3507177E+02  0.5363566E+02  0.2401515E+02 -0.7988317E-04  0.6668577E-04 -0.9141165E-04
Ar 2420  0.3232589E+02  0.2391243E+01  0.2411856E+02 -0.1554221E-04  0.9607546E-05  0.2663386E-04
Ar 2421  0.3244779E+02  0.5382226E+02  0.2690494E+02  0.6600299E-05 -0.9659812E-05 -0.1563210E-04
Ar 2422  0.3525160E+02  0.2465605E+01  0.2681174E+02 -0.4947691E-04 -0.2798910E-04 -0.5324206E-04
Ar 2423  0.3526761E+02  0.5362737E+02  0.2938926E+02  0.1869990E-04  0.1723608E-04  0.5940134E-04
Ar 2424  0.3234436E+02  0.2341627E+01  0.2974843E+02 -0.2228510E-04  0.1490435E-04 -0.5763400E-04
Ar 2425  0.3265330E+02  0.2679652E+00  0.3258994E+02  0.3752953E-04 -0.2044354E-04 -0.2675028E-04
Ar 2426  0.3537344E+02  0.2556873E+01  0.3193019E+02 -0.8857133E-05 -0.4833129E-04 -0.5577647E-04
Ar 2427  0.3514807E+02  0.5376800E+02  0.3517220E+02 -0.5505176E-04 -0.3387400E-04 -0.1775356E-04
Ar 2428  0.3209260E+02  0.2984819E+01  0.3513505E+02  0.1272148E-04  0.3369709E-05  0.1929712E-04
Ar 2429  0.3247554E+02  0.5395874E+02  0.3775204E+02  0.7577283E-04  0.5197335E-04 -0.1833381E-04
Ar 2430  0.3522370E+02  0.2639864E+01  0.3777644E+02  0.2138828E-04 -0.3659296E-04 -0.4041259E-04
Ar 2431  0.3525674E+02  0.5391536E+02  0.4038905E+02 -0.4204974E-06  0.5205375E-04  0.6177562E-04
Ar 2432  0.3245790E+02  0.2391920E+01  0.4039012E+02 -0.9580923E-05  0.1345533E-04  0.1226485E-06
Ar 2433  0.3214578E+02  0.5365433E+02  0.4303764E+02  0.3577183E-05 -0.1682963E-04 -0.2343553E-04
Ar 2434  0.3514047E+02  0.2896192E+01  0.4298761E+02 -0.1846188E-04  0.8479886E-04 -0.4926753E-05
Ar 2435  0.3498084E+02  0.1152849E+00  0.4585477E+02  0.5398420E-05 -0.2123600E-04  0.9262249E-04
Ar 2436  0.3222494E+02  0.2650518E+01  0.4583924E+02 -0.1550416E-04 -0.3672454E-04 -0.8128462E-05
Ar 2437  0.3237313E+02  0.7054740E-01  0.4865375E+02  0.4741930E-04  0.2576835E-04 -0.1505716E-04
Ar 2438  0.3504020E+02  0.2554764E+01  0.4850066E+02 -0.2297265E-04 -0.1036260E-05 -0.1098366E-04
Ar 2439  0.3497492E+02  0.2921258E-01  0.5126126E+02  0.4688615E-04  0.2613908E-05  0.6816430E-04
Ar 2440  0.3236097E+02  0.2516256E+01  0.5131759E+02 -0.1107678E-04 -0.2268193E-05 -0.5497545E-04
Ar 2441  0.3229139E+02  0.5556769E+01  0.1218172E+00 -0.4881823E-05 -0.2727854E-05  0.2910986E-04
Ar 2442  0.3505019E+02  0.7939546E+01  0.7213778E-01  0.4074101E-05  0.2152561E-04 -0.4760816E-04
Ar 2443  0.3477034E+02  0.5347483E+01  0.3094425E+01  0.6413456E-04 -0.1275635E-04  0.1211608E-03
Ar 2444  0.3205198E+02  0.8015057E+01  0.2895995E+01  0.3649232E-04 -0.6605292E-04 -0.4143727E-04
Ar 2445  0.3223725E+02  0.5290832E+01  0.5589370E+01  0.5650000E-05 -0.3433010E-05  0.4644502E-04
Ar 2446  0.3482364E+02  0.8063218E+01  0.5715731E+01  0.5577099E-05 -0.1233220E-04  0.4309698E-04
Ar 2447  0.3521482E+02  0.5058748E+01  0.7962475E+01 -0.4128900E-04  0.2919021E-04 -0.3269713E-04
Ar 2448  0.3184896E+02  0.8219391E+01  0.7878472E+01  0.1012843E-04 -0.1551695E-04  0.2954628E-04
Ar 2449  0.3223891E+02  0.5248437E+01  0.1044650E+02  0.9692437E-05 -0.5747954E-05  0.5465119E-05
Ar 2450  0.3508269E+02  0.7775371E+01  0.1051451E+02 -0.5176238E-04  0.3130918E-04 -0.7526673E-04
Ar 2451  0.3475954E+02  0.5188841E+01  0.1337753E+02  0.3548950E-05  0.1494196E-04 -0.5388315E-04
Ar 2452  0.3235717E+02  0.8043520E+01  0.1291324E+02  0.3106052E-04 -0.7766923E-06 -0.2361576E-04
Ar 2453  0.3235008E+02  0.5195165E+01  0.1583637E+02  0.5177369E-04 -0.5981598E-04 -0.1435164E-05
Ar 2454  0.3500266E+02  0.7895602E+01  0.1633729E+02  0.1459674E-04 -0.1154296E-04 -0.7081029E-04
Ar 2455  0.3554219E+02  0.5140312E+01  0.1852715E+02  0.1637213E-04  0.1634614E-04  0.1872751E-04
Ar 2456  0.3233189E+02  0.7938218E+01  0.1865592E+02 -0.1142582E-03  0.8203750E-04 -0.4791575E-04
Ar 2457  0.3247701E+02  0.5439773E+01  0.2141032E+02  0.1004432E-04 -0.1327581E-04 -0.5340379E-05
Ar 2458  0.3512073E+02  0.8446329E+01  0.2124079E+02  0.3283078E-04  0.3814145E-04 -0.7047438E-04
Ar 2459  0.3524581E+02  0.5328257E+01  0.2412428E+02 -0.3898829E-04  0.4152774E-05 -0.1819131E-04
Ar 2460  0.3268232E+02  0.7868483E+01  0.2423617E+02  0.8196338E-04 -0.4567866E-05 -0.7795061E-04
Ar 2461  0.3276535E+02  0.5180604E+01  0.2694873E+02  0.3072316E-04  0.1245029E-04  0.6163851E-04
Ar 2462  0.3549634E+02  0.7843238E+01  0.2695096E+02  0.3933546E-04 -0.9699645E-04  0.3279164E-04
Ar 2463  0.3533366E+02  0.5128536E+01  0.2970814E+02 -0.4407772E-04 -0.1144119E-04 -0.3911019E-04
Ar 2464  0.3247536E+02  0.7875118E+01  0.2931763E+02 -0.3994457E-04 -0.1144242E-03  0.4621969E-04
Ar 2465  0.3242779E+02  0.5117020E+01  0.3214732E+02  0.2305128E-04 -0.5251236E-05  0.4934494E-04
Ar 2466  0.3516300E+02  0.7765988E+01  0.3236415E+02  0.3574488E-04 -0.7859047E-05  0.5307577E-04
Ar 2467  0.3533976E+02  0.5328746E+01  0.3489629E+02 -0.7752628E-04 -0.1540519E-04 -0.1736613E-04
Ar 2468  0.3232418E+02  0.7980836E+01  0.3485745E+02  0.1231407E-03  0.1026442E-03 -0.5450773E-04
Ar 2469  0.3259744E+02  0.5343818E+01  0.3764950E+02 -0.2740564E-04 -0.3306744E-05 -0.3012001E-05
Ar 2470  0.3512386E+02  0.7860692E+01  0.3762390E+02 -0.1027284E-04 -0.3509702E-05 -0.4487850E-04
Ar 2471  0.3510148E+02  0.5331863E+01  0.4055686E+02  0.2085182E-05 -0.4534816E-04 -0.6223261E-04
Ar 2472  0.3225063E+02  0.7969123E+01  0.4041982E+02 -0.8196660E-05 -0.7946258E-04  0.6366185E-04
Ar 2473  0.3228137E+02  0.5075001E+01  0.4299968E+02 -0.3001459E-04  0.5550202E-04  0.7347731E-04
Ar 2474  0.3509396E+02  0.8027129E+01  0.4304415E+02 -0.3018181E-04 -0.8226404E-04  0.3996580E-05
Ar 2475  0.3531502E+02  0.5453091E+01  0.4582641E+02 -0.3234907E-04 -0.3946777E-05 -0.2858807E-04
Ar 2476  0.3230177E+02  0.7699628E+01  0.4584331E+02  0.6679563E-05 -0.3329348E-04 -0.6273992E-04
Ar 2477  0.3224006E+02  0.5026653E+01  0.4843748E+02 -0.2109394E-04  0.3832665E-04  0.1292453E-04
Ar 2478  0.3480564E+02  0.7646832E+01  0.4863593E+02 -0.1634982E-04  0.3323722E-04  0.1596903E-04
Ar 2479  0.3516726E+02  0.4956109E+01  0.5129578E+02 -0.6420171E-05 -0.9462988E-05  0.4093925E-04
Ar 2480  0.3234654E+02  0.7730305E+01  0.5138353E+02 -0.4503863E-04 -0.2515122E-04 -0.2561754E-04
Ar 2481  0.3212240E+02  0.1053687E+02  0.5395357E+02 -0.1535953E-04  0.4906206E-04  0.6202955E-05
Ar 2482  0.3488947E+02  0.1332334E+02  0.5384383E+02  0.8163414E-05  0.3648554E-04  0.5438181E-04
Ar 2483  0.3472840E+02  0.1080692E+02  0.2859984E+01 -0.6922474E-04  0.3075553E-04  0.1949969E-04
Ar 2484  0.3203063E+02  0.1358284E+02  0.2471206E+01 -0.2225563E-04 -0.7769682E-05 -0.1838996E-04
Ar 2485  0.3219131E+02  0.1097447E+02  0.5523673E+01  0.3630893E-04  0.1320848E-04 -0.2469888E-04
Ar 2486  0.3511425E+02  0.1362127E+02  0.5333007E+01  0.7941176E-06  0.1956021E-05 -0.4196657E-04
Ar 2487  0.3491091E+02  0.1083286E+02  0.8035976E+01 -0.5197715E-04  0.7927528E-04  0.7260046E-05
Ar 2488  0.3227332E+02  0.1341053E+02  0.8039433E+01 -0.7150565E-05 -0.3834347E-05  0.3977705E-04
Ar 2489  0.3209293E+02  0.1086259E+02  0.1077844E+02  0.6684350E-04 -0.2329316E-04 -0.2451664E-04
Ar 2490  0.3504176E+02  0.1344705E+02  0.1096141E+02  0.6492318E-04  0.1978799E-04 -0.3532158E-04
Ar 2491  0.3509427E+02  0.1040699E+02  0.1339242E+02 -0.5111533E-04  0.1629599E-04  0.3913157E-04
Ar 2492  0.3250541E+02  0.1306156E+02  0.1370841E+02 -0.2993975E-04 -0.5063733E-04  0.3978462E-04
Ar 2493  0.3254202E+02  0.1042527E+02  0.1602972E+02  0.1203878E-03  0.2211253E-04 -0.4522002E-04
Ar 2494  0.3515595E+02  0.1346858E+02  0.1607762E+02  0.1286404E-03 -0.2121740E-04  0.7274506E-04
Ar 2495  0.3511294E+02  0.1081909E+02  0.1867282E+02 -0.5045216E-04  0.3930832E-04  0.1033223E-03
Ar 2496  0.3271016E+02  0.1335036E+02  0.1895805E+02  0.8129027E-04 -0.1603359E-05 -0.1430271E-04
Ar 2497  0.3235893E+02  0.1065335E+02  0.2193608E+02 -0.2591668E-04 -0.2428138E-04 -0.3083490E-04
Ar 2498  0.3517328E+02  0.1351488E+02  0.2168854E+02 -0.1929526E-04  0.3597514E-04 -0.6697612E-04
Ar 2499  0.3538287E+02  0.1077172E+02  0.2422441E+02  0.5312681E-04  0.2760611E-04 -0.2236040E-04
Ar 2500  0.3251280E+02  0.1342855E+02  0.2418204E+02  0.4483283E-05  0.8333364E-04  0.6498990E-04
Ar 2501  0.3281733E+02  0.1041682E+02  0.2680435E+02  0.1594900E-04 -0.3863020E-04  0.6451920E-04
Ar 2502  0.3505709E+02  0.1343015E+02  0.2665232E+02 -0.3469129E-04  0.8974463E-04 -0.3018612E-04
Ar 2503  0.3518225E+02  0.1052984E+02  0.2965991E+02  0.1011367E-03 -0.1737029E-04 -0.3577251E-04
Ar 2504  0.3252813E+02  0.1311406E+02  0.2965824E+02  0.1674395E-04  0.8425581E-06 -0.1044259E-04
Ar 2505  0.3210874E+02  0.1036605E+02  0.3201569E+02  0.2514683E-04  0.7967684E-04  0.9619176E-04
Ar 2506  0.3517002E+02  0.1335676E+02  0.3245783E+02 -0.6522451E-04  0.7627874E-04 -0.1094940E-04
Ar 2507  0.3511495E+02  0.1043332E+02  0.3466412E+02 -0.8967880E-05  0.6599976E-04  0.5235988E-05
Ar 2508  0.3227174E+02  0.1317831E+02  0.3489683E+02  0.1384061E-04  0.3099333E-04  0.3100521E-04
Ar 2509  0.3222981E+02  0.1063576E+02  0.3748602E+02 -0.6124281E-04  0.3322095E-04 -0.2051347E-04
Ar 2510  0.3470428E+02  0.1308535E+02  0.3762829E+02  0.4491161E-04 -0.1022941E-04  0.4823787E-04
Ar 2511  0.3482483E+02  0.1032660E+02  0.4027077E+02  0.5463492E-04 -0.2353237E-04 -0.5165545E-04
Ar 2512  0.3206371E+02  0.1336619E+02  0.4037775E+02 -0.5708014E-04 -0.1830503E-04 -0.8338886E-05
Ar 2513  0.3232803E+02  0.1082561E+02  0.4346564E+02  0.5045810E-05 -0.3527352E-04  0.3277743E-04
Ar 2514  0.3495832E+02  0.1330330E+02  0.4311640E+02 -0.1315938E-04 -0.4570920E-04  0.6169425E-04
Ar 2515  0.3494583E+02  0.1076286E+02  0.4601089E+02 -0.1465056E-04 -0.2802826E-04  0.3335273E-04
Ar 2516  0.3223580E+02  0.1341399E+02  0.4591593E+02 -0.2521913E-04 -0.1343948E-04  0.1445947E-04
Ar 2517  0.3253527E+02  0.1037420E+02  0.4882429E+02 -0.1874847E-04  0.3334835E-04 -0.6321172E-06
Ar 2518  0.3490277E+02  0.1306152E+02  0.4864813E+02 -0.2163162E-04  0.3865200E-04 -0.1102975E-04
Ar 2519  0.3489139E+02  0.1069736E+02  0.5143500E+02 -0.2465585E-04 -0.1564913E-04  0.4976732E-06
Ar 2520  0.3219502E+02  0.1316438E+02  0.5118255E+02  0.4371318E-05 -0.1870008E-04 -0.4524995E-04
Ar 2521  0.3234684E+02  0.1605013E+02  0.5379600E+02  0.3001225E-04 -0.1232475E-04 -0.1668347E-04
Ar 2522  0.3473531E+02  0.1878723E+02  0.1557553E+00 -0.4172741E-05  0.1867673E-04 -0.5679267E-04
Ar 2523  0.3502880E+02  0.1576342E+02  0.2542876E+01 -0.5590960E-04  0.5982374E-04 -0.4185842E-04
Ar 2524  0.3195422E+02  0.1836254E+02  0.2644122E+01 -0.4404960E-04 -0.8098939E-04  0.3262266E-04
Ar 2525  0.3218907E+02  0.1587925E+02  0.5670303E+01  0.3834777E-05  0.5015670E-04  0.1103022E-03
Ar 2526  0.3506286E+02  0.1872089E+02  0.5243332E+01  0.2165984E-04  0.4873338E-04 -0.5826337E-04
Ar 2527  0.3468200E+02  0.1600736E+02  0.8163589E+01 -0.5469499E-04  0.4263569E-05 -0.3788697E-04
Ar 2528  0.3216013E+02  0.1869535E+02  0.7773134E+01 -0.6781866E-04  0.1283101E-04 -0.1949971E-04
Ar 2529  0.3211437E+02  0.1589580E+02  0.1076637E+02  0.3982388E-04 -0.6507529E-04  0.4940318E-04
Ar 2530  0.3483408E+02  0.1854407E+02  0.1080544E+02 -0.7018663E-04 -0.7978816E-04 -0.2230650E-04
Ar 2531  0.3479977E+02  0.1592806E+02  0.1368509E+02 -0.5357358E-05 -0.8123450E-05  0.5505586E-05
Ar 2532  0.3224477E+02  0.1859593E+02  0.1361462E+02 -0.5668795E-04  0.9940136E-04 -0.5084303E-05
Ar 2533  0.3227280E+02  0.1615066E+02  0.1650171E+02  0.3611068E-05  0.3016880E-04  0.2676041E-04
Ar 2534  0.3493355E+02  0.1864229E+02  0.1588652E+02  0.1075607E-04 -0.1064982E-03 -0.6876277E-04
Ar 2535  0.3520913E+02  0.1601190E+02  0.1892248E+02 -0.3047845E-04 -0.3861643E-04  0.4062291E-04
Ar 2536  0.3227375E+02  0.1879607E+02  0.1890611E+02 -0.4005938E-04 -0.3211724E-04 -0.5415243E-04
Ar 2537  0.3233194E+02  0.1617883E+02  0.2141678E+02  0.1000462E-04  0.6873845E-04 -0.7451608E-05
Ar 2538  0.3480515E+02  0.1893585E+02  0.2148104E+02 -0.5202488E-04 -0.3081112E-05 -0.1438450E-04
Ar 2539  0.3505492E+02  0.1612445E+02  0.2420738E+02 -0.2175090E-04 -0.2245567E-04  0.3467743E-04
Ar 2540  0.3228627E+02  0.1884886E+02  0.2393320E+02  0.6365590E-04 -0.4975788E-04 -0.4877732E-04
Ar 2541  0.3220049E+02  0.1598648E+02  0.2670375E+02  0.2065286E-04  0.2720493E-04  0.2954577E-04
Ar 2542  0.3499148E+02  0.1870770E+02  0.2706208E+02  0.6020471E-05 -0.1781853E-04 -0.4207515E-05
Ar 2543  0.3479974E+02  0.1582639E+02  0.2938515E+02 -0.1683933E-04 -0.9039653E-04  0.1896411E-04
Ar 2544  0.3204021E+02  0.1843673E+02  0.2962678E+02  0.5418296E-04 -0.4585786E-04  0.1866154E-04
Ar 2545  0.3234739E+02  0.1598318E+02  0.3235841E+02  0.8519565E-05  0.4577692E-04 -0.2813932E-04
Ar 2546  0.3509500E+02  0.1855450E+02  0.3232872E+02  0.2771070E-04 -0.1233544E-05  0.3966455E-04
Ar 2547  0.3523940E+02  0.1583602E+02  0.3506384E+02  0.3632564E-04 -0.2639759E-04  0.1332407E-03
Ar 2548  0.3245727E+02  0.1827485E+02  0.3532422E+02 -0.7477346E-04 -0.5298058E-04  0.2850599E-04
Ar 2549  0.3257443E+02  0.1592407E+02  0.3785593E+02  0.3335772E-04 -0.1087774E-03  0.7584622E-04
Ar 2550  0.3499634E+02  0.1859198E+02  0.3815174E+02  0.9035754E-04  0.6245780E-04  0.4806161E-04
Ar 2551  0.3486632E+02  0.1588878E+02  0.4061610E+02  0.6549265E-04 -0.2338928E-04  0.3921901E-04
Ar 2552  0.3199762E+02  0.1862418E+02  0.4062245E+02  0.1235525E-04 -0.1171336E-04  0.1149444E-04
Ar 2553  0.3199165E+02  0.1587415E+02  0.4310456E+02 -0.3350136E-05 -0.6645856E-04 -0.5045452E-04
Ar 2554  0.3474488E+02  0.1840530E+02  0.4302958E+02  0.1107248E-03  0.6201130E-05  0.3816086E-04
Ar 2555  0.3500872E+02  0.1609994E+02  0.4596501E+02  0.1272663E-04  0.2920800E-04  0.3594653E-04
Ar 2556  0.3238095E+02  0.1860351E+02  0.4587873E+02  0.1407324E-05 -0.4184167E-04 -0.2247306E-04
Ar 2557  0.3213426E+02  0.1596964E+02  0.4862493E+02 -0.5778132E-04 -0.2137333E-04 -0.5787243E-04
Ar 2558  0.3513200E+02  0.1867589E+02  0.4836863E+02 -0.2250799E-04 -0.1367977E-04  0.8486350E-04
Ar 2559  0.3492601E+02  0.1611665E+02  0.5129726E+02  0.2729653E-04  0.2382893E-04 -0.8410109E-04
Ar 2560  0.3226398E+02  0.1866620E+02  0.5112691E+02  0.7401266E-05 -0.6685866E-04 -0.1697589E-04
Ar 2561  0.3231430E+02  0.2154615E+02  0.5383396E+02  0.2775743E-04 -0.6251546E-04 -0.1973958E-04
Ar 2562  0.3496021E+02  0.2409263E+02  0.8552088E-01 -0.6221640E-04  0.3167439E-04 -0.3970383E-04
Ar 2563  0.3531960E+02  0.2130346E+02  0.2739649E+01  0.9562854E-05 -0.2611178E-04  0.1058455E-03
Ar 2564  0.3240971E+02  0.2372141E+02  0.2708175E+01 -0.1053098E-03  0.2437271E-04  0.1442505E-04
Ar 2565  0.3222249E+02  0.2125444E+02  0.5068495E+01 -0.1769287E-04  0.1539178E-04 -0.6735689E-04
Ar 2566  0.3511893E+02  0.2403523E+02  0.5469704E+01 -0.4610060E-04  0.4703399E-04  0.3092642E-04
Ar 2567  0.3504398E+02  0.2111277E+02  0.8072936E+01  0.4585433E-04 -0.1492900E-04  0.9672266E-04
Ar 2568  0.3217449E+02  0.2424914E+02  0.7996133E+01 -0.8284416E-04  0.5406354E-04  0.3877473E-04
Ar 2569  0.3242841E+02  0.2143052E+02  0.1083427E+02 -0.9527624E-05  0.1152426E-04  0.8727157E-05
Ar 2570  0.3511395E+02  0.2428738E+02  0.1071882E+02  0.1051039E-04  0.3994578E-05 -0.6731997E-04
Ar 2571  0.3523820E+02  0.2165679E+02  0.1343217E+02  0.2065506E-04  0.3667338E-04 -0.1915305E-04
Ar 2572  0.3223587E+02  0.2401607E+02  0.1335787E+02 -0.7204629E-04  0.7872629E-05  0.2989137E-04
Ar 2573  0.3218713E+02  0.2125205E+02  0.1603849E+02 -0.1995281E-04 -0.1056916E-05 -0.8382720E-04
Ar 2574  0.3515295E+02  0.2417893E+02  0.1614972E+02  0.2330901E-04 -0.1371558E-04 -0.6979759E-05
Ar 2575  0.3503746E+02  0.2127886E+02  0.1874778E+02 -0.8643360E-05 -0.5138358E-04  0.6008523E-04
Ar 2576  0.3234136E+02  0.2394712E+02  0.1849584E+02  0.3609828E-04  0.4976780E-04 -0.1578733E-04
Ar 2577  0.3219105E+02  0.2176230E+02  0.2135312E+02  0.1243561E-05 -0.4225644E-04 -0.7063522E-04
Ar 2578  0.3509869E+02  0.2415722E+02  0.2177476E+02  0.4444952E-04 -0.6197108E-05 -0.3077829E-05
Ar 2579  0.3495369E+02  0.2122961E+02  0.2422263E+02  0.3933020E-04 -0.6319585E-04  0.3365310E-06
Ar 2580  0.3223190E+02  0.2401871E+02  0.2406706E+02  0.9505127E-04  0.2089542E-04 -0.4023598E-04
Ar 2581  0.3234847E+02  0.2113893E+02  0.2710152E+02 -0.2699088E-04 -0.6057805E-04  0.1189814E-04
Ar 2582  0.3504262E+02  0.2372152E+02  0.2703597E+02  0.9574043E-05  0.2057679E-05 -0.2448419E-04
Ar 2583  0.3506325E+02  0.2107128E+02  0.2983150E+02  0.3052346E-04 -0.3967813E-04  0.4207316E-04
Ar 2584  0.3237432E+02  0.2397912E+02  0.2988506E+02 -0.1080500E-03  0.3167143E-04  0.9089933E-04
Ar 2585  0.3218573E+02  0.2108276E+02  0.3212543E+02  0.2873165E-04 -0.3085829E-04 -0.1115104E-03
Ar 2586  0.3502457E+02  0.2377156E+02  0.3248292E+02 -0.3480491E-04  0.2782848E-05 -0.9713558E-05
Ar 2587  0.3516089E+02  0.2084229E+02  0.3529331E+02 -0.5425643E-04 -0.6149285E-04 -0.5568967E-04
Ar 2588  0.3259333E+02  0.2368999E+02  0.3487230E+02 -0.5124232E-04  0.3778440E-04  0.6241273E-04
Ar 2589  0.3212058E+02  0.2095226E+02  0.3779089E+02  0.7205147E-04 -0.6419896E-04  0.6618412E-04
Ar 2590  0.3483548E+02  0.2387352E+02  0.3799034E+02 -0.1526910E-04 -0.1028809E-05  0.1339991E-04
Ar 2591  0.3511253E+02  0.2106608E+02  0.4081776E+02  0.1913461E-04 -0.2324787E-05  0.7093336E-04
Ar 2592  0.3233752E+02  0.2375990E+02  0.4039370E+02  0.2128552E-05  0.2186235E-04 -0.3622310E-04
Ar 2593  0.3241903E+02  0.2130638E+02  0.4303392E+02 -0.8255205E-04 -0.6361851E-04  0.2677863E-04
Ar 2594  0.3503874E+02  0.2406077E+02  0.4321026E+02 -0.4461492E-04 -0.1138900E-04  0.6376475E-04
Ar 2595  0.3531483E+02  0.2135719E+02  0.4541696E+02  0.8422274E-05 -0.4046208E-04  0.6046528E-04
Ar 2596  0.3259535E+02  0.2374314E+02  0.4574696E+02 -0.2319686E-04 -0.7363388E-06 -0.4841527E-04
Ar 2597  0.3249119E+02  0.2148384E+02  0.4852496E+02 -0.4194631E-05 -0.8983795E-05 -0.2099940E-04
Ar 2598  0.3527904E+02  0.2429896E+02  0.4886539E+02 -0.5190409E-04  0.5603434E-04  0.2838746E-04
Ar 2599  0.3510397E+02  0.2146065E+02  0.5120941E+02 -0.1593784E-04  0.3124977E-04 -0.5705969E-05
Ar 2600  0.3236562E+02  0.2418009E+02  0.5118830E+02 -0.8136319E-05 -0.2557879E-04  0.6524658E-05
Ar 2601  0.3220093E+02  0.2700762E+02  0.4678238E-01  0.5568764E-04  0.4693222E-04 -0.4311176E-04
Ar 2602  0.3513776E+02  0.2999659E+02  0.5360114E+02 -0.4636817E-06 -0.8827526E-04  0.1313603E-04
Ar 2603  0.3503966E+02  0.2702558E+02  0.2693529E+01  0.6049131E-04  0.1184714E-04 -0.5985780E-04
Ar 2604  0.3264307E+02  0.2985319E+02  0.2492409E+01 -0.3836459E-04 -0.1477298E-04  0.5043695E-04
Ar 2605  0.3257079E+02  0.2707426E+02  0.5187468E+01  0.2031824E-05 -0.4776002E-04 -0.5229782E-04
Ar 2606  0.3521112E+02  0.2958439E+02  0.5542894E+01 -0.1050181E-03  0.1390310E-03  0.4661663E-04
Ar 2607  0.3535057E+02  0.2682448E+02  0.8126361E+01  0.3880802E-04  0.1546629E-04 -0.1232069E-03
Ar 2608  0.3242119E+02  0.2958109E+02  0.8156308E+01 -0.1148457E-03 -0.4953014E-04 -0.5637744E-04
Ar 2609  0.3241529E+02  0.2702004E+02  0.1074801E+02  0.4835164E-04  0.6118933E-04  0.8001054E-04
Ar 2610  0.3492462E+02  0.2971155E+02  0.1083069E+02  0.3606279E-04 -0.4575378E-04 -0.8190077E-04
Ar 2611  0.3526241E+02  0.2698253E+02  0.1351722E+02 -0.1745628E-04  0.3055455E-04 -0.1321753E-04
Ar 2612  0.3238785E+02  0.2943323E+02  0.1349449E+02 -0.1371855E-04 -0.3542765E-05 -0.7280753E-04
Ar 2613  0.3244841E+02  0.2643956E+02  0.1618283E+02  0.4038755E-04  0.9742049E-05 -0.2621430E-04
Ar 2614  0.3501617E+02  0.2926478E+02  0.1643954E+02  0.6140878E-04  0.1701702E-04 -0.2231069E-04
Ar 2615  0.3506179E+02  0.2662990E+02  0.1861736E+02 -0.5109609E-04  0.1775549E-04  0.6129684E-04
Ar 2616  0.3217124E+02  0.2961506E+02  0.1900941E+02  0.6184666E-05 -0.6029250E-04 -0.4130941E-04
Ar 2617  0.3199297E+02  0.2686829E+02  0.2139013E+02 -0.3983663E-04 -0.8884648E-04 -0.1186150E-03
Ar 2618  0.3468218E+02  0.2966574E+02  0.2137145E+02  0.3710064E-04  0.4449248E-04 -0.1292073E-04
Ar 2619  0.3453911E+02  0.2715240E+02  0.2406508E+02  0.3521858E-04  0.2324290E-04 -0.1753886E-04
Ar 2620  0.3192931E+02  0.2959459E+02  0.2394420E+02  0.4957696E-04 -0.4751278E-04 -0.5663920E-04
Ar 2621  0.3246222E+02  0.2663263E+02  0.2715886E+02  0.7256871E-05 -0.1076141E-03 -0.4714337E-05
Ar 2622  0.3510114E+02  0.2927611E+02  0.2689659E+02 -0.6257075E-04  0.1205337E-03  0.2385703E-04
Ar 2623  0.3532996E+02  0.2659382E+02  0.2964623E+02  0.2241614E-04  0.3895885E-04 -0.2200031E-04
Ar 2624  0.3235249E+02  0.2928721E+02  0.2962560E+02  0.5979423E-04 -0.1032576E-03  0.4015538E-04
Ar 2625  0.3261372E+02  0.2666722E+02  0.3239729E+02  0.7111089E-04 -0.3034697E-05 -0.4725212E-04
Ar 2626  0.3523458E+02  0.2922697E+02  0.3244190E+02 -0.6506052E-05 -0.1409148E-04 -0.2046204E-04
Ar 2627  0.3502623E+02  0.2657234E+02  0.3507314E+02  0.3599852E-04 -0.1550387E-03  0.2431573E-04
Ar 2628  0.3231042E+02  0.2960619E+02  0.3534040E+02 -0.8840764E-04 -0.3343863E-04  0.6339404E-04
Ar 2629  0.3230850E+02  0.2660823E+02  0.3768582E+02  0.1147071E-04 -0.2260910E-04  0.4585466E-04
Ar 2630  0.3516064E+02  0.2944256E+02  0.3770923E+02 -0.5350770E-04  0.2025022E-04  0.2210921E-04
Ar 2631  0.3505961E+02  0.2666872E+02  0.4066330E+02  0.4393900E-04  0.1913777E-04  0.6191678E-04
Ar 2632  0.3213518E+02  0.2939879E+02  0.4041317E+02  0.7953307E-04 -0.1111895E-04 -0.6746215E-06
Ar 2633  0.3236536E+02  0.2646815E+02  0.4353067E+02 -0.1170712E-03 -0.3860451E-04 -0.5265806E-04
Ar 2634  0.3493210E+02  0.2957048E+02  0.4284731E+02 -0.1440659E-04  0.1199076E-04 -0.4747591E-04
Ar 2635  0.3521802E+02  0.2692114E+02  0.4588199E+02  0.1229976E-04  0.7256911E-05 -0.7832012E-05
Ar 2636  0.3262177E+02  0.2972103E+02  0.4582108E+02 -0.4918697E-04  0.5741526E-04  0.3493651E-04
Ar 2637  0.3217621E+02  0.2679233E+02  0.4869556E+02  0.2147473E-04 -0.2320477E-04  0.2700051E-04
Ar 2638  0.3516584E+02  0.2934256E+02  0.4842469E+02 -0.3761900E-04 -0.3678354E-05 -0.2838886E-04
Ar 2639  0.3516299E+02  0.2717153E+02  0.5119555E+02 -0.8537537E-05 -0.3470543E-04  0.8098462E-04
Ar 2640  0.3219736E+02  0.2948467E+02  0.5125006E+02 -0.1895074E-04  0.5324204E-04 -0.4620321E-05
Ar 2641  0.3233317E+02  0.3239993E+02  0.5398753E+02  0.2547328E-05 -0.6303879E-04 -0.6811867E-05
Ar 2642  0.3497569E+02  0.3487095E+02  0.5375813E+02 -0.5587355E-04  0.7176902E-04  0.4257849E-04
Ar 2643  0.3514937E+02  0.3229658E+02  0.2261571E+01  0.3996095E-04 -0.1608938E-04  0.2064983E-04
Ar 2644  0.3243354E+02  0.3518373E+02  0.2607487E+01 -0.8940880E-04  0.2540066E-04  0.1741415E-04
Ar 2645  0.3243901E+02  0.3240449E+02  0.5012239E+01  0.3326855E-05  0.2279390E-04 -0.4815592E-05
Ar 2646  0.3509099E+02  0.3486840E+02  0.5010780E+01 -0.1794319E-04  0.1556542E-04 -0.8272473E-05
Ar 2647  0.3501494E+02  0.3244569E+02  0.7770735E+01  0.7779771E-04  0.3940218E-04  0.3861413E-04
Ar 2648  0.3216938E+02  0.3510357E+02  0.7602419E+01  0.7345344E-04  0.4957376E-04  0.4894706E-04
Ar 2649  0.3246304E+02  0.3227924E+02  0.1069009E+02  0.8603018E-04 -0.3525238E-04  0.2309121E-04
Ar 2650  0.3528406E+02  0.3480846E+02  0.1048972E+02 -0.2600767E-04  0.4418186E-04  0.1995337E-04
Ar 2651  0.3510402E+02  0.3219086E+02  0.1351623E+02 -0.2918998E-04  0.5270573E-04  0.1579234E-04
Ar 2652  0.3250602E+02  0.3511295E+02  0.1333391E+02 -0.6377046E-04 -0.5368815E-04  0.6531369E-04
Ar 2653  0.3233811E+02  0.3227268E+02  0.1599596E+02  0.1245964E-03  0.1181115E-03  0.1225967E-04
Ar 2654  0.3490812E+02  0.3452525E+02  0.1614927E+02 -0.2043262E-04  0.6952895E-04 -0.1834407E-04
Ar 2655  0.3503510E+02  0.3227346E+02  0.1885390E+02 -0.1947832E-04  0.5627993E-04 -0.1762593E-04
Ar 2656  0.3229869E+02  0.3498694E+02  0.1914744E+02 -0.4240158E-04  0.6858289E-05  0.2278109E-04
Ar 2657  0.3193025E+02  0.3231601E+02  0.2154444E+02  0.1454455E-04 -0.3476346E-04  0.2604953E-04
Ar 2658  0.3516760E+02  0.3506134E+02  0.2122364E+02 -0.1578076E-04  0.4029064E-04  0.5560399E-04
Ar 2659  0.3481969E+02  0.3220214E+02  0.2397974E+02 -0.5268688E-04  0.1278868E-03  0.1176653E-04
Ar 2660  0.3227458E+02  0.3486923E+02  0.2440892E+02  0.2741704E-04  0.1260093E-03  0.5234564E-04
Ar 2661  0.3227063E+02  0.3202527E+02  0.2703441E+02 -0.4564963E-04 -0.1062300E-03 -0.1819465E-04
Ar 2662  0.3535770E+02  0.3468256E+02  0.2666212E+02  0.3900346E-04 -0.6660332E-04 -0.9654764E-04
Ar 2663  0.3497398E+02  0.3183669E+02  0.2948584E+02 -0.5765134E-05 -0.1696471E-04  0.5393691E-04
Ar 2664  0.3268635E+02  0.3472654E+02  0.2945418E+02  0.4745557E-05 -0.5384795E-04  0.4196579E-04
Ar 2665  0.3236251E+02  0.3205283E+02  0.3240792E+02  0.1106322E-04  0.4436100E-04 -0.9795546E-05
Ar 2666  0.3513067E+02  0.3498021E+02  0.3271478E+02 -0.7701250E-05  0.1906917E-04 -0.5432048E-04
Ar 2667  0.3517652E+02  0.3225311E+02  0.3539808E+02 -0.8538175E-04  0.1201819E-04  0.1632859E-03
Ar 2668  0.3229069E+02  0.3468649E+02  0.3491537E+02  0.4693073E-04  0.2901463E-04  0.8706876E-04
Ar 2669  0.3218309E+02  0.3240250E+02  0.3782929E+02  0.1836534E-04  0.3936282E-04  0.4209681E-04
Ar 2670  0.3525303E+02  0.3473379E+02  0.3762274E+02 -0.1574683E-04 -0.2018500E-04 -0.8753992E-04
Ar 2671  0.3526377E+02  0.3205822E+02  0.4046233E+02 -0.4097982E-05  0.3149205E-04 -0.1927418E-04
Ar 2672  0.3265885E+02  0.3481049E+02  0.4047577E+02 -0.4003374E-04 -0.7531369E-04  0.6610424E-04
Ar 2673  0.3239082E+02  0.3205578E+02  0.4308417E+02 -0.6932668E-04  0.5443272E-04 -0.9636606E-04
Ar 2674  0.3499514E+02  0.3495812E+02  0.4323358E+02  0.4855228E-05  0.2337167E-04 -0.6784631E-04
Ar 2675  0.3510376E+02  0.3228604E+02  0.4579908E+02 -0.4150538E-04  0.2571682E-04  0.1031960E-03
Ar 2676  0.3230414E+02  0.3494959E+02  0.4587885E+02 -0.2774066E-04  0.8408414E-04  0.2893866E-04
Ar 2677  0.3266489E+02  0.3227372E+02  0.4861105E+02 -0.1042363E-04  0.9713155E-06  0.3590748E-04
Ar 2678  0.3535764E+02  0.3497847E+02  0.4848582E+02 -0.2903681E-04  0.1189647E-03 -0.1323538E-04
Ar 2679  0.3513896E+02  0.3264852E+02  0.5117520E+02  0.2499630E-04  0.5590519E-04 -0.3243491E-04
Ar 2680  0.3226513E+02  0.3502622E+02  0.5128173E+02 -0.7807508E-04  0.4952968E-04  0.3446468E-04
Ar 2681  0.3243168E+02  0.3783306E+02  0.5391517E+02  0.4945778E-04  0.2301681E-04  0.2623178E-04
Ar 2682  0.3493460E+02  0.4053365E+02  0.1858589E-01  0.2026115E-04 -0.1610281E-04 -0.2382164E-04
Ar 2683  0.3491098E+02  0.3760677E+02  0.2580641E+01  0.8759731E-05 -0.3483433E-04 -0.4822335E-05
Ar 2684  0.3216315E+02  0.4101585E+02  0.2533497E+01  0.3711873E-05  0.1344726E-04  0.6937503E-05
Ar 2685  0.3223086E+02  0.3807642E+02  0.4831868E+01  0.3109197E-04  0.3936600E-04 -0.1684805E-04
Ar 2686  0.3496886E+02  0.4058774E+02  0.4997649E+01  0.5910555E-04  0.3553018E-04  0.2446804E-04
Ar 2687  0.3511879E+02  0.3759553E+02  0.7710164E+01 -0.2476051E-04 -0.6687175E-04  0.4458928E-04
Ar 2688  0.3264788E+02  0.4022066E+02  0.7643492E+01 -0.1535099E-04  0.2732663E-04 -0.3543786E-04
Ar 2689  0.3302308E+02  0.3802137E+02  0.1046388E+02  0.1322417E-04  0.5561970E-04 -0.5682156E-04
Ar 2690  0.3534464E+02  0.4057164E+02  0.1094004E+02  0.1044442E-03 -0.1628470E-04  0.9266857E-05
Ar 2691  0.3520279E+02  0.3741370E+02  0.1344566E+02 -0.1353957E-04  0.8449984E-04  0.1407137E-04
Ar 2692  0.3247650E+02  0.4038583E+02  0.1350916E+02 -0.3092114E-04 -0.7371424E-05 -0.7818596E-04
Ar 2693  0.3246065E+02  0.3776466E+02  0.1611337E+02 -0.6217181E-04  0.7528622E-05  0.3060185E-04
Ar 2694  0.3489356E+02  0.4015633E+02  0.1630145E+02 -0.3672434E-04  0.5033723E-04  0.1245185E-04
Ar 2695  0.3502679E+02  0.3761728E+02  0.1887002E+02 -0.2711270E-04 -0.2928302E-05  0.1873250E-04
Ar 2696  0.3244591E+02  0.4068828E+02  0.1924674E+02 -0.3123588E-04  0.7716824E-04 -0.2963175E-04
Ar 2697  0.3242339E+02  0.3773606E+02  0.2146598E+02 -0.5282191E-04 -0.2630838E-06  0.1194903E-03
Ar 2698  0.3538289E+02  0.4044685E+02  0.2144479E+02  0.5798000E-04 -0.1957262E-03 -0.2502441E-04
Ar 2699  0.3517777E+02  0.3773234E+02  0.2431574E+02  0.7378785E-05  0.5834743E-04  0.1572194E-05
Ar 2700  0.3248726E+02  0.4006212E+02  0.2447205E+02 -0.3830606E-04 -0.6309799E-04 -0.3601895E-05
Ar 2701  0.3229126E+02  0.3750997E+02  0.2716727E+02  0.8897415E-04 -0.5009225E-04  0.5870883E-04
Ar 2702  0.3487530E+02  0.4043393E+02  0.2706209E+02 -0.2175332E-04  0.1313328E-03 -0.3831550E-04
Ar 2703  0.3499412E+02  0.3766872E+02  0.2976212E+02 -0.8158405E-06  0.3615255E-04 -0.3547910E-04
Ar 2704  0.3264417E+02  0.4070662E+02  0.2967286E+02  0.3402075E-04 -0.1938537E-04  0.1789525E-04
Ar 2705  0.3243483E+02  0.3772910E+02  0.3233530E+02 -0.3097134E-04 -0.7286152E-04  0.4340789E-04
Ar 2706  0.3550666E+02  0.4008753E+02  0.3259694E+02  0.4894942E-04 -0.5029550E-04  0.2921962E-04
Ar 2707  0.3533336E+02  0.3766189E+02  0.3525899E+02 -0.7508531E-05 -0.1578937E-04 -0.1970091E-04
Ar 2708  0.3243549E+02  0.4003474E+02  0.3500014E+02 -0.4280536E-04 -0.4532162E-04 -0.1746985E-04
Ar 2709  0.3235568E+02  0.3763326E+02  0.3774461E+02 -0.1594886E-04 -0.1956401E-04  0.4096381E-04
Ar 2710  0.3523383E+02  0.4037939E+02  0.3768937E+02  0.6019711E-04 -0.9681425E-04  0.7867414E-05
Ar 2711  0.3507683E+02  0.3783475E+02  0.4020950E+02 -0.5169871E-04  0.3800758E-04  0.1813898E-04
Ar 2712  0.3272442E+02  0.4040212E+02  0.4022168E+02 -0.6378601E-04  0.6042503E-04 -0.7563662E-04
Ar 2713  0.3257475E+02  0.3775508E+02  0.4314435E+02 -0.4132295E-04 -0.1039022E-03 -0.1097625E-04
Ar 2714  0.3514082E+02  0.4057808E+02  0.4317192E+02 -0.9350289E-06  0.9310735E-05 -0.2247286E-04
Ar 2715  0.3505225E+02  0.3784077E+02  0.4564792E+02 -0.1873933E-04 -0.7658176E-04 -0.9201306E-04
Ar 2716  0.3244872E+02  0.4063391E+02  0.4579010E+02  0.2730028E-04  0.9581097E-04  0.7512416E-04
Ar 2717  0.3232584E+02  0.3753257E+02  0.4855406E+02 -0.6012227E-04 -0.1043526E-03 -0.5003547E-04
Ar 2718  0.3490367E+02  0.4053410E+02  0.4834617E+02  0.2259966E-04 -0.4091414E-04  0.4129357E-04
Ar 2719  0.3512706E+02  0.3783797E+02  0.5113885E+02 -0.3320301E-04 -0.5311311E-04 -0.5873811E-04
Ar 2720  0.3269600E+02  0.4061278E+02  0.5103202E+02  0.6274921E-05  0.2035095E-05 -0.4030202E-05
Ar 2721  0.3270572E+02  0.4327581E+02  0.5362176E+02  0.7088946E-04 -0.3700846E-04 -0.3459168E-04
Ar 2722  0.3509180E+02  0.4599107E+02  0.5399754E+02  0.7760884E-04 -0.5678241E-04  0.3381545E-04
Ar 2723  0.3491665E+02  0.4340184E+02  0.2697526E+01 -0.3992910E-04  0.5931133E-05 -0.9784138E-04
Ar 2724  0.3195189E+02  0.4596752E+02  0.2300764E+01  0.5419450E-04 -0.1707948E-04  0.8086403E-04
Ar 2725  0.3266971E+02  0.4326640E+02  0.5563444E+01 -0.2232140E-04 -0.4719410E-04 -0.2273273E-04
Ar 2726  0.3516800E+02  0.4608023E+02  0.5179736E+01 -0.6385876E-04 -0.5676691E-04  0.4570851E-04
Ar 2727  0.3506994E+02  0.4309470E+02  0.8052419E+01  0.2758405E-04  0.9093716E-05 -0.2405620E-04
Ar 2728  0.3216727E+02  0.4567315E+02  0.8160657E+01 -0.1678621E-04 -0.4939588E-05  0.1070952E-04
Ar 2729  0.3233009E+02  0.4318205E+02  0.1076529E+02 -0.5011742E-04  0.6018900E-04 -0.8082461E-04
Ar 2730  0.3506271E+02  0.4590922E+02  0.1048990E+02 -0.1608980E-04  0.6828378E-05  0.7542248E-04
Ar 2731  0.3523098E+02  0.4294979E+02  0.1326073E+02  0.2589134E-04  0.1943435E-04  0.4354274E-04
Ar 2732  0.3229418E+02  0.4591632E+02  0.1345142E+02 -0.1631420E-04 -0.5508088E-04 -0.2866935E-04
Ar 2733  0.3228922E+02  0.4316901E+02  0.1627366E+02  0.1626315E-04  0.4941333E-05 -0.3415710E-04
Ar 2734  0.3559234E+02  0.4564418E+02  0.1587658E+02 -0.1188863E-04 -0.1094068E-05  0.4239360E-04
Ar 2735  0.3534228E+02  0.4294857E+02  0.1865919E+02 -0.1484203E-05 -0.2785318E-05 -0.1943275E-04
Ar 2736  0.3211595E+02  0.4583375E+02  0.1881622E+02  0.8073281E-04  0.2553540E-04  0.1039252E-03
Ar 2737  0.3288315E+02  0.4329577E+02  0.2178068E+02 -0.1112204E-04 -0.2028602E-04  0.5004635E-04
Ar 2738  0.3532385E+02  0.4581543E+02  0.2152625E+02 -0.2358382E-04  0.3216586E-04 -0.2613256E-04
Ar 2739  0.3553995E+02  0.4334399E+02  0.2421576E+02 -0.3712245E-04 -0.4189028E-04 -0.4910257E-04
Ar 2740  0.3262225E+02  0.4608768E+02  0.2396852E+02 -0.7375696E-04  0.5257904E-04 -0.2304157E-04
Ar 2741  0.3253810E+02  0.4326406E+02  0.2664584E+02 -0.6155858E-04 -0.3922319E-04  0.1076382E-03
Ar 2742  0.3542038E+02  0.4592127E+02  0.2692259E+02 -0.3170327E-04 -0.7483723E-04 -0.4068161E-04
Ar 2743  0.3554390E+02  0.4265257E+02  0.3009596E+02 -0.3849781E-04  0.7010570E-04  0.1838207E-04
Ar 2744  0.3254549E+02  0.4551612E+02  0.2980287E+02 -0.4796832E-04  0.6248683E-04  0.1761124E-04
Ar 2745  0.3241744E+02  0.4303470E+02  0.3260332E+02 -0.4901074E-04 -0.1074018E-03  0.1256276E-04
Ar 2746  0.3497004E+02  0.4579690E+02  0.3247611E+02  0.1134756E-03  0.3377207E-04  0.4847950E-04
Ar 2747  0.3516224E+02  0.4284389E+02  0.3498074E+02 -0.6701668E-04 -0.1177305E-03 -0.1504007E-04
Ar 2748  0.3240586E+02  0.4585850E+02  0.3531290E+02 -0.8558589E-04 -0.1903766E-04  0.6627205E-04
Ar 2749  0.3257902E+02  0.4290341E+02  0.3737226E+02 -0.3354882E-04  0.4942641E-04  0.7586096E-04
Ar 2750  0.3481381E+02  0.4572402E+02  0.3780496E+02 -0.4725022E-04 -0.6136975E-04  0.3322235E-04
Ar 2751  0.3513217E+02  0.4310833E+02  0.4040122E+02 -0.4963103E-04  0.4066618E-04 -0.4943234E-04
Ar 2752  0.3225910E+02  0.4576051E+02  0.4027459E+02 -0.1082718E-03 -0.3315891E-04  0.2245999E-04
Ar 2753  0.3239831E+02  0.4311609E+02  0.4282144E+02 -0.2970451E-04 -0.1054714E-03 -0.1103108E-04
Ar 2754  0.3481514E+02  0.4613371E+02  0.4309120E+02 -0.4188418E-04 -0.6860387E-05 -0.6380113E-04
Ar 2755  0.3541917E+02  0.4317716E+02  0.4551082E+02 -0.1156991E-03  0.4175646E-04 -0.7813915E-05
Ar 2756  0.3253825E+02  0.4547187E+02  0.4572070E+02 -0.1692732E-04  0.2480852E-04 -0.2897950E-04
Ar 2757  0.3257681E+02  0.4345620E+02  0.4844662E+02  0.8831769E-04 -0.6741924E-05  0.1245918E-04
Ar 2758  0.3511007E+02  0.4586913E+02  0.4832921E+02  0.7048623E-04  0.2905210E-04  0.5790645E-04
Ar 2759  0.3523196E+02  0.4348295E+02  0.5116153E+02 -0.3485575E-04  0.5028258E-04 -0.8465195E-04
Ar 2760  0.3240320E+02  0.4599045E+02  0.5121508E+02 -0.1748450E-04 -0.3672245E-05 -0.6883011E-05
Ar 2761  0.3233114E+02  0.4869811E+02  0.5365182E+02  0.2261265E-04 -0.8615854E-04 -0.3286970E-04
Ar 2762  0.3477381E+02  0.5118747E+02  0.5398222E+02 -0.1134553E-04  0.4452730E-04 -0.6448457E-04
Ar 2763  0.3475142E+02  0.4868163E+02  0.2578567E+01 -0.1698869E-05 -0.6588701E-04  0.4638224E-04
Ar 2764  0.3221205E+02  0.5131551E+02  0.2683093E+01  0.5277326E-04 -0.4227159E-04  0.3309156E-04
Ar 2765  0.3217643E+02  0.4838843E+02  0.5507127E+01  0.1261001E-04  0.5262600E-04  0.1090554E-03
Ar 2766  0.3485824E+02  0.5101914E+02  0.5287270E+01  0.1592069E-04  0.3704311E-04 -0.6550808E-04
Ar 2767  0.3517478E+02  0.4878891E+02  0.7932728E+01 -0.4587089E-04  0.5097073E-04 -0.4333009E-04
Ar 2768  0.3235407E+02  0.5106866E+02  0.8227482E+01  0.7710369E-04  0.6583525E-04 -0.1190408E-04
Ar 2769  0.3235336E+02  0.4848393E+02  0.1070875E+02  0.7646306E-05  0.1612638E-04  0.2656257E-04
Ar 2770  0.3496718E+02  0.5134062E+02  0.1069157E+02  0.1589177E-04 -0.3989134E-05  0.1159962E-04
Ar 2771  0.3523780E+02  0.4835359E+02  0.1339508E+02  0.4113111E-04 -0.1740973E-04  0.4740080E-04
Ar 2772  0.3255196E+02  0.5115281E+02  0.1367225E+02  0.1208723E-04 -0.2630431E-04 -0.2322556E-04
Ar 2773  0.3260506E+02  0.4846048E+02  0.1591832E+02  0.7180771E-04  0.9127838E-04  0.3781976E-04
Ar 2774  0.3512518E+02  0.5119420E+02  0.1608860E+02  0.1155575E-04 -0.1548808E-04 -0.6877608E-04
Ar 2775  0.3517383E+02  0.4857826E+02  0.1897439E+02 -0.2729616E-04  0.2617329E-04  0.4842099E-04
Ar 2776  0.3236118E+02  0.5147586E+02  0.1864271E+02 -0.7192914E-04 -0.1304943E-04 -0.2539480E-04
Ar 2777  0.3224708E+02  0.4878889E+02  0.2142603E+02  0.2094555E-04  0.3272988E-04 -0.1216994E-03
Ar 2778  0.3539788E+02  0.5111772E+02  0.2146227E+02  0.1876235E-05 -0.1438680E-04  0.6323063E-04
Ar 2779  0.3508484E+02  0.4861608E+02  0.2441025E+02 -0.9966459E-05 -0.1932919E-04  0.7975960E-04
Ar 2780  0.3239146E+02  0.5132669E+02  0.2434073E+02  0.6669821E-04  0.6589586E-04  0.1765038E-04
Ar 2781  0.3244575E+02  0.4824289E+02  0.2712073E+02 -0.3255867E-04 -0.1798221E-04  0.7986732E-05
Ar 2782  0.3498857E+02  0.5108795E+02  0.2702493E+02  0.3875252E-04  0.4582223E-04  0.7658473E-05
Ar 2783  0.3525125E+02  0.4867145E+02  0.2985103E+02 -0.5901569E-04  0.4471678E-04  0.3835032E-04
Ar 2784  0.3250466E+02  0.5082109E+02  0.2949294E+02  0.8914701E-04  0.3895773E-04 -0.5178766E-04
Ar 2785  0.3256738E+02  0.4851294E+02  0.3227623E+02  0.7276539E-04  0.2217503E-04  0.3703468E-04
Ar 2786  0.3524905E+02  0.5130505E+02  0.3269679E+02  0.1216133E-03 -0.1816876E-04 -0.8362076E-05
Ar 2787  0.3512393E+02  0.4848240E+02  0.3512980E+02 -0.1094632E-04  0.6530872E-06 -0.5578331E-04
Ar 2788  0.3227970E+02  0.5122182E+02  0.3478475E+02 -0.3020670E-04 -0.8778289E-04  0.2941449E-04
Ar 2789  0.3234579E+02  0.4859260E+02  0.3767114E+02  0.3404561E-04  0.3823810E-04 -0.6047149E-04
Ar 2790  0.3492288E+02  0.5121260E+02  0.3782612E+02 -0.1183763E-03 -0.9802018E-04 -0.8995281E-04
Ar 2791  0.3509347E+02  0.4884547E+02  0.4062059E+02 -0.8396205E-04  0.3056508E-04 -0.6177607E-04
Ar 2792  0.3230440E+02  0.5122961E+02  0.4049179E+02  0.4376213E-04  0.3043050E-04  0.1485715E-04
Ar 2793  0.3231289E+02  0.4864771E+02  0.4328061E+02 -0.3369523E-04 -0.6361708E-04 -0.1625756E-04
Ar 2794  0.3521198E+02  0.5143653E+02  0.4326879E+02 -0.2047422E-04 -0.1099966E-04  0.2626274E-04
Ar 2795  0.3504065E+02  0.4875054E+02  0.4578900E+02 -0.1591013E-04  0.1014825E-04 -0.5564236E-05
Ar 2796  0.3248527E+02  0.5147251E+02  0.4608102E+02 -0.7678026E-04  0.3547611E-05 -0.6878962E-05
Ar 2797  0.3249726E+02  0.4866317E+02  0.4842857E+02 -0.2788894E-04 -0.3367732E-04  0.3936381E-04
Ar 2798  0.3486453E+02  0.5153611E+02  0.4860765E+02  0.5286837E-04  0.2182558E-04  0.1566417E-04
Ar 2799  0.3526996E+02  0.4880590E+02  0.5139626E+02 -0.4669933E-05 -0.9651979E-05  0.2011163E-04
Ar 2800  0.3222664E+02  0.5105804E+02  0.5110669E+02 -0.4098076E-04  0.1804258E-04  0.1003593E-04
Ar 2801  0.3766443E+02  0.1373659E+00  0.5389023E+02  0.1538083E-05 -0.3171716E-04 -0.1823634E-05
Ar 2802  0.4041566E+02  0.2542162E+01  0.5377329E+02 -0.5009251E-05 -0.5088553E-04 -0.3436660E-05
Ar 2803  0.4036062E+02  0.9481774E-01  0.2653536E+01 -0.2166993E-04  0.6282188E-04  0.9426251E-05
Ar 2804  0.3761080E+02  0.2710966E+01  0.2710580E+01  0.4865846E-04  0.2933597E-05 -0.1014788E-03
Ar 2805  0.3794377E+02  0.5374267E+02  0.5125044E+01 -0.4089241E-04 -0.4063327E-04 -0.2577667E-04
Ar 2806  0.4032634E+02  0.2421002E+01  0.5382159E+01 -0.4275974E-04  0.5197369E-04 -0.5470979E-04
Ar 2807  0.4064620E+02  0.5369297E+02  0.7689995E+01 -0.3774309E-04 -0.2459661E-04  0.7674746E-04
Ar 2808  0.3787226E+02  0.2513026E+01  0.7891338E+01 -0.1996969E-04 -0.3237831E-04  0.2079765E-04
Ar 2809  0.3811498E+02  0.3511778E-01  0.1050723E+02 -0.1566493E-04  0.1214150E-04  0.3513031E-04
Ar 2810  0.4047088E+02  0.2491849E+01  0.1037986E+02 -0.4827590E-04 -0.1028186E-04 -0.5708474E-04
Ar 2811  0.4081303E+02  0.5221478E-01  0.1336728E+02 -0.3094661E-04  0.5620746E-05 -0.1548813E-04
Ar 2812  0.3756212E+02  0.2699841E+01  0.1332578E+02  0.4602565E-06  0.1747826E-04 -0.1920339E-04
Ar 2813  0.3763860E+02  0.5367942E+02  0.1595793E+02 -0.5559371E-04  0.1029911E-03  0.5914562E-04
Ar 2814  0.4029653E+02  0.2501370E+01  0.1592657E+02 -0.3529325E-04  0.2960745E-04 -0.3409691E-04
Ar 2815  0.4052091E+02  0.5367817E+02  0.1864775E+02 -0.1228607E-03 -0.4327673E-04 -0.2828100E-04
Ar 2816  0.3812647E+02  0.2317880E+01  0.1875923E+02  0.7947721E-04  0.4152466E-04 -0.3310049E-04
Ar 2817  0.3814847E+02  0.5369325E+02  0.2158486E+02 -0.1891488E-04 -0.1694669E-03 -0.6839965E-04
Ar 2818  0.4075070E+02  0.2392021E+01  0.2127903E+02 -0.1190077E-04 -0.1221586E-03 -0.4418546E-04
Ar 2819  0.4065102E+02  0.5394195E+02  0.2423341E+02  0.1535487E-04 -0.9507838E-04  0.6969050E-04
Ar 2820  0.3807929E+02  0.2373278E+01  0.2416442E+02  0.5193985E-05  0.4509011E-04  0.5030525E-04
Ar 2821  0.3778227E+02  0.5382084E+02  0.2651559E+02 -0.8802609E-04 -0.5953968E-04 -0.2731340E-04
Ar 2822  0.4060388E+02  0.2569916E+01  0.2669863E+02 -0.9509282E-07  0.5167904E-04 -0.3865067E-04
Ar 2823  0.4074255E+02  0.5379284E+02  0.2997895E+02 -0.3040458E-04  0.4716144E-04  0.3205219E-05
Ar 2824  0.3802021E+02  0.2420073E+01  0.2930227E+02 -0.2598162E-04  0.7845931E-04 -0.7985375E-04
Ar 2825  0.3779267E+02  0.5396357E+02  0.3201744E+02  0.3129750E-06 -0.5288871E-04  0.1374040E-04
Ar 2826  0.4051324E+02  0.2495347E+01  0.3253960E+02 -0.5422913E-04 -0.7397132E-05  0.2443802E-04
Ar 2827  0.4044867E+02  0.5380250E+02  0.3502024E+02 -0.2351029E-04 -0.3688536E-04  0.1368792E-04
Ar 2828  0.3792637E+02  0.2443006E+01  0.3513607E+02 -0.3535068E-04 -0.2371403E-04 -0.5522251E-04
Ar 2829  0.3786521E+02  0.5374051E+02  0.3775354E+02 -0.1054357E-04  0.1913966E-04  0.2090833E-04
Ar 2830  0.4057370E+02  0.2407554E+01  0.3750641E+02  0.1382914E-04 -0.5378768E-04  0.2355733E-04
Ar 2831  0.4052750E+02  0.5371925E+02  0.4063411E+02 -0.1169904E-04 -0.3151546E-04 -0.6317600E-04
Ar 2832  0.3788705E+02  0.2685240E+01  0.4035514E+02 -0.9557106E-05 -0.4061423E-04  0.3092422E-04
Ar 2833  0.3772818E+02  0.3686867E-01  0.4308823E+02 -0.3975704E-04  0.2746343E-04  0.8865904E-04
Ar 2834  0.4049727E+02  0.2410978E+01  0.4312778E+02 -0.2879313E-04 -0.5386070E-04 -0.4853106E-04
Ar 2835  0.4030446E+02  0.5366872E+02  0.4569979E+02 -0.3847890E-04  0.3815134E-04  0.2707754E-04
Ar 2836  0.3764754E+02  0.2529807E+01  0.4590721E+02  0.3829361E-04  0.1038109E-04 -0.3838467E-04
Ar 2837  0.3771026E+02  0.5387775E+02  0.4841554E+02  0.4197487E-04  0.4769895E-04 -0.3971248E-04
Ar 2838  0.4006805E+02  0.2542669E+01  0.4849551E+02  0.1896797E-04  0.3991608E-04  0.6546744E-04
Ar 2839  0.4057014E+02  0.1212563E-01  0.5119049E+02  0.3932925E-04 -0.6450652E-05  0.6367247E-04
Ar 2840  0.3782112E+02  0.2324116E+01  0.5121870E+02  0.1162566E-03 -0.3708925E-04 -0.2616588E-04
Ar 2841  0.3778880E+02  0.5349365E+01  0.9247993E-02  0.5240461E-04 -0.2197982E-04  0.5639014E-04
Ar 2842  0.4025389E+02  0.8134895E+01  0.1707947E+00  0.4582048E-04  0.7677234E-04  0.5687711E-04
Ar 2843  0.4043519E+02  0.5211103E+01  0.2770311E+01  0.1091803E-04 -0.4087188E-04 -0.5069480E-05
Ar 2844  0.3782868E+02  0.8534670E+01  0.3045838E+01 -0.5015207E-04  0.3465772E-04 -0.1334348E-04
Ar 2845  0.3753069E+02  0.5389971E+01  0.5233401E+01 -0.6434647E-04 -0.3438708E-05 -0.3596042E-04
Ar 2846  0.4079763E+02  0.7994270E+01  0.5410251E+01 -0.5937508E-04  0.1696195E-04 -0.5925085E-04
Ar 2847  0.4031031E+02  0.5288827E+01  0.7655199E+01 -0.1147690E-04 -0.5772708E-04 -0.1171812E-05
Ar 2848  0.3776976E+02  0.7989526E+01  0.7918767E+01 -0.4845248E-04 -0.1561880E-04  0.9744802E-05
Ar 2849  0.3767599E+02  0.5186456E+01  0.1079216E+02 -0.9958868E-04  0.3745764E-04 -0.1045913E-04
Ar 2850  0.4020916E+02  0.7846380E+01  0.1037815E+02  0.1762245E-05  0.6807396E-04 -0.1780040E-04
Ar 2851  0.4043820E+02  0.5212672E+01  0.1367067E+02 -0.6581946E-04 -0.2551230E-04  0.6170067E-04
Ar 2852  0.3769580E+02  0.7867754E+01  0.1326988E+02  0.2615186E-04  0.4187879E-04  0.5483056E-05
Ar 2853  0.3769025E+02  0.5236593E+01  0.1578506E+02 -0.3447063E-05  0.8250749E-04  0.6052569E-04
Ar 2854  0.4099266E+02  0.7998198E+01  0.1626055E+02 -0.2185570E-04  0.3885955E-04  0.8135829E-04
Ar 2855  0.4070024E+02  0.5335306E+01  0.1881851E+02 -0.8984598E-04 -0.1599621E-04  0.6142570E-04
Ar 2856  0.3829753E+02  0.7848248E+01  0.1872288E+02 -0.6354323E-04  0.5190423E-04  0.6811138E-04
Ar 2857  0.3748845E+02  0.5307947E+01  0.2127834E+02 -0.1269471E-04 -0.1373606E-04  0.3925091E-05
Ar 2858  0.4081433E+02  0.7970307E+01  0.2165117E+02 -0.2852499E-04  0.2346140E-04 -0.3795309E-04
Ar 2859  0.4058875E+02  0.5288129E+01  0.2413136E+02  0.1647353E-04  0.3810416E-04 -0.6718327E-05
Ar 2860  0.3803501E+02  0.7952986E+01  0.2387634E+02 -0.9087860E-04 -0.2863089E-04  0.3514465E-05
Ar 2861  0.3792264E+02  0.5379697E+01  0.2672997E+02 -0.7824888E-04  0.2260128E-04 -0.1803177E-04
Ar 2862  0.4069279E+02  0.8347608E+01  0.2700350E+02  0.1149424E-03  0.7019938E-04 -0.7227057E-04
Ar 2863  0.4067284E+02  0.5083043E+01  0.2935169E+02 -0.6057881E-05  0.4255349E-04  0.1263336E-04
Ar 2864  0.3823947E+02  0.7988217E+01  0.2947553E+02 -0.8113561E-04  0.1843696E-04  0.2387669E-04
Ar 2865  0.3806387E+02  0.5181366E+01  0.3229091E+02  0.4664285E-05 -0.3129594E-04 -0.6350963E-04
Ar 2866  0.4033838E+02  0.7953070E+01  0.3234655E+02 -0.1019345E-05  0.4574943E-04  0.8188871E-04
Ar 2867  0.4057479E+02  0.4988294E+01  0.3518512E+02  0.1107165E-04 -0.1618727E-04  0.1139764E-04
Ar 2868  0.3797514E+02  0.7956421E+01  0.3487314E+02  0.3168658E-05  0.1085366E-04 -0.1203986E-04
Ar 2869  0.3784195E+02  0.5441898E+01  0.3759644E+02 -0.2341382E-04  0.3723590E-04  0.2029877E-04
Ar 2870  0.4065246E+02  0.8102111E+01  0.3786926E+02 -0.7450283E-05  0.8008631E-04 -0.8660811E-04
Ar 2871  0.4052329E+02  0.5295496E+01  0.4036789E+02  0.3547587E-04  0.2321952E-04  0.1349629E-04
Ar 2872  0.3757229E+02  0.8001501E+01  0.4025251E+02 -0.4849212E-04 -0.2150673E-04 -0.5584193E-04
Ar 2873  0.3778725E+02  0.5388762E+01  0.4274215E+02 -0.2199260E-04  0.8826123E-04 -0.5227902E-04
Ar 2874  0.4036960E+02  0.8241919E+01  0.4300859E+02 -0.8283509E-05  0.6423800E-04 -0.3354450E-04
Ar 2875  0.4023846E+02  0.5212550E+01  0.4558166E+02 -0.1822948E-04 -0.3615180E-04  0.1252414E-04
Ar 2876  0.3761215E+02  0.8038249E+01  0.4591812E+02  0.2112779E-04 -0.4544274E-04 -0.6797102E-06
Ar 2877  0.3785758E+02  0.5559555E+01  0.4858354E+02 -0.3981925E-04  0.2996051E-04  0.8817536E-04
Ar 2878  0.4053397E+02  0.7928892E+01  0.4821463E+02 -0.5194929E-05 -0.5170982E-04  0.1501955E-04
Ar 2879  0.4007938E+02  0.5178849E+01  0.5104508E+02 -0.7576518E-04 -0.1246992E-04  0.8709994E-04
Ar 2880  0.3779591E+02  0.7995133E+01  0.5144366E+02  0.2182690E-04 -0.6618847E-05  0.2524698E-04
Ar 2881  0.3764872E+02  0.1075811E+02  0.5390184E+02  0.4178452E-06 -0.7802714E-04 -0.3292314E-04
Ar 2882  0.4081063E+02  0.1333995E+02  0.5395449E+02 -0.6393149E-04 -0.5614678E-04 -0.5812640E-04
Ar 2883  0.4076390E+02  0.1061263E+02  0.2579085E+01  0.7262701E-04  0.6374531E-04  0.3528598E-04
Ar 2884  0.3767288E+02  0.1322420E+02  0.2428703E+01 -0.2064014E-04 -0.1297548E-03 -0.3459125E-04
Ar 2885  0.3771771E+02  0.1112283E+02  0.5238767E+01 -0.2887213E-04 -0.4178505E-04  0.1506552E-04
Ar 2886  0.4074862E+02  0.1321380E+02  0.5208598E+01 -0.7476478E-04  0.9202212E-04  0.5720766E-04
Ar 2887  0.4024730E+02  0.1085416E+02  0.8104070E+01 -0.3589691E-04  0.2485021E-05 -0.2806746E-04
Ar 2888  0.3794701E+02  0.1340673E+02  0.8130014E+01  0.1560620E-04  0.5285915E-04 -0.4225734E-05
Ar 2889  0.3764816E+02  0.1066329E+02  0.1065376E+02  0.1552929E-04  0.1981332E-04  0.7872485E-04
Ar 2890  0.4018072E+02  0.1336564E+02  0.1081340E+02 -0.4585104E-06 -0.2926463E-04 -0.6907810E-04
Ar 2891  0.4040938E+02  0.1079775E+02  0.1323151E+02 -0.4948980E-04 -0.2334772E-04 -0.3033598E-04
Ar 2892  0.3772129E+02  0.1310798E+02  0.1360396E+02 -0.9312720E-04  0.7863485E-04  0.6966341E-04
Ar 2893  0.3775898E+02  0.1029352E+02  0.1596864E+02 -0.7194306E-04 -0.3387574E-04 -0.1408119E-04
Ar 2894  0.4029302E+02  0.1346104E+02  0.1621172E+02  0.5944040E-04 -0.5248773E-04  0.2655046E-04
Ar 2895  0.4058987E+02  0.1051899E+02  0.1865068E+02  0.4293708E-04 -0.1718340E-04  0.1342608E-04
Ar 2896  0.3794648E+02  0.1351775E+02  0.1891450E+02  0.1806331E-05  0.4111695E-04 -0.5244375E-04
Ar 2897  0.3780985E+02  0.1078106E+02  0.2149080E+02  0.3315990E-04  0.3560813E-04 -0.4085716E-04
Ar 2898  0.4051544E+02  0.1358709E+02  0.2168435E+02 -0.4172838E-04  0.6757392E-05 -0.1484022E-04
Ar 2899  0.4046733E+02  0.1091209E+02  0.2446707E+02  0.8720540E-04  0.6498747E-04 -0.2648202E-04
Ar 2900  0.3756060E+02  0.1329835E+02  0.2417542E+02  0.3906607E-04  0.1460288E-04  0.1214765E-04
Ar 2901  0.3768869E+02  0.1090994E+02  0.2708323E+02 -0.8754603E-04  0.3336954E-04  0.3484284E-05
Ar 2902  0.4029208E+02  0.1326857E+02  0.2699261E+02 -0.1688253E-04  0.5927572E-05 -0.2272725E-04
Ar 2903  0.4034491E+02  0.1088319E+02  0.2977531E+02 -0.4841534E-04  0.3597816E-04  0.7215041E-05
Ar 2904  0.3743794E+02  0.1338059E+02  0.2953609E+02 -0.7119000E-04 -0.6961478E-04 -0.6250904E-04
Ar 2905  0.3781877E+02  0.1100163E+02  0.3231084E+02  0.2851521E-04 -0.2408325E-04 -0.5592568E-04
Ar 2906  0.4033392E+02  0.1362551E+02  0.3207437E+02  0.2942381E-04 -0.1646365E-06  0.5406993E-04
Ar 2907  0.4053653E+02  0.1083702E+02  0.3504550E+02 -0.9268189E-05  0.4393742E-04  0.5587680E-05
Ar 2908  0.3797649E+02  0.1312781E+02  0.3524457E+02  0.4068439E-04  0.1255056E-04  0.9811308E-05
Ar 2909  0.3771389E+02  0.1034934E+02  0.3774910E+02 -0.3127965E-05 -0.2283391E-05 -0.3723966E-04
Ar 2910  0.4042670E+02  0.1325551E+02  0.3800262E+02  0.7758158E-04 -0.2255128E-04  0.5921221E-04
Ar 2911  0.4005993E+02  0.1082908E+02  0.4061116E+02 -0.4199301E-04 -0.7064328E-05  0.7149011E-04
Ar 2912  0.3729926E+02  0.1327932E+02  0.4055068E+02 -0.4724059E-04  0.4765293E-04  0.2041766E-04
Ar 2913  0.3772847E+02  0.1067663E+02  0.4326800E+02  0.2887058E-04  0.4556097E-04  0.5566004E-04
Ar 2914  0.4027590E+02  0.1336172E+02  0.4316796E+02  0.3501976E-04  0.1847115E-05 -0.2290674E-04
Ar 2915  0.4017553E+02  0.1085935E+02  0.4598145E+02  0.4211689E-04 -0.4007083E-04 -0.4360461E-04
Ar 2916  0.3727144E+02  0.1325961E+02  0.4621576E+02 -0.4262493E-05 -0.1635767E-04 -0.1935219E-04
Ar 2917  0.3757395E+02  0.1015938E+02  0.4855460E+02 -0.2574151E-04 -0.2024868E-04  0.7297003E-04
Ar 2918  0.4030639E+02  0.1291773E+02  0.4866818E+02  0.3586159E-04 -0.5422162E-05  0.2670597E-04
Ar 2919  0.4031763E+02  0.1057805E+02  0.5155632E+02  0.8627134E-06 -0.4558838E-04 -0.7382149E-05
Ar 2920  0.3775009E+02  0.1325648E+02  0.5122227E+02 -0.2248824E-04 -0.4822584E-05  0.4399045E-04
Ar 2921  0.3793110E+02  0.1597647E+02  0.5398806E+02 -0.2164098E-04 -0.3405292E-04  0.4819168E-04
Ar 2922  0.4055645E+02  0.1871738E+02  0.1734509E+00 -0.2551597E-04 -0.1011230E-04 -0.1780774E-04
Ar 2923  0.4064261E+02  0.1590020E+02  0.2628656E+01 -0.3038497E-04  0.2058817E-04 -0.3821914E-04
Ar 2924  0.3769082E+02  0.1851750E+02  0.2575539E+01 -0.6907697E-04 -0.7327136E-04 -0.1724845E-04
Ar 2925  0.3796003E+02  0.1605042E+02  0.5038227E+01 -0.5753472E-05  0.3243370E-07 -0.5021260E-05
Ar 2926  0.4064851E+02  0.1869379E+02  0.5237233E+01  0.2524095E-04  0.4533604E-04  0.1116636E-04
Ar 2927  0.4059824E+02  0.1615815E+02  0.8164760E+01  0.1030916E-04  0.6716985E-04  0.6157995E-04
Ar 2928  0.3749653E+02  0.1837346E+02  0.7580669E+01 -0.4333548E-04 -0.3584879E-04  0.6573402E-05
Ar 2929  0.3764403E+02  0.1616131E+02  0.1048674E+02 -0.7399896E-04 -0.5662738E-05 -0.1898962E-04
Ar 2930  0.4076195E+02  0.1879952E+02  0.1087678E+02 -0.2280134E-04 -0.1822670E-04  0.2983000E-05
Ar 2931  0.4043682E+02  0.1588491E+02  0.1313123E+02  0.9475497E-05  0.7956114E-04  0.2555376E-05
Ar 2932  0.3784302E+02  0.1867174E+02  0.1343536E+02  0.3320802E-05  0.8802444E-05 -0.9444347E-04
Ar 2933  0.3767853E+02  0.1608680E+02  0.1612408E+02  0.2456417E-04 -0.3449752E-04  0.9818329E-05
Ar 2934  0.4045622E+02  0.1859051E+02  0.1604057E+02  0.9615040E-04  0.1513105E-04  0.6605379E-04
Ar 2935  0.4029794E+02  0.1632717E+02  0.1874655E+02  0.2903458E-05 -0.4245378E-04 -0.9717480E-06
Ar 2936  0.3755863E+02  0.1864902E+02  0.1888939E+02  0.1406629E-04 -0.7279596E-04  0.7051481E-04
Ar 2937  0.3799489E+02  0.1613586E+02  0.2150894E+02  0.2034130E-04 -0.7231847E-04  0.1930278E-04
Ar 2938  0.4063011E+02  0.1877270E+02  0.2146067E+02 -0.1150699E-04 -0.1249355E-04 -0.4061140E-04
Ar 2939  0.4054418E+02  0.1592544E+02  0.2452634E+02 -0.5906408E-04  0.2583897E-04  0.3764126E-04
Ar 2940  0.3783071E+02  0.1856000E+02  0.2392635E+02 -0.5087062E-05 -0.2940181E-04 -0.1089316E-04
Ar 2941  0.3773453E+02  0.1642101E+02  0.2694920E+02  0.1881921E-04  0.4052538E-04  0.2171513E-04
Ar 2942  0.4050051E+02  0.1907901E+02  0.2710796E+02 -0.5548193E-04 -0.6970095E-04 -0.6062080E-04
Ar 2943  0.4040692E+02  0.1607659E+02  0.2946337E+02 -0.8022699E-04 -0.1319446E-04 -0.7053458E-05
Ar 2944  0.3819571E+02  0.1892561E+02  0.2972385E+02  0.3853442E-04 -0.2366874E-04 -0.6761116E-05
Ar 2945  0.3765790E+02  0.1597047E+02  0.3217761E+02 -0.3071589E-04 -0.6931118E-04 -0.6032964E-04
Ar 2946  0.4044629E+02  0.1858782E+02  0.3253756E+02 -0.7947704E-04  0.8801487E-06 -0.3158974E-05
Ar 2947  0.4075341E+02  0.1591854E+02  0.3511309E+02  0.9056067E-05  0.4553543E-04  0.8989750E-04
Ar 2948  0.3790939E+02  0.1841891E+02  0.3509471E+02 -0.7776628E-04  0.4607787E-04 -0.1642744E-04
Ar 2949  0.3762600E+02  0.1622921E+02  0.3781450E+02 -0.3448198E-04 -0.6761606E-04 -0.7709893E-04
Ar 2950  0.4040254E+02  0.1865225E+02  0.3786637E+02  0.3728765E-04 -0.2077846E-04  0.1500250E-04
Ar 2951  0.4076205E+02  0.1611927E+02  0.4037761E+02 -0.5657062E-04  0.9488080E-04  0.1260814E-04
Ar 2952  0.3808717E+02  0.1876467E+02  0.4059755E+02  0.4591813E-04 -0.1525088E-04 -0.1709121E-05
Ar 2953  0.3764240E+02  0.1587683E+02  0.4308833E+02  0.8151575E-05 -0.7516122E-05 -0.6906118E-05
Ar 2954  0.4047485E+02  0.1860151E+02  0.4306244E+02 -0.5706310E-04 -0.3639956E-05  0.6402216E-04
Ar 2955  0.4025861E+02  0.1549863E+02  0.4589568E+02  0.1524066E-04  0.5870318E-05 -0.5715246E-04
Ar 2956  0.3809075E+02  0.1881165E+02  0.4577126E+02  0.7777013E-04 -0.3410989E-04 -0.5041174E-04
Ar 2957  0.3768798E+02  0.1621486E+02  0.4839366E+02  0.2660790E-04  0.4600928E-05  0.4244273E-04
Ar 2958  0.4048777E+02  0.1860669E+02  0.4864279E+02 -0.2167104E-04  0.1960459E-04 -0.4024781E-05
Ar 2959  0.4034513E+02  0.1574563E+02  0.5110509E+02  0.4034532E-04  0.4744616E-04 -0.5465202E-04
Ar 2960  0.3777584E+02  0.1883041E+02  0.5155806E+02 -0.1296835E-04  0.2704793E-04  0.1864915E-04
Ar 2961  0.3778119E+02  0.2120084E+02  0.1701810E+00 -0.2693485E-04  0.4169394E-04  0.5563470E-05
Ar 2962  0.4023436E+02  0.2411268E+02  0.1633056E+00  0.2107460E-04  0.2785820E-04  0.6135558E-04
Ar 2963  0.4037266E+02  0.2137385E+02  0.2753986E+01  0.9325397E-06 -0.3147464E-04  0.6307567E-04
Ar 2964  0.3754481E+02  0.2399997E+02  0.2785514E+01  0.1040131E-03  0.4301997E-04  0.5104146E-04
Ar 2965  0.3787183E+02  0.2123781E+02  0.5145127E+01  0.2278794E-04 -0.2853330E-04  0.1723916E-04
Ar 2966  0.4025788E+02  0.2411711E+02  0.5411067E+01  0.8900090E-04 -0.3453061E-04  0.6186624E-04
Ar 2967  0.4016350E+02  0.2113965E+02  0.8004589E+01  0.1121683E-05  0.5684458E-04 -0.3127293E-04
Ar 2968  0.3779139E+02  0.2380342E+02  0.8156029E+01 -0.2736070E-04 -0.4227950E-04  0.4673461E-04
Ar 2969  0.3781811E+02  0.2120333E+02  0.1075611E+02 -0.8215540E-04 -0.8347823E-04 -0.8541689E-04
Ar 2970  0.4043616E+02  0.2419847E+02  0.1067034E+02 -0.7425089E-04  0.4099565E-04  0.5092887E-05
Ar 2971  0.4047466E+02  0.2123683E+02  0.1339296E+02 -0.3750026E-04 -0.5926184E-04  0.2942018E-04
Ar 2972  0.3774998E+02  0.2424393E+02  0.1326968E+02  0.6776031E-05  0.1000977E-04 -0.1114922E-04
Ar 2973  0.3785178E+02  0.2120233E+02  0.1601742E+02 -0.3937620E-05 -0.4439992E-04  0.3311706E-04
Ar 2974  0.4021755E+02  0.2398298E+02  0.1634557E+02 -0.2724075E-04  0.6375025E-04 -0.1871469E-04
Ar 2975  0.4052724E+02  0.2130865E+02  0.1882085E+02 -0.9741559E-04  0.3631812E-05 -0.2822240E-04
Ar 2976  0.3767351E+02  0.2406351E+02  0.1905225E+02 -0.4820954E-05 -0.3700376E-04  0.3707960E-04
Ar 2977  0.3779288E+02  0.2131524E+02  0.2168032E+02 -0.6059001E-04  0.2749357E-04  0.5128514E-04
Ar 2978  0.4044447E+02  0.2435002E+02  0.2146652E+02  0.3352125E-04  0.4853832E-04  0.7791657E-04
Ar 2979  0.4034367E+02  0.2170281E+02  0.2411571E+02  0.4281727E-04 -0.1700222E-04 -0.2062017E-05
Ar 2980  0.3776325E+02  0.2436105E+02  0.2421155E+02 -0.5379226E-05 -0.6805697E-04  0.5080096E-05
Ar 2981  0.3776386E+02  0.2126752E+02  0.2662424E+02 -0.4526668E-04 -0.3480448E-04 -0.1397717E-04
Ar 2982  0.4061795E+02  0.2424594E+02  0.2676247E+02 -0.7323397E-05  0.5891642E-04  0.5718873E-06
Ar 2983  0.4057574E+02  0.2170256E+02  0.2964117E+02  0.2131292E-04  0.1234089E-04 -0.3623776E-04
Ar 2984  0.3745484E+02  0.2367099E+02  0.2984711E+02  0.2957162E-05 -0.5118945E-04  0.7111314E-04
Ar 2985  0.3773146E+02  0.2113601E+02  0.3248218E+02 -0.3642741E-05 -0.3450408E-05 -0.5580583E-05
Ar 2986  0.4084212E+02  0.2404069E+02  0.3269311E+02 -0.2094719E-04 -0.5823370E-04 -0.3676863E-04
Ar 2987  0.4093595E+02  0.2137122E+02  0.3489738E+02  0.1176285E-04  0.2418717E-04 -0.7900023E-05
Ar 2988  0.3777486E+02  0.2398830E+02  0.3507562E+02  0.1253606E-04 -0.4382442E-04 -0.5910109E-04
Ar 2989  0.3786209E+02  0.2120713E+02  0.3778485E+02  0.1966629E-07 -0.9161617E-05 -0.1002912E-03
Ar 2990  0.4050731E+02  0.2416458E+02  0.3776092E+02 -0.1245010E-04 -0.3415168E-04  0.4339242E-04
Ar 2991  0.4054621E+02  0.2133680E+02  0.4035882E+02 -0.5891876E-05 -0.1870124E-04 -0.9005863E-04
Ar 2992  0.3786907E+02  0.2418660E+02  0.4016418E+02  0.7902772E-04  0.1140689E-03  0.7311490E-04
Ar 2993  0.3809744E+02  0.2146122E+02  0.4281526E+02 -0.2114532E-04  0.2402091E-04  0.6106133E-04
Ar 2994  0.4049451E+02  0.2423284E+02  0.4278692E+02  0.3309369E-04  0.3516543E-04  0.4170100E-05
Ar 2995  0.4032061E+02  0.2161554E+02  0.4570761E+02 -0.2091180E-04  0.1857534E-04 -0.6553413E-05
Ar 2996  0.3762718E+02  0.2435805E+02  0.4595265E+02 -0.3580263E-04  0.6671747E-04  0.5589679E-04
Ar 2997  0.3805572E+02  0.2129847E+02  0.4862145E+02  0.1659775E-04  0.1459521E-04 -0.2853073E-04
Ar 2998  0.4043747E+02  0.2420676E+02  0.4900767E+02  0.6907404E-04 -0.5194060E-04 -0.6381227E-04
Ar 2999  0.4041795E+02  0.2124202E+02  0.5157125E+02  0.6592768E-04  0.2599826E-04  0.2149148E-04
Ar 3000  0.3764208E+02  0.2428473E+02  0.5142359E+02  0.3963813E-05  0.2897296E-04 -0.6920644E-04
Ar 3001  0.3771881E+02  0.2677139E+02  0.4808936E-01  0.2095768E-04  0.6685225E-04 -0.3159578E-05
Ar 3002  0.4062576E+02  0.2979215E+02  0.5388649E+02  0.2403084E-04 -0.1114345E-03 -0.1127112E-04
Ar 3003  0.4042081E+02  0.2678249E+02  0.2725181E+01 -0.1809801E-04 -0.6937319E-04  0.6508261E-04
Ar 3004  0.3778158E+02  0.2992482E+02  0.2401672E+01 -0.1770430E-04 -0.4984082E-05 -0.3865240E-04
Ar 3005  0.3756490E+02  0.2711571E+02  0.5244271E+01  0.7504232E-05 -0.4192399E-05  0.1528911E-04
Ar 3006  0.4039500E+02  0.2936294E+02  0.5465073E+01 -0.6032411E-04  0.2916421E-04 -0.8517933E-04
Ar 3007  0.4036415E+02  0.2680588E+02  0.8081015E+01 -0.7888479E-04  0.3165321E-04  0.5742899E-04
Ar 3008  0.3771416E+02  0.2955709E+02  0.7942828E+01  0.2164923E-04  0.3133419E-04 -0.5031750E-04
Ar 3009  0.3772110E+02  0.2668979E+02  0.1071167E+02 -0.3966088E-05  0.1470665E-04 -0.3025534E-04
Ar 3010  0.4060998E+02  0.2936390E+02  0.1082944E+02 -0.4803421E-04  0.3226303E-04 -0.7906885E-04
Ar 3011  0.4039888E+02  0.2683771E+02  0.1336802E+02 -0.1280941E-05 -0.1909808E-04  0.7703326E-05
Ar 3012  0.3769829E+02  0.2976217E+02  0.1362116E+02  0.7547496E-05 -0.1857714E-04  0.2747729E-04
Ar 3013  0.3760994E+02  0.2682907E+02  0.1601585E+02 -0.1132844E-06 -0.8263912E-05 -0.2493798E-04
Ar 3014  0.4040899E+02  0.2953616E+02  0.1594410E+02  0.4759736E-04  0.1296497E-04 -0.5923609E-05
Ar 3015  0.4029895E+02  0.2703074E+02  0.1885489E+02 -0.6758184E-05  0.2239555E-04 -0.5603715E-04
Ar 3016  0.3772326E+02  0.2976396E+02  0.1888772E+02 -0.7931641E-05 -0.5135913E-05 -0.2183598E-04
Ar 3017  0.3758046E+02  0.2698917E+02  0.2119621E+02 -0.1388739E-04  0.4663424E-04 -0.6239684E-04
Ar 3018  0.4072562E+02  0.2924570E+02  0.2166241E+02 -0.2806928E-04  0.1193892E-04 -0.2360909E-05
Ar 3019  0.4027579E+02  0.2663928E+02  0.2405914E+02 -0.2830275E-05  0.5477072E-04  0.2837190E-04
Ar 3020  0.3771805E+02  0.2955404E+02  0.2412917E+02 -0.1930989E-04 -0.7078554E-04 -0.1863526E-04
Ar 3021  0.3797716E+02  0.2658380E+02  0.2693007E+02 -0.4213833E-04  0.3391313E-04  0.2137645E-05
Ar 3022  0.4053641E+02  0.2908866E+02  0.2686621E+02 -0.2308682E-04  0.2653488E-04 -0.3863216E-04
Ar 3023  0.4016042E+02  0.2638635E+02  0.2976806E+02 -0.3566765E-04  0.3408325E-04  0.1138703E-04
Ar 3024  0.3776912E+02  0.2907386E+02  0.2944463E+02 -0.3776948E-05  0.2438003E-04 -0.5123895E-04
Ar 3025  0.3791156E+02  0.2650983E+02  0.3235478E+02  0.8065589E-05  0.3027065E-04 -0.1234505E-04
Ar 3026  0.4070551E+02  0.2933890E+02  0.3225688E+02 -0.1046813E-04 -0.1600024E-04 -0.1710072E-04
Ar 3027  0.4070783E+02  0.2667633E+02  0.3512213E+02  0.9523193E-06  0.2984670E-04  0.2216903E-04
Ar 3028  0.3810125E+02  0.2968637E+02  0.3499899E+02 -0.5601979E-05 -0.3699842E-04 -0.3885176E-04
Ar 3029  0.3789088E+02  0.2690883E+02  0.3784902E+02 -0.1471072E-03 -0.4567238E-04 -0.2874004E-04
Ar 3030  0.4062851E+02  0.2960698E+02  0.3771056E+02 -0.1779482E-04  0.1768867E-05  0.2146569E-04
Ar 3031  0.4055084E+02  0.2696957E+02  0.4051610E+02 -0.4799799E-04  0.4452028E-04  0.2751829E-04
Ar 3032  0.3786984E+02  0.2947518E+02  0.4045427E+02 -0.4369062E-04  0.1136938E-05 -0.1029368E-03
Ar 3033  0.3785096E+02  0.2701114E+02  0.4315526E+02  0.9275473E-04  0.7618737E-04 -0.2427145E-04
Ar 3034  0.4058993E+02  0.2970885E+02  0.4331359E+02 -0.5220201E-04  0.5504428E-04  0.5787386E-04
Ar 3035  0.4031704E+02  0.2687335E+02  0.4572473E+02  0.3465895E-04 -0.3305602E-04  0.4626549E-04
Ar 3036  0.3815991E+02  0.2979123E+02  0.4576858E+02 -0.7511141E-06 -0.2333586E-04  0.9353807E-05
Ar 3037  0.3797025E+02  0.2700298E+02  0.4848371E+02 -0.3653924E-04  0.3165618E-04 -0.2803033E-04
Ar 3038  0.4038535E+02  0.2969589E+02  0.4846420E+02  0.7345611E-04  0.3943326E-04  0.2337149E-04
Ar 3039  0.4016505E+02  0.2699269E+02  0.5135481E+02  0.2059522E-04  0.8861139E-04  0.1487048E-04
Ar 3040  0.3769113E+02  0.2967738E+02  0.5115046E+02  0.3474524E-05  0.5960210E-05  0.2333749E-04
Ar 3041  0.3786351E+02  0.3241237E+02  0.5379340E+02  0.4837579E-05 -0.8091470E-04  0.6610676E-04
Ar 3042  0.4076897E+02  0.3492950E+02  0.5379268E+02 -0.9860991E-05 -0.2147277E-04  0.5980203E-04
Ar 3043  0.4086001E+02  0.3270403E+02  0.2505112E+01  0.1362761E-03  0.7229882E-04 -0.6921150E-04
Ar 3044  0.3782749E+02  0.3503826E+02  0.2676490E+01 -0.1948793E-04 -0.2791700E-04  0.1564514E-04
Ar 3045  0.3841030E+02  0.3234479E+02  0.5157782E+01 -0.8311822E-05  0.3650388E-04  0.2495604E-04
Ar 3046  0.4074111E+02  0.3525388E+02  0.5485910E+01 -0.4431793E-05  0.3395864E-04  0.6769787E-05
Ar 3047  0.4053083E+02  0.3182840E+02  0.8128354E+01 -0.3137285E-04 -0.2433379E-04 -0.3007711E-04
Ar 3048  0.3821991E+02  0.3498116E+02  0.7883588E+01  0.5849261E-05 -0.2022766E-04 -0.1338451E-04
Ar 3049  0.3757521E+02  0.3210486E+02  0.1075417E+02  0.7444585E-05 -0.1729338E-04 -0.2648010E-04
Ar 3050  0.4030605E+02  0.3497252E+02  0.1077454E+02  0.6508873E-06 -0.5106414E-05  0.2520315E-04
Ar 3051  0.4032927E+02  0.3242119E+02  0.1343914E+02  0.1918990E-04  0.1760423E-04  0.1464883E-04
Ar 3052  0.3753088E+02  0.3487414E+02  0.1335790E+02  0.2802511E-04  0.2611685E-04 -0.6597986E-04
Ar 3053  0.3749616E+02  0.3240501E+02  0.1609622E+02  0.1453778E-04 -0.2034870E-04 -0.8107377E-05
Ar 3054  0.4031571E+02  0.3488756E+02  0.1618458E+02  0.5116265E-04 -0.3137222E-04  0.2902457E-04
Ar 3055  0.4046698E+02  0.3213148E+02  0.1846071E+02 -0.2843500E-05  0.7572768E-04 -0.2497172E-04
Ar 3056  0.3794302E+02  0.3461997E+02  0.1877779E+02 -0.3749027E-04  0.2479231E-04 -0.1124288E-04
Ar 3057  0.3765081E+02  0.3215618E+02  0.2154565E+02 -0.1323174E-05 -0.7709275E-04 -0.4814053E-04
Ar 3058  0.4032860E+02  0.3459345E+02  0.2142957E+02 -0.1253284E-04 -0.3505982E-04  0.2621793E-04
Ar 3059  0.4052237E+02  0.3208671E+02  0.2405007E+02 -0.4779740E-04  0.1388989E-04  0.9194220E-05
Ar 3060  0.3785817E+02  0.3456989E+02  0.2412397E+02 -0.1498319E-04  0.3021201E-04  0.2166787E-04
Ar 3061  0.3794675E+02  0.3189669E+02  0.2682259E+02  0.2099039E-04 -0.1317001E-04  0.2153457E-05
Ar 3062  0.4053849E+02  0.3455996E+02  0.2729244E+02 -0.4684268E-04  0.2220488E-04 -0.3208316E-04
Ar 3063  0.4027737E+02  0.3172178E+02  0.2953587E+02  0.8432595E-04  0.6123065E-05  0.2148000E-04
Ar 3064  0.3788868E+02  0.3484364E+02  0.2993102E+02 -0.2058665E-04  0.2013502E-04  0.4397162E-04
Ar 3065  0.3778256E+02  0.3187098E+02  0.3200964E+02 -0.1310761E-04 -0.9420154E-05 -0.3022259E-04
Ar 3066  0.4075226E+02  0.3502647E+02  0.3245479E+02  0.8918085E-04  0.6634454E-04 -0.9745180E-05
Ar 3067  0.4087050E+02  0.3244562E+02  0.3538607E+02  0.6643243E-05 -0.3598573E-05  0.1973354E-04
Ar 3068  0.3782789E+02  0.3471345E+02  0.3500668E+02 -0.4293961E-05  0.5238232E-04 -0.2098545E-06
Ar 3069  0.3777793E+02  0.3208149E+02  0.3798366E+02 -0.4558965E-04  0.1893793E-04 -0.2327763E-04
Ar 3070  0.4050810E+02  0.3494060E+02  0.3790466E+02 -0.9581308E-05 -0.9195079E-04 -0.2956107E-04
Ar 3071  0.4069224E+02  0.3214187E+02  0.4027158E+02  0.3526999E-04 -0.5266590E-04 -0.4302791E-04
Ar 3072  0.3799830E+02  0.3512452E+02  0.4061424E+02  0.1433828E-04  0.9429188E-05  0.4905888E-04
Ar 3073  0.3791939E+02  0.3242473E+02  0.4299822E+02  0.1307718E-05  0.1209645E-05  0.2261248E-04
Ar 3074  0.4067544E+02  0.3512017E+02  0.4318935E+02  0.5626655E-04 -0.3154231E-04  0.8821434E-04
Ar 3075  0.4048042E+02  0.3243155E+02  0.4570355E+02  0.3281875E-04  0.5008073E-04  0.3216258E-04
Ar 3076  0.3782266E+02  0.3505666E+02  0.4541537E+02  0.1308887E-04  0.6218893E-04  0.2968663E-05
Ar 3077  0.3783534E+02  0.3237605E+02  0.4830341E+02 -0.5540833E-04  0.5953486E-04 -0.2635113E-04
Ar 3078  0.4034589E+02  0.3507528E+02  0.4831362E+02 -0.2856037E-04 -0.3565741E-04 -0.4957805E-04
Ar 3079  0.4056774E+02  0.3223826E+02  0.5104363E+02  0.3696431E-04 -0.5376485E-04 -0.3799364E-04
Ar 3080  0.3796750E+02  0.3530582E+02  0.5121837E+02 -0.2312445E-04  0.7096077E-04  0.8708100E-04
Ar 3081  0.3777299E+02  0.3744876E+02  0.9864018E-02 -0.2833377E-04  0.4453205E-04 -0.3274426E-04
Ar 3082  0.4023283E+02  0.4059769E+02  0.5398191E+02 -0.3590321E-05  0.3313017E-04 -0.2046141E-04
Ar 3083  0.4050848E+02  0.3766178E+02  0.2759914E+01 -0.2186216E-05 -0.2934606E-05 -0.7577030E-04
Ar 3084  0.3790099E+02  0.4019384E+02  0.2612315E+01  0.3211849E-04 -0.3271316E-04 -0.1363088E-04
Ar 3085  0.3768722E+02  0.3767889E+02  0.5302181E+01 -0.2040763E-04 -0.1821206E-04  0.8050305E-05
Ar 3086  0.4016048E+02  0.4027774E+02  0.5434214E+01 -0.1810322E-04 -0.1036433E-04  0.8749876E-04
Ar 3087  0.4070336E+02  0.3766203E+02  0.8143468E+01 -0.1167877E-05 -0.5964287E-04 -0.2158938E-04
Ar 3088  0.3782062E+02  0.4030997E+02  0.8254579E+01  0.3429284E-04 -0.1054086E-03  0.7297812E-04
Ar 3089  0.3769201E+02  0.3746678E+02  0.1051539E+02  0.1231563E-04 -0.3431338E-04  0.1981001E-04
Ar 3090  0.4047381E+02  0.4015816E+02  0.1074878E+02  0.5870223E-04 -0.1085066E-03  0.3242582E-04
Ar 3091  0.4027403E+02  0.3740613E+02  0.1343109E+02  0.8999699E-04 -0.5141144E-04  0.6638791E-04
Ar 3092  0.3792216E+02  0.3992408E+02  0.1336014E+02  0.7603954E-05  0.4181991E-04 -0.1996665E-04
Ar 3093  0.3760428E+02  0.3719943E+02  0.1630151E+02  0.1899022E-04  0.2737549E-04  0.2426713E-04
Ar 3094  0.4033582E+02  0.4004891E+02  0.1632615E+02  0.2410205E-04  0.3679681E-04 -0.5450957E-04
Ar 3095  0.4030257E+02  0.3725883E+02  0.1890840E+02 -0.3126224E-04 -0.1422832E-04  0.1318678E-04
Ar 3096  0.3770480E+02  0.4011833E+02  0.1868494E+02  0.3132566E-04 -0.8447962E-04 -0.2488720E-04
Ar 3097  0.3774417E+02  0.3774089E+02  0.2118584E+02  0.1622553E-04 -0.5509883E-04  0.9905591E-05
Ar 3098  0.4046467E+02  0.4036275E+02  0.2137211E+02  0.4266512E-04 -0.5607289E-04  0.1123017E-03
Ar 3099  0.4021430E+02  0.3741155E+02  0.2411452E+02 -0.8955527E-04 -0.2965126E-04  0.2838345E-04
Ar 3100  0.3790188E+02  0.4048029E+02  0.2424232E+02  0.3061752E-04  0.5700889E-04 -0.2564015E-04
Ar 3101  0.3782325E+02  0.3775715E+02  0.2692827E+02 -0.3232620E-04 -0.4322665E-04 -0.3047977E-04
Ar 3102  0.4039728E+02  0.4022058E+02  0.2689772E+02 -0.3922853E-04 -0.1387379E-05 -0.5950146E-04
Ar 3103  0.4056166E+02  0.3743758E+02  0.2953348E+02  0.1351909E-04 -0.3033204E-05  0.1755862E-04
Ar 3104  0.3811255E+02  0.3999524E+02  0.2998313E+02  0.2715903E-04 -0.1088132E-04  0.1657047E-04
Ar 3105  0.3793136E+02  0.3751224E+02  0.3248400E+02 -0.1058684E-05  0.3293567E-04  0.6872084E-05
Ar 3106  0.4069626E+02  0.4009853E+02  0.3262917E+02 -0.6146149E-04 -0.9147586E-05 -0.4794801E-04
Ar 3107  0.4079284E+02  0.3768309E+02  0.3504327E+02  0.7269392E-04 -0.4267946E-04  0.2977836E-04
Ar 3108  0.3809552E+02  0.4023727E+02  0.3501598E+02 -0.2267041E-04  0.7009782E-05 -0.3587186E-04
Ar 3109  0.3796018E+02  0.3741629E+02  0.3772696E+02 -0.1316571E-04  0.4955035E-04  0.2491541E-04
Ar 3110  0.4054404E+02  0.3998471E+02  0.3779552E+02 -0.9377798E-04  0.8171584E-04 -0.8689320E-04
Ar 3111  0.4060427E+02  0.3749571E+02  0.4055076E+02  0.4031692E-04  0.5162396E-04 -0.5559298E-04
Ar 3112  0.3785509E+02  0.4064550E+02  0.4073711E+02 -0.2738077E-04 -0.2295952E-04  0.3876920E-04
Ar 3113  0.3768486E+02  0.3802494E+02  0.4312689E+02  0.1427104E-04  0.5250911E-04 -0.3612451E-04
Ar 3114  0.4063745E+02  0.4040989E+02  0.4315718E+02 -0.2826165E-04  0.3702942E-05 -0.5556596E-04
Ar 3115  0.4039762E+02  0.3766044E+02  0.4583202E+02 -0.7931560E-04  0.6148639E-04 -0.8927028E-04
Ar 3116  0.3772501E+02  0.4070774E+02  0.4630387E+02  0.5867989E-04 -0.2609034E-04 -0.6802995E-04
Ar 3117  0.3796657E+02  0.3754092E+02  0.4855865E+02  0.5913587E-04 -0.2804984E-04 -0.2216067E-04
Ar 3118  0.4018893E+02  0.4039802E+02  0.4869082E+02 -0.5320971E-04  0.3386142E-04 -0.6471707E-04
Ar 3119  0.4085094E+02  0.3769541E+02  0.5116303E+02 -0.1117956E-04  0.1148888E-03 -0.1638602E-04
Ar 3120  0.3758645E+02  0.4076517E+02  0.5147583E+02  0.1770845E-05  0.2798430E-04 -0.8094051E-05
Ar 3121  0.3776528E+02  0.4341895E+02  0.7254633E-01 -0.3515366E-04  0.3417451E-04 -0.4295130E-04
Ar 3122  0.4044676E+02  0.4566456E+02  0.5394872E+02 -0.7791089E-05 -0.1080255E-04 -0.7747540E-04
Ar 3123  0.4044698E+02  0.4293182E+02  0.2441993E+01 -0.3708055E-04  0.2101790E-04  0.8153002E-04
Ar 3124  0.3760572E+02  0.4628967E+02  0.2674097E+01  0.4173610E-04  0.1281711E-04 -0.1957377E-04
Ar 3125  0.3766082E+02  0.4303439E+02  0.5110258E+01 -0.1922472E-04 -0.2157207E-04 -0.3785511E-04
Ar 3126  0.4049376E+02  0.4545233E+02  0.4748657E+01  0.3671335E-04 -0.3852337E-04  0.2255023E-04
Ar 3127  0.4006064E+02  0.4304144E+02  0.7805021E+01 -0.3151642E-04 -0.3288925E-04  0.4065507E-05
Ar 3128  0.3776529E+02  0.4580271E+02  0.7533366E+01 -0.1596467E-04  0.1118566E-03 -0.5234427E-04
Ar 3129  0.3774995E+02  0.4330247E+02  0.1043876E+02 -0.3909986E-04 -0.4786586E-04 -0.3352357E-04
Ar 3130  0.4037433E+02  0.4561787E+02  0.1046233E+02  0.4642880E-04 -0.8445924E-05  0.1113871E-04
Ar 3131  0.4035849E+02  0.4276438E+02  0.1332275E+02  0.5603172E-04  0.1250974E-04  0.7777675E-05
Ar 3132  0.3800540E+02  0.4573747E+02  0.1318673E+02  0.4736568E-04  0.3780783E-04 -0.3843644E-04
Ar 3133  0.3785303E+02  0.4287429E+02  0.1602926E+02 -0.1050357E-04 -0.3350275E-04  0.5657036E-04
Ar 3134  0.4045506E+02  0.4552088E+02  0.1591690E+02  0.2438465E-04 -0.4886687E-04 -0.1708215E-04
Ar 3135  0.4052257E+02  0.4304430E+02  0.1871154E+02 -0.4227972E-04 -0.9910643E-04 -0.6567307E-05
Ar 3136  0.3796882E+02  0.4575247E+02  0.1886859E+02 -0.7630735E-04  0.8807334E-05 -0.9160602E-04
Ar 3137  0.3772234E+02  0.4331290E+02  0.2149278E+02 -0.6121017E-04  0.1380414E-04 -0.8206395E-04
Ar 3138  0.4057542E+02  0.4547696E+02  0.2157781E+02  0.5206151E-05 -0.4429409E-04  0.2656333E-04
Ar 3139  0.4082683E+02  0.4277867E+02  0.2410168E+02 -0.3272498E-04  0.1116343E-04 -0.1313925E-04
Ar 3140  0.3811322E+02  0.4580676E+02  0.2422256E+02  0.7966465E-04  0.9753207E-04  0.3111351E-04
Ar 3141  0.3784018E+02  0.4282590E+02  0.2714550E+02 -0.4460994E-04  0.7951456E-04  0.3545667E-04
Ar 3142  0.4074822E+02  0.4539800E+02  0.2732290E+02  0.4711306E-04 -0.3553440E-05  0.1537554E-04
Ar 3143  0.4058644E+02  0.4268266E+02  0.3006865E+02  0.2714085E-04 -0.4871620E-04  0.8627171E-04
Ar 3144  0.3803274E+02  0.4566998E+02  0.2973727E+02 -0.6535808E-04  0.7781409E-05  0.3440235E-04
Ar 3145  0.3779332E+02  0.4314452E+02  0.3276269E+02 -0.4151878E-04 -0.1895589E-04  0.9482307E-04
Ar 3146  0.4070429E+02  0.4555073E+02  0.3244144E+02 -0.1030074E-04 -0.1602418E-04 -0.5479702E-04
Ar 3147  0.4051241E+02  0.4311919E+02  0.3536191E+02  0.5426189E-04 -0.6081879E-04 -0.7465202E-04
Ar 3148  0.3797942E+02  0.4608299E+02  0.3507612E+02 -0.1094467E-04 -0.3993274E-04  0.6572471E-04
Ar 3149  0.3780848E+02  0.4365635E+02  0.3786077E+02  0.5673073E-04 -0.3616403E-05  0.4492708E-04
Ar 3150  0.4044375E+02  0.4592099E+02  0.3822395E+02  0.1281915E-04 -0.4836347E-04  0.1040186E-04
Ar 3151  0.4042896E+02  0.4319245E+02  0.4050247E+02  0.9119991E-05 -0.8878206E-05 -0.1928061E-04
Ar 3152  0.3769826E+02  0.4615276E+02  0.4037481E+02  0.4475446E-04  0.8553188E-04  0.7723511E-06
Ar 3153  0.3824980E+02  0.4335458E+02  0.4326228E+02 -0.1292462E-04  0.1666496E-04  0.2649631E-04
Ar 3154  0.4064114E+02  0.4585435E+02  0.4290463E+02  0.5186589E-05  0.1151259E-04 -0.7499105E-04
Ar 3155  0.4058050E+02  0.4331622E+02  0.4578300E+02  0.1483317E-04 -0.4932828E-04 -0.2814816E-04
Ar 3156  0.3819190E+02  0.4590741E+02  0.4587347E+02  0.7208956E-05 -0.9031088E-04 -0.3434372E-04
Ar 3157  0.3770736E+02  0.4337001E+02  0.4861343E+02 -0.3083265E-04 -0.7263210E-04 -0.3674475E-04
Ar 3158  0.4060911E+02  0.4597343E+02  0.4890661E+02 -0.9672380E-05 -0.2630508E-05  0.2028466E-04
Ar 3159  0.4054660E+02  0.4333846E+02  0.5126218E+02 -0.5620293E-05  0.5243324E-04  0.3647816E-04
Ar 3160  0.3761491E+02  0.4617349E+02  0.5139997E+02  0.7290437E-04 -0.2900117E-04 -0.2902685E-04
Ar 3161  0.3792404E+02  0.4850839E+02  0.5397822E+02 -0.2943996E-04 -0.4017492E-04 -0.4511477E-05
Ar 3162  0.4052687E+02  0.5148499E+02  0.1601631E+00  0.5778815E-04 -0.5753188E-04  0.8283398E-05
Ar 3163  0.4052170E+02  0.4845572E+02  0.2615945E+01 -0.1564694E-04  0.2388107E-04 -0.5815630E-04
Ar 3164  0.3783690E+02  0.5146293E+02  0.2576130E+01 -0.1202062E-04  0.4784024E-04  0.1066856E-04
Ar 3165  0.3783108E+02  0.4879662E+02  0.5171323E+01  0.2715664E-04 -0.3280010E-04 -0.8706164E-04
Ar 3166  0.4066180E+02  0.5126490E+02  0.5096979E+01 -0.2890738E-04 -0.9881996E-05  0.1556440E-04
Ar 3167  0.4085104E+02  0.4840509E+02  0.7733226E+01  0.9059960E-04 -0.1929358E-04  0.1307054E-04
Ar 3168  0.3830105E+02  0.5098568E+02  0.7790510E+01  0.8505220E-04  0.3860722E-04  0.1019218E-03
Ar 3169  0.3777545E+02  0.4837131E+02  0.1059935E+02 -0.2192006E-04 -0.2248901E-04 -0.1847757E-04
Ar 3170  0.4079640E+02  0.5122961E+02  0.1051708E+02  0.1024077E-04  0.1335157E-04 -0.4325385E-04
Ar 3171  0.4065924E+02  0.4852921E+02  0.1316236E+02 -0.4982884E-05  0.7656949E-04 -0.7129110E-04
Ar 3172  0.3788403E+02  0.5091481E+02  0.1306547E+02  0.4018575E-04  0.1525792E-04 -0.2849264E-04
Ar 3173  0.3814291E+02  0.4841866E+02  0.1607870E+02 -0.2478036E-04 -0.5558367E-05  0.2797246E-04
Ar 3174  0.4051099E+02  0.5105034E+02  0.1604499E+02  0.4382489E-04 -0.3438126E-04 -0.3418405E-04
Ar 3175  0.4059946E+02  0.4829431E+02  0.1862516E+02 -0.2514012E-04  0.3862169E-04 -0.1278351E-03
Ar 3176  0.3764925E+02  0.5098050E+02  0.1863576E+02  0.4330764E-04 -0.2547072E-04 -0.5494511E-04
Ar 3177  0.3810664E+02  0.4848095E+02  0.2145670E+02  0.8588087E-05 -0.3670545E-04  0.5815718E-04
Ar 3178  0.4090740E+02  0.5096797E+02  0.2149123E+02 -0.7495717E-04  0.1049418E-04 -0.4240621E-04
Ar 3179  0.4058143E+02  0.4847592E+02  0.2435920E+02  0.2939686E-04  0.4754709E-04  0.9267345E-04
Ar 3180  0.3776201E+02  0.5088494E+02  0.2431871E+02 -0.4823464E-04  0.4133707E-04  0.1946209E-04
Ar 3181  0.3810310E+02  0.4836899E+02  0.2698273E+02  0.6562831E-05  0.6596279E-04  0.5309227E-05
Ar 3182  0.4063183E+02  0.5112226E+02  0.2701849E+02  0.1155849E-05  0.8113744E-04 -0.1078050E-03
Ar 3183  0.4044520E+02  0.4865194E+02  0.2979441E+02  0.4918075E-04 -0.8953993E-04 -0.2503195E-04
Ar 3184  0.3789336E+02  0.5123787E+02  0.2961966E+02 -0.2786783E-04  0.1452824E-05 -0.2126743E-04
Ar 3185  0.3812924E+02  0.4874977E+02  0.3246880E+02  0.6393248E-04 -0.2797168E-04  0.7436152E-05
Ar 3186  0.4066031E+02  0.5133783E+02  0.3258578E+02  0.1162081E-05  0.1445660E-04 -0.4832657E-04
Ar 3187  0.4057928E+02  0.4835546E+02  0.3522112E+02  0.1197532E-04  0.1939450E-04 -0.2375734E-04
Ar 3188  0.3781501E+02  0.5090281E+02  0.3518423E+02 -0.5417320E-04  0.4115921E-04 -0.2319195E-04
Ar 3189  0.3755039E+02  0.4865110E+02  0.3792248E+02  0.3357538E-06 -0.7198732E-05  0.5790149E-04
Ar 3190  0.4053492E+02  0.5111309E+02  0.3791210E+02 -0.2066726E-04 -0.7119162E-04  0.4672258E-04
Ar 3191  0.4035480E+02  0.4873966E+02  0.4045189E+02 -0.1745748E-05 -0.2540656E-04 -0.7272249E-04
Ar 3192  0.3787884E+02  0.5151355E+02  0.4077283E+02  0.2193772E-05  0.2815505E-04  0.1040820E-04
Ar 3193  0.3785144E+02  0.4877652E+02  0.4343147E+02  0.4025320E-04 -0.5378861E-04  0.6261010E-05
Ar 3194  0.4076495E+02  0.5114688E+02  0.4312217E+02 -0.1563771E-04  0.4777905E-04 -0.1957037E-04
Ar 3195  0.4044116E+02  0.4850599E+02  0.4612643E+02  0.1533583E-04  0.2602829E-05  0.6497684E-04
Ar 3196  0.3774283E+02  0.5131421E+02  0.4606081E+02  0.4986736E-04  0.2142659E-04  0.6648282E-04
Ar 3197  0.3760808E+02  0.4869706E+02  0.4852804E+02  0.4811983E-04  0.3540219E-05  0.6164548E-04
Ar 3198  0.4058116E+02  0.5135584E+02  0.4872786E+02 -0.2015903E-04 -0.1904446E-05 -0.9921739E-06
Ar 3199  0.4063006E+02  0.4911404E+02  0.5150880E+02 -0.4833268E-04  0.6054071E-04  0.6890410E-05
Ar 3200  0.3788248E+02  0.5144684E+02  0.5146628E+02  0.2511511E-04 -0.3721847E-04 -0.4939035E-04
Ar 3201  0.4325990E+02  0.2522468E+00  0.7461863E-01  0.1583114E-04  0.9488434E-04  0.4668890E-04
Ar 3202  0.4629998E+02  0.2806934E+01  0.5383236E+02  0.5855419E-04 -0.5542339E-04 -0.2627685E-04
Ar 3203  0.4588841E+02  0.2428126E+00  0.2414215E+01 -0.7197191E-04 -0.6543110E-04  0.4365028E-04
Ar 3204  0.4310621E+02  0.2693108E+01  0.3062480E+01  0.3149733E-04 -0.9251465E-04 -0.6721979E-04
Ar 3205  0.4317667E+02  0.5375981E+02  0.5303307E+01  0.1394715E-05  0.8223230E-04  0.1449187E-04
Ar 3206  0.4592025E+02  0.2445500E+01  0.5551087E+01  0.1288834E-04  0.1580256E-05  0.1162120E-04
Ar 3207  0.4598274E+02  0.5374312E+02  0.8046229E+01  0.2088660E-05  0.4958094E-04  0.4716800E-04
Ar 3208  0.4309674E+02  0.2854267E+01  0.8117173E+01 -0.4816937E-04 -0.1492153E-05 -0.7919197E-04
Ar 3209  0.4319057E+02  0.5381307E+02  0.1039675E+02  0.1950094E-04 -0.1242673E-04  0.1307592E-03
Ar 3210  0.4608098E+02  0.2263843E+01  0.1068317E+02  0.2045272E-04 -0.3121444E-04  0.6777449E-04
Ar 3211  0.4620032E+02  0.5377475E+02  0.1349364E+02  0.2166827E-04  0.1698875E-05  0.2077627E-04
Ar 3212  0.4306101E+02  0.2598380E+01  0.1316493E+02  0.2721968E-04  0.7646118E-04  0.5226613E-04
Ar 3213  0.4314051E+02  0.5373831E+02  0.1641574E+02  0.8980937E-04  0.9425501E-06 -0.1332662E-05
Ar 3214  0.4579158E+02  0.2147602E+01  0.1594160E+02 -0.4152020E-05  0.1033255E-04  0.1261783E-04
Ar 3215  0.4603165E+02  0.9100602E-02  0.1874144E+02 -0.2542609E-04 -0.6846924E-04  0.5579683E-04
Ar 3216  0.4348181E+02  0.2599417E+01  0.1870159E+02 -0.1807671E-04 -0.1019967E-03 -0.2196897E-04
Ar 3217  0.4358647E+02  0.1480497E-01  0.2176852E+02 -0.1706715E-04  0.1491107E-04  0.7915565E-05
Ar 3218  0.4628775E+02  0.2692485E+01  0.2118906E+02  0.8260082E-04 -0.1354771E-05  0.5095774E-06
Ar 3219  0.4624559E+02  0.5389095E+02  0.2419012E+02  0.3330439E-04 -0.4947001E-04  0.4133570E-04
Ar 3220  0.4345130E+02  0.2687815E+01  0.2419283E+02  0.1193645E-03 -0.5539106E-04 -0.6568394E-05
Ar 3221  0.4292117E+02  0.5383798E+02  0.2702635E+02 -0.3873603E-04  0.7460849E-04  0.7769403E-05
Ar 3222  0.4595270E+02  0.2644585E+01  0.2711733E+02 -0.3491343E-04  0.6804847E-05 -0.7160492E-04
Ar 3223  0.4613197E+02  0.5350536E+02  0.3000042E+02 -0.3233239E-04 -0.1605081E-04 -0.6231236E-04
Ar 3224  0.4338338E+02  0.2544370E+01  0.2999820E+02  0.1573885E-04 -0.3289453E-04 -0.7102897E-05
Ar 3225  0.4331357E+02  0.5376220E+02  0.3252302E+02  0.7785287E-04 -0.2099228E-04  0.2736662E-04
Ar 3226  0.4601437E+02  0.2146532E+01  0.3254296E+02  0.2042472E-04  0.2291048E-05 -0.1497115E-04
Ar 3227  0.4584061E+02  0.5390897E+02  0.3543480E+02  0.3000571E-04  0.1568717E-04 -0.3474476E-04
Ar 3228  0.4321624E+02  0.2624831E+01  0.3500568E+02  0.5651170E-04 -0.4766445E-04 -0.3184810E-04
Ar 3229  0.4313283E+02  0.5389937E+02  0.3778906E+02 -0.5947127E-04 -0.3067263E-05  0.5619204E-04
Ar 3230  0.4576355E+02  0.2801430E+01  0.3769735E+02  0.2886178E-04  0.2569007E-04 -0.3186822E-04
Ar 3231  0.4582483E+02  0.5388364E+02  0.4043482E+02 -0.5725015E-05 -0.3264045E-04  0.1806727E-04
Ar 3232  0.4317184E+02  0.2601898E+01  0.4066921E+02  0.2140705E-04 -0.9308616E-06  0.5079908E-04
Ar 3233  0.4339554E+02  0.5396568E+02  0.4331919E+02 -0.1166060E-04  0.1915425E-04 -0.3545777E-05
Ar 3234  0.4588895E+02  0.2474817E+01  0.4289876E+02  0.1399499E-04  0.2849444E-05 -0.1804463E-04
Ar 3235  0.4598716E+02  0.5385601E+02  0.4591264E+02 -0.2775384E-04  0.2499267E-04  0.3096155E-04
Ar 3236  0.4309720E+02  0.2537792E+01  0.4589967E+02 -0.4293072E-04 -0.1045827E-04 -0.3827071E-04
Ar 3237  0.4314252E+02  0.5399821E+02  0.4849358E+02 -0.1111670E-04 -0.7697713E-05 -0.4048419E-04
Ar 3238  0.4578187E+02  0.2779803E+01  0.4860373E+02 -0.9865396E-04  0.2911517E-04 -0.3898096E-04
Ar 3239  0.4565666E+02  0.9214773E-01  0.5119450E+02 -0.2716740E-05 -0.1530448E-04  0.5647467E-04
Ar 3240  0.4298231E+02  0.2690439E+01  0.5089815E+02 -0.4361039E-04 -0.2120346E-05 -0.6819081E-04
Ar 3241  0.4309212E+02  0.5061178E+01  0.5399713E+02  0.2348901E-04 -0.1323097E-04 -0.9059605E-05
Ar 3242  0.4605817E+02  0.7565725E+01  0.5399970E+02  0.4458221E-04  0.3477789E-04 -0.9650566E-04
Ar 3243  0.4593078E+02  0.4966563E+01  0.2698670E+01  0.2911371E-04  0.5360453E-04  0.7994112E-04
Ar 3244  0.4327273E+02  0.7545176E+01  0.2532752E+01  0.4841849E-04 -0.6134487E-04 -0.4266677E-04
Ar 3245  0.4328619E+02  0.5467137E+01  0.5514957E+01  0.3547770E-05 -0.2934731E-04 -0.8703843E-05
Ar 3246  0.4581121E+02  0.7931509E+01  0.5455661E+01 -0.1785693E-05  0.3815372E-04  0.8402579E-04
Ar 3247  0.4596567E+02  0.5295414E+01  0.7975327E+01 -0.9988554E-05  0.3865796E-04 -0.4924179E-04
Ar 3248  0.4331941E+02  0.7648137E+01  0.8297736E+01 -0.7241526E-04 -0.8960235E-04  0.3506743E-04
Ar 3249  0.4319197E+02  0.5224540E+01  0.1072085E+02  0.6511351E-04 -0.2647665E-04  0.1210993E-03
Ar 3250  0.4595447E+02  0.8028314E+01  0.1056839E+02 -0.8075172E-04 -0.3400161E-04 -0.7672379E-05
Ar 3251  0.4581912E+02  0.4798564E+01  0.1345813E+02 -0.8812122E-04 -0.1382006E-04 -0.7088270E-04
Ar 3252  0.4323310E+02  0.7780590E+01  0.1317873E+02 -0.4816457E-04 -0.2700219E-04  0.5583663E-04
Ar 3253  0.4350352E+02  0.4714440E+01  0.1601551E+02  0.4496609E-04  0.3802003E-04  0.9383661E-05
Ar 3254  0.4586046E+02  0.7923725E+01  0.1602138E+02  0.1897785E-04 -0.4207917E-04 -0.8108570E-05
Ar 3255  0.4611795E+02  0.5450373E+01  0.1904097E+02  0.5085893E-04 -0.3195022E-04 -0.1639303E-04
Ar 3256  0.4345262E+02  0.7740065E+01  0.1886666E+02 -0.9370031E-04 -0.3977427E-04  0.4434237E-04
Ar 3257  0.4353795E+02  0.5242752E+01  0.2167166E+02  0.3263156E-04 -0.3058558E-04  0.1742713E-06
Ar 3258  0.4580761E+02  0.8109489E+01  0.2144887E+02  0.4738193E-04  0.5939104E-04 -0.2223206E-04
Ar 3259  0.4632099E+02  0.5475311E+01  0.2422041E+02  0.3245751E-04  0.2072817E-04 -0.1446078E-04
Ar 3260  0.4316765E+02  0.8035624E+01  0.2444413E+02 -0.3486246E-04  0.8878020E-04  0.1353888E-04
Ar 3261  0.4300218E+02  0.5427113E+01  0.2690134E+02 -0.2534157E-04 -0.9138530E-05  0.4177849E-04
Ar 3262  0.4581588E+02  0.7800956E+01  0.2715291E+02 -0.7884979E-04  0.4533450E-04 -0.3578931E-05
Ar 3263  0.4587408E+02  0.5550606E+01  0.2991641E+02 -0.3488140E-04 -0.7225976E-05 -0.2749467E-04
Ar 3264  0.4312683E+02  0.8076351E+01  0.2996326E+02  0.1916444E-04 -0.8943887E-04  0.3318443E-04
Ar 3265  0.4307202E+02  0.5382560E+01  0.3259407E+02  0.7551754E-04 -0.6696047E-04  0.2952936E-04
Ar 3266  0.4581792E+02  0.8197746E+01  0.3263862E+02  0.5542991E-05  0.3744976E-04 -0.2329792E-04
Ar 3267  0.4575572E+02  0.5554627E+01  0.3500408E+02 -0.2780803E-04 -0.6651047E-04 -0.5137541E-04
Ar 3268  0.4312825E+02  0.8171538E+01  0.3537425E+02 -0.2294236E-04 -0.4795626E-04  0.5768421E-04
Ar 3269  0.4292850E+02  0.5274547E+01  0.3793689E+02 -0.3657696E-04  0.4543726E-04  0.1063842E-03
Ar 3270  0.4580242E+02  0.8053030E+01  0.3768479E+02  0.3139127E-04 -0.6554137E-05  0.5472204E-04
Ar 3271  0.4590422E+02  0.5241559E+01  0.4065521E+02  0.3735826E-04 -0.3859932E-04  0.1798642E-05
Ar 3272  0.4327817E+02  0.8070864E+01  0.4036617E+02 -0.5019366E-04  0.1249431E-04 -0.9011033E-05
Ar 3273  0.4295272E+02  0.5439773E+01  0.4299127E+02  0.6081933E-05 -0.7030727E-04 -0.1713822E-04
Ar 3274  0.4585008E+02  0.8072376E+01  0.4314362E+02 -0.1672013E-04 -0.3236429E-04  0.8449465E-04
Ar 3275  0.4566620E+02  0.5323168E+01  0.4581017E+02 -0.3088967E-04 -0.3546921E-04  0.4222606E-04
Ar 3276  0.4308298E+02  0.8300261E+01  0.4583866E+02  0.3427688E-04  0.6427767E-04 -0.3117826E-04
Ar 3277  0.4297509E+02  0.5444724E+01  0.4853089E+02  0.1620598E-05 -0.4881444E-05  0.1188366E-04
Ar 3278  0.4577197E+02  0.7993991E+01  0.4850524E+02  0.7195407E-04 -0.7942093E-05  0.2262172E-04
Ar 3279  0.4588786E+02  0.5296091E+01  0.5114677E+02  0.8300260E-04  0.4068848E-04  0.1623829E-04
Ar 3280  0.4290965E+02  0.7586984E+01  0.5112317E+02  0.6091142E-04  0.9254714E-04 -0.2393819E-04
Ar 3281  0.4350950E+02  0.1027859E+02  0.1226000E+00  0.5247045E-04 -0.5393170E-04  0.6339022E-04
Ar 3282  0.4610748E+02  0.1348976E+02  0.5370161E+02 -0.2743398E-04 -0.3955115E-04 -0.1752779E-04
Ar 3283  0.4600354E+02  0.1031329E+02  0.2828035E+01  0.7670721E-04  0.5384730E-04 -0.5951664E-04
Ar 3284  0.4362435E+02  0.1300423E+02  0.2386746E+01  0.9465969E-04  0.4338173E-04  0.5434964E-04
Ar 3285  0.4343385E+02  0.1053507E+02  0.5376752E+01  0.3471223E-04 -0.3477308E-04  0.4862751E-04
Ar 3286  0.4587802E+02  0.1307059E+02  0.5281051E+01  0.3026293E-04 -0.1275829E-05 -0.3310751E-04
Ar 3287  0.4612218E+02  0.1051379E+02  0.8069793E+01 -0.1990089E-04 -0.1062528E-03 -0.2632990E-05
Ar 3288  0.4335963E+02  0.1317692E+02  0.7926096E+01  0.6311833E-05 -0.1564903E-04  0.9691220E-04
Ar 3289  0.4315305E+02  0.1043796E+02  0.1058099E+02 -0.3312991E-06  0.3345676E-04  0.5386394E-04
Ar 3290  0.4575968E+02  0.1313998E+02  0.1055952E+02 -0.3814909E-04  0.5870732E-04 -0.6358490E-04
Ar 3291  0.4559893E+02  0.1039517E+02  0.1358327E+02 -0.5863580E-04  0.1395378E-04 -0.3247987E-04
Ar 3292  0.4305552E+02  0.1304916E+02  0.1349335E+02  0.5068399E-04  0.4404529E-04  0.4072935E-04
Ar 3293  0.4302456E+02  0.1095527E+02  0.1630009E+02 -0.6206262E-04 -0.5976916E-05 -0.9400490E-04
Ar 3294  0.4564420E+02  0.1337515E+02  0.1617304E+02  0.3862828E-04 -0.7915090E-04  0.3657200E-04
Ar 3295  0.4594671E+02  0.1072363E+02  0.1872413E+02  0.5592791E-04 -0.6121416E-04  0.3767097E-04
Ar 3296  0.4276010E+02  0.1378314E+02  0.1889235E+02 -0.6400247E-04  0.2929050E-04  0.4085296E-04
Ar 3297  0.4321425E+02  0.1069287E+02  0.2154192E+02 -0.1979491E-04 -0.6821069E-04  0.1386507E-03
Ar 3298  0.4584648E+02  0.1318473E+02  0.2144534E+02  0.3533191E-04  0.1113425E-03 -0.1474335E-04
Ar 3299  0.4593153E+02  0.1044543E+02  0.2424529E+02 -0.7256265E-04 -0.1047710E-04  0.7735127E-05
Ar 3300  0.4310497E+02  0.1359421E+02  0.2444884E+02  0.4534447E-04 -0.1315382E-04 -0.1444454E-04
Ar 3301  0.4322811E+02  0.1079164E+02  0.2716892E+02  0.1027266E-03  0.2798793E-04 -0.3621470E-04
Ar 3302  0.4585446E+02  0.1319381E+02  0.2688186E+02  0.6788875E-04 -0.8872017E-04 -0.2497674E-04
Ar 3303  0.4583987E+02  0.1061274E+02  0.2984335E+02 -0.2364866E-04 -0.7101395E-04 -0.5348883E-04
Ar 3304  0.4287284E+02  0.1359150E+02  0.2943908E+02 -0.7837796E-07 -0.1964377E-04 -0.1267766E-04
Ar 3305  0.4327059E+02  0.1088479E+02  0.3262097E+02 -0.5862832E-06  0.3135240E-04  0.4176286E-04
Ar 3306  0.4599759E+02  0.1335896E+02  0.3248159E+02 -0.4433802E-04  0.6657889E-04  0.3459647E-04
Ar 3307  0.4580806E+02  0.1065006E+02  0.3546150E+02 -0.1687740E-04  0.3067527E-04 -0.1911038E-04
Ar 3308  0.4321323E+02  0.1326184E+02  0.3536261E+02 -0.2491194E-04 -0.7136110E-04  0.2726385E-04
Ar 3309  0.4308523E+02  0.1074459E+02  0.3802918E+02  0.2230786E-04  0.2590920E-04  0.2074816E-04
Ar 3310  0.4570274E+02  0.1338676E+02  0.3803836E+02 -0.8094298E-05 -0.8766589E-05 -0.9701931E-05
Ar 3311  0.4598757E+02  0.1066888E+02  0.4062438E+02 -0.5408939E-04 -0.4462835E-04 -0.2537861E-04
Ar 3312  0.4306316E+02  0.1318237E+02  0.4072233E+02 -0.7295527E-04  0.4457637E-04  0.4328947E-04
Ar 3313  0.4311733E+02  0.1077775E+02  0.4312237E+02  0.8712319E-05  0.6325266E-04 -0.2455025E-04
Ar 3314  0.4611933E+02  0.1346394E+02  0.4298889E+02 -0.1812727E-04  0.6354168E-04  0.3984860E-04
Ar 3315  0.4603864E+02  0.1061808E+02  0.4572840E+02 -0.3572235E-04 -0.2505179E-04  0.1284846E-04
Ar 3316  0.4320029E+02  0.1316961E+02  0.4601113E+02 -0.3880435E-05  0.1333650E-04 -0.1176903E-03
Ar 3317  0.4311947E+02  0.1057296E+02  0.4891226E+02  0.2683560E-04  0.6223633E-04 -0.8263129E-04
Ar 3318  0.4565071E+02  0.1337397E+02  0.4864492E+02  0.6011190E-05 -0.6935647E-04  0.4151262E-04
Ar 3319  0.4603625E+02  0.1048926E+02  0.5126778E+02 -0.6223736E-04  0.5900640E-04  0.7427836E-05
Ar 3320  0.4341667E+02  0.1319310E+02  0.5143366E+02  0.4526502E-04 -0.5480218E-05  0.6951163E-05
Ar 3321  0.4337644E+02  0.1628071E+02  0.7043489E-02 -0.4333663E-04 -0.8962172E-04 -0.3797412E-04
Ar 3322  0.4608097E+02  0.1886237E+02  0.3163723E-01  0.6893303E-04  0.9709906E-04  0.1367320E-04
Ar 3323  0.4595582E+02  0.1601293E+02  0.2909853E+01 -0.7464477E-04 -0.4155765E-04 -0.8868297E-04
Ar 3324  0.4325502E+02  0.1868799E+02  0.2698563E+01  0.1756257E-04  0.3615917E-06 -0.6319608E-04
Ar 3325  0.4308692E+02  0.1615715E+02  0.5300912E+01  0.3676605E-04  0.7908537E-04  0.2472946E-04
Ar 3326  0.4568695E+02  0.1838039E+02  0.5585409E+01 -0.7717980E-04 -0.1769729E-04 -0.7648851E-04
Ar 3327  0.4621071E+02  0.1608121E+02  0.8295419E+01 -0.5621014E-04  0.2491582E-04 -0.1653479E-04
Ar 3328  0.4325286E+02  0.1862842E+02  0.8259585E+01  0.6953572E-05  0.2678006E-04 -0.8506364E-05
Ar 3329  0.4306484E+02  0.1580597E+02  0.1089135E+02 -0.2624361E-04  0.5513561E-04 -0.7449486E-05
Ar 3330  0.4592702E+02  0.1862010E+02  0.1065333E+02  0.7991886E-04 -0.3986620E-04 -0.2032904E-04
Ar 3331  0.4585434E+02  0.1567460E+02  0.1330949E+02  0.4327506E-04  0.8074904E-04 -0.4237192E-04
Ar 3332  0.4315041E+02  0.1846883E+02  0.1334605E+02  0.3820471E-04 -0.3415734E-05 -0.4013212E-04
Ar 3333  0.4292636E+02  0.1610370E+02  0.1589850E+02 -0.5664993E-04  0.5894842E-04 -0.5849895E-04
Ar 3334  0.4585504E+02  0.1868621E+02  0.1606169E+02  0.4751170E-04  0.3220656E-04 -0.1301808E-04
Ar 3335  0.4608998E+02  0.1566521E+02  0.1873162E+02  0.3698510E-04 -0.4633941E-04  0.1722526E-04
Ar 3336  0.4302142E+02  0.1847727E+02  0.1881902E+02  0.5875696E-05 -0.5867128E-04 -0.3341409E-05
Ar 3337  0.4326247E+02  0.1623693E+02  0.2177018E+02 -0.9911292E-04 -0.3918321E-04 -0.3394422E-04
Ar 3338  0.4567227E+02  0.1904667E+02  0.2164953E+02 -0.8213048E-05 -0.6206843E-04 -0.5308994E-04
Ar 3339  0.4605856E+02  0.1619769E+02  0.2426887E+02 -0.8325458E-04  0.4775104E-04  0.7412101E-04
Ar 3340  0.4332040E+02  0.1871370E+02  0.2460604E+02 -0.4082972E-04 -0.1467085E-04 -0.2739266E-04
Ar 3341  0.4347052E+02  0.1617727E+02  0.2700644E+02 -0.6679746E-04  0.9450520E-04  0.1777795E-04
Ar 3342  0.4613318E+02  0.1863879E+02  0.2720203E+02 -0.2401112E-04 -0.8543169E-04 -0.4229503E-05
Ar 3343  0.4585849E+02  0.1584709E+02  0.2975691E+02  0.9900666E-04 -0.3724345E-04  0.1497841E-04
Ar 3344  0.4342785E+02  0.1871931E+02  0.2983363E+02 -0.6937506E-05 -0.7840770E-04 -0.4594252E-04
Ar 3345  0.4336545E+02  0.1601156E+02  0.3240549E+02  0.2120238E-04  0.2758396E-04  0.3639741E-05
Ar 3346  0.4605412E+02  0.1844961E+02  0.3237833E+02  0.6426558E-04 -0.5269435E-05  0.1023265E-03
Ar 3347  0.4597384E+02  0.1613220E+02  0.3530658E+02  0.1137211E-04  0.6030209E-04  0.6116580E-04
Ar 3348  0.4329724E+02  0.1864240E+02  0.3509420E+02  0.9357191E-04 -0.5941491E-04 -0.1346400E-04
Ar 3349  0.4322567E+02  0.1580563E+02  0.3771213E+02  0.1454453E-06 -0.2984248E-04 -0.2653166E-04
Ar 3350  0.4623227E+02  0.1879286E+02  0.3780209E+02  0.7281550E-04  0.6694883E-04 -0.3744107E-04
Ar 3351  0.4566681E+02  0.1619714E+02  0.4035515E+02  0.6433980E-04 -0.3516348E-04  0.3325409E-04
Ar 3352  0.4324349E+02  0.1910414E+02  0.4049514E+02 -0.5351392E-04 -0.1062483E-04 -0.8714781E-04
Ar 3353  0.4319252E+02  0.1603090E+02  0.4319749E+02 -0.2033062E-04  0.3052109E-04  0.8825515E-05
Ar 3354  0.4579824E+02  0.1857054E+02  0.4335450E+02  0.3139291E-04 -0.5807566E-04 -0.2547471E-04
Ar 3355  0.4578040E+02  0.1591778E+02  0.4606809E+02 -0.1565289E-04 -0.6336436E-04 -0.3744394E-04
Ar 3356  0.4286857E+02  0.1857159E+02  0.4598534E+02 -0.9476708E-04  0.3264988E-05 -0.1866331E-04
Ar 3357  0.4299698E+02  0.1568964E+02  0.4874310E+02  0.2112374E-04  0.3612967E-04 -0.7884397E-04
Ar 3358  0.4580169E+02  0.1891334E+02  0.4848990E+02 -0.3912806E-04  0.2043419E-04  0.5107790E-04
Ar 3359  0.4574623E+02  0.1626602E+02  0.5093924E+02  0.5827215E-04  0.2873607E-04  0.1704930E-04
Ar 3360  0.4307611E+02  0.1878570E+02  0.5146996E+02  0.5146981E-04  0.8437410E-04 -0.5942976E-04
Ar 3361  0.4307007E+02  0.2133187E+02  0.1104236E+00  0.7817126E-04  0.6015563E-04  0.2039196E-04
Ar 3362  0.4574382E+02  0.2377079E+02  0.5187332E-02  0.1709320E-04  0.2398318E-04  0.9049631E-05
Ar 3363  0.4578053E+02  0.2096683E+02  0.3254972E+01 -0.7049885E-05  0.3653568E-04  0.2146266E-04
Ar 3364  0.4281525E+02  0.2390245E+02  0.2541593E+01  0.2062876E-04 -0.5219862E-04 -0.3845083E-04
Ar 3365  0.4312790E+02  0.2133895E+02  0.5696254E+01 -0.4802677E-04 -0.6083354E-04 -0.1291307E-03
Ar 3366  0.4545537E+02  0.2397945E+02  0.5182131E+01  0.7490485E-04 -0.4612331E-04 -0.1380814E-03
Ar 3367  0.4583980E+02  0.2102646E+02  0.8006194E+01 -0.3015785E-04 -0.1288077E-04 -0.7850414E-04
Ar 3368  0.4303296E+02  0.2415623E+02  0.7753426E+01  0.7813483E-05  0.6250230E-04  0.2104223E-04
Ar 3369  0.4305626E+02  0.2156506E+02  0.1045333E+02  0.6018531E-04 -0.5420976E-05 -0.1652945E-04
Ar 3370  0.4583687E+02  0.2408386E+02  0.1090985E+02  0.6521211E-04 -0.1710880E-04  0.7776178E-04
Ar 3371  0.4575601E+02  0.2135294E+02  0.1324622E+02  0.4837893E-04 -0.1075303E-04  0.1368609E-04
Ar 3372  0.4284172E+02  0.2381693E+02  0.1335363E+02  0.7458758E-04 -0.3410475E-04  0.3288573E-04
Ar 3373  0.4326157E+02  0.2131118E+02  0.1607378E+02 -0.2005845E-04 -0.3727681E-04  0.5599330E-04
Ar 3374  0.4574063E+02  0.2404249E+02  0.1587776E+02 -0.2302469E-04  0.2543873E-04 -0.4300642E-05
Ar 3375  0.4559746E+02  0.2147383E+02  0.1884915E+02  0.4277219E-04  0.1578277E-04  0.6377974E-04
Ar 3376  0.4321888E+02  0.2438274E+02  0.1846420E+02  0.1047139E-04  0.8677862E-05 -0.4722002E-05
Ar 3377  0.4308770E+02  0.2171096E+02  0.2167848E+02  0.2379954E-04 -0.4056153E-04  0.4294130E-04
Ar 3378  0.4597774E+02  0.2392042E+02  0.2142769E+02  0.1459033E-05  0.4879017E-04  0.3808893E-05
Ar 3379  0.4583758E+02  0.2127263E+02  0.2436460E+02 -0.3248172E-04  0.5211666E-04  0.1171707E-04
Ar 3380  0.4333997E+02  0.2413378E+02  0.2426132E+02 -0.5233126E-04 -0.6504622E-04  0.2652088E-05
Ar 3381  0.4336596E+02  0.2129866E+02  0.2710014E+02 -0.1016122E-03  0.4921873E-04 -0.7977832E-04
Ar 3382  0.4547412E+02  0.2413138E+02  0.2714053E+02 -0.6637688E-05  0.2833908E-04  0.1025380E-04
Ar 3383  0.4623863E+02  0.2149562E+02  0.2937286E+02 -0.4813711E-04 -0.1820607E-04  0.6088307E-04
Ar 3384  0.4305567E+02  0.2438695E+02  0.2990731E+02 -0.8750263E-04  0.3329488E-04  0.3742206E-04
Ar 3385  0.4344600E+02  0.2133185E+02  0.3235695E+02  0.1061409E-04 -0.1314051E-04 -0.8220671E-04
Ar 3386  0.4587453E+02  0.2408689E+02  0.3240693E+02 -0.1115631E-05  0.1392212E-05 -0.5124337E-04
Ar 3387  0.4602172E+02  0.2106215E+02  0.3516076E+02  0.4778024E-04  0.1250968E-04 -0.2554638E-04
Ar 3388  0.4347197E+02  0.2403899E+02  0.3511019E+02  0.2076210E-05  0.4598934E-04 -0.7669284E-04
Ar 3389  0.4333111E+02  0.2169473E+02  0.3800427E+02 -0.2214134E-04  0.4646629E-04 -0.9447875E-04
Ar 3390  0.4606986E+02  0.2404637E+02  0.3780567E+02 -0.2759376E-04  0.1445347E-04  0.2255591E-04
Ar 3391  0.4604013E+02  0.2145910E+02  0.4070631E+02  0.4872627E-04 -0.3858362E-04 -0.2061109E-04
Ar 3392  0.4327711E+02  0.2410600E+02  0.4044710E+02  0.3263980E-05  0.7840645E-04  0.3428608E-04
Ar 3393  0.4305287E+02  0.2143486E+02  0.4327554E+02  0.1080423E-04 -0.4492593E-06  0.2505602E-04
Ar 3394  0.4599689E+02  0.2393174E+02  0.4336745E+02 -0.4725949E-04  0.2520509E-04 -0.1385943E-04
Ar 3395  0.4572909E+02  0.2127242E+02  0.4594070E+02 -0.1917902E-04 -0.3386869E-04  0.2649519E-04
Ar 3396  0.4290762E+02  0.2402599E+02  0.4576038E+02  0.8101731E-04  0.3904474E-04 -0.7617813E-04
Ar 3397  0.4291364E+02  0.2111828E+02  0.4839610E+02  0.2573786E-04 -0.7710371E-04 -0.9428811E-04
Ar 3398  0.4563537E+02  0.2411430E+02  0.4852367E+02 -0.3323281E-04  0.4408042E-04  0.8696842E-05
Ar 3399  0.4600102E+02  0.2147271E+02  0.5123119E+02 -0.5446408E-05  0.1805691E-04 -0.5908590E-04
Ar 3400  0.4319598E+02  0.2361672E+02  0.5127238E+02 -0.8307472E-05 -0.8636197E-04  0.5540463E-04
Ar 3401  0.4299340E+02  0.2670958E+02  0.5378594E+02  0.5917284E-04  0.3319689E-05 -0.1209624E-04
Ar 3402  0.4604644E+02  0.2960023E+02  0.5375896E+02  0.5591976E-05  0.7365775E-04 -0.4812822E-04
Ar 3403  0.4542734E+02  0.2666047E+02  0.2524171E+01  0.2940305E-04 -0.1045308E-04  0.6601349E-04
Ar 3404  0.4285221E+02  0.2973423E+02  0.2976295E+01  0.7904621E-04 -0.4573147E-04 -0.4316956E-04
Ar 3405  0.4306791E+02  0.2689774E+02  0.5094495E+01 -0.8662547E-05  0.8457566E-05  0.5440982E-04
Ar 3406  0.4560862E+02  0.2950480E+02  0.5403984E+01  0.1327909E-04 -0.2055638E-04 -0.3484148E-04
Ar 3407  0.4575103E+02  0.2667152E+02  0.8101809E+01  0.5457798E-04 -0.2501067E-04 -0.9393704E-04
Ar 3408  0.4320933E+02  0.2949328E+02  0.7998271E+01  0.3188700E-05 -0.6395215E-04  0.8727626E-04
Ar 3409  0.4312670E+02  0.2681711E+02  0.1068695E+02  0.8603586E-05 -0.3911112E-04 -0.5990971E-04
Ar 3410  0.4570288E+02  0.2948944E+02  0.1111977E+02 -0.4100485E-04 -0.2509026E-04 -0.1655321E-04
Ar 3411  0.4594731E+02  0.2677318E+02  0.1362510E+02  0.3526423E-04 -0.9948572E-05 -0.5037012E-04
Ar 3412  0.4317477E+02  0.2951667E+02  0.1351864E+02  0.1306653E-04  0.2199558E-04 -0.3713484E-04
Ar 3413  0.4286724E+02  0.2680977E+02  0.1586140E+02 -0.1462720E-06 -0.1509140E-04  0.5332199E-04
Ar 3414  0.4585799E+02  0.2978849E+02  0.1612905E+02 -0.2876648E-04  0.2572110E-04 -0.3463551E-04
Ar 3415  0.4592448E+02  0.2669279E+02  0.1827455E+02 -0.1585477E-04 -0.3641504E-04  0.2036376E-04
Ar 3416  0.4302995E+02  0.2978538E+02  0.1866546E+02  0.8881018E-05 -0.4168478E-04 -0.3460122E-04
Ar 3417  0.4322014E+02  0.2663823E+02  0.2156418E+02  0.8981638E-05  0.3524251E-04 -0.1053200E-03
Ar 3418  0.4554240E+02  0.2936059E+02  0.2154230E+02 -0.2290068E-04 -0.4392191E-04  0.4438339E-04
Ar 3419  0.4578445E+02  0.2684365E+02  0.2417528E+02 -0.4505569E-05  0.2405161E-04  0.2317344E-04
Ar 3420  0.4320043E+02  0.2979964E+02  0.2427137E+02 -0.3247345E-04  0.3483911E-04  0.7817444E-04
Ar 3421  0.4328401E+02  0.2707799E+02  0.2670874E+02 -0.2403788E-04  0.2335093E-04  0.1521064E-04
Ar 3422  0.4588597E+02  0.2955171E+02  0.2674335E+02 -0.1866219E-04 -0.4454841E-05 -0.4338521E-04
Ar 3423  0.4580856E+02  0.2696134E+02  0.2962578E+02 -0.3584253E-05  0.6646060E-04  0.2879870E-04
Ar 3424  0.4284665E+02  0.2902751E+02  0.2947706E+02 -0.1195020E-04  0.9768532E-05  0.6368089E-05
Ar 3425  0.4330318E+02  0.2680572E+02  0.3242730E+02 -0.2624621E-04 -0.1923195E-04  0.3542470E-06
Ar 3426  0.4585424E+02  0.2967998E+02  0.3241182E+02 -0.1126485E-03  0.2351532E-04 -0.1687757E-04
Ar 3427  0.4614943E+02  0.2672461E+02  0.3521365E+02 -0.4280586E-05 -0.4947495E-04 -0.1092058E-03
Ar 3428  0.4353569E+02  0.2955381E+02  0.3503891E+02  0.2144899E-04  0.3952192E-04  0.2529574E-04
Ar 3429  0.4324535E+02  0.2668370E+02  0.3768004E+02 -0.6395209E-04  0.2480330E-04  0.2021914E-04
Ar 3430  0.4604893E+02  0.2954139E+02  0.3807770E+02 -0.1235089E-03 -0.1024197E-05 -0.3498768E-04
Ar 3431  0.4607294E+02  0.2694267E+02  0.4065221E+02  0.6206389E-04 -0.1625568E-04  0.3298302E-04
Ar 3432  0.4345756E+02  0.2973820E+02  0.4065904E+02 -0.5714214E-04  0.4196909E-04 -0.1120146E-04
Ar 3433  0.4297234E+02  0.2648314E+02  0.4305980E+02 -0.8570202E-04 -0.8807761E-04 -0.4524043E-04
Ar 3434  0.4571223E+02  0.2987257E+02  0.4323733E+02 -0.5088145E-04  0.9530455E-05  0.1650793E-04
Ar 3435  0.4569971E+02  0.2691302E+02  0.4589719E+02 -0.5270909E-05 -0.8296316E-04 -0.1203063E-04
Ar 3436  0.4339011E+02  0.2971092E+02  0.4587100E+02 -0.1159125E-04 -0.1667007E-05  0.9477157E-05
Ar 3437  0.4307454E+02  0.2681191E+02  0.4875454E+02 -0.1511697E-05 -0.3412343E-04 -0.6610096E-04
Ar 3438  0.4604526E+02  0.2970032E+02  0.4880016E+02  0.1427604E-04 -0.3957428E-05 -0.3517477E-04
Ar 3439  0.4584852E+02  0.2692997E+02  0.5111577E+02 -0.4351623E-04 -0.8441990E-04 -0.7854135E-05
Ar 3440  0.4336437E+02  0.2967742E+02  0.5128088E+02 -0.5548515E-04 -0.1024785E-03  0.6470318E-04
Ar 3441  0.4329125E+02  0.3251600E+02  0.5359979E+02 -0.7114550E-04 -0.7937349E-05  0.2091915E-04
Ar 3442  0.4608674E+02  0.3451689E+02  0.9489865E-01 -0.1032982E-03 -0.5677454E-04  0.1103673E-04
Ar 3443  0.4555403E+02  0.3185486E+02  0.2463953E+01 -0.8715658E-05 -0.8196627E-04 -0.1485768E-04
Ar 3444  0.4342272E+02  0.3525773E+02  0.2793311E+01 -0.8095140E-05 -0.1003473E-04 -0.6518056E-04
Ar 3445  0.4305741E+02  0.3250766E+02  0.5370940E+01  0.7106018E-04 -0.1406893E-04  0.6756072E-04
Ar 3446  0.4579138E+02  0.3492142E+02  0.5433340E+01  0.1631380E-04  0.4691266E-04  0.2365290E-04
Ar 3447  0.4572455E+02  0.3233513E+02  0.8256759E+01  0.1171973E-04  0.7250299E-04  0.1308804E-04
Ar 3448  0.4301514E+02  0.3468586E+02  0.8306651E+01  0.4941201E-04  0.4766537E-04  0.1964072E-04
Ar 3449  0.4302406E+02  0.3221830E+02  0.1096431E+02 -0.2221979E-05 -0.3468885E-04  0.1023582E-04
Ar 3450  0.4593141E+02  0.3509540E+02  0.1086043E+02  0.1038186E-04  0.5183329E-04 -0.3308342E-04
Ar 3451  0.4592832E+02  0.3245795E+02  0.1338814E+02 -0.3238691E-04  0.3467038E-04  0.3250836E-04
Ar 3452  0.4313310E+02  0.3489915E+02  0.1362177E+02  0.1759079E-04  0.4178173E-04  0.6571773E-04
Ar 3453  0.4310711E+02  0.3207289E+02  0.1605851E+02  0.3855213E-04 -0.5990693E-04  0.3224508E-04
Ar 3454  0.4577331E+02  0.3486424E+02  0.1616446E+02 -0.3392245E-04  0.9093929E-05 -0.5723384E-04
Ar 3455  0.4561637E+02  0.3227618E+02  0.1908769E+02  0.1871342E-04 -0.6867850E-04 -0.2356087E-04
Ar 3456  0.4312933E+02  0.3472887E+02  0.1866863E+02 -0.4091216E-04  0.4841560E-04 -0.1993143E-04
Ar 3457  0.4316278E+02  0.3231082E+02  0.2159439E+02  0.2626221E-04 -0.5529347E-04  0.8445024E-05
Ar 3458  0.4574050E+02  0.3500504E+02  0.2152622E+02  0.1562431E-05  0.1366238E-04  0.1827105E-04
Ar 3459  0.4604756E+02  0.3225264E+02  0.2414764E+02  0.6821811E-05  0.5048152E-04  0.8052071E-05
Ar 3460  0.4297453E+02  0.3483787E+02  0.2403138E+02 -0.7433495E-05 -0.4340641E-04 -0.1024908E-04
Ar 3461  0.4318647E+02  0.3188396E+02  0.2707997E+02  0.1191296E-04  0.4231472E-04 -0.2565053E-04
Ar 3462  0.4601558E+02  0.3490353E+02  0.2678593E+02 -0.8130915E-04  0.2510619E-04  0.3339020E-04
Ar 3463  0.4539589E+02  0.3189621E+02  0.2971369E+02  0.3762391E-04 -0.1753785E-04 -0.2622906E-04
Ar 3464  0.4313197E+02  0.3472939E+02  0.2979647E+02 -0.3751330E-04  0.4060630E-04 -0.2883304E-04
Ar 3465  0.4352125E+02  0.3242250E+02  0.3271265E+02  0.4010350E-05  0.4262838E-05 -0.1491430E-05
Ar 3466  0.4578257E+02  0.3492287E+02  0.3212640E+02  0.3165728E-05  0.9845165E-05 -0.3183827E-04
Ar 3467  0.4612534E+02  0.3228488E+02  0.3541535E+02 -0.1040361E-04 -0.4630054E-04  0.1567186E-04
Ar 3468  0.4320006E+02  0.3526975E+02  0.3545965E+02  0.4967694E-04 -0.4469690E-04 -0.1842362E-04
Ar 3469  0.4364392E+02  0.3240076E+02  0.3787621E+02  0.5462478E-05  0.3750131E-05 -0.5693273E-05
Ar 3470  0.4609169E+02  0.3536333E+02  0.3803564E+02  0.4071031E-04  0.2548979E-04  0.1096703E-03
Ar 3471  0.4614154E+02  0.3247179E+02  0.4070072E+02 -0.1193198E-04 -0.1491199E-04 -0.1384885E-04
Ar 3472  0.4347465E+02  0.3486927E+02  0.4063364E+02 -0.5126705E-04 -0.9925213E-04 -0.3495707E-04
Ar 3473  0.4335784E+02  0.3243688E+02  0.4324552E+02 -0.8121707E-04 -0.1970110E-04 -0.3031963E-04
Ar 3474  0.4630298E+02  0.3513584E+02  0.4325396E+02 -0.4816507E-04  0.2335996E-04  0.2074225E-04
Ar 3475  0.4606623E+02  0.3252172E+02  0.4591874E+02  0.1443765E-04  0.3157807E-04  0.3473012E-04
Ar 3476  0.4328281E+02  0.3524711E+02  0.4605892E+02 -0.6331075E-04  0.1053173E-03  0.2583962E-04
Ar 3477  0.4353641E+02  0.3222026E+02  0.4825474E+02 -0.2195702E-04 -0.2488140E-04 -0.6444516E-04
Ar 3478  0.4597994E+02  0.3515229E+02  0.4851298E+02  0.3678507E-04 -0.4097658E-04 -0.2797693E-04
Ar 3479  0.4611623E+02  0.3284708E+02  0.5111060E+02  0.3894401E-04  0.5824321E-04  0.7056392E-04
Ar 3480  0.4305706E+02  0.3474216E+02  0.5078953E+02 -0.9484917E-04 -0.2953039E-04  0.1156028E-04
Ar 3481  0.4329955E+02  0.3755894E+02  0.8724418E-01 -0.2062987E-04 -0.2438729E-04 -0.4545817E-04
Ar 3482  0.4616675E+02  0.4042819E+02  0.1505736E+00  0.5614474E-04 -0.4808043E-04 -0.3906817E-04
Ar 3483  0.4609232E+02  0.3749363E+02  0.2646606E+01  0.2687084E-04 -0.1312286E-04 -0.2522064E-05
Ar 3484  0.4317266E+02  0.4031477E+02  0.2505383E+01  0.3054977E-04 -0.5463921E-04  0.6767184E-04
Ar 3485  0.4349257E+02  0.3775904E+02  0.5421274E+01  0.4662143E-04  0.3215418E-05  0.3848233E-04
Ar 3486  0.4582503E+02  0.4021783E+02  0.5103449E+01 -0.4343723E-04  0.3712585E-04  0.3874266E-04
Ar 3487  0.4610275E+02  0.3760608E+02  0.8095446E+01  0.4452242E-04 -0.6381370E-04 -0.1659726E-04
Ar 3488  0.4291707E+02  0.4026282E+02  0.8027313E+01 -0.1151562E-04  0.1943954E-04 -0.6770546E-04
Ar 3489  0.4306697E+02  0.3768990E+02  0.1084164E+02 -0.1931428E-04 -0.5439873E-04  0.4782993E-04
Ar 3490  0.4577430E+02  0.4038512E+02  0.1104280E+02  0.3919545E-04  0.8195390E-04 -0.9304729E-04
Ar 3491  0.4587555E+02  0.3768340E+02  0.1372351E+02  0.2449034E-04  0.5119227E-04 -0.2923802E-04
Ar 3492  0.4295003E+02  0.4020282E+02  0.1347418E+02  0.1501537E-04 -0.4358599E-04  0.1004603E-04
Ar 3493  0.4321856E+02  0.3769292E+02  0.1637394E+02 -0.3201502E-04 -0.2772005E-05 -0.2474274E-04
Ar 3494  0.4564958E+02  0.4032273E+02  0.1611430E+02 -0.1799853E-04 -0.3054900E-04 -0.5453282E-04
Ar 3495  0.4603434E+02  0.3772428E+02  0.1865240E+02  0.5007208E-04 -0.5168544E-04 -0.4654306E-04
Ar 3496  0.4296781E+02  0.4026838E+02  0.1870386E+02 -0.3761776E-04  0.3632043E-04 -0.7181108E-04
Ar 3497  0.4307170E+02  0.3745400E+02  0.2123620E+02 -0.2462046E-04  0.3502450E-05  0.3922482E-04
Ar 3498  0.4571358E+02  0.4014686E+02  0.2128193E+02 -0.2290203E-04 -0.6780752E-04  0.2472878E-04
Ar 3499  0.4577881E+02  0.3715064E+02  0.2435330E+02  0.4953388E-05  0.1419482E-04 -0.5126497E-04
Ar 3500  0.4314591E+02  0.4000357E+02  0.2417341E+02  0.2487488E-04 -0.4719621E-04  0.2855088E-04
Ar 3501  0.4322771E+02  0.3741852E+02  0.2710537E+02 -0.3995289E-04  0.7355675E-05 -0.7477704E-04
Ar 3502  0.4586591E+02  0.4019520E+02  0.2715617E+02  0.1028873E-04 -0.2742995E-04 -0.4345844E-04
Ar 3503  0.4582511E+02  0.3787457E+02  0.2971783E+02 -0.4805487E-04  0.2903263E-04 -0.6333067E-04
Ar 3504  0.4297290E+02  0.4014710E+02  0.2953219E+02 -0.5354591E-05 -0.1143167E-05 -0.2514231E-05
Ar 3505  0.4350830E+02  0.3783022E+02  0.3251683E+02 -0.3172178E-04  0.2396658E-04 -0.8514654E-04
Ar 3506  0.4598139E+02  0.4063130E+02  0.3267782E+02  0.1583873E-04 -0.1029066E-04 -0.2367709E-05
Ar 3507  0.4609738E+02  0.3798207E+02  0.3525380E+02 -0.9151864E-04  0.3805757E-06  0.4631686E-04
Ar 3508  0.4317905E+02  0.4046396E+02  0.3528898E+02 -0.1227239E-04  0.5251688E-04 -0.7221030E-04
Ar 3509  0.4336680E+02  0.3794620E+02  0.3784957E+02  0.4357833E-04 -0.3660508E-04  0.5571414E-04
Ar 3510  0.4585809E+02  0.4059502E+02  0.3775623E+02  0.2169778E-04 -0.5813925E-04 -0.1757257E-04
Ar 3511  0.4567706E+02  0.3767084E+02  0.4065528E+02 -0.5583495E-04 -0.2090913E-04 -0.2386306E-04
Ar 3512  0.4339994E+02  0.4057565E+02  0.4070244E+02 -0.4102883E-04 -0.5613742E-04 -0.9431143E-04
Ar 3513  0.4300326E+02  0.3766795E+02  0.4346712E+02  0.5462640E-04 -0.6044670E-04 -0.3023737E-05
Ar 3514  0.4600879E+02  0.4052060E+02  0.4333385E+02  0.2217582E-04 -0.4181748E-05  0.4081627E-05
Ar 3515  0.4600115E+02  0.3774379E+02  0.4591025E+02  0.1484514E-04 -0.7603100E-04 -0.5650915E-04
Ar 3516  0.4283019E+02  0.4056708E+02  0.4604280E+02 -0.3333159E-04  0.1574555E-04 -0.3881578E-04
Ar 3517  0.4330585E+02  0.3804526E+02  0.4847278E+02  0.2068090E-05  0.5314929E-04  0.1045065E-03
Ar 3518  0.4583858E+02  0.4038466E+02  0.4833537E+02 -0.2876092E-04 -0.2735547E-05 -0.3334659E-05
Ar 3519  0.4584723E+02  0.3798021E+02  0.5137574E+02 -0.1284371E-04  0.9365047E-05 -0.3162699E-04
Ar 3520  0.4279417E+02  0.4030678E+02  0.5154746E+02  0.6619296E-04 -0.2571351E-04  0.1965072E-04
Ar 3521  0.4339799E+02  0.4313883E+02  0.5398682E+02 -0.1002459E-03  0.3159129E-04  0.4554779E-05
Ar 3522  0.4612180E+02  0.4585614E+02  0.5380395E+02  0.3091429E-04 -0.1391405E-04  0.1416117E-04
Ar 3523  0.4590253E+02  0.4297720E+02  0.2620770E+01 -0.1206251E-03 -0.7480561E-04 -0.7405947E-04
Ar 3524  0.4322356E+02  0.4601391E+02  0.2216628E+01 -0.5134942E-04  0.7573696E-04 -0.7817760E-04
Ar 3525  0.4296828E+02  0.4300560E+02  0.5107538E+01  0.1417462E-04 -0.8205936E-04 -0.4583574E-04
Ar 3526  0.4582594E+02  0.4551999E+02  0.5102105E+01 -0.4583926E-06  0.4037328E-04  0.7680176E-05
Ar 3527  0.4584259E+02  0.4284444E+02  0.7774921E+01  0.3384782E-04  0.2515428E-05 -0.2045319E-05
Ar 3528  0.4303123E+02  0.4555527E+02  0.7585583E+01  0.2696828E-04  0.4419805E-04  0.2808160E-04
Ar 3529  0.4303515E+02  0.4285816E+02  0.1052124E+02 -0.2739647E-04  0.4980333E-04 -0.3016542E-04
Ar 3530  0.4564141E+02  0.4554471E+02  0.1031880E+02 -0.1480419E-04 -0.6157735E-04 -0.2628370E-04
Ar 3531  0.4581721E+02  0.4298070E+02  0.1382899E+02 -0.1123550E-04 -0.1092277E-04  0.6300378E-05
Ar 3532  0.4330951E+02  0.4547079E+02  0.1315679E+02 -0.1334660E-04 -0.2447358E-04 -0.6680388E-05
Ar 3533  0.4321483E+02  0.4307984E+02  0.1599613E+02  0.9055510E-05  0.5227830E-04 -0.3817665E-04
Ar 3534  0.4615703E+02  0.4593284E+02  0.1601694E+02  0.4355516E-04  0.7525956E-04 -0.9219086E-05
Ar 3535  0.4581612E+02  0.4321960E+02  0.1859591E+02  0.7355949E-04  0.3182543E-04  0.4838133E-04
Ar 3536  0.4299180E+02  0.4564465E+02  0.1893418E+02  0.1816726E-04  0.1853965E-04 -0.3535858E-04
Ar 3537  0.4324577E+02  0.4292596E+02  0.2160002E+02  0.6309224E-05 -0.6933907E-04  0.9872765E-05
Ar 3538  0.4584362E+02  0.4575563E+02  0.2137648E+02 -0.4733361E-05  0.3552226E-04 -0.1399867E-04
Ar 3539  0.4614577E+02  0.4258960E+02  0.2428012E+02 -0.3706171E-04  0.2281358E-05  0.6037136E-05
Ar 3540  0.4354625E+02  0.4594652E+02  0.2426323E+02  0.5994641E-04 -0.3919455E-04  0.3489859E-04
Ar 3541  0.4339012E+02  0.4308271E+02  0.2648698E+02  0.3567805E-04 -0.4477266E-04  0.1164490E-04
Ar 3542  0.4601358E+02  0.4574093E+02  0.2706126E+02 -0.4118704E-04 -0.2868583E-05 -0.3101736E-04
Ar 3543  0.4549713E+02  0.4276641E+02  0.2979152E+02  0.2887008E-04 -0.2096015E-04 -0.1961787E-04
Ar 3544  0.4352748E+02  0.4587404E+02  0.2993432E+02  0.5150695E-04 -0.7509200E-04 -0.4800996E-04
Ar 3545  0.4324322E+02  0.4300247E+02  0.3269882E+02 -0.5301705E-04  0.7034190E-04 -0.1282427E-04
Ar 3546  0.4619818E+02  0.4581472E+02  0.3240083E+02  0.5919190E-04  0.2214432E-04  0.5531174E-04
Ar 3547  0.4575215E+02  0.4320751E+02  0.3518812E+02 -0.7280742E-04 -0.1055398E-03  0.6791575E-04
Ar 3548  0.4345631E+02  0.4579734E+02  0.3506327E+02  0.7324318E-04  0.5439926E-04  0.1311267E-04
Ar 3549  0.4330085E+02  0.4313646E+02  0.3767232E+02  0.1344286E-04 -0.4119143E-04  0.1610238E-04
Ar 3550  0.4623260E+02  0.4562566E+02  0.3758364E+02  0.4628967E-04 -0.4766883E-04 -0.3388146E-04
Ar 3551  0.4576292E+02  0.4335504E+02  0.4055606E+02  0.6035456E-04 -0.3400609E-04 -0.2109170E-04
Ar 3552  0.4318486E+02  0.4590363E+02  0.4029419E+02 -0.3513438E-04  0.2060916E-04 -0.3919600E-04
Ar 3553  0.4335288E+02  0.4325520E+02  0.4298599E+02 -0.3741638E-05  0.3345957E-05  0.1305105E-04
Ar 3554  0.4621388E+02  0.4589010E+02  0.4345080E+02 -0.1342204E-04 -0.3206189E-04 -0.2461080E-04
Ar 3555  0.4591361E+02  0.4298638E+02  0.4594634E+02  0.1147820E-04  0.3792086E-04 -0.1384071E-04
Ar 3556  0.4338860E+02  0.4592384E+02  0.4565300E+02  0.1464236E-04  0.1741128E-04  0.7184300E-04
Ar 3557  0.4300612E+02  0.4286645E+02  0.4869471E+02  0.1984664E-07  0.2952335E-06  0.2273043E-06
Ar 3558  0.4578779E+02  0.4564020E+02  0.4866125E+02 -0.1217202E-04  0.6365061E-04  0.2170776E-04
Ar 3559  0.4590264E+02  0.4277931E+02  0.5130629E+02 -0.3108881E-04  0.4704082E-04  0.6422438E-04
Ar 3560  0.4331694E+02  0.4611267E+02  0.5152600E+02 -0.3599872E-05  0.1099581E-03 -0.7307183E-05
Ar 3561  0.4314593E+02  0.4886204E+02  0.5381299E+02  0.1221577E-04 -0.1911263E-04  0.1218699E-04
Ar 3562  0.4587527E+02  0.5141308E+02  0.5355849E+02 -0.1056005E-03 -0.2310328E-04 -0.7254082E-05
Ar 3563  0.4610145E+02  0.4860502E+02  0.2076015E+01  0.2043605E-04 -0.6046287E-04 -0.4914720E-04
Ar 3564  0.4309091E+02  0.5087371E+02  0.2747800E+01  0.8911199E-04  0.7376556E-05 -0.6522647E-05
Ar 3565  0.4330119E+02  0.4831881E+02  0.5157945E+01 -0.2918709E-04  0.1282861E-05 -0.5393297E-04
Ar 3566  0.4603359E+02  0.5111524E+02  0.5356692E+01  0.2587244E-04 -0.3589517E-04 -0.1140267E-06
Ar 3567  0.4581024E+02  0.4836182E+02  0.7833392E+01  0.8701159E-05 -0.1524301E-04 -0.8514868E-05
Ar 3568  0.4311405E+02  0.5115913E+02  0.7846853E+01  0.3019366E-04  0.3492064E-04  0.3642283E-04
Ar 3569  0.4321487E+02  0.4825639E+02  0.1055686E+02 -0.7757893E-05 -0.4534982E-05 -0.4842323E-05
Ar 3570  0.4592528E+02  0.5102390E+02  0.1053806E+02  0.2369377E-04  0.9388088E-04 -0.1668825E-04
Ar 3571  0.4569827E+02  0.4841376E+02  0.1304558E+02 -0.8697292E-05 -0.1311198E-04 -0.4306744E-04
Ar 3572  0.4323581E+02  0.5146279E+02  0.1329589E+02  0.1908146E-05  0.5558770E-04  0.9052740E-04
Ar 3573  0.4311499E+02  0.4843090E+02  0.1564896E+02 -0.7590819E-04  0.3198969E-04 -0.5284340E-04
Ar 3574  0.4590085E+02  0.5122490E+02  0.1619637E+02 -0.1322560E-04 -0.3863274E-04  0.4891843E-04
Ar 3575  0.4577215E+02  0.4836933E+02  0.1890050E+02 -0.8278154E-05 -0.7049369E-04  0.7074306E-04
Ar 3576  0.4285892E+02  0.5103346E+02  0.1861297E+02  0.6388838E-05  0.3952993E-04 -0.1177296E-05
Ar 3577  0.4316651E+02  0.4829930E+02  0.2150828E+02  0.3351580E-04 -0.1106520E-04 -0.6430659E-04
Ar 3578  0.4591948E+02  0.5129438E+02  0.2143272E+02 -0.4983539E-04 -0.1781011E-04 -0.2083881E-04
Ar 3579  0.4563061E+02  0.4859095E+02  0.2437246E+02 -0.4318215E-04 -0.1432018E-04 -0.2025385E-04
Ar 3580  0.4307899E+02  0.5121298E+02  0.2427326E+02  0.2698521E-04  0.4209101E-04  0.1766848E-04
Ar 3581  0.4319328E+02  0.4833691E+02  0.2704586E+02 -0.1149881E-04 -0.1159121E-03  0.1030206E-04
Ar 3582  0.4549570E+02  0.5124141E+02  0.2675890E+02 -0.1324930E-03 -0.2949541E-04 -0.4242207E-04
Ar 3583  0.4593139E+02  0.4865677E+02  0.2944780E+02  0.1215358E-04  0.4302370E-04  0.2931360E-04
Ar 3584  0.4309870E+02  0.5096903E+02  0.2968156E+02  0.1407604E-04  0.4199381E-05 -0.2073239E-04
Ar 3585  0.4289775E+02  0.4842546E+02  0.3252440E+02  0.5597271E-05 -0.4267502E-04  0.5031173E-04
Ar 3586  0.4598888E+02  0.5114582E+02  0.3274170E+02 -0.7588593E-04 -0.5256527E-04  0.6390668E-05
Ar 3587  0.4588361E+02  0.4837870E+02  0.3511444E+02  0.5374901E-05  0.7804035E-05 -0.2573858E-04
Ar 3588  0.4326552E+02  0.5120998E+02  0.3528909E+02  0.2527853E-04  0.2355094E-04 -0.2425377E-04
Ar 3589  0.4339443E+02  0.4831522E+02  0.3779251E+02 -0.4330193E-04 -0.9268403E-05  0.1156505E-03
Ar 3590  0.4592238E+02  0.5136829E+02  0.3783153E+02  0.3025126E-04 -0.2498242E-04 -0.1650758E-04
Ar 3591  0.4584992E+02  0.4866772E+02  0.4041667E+02 -0.9074451E-04 -0.4534920E-04 -0.6236255E-04
Ar 3592  0.4304911E+02  0.5097453E+02  0.4038735E+02 -0.2726899E-04 -0.1685123E-04  0.4381206E-04
Ar 3593  0.4316636E+02  0.4858589E+02  0.4318386E+02  0.1010741E-04  0.1093263E-04 -0.5397556E-04
Ar 3594  0.4569225E+02  0.5130661E+02  0.4296159E+02 -0.6305194E-04  0.1731012E-04  0.6493778E-04
Ar 3595  0.4611974E+02  0.4872032E+02  0.4573619E+02  0.1837045E-04 -0.2811097E-04 -0.7479394E-04
Ar 3596  0.4330880E+02  0.5140380E+02  0.4573983E+02  0.1165994E-03 -0.1573237E-05  0.3305603E-04
Ar 3597  0.4317363E+02  0.4866623E+02  0.4871155E+02  0.4711696E-05 -0.3264034E-05 -0.2642249E-04
Ar 3598  0.4569316E+02  0.5126175E+02  0.4864049E+02  0.3075752E-04 -0.8538525E-05 -0.4404731E-04
Ar 3599  0.4607026E+02  0.4847407E+02  0.5117518E+02  0.2053592E-05  0.3540625E-04 -0.4075959E-05
Ar 3600  0.4322191E+02  0.5148415E+02  0.5123836E+02  0.3552329E-04 -0.1513703E-04  0.8741964E-04
Ar 3601  0.4854068E+02  0.7844282E-01  0.1249520E+00  0.2227961E-04  0.4549542E-04 -0.2668963E-04
Ar 3602  0.5140574E+02  0.2688895E+01  0.5377796E+02 -0.6318037E-04 -0.1185427E-04  0.4869387E-04
Ar 3603  0.5121904E+02  0.5370215E+02  0.2573795E+01  0.3075482E-04 -0.4147601E-04 -0.2880390E-04
Ar 3604  0.4866425E+02  0.2586852E+01  0.2658648E+01 -0.9137340E-04 -0.2083810E-04 -0.9673627E-05
Ar 3605  0.4853785E+02  0.5388972E+02  0.5175567E+01  0.1436549E-04 -0.8007409E-05 -0.2078329E-04
Ar 3606  0.5111753E+02  0.2602209E+01  0.5453050E+01 -0.7159659E-04 -0.4943196E-04 -0.6123594E-04
Ar 3607  0.5128824E+02  0.5375993E+02  0.7853104E+01  0.5363349E-05 -0.5964778E-05  0.3595187E-04
Ar 3608  0.4868775E+02  0.2507832E+01  0.7810265E+01  0.7365281E-04  0.4283438E-04  0.3339212E-04
Ar 3609  0.4865684E+02  0.5388091E+02  0.1058846E+02  0.6384375E-04  0.3010931E-04  0.6433978E-04
Ar 3610  0.5157515E+02  0.2338093E+01  0.1033861E+02 -0.2737098E-04  0.2911590E-04  0.2747092E-04
Ar 3611  0.5161351E+02  0.2121261E+00  0.1333177E+02  0.2049263E-04 -0.1707498E-04 -0.9650050E-04
Ar 3612  0.4880688E+02  0.2471297E+01  0.1305236E+02  0.8421617E-04 -0.3232199E-04 -0.2799255E-05
Ar 3613  0.4875185E+02  0.5389869E+02  0.1610849E+02  0.1137163E-04 -0.9192467E-04 -0.1012541E-03
Ar 3614  0.5188400E+02  0.2731443E+01  0.1609913E+02 -0.1869897E-05  0.1929195E-04  0.5182075E-04
Ar 3615  0.5134831E+02  0.5383837E+02  0.1859091E+02 -0.4680664E-04 -0.9482165E-05 -0.2270705E-04
Ar 3616  0.4885411E+02  0.2541342E+01  0.1880841E+02 -0.1758730E-04 -0.5255523E-04  0.1996403E-04
Ar 3617  0.4859704E+02  0.5390483E+02  0.2135384E+02 -0.1365813E-04  0.3994816E-04  0.2270973E-04
Ar 3618  0.5127160E+02  0.2430933E+01  0.2139413E+02 -0.5194611E-04 -0.8370032E-04 -0.1357995E-03
Ar 3619  0.5117703E+02  0.5373807E+02  0.2378803E+02  0.1557787E-04 -0.1726245E-05  0.1625770E-04
Ar 3620  0.4869944E+02  0.2570100E+01  0.2437817E+02 -0.2473627E-04  0.1851260E-04  0.3001804E-04
Ar 3621  0.4831340E+02  0.5373227E+02  0.2710320E+02 -0.2343435E-06  0.6313996E-04 -0.5739054E-04
Ar 3622  0.5150222E+02  0.2201918E+01  0.2685724E+02  0.9303554E-04  0.3942281E-04 -0.2164857E-04
Ar 3623  0.5128528E+02  0.5381209E+02  0.2964675E+02  0.5258774E-04  0.1672417E-04  0.1290537E-05
Ar 3624  0.4872459E+02  0.2469449E+01  0.2980927E+02 -0.2146086E-05 -0.5867312E-04 -0.5153085E-04
Ar 3625  0.4888568E+02  0.5362844E+02  0.3262674E+02  0.8023787E-04  0.1789691E-04 -0.2891115E-04
Ar 3626  0.5163327E+02  0.2383668E+01  0.3274046E+02 -0.4156769E-04  0.1009890E-03  0.1407435E-03
Ar 3627  0.5146392E+02  0.5396112E+02  0.3513443E+02 -0.9164340E-05  0.5326006E-04  0.6136910E-04
Ar 3628  0.4865226E+02  0.2403961E+01  0.3539897E+02 -0.2282634E-04 -0.6419760E-04 -0.2936697E-04
Ar 3629  0.4856559E+02  0.5391205E+02  0.3783607E+02 -0.1238678E-04 -0.4251170E-04 -0.5023218E-04
Ar 3630  0.5123529E+02  0.2410274E+01  0.3792663E+02 -0.2036355E-04 -0.1697219E-04 -0.9642408E-05
Ar 3631  0.5122753E+02  0.5381836E+02  0.4037781E+02 -0.6982667E-04  0.5112025E-04  0.4873905E-04
Ar 3632  0.4876688E+02  0.2742205E+01  0.4060507E+02 -0.8140101E-04 -0.2444478E-04 -0.8052362E-06
Ar 3633  0.4859094E+02  0.5392681E+02  0.4310219E+02  0.5214134E-04 -0.2021868E-05 -0.2632712E-04
Ar 3634  0.5128920E+02  0.2568912E+01  0.4303606E+02  0.1602927E-04  0.3805088E-04  0.2777736E-04
Ar 3635  0.5100313E+02  0.5389215E+02  0.4557222E+02 -0.4861815E-04  0.2227336E-04  0.2657511E-04
Ar 3636  0.4845876E+02  0.2575417E+01  0.4579625E+02  0.8546377E-05  0.4393605E-04  0.3542056E-04
Ar 3637  0.4855949E+02  0.5397746E+02  0.4847382E+02  0.5188667E-04  0.4599172E-04 -0.1676701E-04
Ar 3638  0.5107394E+02  0.2521859E+01  0.4873231E+02  0.4847424E-04 -0.6236580E-04  0.5158249E-04
Ar 3639  0.5134045E+02  0.5376378E+02  0.5143455E+02 -0.5906755E-04 -0.3215097E-04  0.7015184E-04
Ar 3640  0.4867865E+02  0.2643700E+01  0.5116095E+02  0.4476609E-04 -0.2838938E-04 -0.1134296E-04
Ar 3641  0.4878752E+02  0.5338618E+01  0.5361384E+02 -0.7839389E-04  0.1443065E-03  0.6071267E-04
Ar 3642  0.5129984E+02  0.8166496E+01  0.5381959E+02 -0.2744140E-04 -0.4262958E-04 -0.4023054E-04
Ar 3643  0.5163774E+02  0.5187648E+01  0.2509837E+01 -0.1998247E-04 -0.6962237E-04 -0.4747905E-04
Ar 3644  0.4873925E+02  0.7996270E+01  0.2607448E+01  0.3267039E-04  0.2149123E-04  0.3106232E-04
Ar 3645  0.4886194E+02  0.5410790E+01  0.5370798E+01 -0.2893823E-04 -0.1138286E-03 -0.3058162E-05
Ar 3646  0.5139205E+02  0.7859948E+01  0.4861181E+01  0.1188946E-03  0.6858768E-04 -0.8270244E-05
Ar 3647  0.5134208E+02  0.5324170E+01  0.8189089E+01  0.7304328E-06  0.6046965E-04 -0.2297405E-04
Ar 3648  0.4881768E+02  0.8007639E+01  0.7894544E+01  0.7326988E-04  0.4470415E-04 -0.9570366E-05
Ar 3649  0.4840098E+02  0.5125961E+01  0.1075126E+02 -0.5384722E-04 -0.7923202E-05 -0.7705227E-06
Ar 3650  0.5104857E+02  0.7980449E+01  0.1074789E+02  0.5812616E-04 -0.4671391E-04 -0.3361340E-04
Ar 3651  0.5133496E+02  0.5341340E+01  0.1347917E+02  0.4016183E-04 -0.3121256E-04  0.8667694E-05
Ar 3652  0.4841900E+02  0.7843155E+01  0.1329127E+02  0.1498862E-04 -0.1114661E-04 -0.5279412E-05
Ar 3653  0.4837858E+02  0.5104901E+01  0.1623490E+02  0.7000336E-04  0.8561257E-04  0.6833807E-04
Ar 3654  0.5085788E+02  0.7916283E+01  0.1609663E+02 -0.2036242E-04 -0.6385127E-04  0.4382121E-04
Ar 3655  0.5184050E+02  0.5318051E+01  0.1893030E+02 -0.6710494E-04  0.7091931E-04 -0.5147745E-04
Ar 3656  0.4878745E+02  0.8106473E+01  0.1900718E+02  0.3408110E-04  0.2242692E-04  0.3188297E-04
Ar 3657  0.4897580E+02  0.5339233E+01  0.2136889E+02  0.1280482E-03 -0.2289776E-04 -0.2625101E-04
Ar 3658  0.5156373E+02  0.7994559E+01  0.2151718E+02  0.1108081E-04  0.1759814E-04  0.1140492E-03
Ar 3659  0.5091477E+02  0.5218836E+01  0.2461641E+02  0.1473173E-04  0.6263807E-04  0.7942924E-06
Ar 3660  0.4886212E+02  0.8267835E+01  0.2392466E+02 -0.9959701E-05 -0.5487793E-04 -0.7974066E-04
Ar 3661  0.4842707E+02  0.5398335E+01  0.2702539E+02 -0.2870985E-04  0.1109031E-04 -0.1114422E-05
Ar 3662  0.5110915E+02  0.7804663E+01  0.2720604E+02 -0.2523032E-04 -0.1110362E-03 -0.2430328E-04
Ar 3663  0.5126193E+02  0.4960955E+01  0.2966348E+02  0.3847754E-04  0.5922024E-05 -0.3599910E-04
Ar 3664  0.4843978E+02  0.7813859E+01  0.2983450E+02  0.7471292E-05 -0.2943703E-04 -0.5743724E-04
Ar 3665  0.4853448E+02  0.5013926E+01  0.3254631E+02  0.2369330E-04 -0.4356439E-04  0.3351764E-06
Ar 3666  0.5109139E+02  0.7710648E+01  0.3256119E+02  0.1225311E-04  0.4335466E-04  0.9351059E-04
Ar 3667  0.5128045E+02  0.5339983E+01  0.3536629E+02  0.3801160E-04 -0.6740735E-05  0.4656010E-05
Ar 3668  0.4856882E+02  0.7826690E+01  0.3519512E+02 -0.2457423E-04  0.9157380E-04 -0.1927655E-04
Ar 3669  0.4835892E+02  0.5202886E+01  0.3749671E+02  0.4936863E-04 -0.4227829E-04  0.4235137E-04
Ar 3670  0.5146926E+02  0.8009842E+01  0.3755446E+02 -0.3449311E-04 -0.9263556E-05  0.1096572E-04
Ar 3671  0.5111116E+02  0.5471286E+01  0.4038285E+02 -0.4214285E-04 -0.3129169E-04 -0.1377591E-04
Ar 3672  0.4857403E+02  0.7866639E+01  0.4006473E+02  0.7198248E-04  0.7910435E-05  0.8961607E-04
Ar 3673  0.4837601E+02  0.5273853E+01  0.4324780E+02  0.9269565E-04  0.1932219E-04  0.3531347E-04
Ar 3674  0.5144521E+02  0.7858851E+01  0.4321148E+02  0.1340630E-04 -0.6791677E-04 -0.1606862E-04
Ar 3675  0.5131920E+02  0.5006318E+01  0.4591664E+02  0.1401656E-04 -0.5116989E-04  0.4636872E-04
Ar 3676  0.4862860E+02  0.7861707E+01  0.4560241E+02  0.5323265E-04 -0.3667949E-04 -0.8587648E-04
Ar 3677  0.4860568E+02  0.5276342E+01  0.4847083E+02 -0.3156869E-04  0.2054301E-05  0.5367928E-05
Ar 3678  0.5120840E+02  0.7679493E+01  0.4848546E+02 -0.1112405E-04 -0.1947322E-04  0.2184546E-04
Ar 3679  0.5145125E+02  0.5235940E+01  0.5113962E+02 -0.4327794E-04  0.3973905E-04 -0.1792267E-04
Ar 3680  0.4855877E+02  0.7894822E+01  0.5107370E+02  0.1340089E-04 -0.6101047E-04  0.2228273E-04
Ar 3681  0.4857754E+02  0.1048286E+02  0.5392899E+02  0.3338679E-04  0.7092251E-04 -0.4062655E-04
Ar 3682  0.5088147E+02  0.1319550E+02  0.5382777E+02 -0.1471783E-04  0.2612913E-04 -0.3037232E-04
Ar 3683  0.5122095E+02  0.1056233E+02  0.2530257E+01  0.2913390E-04 -0.2524464E-04 -0.3606905E-05
Ar 3684  0.4869401E+02  0.1340128E+02  0.2813109E+01 -0.4466582E-04 -0.6528458E-04  0.1903753E-05
Ar 3685  0.4856048E+02  0.1053200E+02  0.5513826E+01 -0.6577681E-04  0.2349555E-04 -0.3577032E-04
Ar 3686  0.5128271E+02  0.1302306E+02  0.5279935E+01 -0.5211190E-04 -0.4312417E-04  0.6316589E-04
Ar 3687  0.5156883E+02  0.1057351E+02  0.7993463E+01  0.6854365E-05 -0.2108906E-04 -0.6310995E-05
Ar 3688  0.4863836E+02  0.1320766E+02  0.8428197E+01 -0.6730621E-05  0.1875064E-04 -0.1030671E-04
Ar 3689  0.4851139E+02  0.1047853E+02  0.1078157E+02  0.1780401E-04  0.1538972E-04  0.7042789E-05
Ar 3690  0.5138401E+02  0.1342806E+02  0.1070030E+02  0.7908891E-04 -0.1128748E-03 -0.3181817E-04
Ar 3691  0.5110473E+02  0.1070190E+02  0.1364204E+02  0.2103635E-04  0.1212981E-03 -0.4431044E-04
Ar 3692  0.4827069E+02  0.1315282E+02  0.1308747E+02  0.4204475E-05  0.6165826E-04  0.3342782E-04
Ar 3693  0.4850797E+02  0.1051791E+02  0.1592129E+02 -0.2177487E-05 -0.2038752E-04 -0.1864389E-04
Ar 3694  0.5135721E+02  0.1344404E+02  0.1628975E+02 -0.5149673E-05  0.2146103E-04  0.2331761E-04
Ar 3695  0.5144245E+02  0.1063544E+02  0.1886190E+02  0.4843321E-05  0.4166724E-04  0.4073530E-04
Ar 3696  0.4877413E+02  0.1328654E+02  0.1884912E+02  0.1052145E-04 -0.6650555E-04  0.3562506E-04
Ar 3697  0.4877260E+02  0.1086394E+02  0.2132059E+02 -0.1311453E-05 -0.1079766E-03  0.9898612E-04
Ar 3698  0.5120591E+02  0.1331775E+02  0.2167777E+02 -0.2417243E-04 -0.1469863E-04 -0.5923246E-04
Ar 3699  0.5146646E+02  0.1063756E+02  0.2416071E+02  0.2223096E-04 -0.1034185E-04  0.7108826E-04
Ar 3700  0.4864055E+02  0.1308801E+02  0.2449305E+02  0.3889295E-04 -0.2863276E-04 -0.4681408E-05
Ar 3701  0.4857455E+02  0.1046447E+02  0.2715293E+02  0.7655342E-05 -0.3843234E-04 -0.8446075E-04
Ar 3702  0.5139047E+02  0.1312658E+02  0.2709481E+02  0.1905615E-04 -0.8984343E-04  0.2783803E-05
Ar 3703  0.5158727E+02  0.1048383E+02  0.2967929E+02 -0.4655758E-04  0.2611736E-04 -0.3558682E-05
Ar 3704  0.4866563E+02  0.1301922E+02  0.2983659E+02 -0.1927746E-04  0.1199551E-04  0.5394132E-04
Ar 3705  0.4849036E+02  0.1052321E+02  0.3263883E+02 -0.1132962E-03  0.7221863E-04 -0.2608644E-04
Ar 3706  0.5135041E+02  0.1312537E+02  0.3221824E+02 -0.6945881E-04  0.7752615E-04  0.4912396E-05
Ar 3707  0.5152407E+02  0.1066224E+02  0.3512593E+02  0.8888796E-04  0.3441521E-04  0.7790673E-04
Ar 3708  0.4862419E+02  0.1342274E+02  0.3532901E+02  0.1326075E-04  0.2891566E-04  0.2879694E-04
Ar 3709  0.4877803E+02  0.1045066E+02  0.3772439E+02 -0.6456420E-04  0.5335978E-04 -0.2029996E-05
Ar 3710  0.5129616E+02  0.1347282E+02  0.3766685E+02  0.5826549E-04  0.1923834E-05 -0.6753798E-04
Ar 3711  0.5118022E+02  0.1088644E+02  0.4029095E+02 -0.5267526E-04  0.1546001E-04  0.7837209E-05
Ar 3712  0.4861874E+02  0.1362586E+02  0.4012091E+02 -0.4064733E-04 -0.5862665E-04 -0.1094240E-04
Ar 3713  0.4851004E+02  0.1068593E+02  0.4301600E+02 -0.3667359E-04 -0.5208695E-04  0.7300523E-05
Ar 3714  0.5095803E+02  0.1363439E+02  0.4308795E+02 -0.5264464E-04 -0.8591204E-04 -0.2911350E-04
Ar 3715  0.5128386E+02  0.1113572E+02  0.4555309E+02  0.6997947E-04  0.4643758E-04  0.2203336E-04
Ar 3716  0.4840685E+02  0.1340935E+02  0.4588987E+02 -0.3052974E-04  0.1250335E-04 -0.2430320E-04
Ar 3717  0.4883966E+02  0.1061339E+02  0.4834666E+02 -0.2449526E-04  0.2012772E-04 -0.7107940E-05
Ar 3718  0.5111005E+02  0.1342171E+02  0.4835498E+02 -0.8202950E-04  0.4874112E-04 -0.9288205E-05
Ar 3719  0.5104488E+02  0.1083544E+02  0.5096861E+02 -0.2943878E-04 -0.8879727E-04  0.2167485E-04
Ar 3720  0.4845971E+02  0.1344864E+02  0.5094767E+02 -0.1027375E-04  0.1693380E-04  0.4948297E-04
Ar 3721  0.4848688E+02  0.1626276E+02  0.5386041E+02 -0.2594680E-04 -0.4263444E-05 -0.2102611E-04
Ar 3722  0.5094757E+02  0.1872222E+02  0.5382349E+02 -0.2648753E-04 -0.4577197E-04 -0.3428373E-06
Ar 3723  0.5104817E+02  0.1592920E+02  0.3073111E+01  0.3198982E-04 -0.4600005E-04 -0.6776388E-04
Ar 3724  0.4860844E+02  0.1872542E+02  0.3051712E+01 -0.4915000E-04 -0.2455592E-05  0.1554121E-04
Ar 3725  0.4836200E+02  0.1622744E+02  0.5507386E+01  0.5520113E-04  0.2018410E-04  0.4910454E-04
Ar 3726  0.5132547E+02  0.1869588E+02  0.5610460E+01 -0.1019358E-04  0.7564171E-05 -0.2339898E-04
Ar 3727  0.5140512E+02  0.1599863E+02  0.7963001E+01  0.3338472E-04 -0.4197003E-06 -0.3632446E-04
Ar 3728  0.4869139E+02  0.1868942E+02  0.8128013E+01 -0.8457394E-05 -0.1234682E-04 -0.2443378E-04
Ar 3729  0.4869002E+02  0.1601729E+02  0.1070151E+02 -0.9917315E-04  0.4449324E-04 -0.4522365E-04
Ar 3730  0.5137663E+02  0.1856683E+02  0.1081402E+02 -0.6241581E-05 -0.8937748E-05  0.7424025E-04
Ar 3731  0.5086717E+02  0.1599897E+02  0.1359782E+02  0.3952220E-04 -0.3303220E-04  0.1121023E-03
Ar 3732  0.4833442E+02  0.1869740E+02  0.1348274E+02 -0.2573353E-04 -0.1278870E-04  0.2448074E-04
Ar 3733  0.4824055E+02  0.1593646E+02  0.1594698E+02 -0.7312345E-04  0.2442928E-04 -0.2877030E-04
Ar 3734  0.5125679E+02  0.1884467E+02  0.1602103E+02  0.2468966E-04 -0.5056609E-04  0.3477096E-05
Ar 3735  0.5096408E+02  0.1629097E+02  0.1915462E+02 -0.4891139E-04  0.8379931E-04 -0.2402312E-04
Ar 3736  0.4802389E+02  0.1857341E+02  0.1880715E+02  0.1392888E-04  0.4234643E-04 -0.6418588E-04
Ar 3737  0.4829286E+02  0.1612509E+02  0.2136159E+02  0.2880486E-04  0.3952774E-04  0.2045803E-04
Ar 3738  0.5143704E+02  0.1887814E+02  0.2137022E+02  0.7953510E-04  0.6410346E-05  0.1800761E-04
Ar 3739  0.5136890E+02  0.1633996E+02  0.2405126E+02  0.1074621E-03 -0.1464574E-04  0.4349485E-04
Ar 3740  0.4877827E+02  0.1878642E+02  0.2416723E+02  0.3010825E-04 -0.4583274E-05 -0.1589724E-04
Ar 3741  0.4864741E+02  0.1606571E+02  0.2687718E+02  0.1345485E-04  0.8188077E-04 -0.4635793E-05
Ar 3742  0.5129865E+02  0.1870799E+02  0.2706130E+02 -0.1178725E-04 -0.5508173E-04  0.7597756E-04
Ar 3743  0.5128809E+02  0.1572816E+02  0.2970661E+02 -0.1414817E-04 -0.2236761E-04  0.2213892E-04
Ar 3744  0.4879543E+02  0.1847295E+02  0.2982330E+02  0.1811489E-04 -0.1339888E-05  0.2604587E-04
Ar 3745  0.4859765E+02  0.1603608E+02  0.3256465E+02  0.3955264E-05 -0.6350469E-04  0.1434166E-04
Ar 3746  0.5125596E+02  0.1891340E+02  0.3247801E+02  0.6267504E-04  0.1207511E-04 -0.2571052E-04
Ar 3747  0.5172914E+02  0.1646763E+02  0.3546846E+02 -0.4577042E-04  0.1729825E-04 -0.3452099E-04
Ar 3748  0.4893628E+02  0.1865505E+02  0.3523098E+02  0.2515580E-05 -0.7823149E-04 -0.2717713E-04
Ar 3749  0.4863324E+02  0.1624237E+02  0.3785076E+02 -0.2117310E-04  0.3027482E-04  0.1070498E-03
Ar 3750  0.5142108E+02  0.1877824E+02  0.3801349E+02  0.2398669E-04 -0.9428534E-04 -0.4821543E-04
Ar 3751  0.5140674E+02  0.1598650E+02  0.4027678E+02 -0.9240894E-05 -0.3957955E-04 -0.3494975E-04
Ar 3752  0.4870914E+02  0.1842055E+02  0.4079056E+02 -0.3962621E-05 -0.1943266E-04 -0.7902736E-05
Ar 3753  0.4836038E+02  0.1616645E+02  0.4352430E+02 -0.1297072E-05 -0.7447426E-05  0.4637096E-04
Ar 3754  0.5140155E+02  0.1906864E+02  0.4343613E+02 -0.2318633E-04 -0.9421517E-04 -0.4780944E-04
Ar 3755  0.5148068E+02  0.1616566E+02  0.4546412E+02 -0.6090988E-04 -0.6553371E-04 -0.9745941E-04
Ar 3756  0.4865483E+02  0.1888090E+02  0.4605139E+02  0.2464028E-04 -0.5731300E-04  0.5662347E-04
Ar 3757  0.4870884E+02  0.1600581E+02  0.4829451E+02  0.5067545E-04  0.6040485E-04  0.5892562E-04
Ar 3758  0.5158188E+02  0.1855316E+02  0.4832757E+02  0.7887817E-04 -0.6910764E-04  0.1729069E-04
Ar 3759  0.5125566E+02  0.1603745E+02  0.5136203E+02  0.4503090E-04  0.3500024E-04 -0.2413039E-04
Ar 3760  0.4847398E+02  0.1877880E+02  0.5114168E+02  0.3895135E-04 -0.8814450E-04  0.7241467E-04
Ar 3761  0.4844884E+02  0.2134260E+02  0.5396516E+02  0.4015210E-04 -0.2511831E-04  0.7829811E-04
Ar 3762  0.5123477E+02  0.2399595E+02  0.1512544E+00 -0.1374291E-04 -0.6610913E-04  0.1638327E-04
Ar 3763  0.5119201E+02  0.2126283E+02  0.2771933E+01 -0.3013227E-04 -0.4695131E-05  0.6588471E-04
Ar 3764  0.4867382E+02  0.2387105E+02  0.2888972E+01  0.9817706E-05 -0.9437829E-04  0.1532283E-04
Ar 3765  0.4836047E+02  0.2132389E+02  0.5560779E+01  0.6845077E-04 -0.6439273E-04  0.2914396E-04
Ar 3766  0.5094558E+02  0.2416221E+02  0.5358888E+01 -0.5113156E-06  0.6638362E-04 -0.1159359E-04
Ar 3767  0.5125953E+02  0.2139198E+02  0.8194459E+01  0.2182033E-04 -0.3683270E-04  0.1852380E-04
Ar 3768  0.4826431E+02  0.2428007E+02  0.8077863E+01  0.1853840E-04  0.4349834E-04 -0.8751470E-04
Ar 3769  0.4858795E+02  0.2148618E+02  0.1070096E+02 -0.3559743E-04 -0.5136611E-06 -0.1680371E-04
Ar 3770  0.5131762E+02  0.2413634E+02  0.1060721E+02 -0.8332885E-05 -0.2271637E-04 -0.3886721E-04
Ar 3771  0.5101967E+02  0.2143238E+02  0.1339923E+02 -0.1021202E-04  0.8766991E-04 -0.7157776E-04
Ar 3772  0.4844311E+02  0.2402530E+02  0.1344477E+02 -0.8268487E-04 -0.8999237E-04 -0.3611440E-04
Ar 3773  0.4831546E+02  0.2113780E+02  0.1596243E+02 -0.6073281E-05  0.1759709E-04 -0.4274568E-04
Ar 3774  0.5115567E+02  0.2397486E+02  0.1616283E+02 -0.2006160E-04  0.6593516E-04  0.1469478E-04
Ar 3775  0.5160479E+02  0.2139910E+02  0.1880613E+02  0.4959100E-04  0.1093106E-04 -0.5576629E-04
Ar 3776  0.4826692E+02  0.2387876E+02  0.1882034E+02  0.3004081E-04  0.5697006E-04 -0.2951287E-04
Ar 3777  0.4868625E+02  0.2162863E+02  0.2168284E+02 -0.3408852E-04  0.5102291E-04 -0.5907218E-04
Ar 3778  0.5107149E+02  0.2451477E+02  0.2181266E+02 -0.3275309E-04  0.2216882E-05 -0.7082054E-04
Ar 3779  0.5134451E+02  0.2144484E+02  0.2444991E+02  0.4101206E-04  0.2231716E-04  0.2549900E-04
Ar 3780  0.4817764E+02  0.2412294E+02  0.2439320E+02 -0.1843719E-04 -0.3191715E-04  0.3259043E-04
Ar 3781  0.4870684E+02  0.2151407E+02  0.2704248E+02 -0.1234493E-04  0.2651002E-04 -0.8205301E-04
Ar 3782  0.5122837E+02  0.2433539E+02  0.2680836E+02  0.2347009E-04  0.1082284E-03  0.7913104E-04
Ar 3783  0.5128289E+02  0.2134032E+02  0.2947700E+02  0.8399967E-04  0.3113626E-04 -0.6806107E-05
Ar 3784  0.4870812E+02  0.2420454E+02  0.2970588E+02 -0.3805663E-04 -0.5800044E-04  0.2376339E-04
Ar 3785  0.4852635E+02  0.2134734E+02  0.3238354E+02 -0.4106180E-04 -0.9413714E-05  0.7780804E-04
Ar 3786  0.5125705E+02  0.2420259E+02  0.3213340E+02 -0.8144099E-04  0.4920198E-04 -0.6093462E-04
Ar 3787  0.5123118E+02  0.2178422E+02  0.3522107E+02  0.7160317E-05  0.7205858E-04 -0.1579866E-04
Ar 3788  0.4858424E+02  0.2411861E+02  0.3491688E+02  0.6326707E-04 -0.5139783E-04 -0.8075533E-05
Ar 3789  0.4864598E+02  0.2170063E+02  0.3767310E+02 -0.4273104E-04  0.5870031E-04 -0.3095200E-04
Ar 3790  0.5112388E+02  0.2427097E+02  0.3786902E+02 -0.7529044E-05 -0.7593303E-04  0.2771524E-04
Ar 3791  0.5094111E+02  0.2122000E+02  0.4049608E+02  0.9185200E-04 -0.7262389E-04 -0.2761721E-04
Ar 3792  0.4863243E+02  0.2431750E+02  0.4056289E+02  0.1843974E-04  0.3499120E-04 -0.9001475E-04
Ar 3793  0.4850518E+02  0.2142601E+02  0.4320658E+02 -0.4032626E-04  0.4188432E-04  0.1133005E-04
Ar 3794  0.5093138E+02  0.2432989E+02  0.4336444E+02  0.2313698E-04 -0.3659281E-05  0.4562406E-04
Ar 3795  0.5133207E+02  0.2170933E+02  0.4613628E+02  0.9391271E-05 -0.2424780E-04 -0.6910627E-04
Ar 3796  0.4828008E+02  0.2393939E+02  0.4613481E+02 -0.1225014E-04 -0.3377583E-04 -0.2081717E-06
Ar 3797  0.4852878E+02  0.2144375E+02  0.4871086E+02  0.9374801E-06  0.8971338E-04 -0.3274024E-05
Ar 3798  0.5109774E+02  0.2416217E+02  0.4897944E+02  0.5914634E-04 -0.2071308E-04  0.1353185E-05
Ar 3799  0.5130065E+02  0.2132580E+02  0.5112228E+02  0.9171731E-04 -0.3329990E-05  0.6437963E-04
Ar 3800  0.4846741E+02  0.2410168E+02  0.5134114E+02 -0.1509523E-04 -0.1634048E-04  0.8428570E-04
Ar 3801  0.4833260E+02  0.2666094E+02  0.5389149E+02 -0.2559185E-04  0.1979719E-04  0.4323190E-04
Ar 3802  0.5113913E+02  0.2949091E+02  0.2745693E+00 -0.3446417E-04  0.2618656E-04 -0.7433573E-04
Ar 3803  0.5116005E+02  0.2663930E+02  0.2694349E+01  0.1826460E-04  0.6355440E-05  0.7363528E-06
Ar 3804  0.4839899E+02  0.2932992E+02  0.2640980E+01 -0.4101740E-05 -0.3204481E-04 -0.3856834E-04
Ar 3805  0.4839362E+02  0.2727451E+02  0.5457251E+01 -0.1961654E-04  0.4880141E-04 -0.3675537E-04
Ar 3806  0.5149745E+02  0.2976262E+02  0.5150040E+01  0.4943433E-04  0.3452578E-04 -0.9082585E-05
Ar 3807  0.5099213E+02  0.2693155E+02  0.7972073E+01  0.9087966E-04  0.1287091E-03  0.7340631E-04
Ar 3808  0.4792745E+02  0.2940733E+02  0.8202937E+01 -0.2841024E-04 -0.5675587E-04 -0.1004182E-04
Ar 3809  0.4855924E+02  0.2680610E+02  0.1078877E+02  0.4955029E-04  0.1109417E-04  0.1008423E-03
Ar 3810  0.5130438E+02  0.2989453E+02  0.1095162E+02 -0.5298137E-04 -0.6361769E-05 -0.6088525E-04
Ar 3811  0.5132205E+02  0.2674597E+02  0.1321997E+02 -0.9630767E-05  0.6119909E-04 -0.1393988E-04
Ar 3812  0.4887771E+02  0.2978087E+02  0.1360109E+02  0.3513571E-05 -0.3208161E-05 -0.6339428E-06
Ar 3813  0.4866014E+02  0.2696761E+02  0.1595674E+02  0.4152709E-04 -0.7945116E-04 -0.5761433E-04
Ar 3814  0.5136596E+02  0.2976817E+02  0.1638477E+02  0.5020566E-04  0.1567250E-04 -0.5105945E-04
Ar 3815  0.5114880E+02  0.2708758E+02  0.1889128E+02 -0.1597270E-04 -0.2893841E-04  0.6335712E-04
Ar 3816  0.4833328E+02  0.2966004E+02  0.1874257E+02 -0.2764394E-04  0.5823796E-04 -0.7018914E-04
Ar 3817  0.4828536E+02  0.2693515E+02  0.2095718E+02  0.2052259E-04  0.1163355E-04 -0.3105746E-04
Ar 3818  0.5108596E+02  0.2954648E+02  0.2136931E+02 -0.2653002E-04 -0.1725712E-05  0.4290834E-04
Ar 3819  0.5121722E+02  0.2708044E+02  0.2422988E+02 -0.3240624E-04 -0.3585871E-04  0.3647780E-04
Ar 3820  0.4836341E+02  0.2947849E+02  0.2422518E+02  0.6571986E-04  0.5163779E-04 -0.1067116E-03
Ar 3821  0.4853891E+02  0.2684944E+02  0.2677508E+02 -0.2830598E-04  0.8165524E-04 -0.5131239E-04
Ar 3822  0.5133529E+02  0.2929040E+02  0.2703008E+02 -0.2284254E-04 -0.3470184E-04  0.2787929E-04
Ar 3823  0.5134889E+02  0.2695603E+02  0.2979209E+02  0.8206682E-05  0.5280171E-05  0.2968981E-05
Ar 3824  0.4841491E+02  0.2964417E+02  0.2955826E+02  0.1228252E-04 -0.4768446E-04 -0.6165011E-04
Ar 3825  0.4836102E+02  0.2725498E+02  0.3245178E+02  0.1909524E-04  0.1955813E-04  0.4222350E-04
Ar 3826  0.5109933E+02  0.2983234E+02  0.3210524E+02 -0.4261114E-04 -0.5818132E-04  0.4384648E-04
Ar 3827  0.5149898E+02  0.2661532E+02  0.3519596E+02 -0.6436827E-05 -0.5173899E-04  0.2535578E-04
Ar 3828  0.4856861E+02  0.2948916E+02  0.3528088E+02 -0.7480610E-05  0.4528599E-04  0.3686204E-04
Ar 3829  0.4875694E+02  0.2679579E+02  0.3798130E+02  0.6239917E-05  0.3379786E-05 -0.5853720E-04
Ar 3830  0.5113054E+02  0.2975743E+02  0.3804092E+02  0.1419371E-05  0.9564065E-04 -0.1326639E-04
Ar 3831  0.5116068E+02  0.2682907E+02  0.4081971E+02  0.2064145E-04 -0.5397135E-04 -0.1106195E-03
Ar 3832  0.4834570E+02  0.2943731E+02  0.4087806E+02 -0.5567475E-04  0.4030799E-04 -0.3493140E-05
Ar 3833  0.4859423E+02  0.2698190E+02  0.4352674E+02 -0.1961854E-04  0.8642758E-04 -0.5493181E-05
Ar 3834  0.5143303E+02  0.2947074E+02  0.4311601E+02 -0.5635640E-04  0.5282316E-04  0.3225875E-04
Ar 3835  0.5111992E+02  0.2708442E+02  0.4602776E+02 -0.8857151E-04  0.5136788E-04 -0.8678380E-04
Ar 3836  0.4878320E+02  0.2985051E+02  0.4601962E+02  0.4150183E-04 -0.5550173E-04  0.2340990E-04
Ar 3837  0.4837148E+02  0.2686871E+02  0.4851456E+02 -0.9835401E-05 -0.1815455E-04 -0.8330909E-04
Ar 3838  0.5120134E+02  0.2988909E+02  0.4874667E+02 -0.1873859E-04  0.2299426E-04 -0.1127187E-04
Ar 3839  0.5115203E+02  0.2690775E+02  0.5132426E+02 -0.1307229E-04 -0.4440740E-04 -0.1524380E-04
Ar 3840  0.4866185E+02  0.2955118E+02  0.5133676E+02  0.2873830E-04  0.6969663E-05 -0.7490169E-04
Ar 3841  0.4875468E+02  0.3226651E+02  0.5378906E+02 -0.4085519E-04 -0.8151746E-04 -0.1008825E-03
Ar 3842  0.5151210E+02  0.3518529E+02  0.5389050E+02 -0.9078290E-05 -0.3266107E-04  0.1671405E-04
Ar 3843  0.5108703E+02  0.3209759E+02  0.2405987E+01  0.6263636E-04 -0.3932691E-04  0.1044506E-04
Ar 3844  0.4875865E+02  0.3491038E+02  0.2583676E+01 -0.1661133E-04 -0.7433953E-05  0.4743252E-05
Ar 3845  0.4813075E+02  0.3217463E+02  0.5130347E+01  0.1215916E-04  0.6631558E-05 -0.1116753E-04
Ar 3846  0.5116418E+02  0.3459941E+02  0.5109452E+01  0.4711060E-04 -0.4758226E-04  0.6212626E-04
Ar 3847  0.5116322E+02  0.3194990E+02  0.7881835E+01  0.3746516E-04  0.3282460E-04 -0.4690514E-04
Ar 3848  0.4867382E+02  0.3493175E+02  0.8076494E+01  0.7318806E-04  0.1798361E-04 -0.1470190E-04
Ar 3849  0.4863209E+02  0.3242259E+02  0.1054505E+02  0.5517463E-04  0.1969792E-04  0.8678411E-05
Ar 3850  0.5139183E+02  0.3507131E+02  0.1044709E+02  0.4104707E-04  0.1646836E-05  0.2685045E-04
Ar 3851  0.5146686E+02  0.3247823E+02  0.1346573E+02  0.1727430E-04  0.2762489E-04  0.1930150E-04
Ar 3852  0.4855195E+02  0.3508381E+02  0.1342242E+02 -0.2104687E-04  0.2728059E-04  0.1326720E-04
Ar 3853  0.4839022E+02  0.3241810E+02  0.1626322E+02  0.2831278E-04  0.8434437E-06  0.4666489E-04
Ar 3854  0.5115422E+02  0.3499810E+02  0.1590315E+02 -0.7519403E-05  0.7657380E-05 -0.2613145E-05
Ar 3855  0.5143332E+02  0.3254734E+02  0.1892005E+02 -0.1360115E-04 -0.5679233E-05  0.3317702E-05
Ar 3856  0.4845378E+02  0.3458034E+02  0.1898255E+02  0.7998901E-04  0.1412220E-04  0.5899260E-04
Ar 3857  0.4859811E+02  0.3199698E+02  0.2159908E+02 -0.1176966E-05 -0.1121222E-04  0.6289728E-04
Ar 3858  0.5115110E+02  0.3490760E+02  0.2159353E+02  0.9804155E-04  0.5824676E-04 -0.1663106E-04
Ar 3859  0.5141501E+02  0.3204331E+02  0.2414664E+02  0.1201074E-04 -0.1525533E-04  0.8152458E-04
Ar 3860  0.4871830E+02  0.3461555E+02  0.2435232E+02 -0.9647877E-05  0.9231349E-04  0.6747434E-04
Ar 3861  0.4872741E+02  0.3198633E+02  0.2700542E+02  0.8195058E-04  0.2587478E-04  0.5013834E-04
Ar 3862  0.5129707E+02  0.3470719E+02  0.2685040E+02 -0.1555534E-04  0.5191337E-05  0.5592161E-04
Ar 3863  0.5107606E+02  0.3239327E+02  0.2968562E+02 -0.5301725E-04  0.7035175E-04 -0.3167667E-04
Ar 3864  0.4844571E+02  0.3521357E+02  0.2949779E+02 -0.4407714E-04 -0.4922949E-04  0.1576964E-04
Ar 3865  0.4813406E+02  0.3225890E+02  0.3256000E+02  0.1175768E-04  0.2781643E-04  0.5702380E-04
Ar 3866  0.5103839E+02  0.3492218E+02  0.3225116E+02  0.3362220E-04  0.6525545E-04 -0.8374323E-04
Ar 3867  0.5126947E+02  0.3214323E+02  0.3519865E+02  0.3334788E-04 -0.4276130E-04  0.4532020E-04
Ar 3868  0.4844710E+02  0.3493273E+02  0.3531274E+02  0.1206097E-04  0.6974480E-04 -0.7260902E-05
Ar 3869  0.4856240E+02  0.3251309E+02  0.3822275E+02 -0.3000983E-04 -0.3614617E-05  0.1122942E-03
Ar 3870  0.5117095E+02  0.3502986E+02  0.3791605E+02  0.5417543E-04  0.1746409E-04 -0.2815754E-04
Ar 3871  0.5135657E+02  0.3211788E+02  0.4072234E+02 -0.2441235E-04 -0.3066733E-04  0.5191837E-05
Ar 3872  0.4881472E+02  0.3495437E+02  0.4060561E+02  0.2632443E-04  0.4635127E-04  0.1710490E-04
Ar 3873  0.4868980E+02  0.3224972E+02  0.4329910E+02  0.1388281E-04 -0.7314456E-04 -0.2665747E-04
Ar 3874  0.5149424E+02  0.3473527E+02  0.4341632E+02 -0.3177052E-04 -0.3281621E-04 -0.5124259E-04
Ar 3875  0.5150185E+02  0.3211504E+02  0.4599163E+02 -0.5121960E-04  0.3001328E-04  0.7284261E-04
Ar 3876  0.4895608E+02  0.3472257E+02  0.4597438E+02  0.2547745E-04 -0.4823878E-04  0.2536765E-04
Ar 3877  0.4868676E+02  0.3243369E+02  0.4877334E+02 -0.1318369E-04  0.2129523E-04  0.3019470E-04
Ar 3878  0.5135158E+02  0.3485887E+02  0.4866510E+02 -0.6176467E-04  0.9966632E-04  0.4352762E-04
Ar 3879  0.5142224E+02  0.3245430E+02  0.5138284E+02  0.3524133E-04 -0.3087728E-04  0.3912681E-04
Ar 3880  0.4880167E+02  0.3516086E+02  0.5143102E+02  0.1472224E-04  0.5509931E-04  0.3876603E-04
Ar 3881  0.4859900E+02  0.3773667E+02  0.5399498E+02  0.4835574E-05  0.7022801E-04 -0.2049768E-04
Ar 3882  0.5132913E+02  0.4063105E+02  0.5373595E+02 -0.6115239E-04 -0.3768127E-04  0.4109999E-04
Ar 3883  0.5140853E+02  0.3776875E+02  0.2459421E+01  0.3357398E-05 -0.3529977E-04  0.2374342E-04
Ar 3884  0.4873911E+02  0.4031797E+02  0.2680213E+01  0.2268012E-04  0.9217279E-05 -0.1937162E-04
Ar 3885  0.4855085E+02  0.3773186E+02  0.5316213E+01  0.2509703E-04  0.1275362E-04 -0.3843466E-04
Ar 3886  0.5131438E+02  0.4008273E+02  0.5042991E+01  0.4111105E-04 -0.1418955E-04 -0.1055722E-03
Ar 3887  0.5149379E+02  0.3735157E+02  0.7773790E+01 -0.7347211E-04 -0.2836009E-04 -0.6919583E-05
Ar 3888  0.4866199E+02  0.4019056E+02  0.7870524E+01  0.6518087E-05 -0.1059544E-04 -0.2434788E-05
Ar 3889  0.4878196E+02  0.3759971E+02  0.1057104E+02  0.1799513E-04 -0.3927837E-04 -0.1939949E-04
Ar 3890  0.5147422E+02  0.4014663E+02  0.1061249E+02 -0.7100049E-05 -0.3707517E-04 -0.4982343E-04
Ar 3891  0.5143298E+02  0.3730988E+02  0.1327874E+02 -0.1057130E-03 -0.6313374E-04  0.2099701E-04
Ar 3892  0.4852651E+02  0.4027997E+02  0.1360728E+02  0.3988968E-04  0.1147882E-03 -0.2613454E-04
Ar 3893  0.4867767E+02  0.3776461E+02  0.1611400E+02  0.1419362E-04 -0.7609324E-04 -0.1393954E-04
Ar 3894  0.5126613E+02  0.4038550E+02  0.1610345E+02  0.2006454E-04  0.7885886E-05  0.1236802E-04
Ar 3895  0.5130146E+02  0.3775487E+02  0.1876645E+02 -0.1533034E-05 -0.2129251E-04 -0.3003996E-06
Ar 3896  0.4877023E+02  0.4022263E+02  0.1904427E+02  0.3946217E-04 -0.7837313E-05 -0.5802147E-04
Ar 3897  0.4841093E+02  0.3755340E+02  0.2164229E+02  0.3542147E-04 -0.4598521E-04  0.2187219E-05
Ar 3898  0.5149667E+02  0.4026314E+02  0.2172097E+02 -0.5037417E-04 -0.2561016E-04  0.3278677E-04
Ar 3899  0.5131250E+02  0.3737639E+02  0.2419922E+02  0.3096055E-04 -0.5502573E-04 -0.8775768E-04
Ar 3900  0.4895457E+02  0.4051517E+02  0.2424914E+02  0.3529522E-04 -0.7579358E-04 -0.3504734E-05
Ar 3901  0.4858489E+02  0.3784203E+02  0.2715162E+02 -0.4291085E-04 -0.7923975E-04 -0.1637692E-05
Ar 3902  0.5134825E+02  0.4028897E+02  0.2697297E+02 -0.1907000E-05 -0.4576960E-04  0.2250785E-04
Ar 3903  0.5167227E+02  0.3776967E+02  0.2953655E+02 -0.2425143E-05  0.1122595E-04  0.6180950E-05
Ar 3904  0.4876400E+02  0.4029265E+02  0.2983554E+02  0.7443553E-04  0.8528987E-04 -0.6710978E-04
Ar 3905  0.4840578E+02  0.3785371E+02  0.3261737E+02 -0.2909631E-05  0.2258818E-05 -0.4780709E-04
Ar 3906  0.5124743E+02  0.4065810E+02  0.3240970E+02 -0.4029174E-04 -0.1777877E-04  0.7789638E-04
Ar 3907  0.5119812E+02  0.3765905E+02  0.3482081E+02 -0.7664898E-04  0.1511743E-04 -0.3375641E-04
Ar 3908  0.4861301E+02  0.4069452E+02  0.3521443E+02  0.4662677E-04  0.1533325E-04 -0.4070360E-04
Ar 3909  0.4863206E+02  0.3792829E+02  0.3789792E+02 -0.1207680E-04  0.8180633E-05  0.1218496E-04
Ar 3910  0.5137540E+02  0.4080176E+02  0.3759884E+02 -0.1047588E-04 -0.2152367E-04  0.5814121E-04
Ar 3911  0.5110570E+02  0.3759929E+02  0.4080161E+02  0.8355420E-07  0.2334739E-04 -0.5038374E-04
Ar 3912  0.4841410E+02  0.4039024E+02  0.4052016E+02 -0.9814400E-05  0.4947408E-04 -0.2145946E-04
Ar 3913  0.4864185E+02  0.3808650E+02  0.4337196E+02  0.2843168E-04  0.5203058E-04  0.1376563E-04
Ar 3914  0.5153405E+02  0.4053195E+02  0.4304011E+02 -0.4986641E-04  0.1193724E-04  0.1422600E-04
Ar 3915  0.5136563E+02  0.3795970E+02  0.4590454E+02  0.3443742E-04 -0.2054849E-04  0.2007035E-04
Ar 3916  0.4875371E+02  0.4069999E+02  0.4568344E+02  0.5543877E-04 -0.1256011E-04  0.1337940E-04
Ar 3917  0.4854130E+02  0.3812027E+02  0.4843984E+02  0.3028507E-04  0.1171296E-03 -0.1984512E-04
Ar 3918  0.5125808E+02  0.4064524E+02  0.4844665E+02  0.2416708E-04 -0.5280562E-04 -0.2673340E-05
Ar 3919  0.5130692E+02  0.3798849E+02  0.5118022E+02 -0.1446354E-03  0.2642909E-05  0.1074979E-04
Ar 3920  0.4870726E+02  0.4048343E+02  0.5127314E+02  0.2483109E-04 -0.2735389E-04  0.6857318E-04
Ar 3921  0.4867443E+02  0.4295657E+02  0.7580919E-01 -0.8148744E-04  0.3199040E-05 -0.3758780E-04
Ar 3922  0.5140497E+02  0.4572353E+02  0.5390537E+02  0.8694632E-05 -0.3486009E-04  0.3999269E-05
Ar 3923  0.5140415E+02  0.4331489E+02  0.2518027E+01  0.1527116E-04  0.2050207E-04 -0.2063860E-04
Ar 3924  0.4896813E+02  0.4565802E+02  0.2449322E+01  0.4458581E-04  0.1088287E-03 -0.5447573E-04
Ar 3925  0.4872952E+02  0.4303031E+02  0.5337130E+01 -0.9963306E-05  0.1195726E-03 -0.2053344E-04
Ar 3926  0.5120269E+02  0.4576077E+02  0.5409609E+01  0.6032388E-05  0.6832895E-05 -0.2689129E-04
Ar 3927  0.5146415E+02  0.4302988E+02  0.8089541E+01 -0.9599551E-05  0.6820707E-05 -0.6198080E-04
Ar 3928  0.4881043E+02  0.4559063E+02  0.7990767E+01 -0.3603471E-04  0.3804902E-04 -0.1071065E-04
Ar 3929  0.4852048E+02  0.4287600E+02  0.1088136E+02 -0.1937944E-06  0.2578452E-04  0.7399970E-04
Ar 3930  0.5130121E+02  0.4579074E+02  0.1083892E+02  0.5122162E-04 -0.6025126E-04 -0.1745260E-04
Ar 3931  0.5110986E+02  0.4285589E+02  0.1347373E+02 -0.6081026E-04 -0.1328761E-04  0.2363286E-05
Ar 3932  0.4820543E+02  0.4577197E+02  0.1312464E+02  0.1021939E-04  0.1013577E-03 -0.4733190E-05
Ar 3933  0.4868572E+02  0.4301378E+02  0.1618291E+02  0.9373684E-05 -0.1993358E-04 -0.1468434E-04
Ar 3934  0.5115563E+02  0.4589444E+02  0.1574441E+02 -0.6808893E-04 -0.7149356E-04 -0.3355167E-04
Ar 3935  0.5141108E+02  0.4313917E+02  0.1888721E+02  0.1403777E-04 -0.4031716E-04 -0.8700589E-04
Ar 3936  0.4843919E+02  0.4554216E+02  0.1879103E+02 -0.2559390E-04 -0.3362073E-04  0.6111220E-04
Ar 3937  0.4852958E+02  0.4300580E+02  0.2126849E+02  0.1395711E-04 -0.1416802E-04  0.6782650E-04
Ar 3938  0.5161728E+02  0.4554114E+02  0.2142690E+02 -0.1990149E-05  0.9804980E-07 -0.6013699E-04
Ar 3939  0.5116968E+02  0.4318830E+02  0.2418843E+02  0.1548186E-04  0.2988739E-04  0.2450939E-04
Ar 3940  0.4835027E+02  0.4559711E+02  0.2411883E+02 -0.7222683E-05  0.3702245E-04  0.1725450E-04
Ar 3941  0.4837757E+02  0.4297067E+02  0.2720063E+02 -0.3034162E-04 -0.3557126E-04 -0.1085117E-03
Ar 3942  0.5121258E+02  0.4587660E+02  0.2676065E+02 -0.3989297E-05  0.5006971E-04 -0.6791894E-04
Ar 3943  0.5141874E+02  0.4311455E+02  0.2953814E+02 -0.2822917E-04 -0.4852710E-04 -0.5274725E-04
Ar 3944  0.4850715E+02  0.4578237E+02  0.2954143E+02  0.1004722E-03  0.5136137E-04  0.5631903E-04
Ar 3945  0.4878118E+02  0.4318186E+02  0.3246910E+02  0.4851307E-04 -0.1693526E-04  0.7108564E-04
Ar 3946  0.5128420E+02  0.4590120E+02  0.3244029E+02  0.1652666E-04 -0.3255755E-04 -0.1379746E-04
Ar 3947  0.5144259E+02  0.4317638E+02  0.3510417E+02 -0.1739451E-04  0.6560183E-04  0.3097187E-04
Ar 3948  0.4871188E+02  0.4570581E+02  0.3507889E+02 -0.2637766E-04 -0.8522246E-04 -0.4031426E-04
Ar 3949  0.4869130E+02  0.4323541E+02  0.3783582E+02  0.2973210E-04 -0.4500114E-04  0.1110487E-04
Ar 3950  0.5112372E+02  0.4594358E+02  0.3770706E+02 -0.3368567E-04 -0.7590902E-04 -0.1418616E-04
Ar 3951  0.5145332E+02  0.4330844E+02  0.4055500E+02 -0.8456180E-04 -0.2714365E-04  0.1236891E-04
Ar 3952  0.4894341E+02  0.4584247E+02  0.4038895E+02  0.8036951E-05 -0.1795747E-04  0.1072021E-03
Ar 3953  0.4864005E+02  0.4314847E+02  0.4302799E+02  0.3361238E-04  0.6988959E-04  0.1030930E-04
Ar 3954  0.5134482E+02  0.4562467E+02  0.4311056E+02 -0.2073188E-04  0.1054682E-04 -0.1999435E-04
Ar 3955  0.5157378E+02  0.4297809E+02  0.4585291E+02 -0.5412392E-04  0.3517830E-04 -0.7023312E-04
Ar 3956  0.4879680E+02  0.4574840E+02  0.4595028E+02 -0.1269157E-04  0.3106426E-04  0.5707949E-04
Ar 3957  0.4862805E+02  0.4302927E+02  0.4852049E+02  0.7780391E-04  0.4063145E-04 -0.1000557E-04
Ar 3958  0.5140820E+02  0.4571212E+02  0.4849146E+02  0.2700778E-04  0.2046311E-04  0.7865833E-05
Ar 3959  0.5143081E+02  0.4341238E+02  0.5122314E+02  0.9674558E-04 -0.3576895E-04  0.4122545E-04
Ar 3960  0.4852221E+02  0.4560328E+02  0.5126378E+02  0.4340804E-04  0.2364385E-04 -0.5919293E-04
Ar 3961  0.4872959E+02  0.4856992E+02  0.5353732E+02  0.1503367E-04  0.3278792E-05 -0.5608031E-04
Ar 3962  0.5140819E+02  0.5115689E+02  0.4383684E-02  0.2000580E-06  0.9180808E-05  0.6460728E-04
Ar 3963  0.5135114E+02  0.4853253E+02  0.2718091E+01  0.7180909E-04 -0.1937362E-04 -0.2059094E-04
Ar 3964  0.4845186E+02  0.5145801E+02  0.2506368E+01  0.3294440E-05  0.5988177E-04  0.4023567E-04
Ar 3965  0.4864572E+02  0.4821166E+02  0.5229213E+01  0.6551973E-04  0.4408759E-04 -0.1853268E-04
Ar 3966  0.5108528E+02  0.5081217E+02  0.5332228E+01  0.2533966E-04  0.2163347E-04  0.1699420E-04
Ar 3967  0.5140745E+02  0.4823918E+02  0.8260406E+01  0.1462335E-04  0.3545587E-04 -0.6345939E-04
Ar 3968  0.4845476E+02  0.5099776E+02  0.7896545E+01 -0.7617441E-04 -0.5992335E-04  0.5602620E-04
Ar 3969  0.4836052E+02  0.4828060E+02  0.1053279E+02 -0.6680310E-04  0.1453577E-05  0.5576355E-04
Ar 3970  0.5098494E+02  0.5105293E+02  0.1039955E+02  0.4760277E-04 -0.2063112E-04 -0.1375197E-04
Ar 3971  0.5121825E+02  0.4837607E+02  0.1306974E+02  0.6855926E-06  0.9763922E-04  0.5512222E-06
Ar 3972  0.4855647E+02  0.5064765E+02  0.1324529E+02 -0.7936371E-05 -0.2878055E-04 -0.8260747E-04
Ar 3973  0.4882742E+02  0.4859476E+02  0.1622059E+02 -0.8439161E-04  0.9768573E-04  0.5428328E-04
Ar 3974  0.5127376E+02  0.5114991E+02  0.1605187E+02 -0.4073043E-04  0.8318123E-04  0.4909485E-04
Ar 3975  0.5144692E+02  0.4847359E+02  0.1870592E+02 -0.4965182E-04  0.5633783E-05 -0.6544495E-04
Ar 3976  0.4849211E+02  0.5103050E+02  0.1879011E+02 -0.1604930E-04 -0.6488049E-04  0.2415770E-06
Ar 3977  0.4876802E+02  0.4822198E+02  0.2135941E+02  0.2344155E-04 -0.3757370E-04  0.1837191E-04
Ar 3978  0.5157866E+02  0.5087287E+02  0.2178195E+02 -0.6878150E-04  0.6694981E-04  0.5913085E-05
Ar 3979  0.5133907E+02  0.4850973E+02  0.2431044E+02  0.7032308E-05  0.2562895E-04  0.6465836E-04
Ar 3980  0.4843728E+02  0.5105951E+02  0.2388461E+02  0.2370300E-04  0.2274530E-04 -0.1010016E-04
Ar 3981  0.4877183E+02  0.4869483E+02  0.2680709E+02  0.2696984E-04  0.5657281E-05 -0.3904339E-04
Ar 3982  0.5106036E+02  0.5143384E+02  0.2667610E+02 -0.3356369E-04 -0.2832329E-04 -0.1945738E-04
Ar 3983  0.5103511E+02  0.4852944E+02  0.2945333E+02  0.4146565E-04 -0.1784244E-04  0.8764455E-04
Ar 3984  0.4857897E+02  0.5121247E+02  0.2972084E+02  0.3187872E-04 -0.5542068E-04  0.5288456E-04
Ar 3985  0.4850374E+02  0.4851733E+02  0.3212269E+02  0.2828643E-05 -0.1432431E-05  0.1661277E-04
Ar 3986  0.5156543E+02  0.5103881E+02  0.3260310E+02 -0.3263410E-04  0.4850717E-04  0.1723446E-04
Ar 3987  0.5130109E+02  0.4836753E+02  0.3489718E+02 -0.6343366E-04 -0.4157089E-04 -0.2904366E-04
Ar 3988  0.4878535E+02  0.5103315E+02  0.3493559E+02 -0.1490607E-05  0.5431930E-04  0.5661884E-04
Ar 3989  0.4858557E+02  0.4851338E+02  0.3760740E+02 -0.1187077E-04 -0.1818216E-04  0.1592263E-04
Ar 3990  0.5141898E+02  0.5121299E+02  0.3755917E+02  0.4897421E-04  0.8075492E-05  0.4943036E-04
Ar 3991  0.5126928E+02  0.4855427E+02  0.4086158E+02 -0.3026010E-04  0.4096895E-04 -0.4092578E-04
Ar 3992  0.4894380E+02  0.5138283E+02  0.4075072E+02  0.2113101E-05  0.2381157E-04  0.2330378E-04
Ar 3993  0.4840782E+02  0.4860551E+02  0.4316575E+02  0.6793442E-04 -0.4356439E-04  0.6535297E-04
Ar 3994  0.5143775E+02  0.5112579E+02  0.4316180E+02  0.8049630E-04 -0.9286175E-05 -0.4812904E-04
Ar 3995  0.5133573E+02  0.4837500E+02  0.4602000E+02  0.2053487E-04  0.4355242E-04  0.2091555E-04
Ar 3996  0.4857275E+02  0.5127559E+02  0.4580807E+02 -0.6919209E-04 -0.3760440E-04  0.3744373E-05
Ar 3997  0.4850095E+02  0.4842290E+02  0.4827539E+02 -0.9329405E-05  0.1482035E-04 -0.8670366E-04
Ar 3998  0.5116198E+02  0.5138347E+02  0.4845408E+02 -0.3546292E-04 -0.1108172E-04  0.2377551E-04
Ar 3999  0.5107879E+02  0.4856939E+02  0.5109989E+02  0.1896076E-05  0.1512114E-04  0.3087680E-04
Ar 4000  0.4858869E+02  0.5159289E+02  0.5133247E+02  0.1183701E-04 -0.3477944E-04 -0.8134726E-04
   0.540135398714439E+02   0.000000000000000E+00   0.000000000000000E+00
   0.000000000000000E+00   0.540135398714439E+02   0.000000000000000E+00
   0.000000000000000E+00   0.000000000000000E+00   0.540135398714439E+02
