  -4.9515528285650747E-003   89.700528817107681        159.22067522952531       -4.9515528285650747E-003
  -5.0931819898453858E-003   89.730544510258667        159.22048708761491       -5.0223674092052303E-003
  -5.1826993981614394E-003   89.755205163605922        159.22016870502978       -5.0758114055239672E-003
  -5.2329611648854364E-003   89.773972298057018        159.21971791689830       -5.1150988453643343E-003
  -5.2203716682866150E-003   89.786506659716622        159.21913350605948       -5.1361534099487903E-003
  -5.1623170188153369E-003   89.792661211259926        159.21841577257806       -5.1405140114265486E-003
  -5.0626823734765628E-003   89.792368605685994        159.21756611456826       -5.1293952060051220E-003
  -4.8998207383336373E-003   89.785793605233778        159.21658693375150       -5.1006983975461859E-003
  -4.6772788897019926E-003   89.773193547441466        159.21548215836708       -5.0536517855634981E-003
  -4.4138794490990322E-003   89.754894301685482        159.21425715692112       -4.9896745519170515E-003
  -4.1277091535085464E-003   89.731399890134654        159.21291828458342       -4.9113140611526419E-003
  -3.7874371000814634E-003   89.703181990605671        159.21147244610333       -4.8176576477300436E-003
  -3.4136414161951381E-003   89.670890805211613        159.20992785208489       -4.7096563991504354E-003
  -3.0112538329050320E-003   89.635146379786221        159.20829352192951       -4.5883419301329057E-003
  -2.5857401850283399E-003   89.596719696168350        159.20657916558807       -4.4548351471259354E-003
  -2.1397549451509078E-003   89.556422437417822        159.20479505083972       -4.3101426345024960E-003
  -1.6947119812897363E-003   89.515188621755755        159.20295193957384       -4.1562937725488037E-003
  -1.2289556533765405E-003   89.473852586628922        159.20106057047806       -3.9936638770392335E-003
  -7.6922867069761003E-004   89.433457013713621        159.19913218264583       -3.8239567609159898E-003
  -3.3215873016870879E-004   89.395025641688463        159.19717786934109       -3.6493668593786258E-003
   8.9472753444859969E-005   89.359555016572997        159.19520817702437       -3.4713268778156026E-003
   4.6903503428908153E-004   89.328022343659043        159.19323327926691       -3.2922195181744811E-003
   8.3151030291041522E-004   89.301440742402349        159.19126233423128       -3.1129269172577466E-003
   1.1469964165995521E-003   89.280708083195407        159.18930408793315       -2.9354301116803587E-003
   1.4399161465652179E-003   89.266472278405061        159.18736615231248       -2.7604162613505357E-003
   1.6795145185695718E-003   89.259146182707553        159.18545559511122       -2.5896496928920700E-003
   1.8945344539950167E-003   89.258807425866593        159.18357819710113       -2.4235687985629190E-003
   2.0676133279488701E-003   89.265064792933927        159.18173914516868       -2.2631694369017836E-003
   2.2073786875401952E-003   89.277163725076505        159.17994261489645       -2.1090126050244740E-003
   2.3192398175537251E-003   89.294043775114986        159.17819197738294       -1.9614041909385340E-003
   2.4054809355117278E-003   89.314435260177376        159.17648993120045       -1.8205369287949771E-003
   2.4826880673789846E-003   89.336797272037813        159.17483855641055       -1.6860611476645407E-003
   2.5617217085549824E-003   89.359737272817355        159.17323971545375       -1.5573404550518280E-003
   2.6531189633474789E-003   89.381807981156712        159.17169531464526       -1.4335034133342011E-003
   2.7527837550935285E-003   89.401737075255042        159.17020755870939       -1.3138952085219803E-003
   2.8554258786574198E-003   89.418466907720060        159.16877885227510       -1.1980807338781080E-003
   2.9853730242573452E-003   89.431177630581175        159.16741167151659       -1.0850144160906635E-003
   3.1379913187055274E-003   89.439346879566472        159.16610915148701       -9.7388268622760569E-004
   3.3188216729043022E-003   89.442596212280321        159.16487497415494       -8.6381334368576198E-004
   3.5229335271829598E-003   89.440869157298465        159.16371350201482       -7.5414467191404393E-004
   3.7352670618247021E-003   89.434316085491048        159.16262965999798       -6.4464682474968426E-004
   3.9524601637207796E-003   89.423362212314217        159.16162857143209       -5.3519189645276854E-004
   4.2034607272012576E-003   89.408590235462000        159.16071547703621       -4.2499067264686094E-004
   4.4493419765405870E-003   89.390818428642859        159.15989643369710       -3.1421038516532806E-004
   4.6944864097451496E-003   89.371115180716501        159.15917737496682       -2.0290601194509521E-004
   4.9382775777630939E-003   89.350685325704873        159.15856421707244       -9.1141151299265014E-005
   5.1522343753987801E-003   89.330770145076329        159.15806284386414        2.0420030119842324E-005
   5.3657274353068937E-003   89.312702801713030        159.15767842036769        1.3178060106123923E-004
   5.5275950436717109E-003   89.297616151140730        159.15741610105459        2.4189926315533049E-004
   5.6495420082434055E-003   89.286501959453105        159.15727979543058        3.5005211805709204E-004
   5.7425849586774207E-003   89.280137150123238        159.15727245074655        4.5578805610847100E-004
   5.7928801169583183E-003   89.279024449397056        159.15739631696621        5.5842444189404497E-004
   5.7916130768669409E-003   89.283330028357923        159.15765261369725        6.5716385010108078E-004
   5.7639683865452623E-003   89.293094844585696        159.15804131763184        7.5173430447967671E-004
   5.7042622383599601E-003   89.308103796961063        159.15856176937527        8.4178026691386371E-004
   5.5879162729430753E-003   89.328132170044611        159.15921253634002        9.2653269559295670E-004
   5.4372306783517050E-003   89.352947933864300        159.15999081998015        1.0056677479220576E-003
   5.2329116802966209E-003   89.382190415199915        159.16089299329045        1.0785512639974811E-003
   5.0076936755573294E-003   89.415633488767156        159.16191413629574        1.1451468980917157E-003
   4.7436029405673371E-003   89.452986197757639        159.16304882485917        1.2051211654663095E-003
   4.4464664647309244E-003   89.493998658470758        159.16429069697853        1.2582579736509752E-003
   4.1394893036259418E-003   89.538442461336075        159.16563259340353        1.3047294467150876E-003
   3.7924534238948995E-003   89.585934907106960        159.16706711695963        1.3442171288925451E-003
   3.4271038685990520E-003   89.636064672048875        159.16858590393744        1.3767622342004593E-003
   3.0426992100569196E-003   89.688320440750275        159.17018014857612        1.4023920338290202E-003
   2.6531366083543165E-003   89.742088204431965        159.17184058479026        1.4213427092006157E-003
   2.2451207216697012E-003   89.796615892190971        159.17355782071692        1.4336379034165722E-003
   1.8340399566381786E-003   89.851243236793408        159.17532201816675        1.4395261689051251E-003
   1.4197545497575499E-003   89.905247933938654        159.17712326382761        1.4392396237000878E-003
   1.0204681744675167E-003   89.958078150093343        159.17895156670176        1.4332571744253369E-003
   6.3004445199519590E-004   90.009258914600139        159.18079729609792        1.4219443191798421E-003
   2.6522736265671438E-004   90.058366159793550        159.18265103428288        1.4058788058947988E-003
  -1.0441893637565883E-004   90.105222179731641        159.18450398099728        1.3851897957267102E-003
  -4.5780151802047930E-004   90.149746321678805        159.18634721860957        1.3602845077030996E-003
  -7.9019601975510701E-004   90.192046769883589        159.18817222193209        1.3316114340036569E-003
  -1.1098456855664662E-003   90.232262709611618        159.18997097196450        1.2994869982198396E-003
  -1.3990090434900751E-003   90.270738915054281        159.19173575744765        1.2644415950807497E-003
  -1.6983884620609120E-003   90.307876096204836        159.19345960328675        1.2264565943481641E-003
  -1.9888408682590566E-003   90.344081304899007        159.19513528858730        1.1857566264670601E-003
  -2.2615867865952927E-003   90.379780911781253        159.19675580805702        1.1426648338037806E-003
  -2.5246686115822014E-003   90.415196799107051        159.19831458483586        1.0973891122558056E-003
  -2.7929866648543494E-003   90.450426659785563        159.19980527601865        1.0499455052178769E-003
  -3.0581335840798364E-003   90.485348856103982        159.20122141292651        1.0004505764311575E-003
  -3.2941151524132047E-003   90.519706616234984        159.20255660434904        9.4932479394491522E-004
  -3.5115259811240767E-003   90.553007214918736        159.20380516359029        8.9684419659116234E-004
  -3.7478121498397401E-003   90.584593456085017        159.20496185256096        8.4283656465591926E-004
  -3.9280269933738921E-003   90.613841669654462        159.20602097820799        7.8799905249465701E-004
  -4.0922135352925559E-003   90.640122921207492        159.20697820046755        7.3254209126980235E-004
  -4.2090017141260547E-003   90.662826304456857        159.20782956665698        6.7701912716423092E-004
  -4.2952624064347992E-003   90.681546851245187        159.20857226810793        6.2177155456868613E-004
  -4.3324530792545786E-003   90.696046477976509        159.20920423287305        5.6732952562557344E-004
  -4.3332055477796052E-003   90.706345629081810        159.20972457360051        5.1406284004508235E-004
  -4.3186894149657906E-003   90.712731777668665        159.21013328258391        4.6209776203421271E-004
  -4.2879122155922893E-003   90.715725171411222        159.21043072041232        4.1156574099563288E-004
  -4.2216349922483730E-003   90.715910703888042        159.21061763966907        3.6279520696148540E-004
  -4.1310130586926308E-003   90.714169675083454        159.21069564965669        3.1598470419425505E-004
  -4.0152962278572554E-003   90.711227936242906        159.21066694673769        2.7133232345145599E-004
  -3.8990821833692030E-003   90.707964118521645        159.21053433232157        2.2877707338185742E-004
  -3.7710183756290289E-003   90.705147166904084        159.21030061954249        1.8837509914942422E-004
  -3.6492615127886592E-003   90.703366060533185        159.20996890700823        1.4999873303004339E-004
  -3.5082302250271642E-003   90.703008185804507        159.20954213932842        1.1377864433640766E-004
  -3.3705815709077899E-003   90.704153372234302        159.20902372606488        7.9618250069307664E-005
  -3.2350038234725161E-003   90.706679390520307        159.20841699399298        4.7437453238804520E-005
  -3.0789714836604986E-003   90.710334218765880        159.20772521892562        1.7375828845541994E-005
  -2.9268998600050296E-003   90.714650670060962        159.20695216925552       -1.0664892000653928E-005
  -2.7819866171901356E-003   90.719028593270906        159.20610151631681       -3.6809436577913191E-005
  -2.6135061368989213E-003   90.722976151526183        159.20517675690530       -6.0890714151006718E-005
  -2.4263534515427338E-003   90.726032376064552        159.20418195561976       -8.2793146904633821E-005
  -2.2293737671024703E-003   90.727847271548143        159.20312162623782       -1.0248654708993508E-004
  -2.0147758562517868E-003   90.728253066992380        159.20200051839632       -1.1987099535504282E-004
  -1.7761434906234136E-003   90.727274187327083        159.20082380563619       -1.3479236918628940E-004
  -1.5129971416619592E-003   90.725075051749272        159.19959724027959       -1.4709776894053644E-004
  -1.2616158518741366E-003   90.721898087591867        159.19832716510874       -1.5696076082490461E-004
  -1.0074134173162547E-003   90.718048174936527        159.19701963771638       -1.6442087184675853E-004
  -7.4887106812843043E-004   90.713976444587431        159.19568078308450       -1.6950304746659917E-004
  -4.9063652173405887E-004   90.710157894046390        159.19431682999405       -1.7227143948614622E-004
  -2.3651131017829154E-004   90.707134279206571        159.19293399897126       -1.7282049821001072E-004
   8.8792479887910090E-006   90.705385003866667        159.19153841057414       -1.7128066985239374E-004
   2.3359931034944783E-004   90.705448720634095        159.19013597461404       -1.6787831707758836E-004
   4.5552534208888909E-004   90.707700251917927        159.18873210171054       -1.6268328658453434E-004
   6.5875030151569527E-004   90.712401042337149        159.18733213466012       -1.5589457924486305E-004
   8.5901385108938695E-004   90.719651646674961        159.18594096492237       -1.4757565768474623E-004
   1.0515553002746882E-003   90.729277464134412        159.18456341260597       -1.3782662550621423E-004
   1.2247643065852417E-003   90.740881430351394        159.18320411180810       -1.2683798895708957E-004
   1.3831073407739635E-003   90.753789347476697        159.18186723047427       -1.1475842631924115E-004
   1.5499539857819036E-003   90.767141746960434        159.18055657859847       -1.0154642304859715E-004
   1.7116050328290994E-003   90.779813142304363        159.17927617179311       -8.7269639931449947E-005
   1.8931483074657895E-003   90.790645225523335        159.17802990106611       -7.1797624717409006E-005
   2.0921855868315585E-003   90.798372745002780        159.17682213805048       -5.5022561061990652E-005
   2.3213262514961822E-003   90.801738219272366        159.17565767717915       -3.6742954811543173E-005
   2.5722263759313884E-003   90.799746673098227        159.17454204022749       -1.6827158393658195E-005
   2.8363256478821930E-003   90.791485834881328        159.17348127516129        4.7876355932800710E-006
   3.1586021265455613E-003   90.776287437570360        159.17248174927104        2.8500526502695718E-005
   3.4894368420611893E-003   90.753748600019676        159.17155123420847        5.4328409454624780E-005
   3.8858237119347204E-003   90.723754536763280        159.17069770909967        8.2709856139662525E-005
   4.3061428498697065E-003   90.686496323488257        159.16993073572399        1.1376451050532462E-004
   4.7465922195279713E-003   90.642476176421226        159.16926045422974        1.4758077115512497E-004
   5.1857578941545517E-003   90.592480465016536        159.16869749131368        1.8408930103193239E-004
   5.6504122981612028E-003   90.537461313917774        159.16825244368684        2.2341536575948111E-004
   6.1247001998112902E-003   90.478598103749107        159.16793652403683        2.6556740028842261E-004
   6.5920828163568285E-003   90.417153028400861        159.16776117862295        3.1043630394848219E-004
   7.0469264448483233E-003   90.354486550139583        159.16773768810521        3.5787637536326985E-004
   7.4773344581294835E-003   90.291793569734807        159.16787703160313        4.0766279552247411E-004
   7.8926300037582067E-003   90.230317543209182        159.16818960007603        4.5964173446855563E-004
   8.2804998979834829E-003   90.171063682896261        159.16868542101250        5.1357868732038279E-004
   8.6154479922875699E-003   90.114872542322615        159.16937386121882        5.6907094283385664E-004
   8.8977384837516139E-003   90.062524469035154        159.17026301195145        6.2572854515302503E-004
   9.1271580649564185E-003   90.014604400203638        159.17135969460097        6.8317063650304795E-004
   9.3054578268660666E-003   89.971481269596140        159.17266945534121        7.4103833576722919E-004
   9.4284930494062721E-003   89.933486337842780        159.17419660763150        7.9895470052482288E-004
   9.4964560353888120E-003   89.900873776243984        159.17594413219544        8.5655404711332608E-004
   9.4992305014631687E-003   89.873889546337239        159.17791368114663        9.1341376062878561E-004
   9.4463921165304481E-003   89.852651030198572        159.18010533347146        9.6918486099415596E-004
   9.3165398073502079E-003   89.837368952492810        159.18251782601558        1.0233884645419226E-003
   9.1196499096448929E-003   89.828269749486523        159.18514803685034        1.0756224093490384E-003
   8.8647997041250148E-003   89.825529545453051        159.18799122566807        1.1255530330334998E-003
   8.5390650122669966E-003   89.829386350307018        159.19104125278122        1.1727728545572801E-003
   8.1832298463056577E-003   89.840073737995354        159.19429026675547        1.2171428355177128E-003
   7.7395912153258254E-003   89.857826173763442        159.19772968866320        1.2581645234410344E-003
   7.2199672428859985E-003   89.882810028961302        159.20134881939495        1.2954257904375654E-003
   6.6531768132062014E-003   89.915085942092659        159.20513512425535        1.3287037471007247E-003
   6.0106329152039414E-003   89.954496151351279        159.20907492910268        1.3576045444346951E-003
   5.3123766123766300E-003   90.000670951431829        159.21315272971518        1.3818669497594922E-003
   4.5641775933266317E-003   90.053076524785922        159.21735167570662        1.4012712829519749E-003
   3.7647347427724269E-003   90.110930506782353        159.22165370962176        1.4155953039205835E-003
   2.9444395731600998E-003   90.173233306984869        159.22603953524165        1.4248052091569662E-003
   2.1016369466712701E-003   90.238813258441780        159.23048935153440        1.4288580938127404E-003
   1.2261874721848972E-003   90.306470151106069        159.23498281222447        1.4276517210649556E-003
   3.6661717405396077E-004   90.374814053593681        159.23949878152089        1.4213734101358965E-003
  -5.1336944204255898E-004   90.442598233595788        159.24401650517086        1.4099925698289643E-003
  -1.3599700449875211E-003   90.508632385321476        159.24851473435956        1.3937939580464117E-003
  -2.1900855914127877E-003   90.571712034131210        159.25297302451347        1.3729574490379281E-003
  -2.9838265178770583E-003   90.630790345930606        159.25737132808354        1.3477737266858183E-003
  -3.7353073865697894E-003   90.685048884704571        159.26169047416997        1.3185606168395216E-003
  -4.4501918885447951E-003   90.733699797077648        159.26591231132184        1.2855963168087541E-003
  -5.1091935272323391E-003   90.776135881889473        159.27001957123582        1.2492622836039753E-003
  -5.7170569938961779E-003   90.811995567074007        159.27399633358340        1.2099045475729008E-003
  -6.2785726399508671E-003   90.841041291412907        159.27782791286069        1.1678344510137786E-003
  -6.7577975133257381E-003   90.863174779539975        159.28150074164145        1.1235571774699824E-003
  -7.2199786946176986E-003   90.878534261151472        159.28500323966571        1.0772042004028287E-003
  -7.6174658432932125E-003   90.887452290693361        159.28832423834845        1.0291673493326848E-003
  -7.9590366827147537E-003   90.890571956705458        159.29145413141578        9.7978161289286373E-004
  -8.2566181522954214E-003   90.888688030760264        159.29438466285663        9.2930948302844701E-004
  -8.5097233412309015E-003   90.882769576253693        159.29710863888752        8.7801039159225486E-004
  -8.7154128755561212E-003   90.873931710349936        159.29961993998333        8.2615404960766894E-004
  -8.9058093181879523E-003   90.863276573105040        159.30191359151777        7.7383166590984300E-004
  -9.0767646889644005E-003   90.851851627120666        159.30398498829121        7.2115468005490052E-004
  -9.2162342328270010E-003   90.840563473583970        159.30582999461754        6.6829622839063515E-004
  -9.3397308571876447E-003   90.830101126460136        159.30744523523509        6.1534370412831617E-004
  -9.4492828853053289E-003   90.820997511442101        159.30882772003679        5.6237198523656018E-004
  -9.5502297210419175E-003   90.813344159372761        159.30997479523603        5.0942642656494504E-004
  -9.6235653713571487E-003   90.807125486920697        159.31088401524823        4.5665042761743415E-004
  -9.6970098922895022E-003   90.802001695719724        159.31155360153218        4.0404078865418578E-004
  -9.7247960299667088E-003   90.797454151292129        159.31198177225059        3.5183028958912966E-004
  -9.7295315068907217E-003   90.792764802430213        159.31216784848058        3.0013099832513042E-004
  -9.7082424011724709E-003   90.787156607561229        159.31211170930942        2.4906786873585697E-004
  -9.6543856817803957E-003   90.779797919473708        159.31181386213859        1.9879653091597749E-004
  -9.5439404497761077E-003   90.769858884107151        159.31127560199349        1.4959078858924979E-004
  -9.3996501768264604E-003   90.756616738717099        159.31049959219195        1.0160465308464824E-004
  -9.2098778658911522E-003   90.739451189612979        159.30948931391251        5.5047240489769243E-005
  -8.9536086608592962E-003   90.717902799031151        159.30824934803653        1.0228056900967920E-005
  -8.6729890931616042E-003   90.691689159671881        159.30678588314399       -3.2758166614193329E-005
  -8.3410310406814448E-003   90.660643391778251        159.30510569692947       -7.3685619195805411E-005
  -7.9609154760956116E-003   90.624909740411454        159.30321680814947       -1.1234851065119660E-004
  -7.5403427958404320E-003   90.584618934750978        159.30112839958070       -1.4858262911553435E-004
  -7.0764376955187039E-003   90.540132002657742        159.29885063242554       -1.8221299351554973E-004
  -6.5825631685691947E-003   90.491928593547826        159.29639471580595       -2.1313255957861082E-004
  -6.0476297192835135E-003   90.440511592794280        159.29377258370323       -2.4118302669257668E-004
  -5.4754962407629840E-003   90.386421884082296        159.29099716281857       -2.6622758752544942E-004
  -4.8726517113695713E-003   90.330187962308685        159.28808227932592       -2.8816294049613573E-004
  -4.2511831545912161E-003   90.272336002281619        159.28504250166080       -3.0694502681886124E-004
  -3.6018735456717220E-003   90.213191309625103        159.28189284826604       -3.2248714247382759E-004
  -2.9530159541729631E-003   90.153099196923847        159.27864901111479       -3.3483704299823669E-004
  -2.3020390526352062E-003   90.092166465147486        159.27532667071353       -3.4402957575354964E-004
  -1.6089298158822386E-003   90.030508169805088        159.27194155901134       -3.4991283268438072E-004
  -9.3912993570828269E-004   89.968275016623409        159.26851042662372       -3.5264068964282471E-004
  -2.5677066433367311E-004   89.905672223847958        159.26504945990749       -3.5219889229116963E-004
   4.3260105903783090E-004   89.843182041961782        159.26157514874316       -3.4859889251443111E-004
   1.1031367805062621E-003   89.781431043867016        159.25810415145395       -3.4196996250063797E-004
   1.7625962059685302E-003   89.721293028656774        159.25465267224899       -3.3240375264395996E-004
   2.4028063059157857E-003   89.663805264215966        159.25123664652753       -3.2002723654187969E-004
   3.0142885866575333E-003   89.610165086851126        159.24787154410663       -3.0500779589683725E-004
   3.5735569977591130E-003   89.561607535129568        159.24457214115748       -2.8761512866071193E-004
   4.0836759800632607E-003   89.519285265826412        159.24135195170618       -2.6810043621105134E-004
   4.5474459484323750E-003   89.484210563888354        159.23822330347181       -2.4669800783485831E-004
   4.9495809448057886E-003   89.457308368438845        159.23519740344241       -2.2370562308866076E-004
   5.2875161627960361E-003   89.439286194876843        159.23228397118081       -1.9942711301868411E-004
   5.5525901779626460E-003   89.430703901372610        159.22949117623227       -1.7419896700560810E-004
   5.7538708747255475E-003   89.431783748876157        159.22682542913097       -1.4831219913778645E-004
   5.8876757548966064E-003   89.442736827054560        159.22429160012396       -1.2206877325068039E-004
   5.9353579316182795E-003   89.463510194131828        159.22189293029217       -9.5846146822676240E-005
   5.9196185259254826E-003   89.493982682943880        159.21963058195760       -6.9917419784968669E-005
   5.8307078531201267E-003   89.533788566174621        159.21750418740663       -4.4592847798251513E-005
   5.6785530783914628E-003   89.582480860650762        159.21551161289736       -2.0134959224791195E-005
   5.4768629420861104E-003   89.639325343051965        159.21364919894515        3.2565212063190245E-006
   5.2293727062161215E-003   89.703359817352549        159.21191209160301        2.5401081312292765E-005
   4.9280827940555751E-003   89.773293630925494        159.21029433222554        4.6087502041167374E-005
   4.5764935206276183E-003   89.847668985420441        159.20878866492026        6.5122821446992802E-005
   4.2206122013591016E-003   89.924789544496349        159.20738662151402        8.2509806300181535E-005
   3.8631001996894121E-003   90.003034505488628        159.20607963074806        9.8262266272636673E-005
   3.5021397024846967E-003   90.080689859561232        159.20485908330915        1.1238623903700206E-004
   3.1662108354735719E-003   90.156079554604759        159.20371628781106        1.2500534893963251E-004
   2.8321156699434294E-003   90.227847082321588        159.20264315812167        1.3614572063100615E-004
   2.5252071071165442E-003   90.294807431587046        159.20163165217119        1.4593695582152067E-004
   2.2477115082831555E-003   90.355947055600694        159.20067438455146        1.5451562746422121E-004
   1.9928314985184856E-003   90.410541851945197        159.19976467946731        1.6198845620834425E-004
   1.7828384599360239E-003   90.458061795649286        159.19889640750441        1.6855060197242390E-004
   1.6208520779950623E-003   90.498138990257402        159.19806452038742        1.7440665631122487E-004
   1.5142791545666968E-003   90.530648749350519        159.19726512744163        1.7978767036044363E-004
   1.4416809429799447E-003   90.555615968279312        159.19649567339118        1.8483524345092164E-004
   1.4172468682715734E-003   90.573220281421840        159.19575442075282        1.8974524992431072E-004
   1.4487830725496058E-003   90.583779218372570        159.19504079217782        1.9474143176012538E-004
   1.4939259779936736E-003   90.587647519305904        159.19435555807488        1.9987654854365717E-004
   1.5696924181124569E-003   90.585457208899228        159.19369981478314        2.0526952440810128E-004
   1.6751582430138605E-003   90.577913853626669        159.19307539453681        2.1103379389282977E-004
   1.8104725538712820E-003   90.565806016807741        159.19248484349248        2.1728160154899559E-004
   1.9524336518640050E-003   90.550055380245936        159.19193142553880        2.2403316594710846E-004
   2.0930622652338758E-003   90.531604451761652        159.19141856285913        2.3127746478155331E-004
   2.2605397469084776E-003   90.511404616170182        159.19094964287092        2.3911245428783487E-004
   2.4193123162843644E-003   90.490336495970382        159.19052869910416        2.4749783837243691E-004
   2.5816415412230455E-003   90.469093343990721        159.19015955372393        2.5644091769370361E-004
   2.7270412364529314E-003   90.448260190026019        159.18984611280487        2.6587068990270829E-004
   2.8676558908559218E-003   90.428185736911246        159.18959187327042        2.7576340929796769E-004
   2.9968782127959273E-003   90.409152137888654        159.18940021619514        2.8607066234152053E-004
   3.1342987450505037E-003   90.391299675773013        159.18927424678989        2.9681869284230915E-004
   3.2537624586832944E-003   90.374900219592760        159.18921726850502        3.0793502278907977E-004
   3.3503136817801247E-003   90.360056726878199        159.18923215088219        3.1932969941451440E-004
   3.4359823013249994E-003   90.346979906126776        159.18932120994577        3.3095900016791172E-004
   3.4665482514018896E-003   90.335947064953061        159.18948649970446        3.4261546578588187E-004
   3.5055884656158129E-003   90.327178671991987        159.18972874384636        3.5433018060006683E-004
   3.5189631618853436E-003   90.320895649287479        159.19004886988708        3.6600779307713425E-004
   3.5105510710394193E-003   90.317209005314567        159.19044718594193        3.7756861395199558E-004
   3.4900515264369258E-003   90.316257134818912        159.19092347393135        3.8896965026146422E-004
   3.4218872726634072E-003   90.318000463892957        159.19147722275966        4.0003869267898955E-004
   3.3545842243473734E-003   90.322181991906859        159.19210677140106        4.1078249461232912E-004
   3.2528520217517138E-003   90.328408812238976        159.19281047909496        4.2107984797152978E-004
   3.1360319550698471E-003   90.336130475778532        159.19358587317564        4.3088111911628903E-004
   3.0171101566636464E-003   90.344664366234895        159.19443011646550        4.4018410126573992E-004
   2.8836520848019576E-003   90.353273509577519        159.19534031940736        4.4894205102751850E-004
   2.7628480525891137E-003   90.361123245427905        159.19631324090142        4.5720600103309563E-004
   2.6445303532128656E-003   90.367582162762972        159.19734594468852        4.6499007346078160E-004
   2.5281189347475556E-003   90.371981914394695        159.19843555479903        4.7230613325257865E-004
   2.4263124142144695E-003   90.373753271107233        159.19957924068078        4.7921074908636627E-004
   2.3407773811104609E-003   90.372556103440729        159.20077452397194        4.8576556117095821E-004
   2.2576649755401716E-003   90.368123153134647        159.20201931833728        4.9198275209856948E-004
   2.2138426260514435E-003   90.360361913006685        159.20331159609458        4.9800324116833477E-004
   2.1752076236854359E-003   90.349264646903549        159.20465027816718        5.0384715887745370E-004
   2.1533233131299902E-003   90.334965652703772        159.20603441031577        5.0957450663527491E-004
   2.1481234867987736E-003   90.317557716052036        159.20746344311499        5.1524422628981988E-004
   2.1433850112750215E-003   90.297184795471949        159.20893723010730        5.2085850485873437E-004
   2.1500661012390444E-003   90.273988624470817        159.21045563609820        5.2645715639268735E-004
   2.1781565022033654E-003   90.248012446529273        159.21201880160893        5.3211366100162807E-004
   2.2022235650936495E-003   90.219171124189927        159.21362738452558        5.3781369480398989E-004
   2.2426201233462797E-003   90.187493482361120        159.21528194640621        5.4361235612556237E-004
   2.3091153538290317E-003   90.152891697297520        159.21698344335252        5.4959711204998082E-004
   2.3796513205373623E-003   90.115274276368737        159.21873346234648        5.5577972761919499E-004
   2.4665614673055154E-003   90.074723242992221        159.22053368922025        5.6221333617032735E-004
   2.5430119327936626E-003   90.031302495705233        159.22238620571417        5.6886031132678144E-004
   2.6532596855276137E-003   89.985332813282582        159.22429284257743        5.7583154669200163E-004
   2.7462098644064218E-003   89.937203420926508        159.22625624773693        5.8306614108438314E-004
   2.8621342512799666E-003   89.887531771227103        159.22827865303540        5.9063779593553122E-004
   2.9733888238252385E-003   89.836981155400480        159.23036284660111        5.9852770000139123E-004
   3.0746689840611126E-003   89.786324794072939        159.23251150526036        6.0669978344713284E-004
   3.1580645896865556E-003   89.736346319092362        159.23472706648519        6.1509243083607832E-004
   3.2166565379368826E-003   89.687843831033661        159.23701153700981        6.2362214922001536E-004
   3.2482422736195790E-003   89.641606331424484        159.23936632601976        6.3219933916903363E-004
   3.2825141173910377E-003   89.598249811192275        159.24179219144557        6.4083228632936585E-004
   3.2755490834350913E-003   89.558358485569258        159.24428995719987        6.4938656164464416E-004
   3.2282061429153067E-003   89.522356963193602        159.24685945192002        6.5773225608241326E-004
   3.1521852700101740E-003   89.490601210621307        159.24949952946167        6.6577887870798670E-004
   3.0295467421796742E-003   89.463299033155636        159.25220835163171        6.7337941846191496E-004
   2.8947065531212493E-003   89.440620745597244        159.25498295464595        6.8049905671402810E-004
   2.7277090442186934E-003   89.422668394831490        159.25782007979774        6.8703966370286097E-004
   2.5142560278212356E-003   89.409422613095785        159.26071569181696        6.9285882409814245E-004
   2.2924299687966713E-003   89.400696414757107        159.26366463389692        6.9793682773210597E-004
   2.0425234903676285E-003   89.396234611741747        159.26666154706390        7.0219184881639566E-004
   1.7620350670513808E-003   89.395671031917686        159.26970039376474        7.0553520281713697E-004
   1.4751851991904768E-003   89.398696325870574        159.27277439824812        7.0795548582460030E-004
   1.1634801904341228E-003   89.404931960517189        159.27587663118422        7.0938346295503776E-004
   8.4048732802545511E-004   89.413960151770809        159.27899956351840        7.0979316253338282E-004
   5.0672412930223099E-004   89.425383614623186        159.28213539400522        7.0916054872269382E-004
   1.7778640437585629E-004   89.438853835246107        159.28527606180987        7.0751031846074709E-004
  -1.4586067695018782E-004   89.453968137969355        159.28841362349360        7.0486830299507856E-004
  -4.6832360551989630E-004   89.470168173251665        159.29154026479307        7.0124734031447680E-004
  -7.8414843708964868E-004   89.486892045291114        159.29464820087006        6.9667689176861796E-004
  -1.1018895106828582E-003   89.503583757694372        159.29772980840480        6.9115981691447227E-004
  -1.4009328801394912E-003   89.519730376724652        159.30077741918751        6.8476197992042354E-004
  -1.6834813037308412E-003   89.534879155342338        159.30378381775191        6.7754172600685266E-004
  -1.9534328204706790E-003   89.548749627478202        159.30674218795690        6.6954484288686013E-004
  -2.2067892101224605E-003   89.561239579190882        159.30964601927542        6.6082867908986217E-004
  -2.4471473221000721E-003   89.572397110448051        159.31248920292293        6.5143902349714333E-004
  -2.6510694521220176E-003   89.582380380665029        159.31526594492308        6.4149170881154353E-004
  -2.8489883424760083E-003   89.591409923837887        159.31797133223256        6.3100978673560492E-004
  -3.0345454454237778E-003   89.599835531372136        159.32060059722295        6.2003507047165456E-004
  -3.2036992888835451E-003   89.607884363736972        159.32314926969619        6.0862093805566899E-004
  -3.3528870740838989E-003   89.615632236883499        159.32561327606376        5.9683073563858696E-004
  -3.4891892178080162E-003   89.622992947922583        159.32798902522819        5.8470604734942781E-004
  -3.5959597266132029E-003   89.629938535025445        159.33027323681878        5.7233721369865081E-004
  -3.7175547101080085E-003   89.636206346392058        159.33246334316672        5.5968266525084360E-004
  -3.7948390869942867E-003   89.641532050756453        159.33455641699163        5.4687524833247551E-004
  -3.8619692597095072E-003   89.645764345787271        159.33655060070737        5.3394608555229375E-004
  -3.9167944456459103E-003   89.648874571699565        159.33844428199731        5.2093222434995983E-004
  -3.9513852138374859E-003   89.651065316492307        159.34023614477076        5.0789339799955913E-004
  -3.9780141121575231E-003   89.652787304435606        159.34192536267591        4.9485296919096300E-004
  -4.0057889700403151E-003   89.654838499558693        159.34351130168071        4.8180763023666939E-004
  -4.0260904757549081E-003   89.658090807002679        159.34499329998437        4.6877902299391917E-004
  -4.0722017103930726E-003   89.663626724756469        159.34637087648377        4.5569262318588750E-004
  -4.1467741224693348E-003   89.672590138205919        159.34764292626485        4.4246714403170582E-004
  -4.2208399626043154E-003   89.686150751676053        159.34880765652761        4.2910523255137339E-004
  -4.3262423606023198E-003   89.705330198484290        159.34986328671823        4.1551852514236289E-004
  -4.4487176538497708E-003   89.730945258707450        159.35080728008498        4.0166030241019159E-004
  -4.6072737501768515E-003   89.763538609594946        159.35163668657182        3.8743037612443289E-004
  -4.7912188412485594E-003   89.803348131102013        159.35234768403029        3.7275998174094002E-004
  -5.0057508732923939E-003   89.850195456127508        159.35293583807734        3.5756644825214528E-004
  -5.2490967950995036E-003   89.903538556775231        159.35339597407426        3.4177303066523925E-004
  -5.5077386465986243E-003   89.962381879632304        159.35372222165225        3.2534181808865535E-004
  -5.7775650902431091E-003   90.025283887940589        159.35390834002342        3.0824684075439273E-004
  -6.0216564992161461E-003   90.090545703876145        159.35394782042877        2.9056554650866499E-004
  -6.2634709471106305E-003   90.156221807298365        159.35383477728729        2.7230917744565857E-004
  -6.4622578726521596E-003   90.220531219132994        159.35356338082900        2.5360204675094243E-004
  -6.6335901736832388E-003   90.281650548824345        159.35312884263101        2.3452395195749592E-004
  -6.7696769573314846E-003   90.338039292323856        159.35252704097977        2.1517533066111753E-004
  -6.8431740761044132E-003   90.388441246417003        159.35175470592256        1.9573084193724556E-004
  -6.8402450959240049E-003   90.431963749776216        159.35081008357398        1.7640123771235205E-004
  -6.8014043698456476E-003   90.468039049703265        159.34969326893017        1.5728396207520683E-004
  -6.6986677456595560E-003   90.496519052341583        159.34840522824854        1.3855185358412823E-004
  -6.5314649619604677E-003   90.517608416152697        159.34694847289828        1.2037742084422471E-004
  -6.3331333665262030E-003   90.531819172111980        159.34532707513540        1.0284070674810942E-004
  -6.0822864637333548E-003   90.539856956639056        159.34354586080721        8.6078844497482128E-005
  -5.7862595745372097E-003   90.542683861169493        159.34161092671062        7.0207659581172151E-005
  -5.4703408569032339E-003   90.541314906441315        159.33952946191934        5.5273566544826045E-005
  -5.1080120147040005E-003   90.536821162920916        159.33730913716849        4.1393766595232424E-005
  -4.7474078512314806E-003   90.530301683388629        159.33495874536018        2.8555156359772071E-005
  -4.3550081934722725E-003   90.522873199671977        159.33248703682497        1.6834398739900295E-005
  -3.9514220446067155E-003   90.515721527418066        159.32990352962949        6.2523815576426536E-006
  -3.5581860452598602E-003   90.509980514060445        159.32721801231057       -3.2275078753826203E-006
  -3.1633174196560362E-003   90.506847940749438        159.32444002300076       -1.1609709232890987E-005
  -2.7944295122035636E-003   90.507373418541292        159.32157913811980       -1.8971666383607053E-005
  -2.4514043441347480E-003   90.512452290014821        159.31864430456923       -2.5389694557092911E-005
  -2.1446017015461553E-003   90.522770661679871        159.31564384213408       -3.0966568259695709E-005
  -1.8521991078813129E-003   90.538677135060368        159.31258519399856       -3.5746706158965042E-005
  -1.5901398444327923E-003   90.560221481867160        159.30947545372416       -3.9815798143975056E-005
  -1.3563485263372462E-003   90.587220307601569        159.30632098097593       -4.3253220410798216E-005
  -1.1446924531782979E-003   90.619263187733537        159.30312745039842       -4.6121551746130251E-005
  -9.4515234600950761E-004   90.655704786279827        159.29989999824403       -4.8456696666294868E-005
  -7.5837351561518587E-004   90.695908278185158        159.29664346675122       -5.0295859409685776E-005
  -6.0654491855843579E-004   90.739119128487019        159.29336238912609       -5.1733195479837586E-005
  -4.5290213653606997E-004   90.784701543690815        159.29006045152994       -5.2767136049570140E-005
  -3.2405808538675746E-004   90.832058469585547        159.28674138234950       -5.3464542088997356E-005
  -2.0934605298282289E-004   90.880743649070055        159.28340830896479       -5.3864238270776398E-005
  -9.2353910521893236E-005   90.930408787310768        159.28006401477208       -5.3962677330242169E-005
   9.7582571151346136E-006   90.980751694268847        159.27671133380065       -5.3800123926044780E-005
   1.3189802687807781E-004   91.031523533394818        159.27335273967429       -5.3327609547408336E-005
   2.4813000157515667E-004   91.082462904284881        159.26999118839629       -5.2562488706995739E-005
   3.7156982216150070E-004   91.133178328269111        159.26662949042952       -5.1488736021252706E-005
   4.9685729748795806E-004   91.183112610168308        159.26327062797600       -5.0104023815421369E-005
   6.2506797520050670E-004   91.231565789599827        159.25991762608336       -4.8403338679361097E-005
   7.7958825054244530E-004   91.277568473592652        159.25657357757385       -4.6322957801919369E-005
   9.3908863662317673E-004   91.320092237783257        159.25324220767754       -4.3853254557746201E-005
   1.1230316137944294E-003   91.358082482166594        159.24992736122940       -4.0936042386865762E-005
   1.3343648980295700E-003   91.390513679354385        159.24663347128651       -3.7506364231213803E-005
   1.6051668640647090E-003   91.416499267008689        159.24336562960369       -3.3420112419532405E-005
   1.8934839012361938E-003   91.435343596838152        159.24013036176640       -2.8638712881925142E-005
   2.2230683405897139E-003   91.446791752987181        159.23693461346423       -2.3065180571351776E-005
   2.6069017548931749E-003   91.450847989943597        159.23378632353499       -1.6571435051686280E-005
   3.0083623433845861E-003   91.447921347588419        159.23069473993573       -9.1208592427299429E-006
   3.4507423808654404E-003   91.438585801425361        159.22766953305782       -6.1996676089168663E-007
   3.9134945624151223E-003   91.423739928485446        159.22472135805398        8.9734512027750143E-006
   4.3792009628318453E-003   91.404294908445294        159.22186135946481        1.9658604042943889E-005
   4.8610270879736513E-003   91.381195375280896        159.21910075077986        3.1466819857409033E-005
   5.3591595874945995E-003   91.355347033557337        159.21645113290384        4.4429575983046961E-005
   5.8554269723988563E-003   91.327481043267142        159.21392449847983        5.8533938595706694E-005
   6.3428335064746244E-003   91.298099869949780        159.21153279330855        7.3750160309699235E-005
   6.8225648668313321E-003   91.267618637206695        159.20928775038632        9.0051645108060662E-005
   7.3006521102829663E-003   91.236411757799573        159.20720091458099        1.0742658598800020E-004
   7.7468496847338027E-003   91.204729960458849        159.20528378941563        1.2579058382152376E-004
   8.1715605211987938E-003   91.172944457636675        159.20354710863958        1.4508499614137332E-004
   8.5860127430373682E-003   91.141462486503286        159.20200108662843        1.6527860319136376E-004
   8.9564548699732540E-003   91.110932846304678        159.20065569172340        1.8625993079704844E-004
   9.2996177070158777E-003   91.082094464511783        159.19951982916436        2.0795840169280755E-004
   9.6143943842229782E-003   91.055845928491649        159.19860174741555        2.3030148003610963E-004
   9.8615537825628621E-003   91.033090425421733        159.19790901113495        2.5312435279091234E-004
   1.0061075827429405E-002   91.014765001379175        159.19744755351681        2.7631099930306010E-004
   1.0207608630699375E-002   91.001635637310258        159.19722215970648        2.9973387107522118E-004
   1.0274524603900116E-002   90.994422637143856        159.19723633821317        3.2320396691716210E-004
   1.0282345649658239E-002   90.993600632587700        159.19749167804798        3.4658223377805666E-004
   1.0242829534754637E-002   90.999412085440724        159.19798834445669        3.6975845696535545E-004
   1.0128651866041120E-002   91.011811717853647        159.19872536181208        3.9255960979029883E-004
   9.9563839775828368E-003   91.030525729758452        159.19969995354541        4.1485290668492007E-004
   9.7311918235566831E-003   91.054995725497989        159.20090794478122        4.3651881114276146E-004
   9.4538427317333393E-003   91.084443201603136        159.20234388473000        4.5744067638775113E-004
   9.1171182644149730E-003   91.118076939164183        159.20400106555255        4.7748622636003640E-004
   8.7518414998289558E-003   91.154998121795700        159.20587134780985        4.9659559188767826E-004
   8.3506198013693390E-003   91.194231851428654        159.20794590361018        5.1469242186344248E-004
   7.9296790965382863E-003   91.234943382458880        159.21021504026979        5.3173836824200538E-004
   7.4806594689927489E-003   91.276327466706221        159.21266858915558        5.4767626067491989E-004
   7.0237646266467866E-003   91.317684332965001        159.21529570547111        5.6249568485334525E-004
   6.5312777696996324E-003   91.358417882513905        159.21808535553694        5.7612304121144170E-004
   6.0381985635137199E-003   91.398027394518564        159.22102564668936        5.8856512668365650E-004
   5.5329120100438773E-003   91.436044636822118        159.22410467195002        5.9980227869129332E-004
   5.0514637560663458E-003   91.472035182750744        159.22731022936159        6.0989674916153149E-004
   4.5824300344961847E-003   91.505530345979153        159.23063069182751        6.1888438102880453E-004
   4.1198856962214149E-003   91.536023836175346        159.23405473231665        6.2678731853488268E-004
   3.6625933632251943E-003   91.562809967461504        159.23757118108685        6.3362471953643743E-004
   3.2359064070034320E-003   91.585085911938975        159.24116899352961        6.3947254355321728E-004
   2.8395570689575592E-003   91.601895673246588        159.24483786274894        6.4440546849807000E-004
   2.4879448348894590E-003   91.612128929746575        159.24856821519313        6.4852971763988524E-004
   2.1560127843369124E-003   91.614730632299796        159.25235155534313        6.5189463519947676E-004
   1.8858853671153523E-003   91.608637814278580        159.25617986264260        6.5464294417924497E-004
   1.6653425407640800E-003   91.592792772235853        159.26004660884982        6.5688894328276679E-004
   1.5139186380217953E-003   91.566282446031664        159.26394646088701        6.5878923085425022E-004
   1.4248377646274245E-003   91.528501839157215        159.26787575545546        6.6048402849534131E-004
   1.4098549995417962E-003   91.479168101032414        159.27183233537960        6.6213826904952772E-004
   1.4440793611115090E-003   91.418274954359518        159.27581583143339        6.6386060625671264E-004
   1.5479114632882794E-003   91.346234901964976        159.27982706298997        6.6580357517326554E-004
   1.7149328113750945E-003   91.263853724038540        159.28386853010389        6.6810429718248000E-004
   1.9096983342008916E-003   91.172331381431377        159.28794426019257        6.7082113314969759E-004
   2.1306252805712881E-003   91.073294278270311        159.29205895137173        6.7400847844974470E-004
   2.3785861936020778E-003   90.968632323431365        159.29621793311421        6.7772215538907451E-004
   2.6366288467956863E-003   90.860393893618422        159.30042718972621        6.8198064819648011E-004
   2.9029857898353012E-003   90.750615461198493        159.30469294944496        6.8679844676836467E-004
   3.1420001581336319E-003   90.641350975364219        159.30902164171076        6.9211273618690423E-004
   3.3725724012727710E-003   90.534242451056627        159.31341903639509        6.9790206591711132E-004
   3.5664734033038752E-003   90.430706155225778        159.31789070085355        7.0408433173044477E-004
   3.7273123956457635E-003   90.331665956442720        159.32244131650893        7.1058589745929494E-004
   3.8398819580297305E-003   90.237559815320949        159.32707476780681        7.1730112505708561E-004
   3.9158784244515922E-003   90.148525315067772        159.33179377408581        7.2415032698298389E-004
   3.9533315730106173E-003   90.064475896430267        159.33660017246677        7.3105028691039346E-004
   3.9575203505653779E-003   89.985069189835158        159.34149487140854        7.3792975399707790E-004
   3.9224806183676599E-003   89.909876470854897        159.34647797706361        7.4470539413403652E-004
   3.8694775920618532E-003   89.838471797591680        159.35154864894687        7.5133973001074105E-004
   3.7666645930165025E-003   89.770421321855181        159.35670561499967        7.5772813014422780E-004
   3.6359130423986134E-003   89.705489206715157        159.36194639971239        7.6381308767542108E-004
   3.4708962638119569E-003   89.643608190854167        159.36726785379778        7.6952423361663737E-004
   3.2959241624645657E-003   89.584820826742273        159.37266600112505        7.7484297030894873E-004
   3.0616849082407169E-003   89.529430861377918        159.37813662464362        7.7964726009451966E-004
   2.7943668555180795E-003   89.477977510995984        159.38367407445915        7.8387099090253558E-004
   2.5038492161188921E-003   89.431231569142454        159.38927189829931        7.8746927170842752E-004
   2.1647751216040245E-003   89.390016853690312        159.39492308121808        7.9034464926562087E-004
   1.7574271538591381E-003   89.355271454066141        159.40061943175979        7.9235940448352401E-004
   1.3114000429372706E-003   89.327850817733520        159.40635110383400        7.9343849104995595E-004
   8.0709313897760898E-004   89.308442394167258        159.41210731236745        7.9346682019503401E-004
   2.4640862209949935E-004   89.297519470334791        159.41787585776714        7.9233419452609923E-004
  -3.5466055775102329E-004   89.295173798706131        159.42364317317001        7.8996437065775805E-004
  -9.9287451306648311E-004   89.301184966190434        159.42939470977549        7.8628841419647085E-004
  -1.6771906580305336E-003   89.314978229976333        159.43511501553471        7.8121952721657995E-004
  -2.3753330432196612E-003   89.335662722999871        159.44078751861471        7.7473789976188539E-004
  -3.1042984326359771E-003   89.362121182530785        159.44639530861113        7.6678905481844712E-004
  -3.8384948007257631E-003   89.392964628480598        159.45192072507854        7.5737129642265114E-004
  -4.5707170291315056E-003   89.426787302745581        159.45734597794856        7.4649764677866301E-004
  -5.2833950260993490E-003   89.462049112430535        159.46265332231448        7.3421680630436962E-004
  -5.9887744789198704E-003   89.497314372980256        159.46782548333633        7.2055218987098705E-004
  -6.6557601884380171E-003   89.531211189432824        159.47284536108310        7.0559009579733792E-004
  -7.2926089783399203E-003   89.562617056835350        159.47769678373899        6.8939940941244464E-004
  -7.8818546269824180E-003   89.590521239020362        159.48236430800753        6.7208374469245502E-004
  -8.4041328265221146E-003   89.614022670757294        159.48683364261663        6.5378492096016753E-004
  -8.8790630703185509E-003   89.632445083959979        159.49109211851035        6.3460414029361081E-004
  -9.2823442943095226E-003   89.645227163075560        159.49512821385554        6.1469058922011051E-004
  -9.6313432056150290E-003   89.651922292436552        159.49893214305499        5.9415745536272550E-004
  -9.9138031090976794E-003   89.652206403268195        159.50249543585497        5.7314153423380465E-004
  -1.0111818823267595E-002   89.645807334214084        159.50581123576578        5.6282100224439957E-004
  -1.0235569565832103E-002   89.632603946958056        159.50887473363298        5.5253622709242609E-004
  -1.0300209047726648E-002   89.612593850568061        159.51168292171414        5.4230120779329572E-004
  -1.0303283102300755E-002   89.585855855094835        159.51423422626036        5.3216056391846504E-004
  -1.0222795242361138E-002   89.552478541178999        159.51652856670293        5.2215571677031590E-004
  -1.0065227019083909E-002   89.512698910470391        159.51856788973973        5.1234989676977871E-004
  -9.8406707683086920E-003   89.466880247380658        159.52035601120599        5.0279391998011452E-004
  -9.5521879850710128E-003   89.415488311538937        159.52189837203571        4.9348918548663967E-004
  -9.2043178232236941E-003   89.359096822023517        159.52320196472610        4.8443510761959625E-004
  -8.8178129457514159E-003   89.298322172157512        159.52427522276292        4.7562724062629147E-004
  -8.3716412414040590E-003   89.233941888326243        159.52512751770632        4.6713937645050048E-004
  -7.8942223574020726E-003   89.166811804579950        159.52576966845166        4.5892580593585928E-004
  -7.4094891172642886E-003   89.098019834479146        159.52621325307504        4.5093411053372096E-004
  -6.8898017698966257E-003   89.028762749865820        159.52647002808007        4.4317701465973778E-004
  -6.3608792645738210E-003   88.960380011644645        159.52655259829092        4.3562673650064681E-004
  -5.8230737771640005E-003   88.894301368825026        159.52647379313296        4.2826009883662061E-004
  -5.2873071015605748E-003   88.831929015476149        159.52624665801687        4.2107490859607887E-004
  -4.7826381497285747E-003   88.774807939932899        159.52588418958445        4.1396754360337483E-004
  -4.3130507606312868E-003   88.724317779199794        159.52539863073272        4.0687989942350748E-004
  -3.8740254067206334E-003   88.681688024818186        159.52480137440347        3.9979616607040364E-004
  -3.4803771037063905E-003   88.648068299074055        159.52410307268681        3.9265646635610111E-004
  -3.1356699855766110E-003   88.624518679990985        159.52331327726745        3.8544705631636978E-004
  -2.8570820414739483E-003   88.611886705056605        159.52244035323614        3.7806987162760102E-004
  -2.6369665631795218E-003   88.610850051950237        159.52149106221853        3.7050194566804292E-004
  -2.4827545833568877E-003   88.621879359364002        159.52047074738596        3.6265660420819866E-004
  -2.3834947207477756E-003   88.645198266456688        159.51938315259926        3.5453058572956395E-004
  -2.3559362122154183E-003   88.680754561766648        159.51823068907228        3.4602964439714310E-004
  -2.3981301528302802E-003   88.728146894222448        159.51701402878933        3.3709815743558484E-004
  -2.5009330577958791E-003   88.786817480660474        159.51573215231508        3.2768153394491267E-004
  -2.6489943671378206E-003   88.855834224761651        159.51438256973739        3.1774506557552963E-004
  -2.8387889986893140E-003   88.934079812777156        159.51296169265208        3.0725652570712752E-004
  -3.0699534076621252E-003   89.020263160849098        159.51146492054136        2.9615124275704535E-004
  -3.3180600136050371E-003   89.113009827171553        159.50988664960536        2.8439167931272532E-004
  -3.6083112156965582E-003   89.210877190123597        159.50822086509768        2.7186881895463727E-004
  -3.8987308649895964E-003   89.312497432970360        159.50646053074524        2.5856578971447105E-004
  -4.1848637539100720E-003   89.416637442762323        159.50459860587810        2.4448521044933603E-004
  -4.4776225868974574E-003   89.522178540439640        159.50262815428377        2.2955921922702643E-004
  -4.7828024550636934E-003   89.628152607098642        159.50054207964095        2.1371763167948797E-004
  -5.0572834951745612E-003   89.733753410157505        159.49833298547694        1.9696542134333024E-004
  -5.3126627125032015E-003   89.838413148832629        159.49599422048269        1.7929422886395793E-004
  -5.5517332998472092E-003   89.941594364388777        159.49351959717083        1.6072022814061411E-004
  -5.7565731902957315E-003   90.042892536925379        159.49090332444629        1.4130216143258111E-004
  -5.9203310853734228E-003   90.141895337632874        159.48814044162964        1.2105457780743174E-004
  -6.0654266144597804E-003   90.238228066300451        159.48522698439339        1.0002504062543100E-004
  -6.1696075665578160E-003   90.331593744414931        159.48215944130934        7.8296852672825071E-005
  -6.2442992721416105E-003   90.421830854411695        159.47893529313507        5.5931698973015667E-005
  -6.2804843988667888E-003   90.508845048860579        159.47555273512648        3.3066261424484529E-005
  -6.2767583010382884E-003   90.592517594704489        159.47201089584482        9.7812899517941657E-006
  -6.2276104294545645E-003   90.672941244771707        159.46830987028841       -1.3729120994458385E-005
  -6.1446757203161067E-003   90.750146493733695        159.46445085351971       -3.7317556451577411E-005
  -6.0227757736263654E-003   90.823964677415788        159.46043585815093       -6.0848277916184983E-005
  -5.8625528585880106E-003   90.894186176736085        159.45626784008616       -8.4159143867277648E-005
  -5.6531591068489191E-003   90.960314545025469        159.45195068231888       -1.0704868823470936E-004
  -5.3952666911737720E-003   91.021714435352564        159.44748945690375       -1.2936715839014743E-004
  -5.0772904434696411E-003   91.077659778013910        159.44289040940691       -1.5093026375380663E-004
  -4.7168453708697827E-003   91.127273984061176        159.43816123816052       -1.7153978704143234E-004
  -4.2960892181425443E-003   91.169821940689204        159.43331066826846       -1.9100642683442086E-004
  -3.8205231567659550E-003   91.204609470027833        159.42834888330233       -2.0911329650854599E-004
  -3.2771902295571777E-003   91.231291269503231        159.42328739240563       -2.2568306431877498E-004
  -2.6733392855801891E-003   91.249710503089347        159.41813934349500       -2.4051694877107006E-004
  -2.0098954485416000E-003   91.259948260324549        159.41291934796186       -2.5342967259761514E-004
  -1.2919195589637181E-003   91.262425130899018        159.40764345805874       -2.6429249032279447E-004
  -5.4392341062623633E-004   91.257897234588611        159.40232904383549       -2.7296524399183668E-004
   2.3622298585588915E-004   91.247410137813901        159.39699420073057       -2.7934700575732300E-004
   1.0525764657740109E-003   91.232188559758029        159.39165780022691       -2.8332725124588889E-004
   1.8659277613627162E-003   91.213695994320361        159.38633958827540       -2.8490166893987208E-004
   2.6820945357290075E-003   91.193508057152400        159.38105923642729       -2.8402772131175345E-004
   3.4822898595968988E-003   91.173146857770789        159.37583648328135       -2.8073122150583602E-004
   4.2726025336225146E-003   91.154082377488990        159.37069067911219       -2.7502552553810607E-004
   5.0213778647115815E-003   91.137692794730228        159.36564093415154       -2.6702370615761797E-004
   5.7331991397690562E-003   91.125067350211737        159.36070535280314       -2.5681739678207020E-004
   6.4008017241219770E-003   91.117087828083470        159.35590114407594       -2.4454624805913969E-004
   7.0171326548130577E-003   91.114346538943565        159.35124444655006       -2.3030314487676226E-004
   7.5739332961428556E-003   91.117238791592698        159.34675015778103       -2.1423967524843558E-004
   8.0953894607740055E-003   91.125810738921572        159.34243173571403       -1.9646850428737736E-004
   8.5590540195719950E-003   91.139958636009737        159.33830178282321       -1.7713070487710046E-004
   8.9637678553233201E-003   91.159250680615713        159.33437150346359       -1.5640515107947364E-004
   9.3279708122046522E-003   91.183202520267344        159.33065067719556       -1.3435243253094250E-004
   9.6389836269077881E-003   91.211086488917516        159.32714810428314       -1.1109678354060883E-004
   9.9196667813973224E-003   91.242200880825862        159.32387129938476       -8.6734276404623595E-005
   1.0160407940698470E-002   91.275712420261570        159.32082704505646       -6.1364123300062249E-005
   1.0350432816549973E-002   91.310728531806703        159.31802115841433       -3.5077284337253608E-005
   1.0509433191052209E-002   91.346293340073686        159.31545823212289       -7.9421507869895174E-006
   1.0665207710115752E-002   91.381464000874232        159.31314210966363        1.9976494938068397E-005
   1.0800041096850760E-002   91.415292681515126        159.31107655819707        4.8599629094018069E-005
   1.0921720330484375E-002   91.446959477829651        159.30926483960988        7.7938694054666304E-005
   1.1022146764623465E-002   91.475770037208889        159.30770989904468        1.0783904157066101E-004
   1.1120522827292128E-002   91.501190694124617        159.30641416899763        1.3826451429583040E-004
   1.1216384170215296E-002   91.523057399638802        159.30538003398843        1.6911528606451310E-004
   1.1292551281288492E-002   91.541444234824525        159.30460981844740        2.0029091343995968E-004
   1.1354551761696951E-002   91.556790368926997        159.30410537168166        2.3166492312186272E-004
   1.1400279761356618E-002   91.569730309846719        159.30386820162104        2.6313189374013517E-004
   1.1422254206417503E-002   91.581041509490447        159.30389942403809        2.9461378098290182E-004
   1.1432122175108233E-002   91.591657446478180        159.30419958105895        3.2605384976430285E-004
   1.1391475615374838E-002   91.602511994203340        159.30476892299794        3.5728007097954930E-004
   1.1311220857562228E-002   91.614429667345277        159.30560647987318        3.8816453881205897E-004
   1.1180530897701489E-002   91.628097068590748        159.30671032466591        4.1855619306317650E-004
   1.1010605293869021E-002   91.644080592467489        159.30807731140510        4.4837556801765292E-004
   1.0802004342879035E-002   91.662841827835010        159.30970334604797        4.7752161345466902E-004
   1.0536123495476430E-002   91.684654110741064        159.31158339947956        5.0589238347119921E-004
   1.0242753885339266E-002   91.709798412306640        159.31371105866455        5.3339435169193206E-004
   9.9156805745553630E-003   91.738490355014790        159.31607924626331        5.5996687598285847E-004
   9.5426373208842320E-003   91.770789666343589        159.31868006938038        5.8552215827157195E-004
   9.1233764807958050E-003   91.806663488686027        159.32150452363211        6.0992685420048454E-004
   8.6595013678608477E-003   91.845815227501490        159.32454248743241        6.3309965665621641E-004
   8.1558103878188494E-003   91.887739690890015        159.32778275989651        6.5497525066623443E-004
   7.6430671617904117E-003   91.931731739811624        159.33121317638432        6.7548839726361309E-004
   7.1161089565274617E-003   91.976846236736563        159.33482135196405        6.9457332207975358E-004
   6.5687965438582302E-003   92.021980853240422        159.33859455647007        7.1216966270167491E-004
   6.0236198811540421E-003   92.065893726781923        159.34251956574428        7.2824645417648645E-004
   5.4840387977423263E-003   92.107271790821329        159.34658320519137        7.4276681875321807E-004
   4.9631060821682567E-003   92.144708681084182        159.35077243188030        7.5571902520087857E-004
   4.4752949950177482E-003   92.176935376781472        159.35507465182059        7.6719284689466224E-004
   4.0176220981444685E-003   92.202701785709550        159.35947806918691        7.7724291792558378E-004
   3.6056267962774626E-003   92.220898345453918        159.36397161374893        7.8595191365439553E-004
   3.2111727360606590E-003   92.230695371688498        159.36854531695894        7.9335553216998487E-004
   2.8840398736143347E-003   92.231380642958413        159.37318963174684        7.9959663453757013E-004
   2.6255445530068097E-003   92.222450514487619        159.37789663643909        8.0482996514760611E-004
   2.4060635449802696E-003   92.203497054478959        159.38266006749100        8.0917489361686775E-004
   2.2501270840272350E-003   92.174343915509937        159.38747460344450        8.1276409710074444E-004
   2.1538965715058082E-003   92.134982661937087        159.39233645845545        8.1575438964072476E-004
   2.0938084220665054E-003   92.085507915116835        159.39724329067985        8.1822397878267901E-004
   2.1047578797369097E-003   92.026240106243236        159.40219363244748        8.2033038394160353E-004
   2.1583676714103874E-003   91.957754891279635        159.40718773522806        8.2219759067125376E-004
   2.2420961546983959E-003   91.880977471280417        159.41222688223093        8.2391556829910259E-004
   2.3630067779059818E-003   91.797187860147659        159.41731308733890        8.2554167388335076E-004
   2.5048724669309488E-003   91.707959644932131        159.42244926517574        8.2712820875155445E-004
   2.6494758836520535E-003   91.615063090220076        159.42763883914122        8.2864086390392697E-004
   2.7972159728880223E-003   91.520519658422074        159.43288530115328        8.3005092467603988E-004
   2.9325022384365934E-003   91.426289599792270        159.43819222069644        8.3127327664992074E-004
   3.0383815315383265E-003   91.334284798754339        159.44356286807260        8.3220558696113468E-004
   3.1107795879941652E-003   91.246275110459038        159.44899980394459        8.3275449484135865E-004
   3.1349931340039407E-003   91.163775305338888        159.45450478102887        8.3270727685627545E-004
   3.1227174555493462E-003   91.088069721450410        159.46007838747460        8.3197383808325173E-004
   3.0420482947650061E-003   91.020072913268606        159.46572032998162        8.3028628724891233E-004
   2.9125737893100846E-003   90.960392594454476        159.47142866137082        8.2749914912779311E-004
   2.7136124442859143E-003   90.909302842853606        159.47720025419196        8.2343318957730908E-004
   2.4652226002618606E-003   90.866774180766285        159.48303029927348        8.1799211898952377E-004
   2.1551946173783685E-003   90.832500778355993        159.48891279036215        8.1100168362795795E-004
   1.7996414778994000E-003   90.806035520448759        159.49484022916440        8.0235156618413417E-004
   1.3916626108877164E-003   90.786731855064545        159.50080401466528        7.9195072577319591E-004
   9.4457064832933774E-004   90.773768960352541        159.50679427596339        7.7974601418015791E-004
   4.8965902015884165E-004   90.766349970772282        159.51280019508440        7.6577066330421660E-004
  -1.3564436412428841E-005   90.763599583296880        159.51881076429163        7.4995827442387534E-004
  -5.3221289845044328E-004   90.764681835630796        159.52481380455018        7.3233284883100747E-004
  -1.0602276038456486E-003   90.768610135136697        159.53079676208938        7.1298149763874099E-004
  -1.5876534969180031E-003   90.774341380432531        159.53674685588570        6.9201071367740164E-004
  -2.1216871334972516E-003   90.780832093744820        159.54265131806048        6.6951302328049434E-004
  -2.6423998788101337E-003   90.786996547452560        159.54849721991377        6.4561730786914188E-004
  -3.1547762212036502E-003   90.791630678377032        159.55427195409953        6.2045076932792194E-004
  -3.6307725875256514E-003   90.793541713302460        159.55996311397965        5.9419631208209309E-004
  -4.0810812032738260E-003   90.791525134577782        159.56555917271359        5.6703568867261906E-004
  -4.4804386037594771E-003   90.784544157479118        159.57104922418009        5.3918202723203935E-004
  -4.8317561398448696E-003   90.771687086066308        159.57642359590031        5.1088543533764916E-004
  -5.1285674779315985E-003   90.752248885325372        159.58167377748148        4.8238900056249618E-004
  -5.3926869060051388E-003   90.725715136463180        159.58679257888346        4.5387402734223584E-004
  -5.5721774078520952E-003   90.691840152657392        159.59177360005845        4.2565154250199768E-004
  -5.7174771687267699E-003   90.650560554725899        159.59661249204819        3.9785012847193279E-004
  -5.8198090814451271E-003   90.602087200358625        159.60130573331557        3.7073132787839085E-004
  -5.8555661419659680E-003   90.546841472213984        159.60585084286325        3.4458026110868690E-004
  -5.8304417586195470E-003   90.485364679846128        159.61024695277251        3.1961302396503536E-004
  -5.7829768842351179E-003   90.418395765033907        159.61449467145181        2.9602580436615728E-004
  -5.6878490018187847E-003   90.346823086673680        159.61859514864389        2.7402535313776643E-004
  -5.5723240609552600E-003   90.271582961319055        159.62255069011800        2.5375234982920265E-004
  -5.4346738513530671E-003   90.193809894687220        159.62636409644475        2.3535353264095163E-004
  -5.2708864749490113E-003   90.114679396009194        159.63003870624229        2.1892288054473340E-004
  -5.0997921917187708E-003   90.035368212614756        159.63357849252398        2.0452002226795332E-004
  -4.9279441198912923E-003   89.957125279118927        159.63698760618064        1.9221175908380094E-004
  -4.7652711882993732E-003   89.881163811332954        159.64027021936457        1.8194798235909426E-004
  -4.6135861303795633E-003   89.808644263275667        159.64343028367014        1.7374754898242026E-004
  -4.4743375397327638E-003   89.740658973246383        159.64647148574576        1.6751881399292975E-004
  -4.3725194629500455E-003   89.678169271845036        159.64939721326644        1.6315394624985525E-004
  -4.2820691375734313E-003   89.622036178462992        159.65220994804770        1.6055746101046247E-004
  -4.2279706792548435E-003   89.572735565842933        159.65491189889158        1.5957213442509236E-004
  -4.2123256337536870E-003   89.530606480105732        159.65750439666326        1.6004786693467457E-004
  -4.2251988244163688E-003   89.495710928139161        159.65998784148294        1.6181585634030652E-004
  -4.2673734298993527E-003   89.467941632048749        159.66236194352564        1.6471522346830014E-004
  -4.3533956542311410E-003   89.446939638077524        159.66462570534350        1.6856557743973960E-004
  -4.4440932645036877E-003   89.432162469994196        159.66677706753441        1.7319298593738370E-004
  -4.5618489871652821E-003   89.423085856246345        159.66881385901135        1.7850924535228852E-004
  -4.7105015424619562E-003   89.419184053042997        159.67073325266745        1.8432317395395103E-004
  -4.8940396963018740E-003   89.419948879425235        159.67253167158617        1.9045316792677677E-004
  -5.0985009639686225E-003   89.425004025833999        159.67420469195164        1.9676940230343038E-004
  -5.3001396261978190E-003   89.434136032356363        159.67574738025894        2.0318856973349653E-004
  -5.5464701281476292E-003   89.447314979248588        159.67715486883017        2.0952645522831351E-004
  -5.7939035548605182E-003   89.464690935440743        159.67842120356192        2.1575026675496836E-004
  -6.0657392338858262E-003   89.486682574584904        159.67954039947128        2.2177231766512550E-004
  -6.3469223748410537E-003   89.513778158890460        159.68050587467994        2.2751094138109739E-004
  -6.6726081189800099E-003   89.546503398677075        159.68131081526519        2.3284518685751264E-004
  -6.9989950293666940E-003   89.585406511697258        159.68194732200368        2.3774576256938991E-004
  -7.3688617988355845E-003   89.630875000772591        159.68240747370814        2.4210849841380260E-004
  -7.7631002564311474E-003   89.683106460503254        159.68268228850732        2.4582942864365457E-004
  -8.1770108295265136E-003   89.742077356880543        159.68276218778939        2.4886942676918057E-004
  -8.6012914966688957E-003   89.807590084942092        159.68263710920846        2.5111643583577617E-004
  -9.0468319884448381E-003   89.879188322217573        159.68229673486658        2.5248183487266794E-004
  -9.4888400058362691E-003   89.956430756254491        159.68173022524604        2.5292063966334032E-004
  -9.9335771589498592E-003   90.038672877035850        159.68092682377309        2.5236225670900139E-004
  -1.0374379069217286E-002   90.125174919879612        159.67987570514160        2.5070137947011905E-004
  -1.0809141449789244E-002   90.215110000717630        159.67856613705251        2.4788239692419349E-004
  -1.1230477869938894E-002   90.307543255246813        159.67698753308352        2.4384119691609802E-004
  -1.1621220831712381E-002   90.401374838432986        159.67512963164677        2.3850597257439181E-004
  -1.1971081089220436E-002   90.495443943976341        159.67298291495678        2.3190978858227417E-004
  -1.2294445727187452E-002   90.588303797395483        159.67053885892264        2.2400295920926218E-004
  -1.2573737706151906E-002   90.678486433050068        159.66778958364031        2.1477731474914958E-004
  -1.2790639419444928E-002   90.764369164151390        159.66472828131285        2.0427672150194056E-004
  -1.2928272064862590E-002   90.844297372516408        159.66134966093429        1.9257305276325278E-004
  -1.2990518225329092E-002   90.916649152263787        159.65765035889217        1.7975714264973299E-004
  -1.2944137598385370E-002   90.979865375313935        159.65362884437366        1.6596412689152929E-004
  -1.2796489179491201E-002   91.032535956071527        159.64928622662850        1.5132214101407288E-004
  -1.2564831747702385E-002   91.073510305099759        159.64462607514710        1.3593778094140723E-004
  -1.2222313532334467E-002   91.101927593505621        159.63965400123922        1.1999552018592075E-004
  -1.1773827196625073E-002   91.117265290422182        159.63437830920904        1.0365161288401405E-004
  -1.1203062284196527E-002   91.119419361046084        159.62880987609424        8.7151520223966925E-005
  -1.0537988937134365E-002   91.108822416311313        159.62296254720016        7.0679620454968618E-005
  -9.7712506383791642E-003   91.086313369804600        159.61685245627311        5.4354978809974765E-005
  -8.9253312568985509E-003   91.053193205767002        159.61049820387089        3.8382576167594232E-005
  -8.0040566247933480E-003   91.011031861829395        159.60392031116726        2.2888004246674886E-005
  -7.0540015682620492E-003   90.961723850956062        159.59714112614824        7.9147989920751239E-006
  -6.0345153289753763E-003   90.907182516513984        159.59018369327680       -6.3605052268881526E-006
  -4.9857111512188372E-003   90.849275185163066        159.58307273975197       -1.9857119941262888E-005
  -3.9370349621214353E-003   90.789795109989953        159.57583370260588       -3.2536802477337329E-005
  -2.8697748627633710E-003   90.730287496555931        159.56849201358838       -4.4304929376179132E-005
  -1.7894395308107216E-003   90.672178887899292        159.56107355319975       -5.5030922433318802E-005
  -7.1323473913012612E-004   90.616687775260303        159.55360451781721       -6.4624743871705563E-005
   3.4518789880483465E-004   90.564983995693765        159.54611100233214       -7.3029259970960661E-005
   1.3621938936843711E-003   90.518082415561040        159.53861866837636       -8.0204034073203494E-005
   2.3408738500807886E-003   90.477102359971894        159.53115217297355       -8.6097318698633984E-005
   3.2625406273263423E-003   90.443132788386890        159.52373524346669       -9.0677417799906596E-005
   4.1289177545570195E-003   90.417071427651479        159.51639022466850       -9.3927324040243664E-005
   4.9538668031863606E-003   90.399700005997204        159.50913812041995       -9.5794941943664152E-005
   5.7173893566458264E-003   90.391682952633403        159.50199892997983       -9.6230879093609056E-005
   6.4226818969382793E-003   90.393290885505451        159.49499116266591       -9.5224752351583467E-005
   7.0491123276468460E-003   90.404546892142903        159.48813191588189       -9.2787943402530037E-005
   7.5954213598310701E-003   90.425024921520333        159.48143637517538       -8.8954206839650810E-005
   8.1031664402352738E-003   90.453968279663926        159.47491778422634       -8.3701599843352483E-005
   8.5544118173657112E-003   90.490349764809892        159.46858844962571       -7.7051521621053308E-005
   8.9421236455024655E-003   90.532976936556210        159.46245930804460       -6.9023439918159511E-005
   9.2819280698339252E-003   90.580444578372536        159.45653975477776       -5.9612570819746896E-005
   9.5774152709521710E-003   90.631465505567718        159.45083802255564       -4.8898964680560767E-005
   9.8388947524927200E-003   90.684691037865406        159.44536126834308       -3.6947375574954143E-005
   1.0082125984438901E-002   90.738999821780268        159.44011582313701       -2.3787403011045737E-005
   1.0283742354489174E-002   90.793408362051750        159.43510757323295       -9.5523399730145292E-006
   1.0483578406733378E-002   90.847288690751668        159.43034139509038        5.7505855005653674E-006
   1.0648880394723477E-002   90.900041924160078        159.42582211929516        2.1997932075779236E-005
   1.0803137926838615E-002   90.951324997073343        159.42155373886470        3.9108784912890162E-005
   1.0929907236528041E-002   91.000897753491756        159.41753997762081        5.6982936388909280E-005
   1.1029656974105772E-002   91.048701160981096        159.41378389196339        7.5476573417248763E-005
   1.1121417504179434E-002   91.094687476324296        159.41028788307145        9.4477704269617515E-005
   1.1191343919777856E-002   91.139032491461350        159.40705415798257        1.1383183380003984E-004
   1.1255636283030631E-002   91.181981377377937        159.40408439432062        1.3345974448014119E-004
   1.1280775521720665E-002   91.223828703276084        159.40138013322283        1.5318680178703936E-004
   1.1277880247446675E-002   91.264958172207827        159.39894196758934        1.7284499613683352E-004
   1.1262527993471678E-002   91.305860748540951        159.39676981194714        1.9238220016778952E-004
   1.1209777968615376E-002   91.346916089281208        159.39486327938531        2.1166237126879532E-004
   1.1122940126468471E-002   91.388539740749380        159.39322107831683        2.3055793503570457E-004
   1.1010462834676400E-002   91.431001540311016        159.39184109170648        2.4895791559731483E-004
   1.0858554712719298E-002   91.474500148673570        159.39072058308201        2.6677015771902539E-004
   1.0691699017219558E-002   91.518996545060403        159.38985586138244        2.8396743122299680E-004
   1.0480551335322217E-002   91.564196073238250        159.38924287384648        3.0040745439982423E-004
   1.0250284199826340E-002   91.609723801249416        159.38887649702815        3.1606939816690823E-004
   1.0005787059254905E-002   91.655026347491273        159.38875114504762        3.3091768920297194E-004
   9.7403281143097226E-003   91.699401872775994        159.38886088826658        3.4494426295868550E-004
   9.4676025830812832E-003   91.742217613389329        159.38919928999033        3.5814415634313621E-004
   9.1844676671471899E-003   91.782808217788116        159.38975973794587        3.7051933525183880E-004
   8.8971091991646174E-003   91.820653785418713        159.39053536775413        3.8204495616006703E-004
   8.6001803516929688E-003   91.855336719966289        159.39151921346158        3.9273779194608634E-004
   8.3003590746052649E-003   91.886587607550467        159.39270407815633        4.0263788273173663E-004
   8.0076404074589883E-003   91.914396105611900        159.39408269571857        4.1178119894400461E-004
   7.7087931986658184E-003   91.938964116779729        159.39564797204355        4.2026568883853251E-004
   7.4050009018377461E-003   91.960642700109162        159.39739266549751        4.2806451371097635E-004
   7.0961207641164542E-003   91.979968615060812        159.39930941527737        4.3521882891543859E-004
   6.7766084372214708E-003   91.997589759136034        159.40139073762495        4.4175094364780267E-004
   6.4450667969001745E-003   92.014289809678786        159.40362889200821        4.4766097418872920E-004
   6.0913690565246141E-003   92.030870803332192        159.40601584674889        4.5299993775645158E-004
   5.7246575783328367E-003   92.048078869448929        159.40854303450445        4.5774008446442254E-004
   5.3364776566973719E-003   92.066594982193536        159.41120157281276        4.6190733573431384E-004
   4.9343019295132453E-003   92.086848561486946        159.41398205975182        4.6550387568320068E-004
   4.5103847646836377E-003   92.109001032222494        159.41687475400809        4.6849042489924064E-004
   4.0753139600811202E-003   92.132995107734686        159.41986938817962        4.7087374864979896E-004
   3.6099754170492745E-003   92.158474292701996        159.42295542409641        4.7256800337871927E-004
   3.1485800049074514E-003   92.184745008079801        159.42612159043475        4.7357610268210850E-004
   2.6774079169629423E-003   92.211009939301221        159.42935671144974        4.7387468064653924E-004
   2.2037458428271046E-003   92.236201790220065        159.43264937451843        4.7342954750376448E-004
   1.7526001237422163E-003   92.259161532595385        159.43598810608196        4.7225319298902798E-004
   1.3343885971111116E-003   92.278682780907062        159.43936197736082        4.7040664023216983E-004
   9.3245260992494568E-004   92.293472418318359        159.44276085680335        4.6784386019991679E-004
   5.9278181729041114E-004   92.302299884759762        159.44617500686866        4.6467900858712674E-004
   2.7709493933623334E-004   92.304012350224568        159.44959619766141        4.6092655183953925E-004
   3.1124309923578848E-005   92.297551518742864        159.45301677982647        4.5669255348578886E-004
  -1.6810430743329069E-004   92.281983416981092        159.45643079254185        4.5206957484837218E-004
  -2.8588066695217553E-004   92.256614220835203        159.45983340663852        4.4719768131198972E-004
  -3.5901027973297815E-004   92.220993855861252        159.46322176546542        4.4212334774811703E-004
  -3.6121662976394323E-004   92.174930550393370        159.46659409330735        4.3699646735840186E-004
  -3.0155571512541164E-004   92.118539838843517        159.46995033237968        4.3190811568145850E-004
  -1.7925822763065137E-004   92.052132909856226        159.47329192356685        4.2693136851853911E-004
  -3.1092956702975325E-005   91.976211740384144        159.47662182494543        4.2210987996405848E-004
   1.8170939687583653E-004   91.891478921670085        159.47994362195251        4.1754017582319914E-004
   4.2099985493036904E-004   91.798827523331980        159.48326246613260        4.1329615166747259E-004
   7.2508902239407579E-004   91.699252766290854        159.48658415156669        4.0943981034120548E-004
   1.0481997749432652E-003   91.593693770775729        159.48991604269736        4.0604379016227917E-004
   1.4008222338382117E-003   91.483228449117490        159.49326596615938        4.0312116612739569E-004
   1.7678757750838568E-003   91.368977824122766        159.49664246439389        4.0071014002991288E-004
   2.1341559177441584E-003   91.252050529431131        159.50005443069870        3.9882911389727899E-004
   2.4926984727352726E-003   91.133405185088094        159.50351074106251        3.9749838166337639E-004
   2.8826148882144654E-003   91.013988918202884        159.50702008539653        3.9683029836393158E-004
   3.2399491899380304E-003   90.894697563671869        159.51059191501960        3.9681371219656847E-004
   3.5945173501346693E-003   90.776323026218847        159.51423489319947        3.9743771866205575E-004
   3.9395838244542063E-003   90.659590251557489        159.51795761723244        3.9876578814409397E-004
   4.2284581697092693E-003   90.545139520058711        159.52176845522851        4.0076629219768189E-004
   4.4974313863768356E-003   90.433559200234384        159.52567441473383        4.0345678443041522E-004
   4.7319677952245530E-003   90.325405796476304        159.52968202185869        4.0686162653650498E-004
   4.9245352353783304E-003   90.221332079155729        159.53379696907294        4.1092128390101919E-004
   5.0693159094952729E-003   90.121848159064697        159.53802393223478        4.1560449763157232E-004
   5.1735264285549384E-003   90.027573313953525        159.54236642967990        4.2092303843303970E-004
   5.2207919267761903E-003   89.939018782165803        159.54682699620113        4.2677976234899872E-004
   5.2171009991102916E-003   89.856856622482383        159.55140678691612        4.3312891736648406E-004
   5.1496093590318271E-003   89.781690064061962        159.55610572159500        4.3990406595044494E-004
   5.0202055599388763E-003   89.714057620987816        159.56092217350184        4.4699410667194172E-004
   4.8426188470112354E-003   89.654446937496800        159.56585301455394        4.5435238398509593E-004
   4.5787887367131882E-003   89.603411833555555        159.57089394828594        4.6182898680247134E-004
   4.2489697437213501E-003   89.561350912410433        159.57603858689222        4.6931347803130964E-004
   3.8519497291635394E-003   89.528719452712167        159.58127894185441        4.7666180468088499E-004
   3.3863612697078590E-003   89.505897537213812        159.58660539426833        4.8372624857420112E-004
   2.8322376809642650E-003   89.493145885305040        159.59200666138057        4.9032737114716946E-004
   2.2120084823961795E-003   89.490596177795908        159.59746931244024        4.9631968498614111E-004
   1.5439006404449316E-003   89.498267652608050        159.60297831187347        5.0161126528839662E-004
   8.0888346759201691E-004   89.515783705487394        159.60851746139630        5.0603089798385956E-004
   1.4838710903136113E-005   89.542429685366770        159.61406893814183        5.0942753801312755E-004
  -8.2534070850723274E-004   89.577110782836755        159.61961348573638        5.1168372223705453E-004
  -1.6896527790879472E-003   89.618461054324072        159.62513072644140        5.1271799509912354E-004
  -2.5690680170253203E-003   89.664823533753406        159.63059969510508        5.1247415370927292E-004
  -3.4596203672499102E-003   89.714432806817996        159.63599905818896        5.1085705187901723E-004
  -4.3727814366151920E-003   89.765615094125891        159.64130720970519        5.0780946569073881E-004
  -5.2645546225623466E-003   89.816875502739123        159.64650199297893        5.0334944733646154E-004
  -6.1305573416681747E-003   89.867057706318661        159.65156176880524        4.9749573123089228E-004
  -6.9705794861835736E-003   89.915299763752913        159.65646552157469        4.9026034640669289E-004
  -7.7675091573500719E-003   89.961293875773734        159.66119286457575        4.8170370652760882E-004
  -8.5600468417062134E-003   90.005056135129351        159.66572445545100        4.7177553229742273E-004
  -9.3182180850998435E-003   90.046860421073063        159.67004105728969        4.6057420554743909E-004
  -1.0040622934808733E-002   90.087196834090264        159.67412426632163        4.4808263785181025E-004
  -1.0747895148199517E-002   90.126669103392913        159.67795654572708        4.3431078607483021E-004
  -1.1417459509920812E-002   90.165893063344654        159.68152072460046        4.1930945594628038E-004
  -1.2050680020962197E-002   90.205311333752050        159.68480054650922        4.0311086633203100E-004
  -1.2684147571103236E-002   90.245279719970355        159.68778063632612        3.8569859941413960E-004
  -1.3277104771504429E-002   90.285986834696715        159.69044561168428        3.6715596781121136E-004
  -1.3833843616705348E-002   90.327497742701908        159.69278107267283        3.4754046152931051E-004
  -1.4363263194706603E-002   90.369617257266043        159.69477349815858        3.2695833856068347E-004
  -1.4859929424196103E-002   90.412160165573155        159.69641002950516        3.0553202795722992E-004
  -1.5310817803310728E-002   90.454787490221520        159.69767860250701        2.8335207227581707E-004
  -1.5713533488618439E-002   90.497099638289953        159.69856826459934        2.6057749001978480E-004
  -1.6090173697567722E-002   90.538584752155103        159.69906923296406        2.3729457793234890E-004
  -1.6411709995142902E-002   90.578809240384601        159.69917235860939        2.1368570544241677E-004
  -1.6670410909630264E-002   90.617310784832895        159.69886983166472        1.8992732130565336E-004
  -1.6871504875916168E-002   90.653638319948485        159.69815536926049        1.6619581330040584E-004
  -1.7026733979440479E-002   90.687478450125326        159.69702408931235        1.4264053893172390E-004
  -1.7120054491418971E-002   90.718618409260330        159.69547222575906        1.1941590724208320E-004
  -1.7164742409102145E-002   90.746979558923130        159.69349751806956        9.6641552604365125E-005
  -1.7142557525368075E-002   90.772711878739202        159.69109888917842        7.4399750552061274E-005
  -1.7069320369860475E-002   90.796154159843908        159.68827688835347        5.2788051706561589E-005
  -1.6938986633898381E-002   90.817911541891633        159.68503330757360        3.1834594184069142E-005
  -1.6778841562355609E-002   90.838765274174193        159.68137132768209        1.1544091406724403E-005
  -1.6583565377084747E-002   90.859555236288955        159.67729485608706       -8.0836854327821222E-006
  -1.6352901078801538E-002   90.881114044370108        159.67280865537714       -2.7103139438176372E-005
  -1.6091731695433199E-002   90.904212717715566        159.66791834903245       -4.5606112637194761E-005
  -1.5785102002131898E-002   90.929357961549684        159.66263030306766       -6.3573507901767257E-005
  -1.5464531766367308E-002   90.956799520498578        159.65695198852760       -8.1105235943182760E-005
  -1.5108206637548189E-002   90.986427204954040        159.65089121550696       -9.8258719294358200E-005
  -1.4707385307050106E-002   91.017908799457302        159.64445666235460       -1.1500722317540600E-004
  -1.4294129689328439E-002   91.050544842542010        159.63765808711346       -1.3143090962659617E-004
  -1.3844051450252165E-002   91.083536881302962        159.63050554901361       -1.4754649337802610E-004
  -1.3322970852285230E-002   91.116006525176815        159.62300999963534       -1.6325175336879009E-004
  -1.2783383370753564E-002   91.147061579810128        159.61518411125601       -1.7860249608088921E-004
  -1.2189826602072523E-002   91.175775320024400        159.60704100304272       -1.9348733358257129E-004
  -1.1540087058411199E-002   91.201548737711207        159.59859510125375       -2.0785749131244912E-004
  -1.0848291482825442E-002   91.223797236657788        159.58986219167733       -2.2165123018888657E-004
  -1.0091121657824130E-002   91.242167017923549        159.58085907715386       -2.3471710141401513E-004
  -9.3099536569195250E-003   91.256470987962473        159.57160414184042       -2.4701037388854212E-004
  -8.4680256787701986E-003   91.266762093901633        159.56211634776511       -2.5835756622167542E-004
  -7.5911842651682614E-003   91.273231246336294        159.55241612595128       -2.6863712606374246E-004
  -6.6708762389388792E-003   91.276149703416550        159.54252474977815       -2.7768967513852795E-004
  -5.7147753723916879E-003   91.276040755384699        159.53246454116527       -2.8541482766754865E-004
  -4.7334765683653040E-003   91.273265624028014        159.52225868535447       -2.9170150111541371E-004
  -3.7158935638131213E-003   91.268271747501601        159.51193097320504       -2.9642059119036547E-004
  -2.6981682065989427E-003   91.261396068159584        159.50150607044048       -2.9952754269720673E-004
  -1.6376033219438599E-003   91.252880707330974        159.49100864138708       -3.0091244464907539E-004
  -5.7612217067959718E-004   91.243005783070586        159.48046438387391       -3.0054794195920418E-004
   4.9487829083474737E-004   91.231978591911016        159.46989901323639       -2.9834509554041785E-004
   1.5597426179737356E-003   91.220177580826913        159.45933846997778       -2.9431980603139823E-004
   2.6339044042451906E-003   91.208159415618582        159.44880854096428       -2.8840388105213431E-004
   3.7003437435031718E-003   91.196674636500333        159.43833523246877       -2.8058450145916234E-004
   4.7502791028548172E-003   91.186589189111643        159.42794435883238       -2.7089923543240898E-004
   5.7523981615409028E-003   91.178881499174437        159.41766132938460       -2.5941395562355740E-004
   6.7530203089810215E-003   91.174458500686356        159.40751039083833       -2.4617171105935153E-004
   7.6947876855814152E-003   91.173985242604971        159.39751574791421       -2.3127839569133898E-004
   8.6127773440399236E-003   91.177863274314745        159.38770017577951       -2.1479598064758212E-004
   9.4808489017282373E-003   91.186148643917520        159.37808586855439       -1.9682799743910156E-004
   1.0304785368483017E-002   91.198598652791887        159.36869380720023       -1.7746856265253656E-004
   1.1076474787997824E-002   91.214796109445786        159.35954390053041       -1.5687478957762579E-004
   1.1822997440726665E-002   91.234129730697447        159.35065478878676       -1.3510697196941881E-004
   1.2503382031750625E-002   91.255876523876367        159.34204449944062       -1.1234627113350643E-004
   1.3158422421283818E-002   91.279513155218581        159.33372945726356       -8.8698156086997938E-005
   1.3788158695226123E-002   91.304526574464546        159.32572547064024       -6.4332172424675103E-005
   1.4367991393415049E-002   91.330582498558286        159.31804773353261       -3.9383157440317394E-005
   1.4915957294889507E-002   91.357486999576452        159.31071023157756       -1.3997379531717809E-005
   1.5425620544742497E-002   91.385161620678943        159.30372617876893        1.1640058047980833E-005
   1.5897824316162910E-002   91.413517687142857        159.29710786228972        3.7418981993537477E-005
   1.6329041673583396E-002   91.442452596918258        159.29086666324574        6.3175580578973397E-005
   1.6716983590474202E-002   91.471719990517300        159.28501297291314        8.8782558635091546E-005
   1.7074419159730417E-002   91.500966270649428        159.27955613679353        1.1417299502888870E-004
   1.7392265923777503E-002   91.529626549739973        159.27450476403985        1.3923547270049640E-004
   1.7690545554224099E-002   91.556984680588329        159.26986650814433        1.6389824463395542E-004
   1.7956958458923988E-002   91.582305031730698        159.26564855113307        1.8810130760700568E-004
   1.8214291298718460E-002   91.604830735401663        159.26185730677642        2.1184422319149338E-004
   1.8424871695007242E-002   91.623860421136044        159.25849897084336        2.3504883684784519E-004
   1.8639745967903052E-002   91.638813508106679        159.25557861102519        2.5772702456308537E-004
   1.8823131534613617E-002   91.649387598455249        159.25310140005487        2.7987958826284503E-004
   1.8981536628159580E-002   91.655522746966625        159.25107175194898        3.0149954047676658E-004
   1.9120234821762019E-002   91.657461662015052        159.24949347865140        3.2256798463421585E-004
   1.9232992669510094E-002   91.655692362228010        159.24836991789039        3.4312106023328954E-004
   1.9303057426327510E-002   91.650927883724009        159.24770378236903        3.6312793967191280E-004
   1.9339271424736886E-002   91.644039221109253        159.24749675569231        3.8257769375294061E-004
   1.9339161946043702E-002   91.636054930985622        159.24774970578343        4.0153291007990230E-004
   1.9307195675406435E-002   91.627933435527353        159.24846262525929        4.2002514977585630E-004
   1.9215812159287159E-002   91.620625868928855        159.24963473943862        4.3804155683303185E-004
   1.9066892766620089E-002   91.614955547542081        159.25126384030725        4.5562629315847183E-004
   1.8867598599116880E-002   91.611526375597975        159.25334633226669        4.7279679905738909E-004
   1.8608789908982543E-002   91.610646281236640        159.25587740562750        4.8952871980584485E-004
   1.8298724835356606E-002   91.612426304977035        159.25885081518123        5.0586886574447592E-004
   1.7934731659912828E-002   91.616626233066626        159.26225907956777        5.2182556110913578E-004
   1.7499885407272476E-002   91.622783052777578        159.26609341646918        5.3736294827656740E-004
   1.7008922655710114E-002   91.630326712248277        159.27034333336917        5.5247310812452100E-004
   1.6491190472139546E-002   91.638549844548479        159.27499698328717        5.6722125253997019E-004
   1.5937734375078585E-002   91.646726350223673        159.28004187281198        5.8159303829046936E-004
   1.5346291328402314E-002   91.654125718596745        159.28546464586660        5.9558438134453529E-004
   1.4745799033667014E-002   91.660016449445493        159.29125102825063        6.0921662121879276E-004
   1.4105617587750049E-002   91.663795519290559        159.29738652641029        6.2246653745630734E-004
   1.3446027557765076E-002   91.664839587890228        159.30385568669655        6.3531106331854393E-004
   1.2785126604387256E-002   91.662599604611771        159.31064258487615        6.4781876098791915E-004
   1.2094890052158559E-002   91.656675146833692        159.31773126364445        6.5993214396520880E-004
   1.1406918504011317E-002   91.646596883861292        159.32510505469841        6.7168015695314375E-004
   1.0737138771920602E-002   91.632105409540330        159.33274734195643        6.8305150698485227E-004
   1.0058170946216926E-002   91.612977664277935        159.34064194725980        6.9400298880829370E-004
   9.3800293483687330E-003   91.589045866995093        159.34877246812991        7.0452327611258839E-004
   8.7212547982407455E-003   91.560363772496615        159.35712251973030        7.1464059898261947E-004
   8.0606172705409880E-003   91.526943572269516        159.36567618376412        7.2429002070969453E-004
   7.4088916556978050E-003   91.488801993151284        159.37441749481570        7.3342868988317505E-004
   6.7674363627463737E-003   91.446043625842393        159.38333070083863        7.4198767293888880E-004
   6.1192955387027329E-003   91.398791584936518        159.39240029657344        7.4991423844762044E-004
   5.4994614432155343E-003   91.347145899359660        159.40161061351409        7.5714139059982074E-004
   4.8858866284436035E-003   91.291268115938337        159.41094666619472        7.6358247877517983E-004
   4.2932268495395739E-003   91.231292543463724        159.42039361886933        7.6914109519821540E-004
   3.7166931272418009E-003   91.167413976359441        159.42993714006883        7.7372480592344413E-004
   3.1514004417057106E-003   91.099945611122507        159.43956328786103        7.7720789680777206E-004
   2.5931294690071760E-003   91.029095852920079        159.44925839020394        7.7950599702356343E-004
   2.0687737784626774E-003   90.955255781334941        159.45900894342819        7.8054772165391223E-004
   1.5461899016351412E-003   90.878757974099784        159.46880226335247        7.8021023583443232E-004
   1.0248860435145373E-003   90.799952257192189        159.47862570745642        7.7844061125305949E-004
   5.0622803043831762E-004   90.719259905130656        159.48846666269239        7.7519181675279360E-004
  -1.9921158050739672E-006   90.637193553418868        159.49831257823897        7.7043066013397917E-004
  -5.0047579455588605E-004   90.554170816715015        159.50815115420701        7.6415645085127612E-004
  -9.8845841792172175E-004   90.470605870819412        159.51797032501852        7.5637356243576210E-004
  -1.4627621567107785E-003   90.386908695351636        159.52775827771404        7.4716403780607330E-004
  -1.9326489605880003E-003   90.303485060045631        159.53750352919951        7.3655359508235181E-004
  -2.3940610750595886E-003   90.220666198411351        159.54719470153711        7.2463252612562496E-004
  -2.8655707366600121E-003   90.138756782504899        159.55682062022558        7.1144675986101343E-004
  -3.3187935076089332E-003   90.057939923361971        159.56636986468553        6.9712940892973610E-004
  -3.7759842985523075E-003   89.978342016694725        159.57583145540949        6.8174568348372837E-004
  -4.2264414237087877E-003   89.900064340974538        159.58519431448249        6.6538613749028946E-004
  -4.6698378843114492E-003   89.823086866416148        159.59444752554614        6.4813142102053563E-004
  -5.0938195212580119E-003   89.747395220199309        159.60358034119207        6.3009882074128434E-004
  -5.4973106080800100E-003   89.672925742935320        159.61258248277670        6.1136524434100056E-004
  -5.9028516787238755E-003   89.599565551601984        159.62144416639330        5.9202621179751979E-004
  -6.3072793083786003E-003   89.527274208829297        159.63015555628809        5.7213982709596533E-004
  -6.7028346069358804E-003   89.456085812846439        159.63870684124055        5.5179236535446961E-004
  -7.0779708663034928E-003   89.386028672563782        159.64708842305080        5.3104457529693351E-004
  -7.4451278058420989E-003   89.317310134938467        159.65529119666189        5.1003094986876781E-004
  -7.7939773423812428E-003   89.250232146784413        159.66330624828240        4.8885426147296919E-004
  -8.1513979076335129E-003   89.185386478602567        159.67112510596232        4.6754376722546437E-004
  -8.5030811374660585E-003   89.123491856464582        159.67873908794314        4.4620805470732420E-004
  -8.8619607445429988E-003   89.065431541364376        159.68613964870391        4.2496927891051993E-004
  -9.2265997522821414E-003   89.012151640208074        159.69331806624359        4.0389327932008112E-004
  -9.5885890412888419E-003   88.964662573700721        159.70026547684907        3.8310191495954818E-004
  -9.9696989515254356E-003   88.923825949750722        159.70697307960566        3.6266969981229837E-004
  -1.0359401491482062E-002   88.890481986185861        159.71343160701443        3.4266021794483628E-004
  -1.0790309156063186E-002   88.865360673546675        159.71963158195857        3.2306534865884283E-004
  -1.1255989356636575E-002   88.849113437198227        159.72556252516992        3.0390775126163077E-004
  -1.1744489252491563E-002   88.842125694412715        159.73121311194268        2.8516943884308697E-004
  -1.2249147886322066E-002   88.844747396706168        159.73657146238975        2.6687973993571484E-004
  -1.2773040697481867E-002   88.857137006229351        159.74162530359624        2.4901064814220264E-004
  -1.3316855021902149E-002   88.879214091198264        159.74636189527195        2.3151837215666134E-004
  -1.3874882904199914E-002   88.910603968311150        159.75076801321521        2.1433539640046024E-004
  -1.4434528809016857E-002   88.950648807262411        159.75483008783655        1.9744388774026625E-004
  -1.5023831040514999E-002   88.998345564128471        159.75853451067417        1.8070774603611228E-004
  -1.5586351437833912E-002   89.052542991090945        159.76186695411269        1.6412026111712431E-004
  -1.6152911396712426E-002   89.111971822826078        159.76481374172036        1.4757814757766430E-004
  -1.6682219687147757E-002   89.175152896225725        159.76736110014892        1.3102197385641301E-004
  -1.7172537962852688E-002   89.240680391840243        159.76949616291483        1.1443502407134473E-004
  -1.7634794253979066E-002   89.307121797089351        159.77120701297014        9.7730124152005626E-005
  -1.8024647986086748E-002   89.373125614335578        159.77248241691504        8.0943514591062200E-005
  -1.8360837107344000E-002   89.437476879100700        159.77331290269615        6.4049446594569563E-005
  -1.8616046563257882E-002   89.498972194686516        159.77369030430859        4.7040991114588983E-005
  -1.8794004363103006E-002   89.556534550614884        159.77360842656307        2.9924121520047179E-005
  -1.8885763623618507E-002   89.609157346013518        159.77306295357209        1.2753012368263462E-005
  -1.8884682755201932E-002   89.655977435430728        159.77205166599504       -4.4097869375388926E-006
  -1.8787428361170175E-002   89.696155990712882        159.77057460226686       -2.1539053175156967E-005
  -1.8613830436062774E-002   89.729026326140783        159.76863414019201       -3.8636260009114703E-005
  -1.8339954428116766E-002   89.754008267568054        159.76623451402909       -5.5634827328730843E-005
  -1.7962369752444283E-002   89.770630321638706        159.76338239569534       -7.2455190863477377E-005
  -1.7486744093976696E-002   89.778642984762385        159.76008697751581       -8.9020043404983368E-005
  -1.6898914638700621E-002   89.777909639619850        159.75635983504358       -1.0518224679088178E-004
  -1.6209351443896784E-002   89.768463418011436        159.75221526996299       -1.2085766719586722E-004
  -1.5442651348336686E-002   89.750488023495535        159.74767005544001       -1.3595452517773646E-004
  -1.4578577559167406E-002   89.724464104424030        159.74274283796859       -1.5029270206154269E-004
  -1.3631931087881509E-002   89.691077520043805        159.73745462918768       -1.6377696069751245E-004
  -1.2613755015795779E-002   89.651130475281079        159.73182844477196       -1.7628271219995639E-004
  -1.1533647911595474E-002   89.605760234122414        159.72588903660812       -1.8770386046881935E-004
  -1.0412693346630447E-002   89.556241395952185        159.71966265813293       -1.9795463295895909E-004
  -9.2381769170511042E-003   89.503993686872505        159.71317655195679       -2.0686571049360417E-004
  -8.0331065569067758E-003   89.450520526379009        159.70645925832733       -2.1430582208615512E-004
  -6.8143996151843762E-003   89.397308335321654        159.69954005572549       -2.2018657050308261E-004
  -5.5780329352898292E-003   89.345831659055690        159.69244854992041       -2.2438188216624948E-004
  -4.3681486346023417E-003   89.297479541129391        159.68521477085758       -2.2684683946430095E-004
  -3.1603541376603109E-003   89.253373691178339        159.67786810085414       -2.2745338365667367E-004
  -1.9898415021304123E-003   89.214464240152935        159.67043786643816       -2.2615913353457546E-004
  -8.4435055829887708E-004   89.181508130691256        159.66295248443683       -2.2288232548445941E-004
   2.7341366898623925E-004   89.154930136112185        159.65543975897052       -2.1756850870499137E-004
   1.3570718196870232E-003   89.135062313241761        159.64792681612639       -2.1014249264118647E-004
   2.3823317833582391E-003   89.122092335254649        159.64043994927457       -2.0058156876880944E-004
   3.3715842273669273E-003   89.116161380676601        159.63300402991624       -1.8883653419848385E-004
   4.2973558238343472E-003   89.117466005661655        159.62564305143641       -1.7494383381653949E-004
   5.1608587477914736E-003   89.126265555373109        159.61837946274429       -1.5894453832357791E-004
   5.9852445465175879E-003   89.142875356885696        159.61123419838222       -1.4083414241521851E-004
   6.7210407822908391E-003   89.167830051767297        159.60422724048070       -1.2075594082342675E-004
   7.3940698208276000E-003   89.201723503478789        159.59737641925895       -9.8751178750378421E-005
   7.9915744556213579E-003   89.245086811696609        159.59069803937373       -7.4970568109156502E-005
   8.4998813741292024E-003   89.298481873431186        159.58420657113592       -4.9601077853077963E-005
   8.9247885133701028E-003   89.362228679585385        159.57791431958404       -2.2796255652542840E-005
   9.2552105939447561E-003   89.436367684931639        159.57183156567632        5.2797704454740582E-006
   9.5095853824325727E-003   89.520721545888676        159.56596629753804        3.4413508200688323E-005
   9.6796770687711080E-003   89.614723520243146        159.56032465844797        6.4398187763236941E-005
   9.7843819500503734E-003   89.717561786902579        159.55491074793983        9.5070418263032102E-005
   9.8116622202570891E-003   89.828289005253524        159.54972707977552        1.2620688908413774E-004
   9.7694525191747063E-003   89.945842933062551        159.54477429055734        1.5758645629323397E-004
   9.6813504265640133E-003   90.069192330848196        159.54005133357421        1.8908001037528155E-004
   9.5163653674461609E-003   90.197397451114284        159.53555604997905        2.2045195624328950E-004
   9.3269784200231722E-003   90.329778754764789        159.53128441848156        2.5159451162761907E-004
   9.0687901494274376E-003   90.465749798499942        159.52723182729395        2.8229306072420754E-004
   8.7747045856965810E-003   90.604952959538323        159.52339199948730        3.1239598649767725E-004
   8.4541137653269382E-003   90.747066264555272        159.51975778990797        3.4175943488724028E-004
   8.0968582376820478E-003   90.891686505945231        159.51632141283062        3.7024250280323656E-004
   7.7110830765288237E-003   91.038177090830303        159.51307419602037        3.9771022050354691E-004
   7.3133428347493751E-003   91.185735757642234        159.51000677881834        4.2406201189022167E-004
   6.9092300518183714E-003   91.333203342466433        159.50710951258591        4.4918679020755626E-004
   6.4999576775080581E-003   91.478943663108922        159.50437259620347        4.7297723894491986E-004
   6.1139473659472679E-003   91.621026804760092        159.50178610572021        4.9535971456375367E-004
   5.7503033412403528E-003   91.757296384989274        159.49934068319658        5.1629401198797402E-004
   5.4348689898870957E-003   91.885518319799729        159.49702751480376        5.3575592840403329E-004
   5.1825978172684167E-003   92.003524985905813        159.49483895715218        5.5376217035210207E-004
   4.9870435475871987E-003   92.109386633759854        159.49276889861389        5.7029063790639089E-004
   4.8626268861237283E-003   92.201680562071289        159.49081260362411        5.8536257024979863E-004
   4.7980185919783589E-003   92.279457589171500        159.48896706127780        5.9897839833083859E-004
   4.8218229139785429E-003   92.342372123308166        159.48723071156977        6.1120588327672311E-004
   4.9195226404127402E-003   92.390654852598232        159.48560413806456        6.2213277537880105E-004
   5.1020446943289199E-003   92.425233195642249        159.48408971533425        6.3186441879574710E-004
   5.3295115432989842E-003   92.447399215071059        159.48269187356178        6.4041828895079701E-004
   5.5984566950226600E-003   92.458867574512709        159.48141613231880        6.4788334681811690E-004
   5.9100909925213071E-003   92.461539980769160        159.48026901672759        6.5433933973170152E-004
   6.2427172678757312E-003   92.457403566175074        159.47925808668523        6.5986019454825919E-004
   6.5891873356508767E-003   92.448456109648646        159.47839141065049        6.6449336415231599E-004
   6.9550147998992074E-003   92.436478234495638        159.47767739281744        6.6836063802269122E-004
   7.2959085612917607E-003   92.423077274731384        159.47712490679677        6.7148605686573662E-004
   7.6158565993501319E-003   92.409593914031191        159.47674222277575        6.7391616661619295E-004
   7.9171798916283561E-003   92.396990050867629        159.47653710356653        6.7571626108982351E-004
   8.1949064958071489E-003   92.386026603450560        159.47651686055414        6.7695820748915213E-004
   8.4363760229571247E-003   92.377240841299425        159.47668823327231        6.7764018061351836E-004
   8.6447598297745201E-003   92.370918568793030        159.47705708314245        6.7781159223392342E-004
   8.8199405823803437E-003   92.367115369097235        159.47762846980353        6.7752393768803743E-004
   8.9762089010698518E-003   92.365651136337107        159.47840664857196        6.7682041386576790E-004
   9.1008813333132016E-003   92.366143527189848        159.47939541570327        6.7574420927857867E-004
   9.2009650115259627E-003   92.367983243788473        159.48059780070307        6.7430680573883595E-004
   9.2850405220666257E-003   92.370155634696971        159.48201623634716        6.7255607090157231E-004
   9.3564006675293070E-003   92.371548874813882        159.48365276616718        6.7056800660353095E-004
   9.4089828982443502E-003   92.370854324759136        159.48550912413904        6.6836710601791526E-004
   9.4637895834700572E-003   92.366708879476022        159.48758658809118        6.6596426976462384E-004
   9.5334206267846354E-003   92.357935705249034        159.48988648740877        6.6343102882449154E-004
   9.6216781819816900E-003   92.343550044244452        159.49241050861266        6.6083094452748612E-004
   9.7021603244639969E-003   92.322869426852165        159.49516078754564        6.5819097164716714E-004
   9.8022390655496359E-003   92.295606180896939        159.49813927053683        6.5555440412368203E-004
   9.9097559057307917E-003   92.261883637183473        159.50134837671683        6.5294114759471302E-004
   1.0009639239784790E-002   92.222337448133899        159.50479070302424        6.5037532351170562E-004
   1.0111221581941009E-002   92.178067433586492        159.50846865994254        6.4788866315219364E-004
   1.0194006023229578E-002   92.130450459265873        159.51238469732581        6.4547611567593950E-004
   1.0268820190068195E-002   92.081125436112330        159.51654080798485        6.4316924764324095E-004
   1.0304521056961825E-002   92.031862369490085        159.52093879176289        6.4091404540694808E-004
   1.0314200778356229E-002   91.984416196926659        159.52557950057840        6.3875949573291080E-004
   1.0267736971563116E-002   91.940424809181692        159.53046315546158        6.3667252796091253E-004
   1.0156909240865691E-002   91.901269417417723        159.53558861685656        6.3462528464724099E-004
   1.0000005719258593E-002   91.868021344752208        159.54095318556483        6.3260408549802006E-004
   9.7737134838059101E-003   91.841262321083022        159.54655304602917        6.3054750377987379E-004
   9.4840120307346492E-003   91.821211655644632        159.55238270102780        6.2844328085039016E-004
   9.1706155167321987E-003   91.807674885317425        159.55843511672859        6.2629900411317603E-004
   8.7705418622457225E-003   91.800143461985016        159.56470268479325        6.2400872668855677E-004
   8.3442894531441294E-003   91.797826381441610        159.57117569576238        6.2161203095307659E-004
   7.8570224238095621E-003   91.799829441017323        159.57784380653209        6.1907932283910400E-004
   7.3315825362755263E-003   91.805260146103194        159.58469519443977        6.1642348517593334E-004
   6.7673528663511427E-003   91.813469861360730        159.59171711197499        6.1364657013299791E-004
   6.1796607856576405E-003   91.823996227871405        159.59889587124653        6.1071975738073237E-004
   5.5881170148139696E-003   91.836658903613412        159.60621721608416        6.0766377349730542E-004
   4.9534930511112773E-003   91.851446891766003        159.61366679747951        6.0443316651181142E-004
   4.2955421269167847E-003   91.868428440798056        159.62122922135549        6.0097701100333696E-004
   3.6163839188779814E-003   91.887545901004572        159.62888852786736        5.9724170124560822E-004
   2.9078308798855933E-003   91.908528477826792        159.63662824244111        5.9313115084104300E-004
   2.1895065303391636E-003   91.930798617422298        159.64443117706432        5.8855957391168575E-004
   1.4774567394479203E-003   91.953580448899160        159.65227990592146        5.8347924319429264E-004
   7.6296157036582731E-004   91.975838915900212        159.66015715374138        5.7779391274246934E-004
   6.5153626526172771E-005   91.996572195025422        159.66804558482536        5.7150187452340039E-004
  -6.3396672784342921E-004   92.014761050370268        159.67592826711765        5.6446586132048477E-004
  -1.3089552462438219E-003   92.029482018012388        159.68378823561889        5.5659686172198361E-004
  -1.9511843959263040E-003   92.040005781437372        159.69160911045901        5.4788236584017052E-004
  -2.5618808596718687E-003   92.045955458314893        159.69937530542538        5.3825834995277228E-004
  -3.1583688667275326E-003   92.047180577340200        159.70707199776385        5.2763381907630560E-004
  -3.7196736395153783E-003   92.043847070395785        159.71468470811485        5.1600685495314176E-004
  -4.2302039741408020E-003   92.036320792181328        159.72219980979060        5.0333693124538631E-004
  -4.7280628418839427E-003   92.025131211487505        159.72960490785383        4.8956407021879763E-004
  -5.1968817594320090E-003   92.010869553625767        159.73688791340578        4.7468611439053685E-004
  -5.6462896489139101E-003   91.994243713113860        159.74403744234758        4.5866752153689706E-004
  -6.0681999019130484E-003   91.975687187542746        159.75104258016293        4.4152137679920908E-004
  -6.4834036016252023E-003   91.955736313948222        159.75789307985588        4.2325561782865454E-004
  -6.8907104090452790E-003   91.934836902639319        159.76457885593084        4.0387976506478794E-004
  -7.2830668664535959E-003   91.913298902175654        159.77109001303526        3.8344862685500751E-004
  -7.6576803734408868E-003   91.891477227670777        159.77741701733831        3.6205650304504912E-004
  -8.0052965043117350E-003   91.869629762300860        159.78355076542977        3.3982435086043735E-004
  -8.3653127176127086E-003   91.848014768282184        159.78948281041951        3.1682373915720402E-004
  -8.6898178051752935E-003   91.826947272753046        159.79520440262550        2.9319866863575472E-004
  -9.0207021361044474E-003   91.806654496596266        159.80070765412663        2.6907316777401581E-004
  -9.3414384329248527E-003   91.787418274132492        159.80598452219508        2.4456514332954590E-004
  -9.6283707246530067E-003   91.769455410357551        159.81102720997112        2.1988117699166807E-004
  -9.9286756728081543E-003   91.752856428511279        159.81582874245873        1.9509338044552805E-004
  -1.0209049597353248E-002   91.737729193037254        159.82038181840019        1.7036489201606480E-004
  -1.0469434534820491E-002   91.724056972802273        159.82467962135661        1.4582673999062501E-004
  -1.0734960991104566E-002   91.711674272563272        159.82871582071715        1.2157349278664044E-004
  -1.0968658937284274E-002   91.700392742015509        159.83248395904354        9.7747033615413199E-005
  -1.1185059155323444E-002   91.689980042097730        159.83597835272349        7.4397597264448632E-005
  -1.1369291993054783E-002   91.680243389220180        159.83919373908060        5.1686142151163920E-005
  -1.1548405520692502E-002   91.670996133753036        159.84212563733655        2.9653756906679801E-005
  -1.1702032319881019E-002   91.662038820030887        159.84476968996424        8.3701474746090622E-006
  -1.1842382279637289E-002   91.653244790324777        159.84712215849569       -1.2139310090829511E-005
  -1.1947525009225980E-002   91.644508889166858        159.84917962699720       -3.1790985842286967E-005
  -1.2026715342863786E-002   91.635752513261508        159.85093953475229       -5.0559616770394280E-005
  -1.2071079391696249E-002   91.627015380431629        159.85239995189235       -6.8392223111379474E-005
  -1.2086307555869247E-002   91.618225283437539        159.85355979515967       -8.5303293048066668E-005
  -1.2090254859301323E-002   91.609502404222283        159.85441868922558       -1.0132164036012165E-004
  -1.2066371735628766E-002   91.601113584182272        159.85497653229149       -1.1649350662386022E-004
  -1.2019442743662961E-002   91.593326340919376        159.85523389903543       -1.3086887983149639E-004
  -1.1965969430131524E-002   91.586389862755965        159.85519192490452       -1.4454368373589623E-004
  -1.1884329280120979E-002   91.580573662065305        159.85485190399243       -1.5752696848412792E-004
  -1.1774314791217065E-002   91.576084332560356        159.85421581532731       -1.6993124325085783E-004
  -1.1652001003236302E-002   91.572783647818554        159.85328632822117       -1.8180029091987692E-004
  -1.1491668014137462E-002   91.570472423748086        159.85206641170177       -1.9314400878526160E-004
  -1.1318517927818168E-002   91.568591587797201        159.85055996035064       -2.0406991235696599E-004
  -1.1107377144883147E-002   91.566539323266724        159.84877118276228       -2.1462378312949321E-004
  -1.0879322823845872E-002   91.563444724441453        159.84670521214704       -2.2481647500871470E-004
  -1.0594636399985079E-002   91.558363858138932        159.84436759575792       -2.3463004980504729E-004
  -1.0291798553316626E-002   91.550370428634821        159.84176526029930       -2.4406899878977000E-004
  -9.9369791509355768E-003   91.538514103275517        159.83890557519396       -2.5307360938893502E-004
  -9.5219351623765155E-003   91.522132670524329        159.83579717703850       -2.6157570676379007E-004
  -9.0705688855397745E-003   91.500671782414926        159.83245016790531       -2.6951726015143207E-004
  -8.5698931013562345E-003   91.473885459290457        159.82887553526177       -2.7680115811436196E-004
  -8.0148907918792221E-003   91.441813073884447        159.82508546615193       -2.8330039732152166E-004
  -7.4087553528375556E-003   91.404776348250138        159.82109346985945       -2.8889073576643767E-004
  -6.7801338421619155E-003   91.363347765829957        159.81691429909336       -2.9350232837129598E-004
  -6.1164178570221796E-003   91.318400852400572        159.81256325241975       -2.9699012515944023E-004
  -5.4182307625977467E-003   91.271007057371008        159.80805648138681       -2.9926244840948891E-004
  -4.7414780654490910E-003   91.222367110682214        159.80341097416971       -3.0028946318187737E-004
  -4.0329325284306746E-003   91.173737688594670        159.79864319541909       -2.9993067697123136E-004
  -3.3338132276694095E-003   91.126266431288499        159.79377038085514       -2.9814790577773745E-004
  -2.6330752214024015E-003   91.081019434425912        159.78880953409774       -2.9487930936074352E-004
  -1.9662809315464666E-003   91.038887865455024        159.78377769582167       -2.9010507991537415E-004
  -1.2999336613775752E-003   91.000524300503528        159.77869107773259       -2.8381676070912194E-004
  -6.7264181473092766E-004   90.966457504493576        159.77356587777317       -2.7603834636425324E-004
  -5.3126535356432619E-005   90.936852074530620        159.76841734039482       -2.6672359635004217E-004
   5.3338819866812469E-004   90.911659849505568        159.76326051832010       -2.5586874056010214E-004
   1.0823714941023521E-003   90.890843254277385        159.75810965923560       -2.4350699564396023E-004
   1.6122114293152332E-003   90.874301726229888        159.75297809542539       -2.2968229353293408E-004
   2.0869483244076088E-003   90.861984420215862        159.74787869030888       -2.1441545662782363E-004
   2.5413078260745434E-003   90.853877307496845        159.74282296609377       -1.9774503386595348E-004
   2.9653790508025958E-003   90.850134857977991        159.73782194710668       -1.7968279729657663E-004
   3.3484877536213140E-003   90.851007343065348        159.73288592041962       -1.6029197703965189E-004
   3.6930170831918009E-003   90.856912897228597        159.72802417568269       -1.3956072663530826E-004
   3.9972820484912002E-003   90.868310891607052        159.72324506445270       -1.1756817247959248E-004
   4.2644146075691333E-003   90.885583711182591        159.71855595907891       -9.4301619666783032E-005
   4.4805433116980528E-003   90.909059434589153        159.71396332915174       -6.9814332530524634E-005
   4.6330771647506855E-003   90.938965487923923        159.70947240625648       -4.4194156541970234E-005
   4.7476910543667117E-003   90.975270893148775        159.70508687685046       -1.7496191439899015E-005
   4.8252169570024662E-003   91.017804207359347        159.70080950704059        1.0247906450995595E-005
   4.8487445520332484E-003   91.066053444375200        159.69664216277428        3.8923075566734625E-005
   4.8352406229432354E-003   91.119223471828988        159.69258539959040        6.8460711130520808E-005
   4.8046777744968636E-003   91.176402456152402        159.68863887448853        9.8818824817949104E-005
   4.7470399275798374E-003   91.236555922010396        159.68480183130555        1.2993118757268727E-004
   4.6723597663451653E-003   91.298611832511540        159.68107285714257        1.6173686284525539E-004
   4.5810628713263170E-003   91.361533464760498        159.67745012585226        1.9414143025133279E-004
   4.4927639197175715E-003   91.424561248619469        159.67393140858317        2.2706912026920881E-004
   4.3916191012997579E-003   91.486864663340342        159.67051455039299        2.6044124992618325E-004
   4.2969687394052948E-003   91.547828550781091        159.66719708450151        2.9418266281729767E-004
   4.2190681244481673E-003   91.606924683380470        159.66397670219922        3.2820207790508385E-004
   4.1508551926595473E-003   91.663553367351483        159.66085150104078        3.6236033242012804E-004
   4.0782619410745808E-003   91.717077139262841        159.65781981361161        3.9649789275293537E-004
   4.0236357594472492E-003   91.766726563499788        159.65487986682646        4.3043343946860065E-004
   4.0140076490904862E-003   91.811642241107890        159.65203032350087        4.6405443312576397E-004
   4.0336995877372876E-003   91.850918044239947        159.64927093905931        4.9725149579664331E-004
   4.0740630795301292E-003   91.883550189187702        159.64660218034862        5.2984424902037248E-004
   4.1680895868091046E-003   91.908615988519500        159.64402501632489        5.6172808258724081E-004
   4.3173305156913346E-003   91.925206826669339        159.64154171865104        5.9276886818701656E-004
   4.5131327445205099E-003   91.932645708961175        159.63915589929738        6.2287111155032637E-004
   4.7731066407085470E-003   91.930414813182963        159.63687230031971        6.5195982610850194E-004
   5.0648523662152759E-003   91.918172641287313        159.63469722218289        6.7994019335472955E-004
   5.4077490757243520E-003   91.895760229083777        159.63263773766190        7.0676380475576497E-004
   5.7995420263301416E-003   91.863372281216670        159.63070216166466        7.3247089194494925E-004
   6.2417734211547109E-003   91.821300576348932        159.62889999606088        7.5702346944520949E-004
   6.7251987643568833E-003   91.770089758118971        159.62724196751267        7.8044528927636095E-004
   7.2311151463678629E-003   91.710369861708415        159.62573980315116        8.0278158949333958E-004
   7.7692814079627585E-003   91.643002323114104        159.62440577684475        8.2405970203479177E-004
   8.3045677566086894E-003   91.568967718890704        159.62325294569757        8.4424771660963059E-004
   8.8718830542393757E-003   91.489405250384408        159.62229429760703        8.6341795219636961E-004
   9.4306600498874436E-003   91.405571092065728        159.62154359808923        8.8158889649853490E-004
   9.9907095374237621E-003   91.318618922499553        159.62101440576001        8.9884592778601371E-004
   1.0538164859008232E-002   91.229786121457266        159.62072031096685        9.1524050980386850E-004
   1.1064099377590201E-002   91.140234685173539        159.62067459901002        9.3084362730439614E-004
   1.1555568419346414E-002   91.051102552463334        159.62089003402437        9.4569692863397494E-004
   1.2004564189981958E-002   90.963595712265899        159.62137854459272        9.5979832340756612E-004
   1.2413722357091596E-002   90.878820101867973        159.62215102956688        9.7319098940845759E-004
   1.2767775248866796E-002   90.797975169300670        159.62321742306347        9.8588117611231470E-004
   1.3038510402883813E-002   90.722394384596782        159.62458632363277        9.9785997226278854E-004
   1.3240593254670018E-002   90.653420327519996        159.62626430970784        1.0091503160524664E-003
   1.3355748352022412E-002   90.592527963136391        159.62825629614062        1.0196554798760408E-003
   1.3391777196138209E-002   90.541097985424003        159.63056509063469        1.0293302106335856E-003
   1.3335578191269869E-002   90.500319373998494        159.63319158258631        1.0381171197251203E-003
   1.3161222808735485E-002   90.471003856383959        159.63613442529996        1.0458757092029231E-003
   1.2892367564891557E-002   90.453561617900164        159.63938940647253        1.0525056137908021E-003
   1.2531090767391539E-002   90.447943698743089        159.64295002150632        1.0578900058205998E-003
   1.2074723091625314E-002   90.453492887800792        159.64680752396737        1.0618752000349724E-003
   1.1551400506648456E-002   90.469281032340888        159.65095085994605        1.0644105163392912E-003
   1.0915693675056981E-002   90.493987264888915        159.65536735009903        1.0652747468759382E-003
   1.0223558571723900E-002   90.526128185084758        159.66004158651825        1.0644241032299391E-003
   9.4951424660820599E-003   90.564148899575059        159.66495679016631        1.0618081123084260E-003
   8.7031078607120015E-003   90.606598765555404        159.67009529899644        1.0573545135567938E-003
   7.8800885025427231E-003   90.652130218853046        159.67543790372559        1.0510553766136679E-003
   7.0382402866681860E-003   90.699581449929468        159.68096463983713        1.0428890221786456E-003
   6.1774012744859599E-003   90.747881904619760        159.68665508162155        1.0328611368880618E-003
   5.2889560516498615E-003   90.796124235259185        159.69248833889367        1.0209277764253002E-003
   4.3946385332156584E-003   90.843519417199474        159.69844284681170        1.0071555024482900E-003
   3.5328026938505619E-003   90.889379745941937        159.70449689324971        9.9166534734109781E-004
   2.6684119607392519E-003   90.933099616010836        159.71062955025866        9.7447711527563308E-004
   1.8174659252914323E-003   90.974115697410468        159.71681982340314        9.5569249118898517E-004
   9.9177415305447356E-004   91.011751060659961        159.72304704057930        9.3543015924215712E-004
   1.7623821797882423E-004   91.045486814054257        159.72929113863782        9.1376171000876198E-004
  -6.0417464511211896E-004   91.074798285571049        159.73553229772438        8.9083625129309906E-004
  -1.3663201879342739E-003   91.099171991420221        159.74175154706577        8.6672021288279144E-004
  -2.0891554381383547E-003   91.118138011709291        159.74793035611629        8.4158079933587026E-004
  -2.7502763181452483E-003   91.131256486051171        159.75405114661308        8.1557967829992716E-004
  -3.3799131724068935E-003   91.138229025843387        159.76009783684478        7.8880827783660355E-004
  -3.9749205182721577E-003   91.138728344219928        159.76605510813042        7.6137778057143977E-004
  -4.5121807072796083E-003   91.132677517578145        159.77190848108626        7.3341821399071805E-004
  -5.0166347405825283E-003   91.120032535056865        159.77764487830601        7.0501600917525868E-004
  -5.4521268079622889E-003   91.100833637105211        159.78325201798057        6.7631753716100476E-004
  -5.8363577094746469E-003   91.075320479830310        159.78871929375330        6.4744446103866943E-004
  -6.1826247048583326E-003   91.043737511837705        159.79403734508023        6.1847849347974242E-004
  -6.4869211240164443E-003   91.006489726883800        159.79919773405803        5.8948937041679154E-004
  -6.7398283879708549E-003   90.964240210831548        159.80419304334703        5.6059212724351819E-004
  -6.9539357351132139E-003   90.917654441175898        159.80901710583564        5.3187425396961617E-004
  -7.1404828372336870E-003   90.867551198864888        159.81366469839023        5.0340104676691586E-004
  -7.2975647481870473E-003   90.814818517842099        159.81813126887559        4.7525270039609888E-004
  -7.4421825021325555E-003   90.760505178933911        159.82241298281124        4.4747820179803338E-004
  -7.5632679368639434E-003   90.705548044605166        159.82650631016358        4.2016892781125632E-004
  -7.6716840925522460E-003   90.650928792092600        159.83040829460060        3.9337624446948613E-004
  -7.7830598938188897E-003   90.597538765533329        159.83411628921033        3.6713716936845358E-004
  -7.8860593092910814E-003   90.546239099015665        159.83762757613090        3.4149644689084491E-004
  -7.9770562626625650E-003   90.497802709511944        159.84093964279054        3.1652156483615251E-004
  -8.0845559075465433E-003   90.452900901907057        159.84405026974102        2.9220182510089718E-004
  -8.1870612896705348E-003   90.412059950957001        159.84695683699189        2.6860775168745758E-004
  -8.3064352332523871E-003   90.375630804332573        159.84965684719251        2.4569772121113792E-004
  -8.4290615100503074E-003   90.343782144041725        159.85214739333347        2.2348478235711142E-004
  -8.5696033678752132E-003   90.316574349300836        159.85442549009602        2.0193808393570678E-004
  -8.7052614756079477E-003   90.293873205453153        159.85648771687258        1.8102236073700646E-004
  -8.8393729559239267E-003   90.275369851671414        159.85833077261842        1.6067483763093637E-004
  -8.9897527750899889E-003   90.260574684349862        159.85995139442801        1.4083042686090653E-004
  -9.1272928531475322E-003   90.248859330417218        159.86134592376902        1.2139027752003063E-004
  -9.2572315536001790E-003   90.239429298276363        159.86251101502830        1.0232162453415780E-004
  -9.3711151456853780E-003   90.231517083492108        159.86344350801610        8.3517145622939875E-005
  -9.4667224191857993E-003   90.224344844849696        159.86414063364762        6.4919909399434859E-005
  -9.5546498274659709E-003   90.217278277971090        159.86460006829003        4.6382371078407271E-005
  -9.6053460959218389E-003   90.209767961448762        159.86481967567329        2.7889699446029555E-005
  -9.6253973572820554E-003   90.201463453776753        159.86479822622240        9.3613379909933295E-006
  -9.6357605144809060E-003   90.192237681822405        159.86453523679194       -9.3070716077176591E-006
  -9.5999421035159668E-003   90.182214400054747        159.86403046092138       -2.8148439359488291E-005
  -9.5507588361824769E-003   90.171682920072513        159.86328477670034       -4.7187771118447295E-005
  -9.5010263384718453E-003   90.161065822805682        159.86229938793767       -6.6553242589142660E-005
  -9.4210129421286679E-003   90.150959007605863        159.86107551229497       -8.6237268183260736E-005
  -9.3218597963507944E-003   90.142043952629535        159.85961510443221       -1.0633116582075048E-004
  -9.2258802764367438E-003   90.134915648416992        159.85792058497591       -1.2687932592351047E-004
  -9.1120339523308117E-003   90.130129096308934        159.85599429733301       -1.4790503829584852E-004
  -8.9904878705388599E-003   90.128188190589555        159.85383901956638       -1.6942176558709397E-004
  -8.8680710211359610E-003   90.129457389339990        159.85145771684711       -1.9142621946485419E-004
  -8.7515320423255331E-003   90.134115450972914        159.84885337513205       -2.1391468049497580E-004
  -8.6342743054798436E-003   90.142342249025717        159.84602883707660       -2.3694845888236443E-004
  -8.5082478826104795E-003   90.154159360661112        159.84298696263758       -2.6044485302746147E-004
  -8.3653111440116362E-003   90.169565863744467        159.83973082399822       -2.8436451001575403E-004
  -8.2239560827930477E-003   90.188475116674113        159.83626390473725       -3.0869158983024854E-004
  -8.1069228376584347E-003   90.210959606965218        159.83258964975059       -3.3336235184498389E-004
  -7.9842984496353731E-003   90.237098914157059        159.82871091156844       -3.5832581151700837E-004
  -7.8570397932343806E-003   90.267061834169155        159.82463067872905       -3.8350382669392625E-004
  -7.7330235343641002E-003   90.300986844302486        159.82035205216508       -4.0881894423341116E-004
  -7.6129698800541960E-003   90.338974350333359        159.81587805414537       -4.3418351581251010E-004
  -7.4942344642584292E-003   90.381153717845692        159.81121161087836       -4.5951903759813676E-004
  -7.3762002879589868E-003   90.427373695025096        159.80635561663425       -4.8471302202760712E-004
  -7.2431615596864158E-003   90.477435757496707        159.80131294906016       -5.0963354714520057E-004
  -7.1294892091218016E-003   90.530946844227728        159.79608685094956       -5.3419174428150789E-004
  -6.9961766428574901E-003   90.587323753714458        159.79068009475313       -5.5822450868710065E-004
  -6.8536870005453717E-003   90.645924221237181        159.78509593095450       -5.8161712038221395E-004
  -6.7120296538206855E-003   90.705889787563706        159.77933783355672       -6.0419875716328164E-004
  -6.5599896095712186E-003   90.766235250952363        159.77340925690692       -6.2581667586986676E-004
  -6.3751818329153033E-003   90.825895821880252        159.76731390779750       -6.4627093899402447E-004
  -6.1438855603553151E-003   90.883774336123409        159.76105628984848       -6.6533143265415080E-004
  -5.8715191330167274E-003   90.938652472041738        159.75464203661701       -6.8273894628211279E-004
  -5.5541190539536494E-003   90.989366244717488        159.74807777923186       -6.9827120135481236E-004
  -5.2018219014090426E-003   91.034932603797486        159.74137124265749       -7.1176264643852023E-004
  -4.7837579559419016E-003   91.074430925472001        159.73453099880086       -7.2294792928558808E-004
  -4.3302382910409137E-003   91.107253768483233        159.72756721617213       -7.3163808328947607E-004
  -3.7993008269858212E-003   91.132978905013047        159.72049092307748       -7.3758600352643330E-004
  -3.2168604181161986E-003   91.151526763956539        159.71331502675335       -7.4064041880448988E-004
  -2.5865993033980196E-003   91.163055616679983        159.70605368279624       -7.4067548137723516E-004
  -1.9116839987546245E-003   91.167973430893596        159.69872220566549       -7.3757960864024468E-004
  -1.2096238197707818E-003   91.166905534106121        159.69133699150157       -7.3125329340655585E-004
  -4.6317287698847075E-004   91.160650471507026        159.68391509234027       -7.2165052991540811E-004
   3.1645644940047295E-004   91.150058582254474        159.67647463493628       -7.0875650233327085E-004
   1.1043630294769492E-003   91.135933755639570        159.66903454824990       -6.9260661730194970E-004
   1.9148115257539065E-003   91.119061446890569        159.66161395839211       -6.7324197593574171E-004
   2.7253231855440189E-003   91.100225298921316        159.65423253534053       -6.5067123588124132E-004
   3.5599337069533690E-003   91.080096242372832        159.64690994705762       -6.2491493229713496E-004
   4.3597810164172253E-003   91.059390648333476        159.63966644301061       -5.9611412439468305E-004
   5.1541060362228358E-003   91.038746674363495        159.63252142561424       -5.6431012202583827E-004
   5.9404618879075558E-003   91.018918751212851        159.62549416025436       -5.2959427923018160E-004
   6.7073829614923263E-003   91.000701357861089        159.61860371581085       -4.9207815326527261E-004
   7.4233475016159981E-003   90.984894295672504        159.61186868672002       -4.5186316311983415E-004
   8.1013093233639703E-003   90.972271276394082        159.60530642883487       -4.0910633493009734E-004
   8.7486187844851779E-003   90.963486061349542        159.59893337399339       -3.6394141012771630E-004
   9.3452079192814751E-003   90.959145507256608        159.59276520856201       -3.1652446789974016E-004
   9.8926528645235049E-003   90.959658587326643        159.58681638695251       -2.6701930332230094E-004
   1.0395714092122416E-002   90.965189760586014        159.58110017043413       -2.1560623953143464E-004
   1.0851062958370464E-002   90.975734158114577        159.57562874284361       -1.6247704663745685E-004
   1.1225361853955491E-002   90.991020273672760        159.57041313044792       -1.0784597553441041E-004
   1.1556070323494549E-002   91.010668723547795        159.56546239389070       -5.1910414897135510E-005
   1.1837471970463323E-002   91.034364302937959        159.56078453694423        5.1053508630516593E-006
   1.2051049649187807E-002   91.061609158585568        159.55638636790368        6.2950459913259602E-005
   1.2223252469863269E-002   91.092206098190232        159.55227305130151        1.2145043281186711E-004
   1.2370420644330266E-002   91.125994100375337        159.54844874905402        1.8043138308336556E-004
   1.2461378151081115E-002   91.162978906366106        159.54491701705044        2.3968362420373208E-004
   1.2501403044944464E-002   91.203316989432693        159.54168004939021        2.9897154534435716E-004
   1.2470202934269703E-002   91.247162136458172        159.53873880676755        3.5805059195261751E-004
   1.2407719113843392E-002   91.294718616043056        159.53609252451326        4.1674400344810110E-004
   1.2294177451001519E-002   91.346116888589705        159.53373968097389        4.7489004147481539E-004
   1.2134358923531503E-002   91.401378595684221        159.53167751807061        5.3232589007604786E-004
   1.1917735050079760E-002   91.460389977545773        159.52990215732487        5.8886716233381043E-004
   1.1658713195259972E-002   91.522988929735121        159.52840834491096        6.4436805211519680E-004
   1.1354348762575383E-002   91.588823236225522        159.52718980035255        6.9864695364461134E-004
   1.1022972021104721E-002   91.657358499229716        159.52623914558600        7.5162196121955540E-004
   1.0641409192333879E-002   91.727826761969737        159.52554834877665        8.0312119287931946E-004
   1.0241311672051178E-002   91.799269771970401        159.52510816266584        8.5301858683752203E-004
   9.8203175829368553E-003   91.870558864502058        159.52490889133159        9.0124748138205259E-004
   9.4077559711379204E-003   91.940428648132382        159.52494033292507        9.4775109622483272E-004
   8.9884208941487173E-003   92.007416013137714        159.52519248991953        9.9237387971770055E-004
   8.5909654088569438E-003   92.070078642204564        159.52565520089834        1.0351225772769214E-003
   8.1955544816070380E-003   92.127146722156553        159.52631883452841        1.0758933394442807E-003
   7.8311303540566195E-003   92.177260276638179        159.52717380869464        1.1146357742692163E-003
   7.4881871954145520E-003   92.219330858603357        159.52821129174325        1.1513087316256962E-003
   7.2139488319240925E-003   92.252451420493188        159.52942297189603        1.1859188726051925E-003
   6.9848844514971142E-003   92.275935035605045        159.53080220218939        1.2185085488220259E-003
   6.7953896564608082E-003   92.289334627323839        159.53234342996609        1.2490353794924879E-003
   6.6407804114106371E-003   92.292443676846219        159.53404206114851        1.2774993088456458E-003
   6.5479451605784467E-003   92.285170542363545        159.53589434689715        1.3039369516446803E-003
   6.4968834209930349E-003   92.267550065922720        159.53789803546965        1.3283602692314501E-003
   6.5037679204091921E-003   92.239713815714723        159.54005188783833        1.3508347582089990E-003
   6.5557846899031071E-003   92.201824822917743        159.54235606965565        1.3713781147164314E-003
   6.6499592459678177E-003   92.154115657406578        159.54481184122923        1.3900743696215649E-003
   6.7728479032391278E-003   92.096971604324978        159.54742148507853        1.4068952720719310E-003
   6.9322331167608209E-003   92.031155155447664        159.55018798105974        1.4219119826468119E-003
   7.1187937222755796E-003   91.957585096552990        159.55311519471482        1.4351598135096935E-003
   7.3030908322144726E-003   91.877648683905676        159.55620765174851        1.4466465099381748E-003
   7.5040935867152769E-003   91.793069330860263        159.55946982450374        1.4563868883031151E-003
   7.6892897370276943E-003   91.705871579246036        159.56290659200013        1.4643647802901642E-003
   7.8424656801773639E-003   91.618397951552794        159.56652245156764        1.4705491534448092E-003
   7.9620108057011797E-003   91.533091351081993        159.57032112582988        1.4749683787331296E-003
   8.0292331416296527E-003   91.452553142355256        159.57430552339312        1.4775208043984267E-003
   8.0248310663886685E-003   91.379143175580921        159.57847728557013        1.4781808911600411E-003
   7.9482116557701224E-003   91.315133731369755        159.58283631839288        1.4768517597835015E-003
   7.7945240883918248E-003   91.262458121711617        159.58738077756246        1.4734791101568285E-003
   7.5297058147638990E-003   91.222480504117541        159.59210694974323        1.4679289510493904E-003
   7.1842494654292439E-003   91.195936094098570        159.59700842671600        1.4601445004042532E-003
   6.7414287776327454E-003   91.182900124419774        159.60207684386219        1.4499813630780654E-003
   6.2271090389724917E-003   91.182798879388599        159.60730147389464        1.4374288170925090E-003
   5.6179501878151020E-003   91.194405043612250        159.61266985355272        1.4223478726255716E-003
   4.9580625383120139E-003   91.215993465391520        159.61816721626880        1.4046876803117433E-003
   4.2463792079729988E-003   91.245530192855071        159.62377756231723        1.3844444559408594E-003
   3.5051565967436451E-003   91.280753826052219        159.62948363199524        1.3616228545445678E-003
   2.7162008140653665E-003   91.319244805989214        159.63526744583439        1.3362040150832132E-003
   1.9189990047454868E-003   91.358734000581308        159.64110986242326        1.3082463644603784E-003
   1.1159454619974012E-003   91.397124682071620        159.64699153636505        1.2778201720372064E-003
   3.5223093633914146E-004   91.432525154496432        159.65289297659280        1.2450906667289363E-003
  -4.0019173918632857E-004   91.463452148177353        159.65879564300374        1.2101414449311027E-003
  -1.1120729388748255E-003   91.488841590092264        159.66468126645077        1.1731327672057981E-003
  -1.7821440923267028E-003   91.508051251336241        159.67053255912813        1.1341873879126964E-003
  -2.4251890529988240E-003   91.520968689847251        159.67633324537437        1.0934230928888510E-003
  -3.0373065500516796E-003   91.527836980454609        159.68206770348252        1.0509198971913108E-003
  -3.6221463720834957E-003   91.529149159255425        159.68772106056983        1.0068258610571293E-003
  -4.1681132409575198E-003   91.525605104424699        159.69327910398724        9.6121014263940809E-004
  -4.6648095666398008E-003   91.517987680897406        159.69872856398698        9.1423426043690131E-004
  -5.1343342994108788E-003   91.506935214350236        159.70405736683264        8.6600251858176026E-004
  -5.5815885971252435E-003   91.493107127926862        159.70925409818497        8.1659887174398568E-004
  -6.0098235436676813E-003   91.476966759551857        159.71430788446980        7.6611323931763007E-004
  -6.4249474856369043E-003   91.458768533369238        159.71920831442037        7.1465722949370133E-004
  -6.8138193091378443E-003   91.438563493414492        159.72394529525891        6.6235104802595186E-004
  -7.1570442069961125E-003   91.416231228734389        159.72850937307837        6.0935863571987242E-004
  -7.4582571008027397E-003   91.391363858157249        159.73289220428532        5.5582773016745401E-004
  -7.7237673667065266E-003   91.363407522528732        159.73708646744041        5.0194857111546666E-004
  -7.9795403173062388E-003   91.331824199836603        159.74108570972581        4.4785570494761394E-004
  -8.1832246313840572E-003   91.296099672493284        159.74488371600549        3.9375405848661210E-004
  -8.3321868825420118E-003   91.255806861832809        159.74847553908751        3.3987210490356301E-004
  -8.4184722526242980E-003   91.210666313334769        159.75185756280044        2.8643771072760124E-004
  -8.4761645853223110E-003   91.160769871452004        159.75502769586268        2.3361591823713092E-004
  -8.4972620096419749E-003   91.106405468485377        159.75798454380990        1.8162162340330204E-004
  -8.4775125739442979E-003   91.048290041805146        159.76072760303859        1.3064875294399321E-004
  -8.4113964447636389E-003   90.987403865460962        159.76325736445415        8.0843579110186832E-005
  -8.3396671314471382E-003   90.924959543544603        159.76557544746456        3.2288776097135390E-005
  -8.2544852957711339E-003   90.862364887021542        159.76768360935327       -1.4912777151211508E-005
  -8.1391484415382180E-003   90.801131822903955        159.76958393625992       -6.0682672101621976E-005
  -8.0287607492604014E-003   90.742717353107579        159.77127924807863       -1.0495142877564287E-004
  -7.9400021786055902E-003   90.688568515448651        159.77277224558711       -1.4772348824838418E-004
  -7.8742576343288247E-003   90.639850303134779        159.77406510459164       -1.8904225672581636E-004
  -7.8089898970429760E-003   90.597560748207542        159.77515944115194       -2.2885001662421942E-004
  -7.7741539947644355E-003   90.562316627846627        159.77605686063742       -2.6721216162177094E-004
  -7.7588297432016886E-003   90.534422773166241        159.77675822835459       -3.0420409865201546E-004
  -7.7622272279190031E-003   90.513780793601796        159.77726393366694       -3.3984489500028732E-004
  -7.7872196798052700E-003   90.500011911731676        159.77757391112183       -3.7417939305663535E-004
  -7.8247938612543769E-003   90.492444472401289        159.77768756953222       -4.0727149037562553E-004
  -7.8654906100192427E-003   90.490198167992034        159.77760401162033       -4.3912370613674600E-004
  -7.9244303432989081E-003   90.492154902898776        159.77732226231274       -4.6979035013473938E-004
  -7.9594705375389541E-003   90.497226450521126        159.77684090256804       -4.9924416393531002E-004
  -7.9975928441598891E-003   90.504441230260369        159.77615909299152       -5.2747794070103534E-004
  -8.0149190167420441E-003   90.512845035821584        159.77527591862156       -5.5450670162095065E-004
  -8.0249640976184124E-003   90.521644110091430        159.77419096930427       -5.8032840307307466E-004
  -8.0033838263128473E-003   90.530079270696106        159.77290401070147       -6.0492162442477948E-004
  -7.9746752965084520E-003   90.537577226636387        159.77141557618455       -6.2830436127228010E-004
  -7.9110212044558453E-003   90.543683724758566        159.76972637093559       -6.5042920456460322E-004
  -7.8230803004410467E-003   90.548081804217318        159.76783794896372       -6.7126162410349960E-004
  -7.7129613880407575E-003   90.550655859429568        159.76575245310116       -6.9082509443650652E-004
  -7.5632107169024939E-003   90.551446615307967        159.76347256397935       -7.0904389567358176E-004
  -7.3999463987481882E-003   90.550746430310241        159.76100192374130       -7.2589356055810712E-004
  -7.1983265812672051E-003   90.548961020067082        159.75834450190177       -7.4130266978151811E-004
  -6.9883894454943569E-003   90.546633383496399        159.75550519788362       -7.5527546444089668E-004
  -6.7509907910832641E-003   90.544412801652030        159.75248911143692       -7.6777649443395143E-004
  -6.5020534964997873E-003   90.542898895681262        159.74930200828771       -7.7880368459110766E-004
  -6.2581611904285019E-003   90.542699512066591        159.74594993180133       -7.8839448265854311E-004
  -5.9920708298564860E-003   90.544191116292595        159.74243880133122       -7.9651332639708004E-004
  -5.7289504497883333E-003   90.547527535767117        159.73877507416819       -8.0318310514653759E-004
  -5.4586106314102366E-003   90.552653425201882        159.73496513370290       -8.0836918493603803E-004
  -5.1772003945478656E-003   90.559342924642905        159.73101553690574       -8.1208599870991592E-004
  -4.8948102065811735E-003   90.567181860151024        159.72693310811420       -8.1432365052597363E-004
  -4.6158837385558340E-003   90.575647839406855        159.72272469483769       -8.1510253515566778E-004
  -4.3131913327418801E-003   90.584297280241600        159.71839705981083       -8.1438924205252863E-004
  -3.9997332431752110E-003   90.592641912036640        159.71395754273217       -8.1220106949636290E-004
  -3.6621585756660708E-003   90.600249463530005        159.70941374457823       -8.0853076543153512E-004
  -3.3130901354910583E-003   90.606856499044710        159.70477385271010       -8.0335124234506947E-004
  -2.9614978123399340E-003   90.612287453993773        159.70004633355339       -7.9665967935299217E-004
  -2.5686699006753524E-003   90.616335961818692        159.69523971495946       -7.8839134994047107E-004
  -2.1644029201023213E-003   90.618959607362441        159.69036352688389       -7.7856421404806880E-004
  -1.7656130079025739E-003   90.620110477341242        159.68542757769592       -7.6720518445218971E-004
  -1.3502250413613937E-003   90.619782392594018        159.68044154211455       -7.5431767985014993E-004
  -9.2043610350147080E-004   90.617966112000005        159.67541549842500       -7.3985575624188583E-004
  -4.8232568075990480E-004   90.614636063177628        159.67035987386231       -7.2381424532847350E-004
  -2.2296779142574529E-005   90.609729723498219        159.66528529723880       -7.0613491739767267E-004
   4.4017704332028642E-004   90.603269369509576        159.66020292858602       -6.8680136380646782E-004
   9.1787713154422820E-004   90.595289871710150        159.65512398628030       -6.6578843146080171E-004
   1.3909873130369948E-003   90.585858793991264        159.65006005655772       -6.4306705893167680E-004
   1.8770367934595460E-003   90.575193195761230        159.64502261241418       -6.1859418236179361E-004
   2.3454748496507792E-003   90.563532148783182        159.64002343929729       -5.9232261435036577E-004
   2.8213175728253751E-003   90.551297035100689        159.63507389292047       -5.6416800049144194E-004
   3.2824654536429418E-003   90.538960669653775        159.63018550651233       -5.3411409107917288E-004
   3.7385243310813598E-003   90.527047085519214        159.62536945503948       -5.0213874664436597E-004
   4.1783872487031045E-003   90.516068618177997        159.62063678832661       -4.6823589075199604E-004
   4.6048072265789212E-003   90.506606620489848        159.61599816181914       -4.3239256625503400E-004
   5.0002989995585360E-003   90.499255093247299        159.61146390339232       -3.9464220244751709E-004
   5.3596520342727187E-003   90.494554790812387        159.60704358947746       -3.5505384076093795E-004
   5.6885241740291092E-003   90.492983264716770        159.60274591923266       -3.1362913033184975E-004
   5.9934542337801450E-003   90.494939921113058        159.59857885159877       -2.7046951898862163E-004
   6.2502368529189934E-003   90.500751561309286        159.59454976487635       -2.2566322248935880E-004
   6.4702006025416509E-003   90.510650311624858        159.59066486973128       -1.7935838190998000E-004
   6.6597930826003369E-003   90.524568440359801        159.58692948439773       -1.3169371981907392E-004
   6.8258755067455131E-003   90.542328874508982        159.58334819105559       -8.2772380297624771E-005
   6.9543079761409457E-003   90.563603573736302        159.57992500247505       -3.2814468373169379E-005
   7.0445171821440491E-003   90.587911200674696        159.57666301912241        1.7996240205806724E-005
   7.1167168258529125E-003   90.614677105941354        159.57356441588902        6.9461766984028309E-005
   7.1600580105490585E-003   90.643193587587575        159.57063093178405        1.2136989173133245E-004
   7.1871220699760213E-003   90.672757020396816        159.56786360739750        1.7351566311852147E-004
   7.2029939884439937E-003   90.702811252113136        159.56526309001262        2.2569101660581333E-004
   7.1946377856568228E-003   90.732740739803020        159.56282975685039        2.7765514889946738E-004
   7.1883241230440544E-003   90.761952519207938        159.56056339925649        3.2925945801768095E-004
   7.1664027816393588E-003   90.789964061454484        159.55846385881645        3.8027217243719318E-004
   7.1463393928174390E-003   90.816232905321840        159.55653060019856        4.3048959072771663E-004
   7.1144608446021204E-003   90.840310876648061        159.55476313380896        4.7969200060487427E-004
   7.0988823412476377E-003   90.861599247095256        159.55316068435562        5.2768759456477078E-004
   7.0989763957415505E-003   90.879490263525156        159.55172287247535        5.7430425024404736E-004
   7.1178752775719577E-003   90.893287285776424        159.55044969891745        6.1942530349586467E-004
   7.1625223842172406E-003   90.902277642023520        159.54934162076674        6.6290750338263398E-004
   7.2125432705424635E-003   90.905693323940582        159.54839971916502        7.0459645209948181E-004
   7.2998281699137137E-003   90.902839820183161        159.54762520582884        7.4442361847090082E-004
   7.4091394805175289E-003   90.893048016750370        159.54702019581586        7.8230919325512687E-004
   7.5431282235538175E-003   90.876076020471942        159.54658733735747        8.1822083639549533E-004
   7.7022418056072054E-003   90.851923539033407        159.54632987744341        8.5210167384081189E-004
   7.8863409103884750E-003   90.820891687884327        159.54625167189218        8.8394056877540237E-004
   8.1007901032951728E-003   90.783733207722975        159.54635718193887        9.1377094821236144E-004
   8.3108700543283644E-003   90.741432807787504        159.54665160460658        9.4154875419159790E-004
   8.5324887561741662E-003   90.695356681853795        159.54714003144008        9.6735002897315088E-004
   8.7593394077977865E-003   90.646875137794467        159.54782783415453        9.9118941606406706E-004
   8.9571237197284045E-003   90.597454992961957        159.54872051207138        1.0130833465077846E-003
   9.1205622659753689E-003   90.548448699156793        159.54982286100812        1.0330131721563332E-003
   9.2556088779614971E-003   90.501064275972794        159.55113884512218        1.0509775625742836E-003
   9.3461602679393418E-003   90.456303315464382        159.55267174116565        1.0669557394707883E-003
   9.4121629090172798E-003   90.414865927522314        159.55442374856216        1.0810154017221064E-003
   9.4229514954581040E-003   90.377357061780160        159.55639647290346        1.0931181362582886E-003
   9.4024274603102167E-003   90.344100329907334        159.55859018282104        1.1033282795312402E-003
   9.3424740222137204E-003   90.315423288341648        159.56100438913211        1.1116915100800849E-003
   9.2383071278841281E-003   90.291552452904725        159.56363764840646        1.1181976352428178E-003
   9.0807694367747750E-003   90.272728263470469        159.56648744600071        1.1229170925517856E-003
   8.8778431159729082E-003   90.259078557246013        159.56954997507930        1.1258846391420765E-003
   8.6260005747284003E-003   90.250782015557249        159.57282032973615        1.1271534913802905E-003
   8.3206952995986596E-003   90.247883989057598        159.57629241923919        1.1267951192312296E-003
   7.9881285061732064E-003   90.250473529747239        159.57995885787503        1.1249217992168358E-003
   7.5854077612787039E-003   90.258639921718569        159.58381159952617        1.1215821935515037E-003
   7.1332054893103822E-003   90.272377026381605        159.58784089735812        1.1168294337652596E-003
   6.6443049161320255E-003   90.291775397602223        159.59203580492357        1.1107586894599812E-003
   6.1025307785386798E-003   90.316745952226384        159.59638448679195        1.1033949871169580E-003
   5.5397549898306793E-003   90.347285945537351        159.60087382531424        1.0948511726561051E-003
   4.9433974018464073E-003   90.383237514120552        159.60549019304429        1.0851990624214487E-003
   4.3024874203950588E-003   90.424288455801943        159.61021914733661        1.0744413364091108E-003
   3.6329012654430707E-003   90.469899053487751        159.61504516402834        1.0626744082051045E-003
   2.9386535755033952E-003   90.519285013805586        159.61995202245316        1.0498977585160650E-003
   2.2243712794383880E-003   90.571499574855679        159.62492290178182        1.0362089207760869E-003
   1.5221490369238437E-003   90.625237833895710        159.62994049282278        1.0217038096785413E-003
   8.2358795771745696E-004   90.679112853231729        159.63498777719201        1.0064427580633224E-003
   1.4724349665003016E-004   90.731683294552425        159.64004782397760        9.9054352858125839E-004
  -5.1468033698331549E-004   90.781480216225049        159.64510423779259        9.7409200175423410E-004
  -1.1130614392928567E-003   90.827110501543842        159.65014097021478        9.5723919320614957E-004
  -1.6996707452110902E-003   90.867461774133275        159.65514351290415        9.4002139161209061E-004
  -2.2292210558098710E-003   90.901602303214815        159.66009763980250        9.2256303414545485E-004
  -2.7064016613484185E-003   90.928891883575062        159.66499050742007        9.0492233609086332E-004
  -3.1367764005997886E-003   90.948904929316157        159.66981054066238        8.8714817660718313E-004
  -3.5040483143400740E-003   90.961528739434570        159.67454729893151        8.6927034199872882E-004
  -3.8167398505075173E-003   90.966747949661638        159.67919187131363        8.5127166666317694E-004
  -4.0470690901140876E-003   90.964677651682862        159.68373666967440        8.3320344138777423E-004
  -4.2376225336069910E-003   90.955534901487255        159.68817610419987        8.1500294254831284E-004
  -4.3929030878803029E-003   90.939575960153434        159.69250554936221        7.9662109918859545E-004
  -4.4976886019145674E-003   90.917102464279679        159.69672123478526        7.7798207615680925E-004
  -4.5489165897468599E-003   90.888423635167968        159.70082061581232        7.5904519769649001E-004
  -4.5587241655149673E-003   90.853909778384775        159.70480244718954        7.3972365997680234E-004
  -4.5197333000613253E-003   90.813983683846757        159.70866648958852        7.2002517029008174E-004
  -4.4521951823482840E-003   90.769228110077066        159.71241368823382        6.9992386653533977E-004
  -4.3395828128313264E-003   90.720339073068203        159.71604568181974        6.7942451892463447E-004
  -4.1968126729307392E-003   90.668220263047218        159.71956520384543        6.5854545904302155E-004
  -4.0538525254203159E-003   90.613852041424579        159.72297571974880        6.3725937932087901E-004
  -3.9022514756550802E-003   90.558453276841490        159.72628069993951        6.1554484676977050E-004
  -3.7279282093687009E-003   90.503327344350438        159.72948382477276        5.9349717322844961E-004
  -3.5608980572060579E-003   90.449753546201975        159.73258932678507        5.7114366391533718E-004
  -3.4041063424186061E-003   90.399142078224443        159.73560126189776        5.4850109144724329E-004
  -3.2724804197335135E-003   90.352742000182459        159.73852343672112        5.2556631761616188E-004
  -3.1789228257373152E-003   90.311860474862485        159.74135904649378        5.0233571991877305E-004
  -3.1092496983638677E-003   90.277546418236312        159.74411036135444        4.7882770086249621E-004
  -3.0818958356294049E-003   90.250680030050020        159.74677907191017        4.5502402802647675E-004
  -3.0983345258841729E-003   90.231877035290751        159.74936584040367        4.3087494117256868E-004
  -3.1425840080866151E-003   90.221431406781960        159.75187026471204        4.0638801048976909E-004
  -3.2148444190623492E-003   90.219171285922883        159.75429126626520        3.8155639162859247E-004
  -3.3286700809883355E-003   90.224518684990258        159.75662708530851        3.5632897042248249E-004
  -3.4857808685643649E-003   90.236455214603126        159.75887495159932        3.3064460735029522E-004
  -3.6496862257432588E-003   90.253672044044762        159.76103104304840        3.0452726910231998E-004
  -3.8385723199664905E-003   90.274549373737841        159.76309137204831        2.7792254529544693E-004
  -4.0021474499575722E-003   90.297403136072617        159.76505134371098        2.5085140914196246E-004
  -4.1695885547650760E-003   90.320542427046490        159.76690697929465        2.2326887566846893E-004
  -4.3106683613265999E-003   90.342490336377836        159.76865420609579        1.9524321829688773E-004
  -4.4312744596173579E-003   90.361920779171456        159.77028959325790        1.6677619124655374E-004
  -4.5166979087613683E-003   90.377837811496263        159.77181020819481        1.3792328361756943E-004
  -4.5645134236353352E-003   90.389638442662815        159.77321397541900        1.0877497829072917E-004
  -4.5925320571802162E-003   90.397055236428145        159.77449973378950        7.9367471012486732E-005
  -4.5641912027341944E-003   90.400206092445444        159.77566680563146        4.9851076560559190E-005
  -4.5333885858943445E-003   90.399480132214322        159.77671588286836        2.0246659008634110E-005
  -4.4570367982391225E-003   90.395570124408309        159.77764771906308       -9.2764567017677841E-006
  -4.3681049984726885E-003   90.389267734379118        159.77846417632418       -3.8641068255425622E-005
  -4.2453162719579144E-003   90.381515205541120        159.77916742382089       -6.7667174742467676E-005
  -4.1274249460283123E-003   90.373341448863769        159.77976045520137       -9.6235843116255687E-005
  -3.9759294459280050E-003   90.365712826366433        159.78024614633318       -1.2418771344662886E-004
  -3.8382638646274501E-003   90.359373906061123        159.78062819082052       -1.5141166814349561E-004
  -3.7019620407552044E-003   90.354961695521325        159.78090994706861       -1.7778361628647532E-004
  -3.5744620491262721E-003   90.352907097973230        159.78109474154587       -2.0327377141819228E-004
  -3.4479430933817357E-003   90.353395331686812        159.78118568706057       -2.2771074132944721E-004
  -3.3340927730573892E-003   90.356416344723016        159.78118587416529       -2.5106750578185021E-004
  -3.2199356412771366E-003   90.361833415991015        159.78109808636449       -2.7322142191202363E-004
  -3.1121133073904088E-003   90.369457468427797        159.78092511454136       -2.9410881359935554E-004
  -2.9997392485293442E-003   90.379057804752009        159.78066959519154       -3.1364299782911647E-004
  -2.8923585024866016E-003   90.390569229108877        159.78033427684548       -3.3178703640540495E-004
  -2.7754823705443384E-003   90.404021477637812        159.77992178709692       -3.4851423517612154E-004
  -2.6654043295160986E-003   90.419528297611279        159.77943498365045       -3.6375202993737632E-004
  -2.5645724497187494E-003   90.437396505132980        159.77887655864848       -3.7747225909064744E-004
  -2.4721736039173981E-003   90.458110318581348        159.77824897856877       -3.8964937413623815E-004
  -2.3870982755608591E-003   90.482221207104104        159.77755450421063       -4.0023923244713103E-004
  -2.3074669292357983E-003   90.510282954518615        159.77679521611694       -4.0923317936628100E-004
  -2.2440986937810221E-003   90.542587405233718        159.77597306341985       -4.1667629023273888E-004
  -2.1939041351643597E-003   90.579158474125606        159.77508959715604       -4.2259002164379920E-004
  -2.1751365799468777E-003   90.619453413455048        159.77414604781950       -4.2707060205674538E-004
  -2.1279734038776241E-003   90.662412933523257        159.77314287865025       -4.3005861540881373E-004
  -2.0801360587060398E-003   90.706561456257830        159.77208124243739       -4.3160097703373818E-004
  -2.0015583085384817E-003   90.750131621274591        159.77096230600489       -4.3170172485896250E-004
  -1.9102434719671857E-003   90.791313856295019        159.76978798081896       -4.3039845008355313E-004
  -1.7808937738428550E-003   90.828300974480328        159.76856048539199       -4.2764349989778377E-004
  -1.5906445158777847E-003   90.859700901966065        159.76728296025607       -4.2338544165050856E-004
  -1.3553083638249913E-003   90.884386793289082        159.76596002419129       -4.1763565042987692E-004
  -1.0693001854941025E-003   90.901797021178112        159.76459738956589       -4.1031812511709730E-004
  -7.4307211965753790E-004   90.911755050429164        159.76320199729017       -4.0141050583754838E-004
  -3.7765959764235447E-004   90.914597114911729        159.76178176521796       -3.9087324573500528E-004
   2.8730281460301115E-005   90.911013889427863        159.76034556047225       -3.7867938536825856E-004
   4.5820592550298392E-004   90.902032643589791        159.75890324514509       -3.6479616631400220E-004
   9.0414495792094510E-004   90.888869052699391        159.75746524237692       -3.4920645558006973E-004
   1.3709749191738868E-003   90.872882424180375        159.75604237364610       -3.3189837200881477E-004
   1.8463138282503106E-003   90.855358340911792        159.75464596746849       -3.1289038360543238E-004
   2.3235612489596220E-003   90.837546291341837        159.75328755906799       -2.9223266809888965E-004
   2.7770263377961406E-003   90.820638602504900        159.75197873103539       -2.6994798998807197E-004
   3.2076623108667737E-003   90.805533877497027        159.75073048786061       -2.4615302975598781E-004
   3.6078707344465500E-003   90.792925349334979        159.74955328076246       -2.2089588401488579E-004
   3.9843470412929249E-003   90.783205660556504        159.74845682229815       -1.9424431306645022E-004
   4.3469748555807000E-003   90.776662896309887        159.74745025069703       -1.6629362190598285E-004
   4.6782314940531965E-003   90.773328431921300        159.74654236973211       -1.3707980757226014E-004
   4.9791369066213209E-003   90.772956720771049        159.74574122205118       -1.0670343456431102E-004
   5.2643254213074475E-003   90.775373114860002        159.74505411550174       -7.5235914652055139E-005
   5.5028975193847727E-003   90.780316931854784        159.74448797759541       -4.2760197631076452E-005
   5.7120409976121880E-003   90.787468405641874        159.74404860392036       -9.3987977612835319E-006
   5.9081625703620499E-003   90.796553246353227        159.74374107690815        2.4787645690087455E-005
   6.0731003348121065E-003   90.807307311386396        159.74357016512414        5.9672430345821228E-005
   6.2061605035805059E-003   90.819682964143936        159.74353987998936        9.5181562394367251E-005
   6.3312426597878424E-003   90.833675290592282        159.74365345887395        1.3124811235370497E-004
   6.4294244681982818E-003   90.849230995960824        159.74391394407866        1.6779172584937608E-004
   6.4910329864140328E-003   90.866498191509024        159.74432372465597        2.0466884184065610E-004
   6.5302047310606603E-003   90.885588851548391        159.74488430070068        2.4178268198850496E-004
   6.5252131849098029E-003   90.906497229469736        159.74559662544280        2.7897526714171710E-004
   6.5035984035685113E-003   90.929200441554983        159.74646057691800        3.1615507906059264E-004
   6.4455645945703443E-003   90.953523643533202        159.74747562803120        3.5322671796833598E-004
   6.3554002826356490E-003   90.979134014839275        159.74864036474324        3.9007026200486481E-004
   6.2699938071216202E-003   91.005507746601211        159.74995258989821        4.2664913510643399E-004
   6.1678533774052495E-003   91.031994424221082        159.75141022010607        4.6291678072150753E-004
   6.0371130173252343E-003   91.057915077597642        159.75301076312834        4.9875966531639994E-004
   5.9083670597589750E-003   91.082551676626494        159.75475103065693        5.3412502901835216E-004
   5.7897567834272667E-003   91.105172902639850        159.75662788176439        5.6900854459167923E-004
   5.6698799817697237E-003   91.125274604400957        159.75863842083928        6.0333164058349361E-004
   5.5414098483295522E-003   91.142396217909962        159.76077972157114        6.3705149613578916E-004
   5.4235352488079015E-003   91.156355689142728        159.76304864776606        6.7011332092317124E-004
   5.3030817565870208E-003   91.167181079278166        159.76544232156968        7.0247813008403695E-004
   5.1696278277932346E-003   91.175143261936441        159.76795780329579        7.3400665853959356E-004
   5.0451259533756711E-003   91.180761392742170        159.77059183743287        7.6468050755297827E-004
   4.9102441076762154E-003   91.184780302848026        159.77334138720323        7.9437495407020178E-004
   4.7763188473309666E-003   91.188137885912042        159.77620316369132        8.2297146208961682E-004
   4.6208805569323448E-003   91.191949584039762        159.77917390248624        8.5035436097456100E-004
   4.4577176181538518E-003   91.197389887899348        159.78224981723304        8.7640958241358110E-004
   4.2664321104881877E-003   91.205715949876293        159.78542693496038        9.0097222821831587E-004
   4.0272882633699287E-003   91.218094344596722        159.78870059952158        9.2384431545073102E-004
   3.7633542612785040E-003   91.235549473134114        159.79206499105507        9.4493129165761178E-004
   3.4550491915861384E-003   91.258902515515416        159.79551368647464        9.6407422575482834E-004
   3.0972822150936220E-003   91.288568080173022        159.79903918412987        9.8110525171021118E-004
   2.7181463688048949E-003   91.324713759030075        159.80263277958372        9.9602450057871919E-004
   2.2879532159240704E-003   91.367081656058033        159.80628524802060        1.0086662720674286E-003
   1.8304107712002094E-003   91.415086706173000        159.80998612226296        1.0189947200651679E-003
   1.3628044769492911E-003   91.467865780099842        159.81372426985658        1.0269864794618714E-003
   8.4965401001628048E-004   91.524324597681968        159.81748831231118        1.0326183493449968E-003
   3.3625532906262137E-004   91.583283237869736        159.82126576245176        1.0358907273258773E-003
  -1.6544245024679465E-004   91.643608979248484        159.82504412632352        1.0369051260548457E-003
  -6.8019512997370148E-004   91.704177271642621        159.82881119344555        1.0356509888656109E-003
  -1.1826758432744485E-003   91.764046544961573        159.83255443434788        1.0322188607817257E-003
  -1.6680989949754469E-003   91.822467456021528        159.83626161655809        1.0267179198035700E-003
  -2.1300770597131530E-003   91.878860867991364        159.83992092164965        1.0192333428255135E-003
  -2.5735699437575881E-003   91.932708949006980        159.84352110100994        1.0099123062891830E-003
  -2.9870343261554819E-003   91.983562035517352        159.84705135487457        9.9885562198472294E-004
  -3.3902751277149960E-003   92.031066021354349        159.85050161372547        9.8614431362768784E-004
  -3.7489408195162830E-003   92.074938919775093        159.85386205598337        9.7194945648141273E-004
  -4.0778325233429983E-003   92.114991547048831        159.85712394501496        9.5640775726834313E-004
  -4.3665336055128887E-003   92.151181132661605        159.86027926836400        9.3968012596033496E-004
  -4.6204299221250566E-003   92.183480257877463        159.86332099261799        9.2191043690094659E-004
  -4.8584812616336631E-003   92.211886664674893        159.86624293124967        9.0323238775428302E-004
  -5.0370077706245169E-003   92.236365737280281        159.86903928380340        8.8389221788353267E-004
  -5.1928029081182549E-003   92.256823888512855        159.87170569900888        8.6401122995856275E-004
  -5.3115184977878252E-003   92.273119823130273        159.87423837976630        8.4373775904898220E-004
  -5.3883366780754904E-003   92.284872882879696        159.87663443216331        8.2326359658876469E-004
  -5.4173106620340628E-003   92.291663891094842        159.87889198270898        8.0275849401881011E-004
  -5.4086747293035373E-003   92.293109807213497        159.88101032301233        7.8233178901120927E-004
  -5.3453567606670154E-003   92.288727182533947        159.88298966114834        7.6214699563471552E-004
  -5.2457333052392573E-003   92.278124955352084        159.88483153649679        7.4231080949154675E-004
  -5.1100885537760724E-003   92.261254069634973        159.88653837297133        7.2292850664134190E-004
  -4.9119757780600112E-003   92.238114344907189        159.88811347224510        7.0411902724578669E-004
  -4.6792791364949193E-003   92.208877480581535        159.88956165746487        6.8597723077019738E-004
  -4.4071077212476158E-003   92.173873513058680        159.89088859452491        6.6856907784889155E-004
  -4.0819685983862087E-003   92.133568002084559        159.89210091139978        6.5196700440322273E-004
  -3.7388585375878027E-003   92.088497798302924        159.89320652636297        6.3618757694272794E-004
  -3.3680032732289504E-003   92.039140196812554        159.89421379616431        6.2129504651412090E-004
  -2.9627567996376642E-003   91.986007409113896        159.89513175358775        6.0732226139595109E-004
  -2.5467044754010760E-003   91.929461095698670        159.89597026946845        5.9420083714696798E-004
  -2.0981642288691242E-003   91.869911872735003        159.89673947824025        5.8193710951375520E-004
  -1.6400884469813604E-003   91.807622746806743        159.89745030636720        5.7050880646073224E-004
  -1.1625754564460122E-003   91.742868440836986        159.89811391291357        5.5984747637422201E-004
  -6.5864602619697464E-004   91.675941036020518        159.89874193070980        5.4989552329044549E-004
  -1.5398691704643510E-004   91.607226455647009        159.89934663642887        5.4056128396731153E-004
   3.5416047263281050E-004   91.537182278204895        159.89994032467752        5.3172339163116001E-004
   8.3919827416158166E-004   91.466439810993236        159.90053537560098        5.2327208344705252E-004
   1.3260259084486535E-003   91.395680828831630        159.90114360733457        5.1510863711250123E-004
   1.7882303040864433E-003   91.325703613887967        159.90177688253041        5.0708601366801379E-004
   2.2398464905752377E-003   91.257283644492162        159.90244646479007        4.9908215980685479E-004
   2.6596158289588683E-003   91.191210063334552        159.90316336033152        4.9095099393605887E-004
   3.0461685983188195E-003   91.128213876725241        159.90393780025008        4.8258110083996078E-004
   3.3885877064247488E-003   91.069108425607666        159.90477920701770        4.7381971343688471E-004
   3.6941130703124288E-003   91.014711858129218        159.90569592904669        4.6459880406429224E-004
   3.9496629274550473E-003   90.965884186601514        159.90669541602378        4.5475436381072355E-004
   4.1603881011063265E-003   90.923522778099780        159.90778390024482        4.4421381991316134E-004
   4.3088352731068874E-003   90.888425368834405        159.90896652194644        4.3285007138452755E-004
   4.3869640444073208E-003   90.861367921765819        159.91024690383279        4.2054766975532575E-004
   4.3953757378320151E-003   90.843089349241097        159.91162695598643        4.0721022247580939E-004
   4.3328407476735569E-003   90.834033724760943        159.91310688972692        3.9276476713246371E-004
   4.2032770507334123E-003   90.834501515811084        159.91468518764790        3.7716219285396663E-004
   4.0151939184490983E-003   90.844432479190431        159.91635869914265        3.6036513597668165E-004
   3.7460644158663894E-003   90.863505472774136        159.91812284820762        3.4232171431068084E-004
   3.4196723585608168E-003   90.891164174037371        159.91997108528122        3.2308403822203482E-004
   3.0313588206348102E-003   90.926540796290041        159.92189546551447        3.0266556935396440E-004
   2.6152653595065472E-003   90.968582608086010        159.92388653642726        2.8118460336893264E-004
   2.1652577844929188E-003   91.016082574329715        159.92593416894783        2.5873156454564206E-004
   1.6758639806816785E-003   91.067796725039571        159.92802740808224        2.3541213612446565E-004
   1.1672337616253250E-003   91.122600521332487        159.93015433985772        2.1142415803024534E-004
   6.4951743216549855E-004   91.179434837268403        159.93230258204642        1.8693845776479324E-004
   1.2059652780812291E-004   91.237384277293927        159.93445953145323        1.6211746928562640E-004
  -4.1037606667045052E-004   91.295775623798519        159.93661231237266        1.3714727096903487E-004
  -9.5295852567749660E-004   91.353947896908934        159.93874799901485        1.1213855290438297E-004
  -1.4641851465091744E-003   91.411374705310394        159.94085338234242        8.7378795261250654E-005
  -1.9666609765273133E-003   91.467457433371635        159.94291601615870        6.2998356164748230E-005
  -2.4551195939313646E-003   91.521621050906035        159.94492366644360        3.9097832044721386E-005
  -2.9094259339154578E-003   91.573170813118921        159.94686443980314        1.5872764455466468E-005
  -3.3553048794332566E-003   91.621358035949768        159.94872727387261       -6.5980223084854916E-006
  -3.7613984368905762E-003   91.665325919485610        159.95050131005971       -2.8197299755603017E-005
  -4.1063800728815070E-003   91.704153352717469        159.95217665716075       -4.8764862450337949E-005
  -4.4140256458356118E-003   91.737060349073474        159.95374491155479       -6.8170825845308893E-005
  -4.6776766613141627E-003   91.763379836599427        159.95519857766544       -8.6315456234368538E-005
  -4.8670587786423265E-003   91.782622648126804        159.95653123021350       -1.0311517917935431E-004
  -4.9995579403800368E-003   91.794574700867969        159.95773825171497       -1.1845111898159290E-004
  -5.0879927446730684E-003   91.799333516009881        159.95881640921485       -1.3226203632152190E-004
  -5.1098653218382842E-003   91.797190718053500        159.95976354201204       -1.4446531527130741E-004
  -5.0943102485514714E-003   91.788776457144365        159.96057910999104       -1.5500641220436801E-004
  -5.0360044524260491E-003   91.774823175636456        159.96126348385795       -1.6387007181899589E-004
  -4.9213114006653588E-003   91.756192665154927        159.96181807453326       -1.7098005424445807E-004
  -4.7749446832562248E-003   91.733721717051068        159.96224566590408       -1.7635163273469379E-004
  -4.6058153988010123E-003   91.708115400289273        159.96254981303628       -1.8006271089600535E-004
  -4.3846310531617605E-003   91.679982604494668        159.96273462523268       -1.8207214665751510E-004
  -4.1633140129881605E-003   91.649762301963733        159.96280548043271       -1.8244893364694709E-004
  -3.9129661185173066E-003   91.617854816856294        159.96276775988687       -1.8125050446942247E-004
  -3.6442983456336214E-003   91.584428121683572        159.96262755211021       -1.7850583167952467E-004
  -3.3672648820571348E-003   91.549524022998185        159.96239139200398       -1.7433610782771435E-004
  -3.0774172385606034E-003   91.513177461782021        159.96206601844713       -1.6881822688588627E-004
  -2.7601681835067076E-003   91.475501363629107        159.96165848429084       -1.6197331384318301E-004
  -2.4270209075333486E-003   91.436528461341126        159.96117651031639       -1.5385351341021681E-004
  -2.0912947315334649E-003   91.396533653927449        159.96062820596964       -1.4455644609734204E-004
  -1.7528097805230855E-003   91.355915760418171        159.96002174452551       -1.3415419418816177E-004
  -1.4278892124282383E-003   91.315220082178129        159.95936536742332       -1.2272900693855086E-004
  -1.1125715227288898E-003   91.275203153827832        159.95866698705467       -1.1035902048763454E-004
  -8.1201002773642205E-004   91.236777656096393        159.95793428343117       -9.7098675538842270E-005
  -5.1990192930547960E-004   91.200984005624477        159.95717457790889       -8.3011943523725345E-005
  -2.6182951661664773E-004   91.168888142794529        159.95639498752925       -6.8192234371854146E-005
  -3.0480940027583991E-005   91.141660479616107        159.95560180161365       -5.2687076464271539E-005
   1.5278906548427828E-004   91.120369699017090        159.95480066009182       -3.6609379714720822E-005
   3.1132652538938110E-004   91.105849670781183        159.95399603257957       -2.0032614138616929E-005
   4.2225532992582019E-004   91.098756106642355        159.95319178711102       -3.0189916636722004E-006
   4.8728139835641773E-004   91.099445437938016        159.95239063232270        1.4329693712381704E-005
   4.9472278921439464E-004   91.107957521830699        159.95159415999072        3.1932009757315261E-005
   4.7095117114226659E-004   91.123955037621641        159.95080255942798        4.9732035119700419E-005
   4.0315473941212649E-004   91.146810606711043        159.95001526066076        6.7677551334275091E-005
   2.9684835599929076E-004   91.175612923504744        159.94923062170923        8.5681770997489561E-005
   1.5724258516017160E-004   91.209265804870142        159.94844606210521        1.0367500207965777E-004
   2.4091806383262959E-005   91.246540061784060        159.94765819044747        1.2170269124260427E-004
  -1.1775370975085173E-004   91.286101098191011        159.94686377277552        1.3972176952939763E-004
  -2.7900165053172432E-004   91.326667913147745        159.94605936249050        1.5767822933553455E-004
  -4.3371430688081614E-004   91.367022231784091        159.94524103962490        1.7555303101314369E-004
  -5.7415978005822339E-004   91.406011318510764        159.94440504218468        1.9333815629139883E-004
  -6.9107063556018229E-004   91.442624223960493        159.94354795402194        2.1106531467521042E-004
  -7.9638141721723003E-004   91.475954371088108        159.94266693202189        2.2868324403261964E-004
  -8.6999558200645316E-004   91.505184202229685        159.94175941415517        2.4619404758317084E-004
  -8.9039867302102989E-004   91.529559841127963        159.94082360920032        2.6368477126609058E-004
  -8.8529813737868934E-004   91.548437998810400        159.93985902083571        2.8111405919836513E-004
  -8.4791604636987603E-004   91.561284083930445        159.93886577229654        2.9851974477799033E-004
  -7.8029772095773633E-004   91.567654571196485        159.93784477255861        3.1596120201301858E-004
  -6.4970180523894489E-004   91.567285627209529        159.93679766529763        3.3350382428679802E-004
  -4.6843951773044491E-004   91.560058000631145        159.93572762810061        3.5121066484403873E-004
  -2.7427733106103429E-004   91.546039913847281        159.93463907250808        3.6911387073479017E-004
  -2.9463741712512364E-005   91.525466003724077        159.93353672331571        3.8727901115602682E-004
   2.4695938103717679E-004   91.498818830263389        159.93242653836521        4.0575390565917885E-004
   5.4814891102228066E-004   91.466599205635362        159.93131524474180        4.2458634552349536E-004
   8.7045476466709808E-004   91.429490384743673        159.93021017364154        4.4383031913748059E-004
   1.2139672367119715E-003   91.388324659850994        159.92911917100670        4.6352680222186421E-004
   1.5688231418085163E-003   91.343888032553537        159.92805059978224        4.8368094427070216E-004
   1.9183759077929410E-003   91.297021304038012        159.92701309890836        5.0424831837431129E-004
   2.2940154210711007E-003   91.248682072135139        159.92601517883350        5.2528426138203949E-004
   2.6368733767113185E-003   91.199857749119289        159.92506598607577        5.4677185381077906E-004
   2.9789739939602346E-003   91.151518882645121        159.92417386931868        5.6869839869797033E-004
   3.3009966065736733E-003   91.104681504029301        159.92334716001395        5.9101447149758647E-004
   3.5790932817415617E-003   91.060330388989570        159.92259370116687        6.1363870512979777E-004
   3.8372457245317137E-003   91.019399994604726        159.92192026724155        6.3653913633896961E-004
   4.0676812620374933E-003   90.982702524879841        159.92133314791002        6.5966296779156150E-004
   4.2513904382945403E-003   90.950929920679243        159.92083795769381        6.8291814924406862E-004
   4.3837513862683636E-003   90.924581603212303        159.92043917284732        7.0617197513597805E-004
   4.4729729892538598E-003   90.904005610111000        159.92014001932066        7.2937689953272945E-004
   4.5043181341473931E-003   90.889409773318988        159.91994267213423        7.5237788908673916E-004
   4.4838830300223034E-003   90.880855563872316        159.91984789615029        7.7505302914787459E-004
   4.4397291475451080E-003   90.878402123938969        159.91985519534850        7.9735654675060609E-004
   4.3371810684183741E-003   90.882012031543951        159.91996349401464        8.1915088810658517E-004
   4.1602991270547904E-003   90.891683704840631        159.92017029514128        8.4022185002652534E-004
   3.9387939819397573E-003   90.907256699115621        159.92047128980505        8.6038720911111558E-004
   3.6953797888959103E-003   90.928623443654004        159.92086108077694        8.7952100695494072E-004
   3.4073635354876491E-003   90.955639225895084        159.92133373583485        8.9744397213382336E-004
   3.0594120546560953E-003   90.987952142610865        159.92188223562053        9.1396644004595367E-004
   2.6779809664361737E-003   91.025223919808639        159.92249809928231        9.2888991789070975E-004
   2.2685420820611648E-003   91.066968039639846        159.92317202909888        9.4208747863691394E-004
   1.8234726007413612E-003   91.112439506200474        159.92389404464745        9.5333302549236820E-004
   1.3690054411091247E-003   91.160879877381063        159.92465329672206        9.6250475721081888E-004
   8.9757227250354807E-004   91.211518150158795        159.92543870671713        9.6947310036262196E-004
   4.1387269415912018E-004   91.263502756387879        159.92623878289751        9.7412421374844943E-004
  -7.8227302647124384E-005   91.316022383806185        159.92704173454629        9.7638700678269669E-004
  -5.6157583281715652E-004   91.368359719987978        159.92783556572329        9.7619020087103946E-004
  -1.0427711197051465E-003   91.419860240762020        159.92860849311776        9.7347174573282820E-004
  -1.5031880483410644E-003   91.469905311419041        159.92934878566317        9.6825664357719221E-004
  -1.9508289843149433E-003   91.517757047901583        159.93004521850617        9.6052536255705452E-004
  -2.3761802028387587E-003   91.562917897593806        159.93068687889067        9.5032235578028899E-004
  -2.7769036432041820E-003   91.604831800314940        159.93126339678088        9.3764868107997390E-004
  -3.1390609839048091E-003   91.643172812632287        159.93176500318566        9.2265099707932981E-004
  -3.4711950392574626E-003   91.677697047896359        159.93218286916044        9.0540039492836919E-004
  -3.7669342402747562E-003   91.708401689939890        159.93250889901569        8.8598560267200469E-004
  -4.0576759981934630E-003   91.735504599405004        159.93273588432243        8.6445548475263308E-004
  -4.3116983130704091E-003   91.759534582678256        159.93285673962893        8.4098539312326022E-004
  -4.5575703770834820E-003   91.781101845213868        159.93286527508943        8.1566763372236545E-004
  -4.7714649335576917E-003   91.800924929386397        159.93275550079974        7.8862746628627963E-004
  -4.9728100546258067E-003   91.819748157199683        159.93252220654466        7.5999143033846518E-004
  -5.1468882934146898E-003   91.838189740448641        159.93216048793059        7.2991234802258871E-004
  -5.3241962388089290E-003   91.856708747306101        159.93166610531625        6.9847252736072606E-004
  -5.4878549856889145E-003   91.875693619507871        159.93103474219001        6.6579469147260730E-004
  -5.6522818898693313E-003   91.895125269545204        159.93026241447441        6.3203940398495761E-004
  -5.7977140132363788E-003   91.914866243612067        159.92934511976509        5.9733183531149585E-004
  -5.9252050044348026E-003   91.934594828960911        159.92827931860134        5.6180648136169961E-004
  -6.0533878231396297E-003   91.953878107241408        159.92706190925819        5.2559760641704477E-004
  -6.1380463101519660E-003   91.972135773123426        159.92568977492340        4.8887500885701424E-004
  -6.1991659391211710E-003   91.988824681192909        159.92416085991121        4.5173583569011139E-004
  -6.2348978799729041E-003   92.003520880219256        159.92247368353677        4.1434328362800331E-004
  -6.2505506317071576E-003   92.015684824407487        159.92062738520039        3.7683937627470011E-004
  -6.2153214159374453E-003   92.024993336914136        159.91862159494761        3.3946832757428578E-004
  -6.1709789143776315E-003   92.031263630677259        159.91645718382384        3.0231093151784379E-004
  -6.0868966648250193E-003   92.034485295598202        159.91413524714059        2.6554878328619068E-004
  -5.9668690383717889E-003   92.034734543723843        159.91165784924388        2.2934632736238412E-004
  -5.8369808408965740E-003   92.032143954162279        159.90902793190503        1.9383689558043142E-004
  -5.6647239627690771E-003   92.026836514093389        159.90624867845079        1.5919002126437332E-004
  -5.4623709965362210E-003   92.018896579877904        159.90332430559798        1.2555658174615012E-004
  -5.2342047312571704E-003   92.008186245743062        159.90025976279844        9.3042228241426323E-005
  -4.9973261343472944E-003   91.994528332585688        159.89706062936014        6.1764757588063992E-005
  -4.7147734832500843E-003   91.977572044696046        159.89373269690074        3.1852587277461463E-005
  -4.3848312501701490E-003   91.956728640374010        159.89028286953481        3.4422896112474566E-006
  -4.0187730645293044E-003   91.931309287101030        159.88671920438910       -2.3410768460086994E-005
  -3.6129008299715577E-003   91.900656252615804        159.88305063722808       -4.8613411908327546E-005
  -3.1775178495194222E-003   91.864148725431335        159.87928707182490       -7.2150378425080272E-005
  -2.6802620255713529E-003   91.821299871209945        159.87543912894671       -9.3902011439437068E-005
  -2.1341387799227243E-003   91.771858287187726        159.87151893367675       -1.1383254970739575E-004
  -1.5514093524346400E-003   91.715733713824861        159.86753979912842       -1.3191174280309412E-004
  -9.4552087426366964E-004   91.653223473102571        159.86351592624592       -1.4823068221546964E-004
  -2.9270994957012711E-004   91.584845474084318        159.85946207769737       -1.6278587101760413E-004
   3.8873959526250984E-004   91.511405004111566        159.85539415437219       -1.7559917114000074E-004
   1.0742401376673204E-003   91.434056872809691        159.85132875141633       -1.8673225168748737E-004
   1.7613553311709392E-003   91.354225430245648        159.84728255936332       -1.9630543134630237E-004
   2.4448649495163771E-003   91.273453962644567        159.84327230471013       -2.0440946828925572E-004
   3.1239775347277755E-003   91.193328066971389        159.83931462369125       -2.1116904906061853E-004
   3.7742148680982670E-003   91.115378065665809        159.83542604258039       -2.1673218870422819E-004
   4.4073771033280688E-003   91.041032930201212        159.83162238171047       -2.2121735298950767E-004
   4.9865462144616070E-003   90.971604612819604        159.82791904127666       -2.2478995636706270E-004
   5.5216100348435149E-003   90.908203132830877        159.82433010464106       -2.2761120253089731E-004
   5.9946582490641338E-003   90.851782631805534        159.82086858007048       -2.2985947347732021E-004
   6.3994548188149565E-003   90.803053462499889        159.81754596308406       -2.3166674550411927E-004
   6.7585903037427411E-003   90.762423311851975        159.81437208615830       -2.3315775207006435E-004
   7.0502611856323154E-003   90.730134746430295        159.81135566753295       -2.3443580917285509E-004
   7.2719972395909188E-003   90.706108176912949        159.80850378202436       -2.3557674605402797E-004
   7.4412088168081926E-003   90.690038901790928        159.80582180065630       -2.3661835003181394E-004
   7.5456473238017484E-003   90.681181888040896        159.80331381355808       -2.3758552166746976E-004
   7.6066488770251345E-003   90.678610414908675        159.80098233417667       -2.3842188604619681E-004
   7.6241214820951669E-003   90.681212737101745        159.79882881767767       -2.3907006639354669E-004
   7.6086009693898064E-003   90.687681637573391        159.79685365958440       -2.3944191263155075E-004
   7.5573169771381817E-003   90.696634313436121        159.79505645226325       -2.3938669030680216E-004
   7.4937532393538307E-003   90.706767616172115        159.79343591842235       -2.3876768275895300E-004
   7.4239583336175047E-003   90.716930358082152        159.79199048331887       -2.3740262364698350E-004
   7.3259010680914501E-003   90.726128053746109        159.79071842173917       -2.3520503958874558E-004
   7.2237138404009620E-003   90.733691660708971        159.78961732396957       -2.3199351228357388E-004
   7.1405473910569053E-003   90.739086778874707        159.78868468164998       -2.2762854257808409E-004
   7.0276789393388843E-003   90.742146355417489        159.78791845098542       -2.2206594311535233E-004
   6.9211239900082355E-003   90.742846208816076        159.78731586913457       -2.1523400832882317E-004
   6.8110806663548417E-003   90.741419834929061        159.78687433061603       -2.0704424862424422E-004
   6.6811790417391657E-003   90.738119787066694        159.78659114799447       -1.9751988855025687E-004
   6.5454807288582960E-003   90.733317818906229        159.78646315538751       -1.8666081801653508E-004
   6.3894535052004290E-003   90.727381469524175        159.78648704917836       -1.7458637287881250E-004
   6.2425190150468572E-003   90.720684740192155        159.78665903588330       -1.6130095137034613E-004
   6.0611588099105853E-003   90.713614891308438        159.78697554511237       -1.4695448787277533E-004
   5.8722784341298934E-003   90.706488573344842        159.78743217334636       -1.3164564281986212E-004
   5.6848293051975978E-003   90.699580268929537        159.78802433704547       -1.1542560610346929E-004
   5.4686352340254556E-003   90.693160225742076        159.78874749092370       -9.8413722535315007E-005
   5.2513063148378050E-003   90.687426186551207        159.78959639229399       -8.0666817161472403E-005
   5.0083653576493883E-003   90.682551292621810        159.79056577203679       -6.2313859964258588E-005
   4.7672901373898699E-003   90.678631182188695        159.79164973961363       -4.3449660556199247E-005
   4.4902401612221905E-003   90.675748871693912        159.79284245172821       -2.4200511634933109E-005
   4.2251957836880452E-003   90.673939628110091        159.79413719028403       -4.5869428733065294E-006
   3.9481245598527101E-003   90.673127271376956        159.79552752927884        1.5328953333734254E-005
   3.6470644920450148E-003   90.673196681529333        159.79700675191896        3.5472977289098086E-005
   3.3357428114149305E-003   90.673928999297061        159.79856755661163        5.5772101530203638E-005
   3.0517100075621289E-003   90.675070101748091        159.80020239169906        7.6189609959320112E-005
   2.7492782065979778E-003   90.676235705561893        159.80190436893830        9.6604680574121539E-005
   2.4415133098717886E-003   90.676940312892626        159.80366615227953        1.1693524192727817E-004
   2.1374190620490857E-003   90.676682521236728        159.80548027351480        1.3716916068598882E-004
   1.8445280044081871E-003   90.674943274197346        159.80733935305332        1.5722466595757335E-004
   1.5522486821928894E-003   90.671264634077090        159.80923628126834        1.7699353708704315E-004
   1.2937113740781323E-003   90.665366491312724        159.81116396083038        1.9641790434044801E-004
   1.0294623234147968E-003   90.657090809626311        159.81311611382185        2.1542915815792225E-004
   7.8916259196615778E-004   90.646503959020464        159.81508632066260        2.3400200736113850E-004
   5.6445033382247290E-004   90.633863338919795        159.81706874241868        2.5208593317667199E-004
   3.4878708032041138E-004   90.619506855819040        159.81905791772510        2.6960630022684006E-004
   1.4367025392699435E-004   90.603850442171122        159.82104860336645        2.8657297499758833E-004
  -5.2302965047733669E-005   90.587362745649799        159.82303581150589        3.0297733965903512E-004
  -2.6453735359761930E-004   90.570174563235767        159.82501477447502        3.1872656183491629E-004
  -4.6188518959697900E-004   90.552488513509388        159.82698032733700        3.3386031295424315E-004
  -6.5235312650211146E-004   90.534386833996734        159.82892766787623        3.4843561105845006E-004
  -8.3925674616535360E-004   90.515892114215305        159.83085215939181        3.6250561283477701E-004
  -1.0050640460900751E-003   90.496941503932675        159.83274925087079        3.7611346453668280E-004
  -1.1754695255410017E-003   90.477464914982690        159.83461490515799        3.8931083347512970E-004
  -1.3317800731940626E-003   90.457415052551937        159.83644497409148        4.0216493281514495E-004
  -1.4846197514682593E-003   90.436730603660990        159.83823565268997        4.1472014776804638E-004
  -1.6316983912443845E-003   90.415408892780263        159.83998322117498        4.2703119034516820E-004
  -1.7693078712439944E-003   90.393446712035839        159.84168410028084        4.3914216232518894E-004
  -1.8946380913074806E-003   90.370984286177418        159.84333494196304        4.5108386736261242E-004
  -2.0064664485240444E-003   90.348210379175612        159.84493270026016        4.6291979515216216E-004
  -2.1144678979416590E-003   90.325426798158077        159.84647465955231        4.7460980043135674E-004
  -2.2250135231162817E-003   90.302998994417962        159.84795819860832        4.8615495907344396E-004
  -2.3510469635247364E-003   90.281492223490446        159.84938063555907        4.9748270317987863E-004
  -2.4691283416512330E-003   90.261391803387227        159.85073891426686        5.0859437469181297E-004
  -2.6018599694216282E-003   90.243366244188621        159.85203017184065        5.1939742240559542E-004
  -2.7411880863144463E-003   90.228159632262361        159.85325119031185        5.2986439682598343E-004
  -2.8986712219193820E-003   90.216482549477604        159.85439859174539        5.3988909679105639E-004
  -3.0604614507786696E-003   90.208900464818555        159.85546855615266        5.4941433449038116E-004
  -3.2236215819829942E-003   90.206057979887831        159.85645715848059        5.5839301410249675E-004
  -3.4092725345316517E-003   90.208301548434264        159.85736043965292        5.6670089046723842E-004
  -3.6283716448654085E-003   90.215742382954147        159.85817389271645        5.7424403997500390E-004
  -3.8637621898803538E-003   90.228251541949803        159.85889219512958        5.8091316875777768E-004
  -4.0950509931858984E-003   90.245431154179144        159.85950962613754        5.8669984566239448E-004
  -4.3412674253720000E-003   90.266531663896799        159.86002056320697        5.9151929239381704E-004
  -4.5789159930614476E-003   90.290546768720930        159.86041901971385        5.9536556740069375E-004
  -4.8178525977630995E-003   90.316254608892180        159.86069921490764        5.9824618458602461E-004
  -5.0488536481147544E-003   90.342316775843784        159.86085533594334        6.0013261894950804E-004
  -5.2501749586603280E-003   90.367500376127168        159.86088176159973        6.0109016993176417E-004
  -5.4194893510056043E-003   90.390592265834712        159.86077359027965        6.0116841249257332E-004
  -5.5482909056764670E-003   90.410542741415185        159.86052669775646        6.0042623147031615E-004
  -5.6339462078808149E-003   90.426513152486990        159.86013794572600        5.9894795946771682E-004
  -5.6683443915870359E-003   90.437738724473391        159.85960524527138        5.9684303816165440E-004
  -5.6687644379906314E-003   90.443609823647861        159.85892775374029        5.9413189195115694E-004
  -5.6082849943363041E-003   90.443563326832674        159.85810545561935        5.9091478844883476E-004
  -5.4801377031216524E-003   90.437012495586089        159.85713981728873        5.8727883019392359E-004
  -5.2991554786862068E-003   90.423342496719243        159.85603395093233        5.8330669950753329E-004
  -5.0596445460617707E-003   90.402054136853792        159.85479225515786        5.7911040604008966E-004
  -4.7567833345252535E-003   90.372801420476861        159.85342055216762        5.7473417917238985E-004
  -4.3882179684717124E-003   90.335449364482173        159.85192620566451        5.7028654907565108E-004
  -3.9741195560144375E-003   90.290303240417543        159.85031817712726        5.6586953597942738E-004
  -3.5029549675102095E-003   90.238154390325946        159.84860653510296        5.6156407612712974E-004
  -3.0053166105145821E-003   90.180208619633888        159.84680273638847        5.5739431511310359E-004
  -2.4928807205287177E-003   90.118227065499426        159.84491888189723        5.5337320503356588E-004
  -1.9566586479784318E-003   90.054255806684225        159.84296743180769        5.4950448129589412E-004
  -1.4074976999330954E-003   89.990552403673647        159.84096142357666        5.4580913180938737E-004
  -8.9833676499219124E-004   89.929559679574297        159.83891420987698        5.4217670401631455E-004
  -4.2377827602971708E-004   89.873649593135966        159.83683816875055        5.3854717283818106E-004
   3.3619153662490167E-005   89.824884957583649        159.83474483539993        5.3486033755858705E-004
   4.4294835045282786E-004   89.784945480119603        159.83264532622601        5.3105528456019128E-004
   7.9194369688927689E-004   89.755023964589753        159.83054958670505        5.2699653680831899E-004
   1.0693031385619195E-003   89.735755817196704        159.82846609396009        5.2257021217815686E-004
   1.3034739870016021E-003   89.727177848594494        159.82640158090192        5.1770011148999742E-004
   1.4474343442995893E-003   89.728816308456274        159.82436172854548        5.1223820568119043E-004
   1.5606304914966332E-003   89.739757302894859        159.82235002243098        5.0614985221102582E-004
   1.6323117099814499E-003   89.758689358824270        159.82036919850654        4.9941387763187167E-004
   1.6712121054925002E-003   89.784172082613352        159.81842098177003        4.9203699777431126E-004
   1.6730827150081150E-003   89.814804258514329        159.81650629891689        4.8400611485626934E-004
   1.6616496363244344E-003   89.849210281610880        159.81462517442174        4.7534250566135791E-004
   1.6358529484802849E-003   89.886162686242798        159.81277730876110        4.6611373785248044E-004
   1.5957631456922240E-003   89.924763899088518        159.81096205309635        4.5636486293878159E-004
   1.5465865426018497E-003   89.964372034899839        159.80917841071229        4.4613844985878461E-004
   1.4908302595544245E-003   90.004732985089177        159.80742516369523        4.3546835936440244E-004
   1.4134384112582160E-003   90.045732089563060        159.80570093444257        4.2438662023463699E-004
   1.3334548914862112E-003   90.087431375858799        159.80400381920384        4.1296449565332127E-004
   1.2376741771918851E-003   90.130027320565347        159.80233185150766        4.0120641035599927E-004
   1.1537405119738939E-003   90.173716986427493        159.80068268186909        3.8919377535884893E-004
   1.0477776009659874E-003   90.218610255752438        159.79905424974859        3.7691508642082890E-004
   9.5551494280432644E-004   90.264678630658679        159.79744395994547        3.6442012832954958E-004
   8.4331106177297423E-004   90.311833130050218        159.79584955191206        3.5171747488178183E-004
   7.2902029797629884E-004   90.359855099560505        159.79426828150744        3.3879886723164638E-004
   6.1528622939708948E-004   90.408365430957460        159.79269735551239        3.2569663412716180E-004
   5.0100033482585989E-004   90.457044897052825        159.79113399610449        3.1240595601117867E-004
   3.9324734697661134E-004   90.505708071950906        159.78957541373640        2.9896352901592760E-004
   2.8687372369879440E-004   90.554253392949377        159.78801897953130        2.8533951178082991E-004
   1.8505313131692068E-004   90.602759412151258        159.78646209989981        2.7151166525198061E-004
   9.1591859137623549E-005   90.651481101394140        159.78490229362200        2.5745909841511192E-004
  -1.2833186155370423E-005   90.700748516172240        159.78333728418662        2.4310838727436670E-004
  -1.1360981320256894E-004   90.750881142451604        159.78176453018679        2.2845608110687662E-004
  -2.2067025363096878E-004   90.802192105594287        159.78018158023676        2.1341508425978725E-004
  -3.1712041157320938E-004   90.854973448789835        159.77858583118118        1.9796256447560578E-004
  -4.2730717302543933E-004   90.909466280515289        159.77697493881593        1.8202169368244724E-004
  -5.4239963816239548E-004   90.965734448434645        159.77534622600305        1.6553241079490805E-004
  -6.6257029648943296E-004   91.023692172486420        159.77369689702181        1.4843458838115223E-004
  -7.8570406881122530E-004   91.083131299217655        159.77202403365706        1.3066160003693945E-004
  -9.1715714596851119E-004   91.143599704086228        159.77032464641556        1.1220554563634569E-004
  -1.0348437629079201E-003   91.204558228245901        159.76859554437559        9.3070880598181507E-005
  -1.1404390575871898E-003   91.265243449855291        159.76683387239237        7.3271323667411554E-005
  -1.2125662867495755E-003   91.324748352824926        159.76503707021348        5.2931943654455593E-005
  -1.2872371394913294E-003   91.382017247519002        159.76320339210304        3.2116344843522202E-005
  -1.3285805456230133E-003   91.435963062966110        159.76133103167396        1.0947965996353180E-005
  -1.3183912232453449E-003   91.485423347512182        159.75941899360700       -1.0381136986016192E-005
  -1.2929792073201893E-003   91.529176210538708        159.75746753613018       -3.1791421218691126E-005
  -1.2192404542765998E-003   91.566083300142893        159.75547728842406       -5.3075805118160532E-005
  -1.0920758677300298E-003   91.595210704475789        159.75345005514217       -7.4064811774241022E-005
  -9.1405657282701402E-004   91.615723461915621        159.75138894045168       -9.4577872964322492E-005
  -6.7754805588841080E-004   91.627071205582482        159.74929828508982       -1.1440958333186757E-004
  -3.8674487435113258E-004   91.629017028829111        159.74718385163465       -1.3334461195411938E-004
  -3.0964209123152792E-005   91.621592230612023        159.74505272225883       -1.5116222660431150E-004
   3.8702823105725740E-004   91.605177092426146        159.74291355825298       -1.6764017129165378E-004
   8.1401349420201149E-004   91.580491987230147        159.74077653256438       -1.8265353490244706E-004
   1.2782850032967974E-003   91.548666885293500        159.73865203617095       -1.9607322190819991E-004
   1.7753402681910382E-003   91.510960300626792        159.73655136553461       -2.0769335689437522E-004
   2.2876780351121831E-003   91.468834952441810        159.73448661258141       -2.1738441180277164E-004
   2.7991669326270668E-003   91.423831891476894        159.73247024009396       -2.2507468776978158E-004
   3.3035439663842803E-003   91.377592583427045        159.73051468908020       -2.3067266139409034E-004
   3.7963775482199816E-003   91.331723068360603        159.72863222637761       -2.3415941627731173E-004
   4.2574389062516177E-003   91.287696357314218        159.72683483724566       -2.3553133326850132E-004
   4.6976111788902966E-003   91.246865056946177        159.72513373369591       -2.3474108575151085E-004
   5.0934164642136353E-003   91.210313965037784        159.72353961925117       -2.3182005535396971E-004
   5.4356513973324166E-003   91.178909367836084        159.72206211853174       -2.2682605971031166E-004
   5.7396088087446331E-003   91.153344761108158        159.72070955354314       -2.1979558465169918E-004
   5.9934354601825285E-003   91.134037167049016        159.71948931627017       -2.1085301180518183E-004
   6.1848793872558419E-003   91.121141995695922        159.71840758018345       -2.0013042894610506E-004
   6.3426340164843839E-003   91.114621893520038        159.71746900225222       -1.8773964790643635E-004
   6.4528529544492057E-003   91.114277911749824        159.71667742076013       -1.7380458132357129E-004
   6.5142403181383743E-003   91.119792792833749        159.71603551854238       -1.5854997780870883E-004
   6.5145084473284169E-003   91.130711419847955        159.71554479171468       -1.4212161942362984E-004
   6.4833675274855703E-003   91.146571088805700        159.71520525153542       -1.2469644225703895E-004
   6.4065765178082630E-003   91.166732005436685        159.71501614583750       -1.0647048589872557E-004
   6.3068472991277998E-003   91.190515913329747        159.71497561334422       -8.7583238499270387E-005
   6.1772007047013883E-003   91.217052789457142        159.71508123491870       -6.8220740461187449E-005
   6.0369906864675173E-003   91.245363626439925        159.71532986528760       -4.8513279387237379E-005
   5.8925432088714723E-003   91.274348626943009        159.71571810220902       -2.8634054789266264E-005
   5.7429530314238916E-003   91.302682724725045        159.71624244001464       -8.6729036592044952E-006
   5.5822618844949823E-003   91.329008084743236        159.71689924773071        1.1277426285546075E-005
   5.4541564576389232E-003   91.351968150049871        159.71768462431223        3.1181116404653059E-005
   5.3534556922346177E-003   91.370385823695145        159.71859545993263        5.0985860968616009E-005
   5.2555937223667300E-003   91.383281823377473        159.71962931053966        7.0614496744379407E-005
   5.1893084331870766E-003   91.389918180556307        159.72078380101485        9.0032580210876206E-005
   5.1512645192186820E-003   91.389930407139161        159.72205732350500        1.0923949961401013E-004
   5.1365744673677518E-003   91.383198300225743        159.72344895564493        1.2819181417440828E-004
   5.1661373706360890E-003   91.369761714096953        159.72495834326483        1.4691771426154194E-004
   5.2285643956493273E-003   91.349880940851307        159.72658620706625        1.6548254810368120E-004
   5.3039733923653312E-003   91.323886204345087        159.72833406674931        1.8389499783972202E-004
   5.4017363743940217E-003   91.292136388522508        159.73020375825215        2.0215432700724744E-004
   5.5329158548808842E-003   91.254956718491471        159.73219766104995        2.2034195483142132E-004
   5.6792093361734564E-003   91.212801967546511        159.73431896847762        2.3850858618860546E-004
   5.8409447001436313E-003   91.166023876677102        159.73657124174733        2.5673543642835977E-004
   6.0118242906412999E-003   91.115136342689240        159.73895841894918        2.7511693066111696E-004
   6.1864382134537059E-003   91.060707671203048        159.74148466157411        2.9370830648475218E-004
   6.3791596696330779E-003   91.003170987027588        159.74415422314794        3.1263041749527711E-004
   6.5680050367400312E-003   90.943143560437008        159.74697179876276        3.3196309662052555E-004
   6.7567122112959632E-003   90.881243325004036        159.74994198983799        3.5176168905929066E-004
   6.9378928304201139E-003   90.818078736836469        159.75306939529275        3.7206716355825566E-004
   7.0870952914353037E-003   90.754259223352136        159.75635843164571        3.9289869430310294E-004
   7.2410261390647469E-003   90.690268229557248        159.75981273908351        4.1435230831836112E-004
   7.3684941727297166E-003   90.626698294521205        159.76343607242941        4.3638866911530712E-004
   7.4747318447643705E-003   90.564128975825625        159.76723154334383        4.5901527744476883E-004
   7.5537196372472146E-003   90.503142155285701        159.77120174828849        4.8212701161917844E-004
   7.6089746554299049E-003   90.444325232321063        159.77534862013349        5.0568413803956833E-004
   7.6455114774388547E-003   90.388329742011649        159.77967351471077        5.2959649771709932E-004
   7.6171425718875039E-003   90.335807054963411        159.78417733212771        5.5369333178010910E-004
   7.5511895588853441E-003   90.287492860418439        159.78885939449717        5.7782910671540244E-004
   7.4392761131246328E-003   90.244057205510970        159.79371810933711        6.0183668578892230E-004
   7.2610723285020150E-003   90.206202494665533        159.79875076611899        6.2554389456028695E-004
   7.0451342440322941E-003   90.174499703490753        159.80395304165856        6.4876254545381991E-004
   6.7819009936591927E-003   90.149359844899166        159.80931969514822        6.7139312461292713E-004
   6.4528936707801332E-003   90.131109812448230        159.81484433453116        6.9321298555096551E-004
   6.0760157345862752E-003   90.119846166052781        159.82051896659615        7.1410122701708349E-004
   5.6464207758010598E-003   90.115607213114330        159.82633443210594        7.3388470111260143E-004
   5.1589646808134970E-003   90.118134423555574        159.83228028733839        7.5245748036628505E-004
   4.6416122771053940E-003   90.127135268963301        159.83834467901951        7.6969256381235183E-004
   4.0692048277070434E-003   90.142145113696500        159.84451502394197        7.8550750119702080E-004
   3.4707607920455223E-003   90.162524157656506        159.85077739692559        7.9985294686262226E-004
   2.8352154845525269E-003   90.187480819708455        159.85711723696275        8.1267230192997978E-004
   2.1659437670333566E-003   90.216284537164114        159.86351907581619        8.2390007565080997E-004
   1.4840329460457120E-003   90.248070164677500        159.86996662130653        8.3353632708901620E-004
   8.0270447569326397E-004   90.282079440799862        159.87644327088631        8.4158160732295700E-004
   1.0583294345986066E-004   90.317692659192772        159.88293243226565        8.4801749982465742E-004
  -6.0319056219535470E-004   90.354542193814467        159.88941713135034        8.5281059719732541E-004
  -1.3041849182698904E-003   90.392305238548104        159.89588009490788        8.5598694436575886E-004
  -2.0204302502403798E-003   90.430799511560949        159.90230424249316        8.5749704860636669E-004
  -2.7135685474891824E-003   90.469854902280730        159.90867211915827        8.5740072017042061E-004
  -3.4066041138761795E-003   90.509189457077511        159.91496683045477        8.5571665684210573E-004
  -4.0882271760219937E-003   90.548405592030406        159.92117148222243        8.5248454969789650E-004
  -4.7709294717297015E-003   90.586941383193263        159.92726945604136        8.4771688730555898E-004
  -5.4271163862591237E-003   90.624130896691256        159.93324410575278        8.4147758839151225E-004
  -6.0581086294167908E-003   90.659359340103563        159.93907942948167        8.3384956852024066E-004
  -6.6495428832640908E-003   90.691958194143723        159.94476003754957        8.2493829102404112E-004
  -7.1938021961735696E-003   90.721450972171411        159.95027150266091        8.1490095979158781E-004
  -7.7180772099277525E-003   90.747529182159624        159.95560054453267        8.0372075217948760E-004
  -8.1994262413242706E-003   90.770058229337110        159.96073436750495        7.9148217181425123E-004
  -8.6401431805269973E-003   90.789092174330378        159.96566122125918        7.7820500207027420E-004
  -9.0519819916320479E-003   90.804809525722902        159.97037034410195        7.6392152503094448E-004
  -9.4049077156511639E-003   90.817391840268328        159.97485167669515        7.4867349714732780E-004
  -9.7246698389623163E-003   90.827100311023102        159.97909659500596        7.3240544650115874E-004
  -9.9810488833320058E-003   90.834144122654891        159.98309728242216        7.1515396546214464E-004
  -1.0218284238702800E-002   90.838668594000140        159.98684746681019        6.9685599735572722E-004
  -1.0392908370781164E-002   90.840854002399141        159.99034134251013        6.7755632485347989E-004
  -1.0527611466845199E-002   90.840790241421857        159.99357463020377        6.5725642111507418E-004
  -1.0637306253640934E-002   90.838471115960346        159.99654402460143        6.3592434804487174E-004
  -1.0687217853499615E-002   90.833881976448595        159.99924683050082        6.1363350048686651E-004
  -1.0704497866920539E-002   90.826984520480153        160.00168181087497        5.9041621483718349E-004
  -1.0688330589595245E-002   90.817758998829476        160.00384852634485        5.6629760381964533E-004
  -1.0616688269379700E-002   90.806119851851022        160.00574735318679        5.4137159962438532E-004
  -1.0508144721121248E-002   90.791912754831472        160.00738002169058        5.1570818768422355E-004
  -1.0360435083094137E-002   90.775037901912214        160.00874916282143        4.8943326484244295E-004
  -1.0162993416967359E-002   90.755311173952109        160.00985836379843        4.6269195338677474E-004
  -9.9300468486679463E-003   90.732478164413806        160.01071242620662        4.3561611822054576E-004
  -9.6490480630117698E-003   90.706229877450014        160.01131701861723        4.0834932801193637E-004
  -9.2958427752445998E-003   90.676255765826340        160.01167898217133        3.8106369275028580E-004
  -8.8896360880577167E-003   90.642202930113669        160.01180692117046        3.5392795758606397E-004
  -8.4386902388270246E-003   90.603829214866835        160.01171073330306        3.2709230329516732E-004
  -7.9425338051078744E-003   90.560958361004211        160.01140140969696        3.0067858484233669E-004
  -7.3789067344510366E-003   90.513601846369170        160.01089104505829        2.7491497633466504E-004
  -6.7840828824216447E-003   90.462035538293549        160.01019338177275        2.4992272857459738E-004
  -6.1547860971269529E-003   90.406712046064456        160.00932292445350        2.2579683123961938E-004
  -5.5060069334820425E-003   90.348328609432585        160.00829501978930        2.0263861670303108E-004
  -4.8212272451524244E-003   90.287806789089359        160.00712549137199        1.8058384120556522E-004
  -4.1304402175532575E-003   90.226209560930016        160.00583104206427        1.5966047545088304E-004
  -3.4214955039629426E-003   90.164786500865617        160.00442852242060        1.3995863550656060E-004
  -2.7236476431112930E-003   90.104832807154551        160.00293522674494        1.2152927424750995E-004
  -2.0406896147401560E-003   90.047786472504143        160.00136818021758        1.0438748555590832E-004
  -1.3851320617607145E-003   89.995066904217424        159.99974404537025        8.8566795062567288E-005
  -7.8931026300478580E-004   89.948017331211759        159.99807881730689        7.3980977729420694E-005
  -2.2133698409569757E-004   89.907914087829596        159.99638703510823        6.0647174572088614E-005
   3.2037697805970959E-004   89.875951451787543        159.99468255793451        4.8577127962936734E-005
   7.9301237035819447E-004   89.853173663634195        159.99297860331203        3.7623165089409884E-005
   1.2050027093151198E-003   89.840403009212451        159.99128670414132        2.7697463753229624E-005
   1.5427646489765904E-003   89.838354627339172        159.98961691323896        1.8708767016532334E-005
   1.8226208092626233E-003   89.847548829411210        159.98797747188289        1.0537274515539633E-005
   2.0101040956803326E-003   89.868250816182254        159.98637520810237        2.9779691400457643E-006
   2.1365936264173234E-003   89.900371824012922        159.98481469638287       -4.0886035706590367E-006
   2.1707654486079883E-003   89.943626710327820        159.98329902347987       -1.0829892370102165E-005
   2.1481539223517322E-003   89.997601648866194        159.98182902368083       -1.7380655023014503E-005
   2.0572123965826119E-003   90.061522089810424        159.98040414650532       -2.3872393743023318E-005
   1.9288130987459302E-003   90.134548862807151        159.97902217508204       -3.0354023201117928E-005
   1.7477237072817803E-003   90.215644334266941        159.97767997868530       -3.6948827693305705E-005
   1.5256484908103024E-003   90.303708363406500        159.97637314065176       -4.3718018927037533E-005
   1.2686390049860504E-003   90.397562821757205        159.97509624593962       -5.0733378611727368E-005
   9.7418420525921914E-004   90.496029735408911        159.97384302828013       -5.8026771315073616E-005
   6.5492938687350974E-004   90.597765177250054        159.97260630815563       -6.5632347777634298E-005
   3.2578981475345941E-004   90.701643111936420        159.97137830165869       -7.3513632369103763E-005
   4.1135285624551698E-006   90.806523828303156        159.97015098385438       -8.1559981838718695E-005
  -3.3293687573190603E-004   90.911311993967530        159.96891651129033       -8.9752564112739503E-005
  -6.5804081100764508E-004   91.015093065213193        159.96766666566472       -9.7978744117927069E-005
  -9.7285401217256709E-004   91.117005423181041        159.96639351889877       -1.0611901657245943E-004
  -1.2643007218412165E-003   91.216358597851070        159.96508939436640       -1.1408391075375166E-004
  -1.5350790982916400E-003   91.312446644964055        159.96374718470341       -1.2172997538218308E-004
  -1.7636038802909578E-003   91.404709067709106        159.96236028654263       -1.2891800468516540E-004
  -1.9835593079411476E-003   91.492688215272992        159.96092312705375       -1.3561073225494631E-004
  -2.1761972851910122E-003   91.576096992324452        159.95943034229563       -1.4166243484536089E-004
  -2.3298000913451445E-003   91.654852509540831        159.95787723474689       -1.4699454568617643E-004
  -2.4422738569072427E-003   91.729004767999115        159.95626005908437       -1.5154820849949731E-004
  -2.5356991027065678E-003   91.798750644671571        159.95457607363520       -1.5525921644496304E-004
  -2.5982057865624182E-003   91.864514985733919        159.95282300174969       -1.5809027633153900E-004
  -2.6379890297409960E-003   91.926821525114519        159.95099932152007       -1.6003005640107009E-004
  -2.6596425049743235E-003   91.986243036592697        159.94910406633790       -1.6108918729159245E-004
  -2.6478606744105315E-003   92.043444577216974        159.94713671226040       -1.6123776875289834E-004
  -2.6221895981622945E-003   92.098905122499758        159.94509755160269       -1.6050807929691196E-004
  -2.5805534378936742E-003   92.152794635419511        159.94298721596195       -1.5888863591726935E-004
  -2.5146580415329385E-003   92.204994103888069        159.94080672770684       -1.5642007036130264E-004
  -2.4147082199769705E-003   92.255094890198166        159.93855770149298       -1.5309382175457059E-004
  -2.2879223825233259E-003   92.302265859089587        159.93624258161265       -1.4893659930859145E-004
  -2.1311107422182646E-003   92.345320456144719        159.93386446886788       -1.4395796094877788E-004
  -1.9198900929502318E-003   92.382857194090406        159.93142719598498       -1.3808077861141106E-004
  -1.6608858288819212E-003   92.413441262926995        159.92893592195188       -1.3132853472792587E-004
  -1.3353760180462677E-003   92.435748294632134        159.92639697083607       -1.2361368094778187E-004
  -9.4932504378695095E-004   92.448801704959891        159.92381828699365       -1.1488929403978013E-004
  -5.0373189260762767E-004   92.451941089997092        159.92120928984022       -1.0512008446884439E-004
  -1.3709636655431274E-005   92.444996812818317        159.91858084976090       -9.4312882418087128E-005
   5.1466616658451874E-004   92.428247047211343        159.91594491896771       -8.2466200626311022E-005
   1.1072118026927958E-003   92.402487831528106        159.91331438412635       -6.9561063499591389E-005
   1.7319716363675664E-003   92.368832559839987        159.91070369436309       -5.5605653616377744E-005
   2.3937301845684687E-003   92.328619686645879        159.90812808284286       -4.0598016139688666E-005
   3.0608988838288207E-003   92.283355320088504        159.90560368387264       -2.4652266815911000E-005
   3.7624878439274714E-003   92.234460538051891        159.90314676305982       -7.7687328550662195E-006
   4.4527396844007642E-003   92.183232741430345        159.90077442378561        9.9509619562305409E-006
   5.1209943596013724E-003   92.130831305844580        159.89850349218304        2.8356887872205700E-005
   5.7831793354531551E-003   92.078297983985351        159.89635025835608        4.7400963618287615E-005
   6.4112492643763862E-003   92.026626207633342        159.89433086440673        6.6959468693498285E-005
   7.0115768565663684E-003   91.976704080964439        159.89246062107193        8.6908136005906355E-005
   7.5663524683279989E-003   91.929489711378679        159.89075416259357        1.0713424989336451E-004
   8.0721198350952195E-003   91.886033588035644        159.88922501284091        1.2747481802129321E-004
   8.5343225547939022E-003   91.847389794792321        159.88788550150494        1.4782364002484375E-004
   8.9318110565663397E-003   91.814669362258130        159.88674689539960        1.6801241305086846E-004
   9.2604394246806158E-003   91.788855516146384        159.88581888399594        1.8785058395262363E-004
   9.5156032945526870E-003   91.770691831520878        159.88510947933358        2.0718976437582187E-004
   9.6846566162452005E-003   91.760692174765751        159.88462490287779        2.2585075666304666E-004
   9.7901855571413381E-003   91.759163746445566        159.88436927869489        2.4375273122900619E-004
   9.8158613282829845E-003   91.765810267633128        159.88434518250799        2.6073240206867481E-004
   9.7846571840176401E-003   91.780184397141028        159.88455324404126        2.7672525582853719E-004
   9.6678478487207918E-003   91.801451355119710        159.88499270675766        2.9158125854482830E-004
   9.5173746818280197E-003   91.828612989423107        159.88566072909452        3.0529677625056663E-004
   9.3103955573654307E-003   91.860370711050081        159.88655364877300        3.1782523016865983E-004
   9.0584953687015343E-003   91.895268888491046        159.88766642709433        3.2916504549321339E-004
   8.7876870238721427E-003   91.931746531193255        159.88899292999236        3.3935219340033287E-004
   8.4766241111430014E-003   91.968133911874219        159.89052656294271        3.4840611576770873E-004
   8.1631570348820320E-003   92.002839009604557        159.89225975021205        3.5641165363526017E-004
   7.8648096270075261E-003   92.034283206540820        159.89418485734868        3.6352360234306148E-004
   7.5778112442874421E-003   92.061005508513205        159.89629461730502        3.6990529674282168E-004
   7.2835408356179037E-003   92.081695400095484        159.89858203914153        3.7568162693839345E-004
   7.0157029711073902E-003   92.095292135822007        159.90103995476252        3.8104735138526114E-004
   6.7842927004934956E-003   92.101045932017868        159.90366183871200        3.8620938268478126E-004
   6.5766499409824616E-003   92.098557135973849        159.90644205326149        3.9133229472984799E-004
   6.3920429319557007E-003   92.087672621586066        159.90937553939031        3.9662425176202658E-004
   6.2335051710227006E-003   92.068752224145413        159.91245779957922        4.0225191738695038E-004
   6.1117335053715739E-003   92.042379583178800        159.91568497145337        4.0841266675642392E-004
   5.9919615001503687E-003   92.009494548972469        159.91905408911973        4.1516605903771153E-004
   5.8554804425049161E-003   91.971250098144935        159.92256223574662        4.2254650435373552E-004
   5.7377801984160922E-003   91.928981352731952        159.92620608879750        4.3067033678920435E-004
   5.6087053338643210E-003   91.884233809915699        159.92998278434280        4.3955327993368232E-004
   5.4600986337370889E-003   91.838556900310508        159.93388918164749        4.4917444233682553E-004
   5.3020231328987453E-003   91.793412618428960        159.93792166468626        4.5953729554700672E-004
   5.1148727953273911E-003   91.750222909450699        159.94207638710282        4.7058779327100234E-004
   4.8865100862440138E-003   91.710298538044910        159.94634879515749        4.8226673049484541E-004
   4.6097918761376713E-003   91.674782168876135        159.95073333021006        4.9441468454013908E-004
   4.3088676982673034E-003   91.644568118038279        159.95522325605450        5.0696574188972832E-004
   3.9487638560355082E-003   91.620289362732123        159.95981124640755        5.1977350878966194E-004
   3.5534627529036529E-003   91.602248108300259        159.96448853179126        5.3269928616330017E-004
   3.1058687054077638E-003   91.590522050786788        159.96924548523896        5.4562163333298224E-004
   2.6201960942930421E-003   91.584916413361583        159.97407120367450        5.5838482239534940E-004
   2.0803011442446805E-003   91.585019884654542        159.97895385601552        5.7075818482960170E-004
   1.5275311841719743E-003   91.590246385665267        159.98388028796376        5.8264129848961687E-004
   9.4049894819225833E-004   91.600023373182310        159.98883702947282        5.9387764970862981E-004
   3.2972362748574666E-004   91.613611213056402        159.99380977396632        6.0427121452088595E-004
  -3.0493039777774371E-004   91.630460181700798        159.99878363473712        6.1366046960609059E-004
  -9.5094031484121056E-004   91.650066745507019        160.00374314113648        6.2193457446575425E-004
  -1.5955862562640757E-003   91.672038496922923        160.00867254287346        6.2896313259690260E-004
  -2.2604235778281366E-003   91.696054344274614        160.01355612061133        6.3463090593834925E-004
  -2.9268020392002729E-003   91.721840377188897        160.01837766095849        6.3884931076480076E-004
  -3.5808102648383655E-003   91.749146811561545        160.02312090980971        6.4153031303645480E-004
  -4.2250105993406513E-003   91.777616272550404        160.02776991160468        6.4263018120428600E-004
  -4.8792738691604328E-003   91.806767710358841        160.03230894747864        6.4208326426356708E-004
  -5.5155005992959171E-003   91.835948159949552        160.03672204975322        6.3982152517129886E-004
  -6.1088417699548874E-003   91.864543778901407        160.04099368890238        6.3593046965736534E-004
  -6.6917635815156966E-003   91.891664049100683        160.04510937864612        6.3037287473136864E-004
  -7.2264448745850722E-003   91.916467172429279        160.04905488516070        6.2320858167346567E-004
  -7.7297457545329957E-003   91.938016410269043        160.05281715016363        6.1448361992851399E-004
  -8.1794676370614307E-003   91.955418659884018        160.05638387953067        6.0427951913151218E-004
  -8.5773450009179793E-003   91.967778826040131        160.05974408649362        5.9264516549668964E-004
  -8.9227175808023942E-003   91.974191224493154        160.06288804904381        5.7965377215015161E-004
  -9.1996455083485605E-003   91.973864698191477        160.06580732648251        5.6543707059652137E-004
  -9.4135587583756512E-003   91.966197904695107        160.06849514917724        5.5011557264081638E-004
  -9.5404205541748891E-003   91.950612262152617        160.07094628687045        5.3389050995732309E-004
  -9.6047946226308478E-003   91.926699174525737        160.07315763517511        5.1690606375751915E-004
  -9.5905048092016342E-003   91.894240275235816        160.07512761604039        4.9934907419458868E-004
  -9.5195246097680881E-003   91.853269165723788        160.07685657335500        4.8134982883366343E-004
  -9.3638916267033325E-003   91.803943498300086        160.07834623587081        4.6314570461349010E-004
  -9.1478923127559942E-003   91.746544910850602        160.07960039986870        4.4491088186803326E-004
  -8.8538358420393228E-003   91.681580158479605        160.08062433695218        4.2689763205298604E-004
  -8.4970770204978799E-003   91.609728192667248        160.08142522480685        4.0928082496121152E-004
  -8.1089470077150647E-003   91.531971092754091        160.08201177346089        3.9221842028592982E-004
  -7.6699935342968628E-003   91.449418986967672        160.08239345887199        3.7590387042062324E-004
  -7.2052731240406908E-003   91.363439594711764        160.08258099801722        3.6050387859411307E-004
  -6.7016005059690915E-003   91.275638458749611        160.08258573876557        3.4615877523989035E-004
  -6.1791590860979977E-003   91.187614723901987        160.08241998008697        3.3299414758887008E-004
  -5.6704968685876095E-003   91.101027029232085        160.08209648005152        3.2105945713969627E-004
  -5.1752025937561608E-003   91.017576131608820        160.08162766102751        3.1039456678186355E-004
  -4.6894885491956910E-003   90.938787726918164        160.08102562008256        3.0096740607070567E-004
  -4.2373395391222908E-003   90.865930751971518        160.08030222179306        2.9272823441196279E-004
  -3.8055638972094648E-003   90.800093938840419        160.07946851206444        2.8567510991860730E-004
  -3.4275729121858696E-003   90.741973517489569        160.07853503975292        2.7968739270799718E-004
  -3.0868504600859120E-003   90.691861711123934        160.07751104144685        2.7466201134794180E-004
  -2.7796071937640520E-003   90.649843760138779        160.07640484532365        2.7048493823153406E-004
  -2.5185520013861328E-003   90.615814064627003        160.07522396332527        2.6704059706319627E-004
  -2.3099525725530628E-003   90.589414546386308        160.07397477924755        2.6416068308210308E-004
  -2.1208828975310037E-003   90.570131420412537        160.07266239774140        2.6169971463308313E-004
  -1.9590457076740803E-003   90.557345800721833        160.07129144648727        2.5955221949249235E-004
  -1.8356133948250377E-003   90.550357380783581        160.06986588672157        2.5757682479558201E-004
  -1.7233564085890657E-003   90.548432336240595        160.06838874283147        2.5569070742031936E-004
  -1.6539549656047800E-003   90.550833156781835        160.06686276466667        2.5368220109958769E-004
  -1.5924216790469833E-003   90.556894017212173        160.06528965626762        2.5143423677695458E-004
  -1.5653240272972904E-003   90.566030436966116        160.06367092807534        2.4885214338448206E-004
  -1.5544762885880974E-003   90.577709222162255        160.06200724879213        2.4580211829073088E-004
  -1.5386735379244508E-003   90.591576013958715        160.06029888848266        2.4223085245280766E-004
  -1.5314688607293856E-003   90.607365170784121        160.05854623654443        2.3807161690930431E-004
  -1.5357339581895568E-003   90.624937658059437        160.05674947066288        2.3325923946359100E-004
  -1.5574577887141488E-003   90.644260787114519        160.05490848684522        2.2771638941273878E-004
  -1.5817122014358028E-003   90.665391015294460        160.05302275437126        2.2141531872625015E-004
  -1.6109704941670187E-003   90.688476451189274        160.05109167957292        2.1435662592233023E-004
  -1.6526832730622541E-003   90.713560865647992        160.04911454549347        2.0646322853406352E-004
  -1.7188791155248501E-003   90.740645529697190        160.04709032989220        1.9775172354959120E-004
  -1.7716195469573456E-003   90.769625873843211        160.04501741234719        1.8825053646775606E-004
  -1.8238037484855825E-003   90.800131228812887        160.04289449978305        1.7800093575763757E-004
  -1.8839772703627179E-003   90.831587213093684        160.04072031243203        1.6707479465342902E-004
  -1.9272920508748726E-003   90.863113290324009        160.03849337521783        1.5554571910261582E-004
  -1.9736541458098824E-003   90.893683537098056        160.03621262426773        1.4346304828692107E-004
  -1.9805350658443064E-003   90.922116171940303        160.03387692235620        1.3099919727864340E-004
  -1.9686892702950585E-003   90.947243969174735        160.03148609503671        1.1829431596551656E-004
  -1.9336880188879947E-003   90.968042007840182        160.02904042463692        1.0548099394923286E-004
  -1.8555672071943006E-003   90.983664428664937        160.02654075931480        9.2761223266549469E-005
  -1.7404164220128986E-003   90.993629716757539        160.02398899974696        8.0312624362479062E-005
  -1.5852135151501424E-003   90.997816038095948        160.02138795077079        6.8262739037088557E-005
  -1.3894094675823590E-003   90.996398939978150        160.01874139466642        5.6809557965087088E-005
  -1.1657422288729215E-003   90.989942214381429        160.01605410515276        4.6157475253231665E-005
  -9.2344434604838140E-004   90.979139756048340        160.01333153666323        3.6432998597255389E-005
  -6.6297524910216609E-004   90.964886125676045        160.01057959789227        2.7716288521259239E-005
  -3.8607257326881355E-004   90.948037925780142        160.00780464192815        2.0129416303746314E-005
  -1.0079552808061690E-004   90.929558834867350        160.00501342352592        1.3809001138272889E-005
   2.0386708114734684E-004   90.910287778964189        160.00221290316782        8.8607733676952366E-006
   4.8792215012404775E-004   90.890886700672937        159.99941051439387        5.2995335038210018E-006
   7.6878834388833270E-004   90.871856557662397        159.99661318956726        3.1901649901149447E-006
   1.0330209588997378E-003   90.853558136202750        159.99382778255895        2.5181960256961706E-006
   1.3009377079004293E-003   90.836115898726348        159.99106074248741        3.3249268964899335E-006
   1.5684247632041788E-003   90.819515279693817        159.98831860897596        5.6340310345800502E-006
   1.8238319967121867E-003   90.803531503798922        159.98560791038116        9.4381496332986717E-006
   2.0702497180222191E-003   90.787904896703949        159.98293487989110        1.4701800734977424E-005
   2.3074514582071808E-003   90.772296390504422        159.98030553033064        2.1402245890802077E-005
   2.5460664611506307E-003   90.756279057466614        159.97772564912165        2.9500754909785469E-005
   2.7755213889134045E-003   90.739549807802391        159.97520105789425        3.8953455656242160E-005
   3.0133115207588578E-003   90.721932805303553        159.97273735356600        4.9732439103437392E-005
   3.2478115262105298E-003   90.703399055066811        159.97034033514822        6.1781869442266823E-005
   3.4745482988611178E-003   90.684214804322721        159.96801572169875        7.5009088007798667E-005
   3.6853279456327847E-003   90.664913996672908        159.96576904291712        8.9322133977579149E-005
   3.8632149159405719E-003   90.646164064364797        159.96360543845370        1.0458243229000981E-004
   4.0372735691471271E-003   90.628824549278974        159.96152924641547        1.2077233142469098E-004
   4.1823196839940345E-003   90.613821447745835        159.95954471106617        1.3776036741881985E-004
   4.2686098985560798E-003   90.602213734122415        159.95765536823913        1.5541272797009901E-004
   4.3147804154355452E-003   90.595044378858944        159.95586332164194        1.7358521866808548E-004
   4.3178050218325966E-003   90.593206866859219        159.95416969678573        1.9216644882100230E-004
   4.2728793677485125E-003   90.597533692603463        159.95257456688663        2.1100598414332871E-004
   4.1747819581163751E-003   90.608697824139554        159.95107683513135        2.3000394053717933E-004
   4.0371072891339354E-003   90.627122030633529        159.94967410759241        2.4905386508682504E-004
   3.8464067908993180E-003   90.653074037508389        159.94836302355387        2.6805124244836238E-004
   3.5985577057086396E-003   90.686572639211434        159.94713892831155        2.8684378588625235E-004
   3.3073894399652305E-003   90.727317350458847        159.94599577234052        3.0530897477505241E-004
   2.9811402697154472E-003   90.774835701343676        159.94492644889340        3.2337803096076258E-004
   2.6067559094369148E-003   90.828435469560887        159.94392299503627        3.4086763539994031E-004
   2.2040943860591640E-003   90.887264129762741        159.94297627290962        3.5767415605030098E-004
   1.7838785229733558E-003   90.950351639598168        159.94207645412254        3.7371170885619351E-004
   1.3355273163494700E-003   91.016654270431331        159.94121328162851        3.8888386475230679E-004
   9.0066201262780797E-004   91.085055105091740        159.94037581268071        4.0311583160943730E-004
   4.5117310927691420E-004   91.154427591522420        159.93955343209259        4.1636013565674642E-004
   2.4790587751767681E-005   91.223572423364104        159.93873516913126        4.2858351016189993E-004
  -4.0494006775180331E-004   91.291172348065743        159.93791061678232        4.3970736810313994E-004
  -7.9825761280389272E-004   91.355699887629854        159.93706928683923        4.4978481455932527E-004
  -1.1551892379265626E-003   91.415597088261521        159.93620157868418        4.5880388400901029E-004
  -1.4697106212580345E-003   91.469149328585260        159.93529877894105        4.6678920475956662E-004
  -1.7160105943128617E-003   91.514711928698546        159.93435320879291        4.7382559303345523E-004
  -1.9071767888169224E-003   91.550715179680466        159.93335885205764        4.8000589172451604E-004
  -2.0127482952043748E-003   91.575842467339655        159.93231103609853        4.8540994210060745E-004
  -2.0449025629382298E-003   91.589089503924598        159.93120717427018        4.9008979947507130E-004
  -1.9943187527802198E-003   91.589896745914501        159.93004647024759        4.9413870809856945E-004
  -1.8721655168784917E-003   91.578174069174324        159.92883014389002        4.9762017872475553E-004
  -1.6671953101673959E-003   91.554310662369630        159.92756115901736        5.0064082380345970E-004
  -1.4103580195107771E-003   91.519256561943436        159.92624449803364        5.0318063181558086E-004
  -1.0834406528733259E-003   91.474329696017520        159.92488640726100        5.0528202806967974E-004
  -7.1937652165671010E-004   91.421241590526819        159.92349484056510        5.0694609373123554E-004
  -3.1216602768853534E-004   91.362005372784239        159.92207865731845        5.0821280342438590E-004
   1.1360830048943481E-004   91.298648519162683        159.92064776844003        5.0902543992450511E-004
   5.4087668070317246E-004   91.233250634411078        159.91921253675483        5.0932971409538644E-004
   9.7539113160678270E-004   91.167859857552799        159.91778336248726        5.0913201608326528E-004
   1.4074434614428232E-003   91.104303790538097        159.91637082185926        5.0842419234380912E-004
   1.8118706971013095E-003   91.044237619930200        159.91498543126568        5.0715820383897897E-004
   2.1957910459146548E-003   90.988905080278215        159.91363703451597        5.0530183086135269E-004
   2.5224548775527570E-003   90.939286059109477        159.91233497553321        5.0279831088026168E-004
   2.8101090487371145E-003   90.896066160863526        159.91108720409383        4.9960377477107981E-004
   3.0669295904611968E-003   90.859658410459872        159.90990072022331        4.9576454152307897E-004
   3.2832057849726411E-003   90.830197076824945        159.90878177408050        4.9128773302333732E-004
   3.4392380448650126E-003   90.807548431485188        159.90773562923940        4.8617689261493900E-004
   3.5638572240311714E-003   90.791434672761895        159.90676608249271        4.8050569742537141E-004
   3.6566887432565049E-003   90.781290448265878        159.90587616690158        4.7430189430439898E-004
   3.6880042973306878E-003   90.776624896583400        159.90506814226310        4.6757738052779569E-004
   3.7001800080857781E-003   90.776847288455116        159.90434277146969        4.6043374606478542E-004
   3.6733387788208693E-003   90.781455277922788        159.90370035272019        4.5289800598881082E-004
   3.6298696971177958E-003   90.790062968052609        159.90314023564807        4.4506645073544288E-004
   3.5363778702095072E-003   90.802390165152573        159.90266136568525        4.3692590872181157E-004
   3.4396576504906323E-003   90.818208863013908        159.90226147146379        4.2855698105860254E-004
   3.3159563165086610E-003   90.837454870867276        159.90193820410391        4.1997169175284023E-004
   3.1659978557197111E-003   90.859908184594957        159.90168855803302        4.1118905351000330E-004
   3.0057337140006663E-003   90.885291865618868        159.90150888940971        4.0221301445929699E-004
   2.8178247398981168E-003   90.913251365641429        159.90139530367057        3.9300074727185817E-004
   2.5975908115247960E-003   90.943211835850477        159.90134323302456        3.8354412675872492E-004
   2.3827537041478971E-003   90.974512728962125        159.90134732288973        3.7386220648621878E-004
   2.1568930939926548E-003   91.006302857855459        159.90140234965716        3.6389489789209029E-004
   1.9326762080225275E-003   91.037866490777645        159.90150282075226        3.5370489242945758E-004
   1.7242470139718479E-003   91.068452382452634        159.90164328380988        3.4331113847738478E-004
   1.5197108215494039E-003   91.097535124669307        159.90181867062589        3.3272839878777387E-004
   1.3165574089397569E-003   91.124720025546239        159.90202400796977        3.2199915552217506E-004
   1.1185594353897129E-003   91.149903329473375        159.90225435634542        3.1114531293523792E-004
   9.2780007867332209E-004   91.173209147021339        159.90250490205261        3.0022200608218369E-004
   7.2585323048774450E-004   91.194891625041365        159.90277100753102        2.8918867451306547E-004
   5.6561229310067454E-004   91.215347652555792        159.90304776309537        2.7819758147944564E-004
   4.0391501938071955E-004   91.234931691507867        159.90333127524747        2.6726085464994723E-004
   2.3114109407170757E-004   91.253937875840947        159.90361761578700        2.5635347822769547E-004
   7.1106553658117433E-005   91.272641523924023        159.90390258730957        2.4555842086696085E-004
  -8.4751924315472457E-005   91.291039320591679        159.90418230365995        2.3488630438865427E-004
  -2.2902263607630914E-004   91.309080847654357        159.90445298087346        2.2441152840120288E-004
  -3.8193474628366763E-004   91.326528553991906        159.90471111825903        2.1411307863385579E-004
  -5.2926051764413820E-004   91.343017933857581        159.90495300477610        2.0407407727612311E-004
  -6.5468839963761104E-004   91.358111824667461        159.90517506606997        1.9431430890947180E-004
  -7.6127947429526887E-004   91.371347973046511        159.90537426172989        1.8489550084117585E-004
  -8.4622762832546714E-004   91.382181662813508        159.90554801007627        1.7590891660043486E-004
  -9.1731110282427229E-004   91.390047258307547        159.90569425644233        1.6740280877195648E-004
  -9.7882684445921688E-004   91.394373933472949        159.90581128321338        1.5934173506791381E-004
  -9.9054402269982780E-004   91.394529092014324        159.90589760501263        1.5186209060931818E-004
  -9.6467112230891382E-004   91.390179185947545        159.90595294832437        1.4504972174495678E-004
  -9.0783581833631837E-004   91.380953307472453        159.90597795425518        1.3895921198418595E-004
  -8.2407817249866185E-004   91.366683983779296        159.90597401644484        1.3362199963037224E-004
  -6.9666825565875144E-004   91.347451202634858        159.90594318253628        1.2912416575466896E-004
  -5.8736879299817202E-004   91.323544208977722        159.90588856194802        1.2536200542051634E-004
  -4.3253880623169197E-004   91.295448349111709        159.90581282065190        1.2243800316122337E-004
  -2.5720095825225106E-004   91.263796161599686        159.90571973041210        1.2034527606078655E-004
  -7.3595066038080822E-005   91.229387004220399        159.90561356042349        1.1906918526106543E-004
   1.2887049072603227E-004   91.192954394554604        159.90549877848574        1.1862935208187668E-004
   3.2586317535756481E-004   91.155197184873700        159.90538030909732        1.1899373792473781E-004
   5.2228858272789272E-004   91.116714643047686        159.90526294106260        1.2014292102028906E-004
   7.1496057963494220E-004   91.077833007137443        159.90515144606681        1.2210191688675419E-004
   9.1604156972841162E-004   91.038712301327053        159.90505050175418        1.2485777040540497E-004
   1.1228954736204242E-003   90.999321306004774        159.90496498793968        1.2840826760565004E-004
   1.3281025173157400E-003   90.959442767086401        159.90489992236516        1.3274298613261221E-004
   1.5489754547164580E-003   90.918706093581918        159.90486027994802        1.3785106513422528E-004
   1.7607019254245071E-003   90.876691836078038        159.90485141524405        1.4372340803615627E-004
   1.9773194935640082E-003   90.832959367518910        159.90487845770488        1.5034160716967244E-004
   2.2099378353041196E-003   90.787171855604569        159.90494665438447        1.5773072234321717E-004
   2.4609012607010056E-003   90.738998918930776        159.90506164053329        1.6591592164710796E-004
   2.6951954932357761E-003   90.688335729902761        159.90522949668696        1.7484492837606746E-004
   2.9473644539469886E-003   90.635240025601163        159.90545589652720        1.8452893346657641E-004
   3.2200415934703448E-003   90.579787197758080        159.90574694835450        1.9498194955056518E-004
   3.4894956181391046E-003   90.522276678608037        159.90610925916951        2.0618987658272672E-004
   3.7623180667918470E-003   90.463132352257716        159.90654935703404        2.1816453976254300E-004
   4.0381999841060043E-003   90.402883974453019        159.90707385223359        2.3094303365780449E-004
   4.3045502119546820E-003   90.342188070798088        159.90768943015624        2.4449039076501630E-004
   4.5383036638717627E-003   90.281791740588716        159.90840254455733        2.5877071803160311E-004
   4.7501549571132406E-003   90.222552008875297        159.90921885630027        2.7375340411845843E-004
   4.9433578765689179E-003   90.165351904484837        159.91014349433669        2.8943746231543504E-004
   5.0948307721146420E-003   90.111185337530557        159.91118113494073        3.0574804676122169E-004
   5.2080734050630401E-003   90.060964142446906        159.91233544040725        3.2261143673531376E-004
   5.2861773495509927E-003   90.015556170835723        159.91360914490176        3.4000233650347911E-004
   5.3247838763767156E-003   89.976002620849101        159.91500412953499        3.5790864754596335E-004
   5.3067847089570876E-003   89.943152029589726        159.91652131600770        3.7624974134363827E-004
   5.2259616122503228E-003   89.917762403636971        159.91816025060061        3.9489176655451076E-004
   5.1019633657685432E-003   89.900452896263985        159.91991895234787        4.1377822813679180E-004
   4.9001060618810363E-003   89.891621407010462        159.92179439171377        4.3273627224667683E-004
   4.6633453210718472E-003   89.891341913173477        159.92378164562930        4.5169866808434674E-004
   4.3680322693170799E-003   89.899462843421347        159.92587494353677        4.7053243991921039E-004
   4.0281517293415626E-003   89.915531748785426        159.92806709101811        4.8908909329521417E-004
   3.6292714682528691E-003   89.938912576499774        159.93034981028953        5.0718661493373118E-004
   3.1921135406997093E-003   89.968676439213922        159.93271338788239        5.2466742382648360E-004
   2.7148545843817809E-003   90.003844270096806        159.93514717950691        5.4136502541100872E-004
   2.2238064955198292E-003   90.043520009962137        159.93763956460336        5.5714932718522244E-004
   1.6933375200509071E-003   90.086859055286695        159.94017858748924        5.7187353110130560E-004
   1.1577241596734474E-003   90.133132807420907        159.94275133240504        5.8540554940932511E-004
   6.2512134237743225E-004   90.181714186895434        159.94534475882196        5.9761606750032329E-004
   8.1584330019028703E-005   90.232016849242896        159.94794589918749        6.0837754711773372E-004
  -4.6708468962766947E-004   90.283522645851846        159.95054151929295        6.1756266683060191E-004
  -1.0079284633259286E-003   90.335571788665661        159.95311825933939        6.2506037657300052E-004
  -1.5385330155875444E-003   90.387255436124349        159.95566294948625        6.3075974647876882E-004
  -2.0348495563485940E-003   90.437529535248530        159.95816266848638        6.3463828647810066E-004
  -2.5238198917175575E-003   90.485148449836913        159.96060532958327        6.3659655662968583E-004
  -2.9678069535930434E-003   90.528687461227420        159.96297902429728        6.3667157594352887E-004
  -3.3463859088056816E-003   90.566635799368285        159.96527293928008        6.3496456556697489E-004
  -3.6681336106491646E-003   90.597664316275186        159.96747785396926        6.3154161564163349E-004
  -3.9175495321430217E-003   90.620496746771067        159.96958593206978        6.2652151197721366E-004
  -4.1128629517366237E-003   90.634098484776771        159.97159109907463        6.2009245960372469E-004
  -4.2322661855917531E-003   90.637739818846512        159.97348859830186        6.1247548378460072E-004
  -4.2852316297596546E-003   90.631079865499686        159.97527552230073        6.0383778221775636E-004
  -4.2515129040464738E-003   90.614032999617194        159.97695058241894        5.9444885970875788E-004
  -4.1509171692837065E-003   90.586849672102602        159.97851460228034        5.8456313797641184E-004
  -3.9781269973953176E-003   90.550198919038706        159.97997003522045        5.7446827770449738E-004
  -3.7533810095032724E-003   90.505045075845601        159.98132109413481        5.6435456771148761E-004
  -3.4641741989093217E-003   90.452476380258560        159.98257325850807        5.5453135062506970E-004
  -3.1556717968972744E-003   90.393766194625584        159.98373357895832        5.4509874604828190E-004
  -2.7876018986175547E-003   90.330341692984064        159.98480957683921        5.3625891883108388E-004
  -2.4025783272956448E-003   90.263735198223742        159.98581022535572        5.2811133796550774E-004
  -2.0213542982175747E-003   90.195552049199392        159.98674491165681        5.2072246393905627E-004
  -1.6238642252291539E-003   90.127391778761861        159.98762293048893        5.1415143621594912E-004
  -1.2239999491203350E-003   90.060835183938863        159.98845397323603        5.0843173042074792E-004
  -8.4789632889132845E-004   89.997411820879861        159.98924778990974        5.0354441147158096E-004
  -4.9473088573431247E-004   89.938543459666931        159.99001355183614        4.9946177661490854E-004
  -1.6794944607771502E-004   89.885463137577517        159.99075987088057        4.9614421720364430E-004
   1.1492970503003511E-004   89.839230999663613        159.99149471638358        4.9354719979118793E-004
   3.6001788403778522E-004   89.800630622182638        159.99222498753548        4.9160032577629106E-004
   5.6873988008383498E-004   89.770286875234461        159.99295666261321        4.9026245718207496E-004
   7.2286221067604118E-004   89.748546111909647        159.99369483321055        4.8940070057947927E-004
   8.2362789811434034E-004   89.735546106897075        159.99444325982711        4.8895240117377602E-004
   8.8700445739022850E-004   89.731222496288538        159.99520440242756        4.8881538020294777E-004
   9.0069965390818880E-004   89.735313771604538        159.99597980923662        4.8893015738721822E-004
   8.5688350654274570E-004   89.747445893511056        159.99676981721936        4.8918588380435116E-004
   7.9710507728341024E-004   89.767021649374698        159.99757336089013        4.8954952150012383E-004
   6.8673248204712174E-004   89.793270444319262        159.99838898520912        4.8992098579456634E-004
   5.5123108761337999E-004   89.825326200742040        159.99921400108360        4.9023695327583990E-004
   3.9578103661827617E-004   89.862203925274400        160.00004510626414        4.9045476790167885E-004
   2.3007847141215900E-004   89.902876896255151        160.00087851173660        4.9054481858186937E-004
   4.5566895370817742E-005   89.946285395022386        160.00171017789339        4.9045276865433576E-004
  -1.4612607570782627E-004   89.991470443842971        160.00253560567612        4.9018618287523079E-004
  -3.3203467306816906E-004   90.037502731714980        160.00335011992829        4.8974933315549965E-004
  -5.2425148177431976E-004   90.083665986152909        160.00414918639305        4.8914217069921293E-004
  -6.9719997948032445E-004   90.129246103806565        160.00492811629857        4.8838201156339866E-004
  -8.5472792597996827E-004   90.173560102532193        160.00568268972702        4.8752717005748965E-004
  -9.9066174545392937E-004   90.215857205059308        160.00640906224751        4.8663064584290655E-004
  -1.1176375131569881E-003   90.255360131465096        160.00710391543598        4.8572051140957146E-004
  -1.2087308932899920E-003   90.291126327199265        160.00776414908873        4.8487445776061397E-004
  -1.2498578309103104E-003   90.322086919598320        160.00838753741718        4.8420905639073034E-004
  -1.2596731018778254E-003   90.347180610756837        160.00897307266860        4.8375939771279054E-004
  -1.2299262556243983E-003   90.365425127118286        160.00952051011643        4.8358042331671610E-004
  -1.1541046130848160E-003   90.375850248528934        160.01003056987705        4.8369734666404556E-004
  -1.0159545036498741E-003   90.377844101075596        160.01050509543902        4.8423991193572845E-004
  -8.0588909996121016E-004   90.370971724150507        160.01094744993995        4.8528529482705205E-004
  -5.4644049804245985E-004   90.355183591327020        160.01136274984324        4.8682919627745787E-004
  -2.3805342573352580E-004   90.330754487167894        160.01175731584200        4.8893904784063117E-004
   1.1037536563914758E-004   90.298271129864489        160.01213866174828        4.9159827948046274E-004
   5.0439439132875317E-004   90.258576505765291        160.01251527740231        4.9479121999858029E-004
   9.1468884407647200E-004   90.212840424757374        160.01289676427476        4.9844871083238728E-004
   1.3634505634194897E-003   90.162271298290378        160.01329312056370        5.0253070807100293E-004
   1.8260821134114809E-003   90.108132843270695        160.01371528215077        5.0695636204652820E-004
   2.2762163262570697E-003   90.051661100659800        160.01417452301442        5.1157072311728852E-004
   2.7318462934044960E-003   89.994003413963682        160.01468181208176        5.1626035924198311E-004
   3.1838183580807570E-003   89.936308711909689        160.01524825241236        5.2099996896974056E-004
   3.6198733942398725E-003   89.879597037363993        160.01588485803282        5.2568314575162668E-004
   4.0508648614763750E-003   89.824779758234385        160.01660225469425        5.3023419493819740E-004
   4.4356132556677566E-003   89.772805666431879        160.01741094473581        5.3453006537930849E-004
   4.8175664079428216E-003   89.724703317444678        160.01832030395323        5.3856686432994007E-004
   5.1300689302238691E-003   89.681364389010881        160.01933964034620        5.4221991425761930E-004
   5.4044949070943425E-003   89.643841984577790        160.02047656922997        5.4543614897536801E-004
   5.6374726635190445E-003   89.613085989696941        160.02173777851212        5.4819621648990275E-004
   5.7913918095739859E-003   89.590040288835851        160.02312894599854        5.5038377775127028E-004
   5.8815425847525945E-003   89.575614417259118        160.02465382291533        5.5196002999234812E-004
   5.9128184319986810E-003   89.570575749049354        160.02631460693306        5.5291436406168070E-004
   5.8636491165921303E-003   89.575552221448717        160.02811206097422        5.5316244467737571E-004
   5.7507407753449018E-003   89.591082223103029        160.03004498729229        5.5267705530770038E-004
   5.5637847515210264E-003   89.617490565458084        160.03211063436572        5.5143486603623085E-004
   5.2948249513464461E-003   89.655024255147381        160.03430444566084        5.4933924790595491E-004
   4.9545649753445810E-003   89.703678841078172        160.03661986553382        5.4634267194774561E-004
   4.5446794540438514E-003   89.763328052167921        160.03904859997257        5.4240355021955666E-004
   4.0578545965959814E-003   89.833639347908758        160.04158065752441        5.3749024251809171E-004
   3.5132655900997054E-003   89.914187084070278        160.04420417049747        5.3155003864331998E-004
   2.8953864624550211E-003   90.004520309198668        160.04690586206604        5.2452765853261353E-004
   2.2413696700250988E-003   90.104055379613527        160.04967066799509        5.1639670327440813E-004
   1.5192969770474066E-003   90.212135825465410        160.05248264179485        5.0708089581910014E-004
   7.5755710787589090E-004   90.328046921262811        160.05532417622763        4.9652202866191681E-004
  -4.1499508109949274E-005   90.450850612997144        160.05817669597909        4.8465394322795400E-004
  -8.5729097780465281E-004   90.579328023047509        160.06102071475669        4.7145345520949693E-004
  -1.7123778750949045E-003   90.712024117634741        160.06383633682813        4.5686417569031719E-004
  -2.5559666589067241E-003   90.847264089827064        160.06660270670494        4.4084392945722587E-004
  -3.3884400768003221E-003   90.983237385379141        160.06929924860961        4.2336013791915603E-004
  -4.1912406686472371E-003   91.117896858468626        160.07190565678090        4.0446646913712815E-004
  -4.9570251186085981E-003   91.249294517195295        160.07440234828906        3.8417380203353678E-004
  -5.6907449945535014E-003   91.375560819789101        160.07677064256526        3.6248978300599242E-004
  -6.3433767413670853E-003   91.495079516962136        160.07899264049510        3.3952988058852276E-004
  -6.9408965120475790E-003   91.606432354944246        160.08105242070380        3.1531581282315539E-004
  -7.4560192277356311E-003   91.708587037467140        160.08293540596335        2.8994664557638545E-004
  -7.8941041674190759E-003   91.800828072576962        160.08462902914903        2.6355049045681669E-004
  -8.2572325516935413E-003   91.882750787583973        160.08612260282882        2.3623255260464153E-004
  -8.5306559946532867E-003   91.954156751227970        160.08740726849649        2.0810540890557315E-004
  -8.7306904521940055E-003   92.015074136312577        160.08847635696620        1.7928560932883826E-004
  -8.8315672002301868E-003   92.065673002082519        160.08932498963682        1.4994058552809060E-004
  -8.8425933641770055E-003   92.106235588096425        160.08995070808533        1.2023175021845400E-004
  -8.7875907247579564E-003   92.136989702213825        160.09035324743965        9.0283692342030687E-005
  -8.6529497111487615E-003   92.158167542007845        160.09053395442209        6.0219473580466998E-005
  -8.4225544745712162E-003   92.169955331356505        160.09049611999268        3.0238354557844497E-005
  -8.1267701536235585E-003   92.172578660857056        160.09024537286231        4.7138982800545500E-007
  -7.7464729307542522E-003   92.166187907965650        160.08978893858890       -2.8897341694343279E-005
  -7.3031902706713996E-003   92.150978377086403        160.08913610588448       -5.7677912818556687E-005
  -6.7789437340612440E-003   92.127114068764868        160.08829770141708       -8.5717852564808674E-005
  -6.1894921131828498E-003   92.094835248896160        160.08728652902366       -1.1283382513663381E-004
  -5.5387958913390373E-003   92.054471478388294        160.08611698527088       -1.3886088060884063E-004
  -4.8174428219271937E-003   92.006392399949931        160.08480496176085       -1.6360320552718946E-004
  -4.0552311408659546E-003   91.951072918582923        160.08336807521405       -1.8693161711978118E-004
  -3.2337363787472801E-003   91.889027733236915        160.08182493968079       -2.0869011283215346E-004
  -2.3671977297847441E-003   91.821023829604897        160.08019561597098       -2.2865879343549796E-004
  -1.4793171333778274E-003   91.747859776668662        160.07850126447917       -2.4671980682002432E-004
  -5.5055060203165068E-004   91.670477851984458        160.07676356540253       -2.6269946025033689E-004
   3.7517423300518772E-004   91.589953861090393        160.07500519541952       -2.7647125644133060E-004
   1.3218563003684250E-003   91.507398897340167        160.07324875615092       -2.8791781232865833E-004
   2.2560170216613050E-003   91.424077165520814        160.07151735916781       -2.9696958027265410E-004
   3.1811430127614625E-003   91.341320568691913        160.06983380871313       -3.0351308158869147E-004
   4.0825553245420155E-003   91.260397895474853        160.06822068716090       -3.0750000240877993E-004
   4.9417944356931970E-003   91.182533147452972        160.06669999639919       -3.0890925508899561E-004
   5.7454747430706089E-003   91.108888694495874        160.06529270789324       -3.0773623496448143E-004
   6.5160169863623550E-003   91.040466277659220        160.06401843495493       -3.0398742554596747E-004
   7.2320420132082472E-003   90.978101204551294        160.06289598034579       -2.9766175117496507E-004
   7.8775391578582606E-003   90.922456567903595        160.06194281556131       -2.8884819444333960E-004
   8.4704770991021472E-003   90.874006749194308        160.06117468955699       -2.7757767121424037E-004
   9.0005305847162421E-003   90.833148612089872        160.06060606702621       -2.6390849757887457E-004
   9.4522220782931911E-003   90.800083409117860        160.06024987683557       -2.4797211931437961E-004
   9.8300301419066496E-003   90.774955188413443        160.06011713465173       -2.2991746798195283E-004
   1.0136029283007959E-002   90.758035633140508        160.06021705332373       -2.0985707530285665E-004
   1.0361537731894544E-002   90.749391388856466        160.06055709259724       -1.8792761871467686E-004
   1.0510134294276163E-002   90.749266819329520        160.06114274762001       -1.6429898028958475E-004
   1.0575167001338958E-002   90.757776619373146        160.06197763652219       -1.3910778578642610E-004
   1.0544188598253446E-002   90.775072525774860        160.06306333976607       -1.1259227149494086E-004
   1.0440994480655795E-002   90.801115803853691        160.06439909585922       -8.4897074305876905E-005
   1.0270858631046589E-002   90.835760805432187        160.06598238050776       -5.6178902691739740E-005
   1.0019148839804259E-002   90.878660645548777        160.06780903871527       -2.6598746068671816E-005
   9.6927258848414338E-003   90.929463570663046        160.06987292555496        3.6409384735292989E-006
   9.2958076782349245E-003   90.987641100811061        160.07216607457400        3.4348771088832736E-005
   8.8428582323546185E-003   91.052491525207159        160.07467880012152        6.5333573320070163E-005
   8.3436951424396902E-003   91.123127066290749        160.07740005168148        9.6408567997296674E-005
   7.7935788215687547E-003   91.198636686506958        160.08031765293489        1.2743188006028968E-004
   7.2364666753308412E-003   91.277826398675288        160.08341818572941        1.5830366589359994E-004
   6.6473970923635866E-003   91.359371745554185        160.08668806240192        1.8887874643938111E-004
   6.0374454057019510E-003   91.441679416807830        160.09011291616591        2.1905760123404911E-004
   5.4229408123611612E-003   91.522965933903933        160.09367787114948        2.4871329829007376E-004
   4.8390490118033324E-003   91.601400843954622        160.09736794094579        2.7784073599160502E-004
   4.2756732692663009E-003   91.674980941160243        160.10116888580342        3.0635418029680169E-004
   3.7384482798278125E-003   91.741826976351589        160.10506696683004        3.3426764533386286E-004
   3.2431887676364858E-003   91.800205006238841        160.10904908214999        3.6153983961069821E-004
   2.8005335791810083E-003   91.848639760566854        160.11310315270896        3.8819612970275060E-004
   2.4296406785877175E-003   91.885960267748885        160.11721838247558        4.1433002356720789E-004
   2.1065716708956843E-003   91.911489344570683        160.12138572491429        4.3991760261599845E-004
   1.8570739619845507E-003   91.924784596894540        160.12559729924067        4.6504074627380865E-004
   1.6669752811561535E-003   91.926010190692395        160.12984701894376        4.8975135801531148E-004
   1.5420870421979211E-003   91.915695352116302        160.13413024510533        5.1406890863846678E-004
   1.4592460544700498E-003   91.894706852516890        160.13844392958498        5.3800369018964947E-004
   1.4382274066962856E-003   91.864276421334424        160.14278604953003        5.6160101516923035E-004
   1.4338916666654104E-003   91.825894406335109        160.14715608924789        5.8479478533649584E-004
   1.4814934883735776E-003   91.781190575121059        160.15155393863216        6.0761786601057886E-004
   1.5320990937973870E-003   91.732058614948798        160.15598075487705        6.2998016032419710E-004
   1.5805279569266219E-003   91.680360160214917        160.16043776749166        6.5173290178853959E-004
   1.6381797680817003E-003   91.627985013425359        160.16492615227051        6.7278853350081851E-004
   1.6692984211529819E-003   91.576704784287159        160.16944731013606        6.9300451082077847E-004
   1.6649610528488477E-003   91.528075829430847        160.17400199259620        7.1221950053669200E-004
   1.6469267569280963E-003   91.483492954015503        160.17859008639584        7.3027116751945024E-004
   1.5884936607756998E-003   91.444038379333463        160.18321114338963        7.4701632060584491E-004
   1.5066821750245396E-003   91.410578779768684        160.18786372933360        7.6233925715014786E-004
   1.3585154124930558E-003   91.383784992009154        160.19254584008863        7.7606830184209796E-004
   1.1783913040422994E-003   91.364105195948611        160.19725385076057        7.8806753894048744E-004
   9.5170375319529078E-004   91.351792974338338        160.20198335667112        7.9823182688198459E-004
   6.7995740955708152E-004   91.346702563507506        160.20672881761868        8.0643473270902450E-004
   3.8363165978428130E-004   91.348431129793568        160.21148359330576        8.1264929131481562E-004
   1.9873780344958553E-005   91.356128828201875        160.21624044284098        8.1677041810498583E-004
  -3.3509805456978932E-004   91.368624321682233        160.22099047911533        8.1887048611936771E-004
  -7.0897370233518166E-004   91.384630631647326        160.22572503002107        8.1903115924070690E-004
  -1.1054923065623339E-003   91.402794936685453        160.23043496223821        8.1726284859577364E-004
  -1.4845721793870141E-003   91.421896049248915        160.23511058919723        8.1365295028088024E-004
  -1.8518609786875098E-003   91.440938333603725        160.23974265123331        8.0836320358278885E-004
  -2.2264790405947489E-003   91.459096563048178        160.24432217735406        8.0150024008296915E-004
  -2.5865747946536865E-003   91.475797578219257        160.24884001759685        7.9324156119570870E-004
  -2.9379297667134867E-003   91.490582529317010        160.25328737802488        7.8372046004375646E-004
  -3.2606142964767713E-003   91.503131663349535        160.25765567871960        7.7317902325944236E-004
  -3.5668955980530598E-003   91.513279755937859        160.26193704093615        7.6177204481050153E-004
  -3.8570699427963968E-003   91.521035892840231        160.26612398817804        7.4971637402769270E-004
  -4.1338999891298083E-003   91.526572622458644        160.27020943835927        7.3715226620472963E-004
  -4.3815886232934616E-003   91.530289514396699        160.27418663600466        7.2427466416497748E-004
  -4.6316710893146993E-003   91.532766156615267        160.27804954014732        7.1115369578885607E-004
  -4.8660785564083016E-003   91.534632705528722        160.28179205142087        6.9792609126147600E-004
  -5.0905635861850538E-003   91.536723675040065        160.28540845486143        6.8469366710748525E-004
  -5.3106618890881802E-003   91.539876269421057        160.28889327886699        6.7153506531933687E-004
  -5.5298087158802004E-003   91.544777486549435        160.29224115912882        6.5852707947705786E-004
  -5.7502556489579856E-003   91.551961385934362        160.29544675386720        6.4571670940539495E-004
  -5.9805097964510312E-003   91.561803878332896        160.29850468746119        6.3310411018298600E-004
  -6.2145053042572413E-003   91.574440741006129        160.30140934382106        6.2066687251734654E-004
  -6.4374610968048014E-003   91.589757209268200        160.30415501437372        6.0845782407520062E-004
  -6.6592727050863209E-003   91.607438668883148        160.30673625863633        5.9645536028704322E-004
  -6.8872489272980295E-003   91.626958965291735        160.30914766248358        5.8462657045679235E-004
  -7.0885093713964975E-003   91.647600949728087        160.31138365766233        5.7297815315768177E-004
  -7.2652294105492168E-003   91.668697395848525        160.31343932866994        5.6151785253316666E-004
  -7.4357108906325043E-003   91.689499366428336        160.31531035952489        5.5017363851248360E-004
  -7.5792562814807575E-003   91.709226607122361        160.31699258340157        5.3898224456540430E-004
  -7.7089258657529885E-003   91.727246580594766        160.31848249049293        5.2791678740428036E-004
  -7.8012891795697205E-003   91.742990631628771        160.31977690870818        5.1697380922783123E-004
  -7.8740842001559959E-003   91.756107722558440        160.32087357650764        5.0611018854133374E-004
  -7.9094629867024237E-003   91.766400478934699        160.32177071170952        4.9536266077334203E-004
  -7.9026470555937939E-003   91.773827844331578        160.32246744514725        4.8475377823527921E-004
  -7.8651967980251439E-003   91.778521071822595        160.32296394013861        4.7429936269871093E-004
  -7.8006100286786726E-003   91.780888747471209        160.32326110782552        4.6401742765130223E-004
  -7.6993698663189751E-003   91.781381272755041        160.32336052409417        4.5391440926748533E-004
  -7.6061318638205120E-003   91.780495849792814        160.32326466161931        4.4394652473616893E-004
  -7.4884272422914341E-003   91.778817032073647        160.32297579636747        4.3413077712737343E-004
  -7.3512416604653106E-003   91.776892998389570        160.32249680320027        4.2445760988950868E-004
  -7.2144548501412303E-003   91.775361288796248        160.32183103510965        4.1485811662918015E-004
  -7.0615555300892309E-003   91.774811995050243        160.32098183712586        4.0531085033404833E-004
  -6.8970517593402907E-003   91.775754541989400        160.31995295110815        3.9577896829980427E-004
  -6.7366253042915030E-003   91.778609576132823        160.31874840452096        3.8614549787712176E-004
  -6.5679836680469133E-003   91.783689825735749        160.31737212776133        3.7633130219879175E-004
  -6.4174659434066495E-003   91.790936490443599        160.31582825573750        3.6616712234807100E-004
  -6.2588198058506029E-003   91.800090503541867        160.31412048110306        3.5554813282394365E-004
  -6.0913177539376421E-003   91.810626626176742        160.31225269928740        3.4437296110128364E-004
  -5.9072587563331145E-003   91.821905666545021        160.31022902630465        3.3258586286192827E-004
  -5.7320404171728474E-003   91.833111287921838        160.30805398658208        3.2009244969441355E-004
  -5.5354113475133120E-003   91.843449133771188        160.30573189010366        3.0680720339400133E-004
  -5.3159074419011458E-003   91.852199950732015        160.30326757222596        2.9271144523746389E-004
  -5.0854403046944390E-003   91.858786176489076        160.30066642957550        2.7775310425893807E-004
  -4.8198280302780405E-003   91.862863469872295        160.29793412841727        2.6199165043072436E-004
  -4.5463856334390347E-003   91.864270818493736        160.29507719475382        2.4537390347599135E-004
  -4.2385555049859998E-003   91.863050030436781        160.29210234607487        2.2799131309721781E-004
  -3.9237210153606648E-003   91.859304835459085        160.28901713941585        2.0990188234729375E-004
  -3.5864469746078524E-003   91.853264092228713        160.28582930145208        1.9116262972717176E-004
  -3.2414027428106715E-003   91.845268484917625        160.28254710516612        1.7185732571279767E-004
  -2.8679316569557214E-003   91.835560735807562        160.27917901033956        1.5209830868575351E-004
  -2.5061351512786247E-003   91.824479736194405        160.27573416776121        1.3195333344654027E-004
  -2.1459303822418054E-003   91.812500684900058        160.27222143837824        1.1151723301186621E-004
  -1.7775598994004859E-003   91.800083278644266        160.26864964112971        9.0893468103477433E-005
  -1.3982645829896383E-003   91.787756169104753        160.26502779091524        7.0233316824365479E-005
  -1.0347930085677071E-003   91.776054318218357        160.26136516491636        4.9642851957868833E-005
  -6.6670941227916895E-004   91.765487282745269        160.25767064842944        2.9278226544205124E-005
  -3.3621637484041784E-004   91.756628174365403        160.25395323561253        9.2364805620338864E-006
  -1.0618433138785325E-005   91.749782974118688        160.25022099790934       -1.0365127418526361E-005
   2.8561571208965810E-004   91.745139907925676        160.24648188252436       -2.9425618650913016E-005
   5.7902712717395948E-004   91.742736099389390        160.24274311662825       -4.7836878764600374E-005
   8.5520243762005619E-004   91.742407703602112        160.23901185514680       -6.5462169586801841E-005
   1.1224846297947578E-003   91.743786392924676        160.23529482899838       -8.2251949690868368E-005
   1.3664537055223178E-003   91.746446672745606        160.23159854819551       -9.8139833394554596E-005
   1.5931835571973041E-003   91.749866987255274        160.22792895077785       -1.1307045701756305E-004
   1.8312506174650465E-003   91.753426584596781        160.22429155178511       -1.2698332983037726E-004
   2.0695582511703662E-003   91.756584580299389        160.22069214162420       -1.3979746155032253E-004
   2.2943312114854491E-003   91.758921831189312        160.21713651491510       -1.5153511319711569E-004
   2.5205337796418226E-003   91.760095758943052        160.21363013533062       -1.6222366489184709E-004
   2.7397143810941570E-003   91.759939228171476        160.21017850320411       -1.7189985861823366E-004
   2.9601107262902573E-003   91.758405217953424        160.20678694712353       -1.8054671883688895E-004
   3.2035365296840816E-003   91.755553593531644        160.20346082553931       -1.8817105171973556E-004
   3.4107001648307359E-003   91.751510231038196        160.20020606182209       -1.9491823679106108E-004
   3.6171687209730656E-003   91.746529273042270        160.19702769612903       -2.0083719923107986E-004
   3.8178562878613907E-003   91.740998112721229        160.19393075490754       -2.0598557251926849E-004
   4.0128592184754926E-003   91.735373274790760        160.19092012415604       -2.1042686442436289E-004
   4.1987197621699219E-003   91.730238466579507        160.18800055465135       -2.1425289191076620E-004
   4.3388042594607696E-003   91.726322081641953        160.18517657681272       -2.1755920639214538E-004
   4.4514950580600105E-003   91.724500020724804        160.18245160637380       -2.2036717716103518E-004
   4.5408966425339922E-003   91.725781133892312        160.17982839081262       -2.2276094427279937E-004
   4.5894827764167909E-003   91.731163357010203        160.17730911205658       -2.2479938938769445E-004
   4.5947711358598920E-003   91.741668059203732        160.17489495740031       -2.2653004438344884E-004
   4.5438554982273546E-003   91.758071713503824        160.17258605926068       -2.2804637965279163E-004
   4.4529873638542950E-003   91.781024036654856        160.17038117852482       -2.2937015051573782E-004
   4.2932076424412628E-003   91.810798658578861        160.16827810149627       -2.3055675540334332E-004
   4.0907645875445670E-003   91.847404458961563        160.16627293134215       -2.3159480998052951E-004
   3.8421618269444129E-003   91.890402128296529        160.16436073035990       -2.3252822172317527E-004
   3.5824652537057200E-003   91.939091939146522        160.16253543334889       -2.3326081892783489E-004
   3.2779279638518841E-003   91.992560823380828        160.16079070478301       -2.3381188850593839E-004
   2.9587434849682025E-003   92.049551658564283        160.15911911285528       -2.3410613894681750E-004
   2.5974229561319248E-003   92.108761095583461        160.15751286688570       -2.3415168522313972E-004
   2.2520390054117990E-003   92.168776216025805        160.15596314513309       -2.3380820950080549E-004
   1.8892895364986863E-003   92.228067696274564        160.15446151430925       -2.3308469279615206E-004
   1.5464817773706730E-003   92.285038344880192        160.15299911524752       -2.3187272713779525E-004
   1.2243776305867966E-003   92.338160217612128        160.15156757460161       -2.3008341913159316E-004
   9.4330153363288551E-004   92.385896844180664        160.15015902275357       -2.2758695526877191E-004
   6.9462966541400004E-004   92.426852426877559        160.14876659051527       -2.2429581530826148E-004
   4.9596927185357987E-004   92.459771163954144        160.14738419878745       -2.2011270425202617E-004
   3.5188773270064164E-004   92.483578941328034        160.14600698870052       -2.1488808163096861E-004
   2.6322545711671033E-004   92.497589439118300        160.14463143372154       -2.0850802663833465E-004
   2.2426652581677403E-004   92.501328884540087        160.14325535994320       -2.0089787305702436E-004
   2.3938035568416002E-004   92.494783024883048        160.14187780829693       -1.9196909114697474E-004
   3.3147307137389403E-004   92.478213901764320        160.14049913908403       -1.8154759726590611E-004
   4.6556070117339377E-004   92.452301453205905        160.13912159041911       -1.6958547466496752E-004
   6.3981753789020123E-004   92.417896906358706        160.13774842691791       -1.5608815604927734E-004
   8.5532927967680173E-004   92.376211355187507        160.13638389234691       -1.4099397032689233E-004
   1.0956573273884441E-003   92.328534899924463        160.13503323748697       -1.2434976592294532E-004
   1.3467504412971339E-003   92.276216499040970        160.13370231854691       -1.0619677353128507E-004
   1.6188760737609910E-003   92.220634597231751        160.13239725408459       -8.6600086109640229E-005
   1.8862515668035408E-003   92.163065156203587        160.13112467334048       -6.5672892974197195E-005
   2.1591381148547781E-003   92.104646198740781        160.12989108899924       -4.3509181582882844E-005
   2.4241569708278892E-003   92.046378907818834        160.12870314699947       -2.0261576624529949E-005
   2.6795365188283017E-003   91.988974915945292        160.12756729882253        3.9246139298779570E-006
   2.9149647028914997E-003   91.933102323289305        160.12648975948952        2.8835384444010732E-005
   3.1332295334992920E-003   91.879355343324633        160.12547625488409        5.4311432756271013E-005
   3.3178289373404163E-003   91.828324950576032        160.12453209090003        8.0128100249355112E-005
   3.4964760172758120E-003   91.780507619251424        160.12366174937861        1.0616010150344293E-004
   3.6244552422748520E-003   91.736317395572598        160.12286956566899        1.3213679524139930E-004
   3.7332924059328551E-003   91.695989609251626        160.12215863741366        1.5789916467877699E-004
   3.8097425483076385E-003   91.659727792313703        160.12153159441763        1.8322632145947090E-004
   3.8416398760446452E-003   91.627428082311965        160.12099027520017        2.0790375525255598E-004
   3.8600245127898484E-003   91.598838169569007        160.12053543008514        2.3184169829356578E-004
   3.8641618817695715E-003   91.573529639229605        160.12016748027921        2.5491000912569869E-004
   3.8140800993861192E-003   91.550998315947396        160.11988649915853        2.7694871557255223E-004
   3.7502219040002160E-003   91.530668392537549        160.11969123761426        2.9785236039249084E-004
   3.6905393162291345E-003   91.511899723641847        160.11958011239804        3.1759175719714514E-004
   3.5931566179869005E-003   91.494120000644614        160.11955164504366        3.3611906417029420E-004
   3.4907765179867500E-003   91.476920595294430        160.11960343940532        3.5345102239377999E-004
   3.3708784451912913E-003   91.459833544038275        160.11973298073320        3.6957175638255394E-004
   3.2424191318408068E-003   91.442633309947439        160.11993732905697        3.8453127372448017E-004
   3.1071372021362299E-003   91.425177164005163        160.12021334016671        3.9835667592317154E-004
   2.9769450908068880E-003   91.407352119154183        160.12055770650923        4.1116571192915708E-004
   2.8362291228442083E-003   91.389056119766337        160.12096724750859        4.2301187109501729E-004
   2.6916454653341101E-003   91.370234114246912        160.12143852774122        4.3395437641321360E-004
   2.5501623737368604E-003   91.350793471735756        160.12196801978970        4.4409180516345959E-004
   2.3995528761717750E-003   91.330572463830833        160.12255227572408        4.5351081606090924E-004
   2.2597551452024239E-003   91.309507039398966        160.12318762524293        4.6227209214637615E-004
   2.1159402178002763E-003   91.287548163718256        160.12387066343607        4.7042206399732487E-004
   1.9584220132553621E-003   91.264700310411300        160.12459788901137        4.7801013481348569E-004
   1.8134224399343807E-003   91.241120052298470        160.12536546571479        4.8508369251053256E-004
   1.6486738911337510E-003   91.217091731890989        160.12616986425252        4.9168895022400961E-004
   1.4832460179796539E-003   91.192964347345836        160.12700707287749        4.9784028561806288E-004
   1.2997992754709537E-003   91.169301949548526        160.12787306294757        5.0357053222359945E-004
   1.1062592080292994E-003   91.146702002072772        160.12876336600038        5.0889200321683440E-004
   8.9120790401345479E-004   91.125924691273170        160.12967326724979        5.1375176610071022E-004
   6.6771403298702438E-004   91.107832908236233        160.13059752595771        5.1815013188814319E-004
   4.1914929886755815E-004   91.093190001128576        160.13153069565280        5.2205989840225738E-004
   1.3962236390696755E-004   91.082719183040624        160.13246671754794        5.2545405870749965E-004
  -1.4618660670126670E-004   91.076917706442487        160.13339877516225        5.2832510989696865E-004
  -4.6661467751030032E-004   91.075995390424595        160.13431989861502        5.3061382153028215E-004
  -8.1561490451861906E-004   91.079710708945086        160.13522227216325        5.3228795826736931E-004
  -1.1714131762787538E-003   91.087417773711621        160.13609738087172        5.3338289014586153E-004
  -1.5293585239439741E-003   91.098028010522413        160.13693654291743        5.3386741219188830E-004
  -1.8936079051972733E-003   91.110214703831474        160.13773102248376        5.3372780387846489E-004
  -2.2445303854136890E-003   91.122420964872148        160.13847192914912        5.3300669764836295E-004
  -2.5750827871067299E-003   91.133154820793365        160.13915069584729        5.3171111617589923E-004
  -2.8793357977800189E-003   91.140955828787099        160.13975925171562        5.2989975287195902E-004
  -3.1575123666254313E-003   91.144622331036715        160.14029016660689        5.2754579827039676E-004
  -3.3901440676211889E-003   91.143057112010283        160.14073664583989        5.2470288867574448E-004
  -3.5759355927865891E-003   91.135382521462418        160.14109300554273        5.2141839352794726E-004
  -3.7182923578882206E-003   91.120836056465166        160.14135470444828        5.1769294322655940E-004
  -3.7954942887757463E-003   91.098968547756542        160.14151826125536        5.1358278749303373E-004
  -3.8307326473526093E-003   91.069458502384549        160.14158178533708        5.0909174922862872E-004
  -3.8041570638833698E-003   91.032176731652669        160.14154441064775        5.0426225403602681E-004
  -3.7305797816202220E-003   90.987200065939206        160.14140678008030        4.9913257893053221E-004
  -3.6133090042257472E-003   90.934843530747742        160.14117068418301        4.9375284961417749E-004
  -3.4495439012062409E-003   90.875584164747920        160.14083898010909        4.8817971230996935E-004
  -3.2404643777008582E-003   90.810125202738973        160.14041566098572        4.8247092870110526E-004
  -2.9996134169664856E-003   90.739515032381803        160.13990582696104        4.7667329292333353E-004
  -2.7234733516603789E-003   90.664924962574958        160.13931535452937        4.7081861205771811E-004
  -2.4424660384086885E-003   90.587666674372500        160.13865098219730        4.6495783568065261E-004
  -2.1407194991803825E-003   90.509148182643500        160.13791956751484        4.5913881999451521E-004
  -1.8220351292801867E-003   90.430791995792930        160.13712847578725        4.5342870781815535E-004
  -1.5303312992485405E-003   90.353796876062432        160.13628548661555        4.4776616980385744E-004
  -1.2384743843649399E-003   90.279167810800715        160.13539772123579        4.4215237150871915E-004
  -9.5465149121376155E-004   90.207628872507442        160.13447230618161        4.3659540453286729E-004
  -6.9356525811509781E-004   90.139498508580616        160.13351617261856        4.3106777458059263E-004
  -4.4070703704867455E-004   90.075004205987682        160.13253569903426        4.2557145759008092E-004
  -1.9494754155908954E-004   90.014126921341528        160.13153706375860        4.2008942958466153E-004
   1.9386944447031693E-005   89.956740761339987        160.13052627275394        4.1457716069572876E-004
   2.1705406872441413E-004   89.902839861694957        160.12950856668343        4.0898464579165983E-004
   3.9306144537415698E-004   89.852466759509710        160.12848878009331        4.0327514562998705E-004
   5.3945479169334465E-004   89.805723153274698        160.12747121956775        3.9740495861565150E-004
   6.7052154968606141E-004   89.762812165615813        160.12645946982877        3.9137534582375804E-004
   7.9363223428019481E-004   89.724034190343801        160.12545674280659        3.8523618046043729E-004
   8.8367823609498389E-004   89.689702156072954        160.12446605692776        3.7892898979433298E-004
   9.3377372216654417E-004   89.660155985479761        160.12348962350006        3.7243189787067798E-004
   9.5146886941887773E-004   89.635643274297337        160.12252867884399        3.6579761581240363E-004
   9.4893606551102190E-004   89.616416825478296        160.12158366822214        3.5906592711255458E-004
   9.0868353462768617E-004   89.602539582305241        160.12065454303288        3.5224768413814477E-004
   8.2610217824188891E-004   89.593942481396923        160.11974033425480        3.4535412975913153E-004
   7.2825866906781425E-004   89.590470169965158        160.11883903858242        3.3846108318103440E-004
   5.9877449858101713E-004   89.591874221756939        160.11794827956751        3.3158441759992860E-004
   4.3190835424000294E-004   89.597647699889663        160.11706490721483        3.2475542072660994E-004
   2.5174900544734977E-004   89.607177015688279        160.11618485873012        3.1806180332608742E-004
   5.8667635757911837E-005   89.619861861208904        160.11530374622660        3.1156435971767276E-004
  -1.4542288979988281E-004   89.635107372988642        160.11441686631662        3.0531123339864216E-004
  -3.5432396792112029E-004   89.652373827534007        160.11351924637765        2.9938907364392608E-004
  -5.6753775296840042E-004   89.671184430488381        160.11260579547721        2.9384580936587097E-004
  -7.8995906192633712E-004   89.691305133487603        160.11167131755056        2.8869813419607162E-004
  -1.0241831285960703E-003   89.712614173068104        160.11071039067028        2.8397871330618050E-004
  -1.2477494333672809E-003   89.735175168755077        160.10971730407280        2.7968189041419035E-004
  -1.4843507301068959E-003   89.759237690091652        160.10868660672114        2.7581084273542271E-004
  -1.7303703245561727E-003   89.784984185541688        160.10761252775728        2.7230052091080684E-004
  -1.9623958661829891E-003   89.812738557917996        160.10648906588881        2.6918560931394448E-004
  -2.2198127620334999E-003   89.842616585135247        160.10531056117645        2.6634249901548522E-004
  -2.4641695048711353E-003   89.874608639149216        160.10407073157171        2.6372453848159613E-004
  -2.7105075899851020E-003   89.908453225000784        160.10276361295769        2.6124294454414197E-004
  -2.9582714425580459E-003   89.943709635084630        160.10138319136516        2.5875842284765158E-004
  -3.2060169735023299E-003   89.979798237772428        160.09992341710912        2.5616074247828075E-004
  -3.4254913260410615E-003   90.015938609981632        160.09837824037501        2.5333525641660739E-004
  -3.6400702468218603E-003   90.051315687081953        160.09674230067276        2.5014492104884011E-004
  -3.8147432057180899E-003   90.085067932518740        160.09501035510593        2.4650407214296438E-004
  -3.9581316367858967E-003   90.116394674763100        160.09317813521668        2.4233213990314958E-004
  -4.0788224165863619E-003   90.144587477841569        160.09124213520249        2.3750888569031166E-004
  -4.1624767049320797E-003   90.169074219623766        160.08919940299484        2.3200464831946908E-004
  -4.2016997292755823E-003   90.189488131998942        160.08704789051316        2.2576813016666455E-004
  -4.1982205708387208E-003   90.205681130056021        160.08478663449785        2.1881044206830053E-004
  -4.1649890899397623E-003   90.217692245490525        160.08241571378608        2.1110479594379808E-004
  -4.1099035844143475E-003   90.225770514260788        160.07993593399786        2.0265777217399051E-004
  -4.0048279520563017E-003   90.230269603027025        160.07734863372153        1.9356636290847158E-004
  -3.8756255875891823E-003   90.231581853674868        160.07465637262797        1.8386432947007964E-004
  -3.7134221382381072E-003   90.230173545700922        160.07186229953470        1.7362259827071778E-004
  -3.5070907771681363E-003   90.226628375384621        160.06897036870760        1.6298467532217887E-004
  -3.2925137228348418E-003   90.221352205158240        160.06598561175875        1.5200806578467987E-004
  -3.0635514693372629E-003   90.214740980744438        160.06291326173968        1.4083605309089985E-004
  -2.8076004093467747E-003   90.207137819379369        160.05975890202475        1.2960063417473205E-004
  -2.5256655704890695E-003   90.198721081369598        160.05652877538355        1.1841544385283152E-004
  -2.2371157338796914E-003   90.189745845342088        160.05322975735345        1.0737480081512686E-004
  -1.9217305786112145E-003   90.180408465821600        160.04986888461767        9.6652863568174403E-005
  -1.5997163995546851E-003   90.170896025589172        160.04645384788103        8.6325716321002688E-005
  -1.2617870098942403E-003   90.161425825747102        160.04299249872895        7.6488764814701212E-005
  -9.0644546243755654E-004   90.152210199414242        160.03949307590688        6.7299865295164711E-005
  -5.3530137805730895E-004   90.143523945192058        160.03596424261522        5.8828902522878535E-005
  -1.6347296464103926E-004   90.135498308525982        160.03241504546747        5.1155279035954716E-005
   2.0852462079851725E-004   90.128249787491228        160.02885454748051        4.4312588883316166E-005
   5.8384204973229380E-004   90.121714698691434        160.02529181463805        3.8407517242361735E-005
   9.7509303941160604E-004   90.115689763156368        160.02173599321560        3.3478388020203682E-005
   1.3573742798900820E-003   90.109821215030465        160.01819661698627        2.9561223946966525E-005
   1.7607979122114161E-003   90.103589856564767        160.01468299955965        2.6750824059949933E-005
   2.1894335050444149E-003   90.096372163559465        160.01120496971689        2.5118223642037431E-005
   2.6134349467961163E-003   90.087649113335971        160.00777297021702        2.4709444055833432E-005
   3.0666614864463893E-003   90.077072053405232        160.00439733011800        2.5647585405676619E-005
   3.5242259714769095E-003   90.064319230008323        160.00108908989026        2.7930529940334642E-005
   3.9821473613971224E-003   90.049482296456048        159.99785939545774        3.1581038475143578E-005
   4.4553058350590121E-003   90.032762985863940        159.99471940013672        3.6626297729216543E-005
   4.9338085990349627E-003   90.014732645301237        159.99168062832356        4.3045420899342776E-005
   5.4071997267001936E-003   89.996137631486278        159.98875473370580        5.0820398709644352E-005
   5.8600680806839374E-003   89.977926087997545        159.98595324420776        5.9907420053132720E-005
   6.2999073595748200E-003   89.961132911240142        159.98328718679213        7.0270115901502930E-005
   6.6915727584825639E-003   89.946924312424912        159.98076727026739        8.1797661261121411E-005
   7.0510358107625072E-003   89.936329480704330        159.97840302882327        9.4448026421670937E-005
   7.3682181332344592E-003   89.930418216787828        159.97620321180923        1.0805323810193851E-004
   7.6276236102624075E-003   89.930039685108937        159.97417553805619        1.2250065528370189E-004
   7.8343746897765170E-003   89.935902849852766        159.97232631903708        1.3770712247511153E-004
   8.0017913808000194E-003   89.948479386917555        159.97066058310651        1.5356849212939532E-004
   8.1104707330139792E-003   89.968119221215204        159.96918240102710        1.6995893744405424E-004
   8.1410965402074122E-003   89.994847320863869        159.96789441336725        1.8669917579662167E-004
   8.1130514832581570E-003   90.028566987653249        159.96679735972626        2.0368914825570533E-004
   8.0532778311807347E-003   90.068922489089388        159.96589055111949        2.2085422495335508E-004
   7.9192091622648664E-003   90.115270354109896        159.96517252678768        2.3800202007716003E-004
   7.7427264771220469E-003   90.166867004341398        159.96464001663605        2.5501003197999467E-004
   7.5365284247375999E-003   90.222715611047420        159.96428871844219        2.7177554408612081E-004
   7.3203318764843610E-003   90.281805536997183        159.96411360681066        2.8825083004473812E-004
   7.0664071722208281E-003   90.343026210082584        159.96410941330652        3.0434129807809819E-004
   6.7938145073059338E-003   90.405197041776219        159.96426995085889        3.1991001513810970E-004
   6.5137295633539956E-003   90.467314482448387        159.96458857790662        3.3486681650943549E-004
   6.2213534916728212E-003   90.528425750250804        159.96505847079416        3.4912519512945376E-004
   5.9228926404798297E-003   90.587639300304943        159.96567250639183        3.6261913675541077E-004
   5.6402634763109997E-003   90.644146246246379        159.96642341339788        3.7529300021935027E-004
   5.3739637573038184E-003   90.697258556796527        159.96730430608932        3.8721566531995424E-004
   5.1175742930635723E-003   90.746332411985080        159.96830869652527        3.9831589151854475E-004
   4.8856437827575518E-003   90.790765379129425        159.96943033777933        4.0860158100056431E-004
   4.6687329396730695E-003   90.829980458705350        159.97066357860376        4.1808623701198661E-004
   4.4854223320159375E-003   90.863460463807726        159.97200313337532        4.2679934069456642E-004
   4.3279792166591811E-003   90.890698764645478        159.97344453527916        4.3480357277716965E-004
   4.1961581633064970E-003   90.911268432174040        159.97498394713182        4.4215131193832679E-004
   4.1050859414531295E-003   90.924735306191863        159.97661815590538        4.4893156266196315E-004
   4.0372030156847543E-003   90.930775413038987        159.97834494124035        4.5517388555387585E-004
   4.0104923021217305E-003   90.929066018426326        159.98016264816451        4.6094907921087841E-004
   4.0280530132174638E-003   90.919550937275616        159.98207062451004        4.6634898020268183E-004
   4.0965375884300208E-003   90.902181288873251        159.98406929711021        4.7144410447010895E-004
   4.1937017750767721E-003   90.877235508628345        159.98616033394288        4.7631010416941346E-004
   4.3156726005148475E-003   90.845105734674291        159.98834610267920        4.8098681038331512E-004
   4.4630029379106231E-003   90.806496607799090        159.99062957598775        4.8549294058852815E-004
   4.6178573518248283E-003   90.762293695764797        159.99301434497980        4.8980685277077583E-004
   4.7969734760248536E-003   90.713581949760410        159.99550418503853        4.9401040873635392E-004
   4.9821790429731595E-003   90.661631057606456        159.99810346361394        4.9808003791440624E-004
   5.1526701212942635E-003   90.607821654981734        160.00081669701001        5.0194529497005408E-004
   5.3174098697800834E-003   90.553691006963874        160.00364804394292        5.0560112347333610E-004
   5.4613728379536430E-003   90.500621316020798        160.00660152391740        5.0899923301565961E-004
   5.5857336145461057E-003   90.450061882969521        160.00968065047013        5.1209430027653990E-004
   5.6541503329579114E-003   90.403288108377396        160.01288846065532        5.1479350051854636E-004
   5.6947928241160338E-003   90.361376342115648        160.01622662787520        5.1710647883903497E-004
   5.6943496530587950E-003   90.325202777084897        160.01969614888921        5.1899486823092612E-004
   5.6380804809367576E-003   90.295482009923134        160.02329701919129        5.2038431343966185E-004
   5.5273139560714953E-003   90.272613043321044        160.02702787341306        5.2124927980757554E-004
   5.3635675180110321E-003   90.256891568652406        160.03088601753561        5.2156026803347152E-004
   5.1499997654252290E-003   90.248491302716374        160.03486746614749        5.2128791286521999E-004
   4.8787995288673332E-003   90.247409999665663        160.03896701838519        5.2039594417020133E-004
   4.5687318145473882E-003   90.253636021221880        160.04317806762154        5.1891983838138185E-004
   4.2114879901836285E-003   90.267078828358748        160.04749305903172        5.1689089113724851E-004
   3.8073492555851210E-003   90.287590305300469        160.05190328689625        5.1430166291688165E-004
   3.3590591108359881E-003   90.314915990520419        160.05639890093889        5.1121956901479160E-004
   2.8671232168251733E-003   90.348592964850312        160.06096897364705        5.0762712480629830E-004
   2.3509267337333069E-003   90.387862571915832        160.06560151188759        5.0359291373513082E-004
   1.8133856262639589E-003   90.431667512509833        160.07028392941240        4.9916338152897557E-004
   1.2644719989156564E-003   90.478568152059694        160.07500311866957        4.9443378259030123E-004
   7.1271100774438628E-004   90.526834822788501        160.07974569317824        4.8947497752439059E-004
   1.7512516180864134E-004   90.574388437304862        160.08449819569088        4.8439551867924429E-004
  -3.3595693062383558E-004   90.618971555242737        160.08924751340271        4.7927599182695697E-004
  -8.0150638505196634E-004   90.658443529042501        160.09398117925221        4.7428630401675121E-004
  -1.2102864542003348E-003   90.690789604041655        160.09868783605481        4.6955028278900370E-004
  -1.5860473306460406E-003   90.714256609404302        160.10335751140323        4.6512794544295669E-004
  -1.8651742091627380E-003   90.727602007955326        160.10798103773337        4.6123442836459318E-004
  -2.0825203404203200E-003   90.730022435968777        160.11255160564031        4.5800355706300788E-004
  -2.2340587234915802E-003   90.721386248401444        160.11706391332606        4.5555129654267654E-004
  -2.3239038393918186E-003   90.702013943541516        160.12151426559919        4.5398055489506798E-004
  -2.3715977333456551E-003   90.672872465010059        160.12590047275643        4.5330705854107386E-004
  -2.3410350680302333E-003   90.635335849476121        160.13022137458833        4.5367262818844843E-004
  -2.2817231165747237E-003   90.591094026167795        160.13447772064703        4.5504479586248506E-004
  -2.1880657700442366E-003   90.542246670745925        160.13867096229149        4.5736143614000794E-004
  -2.0725144460060408E-003   90.490967893123553        160.14280338926866        4.6055267446929419E-004
  -1.9649820643150464E-003   90.439364640120203        160.14687782610443        4.6445780940495012E-004
  -1.8507510194230446E-003   90.389525406645518        160.15089690067728        4.6898203326957726E-004
  -1.7579817741588785E-003   90.343388354825294        160.15486340479188        4.7393060209244303E-004
  -1.7162164874047195E-003   90.302581517847358        160.15877960543355        4.7906863237715290E-004
  -1.6902618937559065E-003   90.268640506807387        160.16264652276354        4.8419113439773402E-004
  -1.7184630275969010E-003   90.242717608917516        160.16646479018820        4.8905604268110765E-004
  -1.7840062512252191E-003   90.225678252315078        160.17023371727939        4.9344428417344790E-004
  -1.9076293426103334E-003   90.217943187193157        160.17395170132514        4.9713578750723380E-004
  -2.0579009072697295E-003   90.219609308929321        160.17761572042423        4.9994833409051302E-004
  -2.2491336845119176E-003   90.230400597245747        160.18122210120234        5.0176141031528379E-004
  -2.4724005336709781E-003   90.249602138695508        160.18476616986231        5.0239181304517690E-004
  -2.7536213409727036E-003   90.276018541619095        160.18824246938632        5.0168972701782272E-004
  -3.0325629872954528E-003   90.308261503184568        160.19164412624488        4.9966730963966707E-004
  -3.3222125187235734E-003   90.344631854823490        160.19496432284032        4.9627061305267822E-004
  -3.6152266701420434E-003   90.383341145410355        160.19819598010844        4.9148815961063482E-004
  -3.8972750922721374E-003   90.422635464702594        160.20133193696140        4.8538940208387317E-004
  -4.1628316622309607E-003   90.460712894539128        160.20436530026666        4.7805320053087986E-004
  -4.3941941416507993E-003   90.495999897983864        160.20728958034178        4.6960071113973366E-004
  -4.5877470552908037E-003   90.527296717110104        160.21009912313056        4.6019535761909199E-004
  -4.7399890108076994E-003   90.553616652906811        160.21278919827049        4.4999534382940106E-004
  -4.8477339735007105E-003   90.574322985413062        160.21535608434843        4.3916239612223196E-004
  -4.9208201555491285E-003   90.589090136091414        160.21779714713946        4.2787503138978159E-004
  -4.9533688848388798E-003   90.597958692325292        160.22011059952209        4.1632103782387515E-004
  -4.9393062059764148E-003   90.601326487237671        160.22229564415548        4.0466841649714185E-004
  -4.8936488301384836E-003   90.599841980123003        160.22435262251645        3.9307971952904855E-004
  -4.8004730209228220E-003   90.594392316772328        160.22628264763591        3.8176500647411736E-004
  -4.6988967010436139E-003   90.586038453056133        160.22808799393775        3.7077300291746328E-004
  -4.5726789862413830E-003   90.575889899943604        160.22977114050047        3.6025417998088627E-004
  -4.4469818503519313E-003   90.565205717664384        160.23133516898059        3.5025775410495565E-004
  -4.3070479873113321E-003   90.555190669982466        160.23278314886534        3.4085209605709641E-004
  -4.1649248734048844E-003   90.546878777252417        160.23411849808977        3.3206208936746232E-004
  -4.0237309012170919E-003   90.541221946859764        160.23534468915770        3.2392349377428648E-004
  -3.8971900168905025E-003   90.538782564033241        160.23646517306054        3.1642136589192109E-004
  -3.7768697181427384E-003   90.539832894681268        160.23748304378469        3.0953169580177198E-004
  -3.6706277529509196E-003   90.544305620318951        160.23840124549488        3.0323894325941881E-004
  -3.5417392253706513E-003   90.551725522868651        160.23922237884619        2.9754986476763812E-004
  -3.4292840076078921E-003   90.561443554024919        160.23994960055268        2.9240075260438225E-004
  -3.3116646759698922E-003   90.572620546213429        160.24058566677937        2.8775874674335036E-004
  -3.1832614132666086E-003   90.584346983391782        160.24113346058149        2.8362749894313111E-004
  -3.0419631098948662E-003   90.595800161506588        160.24159613029829        2.7996103450992130E-004
  -2.8973711499737272E-003   90.606180301331250        160.24197714083871        2.7666600787179448E-004
  -2.7212160289421948E-003   90.614932102492816        160.24228003919345        2.7374292201766572E-004
  -2.5248729892843038E-003   90.621604644262334        160.24250914574688        2.7115302855034590E-004
  -2.3066089393217696E-003   90.626034473159692        160.24266927491979        2.6884801989787200E-004
  -2.0926788742786184E-003   90.628263865607806        160.24276577801916        2.6669457115661456E-004
  -1.8468826904330605E-003   90.628637126608581        160.24280390093062        2.6461258397567083E-004
  -1.6017570871708891E-003   90.627625705848757        160.24278967011523        2.6250195079741395E-004
  -1.3401581281134772E-003   90.625950779418488        160.24272909558749        2.6029774139265402E-004
  -1.0743418450470520E-003   90.624334053156815        160.24262859129826        2.5792830697128166E-004
  -7.9966632537643325E-004   90.623514512422034        160.24249467481425        2.5532018553787127E-004
  -5.4063730074800675E-004   90.624144796930636        160.24233407974288        2.5240953324822231E-004
  -3.0021056703902346E-004   90.626760236819877        160.24215315706888        2.4908221098730529E-004
  -6.8627402083618020E-005   90.631601181907214        160.24195780175273        2.4529279195631507E-004
   1.5292373908042204E-004   90.638865892969591        160.24175369213773        2.4104620678196175E-004
   3.6215862358987734E-004   90.648557808057902        160.24154626029767        2.3630683144233253E-004
   5.5921917467068743E-004   90.660599314585767        160.24134063631448        2.3105763307551240E-004
   7.6074838908576047E-004   90.674867067459488        160.24114165139346        2.2533938306520417E-004
   9.3476767817560289E-004   90.691263682228737        160.24095424489775        2.1910718869860263E-004
   1.0974137951770999E-003   90.709763290828064        160.24078268328495        2.1243078977762131E-004
   1.2591498172303821E-003   90.730305090976458        160.24063095487847        2.0531395659619642E-004
   1.3938661390074181E-003   90.752877108775863        160.24050302491250        1.9784155101376351E-004
   1.5240511050845877E-003   90.777468828178542        160.24040219694203        1.9008066340974402E-004
   1.6280969249182335E-003   90.804083690732881        160.24033166348238        1.8206191193254241E-004
   1.7210904929760244E-003   90.832739841068289        160.24029397740927        1.7392130929934650E-004
   1.8239030458477841E-003   90.863479312078766        160.24029142084581        1.6580603022153687E-004
   1.8898572782017245E-003   90.896284697000610        160.24032651597767        1.5776010791394293E-004
   1.9531830077813691E-003   90.931161672204581        160.24040088187135        1.4993917569632140E-004
   1.9851907181779398E-003   90.968040436104388        160.24051607258880        1.4240807558198748E-004
   2.0001631834646598E-003   91.006828377951791        160.24067287561203        1.3528083244587476E-004
   2.0181134615569313E-003   91.047142797898431        160.24087166161212        1.2872740946629570E-004
   2.0209106190042896E-003   91.088632920574042        160.24111287386302        1.2286010075361514E-004
   2.0197780423778732E-003   91.130892765417400        160.24139658417758        1.1781029793028317E-004
   2.0270647910403338E-003   91.173370837272685        160.24172276901660        1.1374871831917188E-004
   2.0262314605605002E-003   91.215552114626362        160.24209160936121        1.1077465006009348E-004
   2.0165752978652377E-003   91.257002912319081        160.24250308915802        1.0901702773091391E-004
   2.0297719784960490E-003   91.297254160173409        160.24295697591887        1.0859383234785581E-004
   2.0446097928918739E-003   91.335980810742029        160.24345359639838        1.0964445797954475E-004
   2.0609907855447503E-003   91.372805149372951        160.24399331758977        1.1225132533488248E-004
   2.0848604374883502E-003   91.407328826518352        160.24457654467224        1.1650404522607909E-004
   2.1260202766732969E-003   91.439125061551053        160.24520386616084        1.2247066773503497E-004
   2.1860353019726919E-003   91.467608498515418        160.24587629304096        1.3026749408917015E-004
   2.2630920790689337E-003   91.492221335351758        160.24659529791083        1.3990561156512150E-004
   2.3765139204353614E-003   91.512324209815333        160.24736277052284        1.5143551955959286E-004
   2.5035356361254326E-003   91.527301294674089        160.24818148904762        1.6482507216913819E-004
   2.6690041802875379E-003   91.536528519315610        160.24905456489174        1.8007713076693046E-004
   2.8534519523138106E-003   91.539636757133451        160.24998605019923        1.9716552466066508E-004
   3.0766805882682727E-003   91.536473787588861        160.25098046020594        2.1600563931993582E-004
   3.3263662767967573E-003   91.527184520429529        160.25204325963554        2.3654016489762451E-004
   3.6086961870480912E-003   91.512112637371644        160.25318055897921        2.5866959572719197E-004
   3.9010075637306396E-003   91.491824455831704        160.25439926810756        2.8225981918949134E-004
   4.2173400761285834E-003   91.467106535907405        160.25570653944501        3.0720896444513563E-004
   4.5265462558378199E-003   91.438931919081455        160.25711011183512        3.3332336894611780E-004
   4.8310441734561562E-003   91.408220087251991        160.25861754944131        3.6044683819741816E-004
   5.1545611226685561E-003   91.375873474576892        160.26023630203611        3.8841909484321557E-004
   5.4554099134243653E-003   91.342727087828294        160.26197428412047        4.1701510139841827E-004
   5.7589976059951847E-003   91.309499097512315        160.26383885436167        4.4610827805992461E-004
   6.0292188073412601E-003   91.276617277589523        160.26583743745982        4.7547261509690462E-004
   6.2717171461943357E-003   91.244396687004539        160.26797664152562        5.0486115833843568E-004
   6.5033340926892056E-003   91.212982905672391        160.27026239602375        5.3412136683106122E-004
   6.7100506822524780E-003   91.182349341510417        160.27270036436167        5.6303441405707478E-004
   6.9135838212839845E-003   91.152520305956131        160.27529560099342        5.9146796224098549E-004
   7.0809687459753128E-003   91.123505657861458        160.27805308231510        6.1918778720105856E-004
   7.2272602644812625E-003   91.095471187879525        160.28097689998751        6.4602129195638690E-004
   7.3406510915231399E-003   91.068741667143840        160.28407063017491        6.7178018592211133E-004
   7.4181957365135123E-003   91.043862669989522        160.28733704526030        6.9625146303899273E-004
   7.4572308461837711E-003   91.021578147833580        160.29077804019431        7.1927638701309228E-004
   7.4564005899648228E-003   91.002880182546591        160.29439456920565        7.4065666095051656E-004
   7.4077137388581793E-003   90.988824016624164        160.29818661263661        7.6020648388780236E-004
   7.3013492747015978E-003   90.980514325917170        160.30215297987652        7.7776781670396125E-004
   7.1402994935966411E-003   90.978918522586810        160.30629107005768        7.9314951689521775E-004
   6.9282909961425341E-003   90.984881382563572        160.31059694378226        8.0625575042149249E-004
   6.6377296445654689E-003   90.998971983565852        160.31506541502640        8.1688749710988665E-004
   6.2932737387030348E-003   91.021392242616585        160.31968937453254        8.2496201054397015E-004
   5.8709197475910182E-003   91.052075511496597        160.32446039286950        8.3034156401362927E-004
   5.3943840493240695E-003   91.090718919117776        160.32936813106954        8.3296522146319345E-004
   4.8743494506948148E-003   91.136769261797170        160.33440092058018        8.3283033149319661E-004
   4.3153982840527906E-003   91.189427298415893        160.33954602624291        8.2997017857516103E-004
   3.6998935532610933E-003   91.247818241707620        160.34478975652817        8.2433793170895854E-004
   3.0697610031531972E-003   91.310938187365821        160.35011703171600        8.1601336968884842E-004
   2.4041265600772575E-003   91.377636405365081        160.35551241107422        8.0506654449328640E-004
   1.7381856089454357E-003   91.446656663638478        160.36095958126199        7.9160196151297304E-004
   1.0634504307270270E-003   91.516625926378637        160.36644221817821        7.7572780120499464E-004
   3.9974339897579038E-004   91.586147148424388        160.37194377959278        7.5762284384635976E-004
  -2.5369475957721862E-004   91.653876455775290        160.37744799091368        7.3745539404339213E-004
  -8.8556691626781397E-004   91.718406813204453        160.38293882732702        7.1541220164484070E-004
  -1.4768649372601719E-003   91.778412845209104        160.38840078960325        6.9173539630653128E-004
  -2.0261786520129619E-003   91.832766320894336        160.39381937199849        6.6666277041395295E-004
  -2.5315082036458567E-003   91.880592478452883        160.39918109465984        6.4044942000398327E-004
  -3.0042363405434190E-003   91.921303138835867        160.40447355489414        6.1335257012638952E-004
  -3.4087478571586277E-003   91.954569030820323        160.40968514670513        5.8565308545076083E-004
  -3.7767162205322130E-003   91.980303615161105        160.41480593608730        5.5755793574760318E-004
  -4.0881163999051074E-003   91.998697329346911        160.41982688297784        5.2934340526818451E-004
  -4.3510232657337803E-003   92.010069520389308        160.42474033228305        5.0125590696703407E-004
  -4.5647301424511389E-003   92.014792120610920        160.42953981746143        4.7353483132566186E-004
  -4.7269295835378686E-003   92.013249787086053        160.43422007661738        4.4639525569387692E-004
  -4.8579157491434833E-003   92.005854813792951        160.43877711082919        4.1999203391071056E-004
  -4.9316232176596217E-003   91.992989459568051        160.44320768641015        3.9454162983225383E-004
  -4.9703071861826259E-003   91.975067058198164        160.44750997411339        3.7012808210922687E-004
  -4.9961716621704380E-003   91.952470435495897        160.45168300435390        3.4684094460015879E-004
  -4.9599951261276908E-003   91.925656553314255        160.45572612268120        3.2484606353649952E-004
  -4.9219854606116645E-003   91.895172941080631        160.45964019604457        3.0415621099055384E-004
  -4.8545372438543594E-003   91.861628035279622        160.46342613877292        2.8476903847923850E-004
  -4.7655057065486752E-003   91.825738735700810        160.46708558793736        2.6668668052760852E-004
  -4.6436642827997372E-003   91.788254274361066        160.47062071099779        2.4992245540235344E-004
  -4.5136325358712918E-003   91.750010008418244        160.47403448229372        2.3440881279533787E-004
  -4.3943849635240916E-003   91.711869560940244        160.47733007831962        2.2001897570992767E-004
  -4.2603882416978149E-003   91.674623803071299        160.48051041144043        2.0663891786935659E-004
  -4.1266284300445150E-003   91.638966891843751        160.48357875949981        1.9417251766747618E-004
  -3.9963603080346690E-003   91.605522743331349        160.48653839514398        1.8246564912743774E-004
  -3.8952141094986282E-003   91.574718677212473        160.48939250690532        1.7134127034612817E-004
  -3.8107588445651253E-003   91.547000996632889        160.49214357110364        1.6063557857260208E-004
  -3.7276965411146760E-003   91.522536089700424        160.49479365599620        1.5026169338143265E-004
  -3.6723418915237910E-003   91.501409246216610        160.49734479855331        1.4004055478499246E-004
  -3.6311261104774416E-003   91.483749782312074        160.49979835776082        1.2991051923070675E-004
  -3.6106226018397984E-003   91.469568371469322        160.50215534744268        1.1972628705028000E-004
  -3.6057015790864999E-003   91.458945617040825        160.50441627514346        1.0945068570451223E-004
  -3.6058359889758257E-003   91.451853167520142        160.50658126832948        9.9077957812707335E-005
  -3.6227803228229901E-003   91.448142551167507        160.50865033152900        8.8556037630897961E-005
  -3.6567596736872209E-003   91.447552412802423        160.51062305785786        7.7903921441217560E-005
  -3.6973465707234787E-003   91.449647566225821        160.51249862460045        6.7179306194072906E-005
  -3.7321448976602085E-003   91.453841296311808        160.51427604784382        5.6421162884896293E-005
  -3.7759700201238132E-003   91.459372991230083        160.51595448586269        4.5692235523097264E-005
  -3.8198098013161323E-003   91.465457258907279        160.51753287561186        3.5039251570415922E-005
  -3.8499469484077234E-003   91.471372810329086        160.51901015382353        2.4622326848614365E-005
  -3.8869461257539876E-003   91.476368954063545        160.52038559374697        1.4491651989021793E-005
  -3.8874507354785060E-003   91.479860975194114        160.52165829933446        4.8133430116741988E-006
  -3.8843150266049736E-003   91.481456094000407        160.52282826910556       -4.3152018606499108E-006
  -3.8566312171239483E-003   91.480961078391246        160.52389558908763       -1.2795727614466369E-005
  -3.8165929182162679E-003   91.478508011394027        160.52486094616765       -2.0468661011588823E-005
  -3.7708386743005545E-003   91.474304873373143        160.52572532929472       -2.7340142251050355E-005
  -3.7102747373678078E-003   91.468664477898329        160.52648986499401       -3.3342744321115607E-005
  -3.6311352855286820E-003   91.461838280100636        160.52715604090261       -3.8394030279048304E-005
  -3.5224563291223537E-003   91.453903724558515        160.52772579928990       -4.2469798578518975E-005
  -3.4017204368895983E-003   91.444676620077786        160.52820180591038       -4.5569517494923158E-005
  -3.2683992716436164E-003   91.433713426315194        160.52858702112761       -4.7653357957020890E-005
  -3.1014498436288248E-003   91.420347040245730        160.52888471154665       -4.8683108054971161E-005
  -2.9231012614301037E-003   91.403962119140317        160.52909896853646       -4.8653451044404398E-005
  -2.7182648493423310E-003   91.384143934937470        160.52923416247435       -4.7568752150135512E-005
  -2.4846027350902129E-003   91.360595537045469        160.52929531304608       -4.5404166424209823E-005
  -2.2049775648912005E-003   91.333432556663254        160.52928814630863       -4.2099981668399426E-005
  -1.9299870059939638E-003   91.303049662105195        160.52921951682620       -3.7692155702127736E-005
  -1.6249858218266762E-003   91.270207008808768        160.52909616468779       -3.2178950099194166E-005
  -1.3141715722922980E-003   91.235850582379229        160.52892556606398       -2.5543951065149364E-005
  -9.9854636510001305E-004   91.201106399807529        160.52871534005058       -1.7808886682532782E-005
  -6.9444706772544738E-004   91.167167134855745        160.52847322302287       -9.0166536456135702E-006
  -4.0188134115194278E-004   91.135132389797846        160.52820666844320        8.0090745025890404E-007
  -1.2765058747513672E-004   91.105980202625844        160.52792284677619        1.1605223707069031E-005
   1.2072206307225415E-004   91.080543368307374        160.52762847808231        2.3347179131129508E-005
   3.4385839254759182E-004   91.059370490033970        160.52732964778042        3.5995915509126751E-005
   5.3841368454144638E-004   91.042850981412343        160.52703182222243        4.9501753486724131E-005
   7.0841722535371911E-004   91.031073187369060        160.52673976714109        6.3793510131041173E-005
   8.4739139157790505E-004   91.023996516108980        160.52645764597085        7.8806838324369630E-005
   9.4898809619608083E-004   91.021474096891808        160.52618886204550        9.4479312371357853E-005
   1.0464267835317961E-003   91.023261047507518        160.52593590212015        1.1074918468121445E-004
   1.0990422822513195E-003   91.029117514696395        160.52570115211876        1.2747772806681552E-004
   1.1267573412949920E-003   91.038883425168066        160.52548589896017        1.4460266453067053E-004
   1.1366081218424846E-003   91.052472272899649        160.52529082050842        1.6203439333731701E-004
   1.1103117374571204E-003   91.069876700617996        160.52511615673632        1.7967286854373723E-004
   1.0623523566710774E-003   91.091164314428738        160.52496126229175        1.9740015161621885E-004
   9.9586749160322004E-004   91.116477674073778        160.52482496032675        2.1514005499973727E-004
   8.8261507529592087E-004   91.145807392175939        160.52470562157444        2.3272421112373396E-004
   7.5078429660399267E-004   91.179019552162458        160.52460046945953        2.5003107382812949E-004
   6.2135990733264699E-004   91.215792217818688        160.52450627157040        2.6700418723884508E-004
   4.5961939336196115E-004   91.255513121417607        160.52441985519167        2.8352464608292631E-004
   3.0070766501040053E-004   91.297270405323999        160.52433725539632        2.9952480114558505E-004
   1.2822871891225306E-004   91.339934139936815        160.52425457627430        3.1499352231105054E-004
  -3.6655340842334297E-005   91.382367827217124        160.52416759024595        3.2989706611394874E-004
  -1.9638832323099528E-004   91.423422084254540        160.52407225619763        3.4420677278841736E-004
  -3.3905359331504338E-004   91.462018544936214        160.52396466004186        3.5795757530206971E-004
  -4.6462914120101517E-004   91.497393056253799        160.52384130697516        3.7115142807984616E-004
  -5.6296191042517444E-004   91.529120059556732        160.52369912176880        3.8381960777767636E-004
  -6.3983144289786529E-004   91.557157364583588        160.52353569765373        3.9601319550046366E-004
  -6.9382168332333136E-004   91.581690235120107        160.52334915527220        4.0776151946991085E-004
  -7.3615464975876886E-004   91.603325363097611        160.52313817769544        4.1912414205720660E-004
  -7.7088075611425058E-004   91.622762037840772        160.52290173388977        4.3010002015667932E-004
  -7.8732298374303530E-004   91.640919540597579        160.52263897963959        4.4070800969706850E-004
  -7.9683684465941531E-004   91.658639497280518        160.52234951950336        4.5092885352041587E-004
  -7.9626376658589976E-004   91.676686738492535        160.52203312811545        4.6080040682158980E-004
  -8.3033003335791582E-004   91.695587655340645        160.52168982663412        4.7021056944990058E-004
  -8.5308013069947076E-004   91.715724732246201        160.52131878586761        4.7913622407230397E-004
  -8.7236868615089358E-004   91.737203691912981        160.52091945463428        4.8756236730939100E-004
  -8.9425603195373475E-004   91.759856631755568        160.52049136537954        4.9541351130603960E-004
  -9.0988558291883400E-004   91.783423265651237        160.52003398610438        5.0268651140708001E-004
  -9.1195946721108411E-004   91.807344531902970        160.51954693773612        5.0933970348262983E-004
  -9.2694901949911656E-004   91.830911468469296        160.51903017295766        5.1533324747435284E-004
  -9.0024673196264311E-004   91.853389255695305        160.51848332655507        5.2070564795964329E-004
  -8.5348471374779150E-004   91.873948021250442        160.51790705559165        5.2548148401776896E-004
  -7.9662138032237132E-004   91.891790242771862        160.51730250762890        5.2962410457103556E-004
  -7.0559135803246336E-004   91.906089817445704        160.51667107814251        5.3322519215752797E-004
  -6.0544499818981792E-004   91.916270926682458        160.51601499895867        5.3630616292563193E-004
  -4.7301175730880558E-004   91.921865153600663        160.51533672424901        5.3891525920981534E-004
  -3.0781628085605877E-004   91.922664813134105        160.51463949984301        5.4109615581408247E-004
  -1.1885599728086993E-004   91.918803310304568        160.51392737433252        5.4292802983665607E-004
   9.9229694925409597E-005   91.910663437574257        160.51320497857964        5.4445990805106529E-004
   3.2764747560104230E-004   91.898930344669751        160.51247765793769        5.4578763575194821E-004
   5.7026068586138099E-004   91.884471091950147        160.51175101030094        5.4694939398994844E-004
   8.2901706946469304E-004   91.868274993166224        160.51103098201403        5.4803619670469855E-004
   1.0814823030381683E-003   91.851459011046558        160.51032391610110        5.4904110705642699E-004
   1.3201187462313830E-003   91.835080211935406        160.50963600186677        5.4997093967364965E-004
   1.5405199720973646E-003   91.819941035387899        160.50897308955143        5.5080701035825489E-004
   1.7295266430269178E-003   91.806639894734460        160.50834058252232        5.5153315623326406E-004
   1.9185307535291780E-003   91.795537530505925        160.50774311512802        5.5218385062592780E-004
   2.0834847408783734E-003   91.786712176995067        160.50718532241729        5.5268831887275445E-004
   2.2266813312878677E-003   91.780054898898143        160.50667125041707        5.5300256503298950E-004
   2.3456545923088825E-003   91.775204454436249        160.50620441334323        5.5310521179463643E-004
   2.4678694069008200E-003   91.771778003367359        160.50578773211370        5.5299988304915440E-004
   2.5538586139674394E-003   91.769365965978551        160.50542420851289        5.5262817151490091E-004
   2.6311101073295431E-003   91.767726473555769        160.50511595724493        5.5197017027697952E-004
   2.6889404035140641E-003   91.766623016121244        160.50486488021713        5.5094097802463945E-004
   2.7300419189357655E-003   91.765964476909417        160.50467240455274        5.4957966153284957E-004
   2.7682947687212908E-003   91.765773141628230        160.50453954807864        5.4788191362834600E-004
   2.7724522910175914E-003   91.766178107989646        160.50446725942271        5.4579110563465836E-004
   2.7556645585867815E-003   91.767364264281539        160.50445565263456        5.4327671631488098E-004
   2.7229267987434482E-003   91.769632752960035        160.50450432858636        5.4032513038802809E-004
   2.6651776871795276E-003   91.773127713626735        160.50461249753968        5.3697787724346570E-004
   2.5790372918660862E-003   91.778036378343970        160.50477875628360        5.3323296171107776E-004
   2.4780737605902279E-003   91.784408890148342        160.50500100575064        5.2910731594719030E-004
   2.3600583609310042E-003   91.792203038375348        160.50527678270663        5.2464846711621871E-004
   2.2264776015313128E-003   91.801141503623882        160.50560320572222        5.1991188004756159E-004
   2.0670088925178096E-003   91.810827353421701        160.50597701146788        5.1495818683614262E-004
   1.9080588858726663E-003   91.820808392681286        160.50639430168721        5.0986832988017929E-004
   1.7392081689314562E-003   91.830357198777520        160.50685119069513        5.0476033093315960E-004
   1.5752061397009140E-003   91.838772209399650        160.50734354959525        4.9972921403747229E-004
   1.4063834865883074E-003   91.845212382563588        160.50786736704504        4.9485765735676009E-004
   1.2467356301881915E-003   91.848901021268915        160.50841851297773        4.9018619810972501E-004
   1.0963423109079937E-003   91.849112630007966        160.50899308168096        4.8582302680383728E-004
   9.6290811088913192E-004   91.845338337503620        160.50958739365615        4.8183135605567919E-004
   8.5566268821089266E-004   91.837152041349157        160.51019818386865        4.7834783551983713E-004
   7.5151489193873728E-004   91.824329802067254        160.51082282870581        4.7534678729289101E-004
   6.8181782588280619E-004   91.806862940791788        160.51145877888746        4.7293184387165919E-004
   6.2235643090863746E-004   91.784827428912550        160.51210432906558        4.7108359317873510E-004
   5.7091342178146375E-004   91.758399842655692        160.51275802312321        4.6977666476112444E-004
   5.5063826405260671E-004   91.727830903776606        160.51341860011260        4.6899133822196387E-004
   5.4041742412683886E-004   91.693460727707460        160.51408556206403        4.6868291373938954E-004
   5.4503716116843933E-004   91.655809796930697        160.51475865526785        4.6878104951801923E-004
   5.6123235396603839E-004   91.615402111417282        160.51543798933309        4.6919973876055003E-004
   5.8133588646274836E-004   91.573004484702196        160.51612395674843        4.6983595961924213E-004
   5.9479726508609922E-004   91.529450205252004        160.51681704505896        4.7057702109778077E-004
   6.0531696209187736E-004   91.485711908954073        160.51751757817854        4.7130889431059621E-004
   6.0960084418033064E-004   91.442795129178720        160.51822580748635        4.7186514985620901E-004
   5.8251069218413581E-004   91.401734262778092        160.51894183078096        4.7209904983823046E-004
   5.4377478567285969E-004   91.363545857886947        160.51966497593349        4.7190696433379583E-004
   4.8654925886507718E-004   91.329207750348672        160.52039428566104        4.7116940429217235E-004
   3.9459187671630916E-004   91.299531409817718        160.52112834919524        4.6976727339082810E-004
   2.9671094728965763E-004   91.275230928092697        160.52186490357755        4.6766719440281314E-004
   1.5302591689997521E-004   91.256837832563576        160.52260154037830        4.6473549408909112E-004
  -3.5226955795179254E-005   91.244807052032158        160.52333472833851        4.6089253704389359E-004
  -2.4476490917872402E-004   91.239317769328665        160.52405984246141        4.5608473099582663E-004
  -4.9531011341789378E-004   91.240331306140007        160.52477173573382        4.5024579682733507E-004
  -7.6709199155750312E-004   91.247621899327541        160.52546425583728        4.4335253980656348E-004
  -1.0623861610033643E-003   91.260780653733860        160.52613072884677        4.3539783807877377E-004
  -1.4118970092659186E-003   91.279031678713011        160.52676390417921        4.2630758499324336E-004
  -1.7471160414024877E-003   91.301470409538808        160.52735520176006        4.1617769503575751E-004
  -2.0943851025762529E-003   91.326984716393042        160.52789639140977        4.0499597279605335E-004
  -2.4429871833971119E-003   91.354303492396198        160.52837894762206        3.9286108794470939E-004
  -2.7823951681567984E-003   91.382148865784842        160.52879431259086        3.7982971279653017E-004
  -3.0965563148805724E-003   91.409214654590826        160.52913415445002        3.6601711507015377E-004
  -3.3989044430027338E-003   91.434353069699895        160.52939076024046        3.5153602643205907E-004
  -3.6694394369036418E-003   91.456547695204193        160.52955670830238        3.3647709853267205E-004
  -3.8922151090406906E-003   91.475011689890209        160.52962535797198        3.2096434455105151E-004
  -4.0681886552637698E-003   91.489115240951492        160.52959124131925        3.0519980704175176E-004
  -4.2128701691800914E-003   91.498458910078384        160.52945004019242        2.8927362289539118E-004
  -4.3033527639287621E-003   91.502685975057659        160.52919820493653        2.7328583873507533E-004
  -4.3604975956741451E-003   91.501725297899924        160.52883351647802        2.5737853030775328E-004
  -4.3748884510490258E-003   91.495451425198368        160.52835457448268        2.4164720036968173E-004
  -4.3491717410273417E-003   91.483974478210527        160.52776102849057        2.2620709999724448E-004
  -4.2558847532080208E-003   91.467398281189489        160.52705351230202        2.1121049222714680E-004
  -4.1355023610432605E-003   91.445934192313800        160.52623431784588        1.9672521310078780E-004
  -3.9726184662795781E-003   91.419808687473207        160.52530640131471        1.8282608598661488E-004
  -3.7780414215172835E-003   91.389338453112245        160.52427376153739        1.6959754489789190E-004
  -3.5474256832154485E-003   91.354997666090028        160.52314117391600        1.5711940260079276E-004
  -3.2963488143658336E-003   91.317324203701403        160.52191429733753        1.4542638022458740E-004
  -3.0117906379937909E-003   91.276991219725119        160.52059929168925        1.3460369319625627E-004
  -2.7151772214859607E-003   91.234707221650382        160.51920313711506        1.2465382846287950E-004
  -2.4075654340772069E-003   91.191323973071178        160.51773310927146        1.1560681715912454E-004
  -2.0759238080213529E-003   91.147648181252521        160.51619675303968        1.0753812551657111E-004
  -1.7616494156380915E-003   91.104404140341529        160.51460220140467        1.0038798180542616E-004
  -1.4411715369992508E-003   91.062243863128941        160.51295716012874        9.4208290949160153E-005
  -1.1225005921987347E-003   91.021494448645541        160.51126948644443        8.8996797728803384E-005
  -7.9701702254714830E-004   90.982137759250932        160.50954699311015        8.4803165132767169E-005
  -4.9304891213297934E-004   90.943909749829317        160.50779765917110        8.1604548892442620E-005
  -1.7099567039410217E-004   90.906268177504714        160.50602893545087        7.9480141743627514E-005
   1.5507579957152684E-004   90.868384434193445        160.50424871633618        7.8454865276796521E-005
   4.8099561765591221E-004   90.829406390596105        160.50246499407217        7.8578557914373221E-005
   8.2034323983402511E-004   90.788481639350508        160.50068575815257        7.9939999666227328E-005
   1.1754479598940228E-003   90.744925154555119        160.49891932677531        8.2583268799417910E-005
   1.5489862077849325E-003   90.698225393790054        160.49717440464181        8.6614470570008369E-005
   1.9412229244735529E-003   90.648194196463692        160.49546014895083        9.2128146227992710E-005
   2.3431277212835559E-003   90.594800435990877        160.49378617596912        9.9157228023117328E-005
   2.7638824845195786E-003   90.538254910569108        160.49216233918312        1.0774371004004444E-004
   3.1754369541548990E-003   90.478890982888828        160.49059895496748        1.1788179975874877E-004
   3.6118957741494060E-003   90.417136426774235        160.48910611426541        1.2959465207787495E-004
   4.0359977108496313E-003   90.353555635422097        160.48769451939236        1.4281681307378770E-004
   4.4694665284023948E-003   90.288652303453759        160.48637457063197        1.5751441772615251E-004
   4.8956506177656907E-003   90.223038693265863        160.48515689846798        1.7362074369493474E-004
   5.3216184488698503E-003   90.157418120187785        160.48405195549046        1.9104426872791679E-004
   5.7122712804996336E-003   90.092495497482091        160.48307018981006        2.0962068247448924E-004
   6.0806798507047743E-003   90.029090489311741        160.48222118453273        2.2921862689167521E-004
   6.4198714243009292E-003   89.968107077383152        160.48151397802374        2.4964935831782860E-004
   6.7459571227175934E-003   89.910485090626992        160.48095689314255        2.7080273785796901E-004
   7.0077082469276646E-003   89.857121197688400        160.48055793279585        2.9242646847959109E-004
   7.2340870955083323E-003   89.808860241544792        160.48032352333269        3.1435580223384819E-004
   7.4150663718340953E-003   89.766369020361111        160.48025922546816        3.3641255298596785E-004
   7.5483339935145787E-003   89.730273342925770        160.48036948789681        3.5840830877540948E-004
   7.6216480273521327E-003   89.701027025428189        160.48065759086651        3.8013253358551544E-004
   7.6395036310910333E-003   89.678815952913865        160.48112534543384        4.0141076768163050E-004
   7.6024282755961141E-003   89.663781289379116        160.48177320504905        4.2206257093614348E-004
   7.5163867362524703E-003   89.655910344583802        160.48260027772309        4.4198027648546578E-004
   7.3765548762449052E-003   89.655003605353443        160.48360447132694        4.6101482523631639E-004
   7.1735897937633478E-003   89.660701927090031        160.48478237545831        4.7900607508240343E-004
   6.9400321635721129E-003   89.672460407792116        160.48612903221050        4.9594680200804476E-004
   6.6700245969893799E-003   89.689467764176896        160.48763873426446        5.1176379997075342E-004
   6.3846007746476202E-003   89.710765534074767        160.48930488006474        5.2644230450247620E-004
   6.0559989497392074E-003   89.735108989486591        160.49112049037538        5.3994143291818475E-004
   5.7146259469012936E-003   89.761181546487052        160.49307752616440        5.5225209888608469E-004
   5.3762179030712159E-003   89.787567802441998        160.49516763336939        5.6339442977534524E-004
   5.0481466523175453E-003   89.812891683040334        160.49738252949001        5.7345194919108629E-004
   4.6983197360875696E-003   89.835774973313974        160.49971418437750        5.8241448052581267E-004
   4.4009630160720160E-003   89.855049177662963        160.50215403222163        5.9043028366720840E-004
   4.0997145974187585E-003   89.869779239550880        160.50469479334001        5.9755080327865916E-004
   3.8346353662424516E-003   89.879261756591404        160.50732909159964        6.0387903091177193E-004
   3.6069812901890238E-003   89.883179570768306        160.51005043694590        6.0950572902358964E-004
   3.3862341862398323E-003   89.881338867511985        160.51285325657358        6.1451084092387944E-004
   3.2038395338426034E-003   89.873861039853935        160.51573214571263        6.1905097254723166E-004
   3.0602708042327476E-003   89.860940774177820        160.51868263997221        6.2326857641685940E-004
   2.9246658765642920E-003   89.843018264685767        160.52170122736860        6.2722003603896603E-004
   2.8238584042484219E-003   89.820699547077183        160.52478459039716        6.3105038577820753E-004
   2.7468694966339491E-003   89.794933579419009        160.52793026451587        6.3489192041499157E-004
   2.6574175599353915E-003   89.766914564087287        160.53113636971221        6.3875023819672655E-004
   2.5491149647319210E-003   89.737916019384699        160.53440071970337        6.4265091912902835E-004
   2.4307874759820331E-003   89.709413982531359        160.53772066640693        6.4664867737251246E-004
   2.3103168197315910E-003   89.682947377653591        160.54109331594267        6.5076581300108093E-004
   2.1588508994378188E-003   89.659947959415319        160.54451572233984        6.5496617952844071E-004
   1.9839826501039989E-003   89.641628671344392        160.54798417816144        6.5922499060824856E-004
   1.7627219562610173E-003   89.628962386122936        160.55149440205628        6.6345908245661286E-004
   1.5279996532374749E-003   89.622577572808893        160.55504097404580        6.6765015726902462E-004
   1.2355845043941869E-003   89.622814476549578        160.55861814428113        6.7170124440166581E-004
   9.2510491656525159E-004   89.629678360521325        160.56221874621721        6.7559982049198851E-004
   5.5983506561134043E-004   89.643014455653386        160.56583516872934        6.7921498948994585E-004
   1.7253205709208638E-004   89.662379036328772        160.56945845583681        6.8252875506434390E-004
  -2.4836097379865395E-004   89.687248376907789        160.57307910912175        6.8549277376585890E-004
  -6.8833182720887034E-004   89.716978782542526        160.57668680366103        6.8804090184380721E-004
  -1.1653733479764505E-003   89.750878052686730        160.58027074496437        6.9014978067192124E-004
  -1.6378204610259899E-003   89.788296967095306        160.58381922530145        6.9180247875961153E-004
  -2.1132034310636749E-003   89.828661060610614        160.58732064723958        6.9299708707745429E-004
  -2.5961567908480546E-003   89.871425643227624        160.59076333822631        6.9372131638087431E-004
  -3.0778722011661833E-003   89.916090674375170        160.59413543523502        6.9397760592554663E-004
  -3.5790944064771906E-003   89.962450846310645        160.59742510201713        6.9367039976467434E-004
  -4.0454065667902758E-003   90.010285399939391        160.60062001904564        6.9285972712473758E-004
  -4.5213943513519933E-003   90.059519553979982        160.60370872128894        6.9144642483346958E-004
  -5.0092113730609462E-003   90.110012695913383        160.60667950273589        6.8934426536091948E-004
  -5.4661233872279353E-003   90.161561522852281        160.60952036145645        6.8656966341963633E-004
  -5.9049041343335155E-003   90.213732868677880        160.61222005173045        6.8308480856083345E-004
  -6.3237222121590789E-003   90.265856264167368        160.61476777151219        6.7884076359506641E-004
  -6.7199152345111353E-003   90.316976734848836        160.61715320645467        6.7379737426772159E-004
  -7.0728101462437312E-003   90.365875372039426        160.61936659671622        6.6798173215511366E-004
  -7.3715117585349968E-003   90.411154343615067        160.62139924460905        6.6145851580687233E-004
  -7.6195518099803471E-003   90.451357030645383        160.62324378402681        6.5422906809102423E-004
  -7.8169100792468242E-003   90.485097508041221        160.62489409378892        6.4634649910770895E-004
  -7.9413989803631159E-003   90.511067058404905        160.62634529999377        6.3789054542345890E-004
  -7.9812834594687881E-003   90.528278170029381        160.62759431995900        6.2894216005885762E-004
  -7.9426262548256236E-003   90.536113688797741        160.62864015115477        6.1964193499487610E-004
  -7.8152811805327835E-003   90.534243237822423        160.62948372361083        6.1013847557248512E-004
  -7.6286508616733332E-003   90.522846511165270        160.63012814947481        6.0049637466783197E-004
  -7.3651686693385170E-003   90.502472821311898        160.63057800042913        5.9081736847013309E-004
  -7.0504136965109168E-003   90.474021910821961        160.63083973835930        5.8119077254487062E-004
  -6.6969406461393254E-003   90.438790044610684        160.63092108851802        5.7164035240981432E-004
  -6.2929093558905906E-003   90.398181488720269        160.63083072908367        5.6225396649714249E-004
  -5.8439312678093313E-003   90.353824138922320        160.63057858270076        5.5308967798131236E-004
  -5.3718317498490454E-003   90.307274877478847        160.63017567868988        5.4415890540648936E-004
  -4.8857715524828161E-003   90.260074725208568        160.62963361752057        5.3545796505763833E-004
  -4.3919559754247751E-003   90.213620027696649        160.62896434379127        5.2700099903607079E-004
  -3.9257862796321426E-003   90.169083163809375        160.62817999518177        5.1873237723520948E-004
  -3.4427248209504585E-003   90.127501411002825        160.62729203075813        5.1067924349384401E-004
  -2.9832129058540071E-003   90.089778611862002        160.62631232497696        5.0276263160331264E-004
  -2.5447868036123787E-003   90.056636858676711        160.62525217423754        4.9495830943630773E-004
  -2.1194938967489768E-003   90.028694234696076        160.62412235755951        4.8719772581838692E-004
  -1.7226109014754395E-003   90.006440140588595        160.62293333110765        4.7937363700534724E-004
  -1.3682647439749373E-003   89.990296921840510        160.62169485361181        4.7141023762380514E-004
  -1.0343005693293885E-003   89.980612277384893        160.62041563911455        4.6320831351225359E-004
  -7.4360891113921690E-004   89.977690940088635        160.61910389971123        4.5467264374702133E-004
  -4.8444663193871580E-004   89.981634413804926        160.61776678470221        4.4573945576034961E-004
  -2.5850373394475641E-004   89.992543151012157        160.61641066796568        4.3631183662234209E-004
  -8.0183483654680231E-005   90.010388912009077        160.61504110733881        4.2628385245696278E-004
   6.6816195469718094E-005   90.035085189100911        160.61366249113394        4.1560308539450181E-004
   1.7113906268433426E-004   90.066499421562909        160.61227843824236        4.0422522735850266E-004
   2.4803152166441854E-004   90.104332397801912        160.61089151862859        3.9212147568268188E-004
   2.8697436779535749E-004   90.148249518080419        160.60950362922441        3.7931227890130741E-004
   2.9658414550775848E-004   90.197764982933720        160.60811573598744        3.6580337557079793E-004
   2.7435336901717735E-004   90.252346173774256        160.60672808488269        3.5161564604236338E-004
   2.3377804465374153E-004   90.311347742313004        160.60534013962038        3.3682795491114608E-004
   1.6996487055376069E-004   90.373895037694083        160.60395091414998        3.2149913527270059E-004
   9.4740362079925264E-005   90.439185695469575        160.60255885267236        3.0568503323526039E-004
   1.5936387769861662E-005   90.506423989452628        160.60116211854825        2.8949596454477214E-004
  -6.1612195491415311E-005   90.574850436532699        160.59975878822300        2.7309054707337448E-004
  -1.3992207331836546E-004   90.643861160813316        160.59834696745722        2.5658459996022145E-004
  -2.2390607668865695E-004   90.712960051056285        160.59692474288499        2.4003023214448266E-004
  -3.0659117236005434E-004   90.781662389626135        160.59549006124379        2.2357863147523283E-004
  -3.7537194629827650E-004   90.849645902929794        160.59404090039831        2.0734243462839220E-004
  -4.3284596654212797E-004   90.916672262416000        160.59257557661837        1.9140368584583275E-004
  -5.0209921636205771E-004   90.982663399504688        160.59109268320370        1.7575882366013994E-004
  -5.4404614991153096E-004   91.047590333669334        160.58959052300989        1.6053791701587519E-004
  -5.9982914590422075E-004   91.111413446508280        160.58806806812100        1.4575062970945490E-004
  -6.2890905033521221E-004   91.174182735701308        160.58652394979995        1.3146535248207647E-004
  -6.4914077257377555E-004   91.236035652587304        160.58495745382069        1.1772436395358328E-004
  -6.4916557353783078E-004   91.297113928049242        160.58336808324256        1.0458024752554797E-004
  -6.4196370782113011E-004   91.357455320111555        160.58175583728050        9.2015793157283713E-005
  -6.2451665841944124E-004   91.416823074626649        160.58012089195162        8.0018832325837191E-005
  -5.9458598041016518E-004   91.474779237501366        160.57846367572009        6.8594511778889708E-005
  -5.3669690426090598E-004   91.530615921988158        160.57678492442565        5.7749830404852797E-005
  -4.7212668559111536E-004   91.583291673318783        160.57508606095868        4.7468111154324426E-005
  -3.7492693545953203E-004   91.631595036058030        160.57336867328218        3.7747412619373493E-005
  -2.3445055767687273E-004   91.674225852439335        160.57163515085685        2.8622553070701384E-005
  -4.2204284880688637E-005   91.709824832534707        160.56988894654859        2.0145828174327013E-005
   2.0156436311493094E-004   91.737261150802112        160.56813478329133        1.2338785017650615E-005
   4.9870472841683161E-004   91.755860298607018        160.56637864972711        5.2617884431147694E-006
   8.3088044118826852E-004   91.765285088792226        160.56462784316594       -1.0974352787521544E-006
   1.2152120241629353E-003   91.765712202147526        160.56289052002700       -6.7231172568612106E-006
   1.6286507147982119E-003   91.757836689209014        160.56117611491558       -1.1658891004124828E-005
   2.0855899638888842E-003   91.742814106189911        160.55949477596064       -1.5875114626500603E-005
   2.5691729913673192E-003   91.722269637400601        160.55785771655655       -1.9368113844795659E-005
   3.0559204073911531E-003   91.697895209475249        160.55627680175701       -2.2182278905834600E-005
   3.5315781529594976E-003   91.671513025091883        160.55476397184165       -2.4354837303565265E-005
   4.0180368809192048E-003   91.644945910796537        160.55333089272256       -2.5912710493776560E-005
   4.4570143049571702E-003   91.619861393579313        160.55198949393741       -2.6963039969808539E-005
   4.8758385082695076E-003   91.597858256470772        160.55075053850786       -2.7516703195858055E-005
   5.2452458312445367E-003   91.580221319389665        160.54962429398290       -2.7661031272929147E-005
   5.5789513283125199E-003   91.567992389953602        160.54861981449801       -2.7425874292211395E-005
   5.8548766696288005E-003   91.561957879344376        160.54774527811682       -2.6887588182046005E-005
   6.0738228458905030E-003   91.562564091116997        160.54700744548535       -2.6048243156180817E-005
   6.2662368251279674E-003   91.569943688587372        160.54641168012091       -2.4905355154156948E-005
   6.3905012581880307E-003   91.583882631307489        160.54596269526175       -2.3513051943898479E-005
   6.4694465826186896E-003   91.603837921160505        160.54566353215964       -2.1850319740534619E-005
   6.5134803686800963E-003   91.628960558104211        160.54551612045438       -1.9877986915317420E-005
   6.5208763113639746E-003   91.658109126945604        160.54552153357182       -1.7563369328611535E-005
   6.4884070308640811E-003   91.690061752488589        160.54567994620132       -1.4886554797733832E-005
   6.4408911961049255E-003   91.723438607226271        160.54599055436211       -1.1762371463258646E-005
   6.3847598369591941E-003   91.756914104389423        160.54645218572080       -8.1303154184350333E-006
   6.3335000708933760E-003   91.789257411495683        160.54706345609588       -3.8862912570155391E-006
   6.2622341998455353E-003   91.819395499811549        160.54782309982724        1.0234786315052885E-006
   6.1997530713998822E-003   91.846521817839857        160.54872935886692        6.7048665526330764E-006
   6.1556567883441415E-003   91.869904904566567        160.54978068849925        1.3281933695671013E-005
   6.1068208322454234E-003   91.888976464964358        160.55097599358638        2.0793721892695245E-005
   6.0716548446842549E-003   91.903324948521544        160.55231406080600        2.9310260329535841E-005
   6.0369735818386018E-003   91.912578369451339        160.55379400981516        3.8855263495381730E-005
   6.0317333585617854E-003   91.916382506832363        160.55541497070578        4.9493308197016527E-005
   6.0467346992788005E-003   91.914399219955797        160.55717679326185        6.1236527271956844E-005
   6.0713418344929947E-003   91.906358330361556        160.55907982226293        7.4051124802190500E-005
   6.1478855936893074E-003   91.891984761041499        160.56112463746248        8.7949908759673044E-005
   6.2319933938945775E-003   91.871172050452486        160.56331309214360        1.0283446845586286E-004
   6.3433060686773996E-003   91.843971687031527        160.56564722458640        1.1869317525450973E-004
   6.4955457777142430E-003   91.810611594443955        160.56812974138461        1.3541461522826369E-004
   6.6597413347447305E-003   91.771505883626617        160.57076435475446        1.5289913857859379E-004
   6.8332421414818399E-003   91.727240529460190        160.57355507175438        1.7103374030854067E-004
   7.0082191014927070E-003   91.678553531550875        160.57650612955482        1.8969798619030974E-004
   7.1879814720353270E-003   91.626082167919947        160.57962180318816        2.0881714460107168E-004
   7.3822258042129463E-003   91.570563226237155        160.58290648773115        2.2826366634555806E-004
   7.5590637233624641E-003   91.512638443161677        160.58636493661376        2.4794524002543243E-004
   7.7367572232423694E-003   91.452891351532600        160.59000147927205        2.6779488601200564E-004
   7.8965500342120104E-003   91.391884713741149        160.59382046882558        2.8773301497244172E-004
   8.0378419994023651E-003   91.330191876303971        160.59782582149634        3.0773866309987655E-004
   8.1651353801553816E-003   91.268326062198852        160.60202100134288        3.2777043589903341E-004
   8.2784259776319015E-003   91.206977805229428        160.60640913195041        3.4784325140261495E-004
   8.3458557097412667E-003   91.146852147009525        160.61099299467006        3.6796739579690694E-004
   8.3912519434082983E-003   91.088720512974220        160.61577424696259        3.8813042347123539E-004
   8.4015869619165559E-003   91.033475370464174        160.62075400761807        4.0837052345026232E-004
   8.3652503049932089E-003   90.982019339691490        160.62593253650786        4.2866903656269917E-004
   8.2769215515343820E-003   90.935062750840260        160.63130894892058        4.4903813835098862E-004
   8.1546784594053109E-003   90.893270889500258        160.63688108449938        4.6946329708433873E-004
   7.9751366309431596E-003   90.857020868701227        160.64264595202667        4.8991183771524883E-004
   7.7613958946659975E-003   90.826500661405589        160.64859915446860        5.1037943057192278E-004
   7.4845398131935829E-003   90.801766404671312        160.65473545638045        5.3085575288025532E-004
   7.1557449902242623E-003   90.782643006540610        160.66104807277645        5.5123236883529469E-004
   6.7884185534656380E-003   90.768866730905089        160.66752894310164        5.7145363097967300E-004
   6.3808880540312529E-003   90.760111548332702        160.67416906026338        5.9144586042801965E-004
   5.9261529319058178E-003   90.756072896604934        160.68095842908033        6.1109271647637544E-004
   5.4198949183459381E-003   90.756472836041198        160.68788589290943        6.3025816963752925E-004
   4.8936923023033124E-003   90.761177931489087        160.69493902738952        6.4883394252543750E-004
   4.3213072648469446E-003   90.770182109706809        160.70210491632045        6.6665205116571294E-004
   3.7337175768377543E-003   90.783409935324741        160.70936950551314        6.8359946434100381E-004
   3.0941146481706602E-003   90.800875488546794        160.71671836361622        6.9948316158434658E-004
   2.4383666073538755E-003   90.822514371281045        160.72413577683974        7.1420153511015251E-004
   1.7411363865521927E-003   90.848212758262903        160.73160563045755        7.2759054565293469E-004
   1.0197720141401064E-003   90.877680486031409        160.73911078553755        7.3950870209316772E-004
   2.9643094132589677E-004   90.910589195161648        160.74663350520586        7.4988886163609655E-004
  -4.4477874596037198E-004   90.946392286899496        160.75415599996680        7.5860025018602154E-004
  -1.1863099813914685E-003   90.984457998240302        160.76166003622515        7.6562542362532582E-004
  -1.9382223294912451E-003   91.024063741439818        160.76912736853467        7.7089433693882606E-004
  -2.6878481691175811E-003   91.064418691872078        160.77653949223793        7.7441260430129470E-004
  -3.4241635091910492E-003   91.104674712067251        160.78387795549600        7.7617837325753521E-004
  -4.1327767846525369E-003   91.144018262167393        160.79112463052192        7.7624266943503997E-004
  -4.8223432519144986E-003   91.181756780960185        160.79826206870229        7.7464544473364511E-004
  -5.4830801355489293E-003   91.217325171646365        160.80527328742301        7.7147366449632825E-004
  -6.1177821389640143E-003   91.250356873181119        160.81214201188070        7.6679183965468569E-004
  -6.7300438989799536E-003   91.280578525499308        160.81885260579381        7.6067300736262756E-004
  -7.3031136184919972E-003   91.307831699622696        160.82538998417911        7.5315025857638487E-004
  -7.8356064425640533E-003   91.332071581359997        160.83174002580085        7.4433761370647255E-004
  -8.3236468081547485E-003   91.353260723658281        160.83788960767876        7.3431364944210285E-004
  -8.7865256914370846E-003   91.371296722944379        160.84382670094467        7.2310712088576197E-004
  -9.2002726474387855E-003   91.386243612736635        160.84953989598591        7.1079050181067417E-004
  -9.5924787555985297E-003   91.398013610323204        160.85501899345454        6.9740028659942457E-004
  -9.9302440595035752E-003   91.406613805387380        160.86025432448500        6.8298223053830172E-004
  -1.0242512942429437E-002   91.412018715450259        160.86523756059822        6.6754695063201146E-004
  -1.0501951364556492E-002   91.414137369779354        160.86996100119543        6.5115626578154191E-004
  -1.0735991754376433E-002   91.412892756083750        160.87441824815505        6.3386964002134626E-004
  -1.0916110571027366E-002   91.408256539450448        160.87860352853701        6.1573118426015759E-004
  -1.1077357689202446E-002   91.400266295300639        160.88251239826536        5.9677998305609451E-004
  -1.1164797889288274E-002   91.388955828126143        160.88614087890872        5.7713070353374496E-004
  -1.1223444481192028E-002   91.374526245907163        160.88948681101314        5.5683249826145504E-004
  -1.1242815779188642E-002   91.357124215276428        160.89254874395891        5.3594619935383068E-004
  -1.1249476797153598E-002   91.337119381661353        160.89532619601007        5.1452852036101946E-004
  -1.1203859210881047E-002   91.314767567838047        160.89781899835302        4.9272122307333552E-004
  -1.1119095501569193E-002   91.290285642833524        160.90002827122802        4.7062028687436431E-004
  -1.1007179130939002E-002   91.263969539229848        160.90195610019859        4.4830008113432539E-004
  -1.0864229786620636E-002   91.235932608569200        160.90360524106930        4.2584730431390440E-004
  -1.0686963991926280E-002   91.206304649403847        160.90497921548061        4.0335493798071044E-004
  -1.0482654576104792E-002   91.175234848416068        160.90608239221956        3.8086813205032930E-004
  -1.0263750436674244E-002   91.142976838376825        160.90691980802231        3.5847109582062966E-004
  -1.0003692781630649E-002   91.109807264742400        160.90749686165483        3.3626888266701410E-004
  -9.7299786328604171E-003   91.076074694092213        160.90781996814999        3.1429062576683256E-004
  -9.4264109825318403E-003   91.042091721959508        160.90789588291091        2.9265007152375403E-004
  -9.1225309299582790E-003   91.008200253328525        160.90773210053740        2.7135690745366836E-004
  -8.7935337821471084E-003   90.974610517354407        160.90733612546398        2.5051364603953768E-004
  -8.4502016526117676E-003   90.941437112556386        160.90671608446422        2.3017106174836211E-004
  -8.0956977062458038E-003   90.908721241773875        160.90588046024246        2.1033186024417493E-004
  -7.7278104378174315E-003   90.876436410915744        160.90483801299834        1.9109652481213662E-004
  -7.3353682540334706E-003   90.844508542196039        160.90359783546810        1.7251942228850694E-004
  -6.9504409529087575E-003   90.813012506576626        160.90216962704696        1.5464815894633354E-004
  -6.5470295659269062E-003   90.782031041404849        160.90056290318626        1.3755377344755039E-004
  -6.1215719524424419E-003   90.751848239704699        160.89878763546650        1.2127440261955165E-004
  -5.6951816676778927E-003   90.722826106573123        160.89685433815040        1.0584221804618729E-004
  -5.2732244584219731E-003   90.695506898489455        160.89477354876530        9.1256213044587595E-005
  -4.8707243643797077E-003   90.670496552619113        160.89255569497593        7.7460634733747516E-005
  -4.4711880742146961E-003   90.648549579770432        160.89021072367623        6.4465795664197126E-005
  -4.0860967111729400E-003   90.630538611883040        160.88774850818427        5.2260451646120762E-005
  -3.7401926003237038E-003   90.617357083371189        160.88517856489429        4.0720522488481256E-005
  -3.4174033063240753E-003   90.610013224823533        160.88250944239817        2.9796496290049361E-005
  -3.1263297169581484E-003   90.609457549934433        160.87974911889282        1.9421855285043563E-005
  -2.8767841198071120E-003   90.616614333204510        160.87690478913217        9.4985661704526374E-006
  -2.6649263910575459E-003   90.632155984935125        160.87398262341421       -8.3327165009047455E-008
  -2.5004554580831083E-003   90.656594322987530        160.87098786135041       -9.4563086851206476E-006
  -2.3847265688279658E-003   90.689977275029989        160.86792457378135       -1.8751945980914445E-005
  -2.3151275142425380E-003   90.732079552705116        160.86479562825266       -2.8135228850270244E-005
  -2.2681627263973565E-003   90.782151137121119        160.86160275512651       -3.7678625575315820E-005
  -2.2473940966524298E-003   90.839032043921151        160.85834712491933       -4.7511422129195754E-005
  -2.2509819715959872E-003   90.901110460943855        160.85502926167052       -5.7720289977015351E-005
  -2.2733741507726321E-003   90.966554250290628        160.85164908912341       -6.8420399455097159E-005
  -2.2742956160119975E-003   91.033391060842035        160.84820606681487       -7.9621723240714675E-005
  -2.2607131245768138E-003   91.099630336194011        160.84470018287269       -9.1360541863964485E-005
  -2.2196570480910800E-003   91.163419031903103        160.84113178176153       -1.0360187108760792E-004
  -2.1496053238238412E-003   91.223047437399345        160.83750188503743       -1.1633576188751277E-004
  -2.0472021024596802E-003   91.277131191321629        160.83381222813765       -1.2948325860410775E-004
  -1.9138531590815906E-003   91.324569738181907        160.83006534316337       -1.4297305326918324E-004
  -1.7266387746470355E-003   91.364610538408542        160.82626452440695       -1.5673545306381443E-004
  -1.4586664069547682E-003   91.396872274974385        160.82241439256805       -1.7056360570457269E-004
  -1.1630074638728843E-003   91.421195146893680        160.81852155684118       -1.8440761584430880E-004
  -8.1228079553892908E-004   91.437778960327279        160.81459330771111       -1.9809061505006919E-004
  -4.3873286395600450E-004   91.447112229582885        160.81063829047667       -2.1151151507036985E-004
  -2.1544880328002026E-005   91.449936957099055        160.80666571079416       -2.2456127301640426E-004
   4.3173326310892707E-004   91.447164845707377        160.80268584666317       -2.3711790785469137E-004
   8.9939094089946871E-004   91.439871652074018        160.79870986340524       -2.4914629361546034E-004
   1.3998151784107139E-003   91.429219174193179        160.79474927793510       -2.6050860075058958E-004
   1.9000826559576393E-003   91.416458599191500        160.79081641073350       -2.7116295596763679E-004
   2.3929323092151821E-003   91.402814383749288        160.78692357491866       -2.8105839353225267E-004
   2.8746882859416083E-003   91.389456483960529        160.78308289912255       -2.9014540843339643E-004
   3.3603837015621358E-003   91.377391319478761        160.77930623533425       -2.9833910272263970E-004
   3.8045180022303875E-003   91.367472958339818        160.77560552979671       -3.0564286789810859E-004
   4.2333001535712241E-003   91.360427311493396        160.77199170260587       -3.1199169506868248E-004
   4.6465841546550965E-003   91.356664717262504        160.76847529302751       -3.1730122530877546E-004
   5.0187612279335913E-003   91.356311805172780        160.76506645653583       -3.2154430184010157E-004
   5.3801962372235267E-003   91.359208801093601        160.76177433461501       -3.2464049135793959E-004
   5.7235133399874405E-003   91.364900540174361        160.75860780228186       -3.2646892396709566E-004
   6.0328002218382696E-003   91.372680103312618        160.75557528666684       -3.2698987100082514E-004
   6.3412430791906444E-003   91.381663343565549        160.75268437584543       -3.2604922433762592E-004
   6.6152980792415347E-003   91.390795733754970        160.74994263548521       -3.2360739627779102E-004
   6.8872685872866249E-003   91.398935004540562        160.74735678379659       -3.1958155800460735E-004
   7.1704215449402611E-003   91.405077852264881        160.74493348578699       -3.1387151148283240E-004
   7.4621557661033698E-003   91.408207342420397        160.74267968078655       -3.0634698705714781E-004
   7.7608064512289954E-003   91.407539385979547        160.74060251884794       -2.9696489616099620E-004
   8.0493158779967426E-003   91.402514205398674        160.73870931874492       -2.8567451752515725E-004
   8.3464021459878929E-003   91.392801258236801        160.73700715027044       -2.7245808445107233E-004
   8.6389511717415383E-003   91.378449940373642        160.73550329325553       -2.5730708296904333E-004
   8.9461554169915324E-003   91.359831048173803        160.73420491668409       -2.4021425893301179E-004
   9.2361085582214029E-003   91.337612213705654        160.73311955004320       -2.2123465229741455E-004
   9.5264722037929229E-003   91.312806510779410        160.73225429898486       -2.0041057405729306E-004
   9.8000862846179919E-003   91.286643221316112        160.73161628068442       -1.7785667161353676E-004
   1.0031670770015802E-002   91.260602405196764        160.73121220164091       -1.5374097276947920E-004
   1.0231810135410519E-002   91.236264315231736        160.73104773566075       -1.2821433609136646E-004
   1.0384023531253193E-002   91.215134543017996        160.73112778465892       -1.0143781634777323E-004
   1.0486530226035259E-002   91.198578488546730        160.73145607420068       -7.3647260181385451E-005
   1.0521050922902632E-002   91.187756028373130        160.73203510782943       -4.5051725894515767E-005
   1.0491794611925542E-002   91.183553971647981        160.73286571891353       -1.5891903870854466E-005
   1.0413962901760767E-002   91.186460562871375        160.73394717352613        1.3638068464134627E-005
   1.0251872086654089E-002   91.196639322414214        160.73527754467162        4.3271272922345083E-005
   1.0034844058455795E-002   91.213828633708033        160.73685283372615        7.2794820206332399E-005
   9.7792257436622246E-003   91.237540985239221        160.73866769314543        1.0206910319194382E-004
   9.4650718257749643E-003   91.266940375079230        160.74071582680992        1.3086249327881299E-004
   9.0894637341825731E-003   91.301066288187783        160.74298949961570        1.5898203511954340E-004
   8.6836590170667922E-003   91.338769983724973        160.74547946579563        1.8634169647801786E-004
   8.2467277522525785E-003   91.378916283746818        160.74817573813172        2.1275514223477836E-004
   7.7993879284274587E-003   91.420175033344549        160.75106756381084        2.3819788901285663E-004
   7.3053659692252160E-003   91.461228990348275        160.75414393372623        2.6251769543901576E-004
   6.8166255939952616E-003   91.500907494936385        160.75739269043228        2.8568195804010366E-004
   6.3557625757332935E-003   91.538082660793478        160.76080180667154        3.0768081175716974E-004
   5.8853732766772776E-003   91.571844210166148        160.76435994136259        3.2847882338226688E-004
   5.4129395850036665E-003   91.601372772808887        160.76805551925887        3.4809347247932238E-004
   4.9740101076966876E-003   91.626154148313532        160.77187691323849        3.6656226917811135E-004
   4.5278394997198407E-003   91.645873837550440        160.77581332139306        3.8387120503764006E-004
   4.1246467368086315E-003   91.660377316606002        160.77985376245562        4.0011321912732659E-004
   3.7345646011268780E-003   91.669808653645021        160.78398831294240        4.1537277654857762E-004
   3.3573574106077683E-003   91.674410966953346        160.78820737170955        4.2970900905892344E-004
   3.0045809814604591E-003   91.674470528997261        160.79250165360719        4.4317356410407372E-004
   2.6836717345973685E-003   91.670358576252724        160.79686247385615        4.5588559135631608E-004
   2.3792042375052730E-003   91.662409667150911        160.80128193095686        4.6790625205228147E-004
   2.0874463347859535E-003   91.650890133227136        160.80575252752371        4.7930238992553297E-004
   1.8170026370196975E-003   91.635931219982211        160.81026707848670        4.9014779835774539E-004
   1.5752958873364142E-003   91.617477054629106        160.81481892284435        5.0051006211036982E-004
   1.3533657051073139E-003   91.595310669943103        160.81940210599001        5.1046235416623046E-004
   1.1626874361035811E-003   91.569017877417920        160.82401115942284        5.2010124838581205E-004
   9.7542793216182165E-004   91.538247557551060        160.82864138386540        5.2944679739158260E-004
   8.3774885817168099E-004   91.502621428072317        160.83328816317899        5.3858658490324636E-004
   7.2812879209999050E-004   91.461848112073938        160.83794810185671        5.4759478252769400E-004
   6.4137243320542419E-004   91.415733738912024        160.84261849529477        5.5651714699673713E-004
   6.0044305866101548E-004   91.364390537816647        160.84729720123494        5.6541792701087466E-004
   5.6802054479992157E-004   91.308125090181875        160.85198320633370        5.7432786035198249E-004
   5.8032846270779663E-004   91.247572330806236        160.85667570681181        5.8326341874835510E-004
   5.8425163186781842E-004   91.183525026718542        160.86137500139583        5.9220055206530068E-004
   6.0252725945444973E-004   91.116958066332970        160.86608118258161        6.0111886901845744E-004
   6.2467650796132243E-004   91.049011489898987        160.87079469711227        6.1000140787081274E-004
   6.3990471965570293E-004   90.981051846579362        160.87551608775701        6.1882289465872524E-004
   6.3797614205977459E-004   90.914512197515677        160.88024572736728        6.2751939641758040E-004
   6.0740772045777115E-004   90.850834068599852        160.88498356707598        6.3599648242955323E-004
   5.5941444087085474E-004   90.791519190217301        160.88972885307541        6.4416022396953960E-004
   4.8427809370615204E-004   90.737894990458301        160.89448040287743        6.5193222103073108E-004
   3.5427245768974601E-004   90.691061947461165        160.89923636610715        6.5917756448939787E-004
   1.9519855364715031E-004   90.651836810522965        160.90399354069237        6.6577086128394975E-004
  -2.5395824987584987E-005   90.620717755643298        160.90874800860357        6.7156627215683479E-004
  -2.9243235079045058E-004   90.597927799870931        160.91349433604441        6.7641793715393856E-004
  -6.0065306768880740E-004   90.583312729147323        160.91822594459359        6.8018583648874137E-004
  -9.4155263653757234E-004   90.576440230774352        160.92293524054756        6.8271268634544871E-004
  -1.3296881217260911E-003   90.576692805149946        160.92761382455834        6.8391328411398448E-004
  -1.7413735801021304E-003   90.583259220056846        160.93225213243736        6.8368050859743358E-004
  -2.1821557167251977E-003   90.595126884013908        160.93684001932897        6.8194454030856772E-004
  -2.6324664623154502E-003   90.611189503223187        160.94136662267883        6.7867670011413682E-004
  -3.0863151878878447E-003   90.630261637069736        160.94582084441731        6.7389296387381208E-004
  -3.5453345941895025E-003   90.651184340785903        160.95019149868077        6.6760605736773692E-004
  -4.0005538132512064E-003   90.672839118647460        160.95446727160660        6.5986025091618482E-004
  -4.4461599643914954E-003   90.694257684166189        160.95863694329879        6.5072648686125738E-004
  -4.8752768397532899E-003   90.714574127563409        160.96268953008362        6.4028821639665551E-004
  -5.2743580143235543E-003   90.733290876433244        160.96661445457519        6.2866267299892557E-004
  -5.6608982679332695E-003   90.750107536073870        160.97040187942514        6.1592404201235161E-004
  -6.0085520478025392E-003   90.764938378903508        160.97404227499362        6.0221215513359073E-004
  -6.3545747689064567E-003   90.777959808491744        160.97752707127415        5.8760502940338570E-004
  -6.6643643370808726E-003   90.789535425270458        160.98084773719401        5.7218344716216025E-004
  -6.9539464704075800E-003   90.800100472180461        160.98399663480976        5.5607746965684248E-004
  -7.2145872699080817E-003   90.810092939773625        160.98696662392854        5.3939478043443637E-004
  -7.4711644228919287E-003   90.820100483227719        160.98975127725330        5.2217923534496758E-004
  -7.7208909400344090E-003   90.830530721689385        160.99234426633677        5.0451682998998450E-004
  -7.9539113002284369E-003   90.841758476030734        160.99473943016503        4.8648430267618547E-004
  -8.1812138263273933E-003   90.853958507632456        160.99693101909318        4.6813014004032426E-004
  -8.3738720154544789E-003   90.867202675612006        160.99891342281117        4.4961716585882350E-004
  -8.5609598793923956E-003   90.881439673031565        161.00068188487731        4.3099367750683071E-004
  -8.7059053738248893E-003   90.896410404165110        161.00223178481602        4.1233914694451565E-004
  -8.8662809065835589E-003   90.911653971817344        161.00355954101460        3.9368734634462462E-004
  -8.9926094841230320E-003   90.926569550517854        161.00466118938223        3.7510071204635776E-004
  -9.0800428754879391E-003   90.940371659596295        161.00553360484224        3.5668416885755740E-004
  -9.1181291942432473E-003   90.952179152290853        161.00617462166070        3.3852122115075558E-004
  -9.1175839630214545E-003   90.960914571217785        161.00658329140427        3.2067882987117462E-004
  -9.0774209927126578E-003   90.965625999934488        161.00675961839505        3.0320209507237936E-004
  -8.9808435565828341E-003   90.965347261220685        161.00670458421817        2.8616966624161577E-004
  -8.8394439362071437E-003   90.959236483963849        161.00642056286134        2.6961670219005185E-004
  -8.6415579818076172E-003   90.946815468515140        161.00591103504175        2.5361324911223233E-004
  -8.3730372696339869E-003   90.927884328105876        161.00518087554462        2.3825481793961101E-004
  -8.0603122511672121E-003   90.902623958942542        161.00423670268253        2.2360650273679412E-004
  -7.6908101262752543E-003   90.871402038892157        161.00308622661049        2.0976664399647210E-004
  -7.2755281191438223E-003   90.834994816763540        161.00173855941009        1.9679023372567054E-004
  -6.8225316744732808E-003   90.794177593030128        161.00020394286923        1.8473884406604283E-004
  -6.3509580079274828E-003   90.749882009958696        160.99849355070322        1.7362945558335965E-004
  -5.8462424113254387E-003   90.702963782982607        160.99661901546884        1.6359763082742461E-004
  -5.3171538949027559E-003   90.654212643492144        160.99459278835803        1.5466948329901807E-004
  -4.7551169987151290E-003   90.604233915930820        160.99242792278787        1.4690398667388960E-004
  -4.1936926234720003E-003   90.553578200742280        160.99013828537659        1.4030511349085310E-004
  -3.6158738237868412E-003   90.502664064890453        160.98773772767098        1.3489313700911710E-004
  -3.0359571969553658E-003   90.451981387168999        160.98524050637965        1.3064514154962852E-004
  -2.4390437469205299E-003   90.402024071282781        160.98266093044055        1.2762095209478572E-004
  -1.8628708258047798E-003   90.353498702837499        160.98001372836339        1.2569570390710144E-004
  -1.3052492777566869E-003   90.307087087814367        160.97731311717209        1.2479217477908363E-004
  -7.4660457058802832E-004   90.263734857052398        160.97457285694585        1.2489220839855233E-004
  -2.2665837004037440E-004   90.224408891605677        160.97180673429708        1.2585007437453650E-004
   2.7156766802411390E-004   90.190177842948202        160.96902758189685        1.2760409970696436E-004
   7.3005888570663098E-004   90.162189642089956        160.96624769854512        1.3001024099299521E-004
   1.1350233681620976E-003   90.141362689813846        160.96347840401165        1.3289592029103154E-004
   1.4879118166863875E-003   90.128427043666946        160.96072969963288        1.3610945591896605E-004
   1.7868266732333172E-003   90.123895235577663        160.95801030350640        1.3948464987558186E-004
   2.0232653532645728E-003   90.127923298187014        160.95532760444667        1.4287588563090890E-004
   2.2177676360307557E-003   90.140480985173610        160.95268745181102        1.4617089953124766E-004
   2.3636462099668625E-003   90.161165155384182        160.95009466242439        1.4924015781225198E-004
   2.4475187007428354E-003   90.189415247923989        160.94755285470555        1.5197223060766130E-004
   2.5069575364622251E-003   90.224477118362302        160.94506411906619        1.5434590818812300E-004
   2.5478265883150811E-003   90.265465294101887        160.94262994372613        1.5636052142055842E-004
   2.5496602871283411E-003   90.311396853437785        160.94025135937511        1.5800078870876127E-004
   2.5165005419725945E-003   90.361367321057259        160.93792843397060        1.5919672828564814E-004
   2.4555033123095397E-003   90.414397410919534        160.93566037138382        1.5994076542851047E-004
   2.3765137505323106E-003   90.469499012721485        160.93344568874321        1.6024043026699935E-004
   2.2827063388414347E-003   90.525849550830856        160.93128245832750        1.6011453376006446E-004
   2.2015351230676907E-003   90.582608846856274        160.92916838544537        1.5958186519239820E-004
   2.1164204848701114E-003   90.639053760725744        160.92710148493532        1.5870698893420354E-004
   2.0363686635522559E-003   90.694518657162121        160.92507967232504        1.5751750604664895E-004
   1.9662406707787539E-003   90.748339269245776        160.92310098577607        1.5607210658117834E-004
   1.8984555551286801E-003   90.799981101132815        160.92116370555155        1.5440893385356420E-004
   1.8513388604363978E-003   90.848790523916051        160.91926616693723        1.5257502203699442E-004
   1.8341019018489242E-003   90.894203329898090        160.91740721205645        1.5069832125865707E-004
   1.8431771031652139E-003   90.935676266361043        160.91558641878214        1.4887334634781392E-004
   1.8580800270155541E-003   90.972678440107899        160.91380401105417        1.4714365280435815E-004
   1.9170617640851271E-003   91.004770263984256        160.91206035432660        1.4564742095816936E-004
   2.0089325406278408E-003   91.031727725713296        160.91035689955876        1.4450721145569284E-004
   2.1235412772864014E-003   91.053432638205123        160.90869590685051        1.4379814648908518E-004
   2.2605571195476138E-003   91.069937392362263        160.90708019575086        1.4359914400631840E-004
   2.4332318915091288E-003   91.081486760325163        160.90551313663946        1.4401265258627403E-004
   2.6310035146049895E-003   91.088403423726305        160.90399897899843        1.4514064183044839E-004
   2.8547108293688044E-003   91.091106939248263        160.90254258988827        1.4703394571744067E-004
   3.0775757839018101E-003   91.089990155823116        160.90114947488590        1.4971068094738136E-004
   3.3398040835532403E-003   91.085469045730903        160.89982511830229        1.5323987683508599E-004
   3.6018125991386144E-003   91.077763079699821        160.89857597395738        1.5763073506018659E-004
   3.8980373333777829E-003   91.067055615642744        160.89740848947304        1.6293333846656576E-004
   4.1875855262444089E-003   91.053397865440331        160.89632995547012        1.6911582489723858E-004
   4.5046619926439688E-003   91.036790266565788        160.89534749730501        1.7619933266074827E-004
   4.8082016964903313E-003   91.017257289192955        160.89446891888994        1.8410441067730714E-004
   5.1467133906733806E-003   90.994961302145128        160.89370168998346        1.9289480767477644E-004
   5.4845226135060814E-003   90.970185677759176        160.89305414203454        2.0250021725002297E-004
   5.8175826941226014E-003   90.943385937267081        160.89253458851502        2.1289066977645094E-004
   6.1447882552287392E-003   90.915121955763482        160.89215122587075        2.2403841944334548E-004
   6.4622691540621923E-003   90.886102803180435        160.89191210598392        2.3586168122336466E-004
   6.7814010664002770E-003   90.857051691109675        160.89182504082231        2.4834364850791153E-004
   7.0782929183973919E-003   90.828717809633005        160.89189788351567        2.6141016002236944E-004
   7.3501383121100201E-003   90.801889762197874        160.89213793878753        2.7498797193865735E-004
   7.5931946243132740E-003   90.777333038148043        160.89255189448514        2.8901168941435838E-004
   7.8048395129769335E-003   90.755777260453073        160.89314572922657        3.0343177391014008E-004
   7.9791945733311206E-003   90.737854454579136        160.89392464831181        3.1817952913261861E-004
   8.1185688027278231E-003   90.724114780790813        160.89489293778351        3.3319746504971361E-004
   8.2122102063854618E-003   90.714904335990525        160.89605402278605        3.4845686407811627E-004
   8.2543059000863492E-003   90.710514956447184        160.89741020233740        3.6387792630694329E-004
   8.2518327523259261E-003   90.711005136146156        160.89896250601043        3.7940849329386498E-004
   8.2024507894421107E-003   90.716281715612510        160.90071086596927        3.9502421111931664E-004
   8.1145769739099528E-003   90.726237836569908        160.90265405945701        4.1065994317255721E-004
   7.9830641666520999E-003   90.740481052805308        160.90478991636451        4.2632001967206145E-004
   7.8173112361589799E-003   90.758691738055262        160.90711519281425        4.4202509605596979E-004
   7.6176489801827998E-003   90.780344791510345        160.90962580301616        4.5774992383469280E-004
   7.3962013308184141E-003   90.804780493567904        160.91231682702775        4.7353294672316544E-004
   7.1440536392202610E-003   90.831229835102832        160.91518280992591        4.8935523798472093E-004
   6.8897819838610866E-003   90.858795627466307        160.91821754209332        5.0525957427444992E-004
   6.6184111389805608E-003   90.886350480445785        160.92141476332520        5.2132019057094285E-004
   6.3556231316592689E-003   90.912822112728108        160.92476779471295        5.3752566891706634E-004
   6.1002120057957986E-003   90.937074976363817        160.92827017046690        5.5391486313381049E-004
   5.8538912084047023E-003   90.957982832119200        160.93191560892350        5.7050861991741412E-004
   5.6231233308083996E-003   90.974564126085113        160.93569805437912        5.8731965691534449E-004
   5.4076399204847020E-003   90.986047915691628        160.93961183650268        6.0432804938607510E-004
   5.1920550923461638E-003   90.991875928715658        160.94365166408372        6.2150996845677291E-004
   5.0055084263184229E-003   90.991722300477790        160.94781224467025        6.3885986418321693E-004
   4.8425850048745530E-003   90.985512523976126        160.95208900275495        6.5632946441104747E-004
   4.7056445742162814E-003   90.973527455091059        160.95647794682338        6.7387713087000757E-004
   4.5856148301891900E-003   90.956295844492644        160.96097572743508        6.9147410086874616E-004
   4.4770894892397096E-003   90.934637084211104        160.96557941254542        7.0903498537508306E-004
   4.3671079233198002E-003   90.909578783528929        160.97028635378561        7.2649019641307091E-004
   4.2579985608000156E-003   90.882313819748305        160.97509386640215        7.4375597043676894E-004
   4.1386086350600855E-003   90.854033150761822        160.97999928591042        7.6073153118894391E-004
   3.9963911875677506E-003   90.825893748869191        160.98499969349828        7.7723608307049541E-004
   3.8359384269672754E-003   90.798878050812334        160.99009160539242        7.9317896464651649E-004
   3.6658615461175569E-003   90.773705466167868        160.99527108572326        8.0845592467131068E-004
   3.4762323607498932E-003   90.750781699914157        161.00053395833626        8.2296447223584497E-004
   3.2479436340836841E-003   90.730109747409969        161.00587556153801        8.3655521087044329E-004
   3.0188056346138713E-003   90.711411302823393        161.01129027583519        8.4918551976840271E-004
   2.7707325788386317E-003   90.694218923513233        161.01677245650956        8.6075056620206762E-004
   2.5249316111833698E-003   90.677859565664974        161.02231598745922        8.7123078386740628E-004
   2.2368843467463211E-003   90.661784056973730        161.02791480536598        8.8051968342905344E-004
   1.9671463743895150E-003   90.645544935126424        161.03356179919376        8.8860582379387512E-004
   1.6915526104303779E-003   90.628835398100165        161.03925030614792        8.9551222784601202E-004
   1.4345083093515484E-003   90.611621661509673        161.04497351537205        9.0126358753871356E-004
   1.1505793756224675E-003   90.594207966346573        161.05072507035413        9.0580974747435611E-004
   8.6526573514772204E-004   90.577211096471515        161.05649794664615        9.0913431298974580E-004
   5.6167997868120578E-004   90.561422824498564        161.06228508306967        9.1124377077137419E-004
   2.4689947691573566E-004   90.547818531567373        161.06807896434600        9.1207956106599390E-004
  -9.6898815070275968E-005   90.537455869246756        161.07387179621171        9.1157561183671017E-004
  -4.5605874210481734E-004   90.531322611768260        161.07965506481256        9.0970150311718882E-004
  -8.5548227555508078E-004   90.530241363887981        161.08541987574682        9.0634985208641052E-004
  -1.2760700195096504E-003   90.534910557142737        161.09115633684863        9.0144681612760308E-004
  -1.7187516902610470E-003   90.545680492853464        161.09685403176391        8.9491134033151121E-004
  -2.2048063122422244E-003   90.562729104875913        161.10250199640390        8.8661928185807958E-004
  -2.7090212981425855E-003   90.585839939389359        161.10808819488128        8.7651498381922737E-004
  -3.2239504386790763E-003   90.614700130377656        161.11360014201935        8.6453931797283003E-004
  -3.7528396580921507E-003   90.648782914832353        161.11902508732015        8.5068276474833590E-004
  -4.3003355666688930E-003   90.687286258172293        161.12434993578515        8.3485830206669941E-004
  -4.8356725422132440E-003   90.729234469400225        161.12956113251823        8.1711496156057376E-004
  -5.3713424328624892E-003   90.773577621750746        161.13464542539751        7.9743334363804397E-004
  -5.8859457076320598E-003   90.819211927377140        161.13958955478986        7.7587015098724843E-004
  -6.3792396381281875E-003   90.864947802055838        161.14438078364958        7.5246843481325230E-004
  -6.8540236117576323E-003   90.909622241886694        161.14900690380082        7.2733584502873781E-004
  -7.3031616058161618E-003   90.952138958187177        161.15345616830587        7.0056816211569591E-004
  -7.6854751966746199E-003   90.991495955303677        161.15771746560017        6.7235746887374479E-004
  -8.0516720134415232E-003   91.026879154533148        161.16178133967844        6.4276221060142655E-004
  -8.3606939333526441E-003   91.057665900801098        161.16563873649113        6.1202540624086602E-004
  -8.6222040787047507E-003   91.083486818828163        161.16928201877684        5.8031282389243988E-004
  -8.8351226273063726E-003   91.104177300636891        161.17270472675816        5.4781244589415900E-004
  -8.9801421392434813E-003   91.119635750381306        161.17590160448671        5.1475549362864294E-004
  -9.0635313757453598E-003   91.129939687537600        161.17886907880211        4.8138513482244794E-004
  -9.0947041074855555E-003   91.135193693308423        161.18160510229376        4.4791671934529478E-004
  -9.0858348163003061E-003   91.135577952054490        161.18410892087238        4.1454019316150190E-004
  -9.0046293678689854E-003   91.131138836783649        161.18638077177545        3.8149816095325905E-004
  -8.8919145275656326E-003   91.122008664314507        161.18842268230745        3.4896122214563794E-004
  -8.7264340546444902E-003   91.108258315045219        161.19023745939538        3.1716117444882230E-004
  -8.5091809091563109E-003   91.090006843357884        161.19182921409211        2.8626274830336547E-004
  -8.2534441577136013E-003   91.067275342984360        161.19320333797705        2.5641581079395955E-004
  -7.9646471565398523E-003   91.040147358535876        161.19436617385625        2.2771731493158458E-004
  -7.6280248047427019E-003   91.008816821531013        161.19532488021983        2.0034926742262078E-004
  -7.2553474655135597E-003   90.973519774923076        161.19608779751482        1.7440932059779106E-004
  -6.8275382091954771E-003   90.934603906592884        161.19666415748745        1.5000180837325769E-004
  -6.3911767813619970E-003   90.892392161420005        161.19706455370840        1.2712316150589859E-004
  -5.9152155556184242E-003   90.847364218048554        161.19729979032974        1.0589609092248658E-004
  -5.4068249398365647E-003   90.800058533121884        161.19738164816135        8.6280515010669426E-005
  -4.8922603908773043E-003   90.751133974366596        161.19732270883381        6.8296565034077305E-005
  -4.3604714650764638E-003   90.701341835287309        161.19713570494710        5.1906351371439466E-005
  -3.8420049278218046E-003   90.651651949515127        161.19683379399356        3.7008378935417809E-005
  -3.3261898609558919E-003   90.603196627798241        161.19642980157903        2.3583530841026360E-005
  -2.8224349982034435E-003   90.557123935095660        161.19593648584762        1.1530981776934262E-005
  -2.3471910256517565E-003   90.514643162354048        161.19536630531314        7.1605811716525435E-007
  -1.8994094808417441E-003   90.476997551340872        161.19473101219862       -8.9320925976468186E-006
  -1.4796824259565081E-003   90.445359621097026        161.19404167783816       -1.7539174258056677E-005
  -1.1040105085739719E-003   90.420739062788073        161.19330867849655       -2.5240934268472518E-005
  -7.8522263664963928E-004   90.404117563616140        161.19254129941137       -3.2126214661642584E-005
  -5.0232458299260304E-004   90.396155998765181        161.19174741658105       -3.8229093757091632E-005
  -2.8569499059507403E-004   90.397442382975385        161.19093401770130       -4.3662058690245843E-005
  -1.3036502668359277E-004   90.408264738270390        161.19010645025841       -4.8543422383076214E-005
  -8.2882401867682703E-006   90.428777891706432        161.18926854515789       -5.2877700662325389E-005
   3.9610974269094689E-005   90.458881662807883        161.18842331050561       -5.6766444013995200E-005
   4.4455525881929956E-005   90.498244454068768        161.18757191936700       -6.0202976874753375E-005
  -2.0617874928669508E-005   90.546288594753207        161.18671447881130       -6.3300211931085657E-005
  -1.2041171037963825E-004   90.602208008717184        161.18584936630512       -6.6012204360633306E-005
  -2.4745374437951540E-004   90.665127869794631        161.18497410117371       -6.8357321682522846E-005
  -4.1381547951064278E-004   90.733954944000772        161.18408552928040       -7.0304622772766811E-005
  -5.9546912938692939E-004   90.807563980843653        161.18317952362298       -7.1840625145724822E-005
  -7.9202433847741613E-004   90.884688880318180        161.18225157915992       -7.2927951875082338E-005
  -9.9540740771100669E-004   90.964081118671118        161.18129682257350       -7.3542103036086616E-005
  -1.2039340740767198E-003   91.044405245423889        161.18031021237402       -7.3619224488287159E-005
  -1.4001136421973551E-003   91.124336989585359        161.17928657970501       -7.3143810850629886E-005
  -1.5866008912822137E-003   91.202698458293000        161.17822106180239       -7.2090605771066971E-005
  -1.7360676398497695E-003   91.278409781094695        161.17710903695578       -7.0370427469070400E-005
  -1.8636648796002248E-003   91.350419836988763        161.17594680012732       -6.7942012825938493E-005
  -1.9641542080613204E-003   91.417959873848829        161.17473118764121       -6.4712132429106756E-005
  -2.0257324689245183E-003   91.480432619867798        161.17345970632766       -6.0672784233375245E-005
  -2.0546404904353329E-003   91.537347471508227        161.17213082709142       -5.5739276511541924E-005
  -2.0307861594941841E-003   91.588335891332719        161.17074383059483       -4.9782426084408403E-005
  -1.9814673476897986E-003   91.633058397352315        161.16929930380738       -4.2813114005332130E-005
  -1.8798785297812401E-003   91.671321827538833        161.16779846469515       -3.4763062796227581E-005
  -1.7524115686731604E-003   91.702895469466014        161.16624382513336       -2.5620441509255742E-005
  -1.5749959587023855E-003   91.727502297042122        161.16463853746481       -1.5330602957638243E-005
  -1.3548379509187814E-003   91.744990256450620        161.16298699074352       -3.8946585669883443E-006
  -1.0929598059373521E-003   91.755190188217696        161.16129463199437        8.6624453382069456E-006
  -7.8455010735903081E-004   91.758085349308459        161.15956794031916        2.2332448743449577E-005
  -4.4430941677178141E-004   91.753804715291253        161.15781454565638        3.7077650068399668E-005
  -3.8905951125557397E-005   91.742677177200179        161.15604286475215        5.2882636126874781E-005
   3.8598865156829740E-004   91.725139355298253        161.15426292439321        6.9617180348948945E-005
   8.4208034221734207E-004   91.701789005169843        161.15248523182990        8.7186593543034859E-005
   1.3195281149142334E-003   91.673519092857632        161.15072106421698        1.0545621213392889E-004
   1.8126710260245290E-003   91.641235594825574        161.14898222457063        1.2433885590932460E-004
   2.3098712427478602E-003   91.606062161521464        161.14728090276182        1.4368893573349736E-004
   2.8219322177727244E-003   91.569314736818001        161.14562938627338        1.6343362756206467E-004
   3.3118979039749325E-003   91.532529469580865        161.14404032762573        1.8345130466229317E-004
   3.7765744212622976E-003   91.497416993380895        161.14252583072607        2.0359027221659895E-004
   4.2197054337974205E-003   91.465674761124120        161.14109737138401        2.2371754561981245E-004
   4.6061320619538706E-003   91.439024675841623        161.13976589187482        2.4367347324341830E-004
   4.9667368189556691E-003   91.418992381400017        161.13854093077006        2.6337848998629528E-004
   5.2660321344324698E-003   91.406757129359903        161.13743138672535        2.8269446620600972E-004
   5.5081280680847515E-003   91.402986285775413        161.13644464273688        3.0156229490144355E-004
   5.7107244013714373E-003   91.407758120053472        161.13558666782808        3.1986919334608732E-004
   5.8461407625947769E-003   91.420516105551641        161.13486245499712        3.3752790068298491E-004
   5.9321467804953048E-003   91.440109110508672        161.13427533632546        3.5448176785120029E-004
   5.9856424898137982E-003   91.464814755443371        161.13382742367239        3.7069204062432584E-004
   6.0113865225706669E-003   91.492516249967451        161.13352002595786        3.8616003547241800E-004
   6.0373661932183699E-003   91.520778885359888        161.13335376752730        4.0097129734680464E-004
   6.0784545441828720E-003   91.547133523723019        161.13332928070420        4.1519680757382915E-004
   6.1254088191011313E-003   91.569335550481583        161.13344757348349        4.2893484303430985E-004
   6.2105705893395818E-003   91.585425499716223        161.13370979961192        4.4232487747686647E-004
   6.3260561564831936E-003   91.593979141844599        161.13411805835628        4.5549399725772232E-004
   6.4586154495299792E-003   91.594125870752592        161.13467520026771        4.6857159512409165E-004
   6.6534783048837354E-003   91.585626112379444        161.13538449907114        4.8174491934291970E-004
   6.8512639231668509E-003   91.568802136962020        161.13625076967557        4.9510516906388466E-004
   7.0690413790673095E-003   91.544538186694837        161.13727890102751        5.0874718877869053E-004
   7.3045684295705033E-003   91.514196937910810        161.13847427739961        5.2278237690224082E-004
   7.5349116368869113E-003   91.479369268584350        161.13984272234936        5.3725903188499909E-004
   7.7658426269451410E-003   91.441978297702249        161.14138993264865        5.5224201040085508E-004
   7.9783614161998140E-003   91.403965823906930        161.14312162123485        5.6773117714394733E-004
   8.1593216792592797E-003   91.367272188420458        161.14504304651143        5.8370989076135830E-004
   8.2986429299621977E-003   91.333655230569704        161.14715868716164        6.0011769589712286E-004
   8.3941973222727718E-003   91.304673619745230        161.14947199266169        6.1687421776612859E-004
   8.4318565425988874E-003   91.281535224296846        161.15198533085825        6.3386115524230913E-004
   8.4174583923752686E-003   91.265138149337588        161.15469963641604        6.5097591617369640E-004
   8.3354102575253948E-003   91.255939859058756        161.15761455687456        6.6809454884212446E-004
   8.1877352242856194E-003   91.254099818004676        161.16072806672886        6.8508320163541579E-004
   7.9934735501385364E-003   91.259343866692035        161.16403651575783        7.0182089262828934E-004
   7.7404606745827250E-003   91.271110406175936        161.16753509985568        7.1816750591053918E-004
   7.4340481364832825E-003   91.288602555042999        161.17121756075406        7.3403980061622991E-004
   7.0876043754150228E-003   91.310830077646685        161.17507631728500        7.4930310166688291E-004
   6.6990467088512426E-003   91.336719000224107        161.17910279526509        7.6390085337639394E-004
   6.2930121691118527E-003   91.365137140044098        161.18328737629778        7.7774469581528801E-004
   5.8762802299450892E-003   91.394959823858017        161.18762000749544        7.9079553782032577E-004
   5.4526636156270528E-003   91.425235768756920        161.19209036854087        8.0299919619865562E-004
   4.9884898805323324E-003   91.455139343067344        161.19668796725782        8.1426010337536244E-004
   4.5274857355184503E-003   91.484117049462796        161.20140130623625        8.2456410816323831E-004
   4.0475127066589506E-003   91.511744892618182        161.20621896542565        8.3384830553737653E-004
   3.5897892811407863E-003   91.537932045557611        161.21112905432736        8.4210127790817991E-004
   3.1346441505918574E-003   91.562702057237061        161.21612023237012        8.4931481958054578E-004
   2.6692461501174685E-003   91.586152814771978        161.22118122329721        8.5540316575169982E-004
   2.2106032447159001E-003   91.608294391968045        161.22630049732757        8.6029327335648527E-004
   1.7506010901251542E-003   91.629045783852391        161.23146669377147        8.6387888410649689E-004
   1.3005914547115464E-003   91.648125907669041        161.23666841978761        8.6607693828969021E-004
   8.7575663007721121E-004   91.665116788531293        161.24189453266538        8.6683104209301102E-004
   4.4897099844837371E-004   91.679451101322627        161.24713451540586        8.6606722320753111E-004
   4.2873017470896197E-005   91.690449564115923        161.25237780403796        8.6372254519414713E-004
  -3.3835835683457299E-004   91.697481402867126        161.25761434968055        8.5978852705088146E-004
  -6.7875785499191266E-004   91.699961441666275        161.26283472121813        8.5425983141311978E-004
  -9.9807730337563147E-004   91.697532508847914        161.26803050073727        8.4712533082363379E-004
  -1.2911456374185234E-003   91.689928974121557        161.27319379343143        8.3843119873401454E-004
  -1.5546321036603921E-003   91.677204739368904        161.27831735578727        8.2825877822077462E-004
  -1.7965188340744477E-003   91.659508271353658        161.28339467805969        8.1662966679078733E-004
  -1.9860559887640112E-003   91.637228418981493        161.28841978616833        8.0374352620334500E-004
  -2.1621679847594138E-003   91.610933360407472        161.29338800362038        7.8966751321728711E-004
  -2.3109184226744253E-003   91.581280613253341        161.29829498641695        7.7455518470944914E-004
  -2.4558372126887509E-003   91.549100729236130        161.30313706927495        7.5848560762744655E-004
  -2.5789606762608307E-003   91.515201584117833        161.30791068109423        7.4161793293566728E-004
  -2.6982362490732235E-003   91.480464092057787        161.31261279230398        7.2407381474573983E-004
  -2.8188822342283242E-003   91.445795271542309        161.31724046885816        7.0590357662702729E-004
  -2.9363631667055443E-003   91.411999796467327        161.32179074345828        6.8724984777724014E-004
  -3.0647165992012484E-003   91.380073111660224        161.32626072702874        6.6818152141360034E-004
  -3.2123850212631474E-003   91.350900860145799        161.33064726194101        6.4872979063371379E-004
  -3.3596262486952806E-003   91.325267900331554        161.33494671102005        6.2896878551359529E-004
  -3.5388499286108650E-003   91.303828297984097        161.33915544730291        6.0891427159464543E-004
  -3.7452599970389808E-003   91.287170700024518        161.34326905121000        5.8854196920835760E-004
  -3.9663107621462669E-003   91.275668606265910        161.34728242966966        5.6783982801014666E-004
  -4.2206768456190596E-003   91.269532769472747        161.35119012608035        5.4673147417712178E-004
  -4.4801653835736879E-003   91.268624809927928        161.35498585996663        5.2524667501028318E-004
  -4.7643439037909092E-003   91.272705345319110        161.35866322376455        5.0331848105990165E-004
  -5.0654073521374139E-003   91.281344205224372        161.36221519707706        4.8087635277893848E-004
  -5.3654434154512031E-003   91.293863209040822        161.36563434039019        4.5793182428354525E-004
  -5.6767154801514114E-003   91.309459549026101        161.36891323959824        4.3443508363387391E-004
  -5.9677642739922755E-003   91.327233707073731        161.37204420096694        4.1042560792221210E-004
  -6.2518283088889787E-003   91.346152865457285        161.37502003137502        3.8585848458731059E-004
  -6.5210704743138108E-003   91.365058696002521        161.37783370788060        3.6072287424012539E-004
  -6.7559786714811582E-003   91.382756671814093        161.38047857500646        3.3506823322817711E-004
  -6.9591630275360481E-003   91.397945197789667        161.38294882751441        3.0885413598572643E-004
  -7.1101012579251801E-003   91.409241376862013        161.38523944344078        2.8216994668208692E-004
  -7.2149141426523086E-003   91.415318518952517        161.38734669448553        2.5505350625942754E-004
  -7.2598250520308997E-003   91.414899028315162        161.38926799447816        2.2754276459993722E-004
  -7.2461604808042954E-003   91.406902308271782        161.39100224085695        1.9973096096883916E-004
  -7.1614923672461460E-003   91.390336245338816        161.39254978141201        1.7174149195138319E-004
  -7.0229128237124377E-003   91.364637797202178        161.39391272299835        1.4367922810097289E-004
  -6.8072602023688542E-003   91.329481402509401        161.39509450895883        1.1568874475216454E-004
  -6.5184073201355573E-003   91.284957251369207        161.39610049322570        8.7887478503467542E-005
  -6.1554145309126226E-003   91.231551689293070        161.39693784277344        6.0458521994917359E-005
  -5.7482365081372409E-003   91.170153576928357        161.39761556285774        3.3488534532158135E-005
  -5.2902432551562009E-003   91.101964834399865        161.39814375477749        7.1149479534217149E-006
  -4.8042786463012768E-003   91.028439814831074        161.39853377996357       -1.8569293337985570E-005
  -4.2757136576171079E-003   90.951295995005282        161.39879769189841       -4.3450991413530548E-005
  -3.7509124183100497E-003   90.872388335342549        161.39894860348934       -6.7509668205414456E-005
  -3.2045684345799767E-003   90.793558409643580        161.39899953338258       -9.0610516494056930E-005
  -2.6508447402227128E-003   90.716466860855064        161.39896403610899       -1.1269470986131897E-004
  -2.1047175349614548E-003   90.642534467073219        161.39885584994684       -1.3370731885507499E-004
  -1.5957719851111974E-003   90.572855116238443        161.39868852701531       -1.5362936343528381E-004
  -1.1055055229790046E-003   90.508193004860232        161.39847469730921       -1.7239421758431057E-004
  -6.3660819122868652E-004   90.448895107303471        161.39822652831035       -1.8997679088557856E-004
  -1.9356763644331462E-004   90.395158487708414        161.39795565836300       -2.0631419942035152E-004
   2.2834772953532991E-004   90.346979346885675        161.39767308525708       -2.2138029575061285E-004
   6.0739190071100186E-004   90.304384418871877        161.39738928342501       -2.3513459157557801E-004
   9.4770123845665634E-004   90.267362452323638        161.39711366248233       -2.4755067907911323E-004
   1.2557241486329598E-003   90.235909792386892        161.39685466962973       -2.5861606788877862E-004
   1.5459843730675452E-003   90.210216604738832        161.39661995096856       -2.6828587525070600E-004
   1.7876618012285096E-003   90.190427337274812        161.39641670906659       -2.7656285751206065E-004
   1.9819513235127171E-003   90.176687521598936        161.39625094018618       -2.8343874470172710E-004
   2.1441934829764353E-003   90.168954745657075        161.39612746311533       -2.8893774234038091E-004
   2.2836361176789537E-003   90.167147691493284        161.39605029969209       -2.9301308463471689E-004
   2.3768061759929975E-003   90.171123346026661        161.39602290208686       -2.9572690743640635E-004
   2.4252608815774207E-003   90.180500645819464        161.39604757282044       -2.9706461496959281E-004
   2.4426789000678221E-003   90.194923025844901        161.39612550250607       -2.9705599038416493E-004
   2.4305194154682500E-003   90.213874780901648        161.39625711158251       -2.9567722432633273E-004
   2.3821753786411014E-003   90.236840851358920        161.39644208386906       -2.9295241759733076E-004
   2.3087306302516084E-003   90.263282058254916        161.39667920455074       -2.8892781821947933E-004
   2.2010999329899620E-003   90.292696970266093        161.39696663433185       -2.8363606086157861E-004
   2.0844729147672957E-003   90.324597078148187        161.39730168579555       -2.7709449506926111E-004
   1.9350510937533678E-003   90.358536988046140        161.39768144689933       -2.6934794822277186E-004
   1.7930945832286347E-003   90.393915804353625        161.39810219114452       -2.6038606271807947E-004
   1.6337353348287380E-003   90.430149351780287        161.39856037815562       -2.5027026503003983E-004
   1.4710907788011141E-003   90.466659854309981        161.39905203815391       -2.3906252990313253E-004
   1.3071978169188925E-003   90.502724200723691        161.39957311909498       -2.2680344776546577E-004
   1.1516112768101907E-003   90.537697353763519        161.40011953778091       -2.1353406494074750E-004
   9.9228005132421995E-004   90.570917590225179        161.40068742058497       -1.9931394056017104E-004
   8.3927064296311226E-004   90.601762487445399        161.40127280202506       -1.8417531147628491E-004
   6.9038067003677247E-004   90.629831398090545        161.40187187543066       -1.6818832289922740E-004
   5.5898549907655777E-004   90.654903078148834        161.40248093773377       -1.5139913901594617E-004
   4.3420980257866581E-004   90.676981264039199        161.40309672355130       -1.3388342579447938E-004
   3.3189433954729827E-004   90.696290485744640        161.40371613434186       -1.1564658573251060E-004
   2.3181578721289260E-004   90.713263935055664        161.40433663112972       -9.6782408863207243E-005
   1.3911284718610257E-004   90.728516217945739        161.40495573332953       -7.7319225657637971E-005
   4.1475183347228687E-005   90.742730330581452        161.40557114539922       -5.7375787171936370E-005
  -5.3001197280929314E-005   90.756525255565222        161.40618045056809       -3.6996763681639353E-005
  -1.4967328799283131E-004   90.770474588798692        161.40678131321994       -1.6292207528512030E-005
  -2.5270480805756056E-004   90.785063873533758        161.40737134481631        4.6743663641257167E-006
  -3.5633975847476938E-004   90.800643543106744        161.40794799949606        2.5793907989230910E-005
  -4.6961112886324130E-004   90.817319239993637        161.40850871880400        4.7009401109909322E-005
  -5.8775114440252603E-004   90.835053665588788        161.40905070557577        6.8163494599680810E-005
  -6.8549389487101292E-004   90.853648558079996        161.40957104229923        8.9239395772322850E-005
  -8.0631345000293348E-004   90.872756868064414        161.41006731834844        1.1011240043069425E-004
  -9.1110249176245954E-004   90.891978403914962        161.41053655034622        1.3078914904147653E-004
  -1.0033752762849805E-003   90.910739744461949        161.41097615288459        1.5119011691066867E-004
  -1.0828328644618506E-003   90.928487431698684        161.41138385127044        1.7126264218488336E-004
  -1.1738968724808927E-003   90.944600297196203        161.41175768798695        1.9092920670179958E-004
  -1.2398709960442394E-003   90.958473739139961        161.41209541645176        2.1017792428295237E-004
  -1.2810784281494956E-003   90.969531508391796        161.41239541048478        2.2898969541050595E-004
  -1.2878088379089309E-003   90.977303720372106        161.41265665892820        2.4737938688689773E-004
  -1.2745037040808201E-003   90.981367265574320        161.41287900283965        2.6535788035208450E-004
  -1.2546103145655366E-003   90.981459066503831        161.41306277671600        2.8285604528621478E-004
  -1.1882415103423266E-003   90.977442602487940        161.41320847590507        2.9993951953125091E-004
  -1.1051213016394388E-003   90.969256044119945        161.41331774604737        3.1658209889303567E-004
  -9.8900425318068468E-004   90.957042232343284        161.41339264592077        3.3284915224659085E-004
  -8.4839911137865305E-004   90.941044459188106        161.41343605012216        3.4873942158812778E-004
  -6.8753410955010234E-004   90.921480012476763        161.41345143800663        3.6426475667425108E-004
  -5.1135977114672522E-004   90.898530587208811        161.41344278893695        3.7943343254444924E-004
  -3.0206401534558651E-004   90.872547292255376        161.41341446047295        3.9428492538939289E-004
  -8.6639485236520894E-005   90.843753290439665        161.41337163134551        4.0878238292698684E-004
   1.5077207049911433E-004   90.812342134519838        161.41331963152501        4.2298480897380261E-004
   4.1324927245329520E-004   90.778622969897540        161.41326433822778        4.3690536665056296E-004
   6.8246285012304542E-004   90.742752161396851        161.41321225052192        4.5051343625569394E-004
   9.5991615693408823E-004   90.704982103907511        161.41317003699066        4.6382363190491791E-004
   1.2479523632724196E-003   90.665750210190708        161.41314457385391        4.7686598554830668E-004
   1.5374886002129176E-003   90.625648923184528        161.41314300228780        4.8968241147749191E-004
   1.8323768475458238E-003   90.585382078558695        161.41317250352665        5.0228954132101303E-004
   2.1033375102782973E-003   90.545880685795140        161.41324039494091        5.1466840976391553E-004
   2.3620321549399910E-003   90.508151748405837        161.41335340358464        5.2687285927444278E-004
   2.5934733753805042E-003   90.473436236219698        161.41351795615492        5.3889461263785196E-004
   2.7951820584796328E-003   90.442944231690106        161.41373980611618        5.5073763618872749E-004
   2.9716536897946948E-003   90.417848243311525        161.41402397255317        5.6243451180793111E-004
   3.1047279589161273E-003   90.399209288825759        161.41437485120687        5.7397382050787852E-004
   3.1982403853532781E-003   90.387926690998711        161.41479576221272        5.8537121219475114E-004
   3.2338070641067620E-003   90.384551628247394        161.41528904581557        5.9660827946062065E-004
   3.2279748964112454E-003   90.389362555661165        161.41585560324179        6.0769448428192835E-004
   3.1723280378459172E-003   90.402196641224990        161.41649530947137        6.1857546581041477E-004
   3.0842828109846595E-003   90.422670419697113        161.41720680374922        6.2923881962568900E-004
   2.9386052800110317E-003   90.449974604878093        161.41798792007737        6.3961799412890310E-004
   2.7759620942541330E-003   90.483028208847145        161.41883506016686        6.4971666661895659E-004
   2.5978918487398407E-003   90.520471939467953        161.41974420348177        6.5946104154846017E-004
   2.4090415682313732E-003   90.560843944394648        161.42071094366983        6.6880055093407656E-004
   2.2123973100323475E-003   90.602612702158154        161.42173060496376        6.7766465965032343E-004
   1.9990865782339769E-003   90.644241637741388        161.42279831550488        6.8596204345443908E-004
   1.8081856504316548E-003   90.684374969894193        161.42390878836773        6.9367281896022179E-004
   1.6301983964168152E-003   90.721759467950235        161.42505729146737        7.0076092207121867E-004
   1.4778014106163306E-003   90.755536980810916        161.42623941068004        7.0716980244174533E-004
   1.3515457523143649E-003   90.785101767552092        161.42745136606737        7.1279022676028355E-004
   1.2367154163283034E-003   90.810300777721608        161.42869002537600        7.1758967252068598E-004
   1.1510739708772660E-003   90.831345287871287        161.42995254050405        7.2151638205351833E-004
   1.0786008435826658E-003   90.848733896643694        161.43123678576276        7.2455104946859571E-004
   1.0140445656780372E-003   90.863132183314690        161.43254096238593        7.2662222836060789E-004
   9.5801820238222907E-004   90.875445047855891        161.43386346832349        7.2767479823915445E-004
   8.9055834044186042E-004   90.886549537207785        161.43520291368267        7.2765713303823932E-004
   8.2634611144114249E-004   90.897429960262002        161.43655762356332        7.2651019490430025E-004
   7.6566855040483114E-004   90.908984072115089        161.43792600346799        7.2424136669319461E-004
   7.0368746635880849E-004   90.922052663525790        161.43930654533082        7.2086287700748189E-004
   6.1224937494517445E-004   90.937402048904147        161.44069770751685        7.1633799918548906E-004
   5.0347192190594483E-004   90.955644088680287        161.44209721606421        7.1062417562617667E-004
   3.9017983731165831E-004   90.977273178416439        161.44350236428608        7.0379549929633920E-004
   2.3823338147805755E-004   91.002680754901291        161.44491033083224        6.9580536575215293E-004
   8.1581696202262795E-005   91.031992209715142        161.44631733606587        6.8667536083524730E-004
  -8.8681748830083499E-005   91.065029350039381        161.44771948133240        6.7646047488171992E-004
  -2.7386685793077541E-004   91.101314022711051        161.44911252910455        6.6515234869141127E-004
  -4.6188638292968314E-004   91.140136135404688        161.45049186988618        6.5278154924557693E-004
  -6.6160527932350411E-004   91.180471580914727        161.45185282415244        6.3939273824325333E-004
  -8.4525413943869142E-004   91.221310851255438        161.45319042141523        6.2501974380599465E-004
  -1.0231263603212874E-003   91.261586558074598        161.45450008952312        6.0974289492686897E-004
  -1.1843790230602663E-003   91.300290375746329        161.45577740045789        5.9359959970617512E-004
  -1.3397971757408659E-003   91.336609484240370        161.45701833908308        5.7657916226481294E-004
  -1.4542885748928375E-003   91.369820305710007        161.45821903527036        5.5874627358282062E-004
  -1.5358251454975886E-003   91.399341686844380        161.45937663399127        5.4015301038936735E-004
  -1.5904808108310150E-003   91.424769839014658        161.46048909891329        5.2087341701171188E-004
  -1.6224631556225209E-003   91.445745471668758        161.46155505977063        5.0093568640849091E-004
  -1.6119421804187512E-003   91.462022754449620        161.46257371001380        4.8043389970417038E-004
  -1.5598216515812107E-003   91.473403709425384        161.46354529767606        4.5942194556702486E-004
  -1.4621827856734074E-003   91.479695717693815        161.46447110106530        4.3802536287923527E-004
  -1.3440711128017778E-003   91.480748423673859        161.46535352712394        4.1628427624604584E-004
  -1.1761129211908283E-003   91.476435284652212        161.46619548923687        3.9433187783442824E-004
  -9.8167145407153877E-004   91.466550188335219        161.46700113585300        3.7230519338625354E-004
  -7.2408172748749137E-004   91.450862243887826        161.46777527104999        3.5039340966045752E-004
  -4.5061644669694943E-004   91.429142234047688        161.46852426538169        3.2872412970455723E-004
  -1.2314610227965301E-004   91.401155147835794        161.46925488074956        3.0750477704792742E-004
   2.2299523133277762E-004   91.366868518401333        161.46997521889253        2.8690866566478772E-004
   6.1202741625165718E-004   91.326344007143121        161.47069384449000        2.6714913127343998E-004
   1.0410769865823611E-003   91.279872082362601        161.47142038640069        2.4840335944308317E-004
   1.5098121013205469E-003   91.227858330457067        161.47216546535597        2.3091923947241608E-004
   1.9858249540357894E-003   91.171034075495953        161.47294068933203        2.1482120126357606E-004
   2.4912282202140318E-003   91.110241908467884        161.47375784864255        2.0024520621667968E-004
   2.9984779465293491E-003   91.046507677428323        161.47462946408498        1.8731201845818845E-004
   3.5093413059010476E-003   90.980840096341751        161.47556810489064        1.7615177360162543E-004
   4.0234197854771151E-003   90.914348766315683        161.47658643233504        1.6683129513844609E-004
   4.5206633561237696E-003   90.848114809789635        161.47769718971082        1.5937916634618844E-004
   5.0107115157313363E-003   90.783136704837204        161.47891270516163        1.5380181352079621E-004
   5.4846083099839909E-003   90.720386886184400        161.48024513092744        1.5016029820231371E-004
   5.9331994851427447E-003   90.660640206202075        161.48170622015323        1.4839344598460867E-004
   6.3295991057737413E-003   90.604581063355909        161.48330709995506        1.4834111904468957E-004
   6.6843323048932377E-003   90.552723660272804        161.48505760343321        1.4993903710112149E-004
   7.0041845876452286E-003   90.505374688230759        161.48696653075351        1.5312152710640465E-004
   7.3025334194288301E-003   90.462715631331832        161.48904181761932        1.5777857372986892E-004
   7.5553929127795717E-003   90.424877853273145        161.49129086844130        1.6383368055598838E-004
   7.7624091959746060E-003   90.391888053887399        161.49371995934447        1.7110920547432033E-004
   7.9152730734096920E-003   90.363698531308060        161.49633422998383        1.7947062241888595E-004
   8.0370446188867354E-003   90.340268114983317        161.49913747656737        1.8882999683544389E-004
   8.1227405480249482E-003   90.321490919110985        161.50213272423755        1.9906631596857286E-004
   8.1636836098561479E-003   90.307200421340895        161.50532210414113        2.1002633971909041E-004
   8.1564932901847555E-003   90.297203000932953        161.50870663648610        2.2158091782444937E-004
   8.1169963244699175E-003   90.291302143510208        161.51228614785839        2.3364001780381728E-004
   8.0283353002960096E-003   90.289221653478947        161.51605966428562        2.4606268313036989E-004
   7.8948001098101076E-003   90.290659228773805        161.52002499130495        2.5870169157531727E-004
   7.7365249719292617E-003   90.295286082378709        161.52417882103819        2.7146801010896116E-004
   7.5287998330181146E-003   90.302836210990904        161.52851723210304        2.8420023490279017E-004
   7.3104091825908117E-003   90.312923641329334        161.53303507595288        2.9687019740364819E-004
   7.0582704319091137E-003   90.325202292272721        161.53772694000639        3.0931124055112307E-004
   6.7905574871811028E-003   90.339244002909965        161.54258657404708        3.2143609794128532E-004
   6.4830963093551698E-003   90.354583100240475        161.54760734096513        3.3311954569358482E-004
   6.1686530723696932E-003   90.370800118672832        161.55278161689390        3.4425596572100215E-004
   5.8478245930797656E-003   90.387303326401408        161.55810160451946        3.5481557381756180E-004
   5.5132616779585879E-003   90.403532101593825        161.56355934798884        3.6468144024806337E-004
   5.1639101053677656E-003   90.418949150243691        161.56914654939075        3.7384075719506328E-004
   4.8349003071806269E-003   90.432945262349449        161.57485454333204        3.8230550329051559E-004
   4.4985250938028715E-003   90.444957536859192        161.58067516899641        3.9005320046219872E-004
   4.1689137716112773E-003   90.454487512785406        161.58660008109578        3.9711121856610989E-004
   3.8456540846223877E-003   90.461108796659090        161.59262110241517        4.0352657445123514E-004
   3.5296009789691682E-003   90.464448813558008        161.59873021160868        4.0937096096825792E-004
   3.2365406824009474E-003   90.464194616630508        161.60491956535304        4.1472521345131816E-004
   2.9659184935135010E-003   90.460187421269325        161.61118189052607        4.1968849425093281E-004
   2.6856484766694896E-003   90.452385027612962        161.61751047064669        4.2435124628889233E-004
   2.4331421763811442E-003   90.440950810341647        161.62389834785006        4.2882713353436022E-004
   2.1850544804294168E-003   90.426184509255350        161.63033925368509        4.3324803414519422E-004
   1.9382866760744584E-003   90.408573246365364        161.63682702860066        4.3770947219892411E-004
   1.7175156317594377E-003   90.388683052664760        161.64335554432310        4.4234580959782055E-004
   1.5048189766514381E-003   90.367198584924566        161.64991931793847        4.4723855282419861E-004
   1.2868712203639957E-003   90.344812006446915        161.65651306606134        4.5247167150837882E-004
   1.0845568617547977E-003   90.322287209856981        161.66313137344693        4.5812353239209266E-004
   8.6534320730950666E-004   90.300121071822616        161.66976921254289        4.6421853024016202E-004
   6.5436171582126956E-004   90.278711566459535        161.67642113348703        4.7079218659643550E-004
   4.3375909717572459E-004   90.258372151127702        161.68308188977551        4.7783233516656266E-004
   2.0186633612011878E-004   90.239197320570128        161.68974599300540        4.8532673702718191E-004
  -2.7233601000927487E-005   90.221164635196075        161.69640767110539        4.9327337745168245E-004
  -2.4517269975021626E-004   90.204110642003769        161.70306121943392        5.0167535198096503E-004
  -4.8603189385733678E-004   90.187887277501886        161.70970120881449        5.1045384187275696E-004
  -7.0864102993933788E-004   90.172287591142705        161.71632163708964        5.1958527584152544E-004
  -9.1773281315375352E-004   90.157135421280742        161.72291695416013        5.2907160675108448E-004
  -1.1227073785188249E-003   90.142337231086927        161.72948194436231        5.3884329608965182E-004
  -1.3310018694932322E-003   90.127942763470003        161.73601149279935        5.4889044188847829E-004
  -1.5486928380009624E-003   90.114181661985214        161.74250040004847        5.5912178488663809E-004
  -1.7618187083234128E-003   90.101342341829252        161.74894323095535        5.6950604041080643E-004
  -1.9676454465650593E-003   90.089952358390008        161.75533466292521        5.7999992405749240E-004
  -2.1857579328298606E-003   90.080640737035239        161.76166955446877        5.9057073703761649E-004
  -2.4218197668121862E-003   90.074055902395202        161.76794245668137        6.0116887938406103E-004
  -2.6534270873563759E-003   90.070890663023420        161.77414747309817        6.1176984780980518E-004
  -2.9058766036918872E-003   90.071760133559792        161.78027881729687        6.2232052225507620E-004
  -3.1752483340249816E-003   90.077232669607056        161.78633018319510        6.3271776961793512E-004
  -3.4669494488617082E-003   90.087757052671236        161.79229484262146        6.4290579047899643E-004
  -3.7758034246027123E-003   90.103633052276152        161.79816550995204        6.5276599437744077E-004
  -4.0941193052478689E-003   90.124986176644725        161.80393447130044        6.6231031758011210E-004
  -4.4401953390381345E-003   90.151769862386161        161.80959377651200        6.7141514587028186E-004
  -4.7989308394206917E-003   90.183706244598028        161.81513478226819        6.7997736994241634E-004
  -5.1753136015590178E-003   90.220368729669886        161.82054852882507        6.8786300112778475E-004
  -5.5656282376115888E-003   90.261177172114898        161.82582561541298        6.9496691257860458E-004
  -5.9220654852785637E-003   90.305354002697356        161.83095629294345        7.0127762359347269E-004
  -6.2837598419090415E-003   90.352084734641494        161.83593165594996        7.0667179102282024E-004
  -6.6420785477228159E-003   90.400488462319998        161.84074266643358        7.1106652179978903E-004
  -6.9989127757092697E-003   90.449691616914379        161.84538037029418        7.1435181221198572E-004
  -7.3371361458122288E-003   90.498850686372222        161.84983584961279        7.1642361445962933E-004
  -7.6444470900914720E-003   90.547322482407907        161.85410064977347        7.1725534478178079E-004
  -7.9096955357827216E-003   90.594579904131052        161.85816708724047        7.1681757396276579E-004
  -8.1431845514063003E-003   90.640169964189084        161.86202852782546        7.1508226109824092E-004
  -8.3630203470374167E-003   90.683763673843472        161.86567912979632        7.1200128375311267E-004
  -8.5386912409664006E-003   90.725150773909462        161.86911339267567        7.0762581728703484E-004
  -8.7015537493449549E-003   90.764089978807220        161.87232691865262        7.0191519461099583E-004
  -8.8069979307933404E-003   90.800338890281083        161.87531563083419        6.9493550653921480E-004
  -8.8843517159259873E-003   90.833700059894497        161.87807688609283        6.8667703710479299E-004
  -8.9008203979079794E-003   90.864015875413443        161.88060874356935        6.7726278155592109E-004
  -8.8913471289394537E-003   90.891177051494182        161.88291078325202        6.6671183494561596E-004
  -8.8408318381859551E-003   90.915168956559569        161.88498323384314        6.5510208566315470E-004
  -8.7487539237091783E-003   90.935978436731205        161.88682734975112        6.4248266530957750E-004
  -8.6355265366219527E-003   90.953717048537086        161.88844542420526        6.2893735388794313E-004
  -8.4756204991882703E-003   90.968693556401234        161.88984027913810        6.1459661144507992E-004
  -8.2805636043503713E-003   90.981175342147580        161.89101590263280        5.9952869337755524E-004
  -8.0530300144937960E-003   90.991448747170367        161.89197716071899        5.8387595008864836E-004
  -7.8062379546089281E-003   90.999896243844603        161.89272973071357        5.6772033884338225E-004
  -7.5244576945367146E-003   91.006882019743628        161.89327977140744        5.5121130568289557E-004
  -7.2104096584123846E-003   91.012807497715215        161.89363431519257        5.3452043962974648E-004
  -6.8712449593904728E-003   91.017980064076028        161.89380119995815        5.1780212607759274E-004
  -6.5102943251767924E-003   91.022737885553809        161.89378889099143        5.0120788408077250E-004
  -6.1399933366094832E-003   91.027460771349141        161.89360639749850        4.8488136670102447E-004
  -5.7641497000917056E-003   91.032427180751526        161.89326296259654        4.6891753202877949E-004
  -5.3787686400683680E-003   91.037891574846981        161.89276796776639        4.5343270232870900E-004
  -4.9909044216372685E-003   91.044144963261147        161.89213103293864        4.3855585608394883E-004
  -4.6050036170410813E-003   91.051460857207175        161.89136183990107        4.2433193377694223E-004
  -4.2096159367739361E-003   91.060054051509738        161.89047002221153        4.1081704872676417E-004
  -3.8015753786039596E-003   91.070303122718670        161.88946545089550        3.9811457739529957E-004
  -3.3894937195996459E-003   91.082506207868121        161.88835831337838        3.8630258887215513E-004
  -2.9882859396112471E-003   91.096819016959316        161.88715889849513        3.7541501036831356E-004
  -2.5952693913722717E-003   91.113531856612411        161.88587722471064        3.6547144408450438E-004
  -2.2025087772277983E-003   91.132768982878488        161.88452310660318        3.5650101385236593E-004
  -1.8207023870985130E-003   91.154538882797382        161.88310635422636        3.4845653883203354E-004
  -1.4478153661730453E-003   91.178657090978405        161.88163650406963        3.4132806712994717E-004
  -1.0773122447690923E-003   91.204814374086183        161.88012287158284        3.3510070531330447E-004
  -7.1793786148723949E-004   91.232570352991132        161.87857471351185        3.2973234824877249E-004
  -3.4688386506976629E-004   91.261280495731143        161.87700100902575        3.2524166940837561E-004
   3.0579232685709662E-005   91.290226923595057        161.87541102949152        3.2160015015287425E-004
   4.0100038884631907E-004   91.318629264296234        161.87381420580903        3.1873394712686904E-004
   7.9816882034613871E-004   91.345754293697837        161.87221979329126        3.1664393056123091E-004
   1.1975548682578410E-003   91.370867760399960        161.87063771507212        3.1532288024371552E-004
   1.6151786212113067E-003   91.393260506117599        161.86907794888890        3.1471911395796788E-004
   2.0522252082873752E-003   91.412383738072435        161.86755092729260        3.1480569929328694E-004
   2.5083896304097368E-003   91.427831752392606        161.86606756699061        3.1557539599953358E-004
   2.9674689725029120E-003   91.439387623510768        161.86463926111296        3.1698921970544421E-004
   3.4504700983551849E-003   91.446901178662443        161.86327747488710        3.1902369611913633E-004
   3.9401973013308009E-003   91.450494840237525        161.86199426923289        3.2164208369258793E-004
   4.4488100650243549E-003   91.450354509004455        161.86080187273930        3.2483028216389904E-004
   4.9477604486351046E-003   91.446813200007298        161.85971298475320        3.2857065149336564E-004
   5.4593784722728918E-003   91.440236380328116        161.85874006160842        3.3280980027080491E-004
   5.9725767398212861E-003   91.431121005148910        161.85789587507475        3.3755132855217029E-004
   6.4845920065261242E-003   91.419873604213890        161.85719323512822        3.4272443789846698E-004
   6.9763787021548526E-003   91.407002387144487        161.85664492177855        3.4830202425028785E-004
   7.4603299621395234E-003   91.392912859389554        161.85626320964499        3.5421336018927893E-004
   7.9232542296043835E-003   91.378035190669607        161.85606017700107        3.6044346525550709E-004
   8.3852300227467338E-003   91.362693696949862        161.85604737727428        3.6692049851965380E-004
   8.8260130049847303E-003   91.347234046938311        161.85623634040562        3.7360347930261113E-004
   9.2462570624190742E-003   91.331956179331485        161.85663806817206        3.8046082803920404E-004
   9.6457069068331056E-003   91.317065533218042        161.85726305030104        3.8746266534241282E-004
   1.0007524912522686E-002   91.302733861219593        161.85812125988218        3.9455317685933378E-004
   1.0344359078628121E-002   91.289154250037285        161.85922173339011        4.0167909288378953E-004
   1.0651944325376139E-002   91.276494675580864        161.86057288669545        4.0882639569774697E-004
   1.0904502391641780E-002   91.265027985331329        161.86218240879001        4.1593512385681053E-004
   1.1149024372838332E-002   91.255093433795253        161.86405661870387        4.2304678335386062E-004
   1.1339099040696073E-002   91.247004010661612        161.86620163885155        4.3011530240929889E-004
   1.1493822626483468E-002   91.241172764069404        161.86862223652903        4.3714455851560360E-004
   1.1622616407127570E-002   91.238034729869227        161.87132230073442        4.4415265372440302E-004
   1.1681984267823329E-002   91.238049732714899        161.87430507730340        4.5109220184727880E-004
   1.1709415273317723E-002   91.241511463889523        161.87757208314966        4.5800242059374153E-004
   1.1697847145306410E-002   91.248585187214132        161.88112404042363        4.6489444937970249E-004
   1.1638025827547926E-002   91.259272494925540        161.88496070037155        4.7176559945591407E-004
   1.1526165230029002E-002   91.273422269521220        161.88908061150102        4.7858877596815215E-004
   1.1385564527733589E-002   91.290660282280172        161.89348102613894        4.8539377669031512E-004
   1.1201524281042985E-002   91.310503952377459        161.89815848093858        4.9216220278008318E-004
   1.0996235314363124E-002   91.332436006558893        161.90310842843323        4.9891937544844383E-004
   1.0755773043599802E-002   91.355789916456544        161.90832578983836        5.0563851887400657E-004
   1.0500501912679278E-002   91.379772419443768        161.91380460833744        5.1235141542092452E-004
   1.0214222346032469E-002   91.403637547858153        161.91953855760721        5.1900029614526731E-004
   9.9131873031368997E-003   91.426527478469040        161.92552053616248        5.2558984847358005E-004
   9.5963929993526220E-003   91.447692472179298        161.93174307211765        5.3207138820896666E-004
   9.2700028108344008E-003   91.466405961831327        161.93819829980080        5.3841096981904388E-004
   8.9309492383094630E-003   91.482206239827605        161.94487811303932        5.4456508587885340E-004
   8.6007293114268978E-003   91.494827590157058        161.95177408618190        5.5052029784009046E-004
   8.2575031755070718E-003   91.504229750291984        161.95887801283740        5.5622002435013515E-004
   7.8969883761960333E-003   91.510806686910001        161.96618135912334        5.6162989091783485E-004
   7.5213731536181638E-003   91.515309247859435        161.97367515632104        5.6666162037243440E-004
   7.1247729618775209E-003   91.518727986167860        161.98135005435711        5.7122599628644036E-004
   6.7238423533592081E-003   91.522295122146105        161.98919617571605        5.7526239184472615E-004
   6.2814547087412806E-003   91.527149055201662        161.99720353103137        5.7865407160183032E-004
   5.8096234947547631E-003   91.534361110461461        162.00536109013490        5.8131913961286051E-004
   5.3144909329282371E-003   91.544697593253062        162.01365708200444        5.8321390563207743E-004
   4.7751988373679914E-003   91.558575569929758        162.02207914845147        5.8424830618521335E-004
   4.2096263626099379E-003   91.575907186538046        162.03061382214324        5.8439034164031311E-004
   3.6152398393064283E-003   91.596319704408600        162.03924697490234        5.8362803894379056E-004
   2.9987852898760319E-003   91.619163771614268        162.04796375408193        5.8195373266960800E-004
   2.3793429056662386E-003   91.643637426223719        162.05674874991624        5.7938069538870538E-004
   1.7320731750308000E-003   91.668814796468098        162.06558647309521        5.7589237701726728E-004
   1.1012954404875199E-003   91.693870251398593        162.07446073414485        5.7159908063007488E-004
   4.6795161151986180E-004   91.718009114691213        162.08335575071160        5.6649737258388693E-004
  -1.6374295415569679E-004   91.740695008218736        162.09225567092776        5.6062842151789814E-004
  -7.8849568189695270E-004   91.761568222763287        162.10114468276240        5.5400156693173749E-004
  -1.3963373931680392E-003   91.780433528276077        162.11000714276179        5.4673512345190876E-004
  -2.0026269127374984E-003   91.797207647143665        162.11882782798648        5.3879557687765481E-004
  -2.5984431744062409E-003   91.811926694594774        162.12759155088159        5.3021558530798167E-004
  -3.1501278094632937E-003   91.824627592115917        162.13628338236546        5.2104631307035203E-004
  -3.7032284183701335E-003   91.835185886298788        162.14488949409821        5.1133869748236685E-004
  -4.2187135123602521E-003   91.843408523155802        162.15339601971434        5.0117073898735091E-004
  -4.7138352850441597E-003   91.848836476044468        162.16179003323631        4.9061970845990009E-004
  -5.1838947650457668E-003   91.850855354142084        162.17005911485924        4.7975811997597712E-004
  -5.6162812359172492E-003   91.848809430909583        162.17819147073200        4.6871935513428313E-004
  -5.9920289954879134E-003   91.841865827895106        162.18617624924696        4.5764741462751694E-004
  -6.3344980602923423E-003   91.829302180697965        162.19400401774092        4.4668938305804238E-004
  -6.6190241636266073E-003   91.810469925058911        162.20166617566440        4.3600347476980850E-004
  -6.8608609613431933E-003   91.784910065355902        162.20915557554841        4.2571925622764416E-004
  -7.0343079677341394E-003   91.752367155782821        162.21646614148284        4.1606025291666038E-004
  -7.1612388525272375E-003   91.712822610644992        162.22359351081738        4.0715581780789104E-004
  -7.2155501003811386E-003   91.666553649595571        162.23053448990572        3.9917261848448692E-004
  -7.2278013199712681E-003   91.614065193841114        162.23728770687180        3.9222269516072864E-004
  -7.2300260708047957E-003   91.556094326251312        162.24385284630822        3.8636331415245684E-004
  -7.1872758037441493E-003   91.493598875111360        162.25022984656547        3.8166010762939501E-004
  -7.0947321222777299E-003   91.427709876354939        162.25641977515184        3.7821332825056455E-004
  -6.9953933705654116E-003   91.359634233226927        162.26242494961900        3.7599443292469787E-004
  -6.8711843499715220E-003   91.290553077234989        162.26824786051060        3.7501054350101118E-004
  -6.7251604238809147E-003   91.221636139419672        162.27389162312826        3.7526826987676465E-004
  -6.5690848845664923E-003   91.153905624178861        162.27935990085632        3.7673642331926394E-004
  -6.4169577237285676E-003   91.088257277873410        162.28465660982317        3.7927345826515603E-004
  -6.2513262977616684E-003   91.025391073817801        162.28978556664052        3.8287414969651572E-004
  -6.1104544393080842E-003   90.965864503181280        162.29475092742771        3.8737462868460487E-004
  -5.9990032941170841E-003   90.910125911965963        162.29955622760397        3.9262103025378017E-004
  -5.8848090816952742E-003   90.858556778672494        162.30420426499759        3.9852165734500237E-004
  -5.7837479517022367E-003   90.811597477396219        162.30869790565069        4.0491444572008484E-004
  -5.7008352719710642E-003   90.769718506991239        162.31303968683761        4.1163983792763341E-004
  -5.6546567449983227E-003   90.733400112147109        162.31723168756704        4.1851993265260788E-004
  -5.6282961233372984E-003   90.703194453453222        162.32127506576498        4.2543501003853396E-004
  -5.6201096176770058E-003   90.679625734107802        162.32517048146630        4.3220404953891789E-004
  -5.6368097094579564E-003   90.663163161444430        162.32891813724368        4.3871425917513322E-004
  -5.6846742066387910E-003   90.654283884997071        162.33251760972101        4.4479777887114464E-004
  -5.7766837503255902E-003   90.653406943293589        162.33596769261928        4.5026277318880610E-004
  -5.8938461486360283E-003   90.660768615523466        162.33926606880451        4.5498196920696119E-004
  -6.0589227004947304E-003   90.676609560847808        162.34240979109143        4.5879341811905146E-004
  -6.2553225165575448E-003   90.700940384367456        162.34539470801602        4.6153882269542171E-004
  -6.4727383641222484E-003   90.733578993854863        162.34821588082588        4.6310404089820441E-004
  -6.7055379230119136E-003   90.774091969655458        162.35086784165534        4.6334804147057159E-004
  -6.9623595988124965E-003   90.821720836687035        162.35334473663053        4.6220567583567056E-004
  -7.2145017266375252E-003   90.875219702125307        162.35564010841824        4.5960710349363240E-004
  -7.4665769215900213E-003   90.932847480324384        162.35774761729647        4.5548759953012544E-004
  -7.7170474157943654E-003   90.992383022733932        162.35966092402353        4.4983802548029131E-004
  -7.9239596499801283E-003   91.051331997352449        162.36137373067382        4.4271104911048400E-004
  -8.0903256530269786E-003   91.107093674303130        162.36288083133320        4.3421440766007365E-004
  -8.1915473963399630E-003   91.157116251624629        162.36417803837222        4.2448369258930554E-004
  -8.2364899429405222E-003   91.199113395659097        162.36526279824270        4.1365558269983139E-004
  -8.2025008652044703E-003   91.231306442099381        162.36613397094376        4.0194496302072599E-004
  -8.1057514464488428E-003   91.252393790142349        162.36679239945599        3.8953227908951175E-004
  -7.9121004394824262E-003   91.261674730874319        162.36724050248603        3.7666744306245989E-004
  -7.6329424869979613E-003   91.259004683469385        162.36748313316028        3.6360957910561192E-004
  -7.2928987724844548E-003   91.244582942085898        162.36752729183203        3.5059422683394233E-004
  -6.8660100624860819E-003   91.219066739519590        162.36738151015200        3.3786685587495536E-004
  -6.3766585628555490E-003   91.183399750643119        162.36705650166641        3.2568492873043443E-004
  -5.8276232863106797E-003   91.138852475285788        162.36656454701759        3.1429041221118028E-004
  -5.2262760134482384E-003   91.086937528715410        162.36591942512777        3.0385443666465728E-004
  -4.5936383263299428E-003   91.029288143685861        162.36513622753759        2.9458793806345918E-004
  -3.9342319385270250E-003   90.967857632626888        162.36423083058668        2.8663056313464131E-004
  -3.2498097924532439E-003   90.904779620157072        162.36321978128296        2.8017217929959213E-004
  -2.5726427418816707E-003   90.842256776569442        162.36212025204927        2.7526771723658804E-004
  -1.9196656250113581E-003   90.782358925177391        162.36094922995673        2.7192329347532437E-004
  -1.2848783477521965E-003   90.727067442005946        162.35972309318115        2.7018116773884119E-004
  -6.8826227874254481E-004   90.678065580695701        162.35845776073938        2.6999558144012996E-004
  -1.4507415127844314E-004   90.636678612054666        162.35716818840746        2.7128948181452797E-004
   3.6848264887941049E-004   90.603773672953594        162.35586798875354        2.7401726192770873E-004
   8.1937589098305579E-004   90.579855246846122        162.35457002730968        2.7806388185782824E-004
   1.2307833481239882E-003   90.564897559023294        162.35328559365755        2.8332567583847098E-004
   1.5992880274279290E-003   90.558569402529841        162.35202498376103        2.8969745367589124E-004
   1.9166240631197562E-003   90.560143746911862        162.35079741438369        2.9700283708183027E-004
   2.2098456117115540E-003   90.568692447086264        162.34961081587028        3.0514985806445380E-004
   2.4598996759260354E-003   90.583070544903549        162.34847251075709        3.1399796583242852E-004
   2.6859744587460445E-003   90.601994232250973        162.34738873833916        3.2342137968776962E-004
   2.8990094640775252E-003   90.624164536866758        162.34636513539178        3.3332867959679537E-004
   3.0951736259378602E-003   90.648226906569576        162.34540701127540        3.4358059916765940E-004
   3.2856276719237703E-003   90.672826586761317        162.34451925330885        3.5411478920688663E-004
   3.4672073614313878E-003   90.696765786252840        162.34370660584332        3.6480896098931188E-004
   3.6689552387469742E-003   90.718907365013180        162.34297359268700        3.7565169460415215E-004
   3.8603065410744634E-003   90.738342275918299        162.34232524561173        3.8652229960370587E-004
   4.0854267441599278E-003   90.754268669433728        162.34176633834201        3.9740282899386329E-004
   4.3269418618248727E-003   90.766010325268610        162.34130249473458        4.0824263232938776E-004
   4.5819381851962600E-003   90.773215114999957        162.34093975288377        4.1897560891449828E-004
   4.8577661266925188E-003   90.775598908791537        162.34068449176485        4.2957976000142695E-004
   5.1543803027393198E-003   90.773135927785546        162.34054361418794        4.3996633250915668E-004
   5.4523948217243762E-003   90.765927775995621        162.34052454760447        4.5009914484946882E-004
   5.7751474589270895E-003   90.754307422554817        162.34063475842291        4.5996527908288837E-004
   6.1052011676662951E-003   90.738817129570705        162.34088233434284        4.6953662518839248E-004
   6.4405585122572183E-003   90.720304951004209        162.34127554747079        4.7879240016085787E-004
   6.7649377965851064E-003   90.699721869586341        162.34182280703283        4.8770253326853237E-004
   7.0870763859265376E-003   90.678221679876586        162.34253224689735        4.9623282160484003E-004
   7.3811242027244078E-003   90.657083380705984        162.34341194745167        5.0437127420233899E-004
   7.6549852928856684E-003   90.637624701748138        162.34446928400993        5.1212809594558572E-004
   7.8866714288528105E-003   90.621049433502023        162.34571112636775        5.1946202793569656E-004
   8.0852266724412772E-003   90.608507645344716        162.34714328610676        5.2642021715667133E-004
   8.2487557779163216E-003   90.600868076909663        162.34877074272381        5.3298425507459265E-004
   8.3557053359315566E-003   90.598737534060604        162.35059759666839        5.3916360147759077E-004
   8.4289565679432736E-003   90.602530411184475        162.35262652917723        5.4500525847730780E-004
   8.4530774303296363E-003   90.612415997807730        162.35485937601860        5.5048996453522429E-004
   8.4213020557979794E-003   90.628366536824970        162.35729674001846        5.5564028712163076E-004
   8.3370451940853931E-003   90.650253147693576        162.35993782073467        5.6045008394881089E-004
   8.2199067738100567E-003   90.677720127885323        162.36278050126876        5.6491861251680342E-004
   8.0338822972312578E-003   90.710261230711907        162.36582184024869        5.6896360406612462E-004
   7.8219669898201526E-003   90.747200659438960        162.36905716916769        5.7253280565932804E-004
   7.5691064953832266E-003   90.787691408658958        162.37248117128786        5.7551410956172878E-004
   7.3074272895529268E-003   90.830669944141917        162.37608750386019        5.7787814650263239E-004
   7.0307124677249921E-003   90.875061598009978        162.37986960527959        5.7951843025940320E-004
   6.7207607513088659E-003   90.919667635032567        162.38382053785722        5.8030783944905450E-004
   6.4150165299498938E-003   90.963305771687871        162.38793253149458        5.8022064160989444E-004
   6.1254365106787898E-003   91.004866712638531        162.39219792452823        5.7916455802148456E-004
   5.8276673517412723E-003   91.043270092430447        162.39660946122652        5.7711736487863342E-004
   5.5484309640403085E-003   91.077593182316065        162.40115968241901        5.7407614404857935E-004
   5.2928556866080499E-003   91.107142422061528        162.40584159468722        5.7005271856265440E-004
   5.0506004534724581E-003   91.131449925263325        162.41064880021000        5.6508409619582549E-004
   4.8246037015145134E-003   91.150160776279250        162.41557523572226        5.5920161834496415E-004
   4.6281850743616930E-003   91.163180991666877        162.42061524731062        5.5250126566128795E-004
   4.4656595532420653E-003   91.170570741786605        162.42576392392112        5.4511394140925357E-004
   4.3010351859001624E-003   91.172319035296979        162.43101720603667        5.3711872592112947E-004
   4.1616354022054698E-003   91.168566661236326        162.43637098063061        5.2865360208099500E-004
   4.0522438571676568E-003   91.159369557323657        162.44182176782002        5.1989437671013262E-004
   3.9670865614435868E-003   91.144755721995352        162.44736684229164        5.1099363304826914E-004
   3.8872342503991361E-003   91.124645893232199        162.45300408820415        5.0209728103401666E-004
   3.8542748639706988E-003   91.099093028989515        162.45873152378257        4.9343036031338676E-004
   3.8501163750850136E-003   91.068174917044260        162.46454834503092        4.8514364596327967E-004
   3.8562206079594298E-003   91.032115262540387        162.47045447359869        4.7737516583003307E-004
   3.8708047871415571E-003   90.991251005811350        162.47645008859411        4.7024867913134961E-004
   3.9146119100020391E-003   90.946108323090172        162.48253558349359        4.6390269420052359E-004
   3.9671993399507935E-003   90.897443762103805        162.48871208819426        4.5843899946272268E-004
   4.0300825625958665E-003   90.846191306916040        162.49498095378499        4.5391314024969078E-004
   4.0914222600573341E-003   90.793465757201844        162.50134379137501        4.5034342430991524E-004
   4.1244194251578306E-003   90.740460572975607        162.50780217437378        4.4768693592897683E-004
   4.1625912277361921E-003   90.688403598411213        162.51435696308047        4.4603513862338459E-004
   4.1697996172459766E-003   90.638511868477948        162.52100914757955        4.4531976638683963E-004
   4.1389465691333022E-003   90.591736649879522        162.52775893898726        4.4550263411178832E-004
   4.1099348632525840E-003   90.548906472634016        162.53460559125344        4.4654292527601192E-004
   4.0349898618688681E-003   90.510594868142647        162.54154840393662        4.4834361669856594E-004
   3.9391566749489076E-003   90.477127399919780        162.54858552172152        4.5088343774822879E-004
   3.8106664771440720E-003   90.448605149930287        162.55571456197401        4.5408356421308514E-004
   3.6503050477238387E-003   90.424884050247783        162.56293231939972        4.5788297212828255E-004
   3.4701399072565708E-003   90.405573908998221        162.57023478613414        4.6222206903337259E-004
   3.2575986359979167E-003   90.390071731366945        162.57761745601101        4.6698575304521402E-004
   3.0369888973844831E-003   90.377604744627064        162.58507500612566        4.7216178884308625E-004
   2.7969771055612936E-003   90.367252663974497        162.59260191042506        4.7766999701926707E-004
   2.5354833937387918E-003   90.358051851409158        162.60019215262341        4.8341768052041377E-004
   2.2928055885371341E-003   90.349127919868380        162.60783917667052        4.8936080740747193E-004
   2.0428616062257419E-003   90.339595382126461        162.61553689960857        4.9544268522667468E-004
   1.7940402333190841E-003   90.328782330223319        162.62327905557410        5.0161305696814996E-004
   1.5599027941749506E-003   90.316268544102854        162.63105940560948        5.0784212676382068E-004
   1.3365780127529842E-003   90.302110476246781        162.63887208019190        5.1410832045747554E-004
   1.1083762455256481E-003   90.286659314520861        162.64671148047367        5.2029718492605480E-004
   8.7433270593564253E-004   90.270590032386082        162.65457188490595        5.2637018630744491E-004
   6.5248050820913394E-004   90.254920863037967        162.66244742426903        5.3229698416921208E-004
   4.0606189460794712E-004   90.240848266464013        162.67033253528362        5.3802078238380558E-004
   1.4739606846433560E-004   90.229476328867122        162.67822103483266        5.4347349587325591E-004
  -1.3404320533158117E-004   90.221841073424855        162.68610642775374        5.4860188196073926E-004
  -4.2659956865744454E-004   90.218562649789931        162.69398164340618        5.5338644729188105E-004
  -7.4710453072654134E-004   90.219974356272502        162.70183932779841        5.5776496456383905E-004
  -1.0895191221173004E-003   90.226091398144035        162.70967141908957        5.6171535951800701E-004
  -1.4590083605972408E-003   90.236699836699358        162.71746929886032        5.6522211283933877E-004
  -1.8220171614427448E-003   90.251394652426796        162.72522366128518        5.6829733101384388E-004
  -2.2063013515703314E-003   90.269697368348091        162.73292536068863        5.7096242816792489E-004
  -2.5993564466168118E-003   90.291065114953582        162.74056470838283        5.7325423526876924E-004
  -2.9903405159148930E-003   90.315018467327079        162.74813178902596        5.7520617576123205E-004
  -3.3730119777853115E-003   90.341225383533711        162.75561673498009        5.7690150549689944E-004
  -3.7647713667475925E-003   90.369292952980459        162.76300988282023        5.7833229353055173E-004
  -4.1488113577974502E-003   90.398883535175500        162.77030133528854        5.7956335862253874E-004
  -4.5174671706313162E-003   90.429516484554981        162.77748138531152        5.8065923898555083E-004
  -4.8760511965083636E-003   90.460645948449084        162.78454071154147        5.8163802342343647E-004
  -5.2256276383136928E-003   90.491624554139364        162.79147024214456        5.8254019910711197E-004
  -5.5566767391764839E-003   90.521741618027832        162.79826113003989        5.8336237417674355E-004
  -5.8537978789572481E-003   90.550235578495105        162.80490499230220        5.8415843503660698E-004
  -6.1102896920099776E-003   90.576340428199231        162.81139430286666        5.8497999660121465E-004
  -6.3349481977102544E-003   90.599273156536270        162.81772256154915        5.8582205754875651E-004
  -6.5107490740844206E-003   90.618272512704365        162.82388407132370        5.8671888545565971E-004
  -6.6449000535959667E-003   90.632671075448314        162.82987436831604        5.8764928786431809E-004
  -6.7370242977619578E-003   90.641902708279019        162.83569004257834        5.8860506755409878E-004
  -6.7924626013218768E-003   90.645529530416823        162.84132874727447        5.8953979245551682E-004
  -6.7944720104479482E-003   90.643181808652855        162.84678906381632        5.9044316939622942E-004
  -6.7403359692719596E-003   90.634686877709044        162.85207092522043        5.9128548219217778E-004
  -6.6280887318490864E-003   90.620096997079344        162.85717568499572        5.9207513037590447E-004
  -6.4759745417138229E-003   90.599669854644020        162.86210616735139        5.9273770169721452E-004
  -6.2791630835815262E-003   90.573835240063119        162.86686620458477        5.9321619017032256E-004
  -6.0552472024414973E-003   90.543227126000446        162.87146076039264        5.9341652482726480E-004
  -5.7932577084808118E-003   90.508485891044728        162.87589548535533        5.9332648242657756E-004
  -5.5078874561191784E-003   90.470481227521930        162.88017699366819        5.9289119402465161E-004
  -5.2121458542440866E-003   90.430107435493611        162.88431249243331        5.9207545960876604E-004
  -4.8805323076252221E-003   90.388357498528592        162.88830945160751        5.9086582230874984E-004
  -4.5487278224985465E-003   90.346146828831706        162.89217624662004        5.8927019150037288E-004
  -4.1887898977437145E-003   90.304352188208654        162.89592125892102        5.8730174857404534E-004
  -3.8411461938881860E-003   90.263866938573045        162.89955358175726        5.8492114566671433E-004
  -3.5234745104172861E-003   90.225471350177799        162.90308199667132        5.8208363171580266E-004
  -3.2003588037113318E-003   90.189744968070144        162.90651452742705        5.7887445807860234E-004
  -2.8919437687471797E-003   90.157225339999769        162.90985933471657        5.7530158158706601E-004
  -2.6053172392513785E-003   90.128409572826243        162.91312420659298        5.7136416349102062E-004
  -2.3255741934566703E-003   90.103622711227985        162.91631638066630        5.6710015037699380E-004
  -2.0759408656326620E-003   90.083179155982990        162.91944292019068        5.6249157318665778E-004
  -1.8470430241435552E-003   90.067320387141777        162.92251012640074        5.5758270333694862E-004
  -1.6493198550685078E-003   90.056229453550600        162.92552377573617        5.5238866114989829E-004
  -1.4740941779045453E-003   90.050124568992004        162.92848885686246        5.4692902449682322E-004
  -1.3367356272643400E-003   90.049365577813802        162.93140978896966        5.4116358449615958E-004
  -1.2485120685225978E-003   90.054177360035524        162.93429003320514        5.3509123675665727E-004
  -1.1633715348932669E-003   90.064860378479096        162.93713180744069        5.2880059103984538E-004
  -1.1162449170364934E-003   90.081823106453001        162.93993725194113        5.2227971423981947E-004
  -1.1110894801431900E-003   90.105454644073561        162.94270754571036        5.1549026304417516E-004
  -1.1573984902533664E-003   90.136083605047133        162.94544280569218        5.0842185371168240E-004
  -1.2185837061065108E-003   90.173934343146570        162.94814184793009        5.0113416453631456E-004
  -1.3275750660646237E-003   90.218937335352052        162.95080311192700        4.9359365660404963E-004
  -1.4803682094091184E-003   90.270777310931109        162.95342382834428        4.8577188135429491E-004
  -1.6611094430626935E-003   90.328916570607319        162.95600012017712        4.7768531171088729E-004
  -1.8552567964072433E-003   90.392490833257924        162.95852740277203        4.6935733685756956E-004
  -2.0592113601854028E-003   90.460342788891424        162.96100075227844        4.6083671427121878E-004
  -2.2653245221585573E-003   90.531149303183824        162.96341499659269        4.5213711939736713E-004
  -2.4747265869754791E-003   90.603514015302991        162.96576490935902        4.4331756403590943E-004
  -2.6865210986233719E-003   90.676019357817012        162.96804518012320        4.3435833267220541E-004
  -2.8512360839847931E-003   90.747336668833142        162.97025043778748        4.2538838983457831E-004
  -3.0034138771252864E-003   90.816144413169781        162.97237650144493        4.1643938052272547E-004
  -3.1264657553790602E-003   90.881274424155023        162.97441950596215        4.0757205337812959E-004
  -3.2108269555289910E-003   90.941760585506486        162.97637632342727        3.9884717691345125E-004
  -3.2476892495907836E-003   90.996847458131455        162.97824480408508        3.9036723831162122E-004
  -3.2473236365715137E-003   91.045929494170494        162.98002399966350        3.8219404975255199E-004
  -3.2040867609240361E-003   91.088697380552304        162.98171390310765        3.7440511489063039E-004
  -3.1039559791414951E-003   91.125067563776923        162.98331559185519        3.6707923193419426E-004
  -2.9555532611129261E-003   91.155061350720928        162.98483158261101        3.6029970580681107E-004
  -2.7643508108353455E-003   91.178957753645392        162.98626561276077        3.5410721550604578E-004
  -2.5256359315558494E-003   91.197114497655420        162.98762250192689        3.4859231206850830E-004
  -2.2529156900912427E-003   91.210001719789673        162.98890827178499        3.4380825499395355E-004
  -1.9394025656925464E-003   91.218086617268341        162.99012980341271        3.3984649949587395E-004
  -1.5916119885208699E-003   91.221863643377333        162.99129500929084        3.3676927791339412E-004
  -1.2305798678841533E-003   91.221791244298402        162.99241266877320        3.3460746475361147E-004
  -8.3776192035917485E-004   91.218296472793199        162.99349189503548        3.3343735052900823E-004
  -4.1226403979117222E-004   91.211794349042194        162.99454260511507        3.3332550196637546E-004
   2.2001160352174947E-005   91.202617203962589        162.99557554260107        3.3430872654480626E-004
   4.8983419863238157E-004   91.191122109267184        162.99660167321909        3.3646389723087603E-004
   9.3806337340981429E-004   91.177662109221529        162.99763281215237        3.3971101176743775E-004
   1.4173210640834042E-003   91.162541147892696        162.99868027944791        3.4415828079561040E-004
   1.8908462941683772E-003   91.146136665751897        162.99975618095891        3.4976217836747209E-004
   2.3719695920312455E-003   91.128827039659484        163.00087247885560        3.5651286810410452E-004
   2.8494987698826869E-003   91.111117045793335        163.00204132855342        3.6437753137279362E-004
   3.3294014304937562E-003   91.093565573020044        163.00327479718109        3.7338412797874293E-004
   3.7922041250687843E-003   91.076721916482285        163.00458501310860        3.8344827822096899E-004
   4.2473490183207530E-003   91.061121281370291        163.00598367475669        3.9450513311390951E-004
   4.6848748201321361E-003   91.047368058966185        163.00748228851464        4.0645050042999165E-004
   5.1004773953746028E-003   91.036062941228593        163.00909191821265        4.1920046262890252E-004
   5.4833652782229720E-003   91.027653143763715        163.01082307546494        4.3267641381447954E-004
   5.8393197175095430E-003   91.022571265551022        163.01268544725176        4.4673153627018322E-004
   6.1819539155516679E-003   91.021011084072242        163.01468804064862        4.6130568670456551E-004
   6.4746219351291562E-003   91.023059915147968        163.01683952867492        4.7623293908118520E-004
   6.7494405847167913E-003   91.028661372370379        163.01914732079354        4.9142861847337605E-004
   6.9846567244312985E-003   91.037664144395904        163.02161837743165        5.0677300014133884E-004
   7.2028112234848798E-003   91.049671188561646        163.02425865757928        5.2220134213060208E-004
   7.3868011501610964E-003   91.064354837530743        163.02707369000549        5.3757907246161554E-004
   7.5566948936463428E-003   91.081345511491946        163.03006814014057        5.5286574121938127E-004
   7.6936416613595021E-003   91.100251699174336        163.03324631764255        5.6795148040110195E-004
   7.8169491842276194E-003   91.120675774766042        163.03661169898683        5.8275888022465061E-004
   7.9217789771747846E-003   91.142137004422395        163.04016741601311        5.9723751247875412E-004
   8.0107410700570487E-003   91.164108031672214        163.04391613328764        6.1133916230500008E-004
   8.0707940884179319E-003   91.186035695206229        163.04786011440495        6.2498484575529108E-004
   8.1118947729865564E-003   91.207249796553413        163.05200089169361        6.3813365810083840E-004
   8.1695372268173628E-003   91.227113993918920        163.05633951803887        6.5080797885938145E-004
   8.2239696740495066E-003   91.244935755094374        163.06087746581656        6.6304924318692381E-004
   8.2762261424575434E-003   91.260031666970505        163.06561612651532        6.7487763116195901E-004
   8.3358057660718032E-003   91.271788137343023        163.07055683758253        6.8636229594334149E-004
   8.4016703880146672E-003   91.279529989877545        163.07570112162787        6.9757527260241154E-004
   8.4821753241661451E-003   91.282562756031311        163.08105066085588        7.0859631587115446E-004
   8.5796819009861438E-003   91.280260096934597        163.08660750894720        7.1954622375529440E-004
   8.6829089358966445E-003   91.272118577580102        163.09237414995985        7.3051556085638113E-004
   8.8049774189371110E-003   91.257888806327387        163.09835321380538        7.4165790156604182E-004
   8.9293367720008517E-003   91.237511611794773        163.10454780766796        7.5306062531722102E-004
   9.0764893077599947E-003   91.211262966969798        163.11096109703544        7.6486894785704929E-004
   9.2222038247253921E-003   91.179710571889487        163.11759682568649        7.7714478988453073E-004
   9.3885905635465103E-003   91.143749166104485        163.12445870144509        7.9004476045160170E-004
   9.5392735727479090E-003   91.104464437653562        163.13155095591117        8.0357138340858927E-004
   9.6814782606751745E-003   91.063090726537155        163.13887742368937        8.1773855623245998E-004
   9.8035244760649974E-003   91.021095095010054        163.14644172504362        8.3252752204812717E-004
   9.8868917457583735E-003   90.979879406382310        163.15424696989416        8.4787651091957912E-004
   9.9411919861563929E-003   90.940925494227002        163.16229528857855        8.6376072173542390E-004
   9.9470595930855055E-003   90.905620132894043        163.17058807525700        8.8003846962073160E-004
   9.9057521388101512E-003   90.875218083017231        163.17912549652954        8.9658957710551837E-004
   9.8003335379791452E-003   90.850799270399293        163.18790652309849        9.1323464136024407E-004
   9.6523254205042649E-003   90.833216615093235        163.19692849989406        9.2983620069662378E-004
   9.4295424913173904E-003   90.823102683131538        163.20618769173595        9.4622185484660195E-004
   9.1454327473498437E-003   90.820748215117362        163.21567846655998        9.6221057239954705E-004
   8.8097956098959450E-003   90.826206889942512        163.22539363596835        9.7767296193217363E-004
   8.4273118765903366E-003   90.839227954317437        163.23532470359632        9.9249949655399821E-004
   7.9919961144950917E-003   90.859332961575632        163.24546198314269        1.0065674523782240E-003
   7.4956383522581868E-003   90.885739682812826        163.25579444600774        1.0197776124018568E-003
   6.9550869406473075E-003   90.917568964278132        163.26630951206178        1.0320350940602688E-003
   6.3934251699792567E-003   90.953874123381112        163.27699347702045        1.0432906072994177E-003
   5.8047584410049497E-003   90.993546816252803        163.28783209737921        1.0534927492487098E-003
   5.2147724777451580E-003   91.035695496056178        163.29881044101182        1.0626977954543097E-003
   4.5892696783729654E-003   91.079516742442266        163.30991353878812        1.0708693909672437E-003
   3.9415628936417882E-003   91.124356142990180        163.32112551608643        1.0779721570799039E-003
   3.3004956999726884E-003   91.169665239486150        163.33242993051593        1.0840966817168931E-003
   2.6532483469835257E-003   91.214953208956601        163.34381050368091        1.0892400150184557E-003
   2.0121534380530119E-003   91.259788595550035        163.35525079613362        1.0934416853922218E-003
   1.3653100420956638E-003   91.303806603229816        163.36673452119172        1.0967200391922745E-003
   7.3206480709655196E-004   91.346468728090500        163.37824524191433        1.0991079415723268E-003
   1.1230837737361846E-004   91.387095593929601        163.38976686298997        1.1006557688857210E-003
  -4.8914613512717582E-004   91.424833973621432        163.40128362827204        1.1013679848943440E-003
  -1.0597632044827049E-003   91.458717549555274        163.41278024321818        1.1012947112060212E-003
  -1.5900562374315829E-003   91.487780987912856        163.42424219371122        1.1004833567772785E-003
  -2.0980999963288375E-003   91.510942066331381        163.43565598732070        1.0989667511361026E-003
  -2.5605621292911279E-003   91.527346980958910        163.44700869448616        1.0967542040273060E-003
  -2.9711974173961871E-003   91.536323522876472        163.45828854194247        1.0938834594835087E-003
  -3.3140178205826360E-003   91.537472981842143        163.46948507196853        1.0904363854640055E-003
  -3.6202372912853289E-003   91.530728333273444        163.48058954999740        1.0864408371926799E-003
  -3.8886773255073941E-003   91.516317730951798        163.49159417026829        1.0818873669025026E-003
  -4.1137569152467843E-003   91.494727598379086        163.50249208646210        1.0767794963751716E-003
  -4.2848250935877989E-003   91.466664083171580        163.51327755409258        1.0711342117593428E-003
  -4.4188526075271684E-003   91.432921825970027        163.52394620228196        1.0649846487698919E-003
  -4.5264778631299313E-003   91.394493736060298        163.53449460202685        1.0582839188860136E-003
  -4.5988659336853380E-003   91.352286042832361        163.54491999570146        1.0510495299267861E-003
  -4.6578951432774745E-003   91.307228593510203        163.55522052251715        1.0431819030952061E-003
  -4.6940906955010003E-003   91.260221354158915        163.56539466167177        1.0346949545975981E-003
  -4.7100085196802441E-003   91.211905168499413        163.57544147355728        1.0255212297627968E-003
  -4.7074143066320635E-003   91.162807708944101        163.58536053494799        1.0156604106868674E-003
  -4.7025877093896749E-003   91.113283030600371        163.59515189420847        1.0050311804355846E-003
  -4.6893812225432376E-003   91.063455035595723        163.60481565658398        9.9357026401733343E-004
  -4.6540215845706015E-003   91.013212997776336        163.61435214088885        9.8124259664555112E-004
  -4.6130420756510214E-003   90.962330772276232        163.62376223071871        9.6804486258617755E-004
  -4.5501424982222908E-003   90.910448474911732        163.63304695303154        9.5396212114930493E-004
  -4.4524185780082928E-003   90.857159075295897        163.64220789415958        9.3906032810022963E-004
  -4.3450215333419176E-003   90.802024439697348        163.65124752904819        9.2335160242174377E-004
  -4.2069081627312674E-003   90.744674191733168        163.66016858046783        9.0689094652532702E-004
  -4.0654761482529170E-003   90.684831711808002        163.66897455587241        8.8971866751657355E-004
  -3.8836794176742447E-003   90.622479686938490        163.67766904944060        8.7192988564976242E-004
  -3.6843417001914090E-003   90.557839581879279        163.68625668681460        8.5359198562941164E-004
  -3.4703443008046969E-003   90.491345918124722        163.69474254357570        8.3478489805751679E-004
  -3.2435892755983977E-003   90.423708363413226        163.70313207210188        8.1563852129477247E-004
  -3.0134168614429904E-003   90.355741551501666        163.71143105313297        7.9624302296210008E-004
  -2.7948767556159027E-003   90.288480198554183        163.71964535733346        7.7664490027557777E-004
  -2.5746832870517842E-003   90.223052361940944        163.72778056146933        7.5689046686261657E-004
  -2.3663724700377425E-003   90.160439730908948        163.73584228757406        7.3704693609698193E-004
  -2.1728489292635639E-003   90.101713861634821        163.74383585745204        7.1717641984650558E-004
  -1.9976223169127561E-003   90.047786602402965        163.75176621775063        6.9735062906586072E-004
  -1.8525487724011082E-003   89.999449965674302        163.75963785058821        6.7757144228328516E-004
  -1.7314870998343911E-003   89.957321887244532        163.76745447033764        6.5786298698756649E-004
  -1.6434455785401389E-003   89.921863573154056        163.77521918030448        6.3824872861077393E-004
  -1.5831863513708602E-003   89.893251536944661        163.78293424249398        6.1876936932766277E-004
  -1.5512233374913081E-003   89.871572951877567        163.79060121062295        5.9943293000374036E-004
  -1.5676430237803209E-003   89.856659694254731        163.79822091695181        5.8024097335558763E-004
  -1.5883741320998118E-003   89.848217382593859        163.80579295867261        5.6127462487176778E-004
  -1.6331202753842576E-003   89.845673206089657        163.81331682380940        5.4253533437714069E-004
  -1.7055407881922725E-003   89.848353767740065        163.82079138690040        5.2406665313471993E-004
  -1.7994626136012574E-003   89.855455736083996        163.82821481589107        5.0584690954233577E-004
  -1.9008448756084447E-003   89.866136112491859        163.83558472864058        4.8792867892730066E-004
  -2.0001409192219118E-003   89.879468913195012        163.84289855158571        4.7034728211449466E-004
  -2.1006909309815220E-003   89.894592085575596        163.85015376354775        4.5317970763382128E-004
  -2.2087102325129577E-003   89.910718254742633        163.85734781042262        4.3642498102405597E-004
  -2.2997257744087731E-003   89.927140338132219        163.86447794570267        4.2012988028907892E-004
  -2.3856765723979925E-003   89.943316218732988        163.87154185612113        4.0433200378836576E-004
  -2.4600431867869803E-003   89.958730210999960        163.87853735580146        3.8908409720405626E-004
  -2.5084595316426680E-003   89.973103827324877        163.88546255295211        3.7439737752640971E-004
  -2.5612044937011616E-003   89.986137032114044        163.89231621714256        3.6027791835140164E-004
  -2.5940591578380448E-003   89.997593758021395        163.89909700518322        3.4675197249250299E-004
  -2.6039808985910593E-003   90.007256801496283        163.90580408037906        3.3385270252607609E-004
  -2.5962038589564407E-003   90.014984676429123        163.91243719043749        3.2160109285022482E-004
  -2.5844903731231856E-003   90.020626742340440        163.91899653331635        3.0995903073917651E-004
  -2.5419769759803166E-003   90.024094556683664        163.92548240606172        2.9894323980018890E-004
  -2.4731139768925338E-003   90.025430182904174        163.93189589197530        2.8862571489306481E-004
  -2.3914466466206704E-003   90.024714390129844        163.93823874757248        2.7897653724706124E-004
  -2.2780007621294850E-003   90.022181787849732        163.94451305548219        2.7005042676194347E-004
  -2.1563111205460212E-003   90.018225873139372        163.95072171102450        2.6186123116870251E-004
  -2.0200045059198366E-003   90.013260415618745        163.95686781991193        2.5438619089334405E-004
  -1.8892893576564920E-003   90.007779931671863        163.96295486136748        2.4759797422472813E-004
  -1.7423942974238204E-003   90.002242919134801        163.96898617120374        2.4153944318915251E-004
  -1.6023939858892764E-003   89.997107877545076        163.97496549941695        2.3616554149386438E-004
  -1.4638130331613840E-003   89.992787267472920        163.98089641914837        2.3150722901292258E-004
  -1.3141087816821587E-003   89.989636630209262        163.98678246671614        2.2757028801791574E-004
  -1.1764073696305193E-003   89.987952941318184        163.99262746277364        2.2434995508430325E-004
  -1.0440617858140280E-003   89.987953635997911        163.99843492035762        2.2185809884043498E-004
  -9.1868410376144639E-004   89.989934916315221        164.00420821496573        2.2007519783491395E-004
  -8.0358947588299887E-004   89.994098230197409        164.00995054325114        2.1895836428264840E-004
  -7.0313085810604547E-004   90.000806469974549        164.01566483779970        2.1852416635415099E-004
  -6.0693410901149617E-004   90.010428912069969        164.02135365605170        2.1872758019600666E-004
  -5.3956453823722982E-004   90.023498364944942        164.02701944598354        2.1948391674583972E-004
  -5.0593746351108848E-004   90.040627576801072        164.03266391678122        2.2071745657585522E-004
  -4.8044645822222306E-004   90.062426928261189        164.03828791284360        2.2241856739839723E-004
  -4.8378183971629397E-004   90.089486008368993        164.04389206966752        2.2454838939496655E-004
  -5.2098309011364900E-004   90.122302334574826        164.04947628422792        2.2703006063138606E-004
  -5.9138728321130474E-004   90.161317759347796        164.05503958589375        2.2978257695809357E-004
  -6.8552296539201973E-004   90.206674865636572        164.06058015224932        2.3278304689296924E-004
  -8.0977858282836395E-004   90.258313119889110        164.06609555270302        2.3600712926093688E-004
  -9.5670635486877953E-004   90.315793531833762        164.07158258509182        2.3940057072591208E-004
  -1.1229835337555358E-003   90.378610355768757        164.07703746631671        2.4296635686578481E-004
  -1.3071969992229739E-003   90.445898411524226        164.08245591810726        2.4670245953538881E-004
  -1.4922801048393467E-003   90.516712078816937        164.08783320196594        2.5065179822343354E-004
  -1.6979686249553884E-003   90.590098313554705        164.09316455780882        2.5480746782272816E-004
  -1.8904293422229688E-003   90.664978100978701        164.09844469789778        2.5921484774877793E-004
  -2.0871193103413231E-003   90.740250313761919        164.10366867339044        2.6392099980617156E-004
  -2.2674959033786250E-003   90.814945545321365        164.10883142807702        2.6898386967825566E-004
  -2.4255465326653613E-003   90.887973699419646        164.11392832465643        2.7448340381604295E-004
  -2.5566273035569922E-003   90.958300265116236        164.11895529918067        2.8050140568415218E-004
  -2.6568958109701567E-003   91.024880624264185        164.12390898039246        2.8703174503276902E-004
  -2.7177532507104518E-003   91.086747930819016        164.12878678749834        2.9416375821516623E-004
  -2.7582696755191834E-003   91.143006289139194        164.13358715154561        3.0193137595957350E-004
  -2.7482450504948751E-003   91.192813548876003        164.13830902613958        3.1043271141000228E-004
  -2.6801021529394790E-003   91.235471311024853        164.14295266216769        3.1974677939574774E-004
  -2.5516140912526055E-003   91.270505126452392        164.14751980245362        3.2993244539342549E-004
  -2.3778518922977806E-003   91.297583006836618        164.15201373987279        3.4099613268039536E-004
  -2.1640593105401555E-003   91.316658910030924        164.15643893015385        3.5295438316212767E-004
  -1.8908360884654252E-003   91.327672041494921        164.16080085778160        3.6589875167927164E-004
  -1.5761356538407860E-003   91.330775373210898        164.16510653488936        3.7982386285352290E-004
  -1.2140339107696641E-003   91.326285400467910        164.16936404003431        3.9479890253067343E-004
  -8.0677936851218548E-004   91.314672485567655        164.17358267009720        4.1079933965523579E-004
  -3.8617789144603079E-004   91.296540525146327        164.17777288411017        4.2779568730419573E-004
   5.8875002253674658E-005   91.272640337826871        164.18194548533336        4.4571507810451907E-004
   5.3070717073116819E-004   91.243893322981307        164.18611190778969        4.6455918670386029E-004
   1.0173022801398045E-003   91.211474615593616        164.19028427444280        4.8427545494051185E-004
   1.5293282523113443E-003   91.176688029972311        164.19447509036900        5.0483161929255286E-004
   2.0312064358557168E-003   91.141003970057724        164.19869751518138        5.2616508523750812E-004
   2.5033899359376719E-003   91.105995643707104        164.20296445020426        5.4812310610776003E-004
   2.9785634476775930E-003   91.073131192982899        164.20728803623174        5.7064136021181598E-004
   3.4010498040750957E-003   91.043894416693490        164.21168049264176        5.9354951984895378E-004
   3.7869059889053414E-003   91.019497894735395        164.21615268724295        6.1673580773598236E-004
   4.1361155953135754E-003   91.001001744264528        164.22071454739000        6.4005695431568286E-004
   4.4362506851581994E-003   90.989187343522815        164.22537506004531        6.6335027500282406E-004
   4.7022504715713591E-003   90.984608927029669        164.23014195180625        6.8649726586474764E-004
   4.8878424190650135E-003   90.987561318220997        164.23502207304463        7.0929353935323140E-004
   5.0359377761307941E-003   90.998092909094666        164.24002020742105        7.3164540157871197E-004
   5.1304618467429650E-003   91.015956906789299        164.24514017423806        7.5343462467238130E-004
   5.1752918083760799E-003   91.040829669893952        164.25038441589814        7.7454274556927019E-004
   5.1738324388745831E-003   91.072317945845043        164.25575409621490        7.9487221929029378E-004
   5.1330825756110646E-003   91.109983323981751        164.26124918837093        8.1434839167559810E-004
   5.0597551771367315E-003   91.153421958623085        164.26686865330910        8.3288713390341953E-004
   4.9157903768741141E-003   91.202186266136891        164.27261061295692        8.5032186541437571E-004
   4.7446802530062143E-003   91.255851958956384        164.27847137158497        8.6659021335958747E-004
   4.5425762606354711E-003   91.313952200171883        164.28444653338724        8.8165193776008086E-004
   4.3103808114198843E-003   91.375913034713662        164.29053090358673        8.9546323816566524E-004
   4.0469948884743236E-003   91.441076628845281        164.29671851125008        9.0796224549706940E-004
   3.7834809616994142E-003   91.508603611217112        164.30300258144189        9.1917061219466527E-004
   3.4997254964655479E-003   91.577566161860361        164.30937633343419        9.2906569391994242E-004
   3.1854833197909682E-003   91.646992393466590        164.31583246326639        9.3759128504906258E-004
   2.8879992152558574E-003   91.715844531126294        164.32236288128456        9.4480315920254863E-004
   2.5913134746522273E-003   91.783015099588454        164.32895992700665        9.5067955388199264E-004
   2.3073789118171046E-003   91.847552722583316        164.33561595980316        9.5523315324025533E-004
   2.0332899950956051E-003   91.908500805385174        164.34232366603467        9.5849773245275393E-004
   1.7960441650845486E-003   91.964986540129246        164.34907598490727        9.6049348314223085E-004
   1.5815983570626709E-003   92.016356735144583        164.35586680313753        9.6126157011984048E-004
   1.3993993940296429E-003   92.062060820438830        164.36269059441705        9.6083001166547726E-004
   1.2430277128609665E-003   92.101698921010779        164.36954266280671        9.5921161667462441E-004
   1.1159158074792877E-003   92.135165485142238        164.37641897733297        9.5642666902876351E-004
   1.0169898705512735E-003   92.162642582679538        164.38331626130704        9.5252571082486031E-004
   9.6502300619923814E-004   92.184505620533159        164.39023196509874        9.4755481664054834E-004
   9.2573595107393067E-004   92.201347213930148        164.39716474901539        9.4152589394003454E-004
   8.9752266113084494E-004   92.213918098575164        164.40411360131930        9.3442331913224752E-004
   8.8751436890650186E-004   92.223171866366769        164.41107779698200        9.2630282697279032E-004
   8.8308387063628518E-004   92.230034204131954        164.41805708144912        9.1715023776951711E-004
   8.8360313044852845E-004   92.235498386606523        164.42505134536566        9.0697229055077162E-004
   8.9573223687379965E-004   92.240402696098883        164.43206060784860        8.9579457101146695E-004
   8.9727057047699283E-004   92.245476364924798        164.43908518911024        8.8363635474811135E-004
   8.9015822484577812E-004   92.251350457338020        164.44612513732943        8.7049601127352379E-004
   8.7974475095673615E-004   92.258264922511657        164.45318027883351        8.5640899231622855E-004
   8.6841311074497228E-004   92.266345454845521        164.46025035591239        8.4137535849222516E-004
   8.4236655586654690E-004   92.275417658914677        164.46733508815399        8.2540806559398871E-004
   8.2769025709948402E-004   92.285186431363471        164.47443381631675        8.0857093198334964E-004
   7.9652535877039541E-004   92.295172419865352        164.48154617435748        7.9087256888722419E-004
   7.6773127112479071E-004   92.304777973418410        164.48867137220012        7.7239298160442849E-004
   7.3521597353352658E-004   92.313352175213495        164.49580868060431        7.5317469539423927E-004
   7.2200429210322469E-004   92.320276280896479        164.50295727461454        7.3331481532769348E-004
   7.2941665346591710E-004   92.325027542972094        164.51011682602788        7.1296464385134188E-004
   7.3602501756854781E-004   92.327172808405948        164.51728753838924        6.9213864514080224E-004
   7.5084920823361714E-004   92.326452117356013        164.52446959495975        6.7096214547587732E-004
   7.8910196034570157E-004   92.322610229129637        164.53166339048062        6.4955270414360179E-004
   8.5353760002571924E-004   92.315503066473028        164.53886992286928        6.2801454652939800E-004
   9.1464767548124493E-004   92.305155079293357        164.54609086498422        6.0647987334471387E-004
   9.8375699792325002E-004   92.291662261452927        164.55332780314833        5.8502855679392501E-004
   1.0598313485852050E-003   92.275067873444854        164.56058252868502        5.6375252520048254E-004
   1.1549604554435965E-003   92.255586977467431        164.56785701263939        5.4278639445627392E-004
   1.2604512092132480E-003   92.233402272249421        164.57515371659653        5.2225496641464242E-004
   1.3596221567719110E-003   92.208600975735223        164.58247536892549        5.0220308167271905E-004
   1.4894388506807735E-003   92.181265572020521        164.58982453390288        4.8277891081199468E-004
   1.6251670346318140E-003   92.151476183416023        164.59720456552873        4.6403677425253207E-004
   1.7428340856237559E-003   92.119250594630685        164.60461897031891        4.4601089633657998E-004
   1.8941874619404530E-003   92.084650218345246        164.61207078879553        4.2879826743510231E-004
   2.0476492936033408E-003   92.047877388741981        164.61956393006176        4.1246512133024402E-004
   2.2070991008326536E-003   92.009059807900954        164.62710235773363        3.9705294492563557E-004
   2.3643867513631575E-003   91.968521998203215        164.63469019035526        3.8258893242965671E-004
   2.5200956396368851E-003   91.926602917221956        164.64233149081838        3.6908911808726161E-004
   2.6596764480011155E-003   91.883650590655122        164.65003028203253        3.5654657250664497E-004
   2.7978556505190038E-003   91.839966810243524        164.65779017128332        3.4494082518482923E-004
   2.9290664141634515E-003   91.795941006096754        164.66561473028051        3.3428395166214199E-004
   3.0575934880480125E-003   91.751928550061152        164.67350735122662        3.2460516188584593E-004
   3.1625893865398660E-003   91.708309312324985        164.68147135754438        3.1588759435168933E-004
   3.2629572027821417E-003   91.665569177871745        164.68950946581768        3.0816396283349856E-004
   3.3427055745349952E-003   91.624172376725767        164.69762427404012        3.0140168927585012E-004
   3.4022211176327052E-003   91.584737060768134        164.70581784831015        2.9564322209363298E-004
   3.4339867441126439E-003   91.548036846373932        164.71409173212081        2.9089194859234876E-004
   3.4548082348559391E-003   91.514706656204666        164.72244675250195        2.8717258319620415E-004
   3.4201505849333976E-003   91.485494833147413        164.73088345455670        2.8446248669133494E-004
   3.3519632284672550E-003   91.460932590607101        164.73940095043113        2.8274716042304960E-004
   3.2684675603096873E-003   91.441342784452345        164.74799748603692        2.8205361586505610E-004
   3.1348322911545212E-003   91.426830379268949        164.75667091197752        2.8232570986761309E-004
   2.9798761271747198E-003   91.417156091088600        164.76541778281208        2.8352677631063002E-004
   2.8151664847456044E-003   91.411756633106236        164.77423410169919        2.8569296293005962E-004
   2.6260608890672325E-003   91.409781079165995        164.78311561892363        2.8874249382721906E-004
   2.4063194606624276E-003   91.410001989776362        164.79205745327729        2.9261922952550416E-004
   2.1845597180035091E-003   91.411061029762621        164.80105392977785        2.9731583486982262E-004
   1.9780391968235770E-003   91.411551325907737        164.81009932040524        3.0284890462726365E-004
   1.7737386405586549E-003   91.409980732009188        164.81918828974557        3.0918905669471709E-004
   1.6006840047033042E-003   91.405030835002592        164.82831555841867        3.1639567852959869E-004
   1.4278903028749825E-003   91.395588598049869        164.83747665268780        3.2444834548416116E-004
   1.2894763105193441E-003   91.380950833873399        164.84666710402163        3.3332755372412646E-004
   1.1704280338162255E-003   91.360774057200317        164.85588333217899        3.4307486662849923E-004
   1.0769638444974386E-003   91.335111036493160        164.86512225601109        3.5366622134221462E-004
   1.0071807231351196E-003   91.304541404020270        164.87438145634326        3.6510825335857316E-004
   9.5636387576564100E-004   91.269913751392238        164.88365912600980        3.7738877064019601E-004
   9.1341665177379825E-004   91.232493486214537        164.89295394796730        3.9044816641557809E-004
   8.6500149886624400E-004   91.193630666869367        164.90226480847849        4.0416222740428644E-004
   8.0895768539071609E-004   91.154827956623109        164.91159045319853        4.1844913889565257E-004
   7.3295693566223692E-004   91.117676230485316        164.92092943008851        4.3315310109423030E-004
   6.5501594904787230E-004   91.083590534983372        164.93027977049670        4.4818485491501244E-004
   5.4874209787977336E-004   91.053812420800384        164.93963945540528        4.6335095504624024E-004
   4.2409540856660767E-004   91.029235571474459        164.94900573219476        4.7852162356842794E-004
   2.6549101272609776E-004   91.010601942888869        164.95837537262062        4.9348370579464242E-004
   7.0205091330746185E-005   90.998289271540017        164.96774426819573        5.0807971861724648E-004
  -1.3098928004373983E-004   90.992301388644165        164.97710735897371        5.2227779219876853E-004
  -3.8176179029651296E-004   90.992584416840771        164.98645943100689        5.3588882022566385E-004
  -6.5303138370732654E-004   90.998813856622135        164.99579398468893        5.4877222170280466E-004
  -9.5753795944596230E-004   91.010408518849658        165.00510398666464        5.6084793252504357E-004
  -1.2738772775104117E-003   91.026799858007365        165.01438154037695        5.7204254666996584E-004
  -1.6146266197648437E-003   91.047338747851157        165.02361844018739        5.8226361427819793E-004
  -1.9480168483476449E-003   91.071307097525462        165.03280584534767        5.9150575035063556E-004
  -2.2870939066661935E-003   91.097957628865146        165.04193510352863        5.9976547798476032E-004
  -2.6169351676544228E-003   91.126443078742625        165.05099741187476        6.0703426024497477E-004
  -2.9547518863113614E-003   91.155966193984980        165.05998420412519        6.1334566535096828E-004
  -3.2752900689258526E-003   91.185734955558871        165.06888670375406        6.1879309180135067E-004
  -3.5592120238579850E-003   91.214775445014155        165.07769658058984        6.2344428591702521E-004
  -3.8330629823704770E-003   91.242194640919791        165.08640645115108        6.2734565585568873E-004
  -4.0744972826690746E-003   91.267147312644425        165.09500919020118        6.3059833183429269E-004
  -4.2979873864999966E-003   91.288846273170208        165.10349851130130        6.3331167055128931E-004
  -4.4871111413402045E-003   91.306694745008159        165.11186859134921        6.3559404051528358E-004
  -4.6386609313263036E-003   91.320206618853220        165.12011449751193        6.3755693788798500E-004
  -4.7548779527354880E-003   91.329138157471363        165.12823227034653        6.3932080140142989E-004
  -4.8430810571597092E-003   91.333420250138118        165.13621886683322        6.4100398770038818E-004
  -4.8814957622116883E-003   91.333221170676836        165.14407197055451        6.4279436367661587E-004
  -4.9014573765695998E-003   91.328857700528957        165.15179055781314        6.4477914122074880E-004
  -4.8840873224548385E-003   91.320759136872539        165.15937408440504        6.4712881197682862E-004
  -4.8370118904837367E-003   91.309447932654450        165.16682297660751        6.4996543322897620E-004
  -4.7658353623255736E-003   91.295397127487789        165.17413843301929        6.5337923923256957E-004
  -4.6581560285519543E-003   91.279115707963498        165.18132228024353        6.5747400302148954E-004
  -4.5506319279914617E-003   91.260934920102144        165.18837729400374        6.6229745836313147E-004
  -4.4192775258819605E-003   91.241160155175521        165.19530624748938        6.6788790676464258E-004
  -4.2774863083111870E-003   91.220054570838002        165.20211253518559        6.7426608799120023E-004
  -4.1213835035392356E-003   91.197764790498738        165.20879982564134        6.8145741581571054E-004
  -3.9545331137065855E-003   91.174468312737005        165.21537216058184        6.8939626888825758E-004
  -3.7770685481623512E-003   91.150237038462876        165.22183386385558        6.9802278309798681E-004
  -3.5824442119813723E-003   91.124990493928735        165.22818953772799        7.0724098946670403E-004
  -3.3645228635377235E-003   91.098591278147822        165.23444423260614        7.1698492362550956E-004
  -3.1425111910411432E-003   91.070720921455901        165.24060360719616        7.2710490297383623E-004
  -2.9077671114423210E-003   91.041121309925515        165.24667342852933        7.3750087164384920E-004
  -2.6550429464220196E-003   91.009400530704355        165.25265979681967        7.4801498662997008E-004
  -2.3974227932289940E-003   90.975194050438759        165.25856928241953        7.5848602601750808E-004
  -2.1299984142169309E-003   90.938263247374039        165.26440858502875        7.6881182673404309E-004
  -1.8489795080580526E-003   90.898644456841851        165.27018466084070        7.7884588784289926E-004
  -1.5532411710389609E-003   90.856549339685998        165.27590482132692        7.8849272262653252E-004
  -1.2562913787409263E-003   90.812588597684766        165.28157676234827        7.9763538644167195E-004
  -9.6276093838848801E-004   90.767632300967975        165.28720821192795        8.0616241659179147E-004
  -6.7424693197359615E-004   90.722895695029649        165.29280681041962        8.1400119938050404E-004
  -4.0340959860852074E-004   90.679989107894770        165.29838006928529        8.2106284406034116E-004
  -1.5597893913430787E-004   90.640675623383160        165.30393504127346        8.2725050576697905E-004
   3.0255157500891375E-005   90.606838576887412        165.30947817132849        8.3245630156574414E-004
   1.7622446326217279E-004   90.580304381749770        165.31501431341323        8.3664808174229105E-004
   2.7853974415364741E-004   90.562821330335836        165.32054727503325        8.3977491792610280E-004
   3.0635608957281301E-004   90.555871728967318        165.32607972812809        8.4176415466273341E-004
   2.5699042303994559E-004   90.560554006880409        165.33161240704860        8.4256828381137027E-004
   1.4840633709655565E-004   90.577437557951555        165.33714403684459        8.4212813118780458E-004
  -2.2127586344990952E-005   90.606476156483055        165.34267180191611        8.4044512423314839E-004
  -2.5034871668919341E-004   90.647074962365465        165.34819127340737        8.3748286010352200E-004
  -5.1182464692368457E-004   90.697991921879492        165.35369651862206        8.3326063475481886E-004
  -8.2277034120948060E-004   90.757463677868088        165.35918073862311        8.2778184594616033E-004
  -1.1583683984142381E-003   90.823274643807835        165.36463584470638        8.2104541792590879E-004
  -1.5078463455851742E-003   90.893199458577499        165.37005310408620        8.1310992588288643E-004
  -1.8693942478349226E-003   90.964934820430386        165.37542341986270        8.0399918846972454E-004
  -2.2289823218555656E-003   91.036297998064640        165.38073737784575        7.9374320489785830E-004
  -2.5671353659817799E-003   91.105368371776379        165.38598561277942        7.8241858691401902E-004
  -2.8711314950688608E-003   91.170508249868647        165.39115931443817        7.7010506858003378E-004
  -3.1422462640111315E-003   91.230370327479179        165.39625055944620        7.5688616132914873E-004
  -3.3616597463842083E-003   91.283823837209596        165.40125227872028        7.4282493135888639E-004
  -3.5476767872346564E-003   91.330055790253269        165.40615874593701        7.2800896470226820E-004
  -3.6866611172567607E-003   91.368432629166776        165.41096510321609        7.1246478897943485E-004
  -3.7828332905073345E-003   91.398563243576049        165.41566771691024        6.9624523867477055E-004
  -3.8214438062980863E-003   91.420329652610775        165.42026406707316        6.7943847469178185E-004
  -3.8064010275769551E-003   91.433662222388136        165.42475313268037        6.6211014038324294E-004
  -3.7476924644794583E-003   91.438747308785963        165.42913529027317        6.4430599484880519E-004
  -3.6336514071920343E-003   91.435931439484378        165.43341205483435        6.2613390239097246E-004
  -3.4694578116601640E-003   91.425641140953971        165.43758638338863        6.0764469184979800E-004
  -3.2657408939909330E-003   91.408401535501397        165.44166254076444        5.8890280772648355E-004
  -3.0139119882804824E-003   91.384808947932171        165.44564582382660        5.6999386672540811E-004
  -2.7392956455267324E-003   91.355442769954024        165.44954278476800        5.5098539984118440E-004
  -2.4273545884538868E-003   91.320994797265300        165.45336057213913        5.3195653789242362E-004
  -2.0835704560131997E-003   91.282162869885966        165.45710731021919        5.1302714857494834E-004
  -1.7228507042753799E-003   91.239606450501810        165.46079195559673        4.9427147658062621E-004
  -1.3452643076812972E-003   91.194044081824629        165.46442390902757        4.7580760510755805E-004
  -9.5209364784627196E-004   91.146171243830139        165.46801301466454        4.5773296446698298E-004
  -5.4808974267862170E-004   91.096730923385920        165.47156952556978        4.4013927342579311E-004
  -1.5375668865581302E-004   91.046466841997997        165.47510398099936        4.2312034937661843E-004
   2.4696245669133529E-004   90.996071371168128        165.47862666985716        4.0675636115411457E-004
   6.3852010712526174E-004   90.946278231436466        165.48214804978451        3.9112724650770581E-004
   1.0258146653436028E-003   90.897620192396431        165.48567834119058        3.7633627172679705E-004
   1.4003241173845473E-003   90.850571245194601        165.48922765353595        3.6246282957339536E-004
   1.7561812470316049E-003   90.805479756172772        165.49280576390603        3.4953537851983846E-004
   2.0989940493931583E-003   90.762632115327591        165.49642196395743        3.3766560202416225E-004
   2.4165251437164581E-003   90.722203500190062        165.50008520425689        3.2685471833195486E-004
   2.7054211644393150E-003   90.684513706527355        165.50380377568706        3.1712734767006700E-004
   2.9869928126016790E-003   90.649919201658321        165.50758522033689        3.0848647871616454E-004
   3.2380589054409156E-003   90.618944961339523        165.51143688796384        3.0090117159159636E-004
   3.4563048663904866E-003   90.592231970882025        165.51536533096359        2.9437225982175959E-004
   3.6198444344717980E-003   90.570442989609248        165.51937624410169        2.8878191563080344E-004
   3.7528031009325148E-003   90.554308763035891        165.52347389381319        2.8403664881131087E-004
   3.8454367667518580E-003   90.544464566901922        165.52766174773777        2.8007218764133202E-004
   3.8923751616363098E-003   90.541515036832550        165.53194222056692        2.7676007603652400E-004
   3.8803697597675200E-003   90.545776023092998        165.53631653380168        2.7393510418284296E-004
   3.8278601753428398E-003   90.557354138141733        165.54078437098784        2.7148962362658367E-004
   3.7331085378337001E-003   90.576112341331680        165.54534435817160        2.6930663329922206E-004
   3.6013465210765544E-003   90.601605427804330        165.54999402001528        2.6725295619265175E-004
   3.4413829138929316E-003   90.633185746677356        165.55472991639985        2.6520440291395345E-004
   3.2357104215984850E-003   90.669890838344358        165.55954787222799        2.6307375338535010E-004
   3.0285747520880511E-003   90.710797960610975        165.56444252020853        2.6080763208511531E-004
   2.7794439099204727E-003   90.754805845265821        165.56940845597603        2.5826203219062093E-004
   2.5341577617136210E-003   90.800797891490348        165.57443918088813        2.5539617459116099E-004
   2.2758473569839412E-003   90.847605957230599        165.57952829739614        2.5217340080433060E-004
   2.0186575618178285E-003   90.894098431395207        165.58466906991268        2.4850216620002488E-004
   1.7779705808716217E-003   90.939208899915826        165.58985479259169        2.4435787461159805E-004
   1.5513896770295121E-003   90.981899926083059        165.59507919196628        2.3974821274973823E-004
   1.3421380565465317E-003   91.021227690431502        165.60033636460309        2.3469087928854821E-004
   1.1554289149782258E-003   91.056456804989836        165.60562085911786        2.2917251329850058E-004
   9.9664699396681392E-004   91.086866934058691        165.61092781297225        2.2323140860653262E-004
   8.5275585994075127E-004   91.111978921952158        165.61625309314550        2.1687675520122240E-004
   7.5208017664658443E-004   91.131392404490242        165.62159295447387        2.1019807103440092E-004
   6.7900900332454350E-004   91.144941071212500        165.62694477958826        2.0330725019073435E-004
   6.3611308177695858E-004   91.152679621946263        165.63230667170862        1.9625429389881586E-004
   6.3077575188893954E-004   91.154726385246306        165.63767752189963        1.8917624616810176E-004
   6.5702892732763031E-004   91.151311063833802        165.64305720132549        1.8221241088449045E-004
   6.9581597342436511E-004   91.142755031890346        165.64844640620902        1.7538417310483402E-004
   7.8872975879671757E-004   91.129261274985225        165.65384616019355        1.6889165289868971E-004
   8.9521634528410459E-004   91.111096592753327        165.65925890161688        1.6280377223936012E-004
   1.0158521775629156E-003   91.088529430885771        165.66468742364233        1.5721414364019780E-004
   1.1625054908768458E-003   91.061669723721892        165.67013489151137        1.5223854452650382E-004
   1.3431026121744970E-003   91.030688870124948        165.67560515320611        1.4798446993633966E-004
   1.5406297893033037E-003   90.995868039632072        165.68110294743255        1.4455053224295041E-004
   1.7565047946854144E-003   90.957603756111538        165.68663346007818        1.4198956403755231E-004
   1.9828752733644043E-003   90.916294524017943        165.69220236043830        1.4036136037315854E-004
   2.2105411476504694E-003   90.872524488600675        165.69781559737547        1.3971147588098191E-004
   2.4514898533529168E-003   90.826991674466910        165.70347915746342        1.4002884441061348E-004
   2.6938229283876443E-003   90.780529108762039        165.70919938104907        1.4133076705493728E-004
   2.9300124606908787E-003   90.734109535590434        165.71498265001716        1.4360271150968087E-004
   3.1471004446996598E-003   90.688740627559611        165.72083518973486        1.4677710681073030E-004
   3.3536757514484746E-003   90.645524574667334        165.72676272946853        1.5081130228812128E-004
   3.5311045985747000E-003   90.605653177933036        165.73277072618646        1.5565675899421939E-004
   3.6686437981516052E-003   90.570258721449179        165.73886387639686        1.6124538117865127E-004
   3.7794314255762463E-003   90.540512631282056        165.74504583471540        1.6749928301338548E-004
   3.8522669945986027E-003   90.517412433229737        165.75131955497088        1.7439169321336681E-004
   3.8682187776905752E-003   90.501861908987053        165.75768699589196        1.8183333863181929E-004
   3.8406703741426774E-003   90.494644194973375        165.76414862365320        1.8978276579076781E-004
   3.7643436620860313E-003   90.496213021595665        165.77070376403591        1.9816465225225475E-004
   3.6471666107332676E-003   90.506842934774284        165.77735046273756        2.0695319453517436E-004
   3.4779396205964356E-003   90.526338671215953        165.78408569021803        2.1608811202060183E-004
   3.2756249484564943E-003   90.554232362097821        165.79090504958043        2.2555737863870932E-004
   3.0120778406989516E-003   90.589790377802771        165.79780327078956        2.3522556864299270E-004
   2.7325600308446296E-003   90.631892685952181        165.80477347505627        2.4510329140782266E-004
   2.4377889678767924E-003   90.679131730294543        165.81180835887622        2.5517758223680986E-004
   2.0936184671400768E-003   90.729839923253451        165.81890021378953        2.6534550020291983E-004
   1.7673460000561816E-003   90.782375526637281        165.82604003137590        2.7562621615860280E-004
   1.4451800212418940E-003   90.834965413563893        165.83321926575778        2.8604611893458178E-004
   1.1471677221700229E-003   90.885947176865557        165.84042947320270        2.9663807709451675E-004
   8.5004532471137390E-004   90.933691900835811        165.84766283637774        3.0737310208520205E-004
   5.9442716163697672E-004   90.976804916029892        165.85491155666065        3.1831405880149280E-004
   3.7180231011878136E-004   91.014221200780909        165.86216891815459        3.2950891869835768E-004
   1.9393136328842684E-004   91.045057871485724        165.86942906526767        3.4101013490328753E-004
   5.3151379996697154E-005   91.068827861387732        165.87668731141176        3.5282403342119545E-004
  -6.7143603221453573E-005   91.085213471054445        165.88393993977161        3.6491032559877247E-004
  -1.4440801336399858E-004   91.094285906048114        165.89118376841381        3.7729140596746497E-004
  -1.7236282627723727E-004   91.096342379880483        165.89841674054492        3.8996817846307931E-004
  -1.6508707030470849E-004   91.091913257531971        165.90563809135369        4.0292780442966180E-004
  -1.3378395522716999E-004   91.081654995951666        165.91284797831011        4.1613428511473138E-004
  -7.1879967137002476E-005   91.066336454622714        165.92004718839362        4.2957545038310111E-004
   2.3700582524732651E-005   91.046828275869458        165.92723731175712        4.4321179556904651E-004
   1.3471867292915961E-004   91.023873137970725        165.93442082070337        4.5696190485344871E-004
   2.6505971886374170E-004   90.998184814264221        165.94160059393434        4.7074820175487436E-004
   4.1007200725408241E-004   90.970355707632734        165.94878001659629        4.8452029485281019E-004
   5.5176058827868205E-004   90.940753517326854        165.95596286055999        4.9818214219653060E-004
   7.1616540682182888E-004   90.909580079595827        165.96315281075928        5.1172496741505732E-004
   8.8368829792078070E-004   90.876917202433319        165.97035414976301        5.2507885942786059E-004
   1.0560905152307430E-003   90.842714329841314        165.97757124345233        5.3820681537056052E-004
   1.2335364347082955E-003   90.806991602503999        165.98480858715990        5.5109817994846517E-004
   1.4186019192365422E-003   90.769762653825225        165.99207081196263        5.6369644840218868E-004
   1.5975798105361699E-003   90.731185239556837        165.99936275090138        5.7598906366825812E-004
   1.7893927900975684E-003   90.691640653349182        166.00668907950140        5.8794542904394066E-004
   1.9820904155584871E-003   90.651705569346234        166.01405481203608        5.9959190226283401E-004
   2.1481667941465696E-003   90.612104987256373        166.02146498876695        6.1093518487196176E-004
   2.3070586866574430E-003   90.573810131433547        166.02892395642382        6.2195001985269926E-004
   2.4367608511593410E-003   90.537950734459812        166.03643587530226        6.3260742909251237E-004
   2.5577933387541277E-003   90.505733205021315        166.04400414176905        6.4293365024852337E-004
   2.6251128351416522E-003   90.478416235307023        166.05163192713084        6.5283502430572003E-004
   2.6613070334395505E-003   90.457007986014020        166.05932099626844        6.6230952010386441E-004
   2.6526006572277798E-003   90.442385240201460        166.06707229805551        6.7130880746660716E-004
   2.6105692152607767E-003   90.435064317986502        166.07488560467527        6.7982858560726564E-004
   2.5339277077992724E-003   90.435210555822877        166.08275981423014        6.8784462937867327E-004
   2.3947353471234305E-003   90.442593822333947        166.09069291593013        6.9530757132744883E-004
   2.2130619766213377E-003   90.456673568259120        166.09868125759994        7.0223071941773673E-004
   2.0096939875939310E-003   90.476705608608995        166.10672007077491        7.0857685046271115E-004
   1.7850249560263285E-003   90.501866357672085        166.11480401619735        7.1437939020883683E-004
   1.5311666126049306E-003   90.531215229104504        166.12292719471830        7.1966390239433314E-004
   1.2608044931611219E-003   90.563961819681651        166.13108293960724        7.2450030836116212E-004
