        4000
Ar     1  0.1231207E+01  0.9521639E+00  0.7322695E-01  0.5116761E-04 -0.5611710E-04 -0.6130066E-04
Ar     2  0.3738490E+01  0.3515318E+01  0.1573908E+00 -0.2368451E-04 -0.6522497E-04 -0.1029222E-04
Ar     3  0.3617903E+01  0.9088830E+00  0.2776753E+01 -0.4481700E-05  0.5203212E-05  0.9326957E-06
Ar     4  0.1172905E+01  0.3576248E+01  0.2755938E+01 -0.6065827E-04  0.8393688E-04  0.6014511E-05
Ar     5  0.9019020E+00  0.9138785E+00  0.5191241E+01  0.1084757E-04  0.1091856E-04  0.1256376E-06
Ar     6  0.3553755E+01  0.3622590E+01  0.5307516E+01  0.2043764E-04 -0.3220975E-04  0.6139555E-04
Ar     7  0.3622088E+01  0.9842191E+00  0.7549276E+01  0.7374913E-04 -0.1171322E-03  0.3586976E-04
Ar     8  0.9916198E+00  0.3643346E+01  0.7813917E+01  0.6609765E-04  0.6923779E-04  0.4704902E-04
Ar     9  0.1064068E+01  0.1022768E+01  0.1018250E+02 -0.6602281E-04  0.6659056E-04  0.1891715E-04
Ar    10  0.3402867E+01  0.3455504E+01  0.1041873E+02 -0.3961950E-04  0.2991603E-04  0.7120969E-05
Ar    11  0.3541708E+01  0.9161919E+00  0.1281766E+02  0.9363102E-05 -0.1271168E-05 -0.3629883E-04
Ar    12  0.1064034E+01  0.3623042E+01  0.1307241E+02  0.1317649E-04  0.4010710E-04 -0.2650994E-04
Ar    13  0.1038433E+01  0.9387750E+00  0.1527532E+02  0.1063219E-04 -0.4114931E-04  0.2132861E-04
Ar    14  0.3666282E+01  0.3747569E+01  0.1546973E+02  0.1570924E-04  0.5245349E-05 -0.6512151E-04
Ar    15  0.3524277E+01  0.1021953E+01  0.1777018E+02 -0.6331836E-04 -0.5888251E-04  0.1018485E-04
Ar    16  0.1097648E+01  0.3607335E+01  0.1784080E+02 -0.5186502E-04  0.3200966E-04 -0.6987569E-04
Ar    17  0.9783482E+00  0.8867781E+00  0.2057807E+02 -0.6314107E-04 -0.1089750E-04  0.4705456E-04
Ar    18  0.3691519E+01  0.3573658E+01  0.2044163E+02  0.2842546E-04  0.2531271E-04  0.6307567E-04
Ar    19  0.3546298E+01  0.7792358E+00  0.2336796E+02 -0.6062227E-06 -0.4146260E-04  0.3950496E-05
Ar    20  0.9587836E+00  0.3408998E+01  0.2315300E+02 -0.5993658E-06 -0.5738647E-04 -0.1762438E-04
Ar    21  0.9053025E+00  0.7284650E+00  0.2562047E+02 -0.5564635E-04  0.1631649E-04 -0.9296746E-04
Ar    22  0.3438247E+01  0.3636475E+01  0.2575479E+02 -0.4342704E-04  0.3424747E-04  0.7763997E-05
Ar    23  0.3262593E+01  0.1007101E+01  0.2831035E+02 -0.4129194E-04 -0.1671544E-04  0.3831074E-04
Ar    24  0.7648530E+00  0.3387305E+01  0.2809545E+02  0.1710319E-04  0.4887959E-04 -0.1051654E-04
Ar    25  0.1022599E+01  0.8473334E+00  0.3092452E+02 -0.3722290E-04  0.3883138E-04 -0.6348739E-04
Ar    26  0.3703470E+01  0.3742581E+01  0.3086475E+02  0.5284119E-04 -0.6756464E-04 -0.1139042E-04
Ar    27  0.3672792E+01  0.1114263E+01  0.3335579E+02 -0.9171908E-05  0.4301465E-04 -0.2635793E-04
Ar    28  0.1203293E+01  0.3773440E+01  0.3333561E+02 -0.6669502E-04 -0.4772891E-04  0.1810706E-04
Ar    29  0.1336779E+01  0.1096633E+01  0.3623210E+02 -0.6332651E-04 -0.6619021E-05  0.6184836E-04
Ar    30  0.3674117E+01  0.3982421E+01  0.3597311E+02 -0.3502477E-04  0.7505629E-05  0.2416034E-04
Ar    31  0.3728583E+01  0.1025149E+01  0.3875224E+02  0.3002218E-04 -0.3789827E-04  0.6748543E-04
Ar    32  0.1464906E+01  0.3587462E+01  0.3873515E+02 -0.3826915E-04  0.6375082E-04 -0.6462891E-04
Ar    33  0.1141273E+01  0.1008328E+01  0.4141066E+02 -0.4255017E-04  0.4785650E-04 -0.2165305E-05
Ar    34  0.3855911E+01  0.3616361E+01  0.4136062E+02  0.4639845E-04 -0.7477583E-04  0.1185588E-05
Ar    35  0.3602998E+01  0.9895708E+00  0.4400455E+02 -0.9653672E-04  0.2111017E-04 -0.7479958E-04
Ar    36  0.1244149E+01  0.3676837E+01  0.4383564E+02  0.4668690E-05 -0.5997609E-04  0.9597704E-04
Ar    37  0.1024560E+01  0.1056851E+01  0.4651653E+02 -0.4805980E-04 -0.6228145E-04 -0.2565261E-04
Ar    38  0.3713855E+01  0.3758826E+01  0.4661729E+02  0.5223093E-04  0.5541133E-04  0.7423515E-04
Ar    39  0.3884343E+01  0.8330562E+00  0.4916977E+02  0.4235132E-04  0.3425522E-04  0.3328928E-04
Ar    40  0.1184205E+01  0.3505865E+01  0.4906684E+02  0.1123143E-04 -0.3978673E-04  0.2046597E-04
Ar    41  0.1168838E+01  0.6047176E+01  0.1430851E+00  0.3369822E-04 -0.4991967E-04 -0.3934223E-05
Ar    42  0.3655259E+01  0.8735997E+01  0.5154521E+02  0.1021400E-04 -0.7696603E-04  0.9156404E-05
Ar    43  0.3817252E+01  0.6254853E+01  0.2555023E+01 -0.9927155E-04 -0.2447985E-04  0.4377780E-05
Ar    44  0.1016116E+01  0.8573092E+01  0.2680313E+01 -0.6601139E-05 -0.4109268E-04  0.8740989E-05
Ar    45  0.8389148E+00  0.6036871E+01  0.5291336E+01  0.9968779E-05 -0.5620988E-04  0.9002960E-05
Ar    46  0.3505198E+01  0.8598045E+01  0.5418772E+01 -0.3721037E-04  0.4562884E-04 -0.7340973E-04
Ar    47  0.3636100E+01  0.6048965E+01  0.7881946E+01 -0.4497908E-05  0.1012008E-04 -0.7755909E-04
Ar    48  0.8817430E+00  0.8666309E+01  0.7872337E+01  0.2578215E-04 -0.2854615E-04 -0.4980654E-04
Ar    49  0.9583708E+00  0.6090603E+01  0.1057688E+02 -0.7160536E-04  0.2248339E-04  0.7996253E-04
Ar    50  0.3610696E+01  0.8558072E+01  0.1039969E+02 -0.9040393E-06  0.7852836E-04  0.6486751E-04
Ar    51  0.3400663E+01  0.6323937E+01  0.1322373E+02  0.4034054E-04 -0.1231774E-04  0.3226122E-04
Ar    52  0.9556156E+00  0.8987929E+01  0.1301586E+02 -0.2266966E-04  0.6639128E-05 -0.5826483E-04
Ar    53  0.9187945E+00  0.6419171E+01  0.1563706E+02  0.1174945E-03 -0.7856284E-04 -0.2816345E-04
Ar    54  0.3589211E+01  0.9162812E+01  0.1580238E+02 -0.1313091E-04 -0.4585001E-04  0.2367162E-05
Ar    55  0.3882665E+01  0.6172820E+01  0.1801070E+02 -0.2149146E-04  0.4292801E-04  0.3300207E-04
Ar    56  0.1030342E+01  0.8886298E+01  0.1830610E+02  0.5875311E-04  0.5320369E-04  0.7454550E-04
Ar    57  0.1117946E+01  0.5975369E+01  0.2051607E+02 -0.2625452E-04  0.9361405E-04 -0.8019615E-04
Ar    58  0.3960336E+01  0.8836068E+01  0.2066598E+02  0.6832387E-04 -0.6307513E-05  0.2955829E-05
Ar    59  0.3634093E+01  0.6024041E+01  0.2315060E+02  0.3890253E-04  0.8319025E-05  0.6113827E-04
Ar    60  0.1304783E+01  0.8503948E+01  0.2306754E+02 -0.5386340E-04  0.1138024E-05 -0.1405102E-04
Ar    61  0.1049878E+01  0.5899828E+01  0.2560292E+02  0.3987046E-04  0.8035571E-05  0.2284520E-05
Ar    62  0.3563782E+01  0.8736538E+01  0.2559025E+02 -0.3163619E-04 -0.2097204E-04  0.1267075E-04
Ar    63  0.3777502E+01  0.6383023E+01  0.2816906E+02 -0.2085859E-04  0.3066325E-04  0.7609316E-04
Ar    64  0.1015138E+01  0.8550703E+01  0.2821284E+02 -0.2350546E-04  0.2570091E-04  0.6671556E-04
Ar    65  0.8417702E+00  0.6216882E+01  0.3075009E+02 -0.4083679E-04  0.5596995E-04  0.1150538E-04
Ar    66  0.3698937E+01  0.8885006E+01  0.3101181E+02  0.5054785E-04 -0.3874962E-04  0.2411683E-05
Ar    67  0.3615444E+01  0.6185188E+01  0.3336198E+02  0.7467774E-04 -0.9414417E-05 -0.2696604E-04
Ar    68  0.1000913E+01  0.8789131E+01  0.3357394E+02 -0.6145404E-04 -0.1545402E-04 -0.1346797E-04
Ar    69  0.1077556E+01  0.6311412E+01  0.3632582E+02  0.6865176E-04  0.1419184E-04 -0.4220948E-04
Ar    70  0.3703374E+01  0.8826702E+01  0.3604017E+02 -0.3324635E-04  0.4494840E-04  0.1091208E-04
Ar    71  0.3712192E+01  0.6346487E+01  0.3880212E+02  0.3184472E-04  0.2292613E-04  0.2918591E-04
Ar    72  0.9922995E+00  0.8813823E+01  0.3892740E+02 -0.3260210E-04 -0.2943931E-04 -0.7292132E-04
Ar    73  0.1106780E+01  0.6113217E+01  0.4133738E+02 -0.7143091E-04  0.4375793E-04  0.3584061E-04
Ar    74  0.3965049E+01  0.8942154E+01  0.4160446E+02  0.3233563E-04 -0.2207071E-04  0.1219614E-04
Ar    75  0.3624439E+01  0.6425824E+01  0.4421082E+02 -0.1644108E-04  0.1373884E-04 -0.7577744E-04
Ar    76  0.9605757E+00  0.8861879E+01  0.4411041E+02 -0.2292664E-04 -0.1475685E-04 -0.4420068E-05
Ar    77  0.9871124E+00  0.6174527E+01  0.4654884E+02  0.2086903E-04 -0.8120548E-04 -0.1095237E-03
Ar    78  0.3346975E+01  0.8940812E+01  0.4658460E+02  0.2639141E-04 -0.1699163E-04  0.1086139E-06
Ar    79  0.3443587E+01  0.6279819E+01  0.4899854E+02  0.3328466E-04 -0.7668821E-04 -0.7685880E-04
Ar    80  0.8744174E+00  0.8652444E+01  0.4929792E+02 -0.5486690E-04  0.1945571E-04 -0.6373006E-04
Ar    81  0.8248062E+00  0.1126887E+02  0.3054434E+00  0.2679483E-04 -0.4508934E-05 -0.1674770E-04
Ar    82  0.3476952E+01  0.1366540E+02  0.6382321E-01  0.6040116E-04 -0.6237887E-04 -0.2745882E-04
Ar    83  0.3593557E+01  0.1106724E+02  0.2634483E+01 -0.1447837E-04  0.1423429E-04 -0.4264168E-05
Ar    84  0.8253124E+00  0.1385839E+02  0.2678646E+01 -0.5135420E-05 -0.2297223E-04 -0.5474238E-05
Ar    85  0.1055722E+01  0.1107434E+02  0.5153121E+01  0.7081876E-04  0.2081402E-04 -0.1116342E-03
Ar    86  0.3630964E+01  0.1374916E+02  0.5115890E+01  0.9128145E-05 -0.1680386E-05 -0.3028421E-04
Ar    87  0.3653777E+01  0.1107562E+02  0.7909897E+01 -0.2647902E-05  0.3364232E-04 -0.1006253E-03
Ar    88  0.1035280E+01  0.1368585E+02  0.7657104E+01  0.3648632E-04 -0.1972585E-04  0.9593894E-04
Ar    89  0.1051646E+01  0.1129164E+02  0.1047431E+02 -0.3311627E-04  0.3823812E-04 -0.5242988E-04
Ar    90  0.3649399E+01  0.1385647E+02  0.1042522E+02  0.1893108E-04  0.3412694E-04  0.1069762E-05
Ar    91  0.3862364E+01  0.1119375E+02  0.1292828E+02  0.1016700E-04 -0.7522628E-04  0.5804206E-04
Ar    92  0.1064722E+01  0.1378726E+02  0.1290998E+02 -0.1934594E-04 -0.2641960E-04  0.1335634E-05
Ar    93  0.1013055E+01  0.1144567E+02  0.1563746E+02  0.2569769E-04  0.3374373E-04  0.1890453E-04
Ar    94  0.3599596E+01  0.1380477E+02  0.1536785E+02 -0.2729578E-04 -0.1075568E-04  0.2505352E-04
Ar    95  0.3597580E+01  0.1144365E+02  0.1830517E+02 -0.2314127E-04 -0.7195607E-04 -0.2076796E-04
Ar    96  0.1127200E+01  0.1394971E+02  0.1797765E+02  0.1427621E-03 -0.2287124E-04  0.2558848E-04
Ar    97  0.1150900E+01  0.1146637E+02  0.2066754E+02  0.5059473E-04  0.2714781E-04 -0.2769397E-04
Ar    98  0.3468662E+01  0.1392583E+02  0.2081233E+02  0.1001509E-04 -0.1023664E-04 -0.9486091E-05
Ar    99  0.3724645E+01  0.1130573E+02  0.2314279E+02 -0.1176268E-05 -0.4147573E-04 -0.1002310E-04
Ar   100  0.1099117E+01  0.1393445E+02  0.2347787E+02  0.3029426E-05 -0.1880280E-04  0.5465213E-04
Ar   101  0.9766382E+00  0.1119253E+02  0.2572694E+02  0.6248009E-04 -0.6508718E-04 -0.1189584E-03
Ar   102  0.3682245E+01  0.1401490E+02  0.2594384E+02 -0.2195656E-04 -0.1614306E-04  0.7408141E-04
Ar   103  0.3590309E+01  0.1136775E+02  0.2837137E+02 -0.7147423E-04  0.1107027E-03 -0.3557478E-04
Ar   104  0.9526591E+00  0.1388307E+02  0.2822289E+02 -0.3391142E-04 -0.2200563E-04 -0.6726144E-04
Ar   105  0.1059485E+01  0.1124581E+02  0.3108193E+02 -0.7466753E-04 -0.6484405E-04 -0.1429592E-04
Ar   106  0.3834593E+01  0.1380092E+02  0.3127820E+02  0.4076952E-04 -0.3312387E-04  0.6360159E-04
Ar   107  0.3470018E+01  0.1146768E+02  0.3396360E+02 -0.1304768E-04 -0.5015677E-04 -0.1857970E-04
Ar   108  0.9877657E+00  0.1432208E+02  0.3363789E+02 -0.6028151E-05  0.9825644E-05  0.7894150E-04
Ar   109  0.8850475E+00  0.1148643E+02  0.3647168E+02  0.1879690E-04  0.5420208E-04  0.4688448E-04
Ar   110  0.3391197E+01  0.1387868E+02  0.3633726E+02 -0.6666905E-04  0.1282015E-03 -0.3622176E-04
Ar   111  0.3623322E+01  0.1126228E+02  0.3878694E+02 -0.4203950E-04 -0.9564050E-04 -0.3197893E-04
Ar   112  0.8477065E+00  0.1408925E+02  0.3886730E+02 -0.1117380E-03  0.2450378E-05 -0.1823903E-04
Ar   113  0.1061986E+01  0.1138132E+02  0.4117566E+02 -0.6895191E-04 -0.2829182E-04 -0.3191950E-04
Ar   114  0.3698108E+01  0.1364683E+02  0.4143135E+02  0.8800113E-04  0.1312651E-03 -0.2149332E-04
Ar   115  0.3627300E+01  0.1133845E+02  0.4404031E+02  0.4985785E-04 -0.2767328E-04  0.4097094E-04
Ar   116  0.1127681E+01  0.1412550E+02  0.4372822E+02  0.2582547E-04  0.2559661E-04  0.1996840E-04
Ar   117  0.9764999E+00  0.1154696E+02  0.4646218E+02 -0.1219212E-04 -0.9937591E-05  0.2486917E-04
Ar   118  0.3688597E+01  0.1393305E+02  0.4645179E+02  0.7141184E-04  0.7407445E-04 -0.2269642E-05
Ar   119  0.3462171E+01  0.1126142E+02  0.4926094E+02 -0.3604079E-04  0.4222152E-04  0.3343846E-04
Ar   120  0.8624851E+00  0.1398589E+02  0.4893905E+02 -0.1312110E-04 -0.5405454E-05  0.2875292E-04
Ar   121  0.9396806E+00  0.1624419E+02  0.1225559E+00  0.7592951E-04 -0.2234138E-04  0.4101162E-04
Ar   122  0.3649196E+01  0.1888137E+02  0.1527186E+00 -0.8126819E-04 -0.3222866E-04  0.5487517E-04
Ar   123  0.3528861E+01  0.1622086E+02  0.2754812E+01  0.7031082E-04  0.4833734E-04 -0.6229170E-04
Ar   124  0.1009879E+01  0.1882155E+02  0.2869078E+01  0.6366685E-04 -0.9058360E-05  0.1143030E-03
Ar   125  0.8883776E+00  0.1608207E+02  0.5235283E+01 -0.6498724E-04  0.8934514E-04 -0.6258105E-04
Ar   126  0.3753546E+01  0.1896726E+02  0.5124612E+01 -0.4794098E-04  0.1391773E-04  0.7039814E-04
Ar   127  0.3691166E+01  0.1638497E+02  0.7838731E+01 -0.3662507E-04  0.1899476E-05 -0.4597955E-04
Ar   128  0.1288392E+01  0.1886053E+02  0.7712640E+01 -0.3906454E-04 -0.8069597E-06  0.4521101E-05
Ar   129  0.1011367E+01  0.1624967E+02  0.1027183E+02 -0.6325013E-04 -0.4590084E-04 -0.6979278E-04
Ar   130  0.3600379E+01  0.1892080E+02  0.1035055E+02  0.2923154E-04 -0.2746514E-04 -0.1813139E-04
Ar   131  0.3578082E+01  0.1653108E+02  0.1296829E+02 -0.4565916E-04 -0.5728341E-04  0.5639633E-05
Ar   132  0.1110344E+01  0.1885797E+02  0.1276687E+02 -0.1962599E-04  0.1250777E-04  0.2997955E-05
Ar   133  0.1063121E+01  0.1633889E+02  0.1549160E+02  0.2370370E-04  0.1997294E-04  0.6540841E-04
Ar   134  0.3501225E+01  0.1909411E+02  0.1532478E+02  0.4248476E-04 -0.3446141E-04 -0.6926046E-05
Ar   135  0.3561150E+01  0.1674514E+02  0.1789821E+02 -0.5231162E-04 -0.9764985E-05 -0.7748599E-04
Ar   136  0.8701461E+00  0.1903288E+02  0.1814544E+02  0.5702274E-04  0.5043976E-04  0.4416203E-04
Ar   137  0.8649578E+00  0.1653512E+02  0.2070175E+02  0.1716773E-05 -0.1331902E-04  0.1322403E-05
Ar   138  0.3318564E+01  0.1899163E+02  0.2073386E+02  0.5483397E-04  0.2816363E-04 -0.3050104E-04
Ar   139  0.3573588E+01  0.1658276E+02  0.2316701E+02  0.1069902E-03 -0.5670722E-04 -0.3528783E-04
Ar   140  0.1049628E+01  0.1909560E+02  0.2339782E+02  0.1708051E-04 -0.2593793E-04  0.5612811E-04
Ar   141  0.9373613E+00  0.1663581E+02  0.2576112E+02  0.6394586E-04 -0.4575664E-04 -0.3593237E-04
Ar   142  0.3458404E+01  0.1904768E+02  0.2615119E+02 -0.7045461E-05  0.4452442E-04  0.1575632E-04
Ar   143  0.3424563E+01  0.1641543E+02  0.2843819E+02 -0.9747960E-05 -0.5957512E-04 -0.8698161E-04
Ar   144  0.8667854E+00  0.1913463E+02  0.2867756E+02  0.2163948E-04  0.2712729E-05 -0.1277495E-03
Ar   145  0.9832141E+00  0.1649830E+02  0.3092540E+02  0.1981348E-04  0.6583279E-04  0.7284307E-04
Ar   146  0.3758646E+01  0.1899970E+02  0.3105459E+02 -0.7659968E-04 -0.2950747E-04 -0.2429473E-04
Ar   147  0.3606700E+01  0.1667332E+02  0.3359575E+02  0.1169923E-04  0.9718452E-05  0.4075131E-06
Ar   148  0.1076963E+01  0.1898153E+02  0.3346468E+02  0.6059382E-04 -0.4825194E-04  0.4455323E-04
Ar   149  0.9002114E+00  0.1678509E+02  0.3621213E+02 -0.4761498E-04  0.2359907E-04 -0.6665761E-04
Ar   150  0.3527646E+01  0.1927351E+02  0.3608766E+02 -0.2815525E-04  0.9775317E-05  0.2121010E-04
Ar   151  0.3532028E+01  0.1655928E+02  0.3857338E+02  0.9878926E-04 -0.1475999E-04  0.2246550E-04
Ar   152  0.8886497E+00  0.1917272E+02  0.3877773E+02  0.3651927E-04  0.7001462E-04  0.3018247E-04
Ar   153  0.1003610E+01  0.1673936E+02  0.4138785E+02 -0.1124064E-05 -0.7888061E-04 -0.5153376E-04
Ar   154  0.3615325E+01  0.1903888E+02  0.4143101E+02 -0.1902609E-04  0.2690228E-04  0.1000462E-04
Ar   155  0.3633227E+01  0.1647338E+02  0.4388546E+02  0.1360825E-04  0.1745614E-04 -0.4314726E-05
Ar   156  0.1029442E+01  0.1918318E+02  0.4401707E+02 -0.2139846E-05  0.7745949E-04  0.2700931E-04
Ar   157  0.9479248E+00  0.1651620E+02  0.4647511E+02  0.2485820E-04 -0.4173774E-04  0.3067057E-04
Ar   158  0.3647363E+01  0.1897400E+02  0.4651618E+02  0.3631337E-04  0.6050339E-04 -0.1455664E-03
Ar   159  0.3631252E+01  0.1644964E+02  0.4887377E+02  0.3419415E-04 -0.6239961E-04 -0.1414310E-04
Ar   160  0.1018439E+01  0.1908720E+02  0.4907483E+02 -0.9130065E-04  0.1353906E-03  0.4221783E-04
Ar   161  0.1003671E+01  0.2140448E+02  0.3465049E+00  0.7380014E-04  0.4001123E-04 -0.6760215E-04
Ar   162  0.3467929E+01  0.2404474E+02  0.1988075E+00 -0.2570515E-04  0.6028006E-04 -0.2605958E-04
Ar   163  0.3691084E+01  0.2132814E+02  0.2721976E+01  0.5341607E-05 -0.6079242E-05 -0.2840813E-04
Ar   164  0.1068373E+01  0.2417816E+02  0.2822372E+01 -0.3847096E-04 -0.1590339E-04 -0.7174755E-04
Ar   165  0.1168166E+01  0.2154539E+02  0.5262724E+01 -0.3825412E-04 -0.5657152E-04  0.3978162E-04
Ar   166  0.3668017E+01  0.2404176E+02  0.5420266E+01 -0.2826924E-04 -0.5263313E-04 -0.1984605E-04
Ar   167  0.3540095E+01  0.2166413E+02  0.7709222E+01 -0.8440733E-04 -0.8375195E-06 -0.8574783E-05
Ar   168  0.1073383E+01  0.2417583E+02  0.7852136E+01 -0.3917172E-04  0.3364233E-04 -0.4161148E-04
Ar   169  0.1156519E+01  0.2145818E+02  0.1027404E+02 -0.4099281E-04 -0.8940492E-04 -0.4863528E-05
Ar   170  0.3558016E+01  0.2415796E+02  0.1036345E+02 -0.4033213E-04 -0.3415723E-04  0.7425045E-04
Ar   171  0.3434295E+01  0.2169708E+02  0.1295073E+02 -0.3587443E-04  0.2806246E-04 -0.4221170E-04
Ar   172  0.9623157E+00  0.2415084E+02  0.1296209E+02 -0.4435086E-04 -0.6687778E-04 -0.5912837E-04
Ar   173  0.8599473E+00  0.2147376E+02  0.1559783E+02 -0.5474797E-06 -0.7444285E-05  0.1667045E-04
Ar   174  0.3631355E+01  0.2429578E+02  0.1556926E+02  0.5965488E-04  0.5643402E-04 -0.3724174E-04
Ar   175  0.3409206E+01  0.2152411E+02  0.1816719E+02 -0.2913794E-04 -0.5163395E-04  0.4648591E-05
Ar   176  0.1003983E+01  0.2414197E+02  0.1826087E+02  0.3020183E-04 -0.9468837E-04  0.8499187E-04
Ar   177  0.9586492E+00  0.2170490E+02  0.2082656E+02 -0.9744160E-04 -0.4374962E-04 -0.9189979E-04
Ar   178  0.3746630E+01  0.2420143E+02  0.2074184E+02 -0.1400476E-04  0.2867501E-04 -0.3541721E-05
Ar   179  0.3384790E+01  0.2168343E+02  0.2336959E+02  0.7012907E-04 -0.2765759E-04 -0.8316744E-04
Ar   180  0.7965296E+00  0.2417276E+02  0.2330824E+02  0.2662091E-04 -0.8139149E-05 -0.2310738E-05
Ar   181  0.9404567E+00  0.2143190E+02  0.2594040E+02  0.2490431E-04 -0.8590489E-04  0.2200641E-05
Ar   182  0.3543673E+01  0.2408034E+02  0.2590463E+02  0.9507667E-04  0.2893212E-04  0.2853873E-04
Ar   183  0.3556929E+01  0.2155824E+02  0.2866043E+02  0.3146724E-04 -0.2514026E-04 -0.4012076E-04
Ar   184  0.1043630E+01  0.2433603E+02  0.2832606E+02 -0.5586769E-04  0.3788883E-04 -0.3376975E-04
Ar   185  0.9343974E+00  0.2159528E+02  0.3108183E+02  0.3918554E-04  0.2477367E-05 -0.1044205E-04
Ar   186  0.3328882E+01  0.2413131E+02  0.3099147E+02  0.2502644E-04 -0.4518487E-04 -0.7532226E-05
Ar   187  0.3403847E+01  0.2158126E+02  0.3368846E+02  0.3070667E-04  0.3074047E-04  0.1135632E-04
Ar   188  0.9362543E+00  0.2413076E+02  0.3381469E+02 -0.9005861E-04  0.3284805E-04 -0.4061837E-04
Ar   189  0.8971699E+00  0.2152354E+02  0.3616518E+02 -0.8087383E-05  0.8769132E-04 -0.7795990E-04
Ar   190  0.3581186E+01  0.2423778E+02  0.3623530E+02 -0.6854725E-04  0.1828936E-04 -0.5206838E-04
Ar   191  0.3678180E+01  0.2154611E+02  0.3882598E+02 -0.2255050E-05  0.2788005E-04  0.5208384E-04
Ar   192  0.1059563E+01  0.2409604E+02  0.3874895E+02 -0.7349703E-05  0.9122622E-04 -0.4221768E-04
Ar   193  0.9335843E+00  0.2164764E+02  0.4139860E+02 -0.4361277E-04  0.4540636E-04 -0.5173618E-04
Ar   194  0.3903826E+01  0.2412737E+02  0.4134826E+02 -0.1063018E-04 -0.1272911E-04 -0.7676697E-04
Ar   195  0.3749689E+01  0.2161412E+02  0.4400188E+02 -0.6605009E-04  0.4809222E-04 -0.3039274E-04
Ar   196  0.1280067E+01  0.2415706E+02  0.4373825E+02 -0.4954751E-04 -0.3914075E-04 -0.6168831E-04
Ar   197  0.1133309E+01  0.2148801E+02  0.4657942E+02  0.1006526E-04  0.9098191E-04 -0.4228628E-04
Ar   198  0.3709280E+01  0.2428454E+02  0.4678040E+02  0.3739928E-04  0.1863501E-04  0.3211932E-05
Ar   199  0.3446200E+01  0.2168258E+02  0.4915422E+02  0.3892551E-04  0.4059317E-04  0.4068937E-04
Ar   200  0.1086485E+01  0.2425576E+02  0.4921247E+02 -0.4043914E-04  0.4696712E-05 -0.5570663E-05
Ar   201  0.9865315E+00  0.2664241E+02  0.3075580E+00  0.2597487E-04 -0.4475599E-04 -0.1001812E-03
Ar   202  0.3681969E+01  0.2925044E+02  0.1904206E+00 -0.3194853E-04 -0.3028725E-04  0.9543574E-06
Ar   203  0.3648821E+01  0.2662394E+02  0.2799308E+01  0.7046214E-05  0.5142223E-04  0.2251518E-04
Ar   204  0.1260509E+01  0.2917203E+02  0.2533266E+01  0.1643634E-04 -0.3470694E-04 -0.9894574E-04
Ar   205  0.1068231E+01  0.2668187E+02  0.5018233E+01 -0.6003383E-05  0.3330677E-04  0.1238866E-05
Ar   206  0.3530602E+01  0.2941964E+02  0.5373333E+01 -0.2995434E-04  0.3788379E-04 -0.5730087E-04
Ar   207  0.3590378E+01  0.2692924E+02  0.7780691E+01  0.6504312E-04  0.6211830E-04 -0.3549729E-04
Ar   208  0.8055990E+00  0.2949924E+02  0.7896848E+01 -0.2002828E-04  0.5180234E-05 -0.3216409E-04
Ar   209  0.1111951E+01  0.2671176E+02  0.1043833E+02 -0.1352909E-04  0.3923075E-04  0.2102887E-04
Ar   210  0.3568605E+01  0.2952928E+02  0.1046296E+02 -0.8358097E-04 -0.5507580E-04 -0.7243623E-04
Ar   211  0.3581993E+01  0.2689774E+02  0.1286501E+02  0.1007195E-04 -0.1910286E-05  0.4487896E-04
Ar   212  0.8383739E+00  0.2917888E+02  0.1308518E+02  0.5098373E-04  0.2897657E-04  0.2380782E-04
Ar   213  0.8896306E+00  0.2657341E+02  0.1544640E+02 -0.1798678E-04  0.1831175E-04 -0.7192960E-05
Ar   214  0.3376502E+01  0.2914716E+02  0.1552877E+02 -0.1423928E-05 -0.4224324E-04 -0.4172568E-04
Ar   215  0.3561314E+01  0.2670997E+02  0.1834886E+02 -0.2415722E-04  0.2372002E-04  0.1528254E-04
Ar   216  0.9759738E+00  0.2902810E+02  0.1841279E+02 -0.6654824E-04  0.7818973E-04 -0.2150277E-04
Ar   217  0.8431952E+00  0.2671981E+02  0.2084668E+02 -0.7711243E-04 -0.3161562E-04  0.7320421E-05
Ar   218  0.3591283E+01  0.2918833E+02  0.2083639E+02  0.5495440E-04  0.2735940E-04  0.3768709E-04
Ar   219  0.3434488E+01  0.2669107E+02  0.2343063E+02  0.4401876E-04 -0.1595919E-04 -0.2366931E-04
Ar   220  0.9662022E+00  0.2923112E+02  0.2319286E+02  0.1979807E-04  0.2550391E-05  0.7078200E-04
Ar   221  0.9844079E+00  0.2689244E+02  0.2575501E+02  0.4380201E-04  0.4528333E-04  0.4472694E-04
Ar   222  0.3437952E+01  0.2942027E+02  0.2582968E+02  0.1745926E-04  0.4739043E-05  0.6465190E-04
Ar   223  0.3811657E+01  0.2656047E+02  0.2839977E+02  0.2899273E-04 -0.9267910E-04  0.7785440E-04
Ar   224  0.1131333E+01  0.2946727E+02  0.2832526E+02 -0.1095301E-03 -0.2131467E-04  0.9267164E-04
Ar   225  0.1219511E+01  0.2681145E+02  0.3104259E+02  0.4125528E-04  0.1649973E-04  0.5040543E-04
Ar   226  0.3618652E+01  0.2907560E+02  0.3119755E+02 -0.1165077E-04 -0.4706006E-04  0.7373200E-05
Ar   227  0.3428482E+01  0.2656336E+02  0.3369540E+02  0.2334530E-04 -0.2000086E-04  0.1034135E-03
Ar   228  0.9866584E+00  0.2941556E+02  0.3351626E+02 -0.2287042E-04 -0.3989643E-04  0.5513390E-04
Ar   229  0.1097941E+01  0.2688884E+02  0.3624745E+02  0.1173099E-03  0.6590975E-04  0.6245106E-05
Ar   230  0.3723803E+01  0.2933813E+02  0.3612033E+02  0.1477320E-04  0.1107019E-04  0.2183347E-04
Ar   231  0.3610862E+01  0.2664058E+02  0.3886358E+02  0.2289108E-04  0.2087332E-04  0.1031700E-04
Ar   232  0.8435117E+00  0.2939170E+02  0.3864075E+02 -0.1671067E-04 -0.8835828E-04 -0.6260226E-05
Ar   233  0.1067482E+01  0.2666730E+02  0.4110741E+02 -0.8327822E-04  0.1101586E-03  0.5973264E-04
Ar   234  0.3535213E+01  0.2946345E+02  0.4107860E+02  0.3903620E-04 -0.2955650E-04  0.5893804E-04
Ar   235  0.3546211E+01  0.2694002E+02  0.4399014E+02 -0.2358362E-04  0.1446264E-04 -0.6578858E-04
Ar   236  0.9700539E+00  0.2931964E+02  0.4369570E+02  0.2420008E-05  0.5022436E-04 -0.3135879E-04
Ar   237  0.1108070E+01  0.2669791E+02  0.4637557E+02  0.1147280E-03  0.4018799E-04  0.1031786E-03
Ar   238  0.3768058E+01  0.2923494E+02  0.4674703E+02  0.3921324E-04  0.3461483E-05  0.5328307E-04
Ar   239  0.3558537E+01  0.2664403E+02  0.4944684E+02  0.4381919E-04  0.6867999E-04  0.2154561E-04
Ar   240  0.1045337E+01  0.2925636E+02  0.4901305E+02 -0.3378020E-04  0.3252325E-05  0.7314384E-04
Ar   241  0.1051428E+01  0.3189174E+02  0.1094999E+00 -0.4875175E-04 -0.5645884E-04 -0.1154058E-04
Ar   242  0.3353111E+01  0.3438704E+02  0.5134331E+02 -0.5768007E-04  0.7544413E-04 -0.3033969E-04
Ar   243  0.3599968E+01  0.3182539E+02  0.2817894E+01 -0.4759618E-04  0.1389242E-04  0.7121547E-04
Ar   244  0.8978331E+00  0.3443751E+02  0.2604441E+01  0.4271281E-04  0.9139744E-05  0.1692949E-04
Ar   245  0.8616708E+00  0.3178465E+02  0.5150921E+01 -0.6381514E-04  0.2650066E-04 -0.6476604E-04
Ar   246  0.3510311E+01  0.3450693E+02  0.4965671E+01  0.3955947E-05 -0.9624904E-05 -0.8396190E-05
Ar   247  0.3650341E+01  0.3193603E+02  0.7893889E+01 -0.6944205E-04 -0.8126306E-04  0.3291222E-04
Ar   248  0.1221747E+01  0.3452336E+02  0.7896042E+01  0.1035890E-04 -0.2862870E-04  0.4592841E-04
Ar   249  0.8038569E+00  0.3178750E+02  0.1058191E+02 -0.5131685E-04 -0.2296478E-04  0.5903512E-04
Ar   250  0.3549832E+01  0.3457673E+02  0.1046737E+02 -0.3267125E-05  0.9527758E-04 -0.1288155E-04
Ar   251  0.3533590E+01  0.3197432E+02  0.1299745E+02 -0.2850830E-04  0.3038018E-04  0.1171026E-04
Ar   252  0.8461509E+00  0.3446590E+02  0.1317691E+02  0.1390094E-04  0.2533382E-04 -0.3354413E-04
Ar   253  0.6621355E+00  0.3191582E+02  0.1562335E+02  0.2140073E-04 -0.2146767E-05 -0.8592175E-04
Ar   254  0.3521289E+01  0.3433378E+02  0.1560194E+02 -0.3444838E-04 -0.3219655E-04 -0.3920561E-04
Ar   255  0.3715543E+01  0.3174736E+02  0.1811757E+02  0.5040333E-04  0.1898907E-04  0.2591386E-04
Ar   256  0.9803541E+00  0.3431385E+02  0.1828703E+02  0.3749173E-04 -0.3905441E-04 -0.1607893E-04
Ar   257  0.1037632E+01  0.3190736E+02  0.2077328E+02  0.8319510E-04  0.3527370E-04 -0.9830438E-04
Ar   258  0.3343989E+01  0.3440597E+02  0.2081271E+02 -0.5553155E-04  0.1083912E-04  0.3402073E-04
Ar   259  0.3441742E+01  0.3189738E+02  0.2331853E+02  0.3154561E-04 -0.4720080E-04  0.9577660E-06
Ar   260  0.6937424E+00  0.3448010E+02  0.2323247E+02  0.1198494E-04  0.7755423E-04 -0.1606305E-03
Ar   261  0.8717937E+00  0.3199280E+02  0.2574168E+02 -0.4762107E-04 -0.3345590E-04 -0.2586509E-04
Ar   262  0.3716155E+01  0.3447684E+02  0.2579554E+02 -0.3884581E-04  0.2868414E-04  0.4718907E-04
Ar   263  0.4001924E+01  0.3186452E+02  0.2830126E+02  0.1273464E-04  0.2749168E-04  0.2859563E-04
Ar   264  0.1286456E+01  0.3457250E+02  0.2855411E+02 -0.1728718E-04 -0.5700393E-04  0.3496287E-04
Ar   265  0.1163241E+01  0.3195914E+02  0.3074347E+02  0.1101900E-04 -0.3874496E-04  0.3644872E-04
Ar   266  0.3804127E+01  0.3465174E+02  0.3098373E+02  0.5725445E-04 -0.8233082E-04 -0.3049443E-04
Ar   267  0.3617506E+01  0.3208554E+02  0.3370379E+02 -0.4641851E-04  0.3348903E-04  0.4077879E-04
Ar   268  0.1073046E+01  0.3437370E+02  0.3333637E+02 -0.2478405E-04 -0.3781780E-04 -0.3537308E-05
Ar   269  0.1006945E+01  0.3196607E+02  0.3590671E+02  0.6113239E-04  0.5575803E-04  0.4242704E-04
Ar   270  0.3692490E+01  0.3456571E+02  0.3630017E+02  0.1159048E-04  0.9109537E-04 -0.8064165E-04
Ar   271  0.3492130E+01  0.3195016E+02  0.3862186E+02  0.1203791E-04  0.2676037E-04  0.6146809E-04
Ar   272  0.1043912E+01  0.3453652E+02  0.3858453E+02  0.2929184E-05  0.5380729E-05  0.3440010E-05
Ar   273  0.9887198E+00  0.3206828E+02  0.4133496E+02 -0.1779490E-04 -0.4217361E-04  0.5784122E-04
Ar   274  0.3567825E+01  0.3431976E+02  0.4137538E+02  0.3673480E-04 -0.1667887E-04  0.8100669E-05
Ar   275  0.3730187E+01  0.3164128E+02  0.4385034E+02 -0.4302943E-04  0.3900310E-04 -0.3941542E-04
Ar   276  0.9462620E+00  0.3459044E+02  0.4369689E+02 -0.2195135E-04  0.4609877E-04 -0.4877680E-04
Ar   277  0.1086595E+01  0.3177570E+02  0.4646225E+02 -0.4267206E-04 -0.2835329E-04  0.7693024E-04
Ar   278  0.3494072E+01  0.3441684E+02  0.4630075E+02  0.3182898E-04  0.3784286E-04 -0.1012502E-03
Ar   279  0.3418976E+01  0.3188828E+02  0.4887023E+02  0.4141492E-04  0.5777644E-05  0.6590024E-04
Ar   280  0.7813456E+00  0.3447403E+02  0.4899206E+02 -0.6092252E-04  0.7265339E-04  0.6198965E-04
Ar   281  0.7569477E+00  0.3709300E+02  0.5153676E+02 -0.1127760E-04  0.3945765E-04  0.4769370E-05
Ar   282  0.3706206E+01  0.3944761E+02  0.5142124E+02  0.4377677E-05  0.4140845E-04  0.3867025E-04
Ar   283  0.3473053E+01  0.3690271E+02  0.2386436E+01 -0.5259208E-05  0.1777163E-04 -0.6029201E-04
Ar   284  0.9055606E+00  0.3960587E+02  0.2385976E+01 -0.8082374E-04 -0.4841561E-04  0.7282009E-04
Ar   285  0.1172283E+01  0.3712821E+02  0.5216571E+01 -0.4333812E-04  0.8563768E-04 -0.6735287E-04
Ar   286  0.3566829E+01  0.3950716E+02  0.4872720E+01 -0.4490668E-04  0.7398498E-04 -0.3383514E-04
Ar   287  0.3528376E+01  0.3711848E+02  0.7924625E+01  0.5350683E-04  0.2136889E-04 -0.6098888E-04
Ar   288  0.9392385E+00  0.3941932E+02  0.7777267E+01  0.3530022E-04  0.1223959E-03 -0.1441808E-04
Ar   289  0.8848781E+00  0.3706745E+02  0.1049343E+02  0.5425903E-04 -0.7047047E-04  0.6221123E-04
Ar   290  0.3328372E+01  0.3978945E+02  0.1040783E+02 -0.4974019E-04  0.3033654E-05 -0.4305525E-04
Ar   291  0.3342708E+01  0.3694795E+02  0.1318989E+02  0.3292655E-04 -0.4633528E-04  0.5271488E-04
Ar   292  0.8223298E+00  0.3957015E+02  0.1281995E+02  0.3248104E-04 -0.3290390E-05 -0.5333196E-04
Ar   293  0.7153503E+00  0.3714583E+02  0.1558560E+02 -0.2975674E-04  0.6575470E-04  0.1054764E-04
Ar   294  0.3469884E+01  0.3949885E+02  0.1571752E+02  0.1748603E-04 -0.1120063E-03  0.2469544E-04
Ar   295  0.3563222E+01  0.3711907E+02  0.1809145E+02  0.6861865E-04  0.3157901E-04  0.5069378E-04
Ar   296  0.9887994E+00  0.3957397E+02  0.1822373E+02 -0.2223733E-04  0.5452746E-04 -0.2018039E-04
Ar   297  0.1103992E+01  0.3705916E+02  0.2070815E+02 -0.4649217E-04  0.2663606E-05  0.2821843E-04
Ar   298  0.3629847E+01  0.3967062E+02  0.2059307E+02  0.1048313E-04  0.6830999E-05  0.1827580E-04
Ar   299  0.3497218E+01  0.3668129E+02  0.2331003E+02  0.6792544E-05 -0.5557767E-04  0.6145414E-04
Ar   300  0.9734486E+00  0.3960878E+02  0.2315082E+02  0.4211870E-04 -0.1898469E-04  0.1488128E-04
Ar   301  0.1046062E+01  0.3696223E+02  0.2588505E+02 -0.2219979E-05 -0.6722522E-04 -0.1005265E-03
Ar   302  0.3556220E+01  0.3955914E+02  0.2569861E+02 -0.1917008E-05  0.7464161E-04  0.6237308E-04
Ar   303  0.3855607E+01  0.3714696E+02  0.2833163E+02  0.3343158E-04  0.2783265E-04  0.1807465E-04
Ar   304  0.1113072E+01  0.3971588E+02  0.2842892E+02 -0.1013611E-03 -0.8722125E-04  0.6345301E-05
Ar   305  0.1299639E+01  0.3712936E+02  0.3087615E+02 -0.4921655E-04 -0.9469155E-04 -0.3405652E-04
Ar   306  0.3633353E+01  0.3971912E+02  0.3074798E+02  0.3575990E-04 -0.3940236E-04 -0.3267436E-04
Ar   307  0.3589625E+01  0.3732685E+02  0.3376261E+02  0.5574683E-04 -0.2747195E-04 -0.8489709E-04
Ar   308  0.9988440E+00  0.3970231E+02  0.3349860E+02  0.4452926E-04 -0.3577989E-04 -0.8790809E-05
Ar   309  0.1133906E+01  0.3705855E+02  0.3614680E+02  0.8774872E-04 -0.1763902E-04  0.5375665E-04
Ar   310  0.3510535E+01  0.3970200E+02  0.3628656E+02 -0.2768048E-04  0.3084130E-04  0.1369999E-04
Ar   311  0.3698317E+01  0.3715541E+02  0.3884605E+02 -0.5063800E-05 -0.3415892E-04 -0.2769212E-04
Ar   312  0.1134803E+01  0.3976382E+02  0.3883077E+02 -0.3873778E-04  0.5710978E-06 -0.2675921E-04
Ar   313  0.1227095E+01  0.3713214E+02  0.4128946E+02 -0.6218041E-04 -0.7819738E-04  0.8887720E-04
Ar   314  0.3711236E+01  0.3976176E+02  0.4146729E+02  0.8459145E-05 -0.3623340E-05  0.9015900E-04
Ar   315  0.3542190E+01  0.3704675E+02  0.4373967E+02  0.1882401E-04 -0.1271032E-04 -0.3057822E-04
Ar   316  0.9334051E+00  0.3973134E+02  0.4387033E+02  0.1965576E-04 -0.8733205E-04  0.1623496E-04
Ar   317  0.9545063E+00  0.3707182E+02  0.4652901E+02 -0.5704183E-04  0.1152344E-04  0.1658585E-04
Ar   318  0.3675280E+01  0.3968907E+02  0.4643437E+02  0.4795139E-04 -0.5947851E-05 -0.4233885E-04
Ar   319  0.3414527E+01  0.3682207E+02  0.4895547E+02 -0.4104942E-06 -0.1525400E-04  0.9713658E-05
Ar   320  0.1083760E+01  0.3973280E+02  0.4883782E+02 -0.9870331E-05 -0.1417875E-04 -0.6213038E-04
Ar   321  0.1088944E+01  0.4223246E+02  0.5138847E+02 -0.1205320E-03 -0.3005389E-04 -0.2170887E-05
Ar   322  0.3577104E+01  0.4474095E+02  0.6424321E-01 -0.4710478E-04 -0.2812268E-04 -0.2015781E-04
Ar   323  0.3503550E+01  0.4203854E+02  0.2429672E+01  0.5940156E-04 -0.3082474E-04  0.7327638E-04
Ar   324  0.9827599E+00  0.4475575E+02  0.2777699E+01  0.2152634E-04  0.5933399E-05 -0.3145003E-04
Ar   325  0.8411390E+00  0.4222553E+02  0.5198857E+01  0.1433297E-04  0.4000684E-04  0.2378061E-04
Ar   326  0.3470733E+01  0.4462965E+02  0.5303718E+01  0.5555077E-04 -0.1303741E-04  0.3159972E-04
Ar   327  0.3498974E+01  0.4210493E+02  0.7634678E+01 -0.2687485E-04  0.1863188E-04 -0.1606080E-04
Ar   328  0.8734850E+00  0.4458260E+02  0.7697638E+01  0.9868180E-04 -0.9635278E-04 -0.3121861E-04
Ar   329  0.9928997E+00  0.4217260E+02  0.1040641E+02 -0.5949860E-04  0.1649701E-04 -0.1720165E-04
Ar   330  0.3476265E+01  0.4478432E+02  0.1047161E+02 -0.3243927E-04 -0.4668175E-04  0.9635439E-06
Ar   331  0.3272438E+01  0.4210041E+02  0.1303472E+02  0.4870305E-04 -0.3545625E-04 -0.8776194E-05
Ar   332  0.9496250E+00  0.4482171E+02  0.1290420E+02  0.9467191E-04 -0.6004467E-04 -0.1627584E-04
Ar   333  0.9926740E+00  0.4195408E+02  0.1547109E+02 -0.1361501E-04  0.4031955E-05  0.4213488E-04
Ar   334  0.3381532E+01  0.4470908E+02  0.1533651E+02 -0.8553505E-04 -0.4195141E-04 -0.5022953E-04
Ar   335  0.3566679E+01  0.4210952E+02  0.1798771E+02 -0.1615771E-04 -0.3033492E-04  0.3466461E-04
Ar   336  0.1233813E+01  0.4465519E+02  0.1802812E+02  0.4803652E-04  0.5905347E-04  0.1991412E-04
Ar   337  0.9127323E+00  0.4206178E+02  0.2058143E+02  0.3059790E-04 -0.9022083E-04 -0.2756074E-04
Ar   338  0.3678845E+01  0.4492358E+02  0.2053059E+02 -0.2099313E-04 -0.7408497E-04  0.3014948E-04
Ar   339  0.3755255E+01  0.4205302E+02  0.2308774E+02  0.1254840E-04 -0.5878829E-04  0.1790660E-04
Ar   340  0.1200916E+01  0.4465650E+02  0.2331234E+02 -0.1116494E-04 -0.8463650E-05 -0.2371233E-04
Ar   341  0.1010863E+01  0.4222513E+02  0.2564864E+02 -0.7363970E-05  0.2160652E-04 -0.3500723E-04
Ar   342  0.3726895E+01  0.4480535E+02  0.2589731E+02  0.8533973E-05 -0.1745105E-04  0.3305695E-04
Ar   343  0.3778063E+01  0.4225135E+02  0.2835024E+02  0.3370742E-04  0.3729605E-04  0.9052245E-04
Ar   344  0.1198248E+01  0.4472729E+02  0.2823329E+02  0.1936063E-04 -0.1157121E-05 -0.6779556E-04
Ar   345  0.9360872E+00  0.4225544E+02  0.3088541E+02  0.2880677E-04 -0.1320237E-04  0.1907313E-04
Ar   346  0.3673805E+01  0.4479960E+02  0.3098468E+02  0.1158950E-03  0.1989710E-04 -0.1665542E-04
Ar   347  0.3503166E+01  0.4207371E+02  0.3356495E+02  0.8032176E-05 -0.3791473E-05 -0.8369870E-04
Ar   348  0.1043600E+01  0.4490516E+02  0.3351225E+02  0.7600610E-05  0.8028471E-04  0.4464501E-04
Ar   349  0.9590481E+00  0.4233983E+02  0.3606210E+02 -0.9230357E-04 -0.7789551E-05  0.5655801E-04
Ar   350  0.3483466E+01  0.4477511E+02  0.3620188E+02  0.5034944E-04  0.8697174E-05 -0.3036075E-04
Ar   351  0.3477186E+01  0.4233372E+02  0.3873868E+02 -0.1476062E-04 -0.5173394E-04 -0.1325376E-04
Ar   352  0.7603408E+00  0.4486420E+02  0.3852439E+02 -0.7987115E-05 -0.4752322E-05 -0.6781093E-04
Ar   353  0.9678998E+00  0.4237472E+02  0.4142353E+02 -0.6505960E-04  0.2047821E-04 -0.5389227E-04
Ar   354  0.3383371E+01  0.4497749E+02  0.4125953E+02  0.1032202E-04  0.1140738E-03  0.4820833E-04
Ar   355  0.3528496E+01  0.4240782E+02  0.4389534E+02 -0.6849668E-04  0.1925103E-04  0.8963936E-04
Ar   356  0.8429712E+00  0.4491949E+02  0.4405151E+02 -0.1918431E-04 -0.1111195E-03  0.7775188E-04
Ar   357  0.9489700E+00  0.4231752E+02  0.4645828E+02 -0.1140320E-04 -0.6728652E-05  0.4131991E-04
Ar   358  0.3584550E+01  0.4462633E+02  0.4658734E+02  0.1363725E-04  0.5524544E-04  0.9116968E-05
Ar   359  0.3677636E+01  0.4224552E+02  0.4900011E+02  0.7445497E-04  0.1267943E-03  0.6111423E-04
Ar   360  0.1131969E+01  0.4492115E+02  0.4904203E+02 -0.5243678E-04  0.5929795E-04 -0.2092919E-04
Ar   361  0.1099868E+01  0.4731072E+02  0.9877455E-01 -0.1033782E-03  0.5147478E-04  0.3168177E-04
Ar   362  0.3591996E+01  0.4997765E+02  0.1431411E+00 -0.1912523E-04  0.2764761E-04 -0.2151988E-04
Ar   363  0.3458624E+01  0.4735506E+02  0.2730376E+01 -0.5776398E-04  0.1993166E-04  0.6454068E-04
Ar   364  0.1094317E+01  0.4994407E+02  0.2620395E+01  0.7243434E-04  0.3263186E-04  0.6480811E-04
Ar   365  0.8297372E+00  0.4719535E+02  0.5140544E+01  0.7797817E-04 -0.5698543E-04  0.8639470E-04
Ar   366  0.3824390E+01  0.4971298E+02  0.5145551E+01 -0.6056826E-04 -0.4555574E-06  0.1283747E-04
Ar   367  0.3531874E+01  0.4727580E+02  0.7657663E+01  0.6964016E-05 -0.1045841E-03  0.6896939E-04
Ar   368  0.9620337E+00  0.4983899E+02  0.7624534E+01  0.2984268E-04 -0.6738548E-04  0.5070143E-04
Ar   369  0.1036005E+01  0.4733676E+02  0.1000262E+02 -0.3674172E-04 -0.3680203E-04 -0.6900678E-04
Ar   370  0.3346488E+01  0.5009227E+02  0.1029341E+02  0.2203389E-04 -0.2791730E-04 -0.5859953E-04
Ar   371  0.3374820E+01  0.4740511E+02  0.1263598E+02  0.2472226E-04  0.8014287E-05  0.1155789E-04
Ar   372  0.8127009E+00  0.5007168E+02  0.1298244E+02  0.7384530E-04 -0.4050657E-05 -0.1981696E-04
Ar   373  0.8627717E+00  0.4739870E+02  0.1539967E+02  0.1289141E-05  0.1299403E-04 -0.2629542E-04
Ar   374  0.3854881E+01  0.5004279E+02  0.1528234E+02  0.1787164E-04 -0.1116688E-03 -0.8115460E-04
Ar   375  0.3411410E+01  0.4739225E+02  0.1796159E+02  0.5715185E-05  0.3164235E-04  0.3691098E-04
Ar   376  0.8995129E+00  0.4991864E+02  0.1777017E+02 -0.5647461E-04 -0.2119983E-04  0.1179640E-04
Ar   377  0.8363739E+00  0.4734962E+02  0.2045771E+02 -0.5254136E-04 -0.1878281E-04  0.1295989E-03
Ar   378  0.3658895E+01  0.5011986E+02  0.2065771E+02 -0.4418779E-04  0.3412287E-04 -0.1059831E-04
Ar   379  0.3543552E+01  0.4738341E+02  0.2298078E+02  0.1623039E-04  0.4196757E-04 -0.1242152E-04
Ar   380  0.9373538E+00  0.4980613E+02  0.2300259E+02 -0.5288399E-04  0.3571263E-04  0.5521839E-05
Ar   381  0.1011046E+01  0.4750281E+02  0.2585487E+02  0.1527014E-04  0.2652691E-04 -0.1180327E-03
Ar   382  0.3690229E+01  0.4991419E+02  0.2578658E+02  0.4416588E-05 -0.1275360E-05 -0.1382473E-04
Ar   383  0.3954838E+01  0.4732059E+02  0.2837434E+02  0.6362452E-05 -0.7549500E-05  0.2789029E-04
Ar   384  0.8559917E+00  0.4991529E+02  0.2849994E+02  0.6387530E-04  0.2523296E-04  0.7195023E-04
Ar   385  0.1247905E+01  0.4723858E+02  0.3072545E+02  0.5801462E-05  0.3824328E-05  0.2851751E-04
Ar   386  0.3711940E+01  0.5002655E+02  0.3106687E+02  0.4390877E-04 -0.2794912E-04  0.3168288E-04
Ar   387  0.3592503E+01  0.4741133E+02  0.3366107E+02  0.5580269E-04  0.7113707E-04 -0.2265826E-04
Ar   388  0.9095645E+00  0.5000166E+02  0.3353889E+02 -0.3895937E-04  0.1689320E-04  0.3400933E-04
Ar   389  0.8035292E+00  0.4758961E+02  0.3619080E+02 -0.6463905E-04  0.2170576E-04 -0.1337752E-04
Ar   390  0.3570947E+01  0.4999307E+02  0.3621296E+02 -0.2572605E-04  0.9963820E-04 -0.5477935E-04
Ar   391  0.3496628E+01  0.4732847E+02  0.3862350E+02  0.4717813E-04  0.6790730E-04 -0.2390956E-04
Ar   392  0.1141248E+01  0.5003464E+02  0.3876497E+02 -0.1670045E-04  0.3549531E-04  0.5308717E-04
Ar   393  0.1162627E+01  0.4761043E+02  0.4135507E+02  0.4755534E-04  0.7501597E-05  0.4806952E-04
Ar   394  0.3681572E+01  0.5014034E+02  0.4136016E+02 -0.5741413E-04 -0.1891029E-04  0.1024425E-03
Ar   395  0.3396033E+01  0.4749774E+02  0.4395470E+02  0.2387775E-04  0.1254272E-04  0.5864227E-04
Ar   396  0.1122976E+01  0.5005558E+02  0.4376444E+02  0.1030906E-03  0.4047263E-04  0.3724223E-04
Ar   397  0.8774320E+00  0.4751633E+02  0.4647500E+02 -0.2647695E-04 -0.2448247E-04 -0.3552715E-04
Ar   398  0.3503390E+01  0.4996913E+02  0.4650850E+02  0.4823098E-04 -0.2322088E-04 -0.1790251E-04
Ar   399  0.3769129E+01  0.4743270E+02  0.4906978E+02 -0.1752765E-04  0.8274385E-05  0.6243223E-04
Ar   400  0.8715393E+00  0.5011368E+02  0.4902034E+02 -0.5252309E-04  0.5364156E-04  0.1256549E-05
Ar   401  0.6387146E+01  0.1198819E+01  0.1234064E+00 -0.1896931E-04  0.7945265E-04 -0.5815685E-04
Ar   402  0.8874648E+01  0.3573829E+01  0.2640003E+00 -0.3502206E-04 -0.2662815E-04  0.1945425E-04
Ar   403  0.9106009E+01  0.9857724E+00  0.2726476E+01  0.6549344E-04 -0.5440154E-04  0.9091531E-05
Ar   404  0.6183626E+01  0.3489458E+01  0.2674562E+01 -0.3858483E-04 -0.1491929E-04 -0.4977964E-05
Ar   405  0.6202367E+01  0.1023191E+01  0.5216231E+01  0.8478092E-04  0.3974430E-04  0.4121151E-04
Ar   406  0.9014817E+01  0.3661751E+01  0.5526041E+01 -0.3788127E-04  0.6044689E-04 -0.6452830E-04
Ar   407  0.8727874E+01  0.9031362E+00  0.7736191E+01 -0.8323267E-04 -0.6577573E-04 -0.2407211E-04
Ar   408  0.6243211E+01  0.3486749E+01  0.7891222E+01  0.2432355E-04  0.8938741E-05  0.2388297E-04
Ar   409  0.6141691E+01  0.1077877E+01  0.1035053E+02  0.1027326E-03 -0.1053406E-05  0.7420731E-05
Ar   410  0.8733453E+01  0.3529251E+01  0.1043083E+02 -0.8076636E-05  0.1300306E-04  0.4420186E-04
Ar   411  0.8685797E+01  0.9690427E+00  0.1293771E+02 -0.6697283E-05 -0.1819208E-04  0.4108211E-04
Ar   412  0.6230862E+01  0.3646689E+01  0.1287355E+02  0.1495458E-04 -0.3055125E-04 -0.4441601E-04
Ar   413  0.6238613E+01  0.1070360E+01  0.1536340E+02  0.3150548E-04  0.4129555E-04 -0.1023856E-03
Ar   414  0.8987586E+01  0.3628406E+01  0.1554229E+02 -0.2398343E-04 -0.3945563E-04  0.6563104E-04
Ar   415  0.8880999E+01  0.1036219E+01  0.1814721E+02 -0.1072627E-05  0.6952717E-05  0.3977371E-04
Ar   416  0.6334983E+01  0.3600553E+01  0.1795091E+02  0.3237333E-05  0.4311311E-04  0.1144622E-05
Ar   417  0.6087095E+01  0.9846523E+00  0.2054736E+02  0.3676123E-04 -0.1650093E-04 -0.1171334E-05
Ar   418  0.8743034E+01  0.3606273E+01  0.2065440E+02  0.5252549E-04  0.2661842E-04 -0.2736772E-04
Ar   419  0.8672382E+01  0.8760790E+00  0.2335084E+02  0.9044075E-04  0.7902275E-04 -0.2232071E-04
Ar   420  0.6170844E+01  0.3403432E+01  0.2319406E+02 -0.3888765E-05 -0.2804163E-04  0.7478210E-04
Ar   421  0.5895917E+01  0.1028069E+01  0.2591042E+02 -0.8506076E-04  0.7014738E-04  0.3351584E-04
Ar   422  0.8709675E+01  0.3516214E+01  0.2575846E+02 -0.3635079E-04 -0.1152116E-04  0.2231010E-04
Ar   423  0.8837266E+01  0.1224400E+01  0.2836045E+02 -0.1656703E-04  0.4872364E-04 -0.1161724E-03
Ar   424  0.6123982E+01  0.3872674E+01  0.2838435E+02  0.5032197E-05 -0.1099438E-04 -0.1197361E-04
Ar   425  0.6264468E+01  0.1201100E+01  0.3076711E+02  0.3829336E-04 -0.1011672E-04 -0.6576166E-04
Ar   426  0.8965545E+01  0.3659962E+01  0.3115080E+02 -0.2765005E-04 -0.6723159E-04 -0.8039848E-04
Ar   427  0.8657623E+01  0.9817100E+00  0.3380723E+02  0.1327782E-04  0.7710129E-04  0.1186036E-04
Ar   428  0.6275083E+01  0.3657754E+01  0.3370743E+02  0.3531437E-04 -0.6279991E-04 -0.6323290E-04
Ar   429  0.5892615E+01  0.9800464E+00  0.3615167E+02 -0.3196571E-04 -0.2198141E-04 -0.5663409E-04
Ar   430  0.8792160E+01  0.3650067E+01  0.3612624E+02 -0.3773186E-04  0.2411016E-05  0.5511694E-04
Ar   431  0.8685149E+01  0.1143499E+01  0.3859361E+02  0.1703096E-04 -0.6082707E-05  0.6342298E-04
Ar   432  0.6202741E+01  0.3690020E+01  0.3882062E+02 -0.8573364E-05 -0.8500781E-05  0.7636855E-05
Ar   433  0.6386342E+01  0.9532628E+00  0.4150580E+02  0.2219318E-04 -0.1834216E-04 -0.5423356E-04
Ar   434  0.8814815E+01  0.3654624E+01  0.4149226E+02 -0.2004278E-04 -0.4589316E-04 -0.4802778E-05
Ar   435  0.8791921E+01  0.9986115E+00  0.4415014E+02  0.8533287E-04 -0.1045704E-04 -0.1752698E-04
Ar   436  0.6267131E+01  0.3814555E+01  0.4401480E+02 -0.8206027E-05 -0.9925188E-04 -0.7463674E-04
Ar   437  0.6202028E+01  0.9363915E+00  0.4646547E+02  0.5484116E-04 -0.3738795E-04 -0.8748260E-04
Ar   438  0.8834223E+01  0.3706356E+01  0.4668344E+02 -0.4815359E-04 -0.5340131E-04 -0.2313368E-04
Ar   439  0.8635758E+01  0.9527658E+00  0.4914193E+02 -0.2714012E-04  0.1710266E-04  0.8777725E-04
Ar   440  0.6119969E+01  0.3775836E+01  0.4919213E+02  0.2195183E-04  0.1588942E-04  0.2963960E-04
Ar   441  0.6267299E+01  0.6208230E+01  0.1635966E+00  0.7567410E-04  0.2118057E-04  0.5462468E-04
Ar   442  0.8859846E+01  0.8762181E+01  0.2869150E+00  0.2437626E-04  0.9555101E-05 -0.5895625E-04
Ar   443  0.8603378E+01  0.6037288E+01  0.2879499E+01  0.4374884E-04  0.4839292E-04  0.5678092E-04
Ar   444  0.6201233E+01  0.8806744E+01  0.2765467E+01 -0.5587498E-05  0.4308492E-05 -0.4612068E-04
Ar   445  0.6224086E+01  0.6091609E+01  0.5263327E+01  0.8239944E-05 -0.1357494E-04  0.7681801E-04
Ar   446  0.8906396E+01  0.8788127E+01  0.5147834E+01 -0.3317867E-04 -0.5997773E-04 -0.5573802E-04
Ar   447  0.8922424E+01  0.6172795E+01  0.8017000E+01 -0.5774703E-05 -0.3849974E-06 -0.3130193E-04
Ar   448  0.6404790E+01  0.8549658E+01  0.7831534E+01  0.4823250E-04  0.3383759E-04  0.4232393E-05
Ar   449  0.6223597E+01  0.6014980E+01  0.1040515E+02 -0.1075675E-04  0.8231608E-04 -0.9283671E-04
Ar   450  0.8676589E+01  0.8710258E+01  0.1066007E+02 -0.6925937E-04 -0.4410032E-04  0.4330558E-04
Ar   451  0.9014178E+01  0.6013839E+01  0.1273482E+02  0.3569812E-04  0.6899438E-05 -0.2241376E-04
Ar   452  0.6309649E+01  0.8579002E+01  0.1306955E+02  0.1988841E-04  0.4459994E-04  0.3502138E-04
Ar   453  0.6362945E+01  0.6164002E+01  0.1543073E+02  0.7484494E-04  0.4645105E-04 -0.4970515E-05
Ar   454  0.8990785E+01  0.8721504E+01  0.1548494E+02  0.2273254E-04 -0.1200823E-03  0.1249651E-04
Ar   455  0.8851187E+01  0.6159290E+01  0.1823033E+02 -0.5172478E-04  0.1454921E-05 -0.6661876E-04
Ar   456  0.6397685E+01  0.8840974E+01  0.1797277E+02  0.8244270E-04  0.2131569E-04 -0.1439511E-04
Ar   457  0.6131678E+01  0.6206724E+01  0.2072896E+02 -0.1117279E-04  0.4878952E-04  0.4711737E-05
Ar   458  0.8872149E+01  0.8699664E+01  0.2074464E+02 -0.5040098E-04  0.2878665E-04 -0.5335368E-04
Ar   459  0.8793133E+01  0.6066281E+01  0.2312007E+02 -0.6669125E-04  0.3809261E-04 -0.1014297E-04
Ar   460  0.6239443E+01  0.8704733E+01  0.2326758E+02 -0.6101919E-05 -0.4491675E-04  0.1683954E-04
Ar   461  0.6161570E+01  0.5957312E+01  0.2552365E+02  0.4054422E-04  0.9419736E-04  0.1118925E-04
Ar   462  0.8738807E+01  0.8796115E+01  0.2579685E+02  0.2451629E-04 -0.3569564E-04  0.8069234E-04
Ar   463  0.8747050E+01  0.6386296E+01  0.2817568E+02 -0.5995879E-05  0.1786124E-04  0.4518389E-04
Ar   464  0.6285409E+01  0.8934589E+01  0.2821497E+02  0.2996649E-04  0.4100564E-05 -0.7389679E-04
Ar   465  0.6137129E+01  0.6354012E+01  0.3082467E+02  0.1427917E-05 -0.3074809E-04  0.6059067E-04
Ar   466  0.8904355E+01  0.8483199E+01  0.3095279E+02  0.8020012E-04 -0.1038698E-03 -0.2965497E-05
Ar   467  0.8889103E+01  0.6202297E+01  0.3355225E+02  0.6550055E-04  0.6909784E-04  0.8600827E-04
Ar   468  0.6335272E+01  0.8646416E+01  0.3368776E+02  0.7895856E-04 -0.6508978E-04 -0.3569898E-05
Ar   469  0.6360233E+01  0.6157425E+01  0.3627250E+02 -0.1971531E-04 -0.5351805E-04 -0.2948105E-04
Ar   470  0.8957227E+01  0.8503642E+01  0.3614538E+02  0.3506198E-04 -0.1575186E-04 -0.3258731E-05
Ar   471  0.8832430E+01  0.6058293E+01  0.3877026E+02 -0.6247763E-04  0.1272950E-03 -0.1745988E-04
Ar   472  0.6393476E+01  0.8850336E+01  0.3863855E+02  0.4854230E-05  0.1079381E-04 -0.5250860E-04
Ar   473  0.6331369E+01  0.6363493E+01  0.4126579E+02  0.3303294E-04 -0.3668310E-04 -0.3239730E-04
Ar   474  0.8876913E+01  0.8679883E+01  0.4155738E+02 -0.4864504E-04  0.5523845E-04 -0.3570291E-04
Ar   475  0.8826493E+01  0.6074656E+01  0.4393315E+02  0.5435761E-05 -0.3717562E-04  0.2985975E-05
Ar   476  0.6506845E+01  0.8789728E+01  0.4402792E+02  0.6257356E-05 -0.1455079E-04  0.3194239E-04
Ar   477  0.6138053E+01  0.6225532E+01  0.4657075E+02 -0.8105332E-05 -0.3466731E-04 -0.2612671E-04
Ar   478  0.8764845E+01  0.8674999E+01  0.4673437E+02  0.5261784E-04  0.5140950E-04  0.1006295E-03
Ar   479  0.8747232E+01  0.6176987E+01  0.4901251E+02 -0.1702652E-04  0.5293486E-04 -0.3661559E-04
Ar   480  0.6245402E+01  0.8751618E+01  0.4909774E+02  0.1311551E-04  0.2267862E-04 -0.1640249E-04
Ar   481  0.6151953E+01  0.1116634E+02  0.4773690E-01  0.1474093E-04  0.5762888E-04 -0.6075532E-04
Ar   482  0.8609534E+01  0.1377600E+02  0.2434049E+00  0.6341478E-04 -0.3882605E-04  0.5616485E-04
Ar   483  0.8627532E+01  0.1107475E+02  0.2742023E+01  0.7525348E-04  0.8438025E-04 -0.2331778E-04
Ar   484  0.6079269E+01  0.1372938E+02  0.2713187E+01 -0.6005493E-04  0.3415692E-04  0.7364085E-05
Ar   485  0.6057776E+01  0.1120360E+02  0.5325553E+01 -0.3940806E-05  0.7235305E-05  0.9848915E-05
Ar   486  0.8918745E+01  0.1379949E+02  0.5424730E+01  0.2505203E-04 -0.1833749E-04 -0.4045378E-04
Ar   487  0.8509085E+01  0.1136905E+02  0.7917177E+01  0.4138041E-04  0.7185043E-04 -0.1064822E-03
Ar   488  0.5906945E+01  0.1367046E+02  0.7798976E+01 -0.9637704E-04  0.3665930E-04 -0.9930444E-05
Ar   489  0.6209290E+01  0.1118495E+02  0.1038301E+02  0.2388126E-05 -0.5014070E-04  0.5026610E-04
Ar   490  0.8631268E+01  0.1383992E+02  0.1038819E+02  0.1000355E-03 -0.1113745E-03 -0.6078066E-04
Ar   491  0.8754377E+01  0.1146759E+02  0.1319053E+02 -0.4605019E-04 -0.2089615E-04 -0.8608396E-04
Ar   492  0.6223442E+01  0.1384269E+02  0.1302061E+02  0.2964801E-04 -0.8854665E-05 -0.4678856E-04
Ar   493  0.6162871E+01  0.1137921E+02  0.1574397E+02 -0.8486768E-04  0.2194129E-04  0.4120883E-04
Ar   494  0.8656320E+01  0.1407904E+02  0.1553087E+02  0.8334884E-04  0.3282037E-04 -0.5010828E-04
Ar   495  0.8923684E+01  0.1152465E+02  0.1819727E+02  0.5742008E-04  0.2165448E-04 -0.1662797E-04
Ar   496  0.5988372E+01  0.1396794E+02  0.1822504E+02  0.6729219E-04 -0.5526975E-04  0.4169762E-04
Ar   497  0.6309786E+01  0.1120747E+02  0.2082522E+02 -0.6490191E-04  0.1740229E-04 -0.2093877E-04
Ar   498  0.8789827E+01  0.1380284E+02  0.2081209E+02  0.6852198E-04 -0.7416396E-05  0.2459967E-04
Ar   499  0.8838128E+01  0.1121944E+02  0.2332911E+02  0.3215434E-04 -0.2237623E-04 -0.3214388E-04
Ar   500  0.6166352E+01  0.1415141E+02  0.2310050E+02  0.1766962E-04  0.1667440E-04 -0.1592883E-04
Ar   501  0.6329976E+01  0.1152124E+02  0.2592669E+02 -0.5343916E-04 -0.1829731E-04 -0.1605941E-04
Ar   502  0.8749815E+01  0.1396734E+02  0.2593139E+02 -0.3458215E-04 -0.1719209E-04 -0.1267563E-05
Ar   503  0.8888815E+01  0.1141446E+02  0.2861250E+02  0.2527739E-04  0.1653037E-06  0.4140935E-04
Ar   504  0.6182200E+01  0.1405891E+02  0.2850829E+02 -0.1083444E-03  0.2449665E-04 -0.8919523E-04
Ar   505  0.6141509E+01  0.1131014E+02  0.3119725E+02  0.1051748E-04 -0.8857455E-04  0.2687578E-04
Ar   506  0.8837226E+01  0.1384835E+02  0.3104930E+02  0.5087083E-05 -0.2059158E-04  0.1894593E-04
Ar   507  0.8809187E+01  0.1130446E+02  0.3389991E+02  0.9912334E-04 -0.1238711E-03 -0.4196293E-04
Ar   508  0.6298139E+01  0.1390733E+02  0.3370500E+02  0.6309989E-04  0.5270498E-04 -0.4776648E-04
Ar   509  0.6349822E+01  0.1138549E+02  0.3622171E+02 -0.2132353E-04  0.9394568E-05 -0.3017042E-04
Ar   510  0.8708720E+01  0.1385175E+02  0.3611476E+02  0.2893571E-04  0.4715229E-04 -0.1144000E-03
Ar   511  0.8981919E+01  0.1140069E+02  0.3878463E+02 -0.7268852E-05 -0.1037676E-04  0.1033557E-03
Ar   512  0.6190921E+01  0.1383724E+02  0.3879543E+02  0.4174583E-04  0.4474310E-05 -0.3126791E-04
Ar   513  0.6475709E+01  0.1137511E+02  0.4131979E+02 -0.1588818E-04 -0.5311518E-04  0.3116868E-05
Ar   514  0.9197488E+01  0.1387778E+02  0.4125104E+02  0.1205150E-04 -0.7535593E-05 -0.2485855E-04
Ar   515  0.8904844E+01  0.1141396E+02  0.4414564E+02 -0.3417882E-04  0.4571514E-04  0.9298255E-04
Ar   516  0.6257564E+01  0.1391677E+02  0.4390283E+02 -0.9094885E-05  0.5823066E-04  0.3280647E-04
Ar   517  0.6379037E+01  0.1127903E+02  0.4631153E+02 -0.1378648E-04  0.5710025E-04 -0.6181995E-04
Ar   518  0.8955889E+01  0.1406877E+02  0.4642508E+02 -0.4169121E-04 -0.2135009E-04  0.9923666E-05
Ar   519  0.8759558E+01  0.1140184E+02  0.4905261E+02  0.2621118E-04 -0.1567807E-04  0.1805477E-04
Ar   520  0.6091213E+01  0.1364519E+02  0.4910905E+02 -0.1997584E-04  0.2488885E-07 -0.1026107E-04
Ar   521  0.5946440E+01  0.1628962E+02  0.8118708E-02  0.9733342E-04  0.1269506E-04  0.5754219E-04
Ar   522  0.8822388E+01  0.1900044E+02  0.1127380E+00 -0.9340034E-04 -0.1776522E-04  0.4927471E-04
Ar   523  0.8846355E+01  0.1647373E+02  0.2798347E+01 -0.3463258E-04  0.3014202E-05  0.6077019E-05
Ar   524  0.6425063E+01  0.1909815E+02  0.2702772E+01 -0.7956978E-04  0.5181629E-04 -0.7638438E-04
Ar   525  0.6167156E+01  0.1617553E+02  0.5178396E+01 -0.1111390E-03 -0.1725937E-05  0.2849384E-04
Ar   526  0.8880558E+01  0.1889881E+02  0.5496429E+01  0.5484025E-04  0.5855096E-04 -0.1436676E-04
Ar   527  0.8599322E+01  0.1617103E+02  0.7930688E+01 -0.6035433E-04 -0.2928298E-04  0.8949457E-05
Ar   528  0.6185037E+01  0.1878285E+02  0.7778622E+01  0.6459076E-04  0.1955803E-04  0.2278209E-04
Ar   529  0.6273052E+01  0.1651012E+02  0.1063784E+02 -0.5498926E-04 -0.5284759E-04  0.6806964E-04
Ar   530  0.8733833E+01  0.1903482E+02  0.1068284E+02  0.1150212E-04  0.5219797E-05  0.3232694E-04
Ar   531  0.8894817E+01  0.1633751E+02  0.1309717E+02  0.1663817E-04  0.6931014E-04 -0.3896888E-04
Ar   532  0.6167584E+01  0.1926348E+02  0.1309788E+02  0.2968210E-04  0.4261086E-04 -0.4299884E-04
Ar   533  0.6060807E+01  0.1641003E+02  0.1530008E+02  0.6475608E-04  0.3137446E-04 -0.8016591E-05
Ar   534  0.8743599E+01  0.1916448E+02  0.1552793E+02  0.1308254E-04 -0.4261049E-04  0.3677780E-04
Ar   535  0.8702371E+01  0.1615461E+02  0.1812184E+02  0.4197861E-05 -0.5880344E-04 -0.1465557E-04
Ar   536  0.6199553E+01  0.1912825E+02  0.1783483E+02 -0.4442754E-04  0.2277618E-04  0.7513009E-04
Ar   537  0.6154220E+01  0.1653553E+02  0.2062274E+02 -0.6373690E-04 -0.2005751E-04 -0.7363274E-04
Ar   538  0.8718589E+01  0.1914314E+02  0.2059809E+02  0.1615101E-04  0.1740910E-04  0.1505547E-04
Ar   539  0.8752648E+01  0.1677006E+02  0.2349110E+02  0.6684029E-04  0.3350788E-04  0.2626787E-04
Ar   540  0.6140184E+01  0.1901634E+02  0.2330924E+02 -0.1835029E-04  0.1287713E-04 -0.2542522E-04
Ar   541  0.6135821E+01  0.1659615E+02  0.2586244E+02 -0.4786277E-04  0.2208086E-04 -0.2795238E-04
Ar   542  0.8772229E+01  0.1920510E+02  0.2594990E+02  0.8086858E-05 -0.3330156E-04 -0.3294523E-05
Ar   543  0.9000486E+01  0.1648783E+02  0.2852946E+02 -0.5484979E-04  0.1075611E-03  0.3062107E-05
Ar   544  0.6280254E+01  0.1891198E+02  0.2851922E+02 -0.4458881E-04  0.2794205E-04 -0.1135079E-05
Ar   545  0.6433367E+01  0.1625585E+02  0.3107827E+02  0.3204839E-04 -0.8417239E-04  0.5158997E-04
Ar   546  0.8864158E+01  0.1903325E+02  0.3103626E+02  0.2256124E-04  0.3917059E-04 -0.1230049E-04
Ar   547  0.8871601E+01  0.1640023E+02  0.3354200E+02 -0.6124685E-06 -0.4562037E-04 -0.1095721E-04
Ar   548  0.6220519E+01  0.1918156E+02  0.3336803E+02 -0.2686119E-04  0.4072796E-04 -0.2754334E-04
Ar   549  0.6104135E+01  0.1638178E+02  0.3612120E+02  0.5459627E-04 -0.3738100E-06  0.5525669E-05
Ar   550  0.8777358E+01  0.1910886E+02  0.3609376E+02 -0.2421190E-04 -0.2865433E-04  0.1629139E-04
Ar   551  0.8997546E+01  0.1676386E+02  0.3880753E+02  0.6081520E-04  0.1741064E-04 -0.2199555E-04
Ar   552  0.6375681E+01  0.1904016E+02  0.3877300E+02 -0.9104497E-04  0.5941127E-04  0.1849650E-04
Ar   553  0.6212946E+01  0.1635418E+02  0.4129868E+02  0.8932259E-04  0.5490059E-04 -0.9578395E-04
Ar   554  0.8776774E+01  0.1906391E+02  0.4145578E+02 -0.1167974E-04  0.9661738E-04  0.6841363E-04
Ar   555  0.8675791E+01  0.1651005E+02  0.4380693E+02  0.1222502E-04  0.9882139E-04 -0.3428842E-04
Ar   556  0.6184102E+01  0.1908888E+02  0.4393592E+02  0.1578300E-05 -0.2779557E-04 -0.1369071E-04
Ar   557  0.6452416E+01  0.1623566E+02  0.4659792E+02  0.6558814E-05  0.3268293E-04  0.4515297E-04
Ar   558  0.8745461E+01  0.1919317E+02  0.4676159E+02  0.3895095E-04 -0.2813420E-04 -0.9977787E-04
Ar   559  0.8714484E+01  0.1652395E+02  0.4913509E+02 -0.4767294E-06 -0.7384254E-04 -0.4889408E-04
Ar   560  0.6058251E+01  0.1904859E+02  0.4929100E+02 -0.1100398E-04  0.5525578E-04 -0.1356968E-04
Ar   561  0.6126001E+01  0.2145833E+02  0.2587452E-01 -0.5035244E-04  0.1577587E-05  0.4183834E-04
Ar   562  0.8607945E+01  0.2403189E+02  0.1465285E+00 -0.6922273E-04 -0.3242352E-04 -0.2051143E-04
Ar   563  0.8924400E+01  0.2171240E+02  0.2755602E+01  0.3602855E-05  0.1132825E-03 -0.7839214E-04
Ar   564  0.6012888E+01  0.2396135E+02  0.2624853E+01 -0.2398115E-05  0.7615793E-04 -0.2231135E-04
Ar   565  0.6419382E+01  0.2151732E+02  0.5217278E+01 -0.3740360E-05 -0.6619248E-05 -0.7490545E-04
Ar   566  0.8899383E+01  0.2446031E+02  0.5499839E+01  0.7690290E-05  0.1107294E-03  0.8791927E-04
Ar   567  0.8518369E+01  0.2150457E+02  0.8000934E+01 -0.4228864E-04  0.2159404E-05 -0.4831084E-04
Ar   568  0.6223387E+01  0.2411990E+02  0.7846576E+01 -0.2312609E-04 -0.4777669E-04 -0.1984584E-04
Ar   569  0.5978831E+01  0.2149323E+02  0.1051912E+02 -0.7552490E-04  0.8324650E-06  0.1959527E-04
Ar   570  0.8770142E+01  0.2395977E+02  0.1059019E+02  0.6289977E-04 -0.7230072E-04  0.7691703E-04
Ar   571  0.8598766E+01  0.2172238E+02  0.1303396E+02 -0.2547118E-04 -0.1564620E-05 -0.9500442E-06
Ar   572  0.5950129E+01  0.2422918E+02  0.1287322E+02 -0.5873767E-04  0.5744772E-04  0.2213402E-04
Ar   573  0.5983175E+01  0.2169267E+02  0.1532360E+02 -0.3187720E-05  0.3845657E-04 -0.6733417E-04
Ar   574  0.8614232E+01  0.2408391E+02  0.1578523E+02  0.8053970E-04 -0.2990854E-04 -0.7562716E-04
Ar   575  0.8793142E+01  0.2161492E+02  0.1816859E+02  0.1925237E-04 -0.6778617E-04  0.3318643E-04
Ar   576  0.6156584E+01  0.2394230E+02  0.1820719E+02  0.1442441E-04 -0.2308103E-04 -0.2139714E-04
Ar   577  0.6090474E+01  0.2142592E+02  0.2082383E+02  0.6720891E-05  0.6672892E-04 -0.4696845E-04
Ar   578  0.8637782E+01  0.2424340E+02  0.2078884E+02  0.6605566E-04  0.2381424E-04 -0.3696112E-04
Ar   579  0.8711234E+01  0.2161042E+02  0.2318589E+02  0.6718115E-04  0.3179948E-04 -0.1009795E-04
Ar   580  0.5988723E+01  0.2401734E+02  0.2342169E+02 -0.4530301E-04  0.4306838E-04  0.2800913E-06
Ar   581  0.6199213E+01  0.2165269E+02  0.2597359E+02 -0.6345487E-04  0.3437142E-04  0.4483377E-04
Ar   582  0.8859097E+01  0.2401639E+02  0.2559747E+02  0.6254072E-04 -0.2484570E-04  0.1503893E-04
Ar   583  0.8896125E+01  0.2187464E+02  0.2862240E+02 -0.4122589E-04 -0.5502960E-04  0.5289150E-05
Ar   584  0.6282260E+01  0.2426190E+02  0.2824539E+02  0.4969071E-04 -0.7375832E-04  0.4134135E-04
Ar   585  0.6151796E+01  0.2171487E+02  0.3101881E+02 -0.9103200E-04  0.9273853E-04 -0.9283326E-04
Ar   586  0.8774713E+01  0.2442208E+02  0.3105418E+02  0.9005906E-05 -0.6586057E-04  0.3595236E-04
Ar   587  0.8768092E+01  0.2165727E+02  0.3361652E+02  0.1755236E-04  0.2561771E-04 -0.4263077E-05
Ar   588  0.6276855E+01  0.2412030E+02  0.3361717E+02 -0.5022787E-04  0.3715061E-04 -0.5575989E-04
Ar   589  0.6034118E+01  0.2170005E+02  0.3618449E+02  0.5681385E-05 -0.5016676E-04 -0.1173995E-04
Ar   590  0.8819098E+01  0.2413176E+02  0.3607348E+02 -0.2851953E-04  0.1015750E-04 -0.3259203E-04
Ar   591  0.8674508E+01  0.2170919E+02  0.3876425E+02 -0.5124178E-05 -0.1817559E-04 -0.8621353E-04
Ar   592  0.6204517E+01  0.2420270E+02  0.3872269E+02  0.4615651E-04 -0.2099922E-04 -0.3425311E-04
Ar   593  0.6211952E+01  0.2150867E+02  0.4128228E+02  0.4147593E-04  0.5918404E-04 -0.4124840E-04
Ar   594  0.8709758E+01  0.2417310E+02  0.4131649E+02  0.5660508E-04 -0.3768464E-05  0.5177267E-05
Ar   595  0.8410173E+01  0.2168272E+02  0.4401162E+02  0.2576171E-04  0.2172509E-04  0.2065531E-04
Ar   596  0.6128165E+01  0.2425129E+02  0.4391683E+02 -0.4562856E-04  0.8534822E-04  0.1031368E-04
Ar   597  0.6045412E+01  0.2147440E+02  0.4670104E+02  0.8189516E-04 -0.3596543E-05 -0.9672598E-05
Ar   598  0.8588674E+01  0.2419798E+02  0.4646178E+02 -0.2675454E-04  0.4063398E-04  0.1112035E-04
Ar   599  0.8820392E+01  0.2172342E+02  0.4927827E+02 -0.5242800E-05  0.7965443E-04 -0.6461640E-04
Ar   600  0.6079609E+01  0.2417108E+02  0.4931295E+02  0.2925503E-05  0.2286922E-04 -0.1174504E-03
Ar   601  0.6099318E+01  0.2670193E+02  0.2929793E+00  0.6736657E-04  0.2129610E-04 -0.6553304E-04
Ar   602  0.8633278E+01  0.2921077E+02  0.1590174E+00  0.4903740E-05  0.3700056E-04  0.3491125E-04
Ar   603  0.8662417E+01  0.2673607E+02  0.2572522E+01  0.4789158E-05  0.4936884E-05 -0.6684118E-04
Ar   604  0.6063797E+01  0.2943071E+02  0.2837641E+01 -0.1076714E-03  0.1611519E-04  0.7575325E-04
Ar   605  0.6218118E+01  0.2655963E+02  0.5329660E+01  0.2455915E-04 -0.2420775E-04  0.8656361E-04
Ar   606  0.8634912E+01  0.2929234E+02  0.4995085E+01  0.4837385E-04  0.3761854E-04  0.3048156E-05
Ar   607  0.8655961E+01  0.2667913E+02  0.8181349E+01 -0.2997190E-04 -0.7317683E-04 -0.1676885E-04
Ar   608  0.6469378E+01  0.2930884E+02  0.7611342E+01 -0.7374567E-05 -0.3362279E-04 -0.4744506E-04
Ar   609  0.6056905E+01  0.2675464E+02  0.1031086E+02  0.6808673E-04  0.7035509E-04  0.9354708E-05
Ar   610  0.8788597E+01  0.2936631E+02  0.1035189E+02  0.4669818E-05 -0.1072456E-04 -0.4733609E-05
Ar   611  0.8714777E+01  0.2676734E+02  0.1292535E+02 -0.9662275E-04 -0.1839973E-05  0.5940726E-04
Ar   612  0.6149585E+01  0.2938189E+02  0.1282809E+02  0.6407182E-04  0.5279556E-04  0.3698608E-04
Ar   613  0.6095370E+01  0.2662368E+02  0.1555910E+02  0.8735125E-04 -0.2353839E-04 -0.1952549E-04
Ar   614  0.8719652E+01  0.2925268E+02  0.1546379E+02 -0.3204108E-04  0.7085177E-04  0.3763248E-04
Ar   615  0.8640851E+01  0.2673568E+02  0.1811974E+02  0.6605182E-05  0.5979009E-04  0.1630513E-04
Ar   616  0.6166396E+01  0.2929010E+02  0.1808262E+02  0.1351700E-04  0.1341989E-04  0.2184693E-04
Ar   617  0.6312809E+01  0.2687203E+02  0.2092820E+02  0.1350839E-04 -0.1004991E-03 -0.5823575E-04
Ar   618  0.8703906E+01  0.2932081E+02  0.2068656E+02  0.9803101E-04 -0.2083940E-05  0.5970767E-04
Ar   619  0.8783445E+01  0.2663226E+02  0.2324041E+02  0.1363351E-04  0.6281311E-04 -0.2551586E-04
Ar   620  0.6208015E+01  0.2955571E+02  0.2346009E+02  0.5776979E-04 -0.1080745E-04 -0.4907756E-04
Ar   621  0.6097210E+01  0.2679298E+02  0.2562725E+02  0.1692574E-04 -0.5101094E-04  0.6819713E-04
Ar   622  0.8842226E+01  0.2951616E+02  0.2585409E+02  0.8563553E-05 -0.3683037E-04  0.5714396E-04
Ar   623  0.8791710E+01  0.2694439E+02  0.2851785E+02  0.3696012E-04 -0.1134082E-03 -0.6481649E-05
Ar   624  0.6296058E+01  0.2924052E+02  0.2854884E+02  0.1237369E-04  0.7246492E-04 -0.1821414E-04
Ar   625  0.6114859E+01  0.2671788E+02  0.3113867E+02 -0.2560940E-04 -0.1287435E-04 -0.3288184E-05
Ar   626  0.8753564E+01  0.2969553E+02  0.3098776E+02 -0.1130610E-03  0.1309027E-04  0.3995815E-04
Ar   627  0.8788968E+01  0.2683424E+02  0.3355892E+02  0.4967774E-04  0.5788079E-05 -0.3359471E-04
Ar   628  0.6060084E+01  0.2921285E+02  0.3349008E+02 -0.1367314E-04 -0.7884556E-04 -0.7188731E-05
Ar   629  0.6220769E+01  0.2686203E+02  0.3643386E+02  0.1169171E-03  0.5584374E-04 -0.2251411E-04
Ar   630  0.8727845E+01  0.2939289E+02  0.3622559E+02 -0.3384813E-05  0.4551874E-04 -0.1398809E-04
Ar   631  0.8776794E+01  0.2689860E+02  0.3894821E+02  0.8372622E-05  0.5136744E-04  0.3139898E-05
Ar   632  0.6191204E+01  0.2940800E+02  0.3867999E+02 -0.1018349E-04 -0.9298262E-04 -0.5803773E-04
Ar   633  0.6141060E+01  0.2695492E+02  0.4141697E+02  0.3219891E-04  0.2314032E-04 -0.1090249E-04
Ar   634  0.8917343E+01  0.2920953E+02  0.4144209E+02  0.3137611E-04  0.5428679E-04 -0.7065130E-05
Ar   635  0.8727380E+01  0.2657101E+02  0.4402573E+02 -0.5837849E-05 -0.1527851E-04  0.7988057E-04
Ar   636  0.6256876E+01  0.2927022E+02  0.4396501E+02  0.6455223E-04 -0.4192751E-04  0.7008649E-04
Ar   637  0.6044810E+01  0.2678182E+02  0.4644735E+02 -0.3538254E-04 -0.4094778E-04 -0.1300639E-05
Ar   638  0.8857900E+01  0.2939291E+02  0.4643029E+02  0.1510790E-04  0.6904894E-04 -0.2903544E-04
Ar   639  0.8668865E+01  0.2672845E+02  0.4920994E+02  0.8698253E-04 -0.1632954E-04  0.2031336E-04
Ar   640  0.6189680E+01  0.2946691E+02  0.4918336E+02 -0.4939467E-05  0.4031689E-04  0.4157612E-05
Ar   641  0.5944615E+01  0.3195061E+02  0.3721884E-01 -0.3671298E-04 -0.4580413E-04  0.2490579E-04
Ar   642  0.8645657E+01  0.3452303E+02  0.5152376E+02  0.3061888E-04 -0.5876366E-05 -0.2196840E-05
Ar   643  0.8650148E+01  0.3179388E+02  0.2427882E+01 -0.2408855E-04  0.1983791E-04  0.5017348E-04
Ar   644  0.6192081E+01  0.3448890E+02  0.2582694E+01 -0.1474550E-04 -0.4374101E-04 -0.6038892E-04
Ar   645  0.6003289E+01  0.3199514E+02  0.5250644E+01  0.7897337E-04  0.5663930E-05 -0.9676712E-04
Ar   646  0.8716078E+01  0.3435718E+02  0.4988985E+01 -0.9280346E-04 -0.1277502E-04  0.1178644E-04
Ar   647  0.8623510E+01  0.3206228E+02  0.7892768E+01 -0.6986458E-05 -0.5656006E-04 -0.1944484E-05
Ar   648  0.5824770E+01  0.3467484E+02  0.7621410E+01 -0.3396550E-04  0.8423196E-04 -0.7812495E-04
Ar   649  0.6182060E+01  0.3198556E+02  0.1031627E+02 -0.2237847E-04  0.3202759E-04  0.4583339E-05
Ar   650  0.8674838E+01  0.3460270E+02  0.1032571E+02 -0.3500087E-04  0.4635131E-04  0.3144186E-05
Ar   651  0.8780235E+01  0.3191044E+02  0.1298619E+02  0.3773224E-04 -0.1534196E-05  0.6047853E-04
Ar   652  0.6078282E+01  0.3433158E+02  0.1311100E+02 -0.3227004E-04 -0.1425812E-04  0.1712078E-05
Ar   653  0.6027864E+01  0.3178586E+02  0.1557261E+02  0.2833305E-04 -0.3821176E-04  0.8327977E-04
Ar   654  0.8854909E+01  0.3460561E+02  0.1563556E+02  0.7161398E-04  0.4858213E-05  0.1006014E-04
Ar   655  0.8695925E+01  0.3190304E+02  0.1809815E+02 -0.9258413E-04  0.5113566E-04 -0.6435545E-04
Ar   656  0.6164221E+01  0.3438387E+02  0.1810788E+02 -0.7741717E-04  0.2214871E-04  0.7545836E-04
Ar   657  0.6348205E+01  0.3197960E+02  0.2076399E+02 -0.3828508E-05  0.4345871E-04 -0.4118652E-04
Ar   658  0.8834074E+01  0.3467950E+02  0.2068684E+02  0.3264494E-04 -0.4792558E-04 -0.3030059E-06
Ar   659  0.8932416E+01  0.3205201E+02  0.2328127E+02  0.7956713E-04 -0.4741177E-04  0.2968044E-04
Ar   660  0.6267236E+01  0.3442333E+02  0.2315792E+02 -0.5234012E-04 -0.2734518E-04  0.5300621E-04
Ar   661  0.6472535E+01  0.3211934E+02  0.2588637E+02  0.3950658E-04 -0.1544469E-05  0.4564501E-04
Ar   662  0.8851430E+01  0.3466712E+02  0.2581269E+02 -0.3680751E-04  0.7388840E-04  0.5240112E-04
Ar   663  0.8963730E+01  0.3203050E+02  0.2838073E+02 -0.3070549E-04 -0.8791288E-04  0.9368048E-04
Ar   664  0.6268784E+01  0.3460174E+02  0.2829262E+02 -0.4484161E-04  0.6005087E-04 -0.2076085E-04
Ar   665  0.6088252E+01  0.3193165E+02  0.3109379E+02  0.5397282E-04 -0.6239106E-04 -0.3043844E-04
Ar   666  0.8709284E+01  0.3448081E+02  0.3096232E+02 -0.4705880E-04  0.3819332E-04  0.2765984E-04
Ar   667  0.8917460E+01  0.3200324E+02  0.3366557E+02 -0.2581765E-04 -0.9614527E-04  0.6394435E-05
Ar   668  0.6149758E+01  0.3465150E+02  0.3368761E+02  0.5253384E-04  0.3165506E-04  0.6975938E-04
Ar   669  0.6013161E+01  0.3201764E+02  0.3623364E+02  0.1195124E-04  0.6553145E-04  0.9337354E-04
Ar   670  0.9083424E+01  0.3449391E+02  0.3616740E+02 -0.1086824E-04  0.7220372E-04  0.2707042E-04
Ar   671  0.8908287E+01  0.3182341E+02  0.3876680E+02 -0.5071482E-04 -0.8174631E-04 -0.4870738E-04
Ar   672  0.6171005E+01  0.3458848E+02  0.3868341E+02  0.9729053E-04  0.7592829E-05 -0.1979097E-04
Ar   673  0.6443997E+01  0.3187000E+02  0.4139417E+02  0.1008976E-04 -0.8097233E-04 -0.2373627E-04
Ar   674  0.8929257E+01  0.3447725E+02  0.4156973E+02 -0.7102243E-04 -0.1540431E-04  0.7536823E-05
Ar   675  0.8927658E+01  0.3190333E+02  0.4403579E+02 -0.3450516E-04  0.7306467E-04 -0.4089091E-04
Ar   676  0.6239621E+01  0.3437565E+02  0.4400648E+02 -0.7170634E-04 -0.1836690E-04  0.5410487E-04
Ar   677  0.6225090E+01  0.3178352E+02  0.4641404E+02  0.2456712E-04 -0.1007597E-03  0.1969897E-04
Ar   678  0.8841494E+01  0.3436362E+02  0.4643672E+02 -0.2354981E-04  0.1677814E-04  0.6312767E-04
Ar   679  0.8678304E+01  0.3204523E+02  0.4902672E+02  0.1411302E-04  0.1154648E-04  0.8425697E-05
Ar   680  0.6125619E+01  0.3429652E+02  0.4900508E+02  0.2296730E-04 -0.4532196E-04 -0.4738081E-05
Ar   681  0.5995595E+01  0.3684007E+02  0.5155022E+02 -0.1593720E-04  0.2185363E-04 -0.1796267E-04
Ar   682  0.8803158E+01  0.3966290E+02  0.5128234E+02 -0.8752202E-06 -0.8339539E-04  0.2580490E-04
Ar   683  0.8718647E+01  0.3705267E+02  0.2409546E+01 -0.2418659E-05  0.5690044E-04  0.6085642E-04
Ar   684  0.6095804E+01  0.3942756E+02  0.2397298E+01 -0.2593441E-04  0.6119745E-05  0.4220122E-05
Ar   685  0.6079811E+01  0.3695749E+02  0.5044494E+01  0.8406586E-05 -0.2364682E-04 -0.2253361E-04
Ar   686  0.8694856E+01  0.3965171E+02  0.4996659E+01 -0.1561753E-04  0.2125877E-04  0.1756436E-04
Ar   687  0.8673724E+01  0.3704905E+02  0.7572146E+01 -0.5712583E-04  0.3210321E-05  0.6912498E-05
Ar   688  0.6199551E+01  0.3951650E+02  0.7765391E+01  0.1441603E-03  0.3754302E-04  0.9185263E-04
Ar   689  0.5975591E+01  0.3707731E+02  0.1060656E+02 -0.2141411E-04 -0.1629894E-04  0.2135579E-04
Ar   690  0.8870250E+01  0.3960178E+02  0.1039826E+02 -0.1483863E-04 -0.9798075E-04  0.5199970E-04
Ar   691  0.8660349E+01  0.3710317E+02  0.1287153E+02  0.7328092E-04 -0.8860690E-05 -0.2632985E-04
Ar   692  0.6038651E+01  0.3974440E+02  0.1321156E+02  0.5406401E-04  0.2742382E-04 -0.2059765E-04
Ar   693  0.6136282E+01  0.3713680E+02  0.1567696E+02 -0.2183333E-04 -0.6655200E-04 -0.4454384E-05
Ar   694  0.8803405E+01  0.3960252E+02  0.1535950E+02 -0.8941972E-04  0.3730511E-04  0.2688568E-04
Ar   695  0.8566518E+01  0.3710304E+02  0.1796374E+02  0.7230650E-04 -0.5135006E-04  0.3981616E-05
Ar   696  0.6284694E+01  0.3968922E+02  0.1808186E+02 -0.4904735E-04 -0.1004164E-04 -0.6562850E-04
Ar   697  0.6091691E+01  0.3707482E+02  0.2067088E+02 -0.6720481E-05  0.1907648E-04  0.1322799E-04
Ar   698  0.8714228E+01  0.3973331E+02  0.2066774E+02 -0.7424364E-04  0.3220993E-04 -0.3249549E-04
Ar   699  0.8865374E+01  0.3721695E+02  0.2323923E+02  0.2566335E-04 -0.2308299E-04 -0.1251322E-04
Ar   700  0.6297899E+01  0.3974189E+02  0.2293179E+02 -0.5861610E-04  0.2755588E-05 -0.1570401E-05
Ar   701  0.6369281E+01  0.3731311E+02  0.2550948E+02  0.7905738E-05 -0.3491130E-04  0.4470384E-04
Ar   702  0.8877923E+01  0.3984430E+02  0.2566818E+02  0.1216245E-04  0.2694008E-04  0.4236654E-04
Ar   703  0.8862385E+01  0.3703603E+02  0.2858039E+02 -0.6448297E-04  0.8323586E-04  0.1014800E-04
Ar   704  0.6310399E+01  0.3958000E+02  0.2834744E+02 -0.3318963E-04 -0.2465612E-04  0.3336049E-04
Ar   705  0.6208968E+01  0.3722507E+02  0.3115491E+02 -0.1936456E-04  0.3194184E-04  0.2917818E-04
Ar   706  0.8658172E+01  0.3969771E+02  0.3125937E+02 -0.4561487E-05  0.6220688E-04 -0.4803401E-04
Ar   707  0.8828850E+01  0.3704129E+02  0.3384125E+02 -0.9667201E-05 -0.2722271E-04  0.5301681E-04
Ar   708  0.6121859E+01  0.3975071E+02  0.3380234E+02 -0.1680347E-04  0.1610879E-04  0.1998731E-04
Ar   709  0.6175288E+01  0.3719297E+02  0.3618724E+02 -0.1609781E-04 -0.2095112E-04  0.1431304E-04
Ar   710  0.8849385E+01  0.3981843E+02  0.3630565E+02  0.3832911E-04 -0.1099881E-04  0.4858354E-05
Ar   711  0.8796954E+01  0.3713382E+02  0.3882908E+02  0.1068795E-04  0.9460386E-04  0.3119504E-05
Ar   712  0.6241543E+01  0.3958953E+02  0.3896397E+02 -0.4859931E-04  0.4007083E-05 -0.2152931E-05
Ar   713  0.6294483E+01  0.3688070E+02  0.4134118E+02  0.8936397E-04 -0.7577083E-04  0.2313954E-04
Ar   714  0.8977030E+01  0.3961306E+02  0.4132317E+02  0.8615951E-04  0.5859960E-04  0.3047341E-04
Ar   715  0.8675901E+01  0.3726796E+02  0.4392074E+02  0.1013793E-04 -0.1163275E-04  0.3169632E-04
Ar   716  0.6269943E+01  0.3975992E+02  0.4375537E+02 -0.2934717E-05  0.1901855E-04 -0.2013319E-04
Ar   717  0.6072964E+01  0.3700277E+02  0.4639988E+02  0.3246135E-04  0.8225404E-04  0.2154323E-05
Ar   718  0.8605701E+01  0.3980931E+02  0.4637861E+02 -0.2629071E-04 -0.8082618E-04 -0.6835760E-04
Ar   719  0.8725265E+01  0.3700737E+02  0.4890444E+02  0.2057704E-04 -0.1450024E-04  0.6322900E-04
Ar   720  0.6166023E+01  0.3949430E+02  0.4880871E+02 -0.7592263E-05  0.1198870E-03 -0.1845250E-04
Ar   721  0.6270845E+01  0.4214555E+02  0.5154377E+02 -0.1980452E-04  0.7238700E-05 -0.3469354E-05
Ar   722  0.8737076E+01  0.4481526E+02  0.5148409E+02 -0.1527813E-04 -0.1389816E-04 -0.4379702E-04
Ar   723  0.8704411E+01  0.4211528E+02  0.2611453E+01 -0.3808825E-04  0.5080114E-04  0.4451234E-04
Ar   724  0.6231608E+01  0.4471468E+02  0.2471389E+01  0.3279383E-04  0.2421222E-04 -0.8399963E-04
Ar   725  0.6061041E+01  0.4212522E+02  0.5026871E+01  0.1777830E-04  0.9368029E-04 -0.4117292E-04
Ar   726  0.8823910E+01  0.4460490E+02  0.5240343E+01  0.4956404E-04 -0.5651494E-04 -0.2502117E-04
Ar   727  0.8583785E+01  0.4204502E+02  0.7712208E+01  0.3502293E-04 -0.3984276E-06 -0.8249506E-04
Ar   728  0.6088742E+01  0.4454902E+02  0.7782833E+01 -0.7086972E-04 -0.2506045E-05 -0.4093523E-05
Ar   729  0.5942187E+01  0.4213862E+02  0.1044368E+02  0.7294588E-04 -0.1060976E-04  0.2344616E-04
Ar   730  0.8678902E+01  0.4464659E+02  0.1053811E+02  0.1920546E-05 -0.1118102E-04  0.2100624E-04
Ar   731  0.8614294E+01  0.4197261E+02  0.1289300E+02  0.1957414E-04 -0.3134940E-04  0.2690543E-04
Ar   732  0.5843965E+01  0.4461171E+02  0.1286936E+02  0.7249196E-04 -0.6568513E-05  0.1025642E-04
Ar   733  0.5921451E+01  0.4220752E+02  0.1557254E+02 -0.1017477E-03 -0.3456360E-04 -0.6784919E-04
Ar   734  0.8671007E+01  0.4454261E+02  0.1546839E+02  0.5068038E-05  0.5200570E-04 -0.1024401E-03
Ar   735  0.8592568E+01  0.4218702E+02  0.1810831E+02 -0.8660415E-04 -0.1550525E-04  0.1103303E-04
Ar   736  0.6259763E+01  0.4499689E+02  0.1792062E+02  0.3810322E-04 -0.1507004E-04  0.3347202E-04
Ar   737  0.6187420E+01  0.4236897E+02  0.2049990E+02  0.3959874E-04  0.5362785E-05 -0.4632905E-04
Ar   738  0.8892664E+01  0.4482079E+02  0.2083390E+02 -0.1862775E-04 -0.1584868E-04  0.4642494E-04
Ar   739  0.8682457E+01  0.4223201E+02  0.2318965E+02 -0.1166910E-03  0.1255053E-03 -0.1145481E-03
Ar   740  0.6345072E+01  0.4487201E+02  0.2310893E+02 -0.5551424E-05 -0.6816877E-04  0.6353607E-04
Ar   741  0.6082290E+01  0.4222115E+02  0.2567963E+02 -0.3050528E-04 -0.7425345E-04 -0.1931123E-04
Ar   742  0.8783454E+01  0.4484621E+02  0.2573568E+02  0.2356454E-04  0.2598239E-04  0.5264640E-04
Ar   743  0.8668308E+01  0.4232954E+02  0.2834696E+02 -0.3688190E-04  0.3826792E-05 -0.3170151E-04
Ar   744  0.6465772E+01  0.4488340E+02  0.2831933E+02 -0.3890431E-04  0.6763860E-05 -0.1986089E-04
Ar   745  0.6211326E+01  0.4233922E+02  0.3104944E+02  0.1784509E-04  0.1156424E-03  0.2112836E-04
Ar   746  0.8745713E+01  0.4498166E+02  0.3104950E+02 -0.8399610E-04 -0.3001371E-04 -0.1279022E-04
Ar   747  0.8893662E+01  0.4224220E+02  0.3381194E+02  0.4379034E-05 -0.2526835E-04  0.2246599E-05
Ar   748  0.6300340E+01  0.4482896E+02  0.3360017E+02  0.1113569E-03  0.1870591E-04 -0.7704548E-04
Ar   749  0.5958280E+01  0.4229091E+02  0.3616720E+02  0.5796296E-05  0.4598207E-04  0.4105868E-04
Ar   750  0.8657779E+01  0.4476480E+02  0.3625550E+02  0.2451609E-04  0.1675652E-04 -0.3261818E-04
Ar   751  0.8803294E+01  0.4227895E+02  0.3903534E+02  0.2201827E-04  0.6960466E-05  0.1597404E-04
Ar   752  0.6184196E+01  0.4522307E+02  0.3871134E+02 -0.7190347E-04  0.3570847E-04  0.2606727E-04
Ar   753  0.6050238E+01  0.4228296E+02  0.4124885E+02  0.1912214E-04 -0.2582781E-04  0.3516458E-04
Ar   754  0.8835815E+01  0.4511329E+02  0.4127570E+02 -0.2522349E-04  0.4537437E-04 -0.4568111E-04
Ar   755  0.8749748E+01  0.4230775E+02  0.4383056E+02  0.4990946E-04  0.5987162E-04 -0.5685842E-04
Ar   756  0.6222634E+01  0.4491910E+02  0.4372815E+02 -0.6000034E-04  0.6642095E-04  0.3742059E-04
Ar   757  0.6041757E+01  0.4233202E+02  0.4652910E+02  0.3968299E-04 -0.1773172E-04  0.4962599E-04
Ar   758  0.8658829E+01  0.4474399E+02  0.4643927E+02 -0.3413561E-05  0.1912652E-04 -0.1044928E-03
Ar   759  0.8613177E+01  0.4218517E+02  0.4890911E+02  0.2498931E-04 -0.3316787E-04 -0.1120993E-04
Ar   760  0.6239271E+01  0.4484392E+02  0.4897410E+02 -0.2350076E-04  0.2760681E-04 -0.7561608E-04
Ar   761  0.6257806E+01  0.4738028E+02  0.7272734E-01  0.6379924E-04 -0.1103582E-05 -0.3185971E-04
Ar   762  0.8845005E+01  0.4998334E+02  0.2246963E+00  0.6726083E-06  0.3120623E-04  0.5039704E-04
Ar   763  0.8759863E+01  0.4719250E+02  0.2642519E+01  0.3393245E-04  0.5306808E-04 -0.3157033E-04
Ar   764  0.6426030E+01  0.5007726E+02  0.2720574E+01 -0.7538572E-04  0.6275043E-04  0.5612416E-04
Ar   765  0.6349065E+01  0.4726746E+02  0.5107052E+01  0.4293024E-04 -0.5925393E-05 -0.4119038E-04
Ar   766  0.8839948E+01  0.5004283E+02  0.5269290E+01  0.7576989E-04 -0.1233205E-04 -0.2639684E-04
Ar   767  0.8775562E+01  0.4734122E+02  0.7720351E+01 -0.5149466E-04 -0.1216903E-05  0.6004244E-05
Ar   768  0.6180396E+01  0.4974984E+02  0.7839673E+01  0.1600565E-04 -0.5115132E-04  0.1024469E-03
Ar   769  0.6194361E+01  0.4730550E+02  0.1042592E+02 -0.2756632E-04 -0.5257989E-04 -0.1205362E-03
Ar   770  0.8805928E+01  0.4983359E+02  0.1028494E+02  0.1351883E-04 -0.3607702E-04  0.2225720E-04
Ar   771  0.8719920E+01  0.4742063E+02  0.1304921E+02  0.3211035E-05  0.2153026E-04 -0.2210287E-04
Ar   772  0.6339161E+01  0.5001377E+02  0.1272293E+02  0.1917073E-04 -0.2903626E-04 -0.1134945E-04
Ar   773  0.6081888E+01  0.4726279E+02  0.1535423E+02 -0.2630917E-04 -0.2343184E-05  0.2428122E-04
Ar   774  0.8853171E+01  0.5002034E+02  0.1566597E+02  0.1502939E-05 -0.1893768E-04  0.4691318E-04
Ar   775  0.8768662E+01  0.4733045E+02  0.1811553E+02 -0.1852570E-04  0.2619419E-04  0.5409064E-05
Ar   776  0.6291986E+01  0.5021190E+02  0.1819835E+02  0.5836173E-05 -0.5287239E-04 -0.2571792E-04
Ar   777  0.6167236E+01  0.4747330E+02  0.2062051E+02  0.4162874E-04  0.3939093E-04  0.8974157E-04
Ar   778  0.8952638E+01  0.4994204E+02  0.2057039E+02 -0.8299221E-04 -0.5928621E-04 -0.1640328E-05
Ar   779  0.8729894E+01  0.4753467E+02  0.2317649E+02 -0.3449220E-04 -0.1475884E-04 -0.7881521E-04
Ar   780  0.6182949E+01  0.4988260E+02  0.2321583E+02  0.7362707E-04  0.7380019E-04  0.8167256E-04
Ar   781  0.6311276E+01  0.4735899E+02  0.2570423E+02 -0.4734944E-05 -0.6782666E-04 -0.6107785E-04
Ar   782  0.8663496E+01  0.5007160E+02  0.2579588E+02  0.8588104E-04 -0.2165592E-04 -0.5782111E-04
Ar   783  0.8925952E+01  0.4746339E+02  0.2834096E+02  0.3205253E-04  0.2571360E-04  0.5242346E-05
Ar   784  0.6392125E+01  0.5011427E+02  0.2849228E+02  0.3892398E-04  0.6388360E-04 -0.5545569E-04
Ar   785  0.6162227E+01  0.4729968E+02  0.3106809E+02 -0.6191950E-04  0.2980733E-04  0.5546983E-04
Ar   786  0.8771161E+01  0.4990854E+02  0.3101340E+02 -0.3022602E-04 -0.1407300E-04  0.3340855E-04
Ar   787  0.8979399E+01  0.4719583E+02  0.3369622E+02 -0.3914114E-04  0.1286005E-04  0.1864211E-04
Ar   788  0.6167279E+01  0.5000528E+02  0.3351903E+02 -0.2178623E-04 -0.2068212E-04 -0.3561325E-05
Ar   789  0.6124709E+01  0.4765168E+02  0.3601286E+02 -0.8541163E-04  0.6285720E-04  0.3975816E-04
Ar   790  0.8740811E+01  0.4993196E+02  0.3634656E+02  0.4065375E-04  0.7068842E-04 -0.3281157E-04
Ar   791  0.8716494E+01  0.4744292E+02  0.3860005E+02 -0.5391047E-04 -0.1581604E-04 -0.4351815E-04
Ar   792  0.6139015E+01  0.5000741E+02  0.3891198E+02 -0.1211298E-04 -0.2591814E-04 -0.2064170E-04
Ar   793  0.6060687E+01  0.4732738E+02  0.4139208E+02  0.6190932E-05  0.5325749E-04 -0.1649679E-04
Ar   794  0.8689803E+01  0.4994803E+02  0.4153882E+02 -0.9189687E-05 -0.8715989E-04  0.3653856E-04
Ar   795  0.8778026E+01  0.4737571E+02  0.4389940E+02 -0.2992859E-04 -0.4569216E-04 -0.8152661E-05
Ar   796  0.6037164E+01  0.5012792E+02  0.4386850E+02 -0.3411317E-04  0.1577606E-04 -0.5131263E-04
Ar   797  0.6164010E+01  0.4753707E+02  0.4634208E+02  0.3187661E-04 -0.1371502E-04  0.6850403E-05
Ar   798  0.8851542E+01  0.4988472E+02  0.4652159E+02 -0.2097717E-05  0.1225208E-04  0.8151931E-04
Ar   799  0.8994049E+01  0.4737579E+02  0.4891825E+02  0.3625176E-04  0.3246381E-04  0.2740510E-04
Ar   800  0.6431094E+01  0.4990203E+02  0.4909794E+02 -0.8707632E-05 -0.3473405E-04 -0.4418964E-05
Ar   801  0.1151436E+02  0.9403968E+00  0.9102370E-01 -0.6109777E-04  0.1477044E-04 -0.1430866E-04
Ar   802  0.1407452E+02  0.3889397E+01  0.2931069E-01 -0.3218317E-04 -0.1948296E-04  0.5789483E-04
Ar   803  0.1413980E+02  0.1166744E+01  0.2547841E+01  0.1877541E-04  0.7417320E-04  0.1997422E-04
Ar   804  0.1165364E+02  0.3776022E+01  0.2480356E+01  0.1659717E-04  0.2340528E-04 -0.6832779E-04
Ar   805  0.1169790E+02  0.1095458E+01  0.5380035E+01  0.1326691E-04  0.2931023E-04 -0.8398795E-04
Ar   806  0.1395966E+02  0.3903085E+01  0.5215926E+01 -0.2736098E-04 -0.5063474E-04 -0.3800565E-05
Ar   807  0.1391104E+02  0.1241053E+01  0.8061755E+01  0.2940211E-04  0.2888562E-04 -0.3722548E-05
Ar   808  0.1145947E+02  0.3667188E+01  0.8052543E+01  0.6248310E-04  0.5502128E-04  0.2042788E-04
Ar   809  0.1120818E+02  0.9320833E+00  0.1040442E+02 -0.4103752E-05 -0.4546536E-04  0.6106687E-04
Ar   810  0.1415495E+02  0.3608563E+01  0.1037808E+02 -0.2248324E-04 -0.5655788E-05 -0.3315164E-04
Ar   811  0.1393656E+02  0.8222007E+00  0.1290230E+02  0.1424016E-04  0.1856405E-04 -0.2149128E-04
Ar   812  0.1159113E+02  0.3505814E+01  0.1303443E+02  0.2129738E-04  0.1848630E-05 -0.1419719E-04
Ar   813  0.1150519E+02  0.1050429E+01  0.1555867E+02  0.7912179E-04 -0.8782937E-05  0.5304350E-04
Ar   814  0.1402654E+02  0.3634867E+01  0.1563549E+02  0.1750619E-04  0.2721219E-04  0.4838938E-08
Ar   815  0.1397872E+02  0.1080185E+01  0.1806001E+02 -0.2224437E-04 -0.7810487E-04  0.4750751E-04
Ar   816  0.1144049E+02  0.3429023E+01  0.1831944E+02  0.1154934E-04  0.5505746E-04 -0.5683940E-04
Ar   817  0.1142675E+02  0.8383835E+00  0.2086247E+02  0.7724192E-05 -0.1647356E-04 -0.4849221E-05
Ar   818  0.1380779E+02  0.3285285E+01  0.2086805E+02  0.4224119E-04  0.3584473E-04 -0.1186688E-04
Ar   819  0.1414759E+02  0.7327500E+00  0.2333930E+02  0.2684611E-04 -0.1818388E-04  0.2744402E-04
Ar   820  0.1119151E+02  0.3407559E+01  0.2301051E+02 -0.5572964E-04 -0.1052843E-03  0.1851174E-04
Ar   821  0.1139369E+02  0.8968614E+00  0.2572846E+02 -0.7085888E-05  0.7231072E-04 -0.1630685E-04
Ar   822  0.1367099E+02  0.3554041E+01  0.2579827E+02 -0.3898179E-05 -0.9043133E-04  0.2739330E-04
Ar   823  0.1392104E+02  0.1252239E+01  0.2833786E+02 -0.1641559E-04  0.2583150E-04 -0.9066127E-04
Ar   824  0.1115720E+02  0.3846225E+01  0.2819251E+02 -0.3761665E-05 -0.7480996E-04 -0.1873841E-04
Ar   825  0.1134825E+02  0.1155395E+01  0.3130596E+02 -0.2492617E-04 -0.5969958E-04 -0.4001497E-04
Ar   826  0.1386346E+02  0.3609013E+01  0.3098821E+02 -0.2562527E-05  0.2693218E-04 -0.6642672E-04
Ar   827  0.1384446E+02  0.1101314E+01  0.3364347E+02  0.4364899E-04  0.4345581E-04  0.7300926E-05
Ar   828  0.1137626E+02  0.3763228E+01  0.3381835E+02  0.1888815E-06 -0.2136174E-04 -0.5943908E-04
Ar   829  0.1142470E+02  0.9624309E+00  0.3618687E+02  0.7034914E-04 -0.2570549E-04 -0.1078760E-04
Ar   830  0.1375943E+02  0.3517937E+01  0.3628505E+02 -0.1124047E-04  0.6583177E-04  0.4505242E-04
Ar   831  0.1404371E+02  0.9288472E+00  0.3890687E+02 -0.5654324E-04 -0.1713180E-04  0.2644986E-04
Ar   832  0.1142013E+02  0.3672927E+01  0.3885925E+02  0.4182276E-04  0.1954858E-04 -0.1099467E-03
Ar   833  0.1112772E+02  0.9919271E+00  0.4118669E+02  0.3545330E-04  0.5689064E-04 -0.6988662E-04
Ar   834  0.1411654E+02  0.3551755E+01  0.4144295E+02  0.2486213E-04 -0.1955610E-04  0.3688628E-06
Ar   835  0.1393683E+02  0.9499070E+00  0.4394378E+02 -0.5718788E-04  0.1067763E-05 -0.2101732E-04
Ar   836  0.1138849E+02  0.3442812E+01  0.4397517E+02 -0.3935732E-04 -0.9114876E-05  0.1795765E-04
Ar   837  0.1116932E+02  0.1136074E+01  0.4668700E+02 -0.1450003E-04  0.2977284E-04  0.2935767E-04
Ar   838  0.1390576E+02  0.3496497E+01  0.4641857E+02  0.5314341E-04  0.1096462E-04 -0.5665675E-04
Ar   839  0.1394997E+02  0.1180073E+01  0.4903822E+02 -0.9517776E-06 -0.2494255E-04  0.4095584E-04
Ar   840  0.1123805E+02  0.3505100E+01  0.4914227E+02  0.1695075E-04  0.8090083E-04 -0.2481340E-04
Ar   841  0.1115302E+02  0.6181333E+01  0.5972670E-02 -0.2947739E-04  0.1101207E-04 -0.2432949E-04
Ar   842  0.1400526E+02  0.8727355E+01  0.1160376E+00  0.1771352E-04 -0.1302912E-04  0.5233735E-07
Ar   843  0.1404428E+02  0.6372183E+01  0.2638043E+01  0.3738781E-04 -0.2307372E-04  0.4399996E-05
Ar   844  0.1140977E+02  0.8821810E+01  0.2628199E+01 -0.1224436E-04  0.1083608E-03 -0.2472866E-04
Ar   845  0.1134743E+02  0.6214495E+01  0.5288546E+01 -0.8135518E-05  0.3696077E-04 -0.9152925E-04
Ar   846  0.1383083E+02  0.8948438E+01  0.5086272E+01  0.9194154E-04  0.4042457E-04  0.8489101E-06
Ar   847  0.1395932E+02  0.6408361E+01  0.7957826E+01  0.1527160E-04  0.3830538E-04  0.7449399E-04
Ar   848  0.1132317E+02  0.8712430E+01  0.8021439E+01 -0.6517989E-04  0.3372061E-05  0.7890821E-04
Ar   849  0.1152847E+02  0.6220092E+01  0.1048588E+02  0.1077966E-04 -0.4207066E-06 -0.4874028E-04
Ar   850  0.1389605E+02  0.8896165E+01  0.1059431E+02  0.1027639E-04  0.7466799E-05 -0.5954475E-04
Ar   851  0.1401905E+02  0.6082321E+01  0.1302635E+02 -0.4187753E-05  0.4041361E-04 -0.7753906E-05
Ar   852  0.1149760E+02  0.8892928E+01  0.1313948E+02  0.9422619E-04 -0.3823199E-04  0.6651767E-04
Ar   853  0.1152672E+02  0.6142222E+01  0.1550313E+02 -0.5419411E-04  0.6905696E-04  0.1551241E-04
Ar   854  0.1387781E+02  0.8843145E+01  0.1581957E+02 -0.3483265E-04 -0.6386893E-05  0.1187618E-03
Ar   855  0.1405849E+02  0.5930419E+01  0.1814668E+02  0.6686792E-04 -0.2991068E-04  0.7818124E-05
Ar   856  0.1136898E+02  0.8693519E+01  0.1829662E+02 -0.3032636E-04  0.2577044E-04 -0.8988984E-04
Ar   857  0.1142456E+02  0.6208277E+01  0.2083794E+02 -0.8954287E-05  0.5333880E-04  0.6130928E-06
Ar   858  0.1380436E+02  0.8980034E+01  0.2072027E+02  0.2520839E-05  0.3436841E-04 -0.9323182E-04
Ar   859  0.1389717E+02  0.6257541E+01  0.2319859E+02  0.7832551E-04 -0.2593769E-04  0.2816395E-04
Ar   860  0.1125434E+02  0.8833159E+01  0.2323605E+02  0.1428995E-04  0.5654279E-04 -0.2984345E-05
Ar   861  0.1127125E+02  0.6067739E+01  0.2563505E+02 -0.5905853E-04  0.3285743E-04 -0.1972851E-05
Ar   862  0.1395987E+02  0.8756020E+01  0.2587602E+02 -0.2074264E-04 -0.3214111E-04  0.9673635E-05
Ar   863  0.1394722E+02  0.5999972E+01  0.2840989E+02  0.7114536E-04 -0.4443545E-04  0.2254003E-04
Ar   864  0.1161043E+02  0.8821898E+01  0.2822579E+02 -0.1663527E-04  0.9930644E-05 -0.2077782E-04
Ar   865  0.1158496E+02  0.6113689E+01  0.3121345E+02  0.2778914E-04 -0.1656842E-04  0.3565310E-04
Ar   866  0.1400031E+02  0.8782625E+01  0.3112766E+02  0.3006686E-04  0.8660416E-05 -0.2404476E-04
Ar   867  0.1408115E+02  0.6200105E+01  0.3383800E+02 -0.6608581E-05 -0.1055942E-04 -0.1014277E-03
Ar   868  0.1149126E+02  0.8752911E+01  0.3368166E+02  0.2487444E-04 -0.2135890E-04 -0.1004300E-03
Ar   869  0.1137209E+02  0.6229885E+01  0.3625735E+02  0.8736518E-05  0.3838562E-04  0.1317498E-04
Ar   870  0.1395043E+02  0.8682775E+01  0.3648937E+02 -0.1913821E-04 -0.2432252E-04  0.1008969E-04
Ar   871  0.1390361E+02  0.6126594E+01  0.3891554E+02  0.5369528E-04 -0.5299677E-05  0.2340057E-04
Ar   872  0.1142341E+02  0.8698951E+01  0.3892107E+02  0.8129289E-04 -0.7735871E-05  0.9007711E-05
Ar   873  0.1121591E+02  0.6029026E+01  0.4158907E+02  0.1115406E-04  0.2342091E-04 -0.2089681E-04
Ar   874  0.1397727E+02  0.8695999E+01  0.4152344E+02  0.1806890E-04  0.2218694E-04  0.4471210E-04
Ar   875  0.1386943E+02  0.6179249E+01  0.4403607E+02 -0.5923930E-04  0.5716524E-04 -0.6641758E-04
Ar   876  0.1145137E+02  0.8672913E+01  0.4404219E+02 -0.6091116E-04 -0.7673695E-04 -0.2220560E-04
Ar   877  0.1130176E+02  0.6363126E+01  0.4654695E+02  0.1038235E-03 -0.1084831E-03 -0.2244256E-04
Ar   878  0.1387693E+02  0.8809096E+01  0.4653290E+02  0.5659549E-05  0.8611011E-05  0.4345129E-04
Ar   879  0.1380827E+02  0.6156992E+01  0.4902561E+02 -0.6391421E-04  0.3023793E-04 -0.7103360E-04
Ar   880  0.1114166E+02  0.8745036E+01  0.4918175E+02  0.6746346E-06  0.1326571E-04 -0.9287441E-04
Ar   881  0.1127334E+02  0.1139314E+02  0.1614559E+00 -0.3866785E-04 -0.4078257E-04 -0.5222065E-04
Ar   882  0.1390783E+02  0.1409218E+02  0.5150934E+02 -0.3696891E-04  0.5211761E-04  0.2124069E-05
Ar   883  0.1382733E+02  0.1131065E+02  0.2549845E+01  0.1145620E-03 -0.7387549E-05  0.2766697E-04
Ar   884  0.1147755E+02  0.1364582E+02  0.2830740E+01  0.6792183E-04  0.5428609E-04  0.1080710E-04
Ar   885  0.1134597E+02  0.1133704E+02  0.5464495E+01  0.3156844E-04 -0.3845574E-04  0.4567105E-04
Ar   886  0.1411590E+02  0.1375020E+02  0.5438489E+01 -0.4987415E-04 -0.6057381E-05  0.3365028E-04
Ar   887  0.1391833E+02  0.1137038E+02  0.7889981E+01 -0.5041501E-04  0.3142222E-04 -0.7980540E-04
Ar   888  0.1136401E+02  0.1404631E+02  0.8030260E+01 -0.1090842E-05 -0.6108430E-05  0.6090299E-04
Ar   889  0.1125383E+02  0.1127634E+02  0.1042362E+02  0.9229765E-05  0.1605267E-04 -0.1254714E-04
Ar   890  0.1410914E+02  0.1410643E+02  0.1021260E+02 -0.2597237E-04 -0.5096855E-05 -0.4045984E-04
Ar   891  0.1428730E+02  0.1130230E+02  0.1310246E+02  0.8110240E-05 -0.3228011E-05 -0.1922831E-05
Ar   892  0.1127226E+02  0.1381387E+02  0.1294712E+02 -0.6361491E-04  0.1544290E-04 -0.7799840E-05
Ar   893  0.1151942E+02  0.1130512E+02  0.1572724E+02  0.6956329E-04  0.2252902E-04 -0.1551875E-04
Ar   894  0.1383503E+02  0.1415149E+02  0.1537391E+02  0.4166335E-04  0.2522420E-04  0.4628397E-04
Ar   895  0.1394220E+02  0.1147224E+02  0.1827466E+02 -0.6486585E-04  0.8910535E-05 -0.8426468E-06
Ar   896  0.1146516E+02  0.1399497E+02  0.1802474E+02  0.4817457E-04  0.9081830E-04  0.3552565E-04
Ar   897  0.1123339E+02  0.1149158E+02  0.2066340E+02  0.7194238E-04  0.8904184E-05  0.3428297E-04
Ar   898  0.1382439E+02  0.1411791E+02  0.2083208E+02 -0.5405373E-04 -0.1213362E-04  0.8218249E-04
Ar   899  0.1383840E+02  0.1137223E+02  0.2331954E+02 -0.8187742E-04  0.6530111E-04 -0.4359858E-04
Ar   900  0.1136671E+02  0.1402240E+02  0.2339714E+02  0.2219438E-04  0.4669297E-05  0.1012370E-03
Ar   901  0.1149267E+02  0.1152124E+02  0.2598647E+02 -0.2235033E-04 -0.7440663E-04 -0.7776472E-04
Ar   902  0.1401606E+02  0.1415955E+02  0.2602632E+02  0.2096843E-04 -0.5437310E-04  0.7651749E-04
Ar   903  0.1406164E+02  0.1134408E+02  0.2855775E+02 -0.2805292E-04 -0.7836431E-05 -0.1598180E-04
Ar   904  0.1145799E+02  0.1399565E+02  0.2871850E+02  0.9131347E-04  0.3740091E-04 -0.3914016E-04
Ar   905  0.1140509E+02  0.1122383E+02  0.3117165E+02  0.4546519E-04  0.5923483E-05 -0.4214892E-04
Ar   906  0.1405262E+02  0.1406007E+02  0.3103207E+02 -0.1163917E-04 -0.7418709E-04  0.3458320E-04
Ar   907  0.1390565E+02  0.1130674E+02  0.3380017E+02  0.1088021E-05  0.5602632E-05  0.6364128E-04
Ar   908  0.1137605E+02  0.1383729E+02  0.3355896E+02 -0.6111541E-05 -0.8444084E-05  0.2521578E-04
Ar   909  0.1148235E+02  0.1119920E+02  0.3623302E+02  0.2711937E-04 -0.8053401E-04  0.5051590E-04
Ar   910  0.1395894E+02  0.1406393E+02  0.3604796E+02  0.2367212E-04  0.1341872E-03  0.7887892E-04
Ar   911  0.1387519E+02  0.1148823E+02  0.3886002E+02  0.7702833E-04 -0.6509790E-05 -0.4759605E-04
Ar   912  0.1145103E+02  0.1393597E+02  0.3871804E+02 -0.8603091E-04 -0.2251949E-04  0.3129950E-04
Ar   913  0.1153575E+02  0.1120159E+02  0.4152890E+02  0.1616442E-04 -0.7211744E-04 -0.4633757E-04
Ar   914  0.1388372E+02  0.1388946E+02  0.4142912E+02  0.1384277E-05  0.9882793E-06 -0.1103515E-04
Ar   915  0.1388691E+02  0.1143005E+02  0.4407818E+02  0.3765509E-04 -0.2558176E-04  0.2159285E-05
Ar   916  0.1135514E+02  0.1408035E+02  0.4395763E+02 -0.4396555E-04 -0.5154459E-04 -0.1569435E-04
Ar   917  0.1117173E+02  0.1122232E+02  0.4656095E+02  0.3452695E-04 -0.8212539E-05  0.7952006E-04
Ar   918  0.1374089E+02  0.1398993E+02  0.4655597E+02 -0.2998594E-04 -0.7033125E-04 -0.4614678E-04
Ar   919  0.1387605E+02  0.1138861E+02  0.4902057E+02  0.5372321E-05  0.1198528E-04 -0.3593250E-04
Ar   920  0.1126957E+02  0.1404454E+02  0.4922373E+02  0.8163568E-05 -0.2610850E-04 -0.1364664E-04
Ar   921  0.1122058E+02  0.1659379E+02  0.9344650E-01  0.3672065E-04  0.9734987E-04  0.5800104E-04
Ar   922  0.1379315E+02  0.1909382E+02  0.2789941E+00  0.4745726E-04 -0.1568162E-04  0.6452459E-04
Ar   923  0.1379265E+02  0.1667581E+02  0.2526677E+01  0.3009395E-05  0.2084288E-04 -0.4034888E-05
Ar   924  0.1131830E+02  0.1912704E+02  0.2606809E+01  0.6088967E-04  0.6610478E-07 -0.2038327E-04
Ar   925  0.1155263E+02  0.1620054E+02  0.5211997E+01  0.3124743E-05 -0.1153635E-03 -0.7253830E-04
Ar   926  0.1391917E+02  0.1893512E+02  0.5196712E+01 -0.2038767E-04 -0.4474546E-04 -0.2962311E-04
Ar   927  0.1399539E+02  0.1638184E+02  0.7832805E+01 -0.3770347E-05 -0.1001398E-03  0.6539248E-04
Ar   928  0.1109236E+02  0.1870348E+02  0.7917769E+01 -0.5538728E-05 -0.6564443E-05  0.1865124E-05
Ar   929  0.1122887E+02  0.1654751E+02  0.1045027E+02  0.3655827E-04 -0.4322117E-04  0.2277441E-04
Ar   930  0.1370618E+02  0.1879445E+02  0.1039087E+02  0.8597458E-04  0.2263823E-05 -0.6181522E-05
Ar   931  0.1387226E+02  0.1634147E+02  0.1293004E+02  0.5574529E-04 -0.5179913E-04 -0.6600574E-04
Ar   932  0.1116224E+02  0.1896085E+02  0.1315563E+02 -0.1377335E-03 -0.2478785E-04  0.2749820E-04
Ar   933  0.1133900E+02  0.1661839E+02  0.1564274E+02  0.4735912E-04 -0.3509160E-05  0.7749306E-05
Ar   934  0.1386201E+02  0.1899702E+02  0.1561096E+02  0.1318956E-04  0.2089341E-04 -0.2270450E-04
Ar   935  0.1393103E+02  0.1650790E+02  0.1831116E+02 -0.3857916E-05 -0.1015925E-04  0.4240248E-04
Ar   936  0.1132272E+02  0.1930291E+02  0.1808905E+02 -0.5420355E-05 -0.1207125E-04  0.2935979E-04
Ar   937  0.1123493E+02  0.1659403E+02  0.2076358E+02  0.2916307E-04 -0.4243414E-04 -0.6214746E-04
Ar   938  0.1378731E+02  0.1927125E+02  0.2074531E+02  0.2519270E-04 -0.8599088E-04  0.1594342E-04
Ar   939  0.1399275E+02  0.1661683E+02  0.2340168E+02  0.4926356E-04 -0.3036377E-05 -0.5656673E-04
Ar   940  0.1126731E+02  0.1924179E+02  0.2337202E+02  0.1236431E-04 -0.2089005E-04 -0.5376493E-04
Ar   941  0.1127823E+02  0.1651927E+02  0.2587619E+02 -0.2962934E-04  0.6635955E-04 -0.9033968E-05
Ar   942  0.1414231E+02  0.1911152E+02  0.2599382E+02 -0.1878000E-04 -0.5075203E-06 -0.4123327E-05
Ar   943  0.1396845E+02  0.1680232E+02  0.2844667E+02  0.1803466E-04  0.7599944E-04  0.4145772E-05
Ar   944  0.1135948E+02  0.1910157E+02  0.2844615E+02 -0.9884883E-04 -0.3489131E-05 -0.1353313E-04
Ar   945  0.1134320E+02  0.1646494E+02  0.3108659E+02 -0.4060410E-04 -0.1873053E-04  0.3699523E-04
Ar   946  0.1383462E+02  0.1931721E+02  0.3091487E+02 -0.8012986E-04 -0.3164848E-04  0.4177220E-04
Ar   947  0.1400245E+02  0.1676658E+02  0.3353625E+02  0.2205200E-04  0.4879019E-04  0.5721384E-04
Ar   948  0.1136585E+02  0.1922500E+02  0.3366768E+02 -0.3126750E-04 -0.2575834E-04 -0.5269631E-04
Ar   949  0.1153171E+02  0.1656540E+02  0.3625688E+02  0.3293193E-04 -0.2977100E-05  0.3458810E-04
Ar   950  0.1407880E+02  0.1929139E+02  0.3636237E+02 -0.8110398E-05  0.6643704E-05  0.2420271E-04
Ar   951  0.1395584E+02  0.1665262E+02  0.3867147E+02  0.1501249E-04 -0.1979122E-05  0.2947289E-04
Ar   952  0.1146809E+02  0.1938715E+02  0.3877447E+02  0.5457391E-04 -0.5115423E-04 -0.1683819E-04
Ar   953  0.1135236E+02  0.1649718E+02  0.4133476E+02  0.8116132E-05  0.4703586E-04  0.2544881E-04
Ar   954  0.1401385E+02  0.1937976E+02  0.4127993E+02  0.1558844E-04 -0.1772303E-04 -0.6153289E-04
Ar   955  0.1388436E+02  0.1652185E+02  0.4399317E+02 -0.1039983E-03 -0.1216828E-04  0.1398962E-04
Ar   956  0.1118250E+02  0.1905219E+02  0.4401676E+02  0.6018023E-04 -0.3646935E-04 -0.5645603E-04
Ar   957  0.1129516E+02  0.1661834E+02  0.4674258E+02  0.5848745E-04  0.2566612E-04  0.4012165E-04
Ar   958  0.1399666E+02  0.1903199E+02  0.4653618E+02  0.6888425E-04  0.1320170E-04 -0.4404389E-04
Ar   959  0.1390703E+02  0.1662872E+02  0.4914224E+02  0.1133763E-03 -0.6208531E-05 -0.8796213E-04
Ar   960  0.1145956E+02  0.1904306E+02  0.4909952E+02 -0.1862939E-05 -0.7282883E-04  0.1087627E-04
Ar   961  0.1133867E+02  0.2166297E+02  0.1901674E+00 -0.1098750E-04  0.8174027E-05 -0.3402443E-04
Ar   962  0.1381852E+02  0.2404233E+02  0.4019705E+00  0.9014253E-04  0.1999687E-04  0.2202693E-04
Ar   963  0.1378246E+02  0.2166012E+02  0.2802914E+01  0.6402208E-04 -0.6453657E-05 -0.3033690E-05
Ar   964  0.1130148E+02  0.2434737E+02  0.2747173E+01  0.1161666E-04  0.8695657E-05 -0.1003592E-03
Ar   965  0.1133277E+02  0.2156748E+02  0.5468406E+01 -0.2764365E-04  0.2761528E-04  0.1880949E-04
Ar   966  0.1377826E+02  0.2424772E+02  0.5140433E+01 -0.1238450E-03  0.3941216E-04  0.2470010E-04
Ar   967  0.1392694E+02  0.2128638E+02  0.7942775E+01  0.3713932E-04  0.6708778E-04  0.8577101E-04
Ar   968  0.1138350E+02  0.2418531E+02  0.7985027E+01  0.6376704E-04 -0.7105130E-04 -0.9770982E-05
Ar   969  0.1131200E+02  0.2153933E+02  0.1038101E+02 -0.4334539E-04  0.1312005E-04 -0.1144057E-03
Ar   970  0.1382444E+02  0.2399405E+02  0.1049626E+02 -0.2943905E-05  0.7846737E-04 -0.1933920E-04
Ar   971  0.1381186E+02  0.2155003E+02  0.1320801E+02  0.1933937E-05  0.1743006E-04 -0.7835932E-05
Ar   972  0.1118774E+02  0.2418485E+02  0.1318926E+02  0.4993979E-04  0.2548055E-05  0.4035099E-04
Ar   973  0.1132679E+02  0.2166243E+02  0.1567107E+02  0.4207795E-04  0.3185163E-04 -0.9626760E-04
Ar   974  0.1380868E+02  0.2427258E+02  0.1564200E+02  0.1625669E-04  0.2417398E-05 -0.5155346E-04
Ar   975  0.1398718E+02  0.2185946E+02  0.1844495E+02  0.2780913E-04 -0.2441942E-04  0.5122970E-04
Ar   976  0.1129330E+02  0.2415273E+02  0.1819825E+02  0.3048452E-04  0.1928438E-04 -0.5236764E-04
Ar   977  0.1131562E+02  0.2178824E+02  0.2082978E+02  0.1430359E-04  0.1402939E-04  0.9180274E-04
Ar   978  0.1419629E+02  0.2428763E+02  0.2081163E+02  0.6114384E-04 -0.2383388E-04 -0.8977112E-04
Ar   979  0.1385625E+02  0.2173770E+02  0.2339949E+02  0.2986169E-05 -0.6167797E-04  0.5726370E-05
Ar   980  0.1152301E+02  0.2424548E+02  0.2328765E+02 -0.1708762E-04  0.1030219E-03  0.3167987E-04
Ar   981  0.1126119E+02  0.2182134E+02  0.2594914E+02  0.5466701E-04 -0.1448508E-04 -0.4131391E-04
Ar   982  0.1412133E+02  0.2435285E+02  0.2601836E+02  0.1390459E-05 -0.3923857E-05 -0.3087494E-04
Ar   983  0.1387153E+02  0.2162806E+02  0.2826799E+02 -0.2988462E-04  0.2100479E-04 -0.3671830E-05
Ar   984  0.1151713E+02  0.2447245E+02  0.2858987E+02  0.6682542E-04 -0.4538753E-04  0.3964021E-04
Ar   985  0.1144688E+02  0.2163676E+02  0.3097128E+02 -0.2797511E-04 -0.5005811E-04  0.9489110E-05
Ar   986  0.1405225E+02  0.2436392E+02  0.3110272E+02  0.2461514E-04  0.5793860E-05  0.5470635E-04
Ar   987  0.1392399E+02  0.2165358E+02  0.3364168E+02 -0.1247943E-04  0.6057095E-04  0.8142646E-05
Ar   988  0.1141094E+02  0.2433512E+02  0.3371524E+02  0.2408096E-04  0.1421078E-04  0.2686484E-04
Ar   989  0.1141909E+02  0.2182058E+02  0.3617355E+02  0.5807211E-04 -0.1512851E-04  0.5851457E-04
Ar   990  0.1393622E+02  0.2422696E+02  0.3610831E+02 -0.3338348E-06 -0.4239233E-04 -0.5241652E-04
Ar   991  0.1401487E+02  0.2213839E+02  0.3889354E+02  0.4311020E-04  0.4555985E-04  0.8455759E-04
Ar   992  0.1127370E+02  0.2426352E+02  0.3890534E+02 -0.6822104E-04  0.2407330E-04  0.7728761E-04
Ar   993  0.1147091E+02  0.2172532E+02  0.4137734E+02 -0.4475092E-04  0.5980361E-05  0.4055063E-04
Ar   994  0.1390593E+02  0.2444719E+02  0.4166130E+02  0.5120918E-04  0.4586673E-04 -0.2578072E-04
Ar   995  0.1379916E+02  0.2161903E+02  0.4415197E+02  0.3593909E-04 -0.1181319E-04 -0.2733988E-04
Ar   996  0.1128996E+02  0.2429676E+02  0.4414492E+02  0.4521103E-04  0.1324979E-03  0.2439594E-05
Ar   997  0.1119811E+02  0.2175640E+02  0.4663382E+02  0.1019593E-04  0.1133187E-04 -0.3679386E-04
Ar   998  0.1393910E+02  0.2417266E+02  0.4661323E+02 -0.5402753E-04  0.3876270E-04 -0.2261810E-04
Ar   999  0.1382671E+02  0.2163282E+02  0.4919629E+02 -0.7335462E-04 -0.1375397E-04 -0.1481438E-04
Ar  1000  0.1130473E+02  0.2411644E+02  0.4921688E+02  0.3392519E-06 -0.1697559E-04 -0.4126729E-04
Ar  1001  0.1122734E+02  0.2673506E+02  0.2485593E+00  0.1676575E-04 -0.1549288E-04  0.1740496E-04
Ar  1002  0.1392940E+02  0.2948098E+02  0.4865552E-01  0.4573396E-04  0.3747281E-05  0.7838176E-04
Ar  1003  0.1409539E+02  0.2670670E+02  0.2394122E+01  0.5226619E-04 -0.9559401E-04 -0.7556473E-05
Ar  1004  0.1123624E+02  0.2920267E+02  0.2518913E+01  0.8411368E-04  0.5784427E-04 -0.8458634E-04
Ar  1005  0.1151650E+02  0.2688905E+02  0.5051616E+01  0.4384308E-05  0.4243724E-04  0.2307972E-04
Ar  1006  0.1390009E+02  0.2931849E+02  0.5274080E+01  0.3750920E-04 -0.2033444E-04  0.1949247E-04
Ar  1007  0.1388653E+02  0.2668270E+02  0.7924930E+01 -0.6485338E-05 -0.4881806E-04 -0.2961581E-04
Ar  1008  0.1122982E+02  0.2911174E+02  0.7652049E+01 -0.3379626E-04 -0.1027122E-04  0.5917895E-04
Ar  1009  0.1143831E+02  0.2657298E+02  0.1065894E+02  0.2313610E-04  0.7586459E-04 -0.2815222E-04
Ar  1010  0.1385547E+02  0.2927532E+02  0.1040798E+02  0.2929643E-04 -0.3434252E-04 -0.2410673E-04
Ar  1011  0.1379626E+02  0.2680451E+02  0.1314803E+02 -0.2211225E-04 -0.1419456E-04  0.8513640E-04
Ar  1012  0.1119464E+02  0.2950192E+02  0.1283484E+02 -0.4516824E-05 -0.1047751E-03 -0.3617024E-04
Ar  1013  0.1128519E+02  0.2680739E+02  0.1564702E+02 -0.3404135E-04  0.4134720E-04 -0.1245686E-03
Ar  1014  0.1393500E+02  0.2916030E+02  0.1568093E+02  0.6717505E-05  0.2246872E-04 -0.4825416E-04
Ar  1015  0.1386786E+02  0.2669301E+02  0.1831033E+02  0.4375178E-04  0.5642929E-05 -0.3270564E-04
Ar  1016  0.1120105E+02  0.2923782E+02  0.1838290E+02 -0.7368944E-04  0.4419338E-04 -0.5085977E-04
Ar  1017  0.1148554E+02  0.2656806E+02  0.2065158E+02  0.2849063E-04 -0.5767862E-04 -0.6676952E-04
Ar  1018  0.1398974E+02  0.2929049E+02  0.2064407E+02  0.5068052E-04  0.3319138E-05 -0.1808215E-04
Ar  1019  0.1383234E+02  0.2672025E+02  0.2345219E+02  0.4958357E-04  0.1770573E-05 -0.3972151E-04
Ar  1020  0.1121759E+02  0.2924928E+02  0.2315835E+02  0.1972176E-04 -0.5439079E-04  0.9362514E-04
Ar  1021  0.1139557E+02  0.2668077E+02  0.2610242E+02 -0.7963705E-05 -0.4032157E-04 -0.1330157E-04
Ar  1022  0.1369790E+02  0.2938396E+02  0.2591576E+02 -0.1111487E-04  0.2631218E-05 -0.4314284E-04
Ar  1023  0.1421766E+02  0.2694547E+02  0.2857962E+02  0.1109907E-04 -0.2761121E-04 -0.1439790E-04
Ar  1024  0.1139354E+02  0.2956095E+02  0.2855280E+02  0.6588988E-04  0.4093439E-05  0.5892171E-04
Ar  1025  0.1138902E+02  0.2693467E+02  0.3112374E+02  0.4284585E-05 -0.2190755E-04  0.4769529E-04
Ar  1026  0.1378273E+02  0.2944293E+02  0.3104369E+02  0.1861189E-04  0.7720800E-05 -0.9989597E-04
Ar  1027  0.1400988E+02  0.2691801E+02  0.3363810E+02  0.3268119E-04  0.2799963E-04 -0.7021592E-05
Ar  1028  0.1127021E+02  0.2946687E+02  0.3366743E+02 -0.5000508E-04 -0.6791349E-04 -0.6332741E-04
Ar  1029  0.1129526E+02  0.2684257E+02  0.3619864E+02 -0.3541972E-04 -0.1473387E-04  0.2686718E-04
Ar  1030  0.1396612E+02  0.2931589E+02  0.3618646E+02  0.6486585E-04 -0.4978211E-05 -0.2884970E-04
Ar  1031  0.1396112E+02  0.2676701E+02  0.3888174E+02 -0.7086844E-04 -0.2126436E-05 -0.2727748E-04
Ar  1032  0.1121658E+02  0.2931998E+02  0.3884721E+02 -0.6107736E-04  0.1135568E-04 -0.1201818E-03
Ar  1033  0.1136282E+02  0.2674736E+02  0.4136033E+02 -0.9287704E-04 -0.2156206E-04 -0.9026940E-04
Ar  1034  0.1386580E+02  0.2930484E+02  0.4129965E+02 -0.1341631E-04 -0.1033880E-04 -0.1000151E-03
Ar  1035  0.1382332E+02  0.2689913E+02  0.4434299E+02 -0.1663897E-04  0.4235724E-04 -0.2810962E-04
Ar  1036  0.1134802E+02  0.2926055E+02  0.4390299E+02 -0.1672920E-05  0.6145512E-04  0.4447311E-04
Ar  1037  0.1109226E+02  0.2680287E+02  0.4661064E+02  0.2971660E-04  0.3234199E-04 -0.2279616E-04
Ar  1038  0.1392038E+02  0.2951931E+02  0.4670153E+02  0.7327571E-05 -0.6068940E-04  0.8415935E-04
Ar  1039  0.1385388E+02  0.2675591E+02  0.4920783E+02  0.3542472E-04  0.1065573E-03 -0.5201499E-04
Ar  1040  0.1150339E+02  0.2923141E+02  0.4900142E+02 -0.5039590E-04  0.7622932E-04 -0.1410012E-04
Ar  1041  0.1134636E+02  0.3178280E+02  0.5153092E+02  0.8327368E-05 -0.8183960E-04 -0.2749958E-04
Ar  1042  0.1383774E+02  0.3427340E+02  0.5154414E+02 -0.1253515E-04 -0.6271314E-04  0.5534490E-04
Ar  1043  0.1383698E+02  0.3172627E+02  0.2527795E+01 -0.3948734E-04  0.5349244E-05 -0.6585563E-05
Ar  1044  0.1127720E+02  0.3455871E+02  0.2563786E+01 -0.3499955E-04 -0.1679180E-04  0.2913353E-04
Ar  1045  0.1107071E+02  0.3176912E+02  0.5030784E+01  0.4413400E-04 -0.7879252E-05  0.5447987E-04
Ar  1046  0.1396915E+02  0.3448917E+02  0.4965203E+01 -0.2400289E-04 -0.3217526E-04 -0.3217664E-04
Ar  1047  0.1396639E+02  0.3172404E+02  0.7850350E+01 -0.1300303E-04  0.4546808E-04  0.4562163E-04
Ar  1048  0.1141014E+02  0.3436095E+02  0.7653096E+01  0.1303043E-04  0.3843533E-04  0.8834258E-04
Ar  1049  0.1113640E+02  0.3179762E+02  0.1030148E+02  0.5065922E-04  0.2464422E-04 -0.3788733E-04
Ar  1050  0.1387900E+02  0.3423978E+02  0.1024339E+02 -0.2800741E-04  0.3401364E-04 -0.3178240E-04
Ar  1051  0.1391494E+02  0.3180988E+02  0.1290984E+02  0.4512967E-04  0.4371066E-04  0.3166490E-04
Ar  1052  0.1122667E+02  0.3448183E+02  0.1293343E+02  0.4561025E-04  0.7781973E-04  0.2685081E-04
Ar  1053  0.1143194E+02  0.3156961E+02  0.1572030E+02  0.3430598E-04 -0.6288348E-04  0.2248563E-05
Ar  1054  0.1400559E+02  0.3452716E+02  0.1582287E+02  0.9062999E-05  0.1893679E-04 -0.7466011E-04
Ar  1055  0.1383719E+02  0.3179343E+02  0.1820427E+02  0.4746060E-04  0.5678739E-04 -0.1294444E-04
Ar  1056  0.1131645E+02  0.3437446E+02  0.1811579E+02 -0.3122691E-04  0.8717690E-04 -0.9525550E-06
Ar  1057  0.1133789E+02  0.3198301E+02  0.2058123E+02  0.2962935E-04 -0.6810598E-04  0.1537452E-04
Ar  1058  0.1388115E+02  0.3440023E+02  0.2046163E+02  0.1343065E-04 -0.1614185E-04  0.7422096E-04
Ar  1059  0.1394300E+02  0.3171781E+02  0.2310491E+02  0.5637906E-04 -0.8728727E-05  0.5524168E-04
Ar  1060  0.1153313E+02  0.3449224E+02  0.2310294E+02  0.1392736E-04  0.5741566E-04 -0.2826666E-05
Ar  1061  0.1134877E+02  0.3185837E+02  0.2574071E+02 -0.4196851E-04  0.1556026E-04  0.2364961E-04
Ar  1062  0.1378095E+02  0.3453380E+02  0.2576953E+02 -0.1015438E-03 -0.1195565E-04 -0.2173867E-04
Ar  1063  0.1373393E+02  0.3214377E+02  0.2838984E+02 -0.5211606E-04  0.1261601E-04  0.1005589E-03
Ar  1064  0.1133065E+02  0.3468721E+02  0.2839676E+02 -0.2585668E-04  0.1411005E-04  0.1936931E-04
Ar  1065  0.1131261E+02  0.3212031E+02  0.3094785E+02  0.9499232E-05 -0.2047310E-04  0.6322085E-04
Ar  1066  0.1382500E+02  0.3472930E+02  0.3089492E+02 -0.4658205E-05  0.1331174E-04  0.3010542E-04
Ar  1067  0.1380739E+02  0.3213652E+02  0.3364702E+02 -0.2069018E-04  0.1869991E-04 -0.3028667E-04
Ar  1068  0.1148944E+02  0.3471799E+02  0.3354002E+02  0.3579076E-04 -0.1054638E-05 -0.4051663E-04
Ar  1069  0.1136648E+02  0.3192202E+02  0.3608544E+02 -0.4385320E-04  0.3218733E-05  0.3623934E-04
Ar  1070  0.1393167E+02  0.3459003E+02  0.3613539E+02  0.7156879E-04 -0.5462833E-04 -0.4637107E-04
Ar  1071  0.1369433E+02  0.3183750E+02  0.3878193E+02 -0.2072720E-04  0.3397170E-04  0.5073150E-04
Ar  1072  0.1141576E+02  0.3435562E+02  0.3897229E+02  0.3888771E-04  0.3202386E-04  0.2524310E-04
Ar  1073  0.1147709E+02  0.3183171E+02  0.4155547E+02  0.3225672E-04  0.1401202E-04  0.3668405E-04
Ar  1074  0.1390993E+02  0.3442672E+02  0.4139378E+02  0.5928766E-04  0.1113240E-04 -0.4870512E-04
Ar  1075  0.1406667E+02  0.3175747E+02  0.4409673E+02 -0.1784858E-04  0.8398804E-05 -0.1932577E-04
Ar  1076  0.1151023E+02  0.3443564E+02  0.4403937E+02  0.2283702E-04 -0.6561085E-04  0.2856202E-04
Ar  1077  0.1134456E+02  0.3185396E+02  0.4649583E+02 -0.2535267E-04  0.6388884E-04  0.1031386E-05
Ar  1078  0.1393344E+02  0.3450796E+02  0.4661486E+02  0.2343461E-04 -0.2559308E-04 -0.6486793E-04
Ar  1079  0.1378509E+02  0.3190593E+02  0.4911899E+02 -0.6153351E-04 -0.7651500E-04 -0.2236261E-04
Ar  1080  0.1122014E+02  0.3454547E+02  0.4910332E+02  0.3987021E-04 -0.9582753E-05 -0.2700278E-04
Ar  1081  0.1141840E+02  0.3714650E+02  0.5134830E+02  0.1792211E-04 -0.1246685E-04 -0.3632423E-04
Ar  1082  0.1389465E+02  0.3971798E+02  0.5148095E+02  0.4744713E-05  0.3359077E-04  0.1979195E-04
Ar  1083  0.1396174E+02  0.3704954E+02  0.2656899E+01  0.4571944E-04 -0.1934483E-04 -0.9445845E-04
Ar  1084  0.1129527E+02  0.3951575E+02  0.2585878E+01 -0.2080424E-04  0.2456744E-04  0.6405171E-04
Ar  1085  0.1152110E+02  0.3701232E+02  0.5029562E+01 -0.2288663E-04 -0.2089185E-04 -0.3324653E-04
Ar  1086  0.1384638E+02  0.3978177E+02  0.5282418E+01  0.2531756E-04  0.2985729E-04  0.4901483E-04
Ar  1087  0.1380317E+02  0.3699852E+02  0.7638658E+01  0.9269184E-04 -0.2752933E-04 -0.1554827E-04
Ar  1088  0.1131776E+02  0.3967708E+02  0.7596945E+01  0.1973204E-04  0.5031312E-05  0.5049367E-04
Ar  1089  0.1121235E+02  0.3712440E+02  0.1029904E+02 -0.6283893E-04 -0.1631677E-05 -0.7790628E-05
Ar  1090  0.1384377E+02  0.3955972E+02  0.1042373E+02  0.3400089E-04  0.3348085E-04  0.5383874E-04
Ar  1091  0.1384015E+02  0.3706179E+02  0.1301658E+02 -0.2909273E-04  0.7531309E-05  0.1664637E-04
Ar  1092  0.1137435E+02  0.3947556E+02  0.1283287E+02  0.1035309E-03  0.3314618E-05 -0.1316780E-04
Ar  1093  0.1131620E+02  0.3714083E+02  0.1555788E+02  0.6128134E-04 -0.7010552E-04  0.2419411E-05
Ar  1094  0.1398816E+02  0.3963024E+02  0.1538195E+02 -0.4523609E-04  0.1685300E-04 -0.4189679E-04
Ar  1095  0.1371559E+02  0.3715888E+02  0.1812638E+02  0.5898855E-04 -0.6111338E-05 -0.1572925E-04
Ar  1096  0.1131805E+02  0.3962028E+02  0.1813326E+02 -0.6012618E-04 -0.1262860E-04  0.1737936E-04
Ar  1097  0.1140328E+02  0.3713846E+02  0.2065265E+02  0.8531063E-04  0.3179070E-05  0.1322341E-04
Ar  1098  0.1387255E+02  0.3983289E+02  0.2083100E+02 -0.1814637E-04  0.2868731E-04 -0.1549711E-04
Ar  1099  0.1390342E+02  0.3705642E+02  0.2319565E+02 -0.2427242E-04  0.2183954E-04  0.4771159E-04
Ar  1100  0.1142601E+02  0.3985007E+02  0.2313300E+02  0.2030615E-04  0.5532272E-04 -0.3254579E-04
Ar  1101  0.1155303E+02  0.3719341E+02  0.2576298E+02  0.2658445E-04  0.1008099E-03 -0.1181002E-04
Ar  1102  0.1402292E+02  0.3983880E+02  0.2581734E+02 -0.4188262E-04  0.7352415E-04 -0.1172355E-04
Ar  1103  0.1376387E+02  0.3709646E+02  0.2839593E+02  0.1271962E-04  0.2183774E-04 -0.1911615E-04
Ar  1104  0.1108079E+02  0.3977750E+02  0.2835019E+02  0.1811479E-04  0.5949299E-04 -0.5738465E-04
Ar  1105  0.1138063E+02  0.3717787E+02  0.3099489E+02  0.3886786E-04 -0.1461954E-04  0.6217111E-05
Ar  1106  0.1384879E+02  0.3967910E+02  0.3097795E+02 -0.1394243E-04  0.4643553E-04 -0.7322213E-04
Ar  1107  0.1401743E+02  0.3730308E+02  0.3361376E+02  0.6331577E-04 -0.3232937E-04  0.2545909E-04
Ar  1108  0.1131192E+02  0.3966287E+02  0.3385366E+02  0.3759449E-04 -0.3103126E-05  0.1193109E-05
Ar  1109  0.1135670E+02  0.3707854E+02  0.3625163E+02  0.1171298E-04 -0.9114347E-04 -0.2004954E-04
Ar  1110  0.1403140E+02  0.3972862E+02  0.3635227E+02  0.4678797E-04 -0.6560471E-04 -0.1069500E-04
Ar  1111  0.1385872E+02  0.3706837E+02  0.3870493E+02  0.7131899E-04  0.5522913E-04  0.2128953E-04
Ar  1112  0.1144953E+02  0.3967104E+02  0.3891298E+02 -0.3913494E-05 -0.1222800E-04  0.2882209E-04
Ar  1113  0.1144264E+02  0.3694363E+02  0.4150754E+02  0.1594237E-04  0.4949332E-04 -0.1313175E-04
Ar  1114  0.1391761E+02  0.3966139E+02  0.4153716E+02 -0.7138084E-04 -0.6112210E-04  0.6968561E-04
Ar  1115  0.1388969E+02  0.3704692E+02  0.4400481E+02 -0.1506565E-04 -0.2024275E-04  0.2686351E-04
Ar  1116  0.1132420E+02  0.3965397E+02  0.4412147E+02  0.7427239E-04 -0.2084778E-04  0.5423408E-04
Ar  1117  0.1124898E+02  0.3708803E+02  0.4653722E+02 -0.7362922E-04 -0.6033572E-05 -0.9584498E-04
Ar  1118  0.1396877E+02  0.3956113E+02  0.4660099E+02  0.5506987E-04  0.1679285E-05  0.5129603E-04
Ar  1119  0.1384719E+02  0.3704980E+02  0.4887310E+02  0.3386065E-04  0.6878780E-04  0.6451204E-04
Ar  1120  0.1128727E+02  0.3966415E+02  0.4896636E+02 -0.1498785E-04  0.2966384E-04 -0.7059749E-04
Ar  1121  0.1136623E+02  0.4226344E+02  0.5139580E+02 -0.3435095E-05  0.1673874E-04  0.5846278E-04
Ar  1122  0.1385662E+02  0.4494177E+02  0.5147591E+02 -0.6089817E-04  0.3923855E-04 -0.7911866E-04
Ar  1123  0.1386569E+02  0.4222146E+02  0.2471618E+01 -0.7033297E-04  0.3841213E-04  0.3044765E-04
Ar  1124  0.1128578E+02  0.4473535E+02  0.2473972E+01  0.1044673E-04 -0.9053628E-05  0.7229623E-04
Ar  1125  0.1125749E+02  0.4226214E+02  0.5013788E+01 -0.1449229E-04 -0.4957603E-04 -0.8650432E-04
Ar  1126  0.1402582E+02  0.4440249E+02  0.5136465E+01  0.3827213E-04 -0.5530718E-05  0.2851174E-05
Ar  1127  0.1385037E+02  0.4213620E+02  0.7896206E+01  0.9008605E-04  0.2985591E-04  0.6855157E-04
Ar  1128  0.1118996E+02  0.4457080E+02  0.7779353E+01  0.3064443E-04  0.4882621E-04 -0.5413533E-04
Ar  1129  0.1116112E+02  0.4233740E+02  0.1025469E+02 -0.2345873E-04  0.8244291E-04  0.5002744E-04
Ar  1130  0.1388664E+02  0.4494111E+02  0.1044958E+02 -0.7714283E-04  0.7416574E-04 -0.5497256E-04
Ar  1131  0.1382069E+02  0.4207508E+02  0.1277433E+02 -0.6586140E-04  0.1400952E-04 -0.5815513E-04
Ar  1132  0.1117075E+02  0.4463281E+02  0.1288695E+02 -0.4875485E-05  0.3348684E-05 -0.4952521E-04
Ar  1133  0.1136822E+02  0.4211419E+02  0.1562988E+02  0.2981884E-04 -0.5763471E-04 -0.5135899E-04
Ar  1134  0.1375797E+02  0.4483123E+02  0.1538311E+02 -0.3216861E-04  0.5141585E-04  0.5532149E-04
Ar  1135  0.1402689E+02  0.4234043E+02  0.1794381E+02 -0.8229673E-05 -0.3552626E-04  0.7486201E-04
Ar  1136  0.1115531E+02  0.4463877E+02  0.1793593E+02  0.4838499E-04 -0.4175011E-04 -0.4363106E-04
Ar  1137  0.1141725E+02  0.4231811E+02  0.2050105E+02  0.7050422E-04 -0.1479976E-04  0.3983645E-04
Ar  1138  0.1386178E+02  0.4503013E+02  0.2092817E+02 -0.3621175E-04  0.2939398E-04  0.1961533E-04
Ar  1139  0.1398577E+02  0.4236523E+02  0.2330826E+02  0.2941656E-05 -0.6335098E-04  0.3361014E-04
Ar  1140  0.1144268E+02  0.4486431E+02  0.2335658E+02  0.1180202E-04  0.7647057E-04  0.5669579E-04
Ar  1141  0.1129909E+02  0.4231507E+02  0.2571363E+02 -0.3586675E-04  0.2806408E-04  0.1881599E-04
Ar  1142  0.1368705E+02  0.4493960E+02  0.2589618E+02  0.1540458E-04 -0.1041175E-05 -0.2408418E-04
Ar  1143  0.1374413E+02  0.4220124E+02  0.2843967E+02 -0.2369740E-04 -0.2097910E-04  0.4069756E-04
Ar  1144  0.1133017E+02  0.4470412E+02  0.2837525E+02  0.2731134E-04 -0.4773696E-04  0.2515227E-04
Ar  1145  0.1145535E+02  0.4243016E+02  0.3126619E+02 -0.2203168E-04 -0.5581474E-04 -0.4486132E-04
Ar  1146  0.1397354E+02  0.4462075E+02  0.3110776E+02  0.4405398E-04  0.4154652E-04  0.8683622E-05
Ar  1147  0.1398802E+02  0.4193069E+02  0.3367458E+02  0.6840129E-05  0.1049957E-03  0.2756895E-04
Ar  1148  0.1140487E+02  0.4475357E+02  0.3372518E+02 -0.1325545E-04 -0.1919327E-04 -0.8659598E-04
Ar  1149  0.1144736E+02  0.4218396E+02  0.3624282E+02  0.6836358E-04 -0.9727285E-04  0.1278532E-04
Ar  1150  0.1386768E+02  0.4470899E+02  0.3640555E+02 -0.9347742E-05 -0.5762057E-04  0.3586480E-04
Ar  1151  0.1389766E+02  0.4225776E+02  0.3888041E+02 -0.2137592E-04 -0.2316269E-04 -0.6510893E-05
Ar  1152  0.1132606E+02  0.4484970E+02  0.3894410E+02 -0.6384748E-04  0.2561970E-04  0.2275560E-04
Ar  1153  0.1139400E+02  0.4230723E+02  0.4135790E+02  0.5005266E-06  0.5716832E-06  0.2363657E-05
Ar  1154  0.1394323E+02  0.4485699E+02  0.4150616E+02 -0.3413890E-05  0.1885331E-04 -0.6236060E-04
Ar  1155  0.1399749E+02  0.4227199E+02  0.4408304E+02  0.4075419E-04 -0.1457273E-04 -0.1031665E-05
Ar  1156  0.1135600E+02  0.4493787E+02  0.4404118E+02  0.5095107E-05  0.4133117E-04 -0.2521377E-04
Ar  1157  0.1133312E+02  0.4233844E+02  0.4642507E+02 -0.2141499E-04  0.9881444E-05  0.3068446E-04
Ar  1158  0.1408720E+02  0.4479930E+02  0.4648790E+02 -0.4327069E-04  0.3203895E-04 -0.1516214E-04
Ar  1159  0.1393789E+02  0.4219503E+02  0.4890316E+02 -0.1320423E-04  0.2521763E-04 -0.2953601E-04
Ar  1160  0.1143158E+02  0.4489185E+02  0.4900408E+02 -0.3942218E-04 -0.5555767E-04  0.4819953E-04
Ar  1161  0.1132384E+02  0.4740012E+02  0.1128828E+00  0.7826413E-04 -0.7736165E-04  0.4827866E-04
Ar  1162  0.1402494E+02  0.4995164E+02  0.5151451E+02  0.2138965E-04  0.4955138E-04 -0.1391063E-04
Ar  1163  0.1389532E+02  0.4743385E+02  0.2660777E+01  0.8305405E-04 -0.3570779E-04  0.9215051E-04
Ar  1164  0.1156102E+02  0.4993774E+02  0.2748680E+01  0.2606354E-05  0.3158858E-04 -0.6684188E-04
Ar  1165  0.1131420E+02  0.4731843E+02  0.5283789E+01  0.7970281E-04  0.7308808E-05  0.3730470E-04
Ar  1166  0.1418450E+02  0.5003020E+02  0.5128846E+01  0.1207919E-04  0.8796237E-04  0.1930333E-04
Ar  1167  0.1384588E+02  0.4745570E+02  0.7776859E+01 -0.6628123E-04 -0.3426077E-04 -0.3290279E-04
Ar  1168  0.1149315E+02  0.4998534E+02  0.7884161E+01  0.5233968E-04 -0.3451437E-04  0.8139448E-04
Ar  1169  0.1136485E+02  0.4731853E+02  0.1036457E+02 -0.3399741E-06 -0.9112464E-05 -0.9833574E-04
Ar  1170  0.1406955E+02  0.5001123E+02  0.1012287E+02 -0.2979971E-04  0.1388570E-04  0.4554048E-04
Ar  1171  0.1384969E+02  0.4728299E+02  0.1291470E+02  0.7109873E-04 -0.1436167E-04 -0.1336502E-04
Ar  1172  0.1131519E+02  0.4987280E+02  0.1267223E+02 -0.2840174E-04  0.3058999E-04  0.3689080E-04
Ar  1173  0.1122843E+02  0.4714360E+02  0.1543962E+02  0.4168624E-04  0.2365959E-04  0.2809494E-04
Ar  1174  0.1394346E+02  0.4985537E+02  0.1533670E+02 -0.4430299E-04  0.5227985E-04  0.8053025E-04
Ar  1175  0.1370473E+02  0.4729913E+02  0.1791169E+02 -0.3016891E-04  0.2671387E-04 -0.3426602E-04
Ar  1176  0.1162377E+02  0.4998989E+02  0.1817279E+02  0.8014053E-06  0.9757937E-04  0.1755197E-04
Ar  1177  0.1136953E+02  0.4735196E+02  0.2058403E+02  0.4870736E-04 -0.7705903E-04  0.1265528E-04
Ar  1178  0.1401973E+02  0.4984914E+02  0.2068537E+02 -0.6754742E-05 -0.5957248E-05  0.4838168E-04
Ar  1179  0.1399768E+02  0.4764469E+02  0.2339126E+02  0.1152901E-04  0.6550406E-06 -0.4102482E-04
Ar  1180  0.1135500E+02  0.4975041E+02  0.2334888E+02 -0.2770623E-04 -0.1518313E-04 -0.7798701E-06
Ar  1181  0.1128639E+02  0.4746107E+02  0.2583889E+02 -0.5827640E-04 -0.3853638E-04  0.7031145E-04
Ar  1182  0.1400886E+02  0.5000830E+02  0.2600583E+02 -0.2159985E-04 -0.5465343E-04  0.5462101E-04
Ar  1183  0.1388083E+02  0.4741977E+02  0.2853428E+02  0.3594713E-04  0.6373926E-04  0.2663243E-04
Ar  1184  0.1134048E+02  0.5005481E+02  0.2849498E+02 -0.3915629E-04 -0.6867648E-04  0.5189558E-04
Ar  1185  0.1148297E+02  0.4708415E+02  0.3125369E+02  0.3608615E-04 -0.3574846E-04  0.5559577E-04
Ar  1186  0.1378413E+02  0.5012852E+02  0.3093782E+02 -0.1478942E-04 -0.3058205E-04  0.9443958E-05
Ar  1187  0.1397967E+02  0.4744584E+02  0.3367005E+02 -0.1976071E-04 -0.4437283E-04 -0.6566431E-04
Ar  1188  0.1128628E+02  0.5002546E+02  0.3357359E+02  0.6063561E-04  0.2577409E-04 -0.6860726E-04
Ar  1189  0.1147247E+02  0.4718810E+02  0.3623206E+02  0.7893968E-04  0.2686101E-04 -0.2349226E-04
Ar  1190  0.1379477E+02  0.4994511E+02  0.3635116E+02  0.9745784E-05  0.3230420E-04  0.1672610E-04
Ar  1191  0.1387535E+02  0.4756561E+02  0.3893904E+02 -0.1399009E-03  0.1178836E-03 -0.7800008E-05
Ar  1192  0.1136385E+02  0.4993614E+02  0.3886036E+02 -0.7672144E-04  0.5376537E-04  0.7491021E-05
Ar  1193  0.1133007E+02  0.4756434E+02  0.4152363E+02 -0.8070264E-04 -0.8848667E-04  0.4535063E-04
Ar  1194  0.1389772E+02  0.4996497E+02  0.4143730E+02  0.2317952E-04  0.1563939E-05 -0.8200741E-04
Ar  1195  0.1426576E+02  0.4748885E+02  0.4403476E+02  0.5081180E-04 -0.1446919E-04 -0.4968766E-04
Ar  1196  0.1126804E+02  0.4992671E+02  0.4396350E+02 -0.2299038E-04 -0.7574538E-04  0.1230041E-04
Ar  1197  0.1161156E+02  0.4745318E+02  0.4648692E+02 -0.5256372E-04 -0.4181969E-04 -0.1975989E-04
Ar  1198  0.1396938E+02  0.5018782E+02  0.4649722E+02  0.4450221E-04 -0.1508711E-04 -0.1052066E-03
Ar  1199  0.1396822E+02  0.4740511E+02  0.4905942E+02 -0.1448425E-04 -0.5779018E-04 -0.1248700E-03
Ar  1200  0.1150394E+02  0.4994158E+02  0.4912821E+02  0.2217776E-05  0.4285072E-04 -0.1258790E-04
Ar  1201  0.1679151E+02  0.1084050E+01  0.5154118E+02  0.3197629E-04 -0.4738897E-05  0.5011072E-04
Ar  1202  0.1931748E+02  0.3633794E+01  0.1241621E+00 -0.2576810E-04 -0.5028080E-05 -0.7746641E-05
Ar  1203  0.1920165E+02  0.1117600E+01  0.2843790E+01 -0.5698574E-04  0.6026116E-05  0.5161203E-04
Ar  1204  0.1661046E+02  0.3708669E+01  0.2531799E+01 -0.9202825E-05  0.2648788E-04 -0.3801930E-04
Ar  1205  0.1651971E+02  0.9927270E+00  0.5258003E+01  0.9256390E-05 -0.3592777E-04  0.7865134E-05
Ar  1206  0.1912601E+02  0.3708745E+01  0.5150740E+01 -0.1309234E-04 -0.5445895E-04 -0.4257931E-05
Ar  1207  0.1914424E+02  0.1316238E+01  0.7891720E+01 -0.8701276E-05  0.1353947E-04 -0.4009261E-04
Ar  1208  0.1643727E+02  0.3671730E+01  0.7550805E+01 -0.5787411E-04  0.5689196E-04  0.1651237E-04
Ar  1209  0.1656228E+02  0.9506628E+00  0.1029465E+02  0.6431733E-05 -0.1407995E-04  0.2687656E-04
Ar  1210  0.1931190E+02  0.3849307E+01  0.1045915E+02 -0.9097871E-04 -0.4964488E-04  0.1231102E-04
Ar  1211  0.1891488E+02  0.8256092E+00  0.1282080E+02 -0.2172053E-04  0.2234880E-04 -0.4511826E-04
Ar  1212  0.1648106E+02  0.3631790E+01  0.1288680E+02  0.8107137E-05 -0.3418550E-04  0.3525704E-04
Ar  1213  0.1641141E+02  0.9131269E+00  0.1539000E+02  0.3732458E-04 -0.5736876E-05 -0.4399998E-04
Ar  1214  0.1911368E+02  0.3495022E+01  0.1551070E+02  0.2240495E-04 -0.3191120E-04 -0.3503562E-05
Ar  1215  0.1916413E+02  0.1004592E+01  0.1797429E+02 -0.3386818E-04  0.9351191E-04 -0.4469051E-04
Ar  1216  0.1669729E+02  0.3536901E+01  0.1821382E+02  0.8233480E-04 -0.4361384E-04 -0.3327112E-04
Ar  1217  0.1666545E+02  0.8810816E+00  0.2059500E+02 -0.5112441E-04 -0.3702603E-04  0.1985266E-04
Ar  1218  0.1917814E+02  0.3510200E+01  0.2087769E+02  0.6597222E-06 -0.6752665E-04 -0.1797437E-04
Ar  1219  0.1924354E+02  0.8434131E+00  0.2334067E+02  0.4834340E-04  0.3867044E-05  0.2311816E-04
Ar  1220  0.1631172E+02  0.3500143E+01  0.2320351E+02  0.7619949E-04 -0.3141148E-04 -0.1547391E-04
Ar  1221  0.1668052E+02  0.1085397E+01  0.2600056E+02 -0.4463797E-04 -0.4573563E-04 -0.3812597E-04
Ar  1222  0.1929445E+02  0.3560354E+01  0.2575359E+02 -0.5355054E-04 -0.2013090E-04 -0.4986505E-04
Ar  1223  0.1936757E+02  0.1032601E+01  0.2836705E+02 -0.2869559E-05 -0.4190372E-05  0.4646446E-04
Ar  1224  0.1664876E+02  0.3707366E+01  0.2846157E+02 -0.5105309E-04  0.7101234E-04 -0.2248989E-04
Ar  1225  0.1639977E+02  0.1197785E+01  0.3096521E+02 -0.2739599E-04 -0.2229175E-04  0.2193674E-04
Ar  1226  0.1905202E+02  0.3796220E+01  0.3104619E+02 -0.1639540E-04 -0.1540176E-04 -0.1881558E-04
Ar  1227  0.1927496E+02  0.9423949E+00  0.3352619E+02 -0.5477451E-05  0.2785113E-04 -0.8657995E-05
Ar  1228  0.1637647E+02  0.3612156E+01  0.3373525E+02  0.9160188E-04  0.2716352E-04  0.5982488E-04
Ar  1229  0.1665454E+02  0.8177061E+00  0.3620220E+02  0.2942032E-04  0.5049652E-04 -0.3578616E-04
Ar  1230  0.1916553E+02  0.3563518E+01  0.3587636E+02  0.6286623E-04 -0.5693055E-04  0.2995318E-04
Ar  1231  0.1905736E+02  0.1034884E+01  0.3864183E+02 -0.3545997E-04 -0.2627212E-05  0.5789336E-04
Ar  1232  0.1651769E+02  0.3466122E+01  0.3889493E+02 -0.6844101E-04 -0.6948426E-04  0.1821892E-04
Ar  1233  0.1658082E+02  0.8419190E+00  0.4136298E+02 -0.1474541E-04  0.3111060E-05  0.1834367E-04
Ar  1234  0.1916590E+02  0.3745331E+01  0.4159727E+02 -0.9795814E-04  0.3076989E-04  0.8079452E-05
Ar  1235  0.1936199E+02  0.9459746E+00  0.4403422E+02  0.1027331E-03 -0.5608898E-04 -0.6828180E-04
Ar  1236  0.1662850E+02  0.3362210E+01  0.4408741E+02 -0.1325095E-04  0.2496323E-04 -0.3308109E-04
Ar  1237  0.1656617E+02  0.7526247E+00  0.4634089E+02 -0.6486910E-04 -0.7141076E-05 -0.2458070E-04
Ar  1238  0.1929991E+02  0.3279245E+01  0.4666380E+02 -0.4192693E-04 -0.2716287E-05  0.4436517E-04
Ar  1239  0.1930510E+02  0.9597505E+00  0.4918646E+02  0.4686744E-04 -0.5677864E-04 -0.1879005E-04
Ar  1240  0.1664421E+02  0.3469945E+01  0.4889796E+02  0.5184930E-04 -0.1274048E-04 -0.2673767E-04
Ar  1241  0.1653177E+02  0.6252608E+01  0.5135880E+02 -0.1010095E-03 -0.6347893E-04  0.5084999E-04
Ar  1242  0.1938247E+02  0.8731835E+01  0.5151312E+02  0.2036332E-04 -0.1225326E-04  0.8986039E-06
Ar  1243  0.1917809E+02  0.6403283E+01  0.2811105E+01 -0.4482107E-04 -0.1710139E-04  0.2056523E-04
Ar  1244  0.1664133E+02  0.8885434E+01  0.2568081E+01  0.1145533E-04  0.3735483E-04 -0.3421506E-04
Ar  1245  0.1649608E+02  0.6709549E+01  0.5213645E+01  0.5029069E-04 -0.4610248E-04  0.2307386E-04
Ar  1246  0.1911283E+02  0.8844099E+01  0.5427278E+01  0.4210057E-05 -0.4530659E-04 -0.4671614E-04
Ar  1247  0.1940698E+02  0.6141599E+01  0.8054355E+01 -0.7216126E-05 -0.3570757E-04 -0.3105026E-04
Ar  1248  0.1647054E+02  0.8912436E+01  0.7806384E+01  0.7797528E-04  0.3228734E-04 -0.1178944E-04
Ar  1249  0.1653251E+02  0.6320254E+01  0.1029979E+02  0.1245148E-03  0.2024882E-04  0.6842532E-04
Ar  1250  0.1922520E+02  0.8533626E+01  0.1047722E+02  0.1522090E-04 -0.1241746E-03  0.7382455E-05
Ar  1251  0.1916053E+02  0.6216795E+01  0.1314209E+02  0.5221170E-04  0.4688804E-05  0.3598370E-04
Ar  1252  0.1665334E+02  0.8682791E+01  0.1304652E+02 -0.3900272E-04 -0.3559560E-04 -0.2284635E-04
Ar  1253  0.1653517E+02  0.6216860E+01  0.1565688E+02 -0.4929863E-04  0.8382042E-04 -0.4820596E-04
Ar  1254  0.1907065E+02  0.8681409E+01  0.1551095E+02 -0.7987109E-04  0.6300184E-06  0.1537361E-04
Ar  1255  0.1913853E+02  0.6103799E+01  0.1809013E+02  0.3744079E-04 -0.2839610E-04 -0.7088779E-04
Ar  1256  0.1636769E+02  0.8809274E+01  0.1829991E+02 -0.2965968E-04  0.5017163E-04  0.4156355E-04
Ar  1257  0.1654212E+02  0.5937880E+01  0.2066806E+02  0.3469183E-04  0.1005120E-03  0.6521160E-04
Ar  1258  0.1905341E+02  0.8695469E+01  0.2052339E+02  0.5712144E-04  0.1755450E-04 -0.4870097E-04
Ar  1259  0.1912829E+02  0.6076791E+01  0.2325933E+02 -0.5975575E-04 -0.3469742E-04  0.5150678E-04
Ar  1260  0.1653580E+02  0.8663299E+01  0.2314043E+02 -0.3273642E-04  0.4942253E-04  0.8305031E-05
Ar  1261  0.1653073E+02  0.6213307E+01  0.2556770E+02 -0.9037005E-04  0.5629840E-04  0.2000337E-06
Ar  1262  0.1907819E+02  0.8887324E+01  0.2581026E+02  0.2289775E-04 -0.2808455E-04  0.7567761E-04
Ar  1263  0.1919569E+02  0.6343009E+01  0.2838476E+02  0.5147819E-04 -0.4715973E-04 -0.2312846E-04
Ar  1264  0.1639686E+02  0.8534962E+01  0.2840739E+02  0.3358458E-04  0.8126094E-04  0.1603183E-04
Ar  1265  0.1625701E+02  0.6285829E+01  0.3107997E+02 -0.2270932E-04 -0.2117662E-04 -0.3818960E-05
Ar  1266  0.1916315E+02  0.8680577E+01  0.3115942E+02  0.3445011E-04 -0.1174289E-04  0.8112022E-04
Ar  1267  0.1891228E+02  0.6266087E+01  0.3354470E+02 -0.6909850E-04 -0.1541788E-04  0.5572654E-04
Ar  1268  0.1648956E+02  0.8755712E+01  0.3378524E+02 -0.3500040E-05  0.4754100E-04 -0.1098158E-03
Ar  1269  0.1647818E+02  0.6087342E+01  0.3646838E+02  0.5082025E-04 -0.5110665E-04 -0.3126309E-04
Ar  1270  0.1903654E+02  0.8703742E+01  0.3638460E+02  0.2680282E-06 -0.2211405E-04 -0.8323465E-04
Ar  1271  0.1910690E+02  0.6170419E+01  0.3885801E+02 -0.1264737E-05 -0.2780303E-04 -0.6065567E-05
Ar  1272  0.1640111E+02  0.8792184E+01  0.3888073E+02 -0.3143013E-04  0.4777910E-04 -0.1751064E-04
Ar  1273  0.1679398E+02  0.6151567E+01  0.4133613E+02  0.4355326E-04  0.9053876E-05 -0.7264977E-04
Ar  1274  0.1900784E+02  0.8749171E+01  0.4134564E+02 -0.5227978E-04 -0.9527607E-04 -0.2045201E-04
Ar  1275  0.1897746E+02  0.6081687E+01  0.4418815E+02 -0.5407247E-04 -0.3441463E-04 -0.3602855E-04
Ar  1276  0.1652042E+02  0.8846478E+01  0.4395060E+02 -0.2173853E-04 -0.4106513E-04 -0.1111455E-04
Ar  1277  0.1641745E+02  0.5992044E+01  0.4655043E+02 -0.6346016E-04  0.3073802E-04  0.8976513E-05
Ar  1278  0.1895173E+02  0.8780162E+01  0.4633568E+02  0.2781707E-04  0.5305319E-04 -0.1226076E-03
Ar  1279  0.1915548E+02  0.6110355E+01  0.4878411E+02  0.8934986E-05 -0.4987964E-04  0.8057220E-04
Ar  1280  0.1628063E+02  0.8682642E+01  0.4921946E+02 -0.7219826E-04  0.1260691E-04  0.4771447E-04
Ar  1281  0.1635092E+02  0.1144089E+02  0.5151811E+02 -0.6988994E-04 -0.1319539E-04  0.7301286E-05
Ar  1282  0.1897779E+02  0.1399316E+02  0.5156292E+02 -0.9809863E-05  0.9096728E-05 -0.8850720E-04
Ar  1283  0.1912327E+02  0.1121246E+02  0.2520402E+01  0.2674627E-04  0.8491705E-04  0.9981476E-05
Ar  1284  0.1656195E+02  0.1379220E+02  0.2440705E+01  0.3294373E-04 -0.9680336E-04 -0.3238553E-04
Ar  1285  0.1649374E+02  0.1128371E+02  0.5197631E+01  0.3235885E-04 -0.1246471E-04 -0.1799022E-04
Ar  1286  0.1901784E+02  0.1382714E+02  0.4993814E+01  0.4185598E-04 -0.4692505E-05 -0.2566555E-04
Ar  1287  0.1907308E+02  0.1114861E+02  0.8063178E+01  0.1882466E-04 -0.1119445E-04 -0.2359696E-04
Ar  1288  0.1676079E+02  0.1399065E+02  0.7794372E+01 -0.2013472E-06  0.5460915E-05 -0.4353835E-04
Ar  1289  0.1644330E+02  0.1123975E+02  0.1032697E+02  0.3141290E-04 -0.4834681E-04  0.2605335E-04
Ar  1290  0.1906955E+02  0.1388440E+02  0.1040175E+02  0.8993645E-04  0.3516085E-04  0.2498813E-04
Ar  1291  0.1892534E+02  0.1125718E+02  0.1300822E+02  0.2296225E-04  0.3144289E-04 -0.8047051E-04
Ar  1292  0.1651734E+02  0.1393094E+02  0.1296877E+02  0.1349689E-04  0.3921138E-04  0.8990110E-05
Ar  1293  0.1661164E+02  0.1127692E+02  0.1554527E+02  0.4241005E-04 -0.1585304E-04  0.6275011E-04
Ar  1294  0.1916372E+02  0.1402194E+02  0.1552345E+02  0.3786980E-04 -0.1413524E-04 -0.2742118E-04
Ar  1295  0.1880453E+02  0.1121283E+02  0.1809613E+02  0.8102121E-04  0.4496921E-04 -0.5383789E-04
Ar  1296  0.1648793E+02  0.1398783E+02  0.1809805E+02  0.4939062E-04  0.5298104E-04 -0.1669772E-04
Ar  1297  0.1649870E+02  0.1148124E+02  0.2087342E+02  0.4425414E-04  0.4327758E-04 -0.7355346E-04
Ar  1298  0.1908865E+02  0.1380385E+02  0.2080880E+02  0.1865540E-04 -0.8655025E-05  0.6909252E-04
Ar  1299  0.1921063E+02  0.1133930E+02  0.2338259E+02  0.7378991E-04 -0.6669055E-04 -0.2977656E-04
Ar  1300  0.1655631E+02  0.1409205E+02  0.2322660E+02  0.5408490E-04 -0.1051413E-04 -0.2682933E-06
Ar  1301  0.1659358E+02  0.1130845E+02  0.2571759E+02  0.4368026E-04  0.7928613E-04 -0.4547664E-05
Ar  1302  0.1917832E+02  0.1400720E+02  0.2603743E+02  0.2873232E-04  0.1889334E-05  0.6576636E-04
Ar  1303  0.1899686E+02  0.1131713E+02  0.2846548E+02  0.3221845E-04 -0.6495179E-04  0.4605035E-05
Ar  1304  0.1664215E+02  0.1403337E+02  0.2861090E+02 -0.4522803E-04 -0.3645547E-04  0.7422331E-04
Ar  1305  0.1644535E+02  0.1136122E+02  0.3110776E+02 -0.4199602E-04  0.4593899E-04 -0.4899737E-04
Ar  1306  0.1916708E+02  0.1397680E+02  0.3100112E+02 -0.7146400E-04  0.1377212E-03 -0.3612445E-04
Ar  1307  0.1905330E+02  0.1133761E+02  0.3372939E+02  0.1636847E-04 -0.7748591E-04 -0.8733138E-05
Ar  1308  0.1639670E+02  0.1396837E+02  0.3363334E+02 -0.3973210E-04 -0.7502051E-04  0.3070982E-04
Ar  1309  0.1653015E+02  0.1142411E+02  0.3617257E+02 -0.5379006E-04  0.9123810E-05 -0.9876136E-04
Ar  1310  0.1898513E+02  0.1397152E+02  0.3623674E+02  0.1228240E-03 -0.2365426E-04 -0.6107655E-05
Ar  1311  0.1909284E+02  0.1141842E+02  0.3881629E+02  0.9026579E-04  0.6055587E-04 -0.6145621E-04
Ar  1312  0.1651410E+02  0.1388608E+02  0.3879754E+02 -0.1011574E-03 -0.4208664E-04 -0.5041362E-04
Ar  1313  0.1647651E+02  0.1138885E+02  0.4135365E+02  0.1424666E-05 -0.4040409E-04  0.3298558E-05
Ar  1314  0.1890860E+02  0.1396073E+02  0.4136455E+02 -0.3535319E-04  0.4720262E-04 -0.3904189E-05
Ar  1315  0.1908685E+02  0.1127547E+02  0.4379618E+02  0.1086070E-04 -0.6375243E-04  0.2625704E-04
Ar  1316  0.1645313E+02  0.1398616E+02  0.4384993E+02  0.5448108E-04 -0.3266124E-05  0.3834637E-04
Ar  1317  0.1639771E+02  0.1132421E+02  0.4641955E+02 -0.7285885E-04  0.1265801E-04  0.7738809E-04
Ar  1318  0.1887982E+02  0.1401859E+02  0.4646520E+02  0.1455652E-05 -0.1136306E-04  0.3788937E-04
Ar  1319  0.1883279E+02  0.1142655E+02  0.4903814E+02  0.1510029E-04  0.2490201E-04  0.1090288E-04
Ar  1320  0.1644951E+02  0.1397346E+02  0.4909273E+02 -0.9342593E-04 -0.5154844E-04  0.1305889E-05
Ar  1321  0.1645914E+02  0.1667811E+02  0.1582453E+00 -0.2583626E-04 -0.2923498E-05  0.1683820E-04
Ar  1322  0.1892515E+02  0.1908740E+02  0.1537159E-01  0.5863486E-05 -0.2206584E-04 -0.1055984E-04
Ar  1323  0.1903150E+02  0.1659087E+02  0.2550348E+01 -0.2592983E-04  0.5966675E-04 -0.2704308E-04
Ar  1324  0.1668368E+02  0.1921693E+02  0.2675204E+01 -0.2236606E-04 -0.3139600E-04 -0.1421746E-04
Ar  1325  0.1672188E+02  0.1645661E+02  0.5024422E+01 -0.1624278E-05 -0.2928591E-04 -0.2079103E-04
Ar  1326  0.1915642E+02  0.1912050E+02  0.5322613E+01  0.1750488E-05 -0.3328637E-04  0.4614961E-04
Ar  1327  0.1932958E+02  0.1652324E+02  0.7591573E+01 -0.6888632E-05 -0.6733800E-05  0.3303067E-04
Ar  1328  0.1671370E+02  0.1899887E+02  0.7769303E+01  0.8966043E-04  0.3359094E-04  0.1643424E-04
Ar  1329  0.1678685E+02  0.1655272E+02  0.1050756E+02 -0.6550973E-04 -0.1036270E-04  0.3719561E-04
Ar  1330  0.1928916E+02  0.1893920E+02  0.1050877E+02 -0.2670502E-05 -0.3045230E-04 -0.5697885E-04
Ar  1331  0.1919333E+02  0.1642610E+02  0.1311768E+02  0.3871535E-05  0.1508224E-04  0.4601169E-04
Ar  1332  0.1655509E+02  0.1888680E+02  0.1296502E+02  0.2395529E-04  0.7263980E-04  0.3964712E-04
Ar  1333  0.1649963E+02  0.1651394E+02  0.1562794E+02 -0.3074900E-04  0.1952894E-04 -0.6339866E-04
Ar  1334  0.1890585E+02  0.1904683E+02  0.1575911E+02  0.9153503E-05 -0.7932022E-04  0.3221819E-04
Ar  1335  0.1913053E+02  0.1652544E+02  0.1823290E+02  0.2695546E-04  0.2185114E-04 -0.6084642E-04
Ar  1336  0.1634987E+02  0.1914142E+02  0.1833460E+02  0.8845740E-04 -0.5089803E-04  0.2049136E-04
Ar  1337  0.1639619E+02  0.1655573E+02  0.2081318E+02  0.6016649E-04  0.5742999E-04  0.2263539E-04
Ar  1338  0.1898243E+02  0.1914045E+02  0.2070527E+02 -0.2488601E-04 -0.2126882E-04 -0.2895914E-04
Ar  1339  0.1914436E+02  0.1669736E+02  0.2340034E+02  0.1358787E-04  0.5460668E-04  0.2985735E-04
Ar  1340  0.1643810E+02  0.1912365E+02  0.2338716E+02  0.8898701E-04 -0.9926790E-04 -0.1986793E-04
Ar  1341  0.1654340E+02  0.1636528E+02  0.2615157E+02 -0.4667139E-04 -0.1466088E-04 -0.1144158E-04
Ar  1342  0.1898320E+02  0.1920630E+02  0.2600561E+02  0.4720924E-04 -0.3145767E-04 -0.7150080E-05
Ar  1343  0.1906764E+02  0.1669893E+02  0.2844970E+02 -0.2263493E-04  0.3004551E-04  0.1126880E-03
Ar  1344  0.1661049E+02  0.1923884E+02  0.2865632E+02  0.1668505E-04  0.4857599E-06 -0.8465952E-05
Ar  1345  0.1648808E+02  0.1686296E+02  0.3113943E+02  0.6134886E-05 -0.9944248E-04 -0.1847236E-05
Ar  1346  0.1906947E+02  0.1925478E+02  0.3115422E+02 -0.7273477E-04  0.7933166E-04 -0.4822256E-05
Ar  1347  0.1924384E+02  0.1662927E+02  0.3363998E+02 -0.5041207E-04 -0.1561434E-04  0.9456958E-04
Ar  1348  0.1662393E+02  0.1919299E+02  0.3390601E+02  0.4165507E-05 -0.3245901E-05  0.6018367E-04
Ar  1349  0.1647241E+02  0.1659531E+02  0.3600056E+02 -0.5709527E-05 -0.4067319E-04 -0.3551583E-04
Ar  1350  0.1914517E+02  0.1907296E+02  0.3618801E+02  0.3667227E-04  0.9544589E-06  0.6919192E-04
Ar  1351  0.1902307E+02  0.1681036E+02  0.3891976E+02 -0.1258761E-04 -0.3883764E-04  0.4563182E-04
Ar  1352  0.1663104E+02  0.1915139E+02  0.3896330E+02  0.6436954E-06 -0.6276522E-05  0.2027433E-04
Ar  1353  0.1639265E+02  0.1676071E+02  0.4147155E+02 -0.2684784E-04 -0.2222857E-04 -0.6137629E-04
Ar  1354  0.1915619E+02  0.1921279E+02  0.4136020E+02  0.4846574E-04  0.2039333E-04 -0.4731770E-04
Ar  1355  0.1928160E+02  0.1661732E+02  0.4392717E+02 -0.6747187E-04 -0.5256809E-04  0.3207914E-04
Ar  1356  0.1660232E+02  0.1908298E+02  0.4407769E+02  0.7525325E-05 -0.2881556E-04 -0.5406110E-04
Ar  1357  0.1641120E+02  0.1638118E+02  0.4641556E+02  0.5483655E-04 -0.2047359E-04  0.1973148E-04
Ar  1358  0.1891084E+02  0.1905330E+02  0.4660395E+02  0.1404799E-04 -0.7146257E-04  0.4887833E-04
Ar  1359  0.1899197E+02  0.1647743E+02  0.4916071E+02 -0.6471932E-05  0.8005932E-04  0.1306796E-04
Ar  1360  0.1646359E+02  0.1913423E+02  0.4923745E+02 -0.3975462E-04  0.8238999E-05  0.8460187E-04
Ar  1361  0.1651079E+02  0.2168053E+02  0.1251561E+00 -0.6449633E-04 -0.2306497E-04 -0.1825446E-04
Ar  1362  0.1934882E+02  0.2404274E+02  0.5153733E+02  0.3507543E-04  0.1211464E-05 -0.6634472E-04
Ar  1363  0.1922211E+02  0.2163575E+02  0.2659505E+01  0.1531384E-04 -0.5308045E-04 -0.9201112E-04
Ar  1364  0.1649140E+02  0.2418787E+02  0.2786274E+01  0.1465168E-04  0.7339821E-04  0.3929450E-04
Ar  1365  0.1644990E+02  0.2182415E+02  0.5212174E+01  0.2689437E-04  0.5970594E-04 -0.1634605E-03
Ar  1366  0.1914921E+02  0.2407048E+02  0.5386204E+01 -0.3277095E-04 -0.6685283E-05 -0.3553043E-04
Ar  1367  0.1900481E+02  0.2168026E+02  0.7914086E+01 -0.1078523E-03  0.5640153E-05  0.6947047E-05
Ar  1368  0.1631608E+02  0.2409578E+02  0.7930056E+01 -0.6504478E-04  0.7750918E-04  0.5777457E-04
Ar  1369  0.1637658E+02  0.2126453E+02  0.1040731E+02 -0.6794937E-04 -0.4982482E-04 -0.4478183E-05
Ar  1370  0.1909356E+02  0.2413793E+02  0.1028427E+02  0.1260560E-04  0.1055231E-03 -0.3877866E-05
Ar  1371  0.1894222E+02  0.2165341E+02  0.1314229E+02  0.5771846E-04  0.1702795E-05  0.7190061E-04
Ar  1372  0.1654933E+02  0.2434043E+02  0.1291680E+02  0.4317823E-04 -0.8167543E-05  0.6725450E-04
Ar  1373  0.1639425E+02  0.2183459E+02  0.1559914E+02 -0.4608093E-04 -0.3860304E-04 -0.7293678E-04
Ar  1374  0.1911465E+02  0.2439289E+02  0.1559929E+02  0.1147744E-04  0.1317375E-04  0.4277358E-05
Ar  1375  0.1899854E+02  0.2156834E+02  0.1801912E+02 -0.2084266E-04 -0.9605238E-05 -0.3856499E-04
Ar  1376  0.1662282E+02  0.2442740E+02  0.1827619E+02  0.3644801E-04 -0.1928968E-04  0.2501003E-04
Ar  1377  0.1661099E+02  0.2174755E+02  0.2085751E+02  0.1771431E-04  0.2598319E-04  0.8279599E-05
Ar  1378  0.1938740E+02  0.2431316E+02  0.2085230E+02  0.2263510E-04 -0.3790516E-04 -0.2663406E-04
Ar  1379  0.1901104E+02  0.2190115E+02  0.2334699E+02  0.6268303E-04  0.9862094E-04 -0.2572888E-04
Ar  1380  0.1649506E+02  0.2431806E+02  0.2334740E+02  0.1754686E-04  0.3604092E-04  0.6680186E-05
Ar  1381  0.1664935E+02  0.2162849E+02  0.2580567E+02 -0.3874722E-05  0.9500434E-05 -0.6627074E-05
Ar  1382  0.1903009E+02  0.2439763E+02  0.2598513E+02  0.5788284E-04  0.2602061E-04  0.9359809E-04
Ar  1383  0.1905651E+02  0.2185358E+02  0.2842965E+02 -0.1072331E-04 -0.7335079E-05  0.1020562E-03
Ar  1384  0.1653051E+02  0.2418621E+02  0.2861023E+02  0.1288115E-03  0.2267254E-04  0.4146433E-04
Ar  1385  0.1665251E+02  0.2168831E+02  0.3117884E+02  0.4583319E-04  0.2185751E-04 -0.7105765E-04
Ar  1386  0.1923960E+02  0.2438522E+02  0.3132764E+02  0.1323454E-04 -0.3851188E-04  0.3971151E-04
Ar  1387  0.1915632E+02  0.2180040E+02  0.3352863E+02 -0.3128795E-04 -0.3226317E-04 -0.1750770E-05
Ar  1388  0.1648070E+02  0.2414977E+02  0.3366111E+02  0.6322025E-04 -0.5234004E-05  0.3271066E-04
Ar  1389  0.1656128E+02  0.2175175E+02  0.3614464E+02 -0.8487489E-04 -0.4878837E-04  0.7793982E-05
Ar  1390  0.1925878E+02  0.2441461E+02  0.3607974E+02  0.4588291E-04  0.2436974E-04 -0.2704957E-04
Ar  1391  0.1920230E+02  0.2162726E+02  0.3873103E+02 -0.1614054E-04 -0.2890736E-04 -0.1291456E-04
Ar  1392  0.1680044E+02  0.2421998E+02  0.3901537E+02  0.1221081E-04 -0.1052330E-03  0.1425949E-04
Ar  1393  0.1654328E+02  0.2168714E+02  0.4148398E+02 -0.9474481E-04  0.2662934E-04 -0.3375707E-04
Ar  1394  0.1934305E+02  0.2430460E+02  0.4155081E+02  0.7259523E-04 -0.5268662E-04  0.2276255E-04
Ar  1395  0.1902151E+02  0.2173095E+02  0.4414455E+02 -0.1020595E-03 -0.7635047E-05 -0.3864531E-04
Ar  1396  0.1651182E+02  0.2408724E+02  0.4414600E+02 -0.7050848E-04 -0.7776100E-04 -0.3032654E-04
Ar  1397  0.1640647E+02  0.2148834E+02  0.4677330E+02  0.3880171E-04 -0.6635233E-04 -0.5439105E-04
Ar  1398  0.1892816E+02  0.2402575E+02  0.4671851E+02  0.7656564E-04  0.9683146E-05 -0.1989354E-04
Ar  1399  0.1908456E+02  0.2147865E+02  0.4907297E+02 -0.4785597E-04 -0.6335983E-04  0.5813051E-04
Ar  1400  0.1631222E+02  0.2404190E+02  0.4911906E+02 -0.2370986E-04 -0.2060235E-04  0.9318541E-04
Ar  1401  0.1654647E+02  0.2653870E+02  0.6157011E-01 -0.3447464E-04  0.2787092E-04 -0.8077688E-04
Ar  1402  0.1889765E+02  0.2929501E+02  0.2715011E+00 -0.4792532E-04 -0.5055218E-04  0.7170334E-04
Ar  1403  0.1924856E+02  0.2661453E+02  0.2889318E+01  0.6880902E-04 -0.3043254E-04  0.2808329E-04
Ar  1404  0.1640487E+02  0.2921797E+02  0.2718633E+01  0.1835820E-04 -0.5618129E-04  0.9806004E-04
Ar  1405  0.1640935E+02  0.2664989E+02  0.5336880E+01  0.2071633E-04 -0.9218716E-06 -0.2188038E-04
Ar  1406  0.1897889E+02  0.2930495E+02  0.5190330E+01  0.7697966E-04 -0.3895380E-04  0.1348604E-04
Ar  1407  0.1909584E+02  0.2663735E+02  0.7645525E+01  0.3920490E-04 -0.2402409E-04  0.4440035E-04
Ar  1408  0.1650967E+02  0.2911803E+02  0.7977361E+01 -0.3464934E-04 -0.7957668E-05 -0.5748261E-04
Ar  1409  0.1651080E+02  0.2659566E+02  0.1047660E+02  0.7207565E-04  0.1235838E-04  0.1454011E-03
Ar  1410  0.1897930E+02  0.2908963E+02  0.1028032E+02 -0.2831395E-04  0.5086319E-04 -0.9494224E-04
Ar  1411  0.1922814E+02  0.2679674E+02  0.1315129E+02  0.2158011E-04  0.2189777E-05  0.1184628E-04
Ar  1412  0.1647188E+02  0.2916163E+02  0.1283789E+02  0.5609804E-04  0.4000703E-04 -0.9517538E-04
Ar  1413  0.1643970E+02  0.2685595E+02  0.1555427E+02 -0.9575764E-05 -0.1004581E-03  0.6057321E-04
Ar  1414  0.1900786E+02  0.2950025E+02  0.1546812E+02  0.7980185E-04 -0.1392594E-04 -0.2168330E-04
Ar  1415  0.1899034E+02  0.2694217E+02  0.1824913E+02 -0.5242978E-04 -0.1707511E-04 -0.1029914E-04
Ar  1416  0.1651702E+02  0.2952200E+02  0.1834162E+02  0.1892314E-04 -0.2847139E-04  0.2208905E-04
Ar  1417  0.1637232E+02  0.2692438E+02  0.2098793E+02  0.8230600E-05  0.3735880E-05 -0.2052829E-04
Ar  1418  0.1906867E+02  0.2941095E+02  0.2060797E+02  0.7350436E-04  0.2429656E-04  0.6362179E-04
Ar  1419  0.1917943E+02  0.2698747E+02  0.2312814E+02 -0.1129023E-04  0.6915528E-04 -0.4346242E-04
Ar  1420  0.1660220E+02  0.2945649E+02  0.2337509E+02  0.6556109E-05 -0.6098380E-04 -0.2022344E-04
Ar  1421  0.1666231E+02  0.2682854E+02  0.2590037E+02 -0.5106555E-04  0.7062632E-04  0.4300150E-04
Ar  1422  0.1905693E+02  0.2959358E+02  0.2599875E+02  0.1765415E-04  0.6627116E-04 -0.5586412E-04
Ar  1423  0.1919299E+02  0.2671313E+02  0.2856620E+02 -0.2079068E-04 -0.6933529E-04 -0.3380941E-04
Ar  1424  0.1649306E+02  0.2967915E+02  0.2842317E+02  0.6854137E-06  0.8667826E-04 -0.2887136E-04
Ar  1425  0.1661024E+02  0.2686334E+02  0.3117761E+02 -0.3890376E-04 -0.2756748E-05  0.5562489E-04
Ar  1426  0.1910529E+02  0.2950848E+02  0.3097715E+02  0.5568809E-05  0.9883126E-05  0.4351539E-04
Ar  1427  0.1911670E+02  0.2689921E+02  0.3378134E+02 -0.1210176E-04 -0.6487237E-04 -0.3300579E-04
Ar  1428  0.1664854E+02  0.2948379E+02  0.3371054E+02 -0.4867576E-04  0.1391371E-04 -0.3491988E-06
Ar  1429  0.1658526E+02  0.2697142E+02  0.3657602E+02 -0.7201179E-04 -0.3391758E-04  0.3912797E-04
Ar  1430  0.1908915E+02  0.2937647E+02  0.3644671E+02  0.5540437E-04  0.3498044E-04  0.7708180E-04
Ar  1431  0.1951598E+02  0.2667766E+02  0.3897981E+02  0.2346599E-04  0.2862707E-04 -0.9951000E-04
Ar  1432  0.1645091E+02  0.2943751E+02  0.3900707E+02  0.6449791E-04 -0.7519058E-05 -0.6889586E-04
Ar  1433  0.1639269E+02  0.2665407E+02  0.4155182E+02 -0.3394866E-05  0.2998585E-04 -0.2061213E-04
Ar  1434  0.1913389E+02  0.2937777E+02  0.4133686E+02  0.2351553E-04  0.1094390E-05  0.2075880E-04
Ar  1435  0.1906450E+02  0.2700501E+02  0.4410327E+02 -0.2274522E-04  0.1678828E-04 -0.2752274E-05
Ar  1436  0.1656170E+02  0.2941395E+02  0.4385025E+02  0.2113240E-04 -0.3543551E-05  0.1307649E-04
Ar  1437  0.1651731E+02  0.2683976E+02  0.4640349E+02  0.2915221E-04  0.1227713E-04 -0.2651547E-04
Ar  1438  0.1908003E+02  0.2943112E+02  0.4667278E+02 -0.3655107E-04 -0.9629332E-05 -0.5417599E-04
Ar  1439  0.1902433E+02  0.2692795E+02  0.4940480E+02  0.7421222E-04  0.3641041E-04  0.9160264E-04
Ar  1440  0.1643667E+02  0.2935165E+02  0.4919783E+02 -0.3312849E-04 -0.9826526E-04 -0.1247500E-04
Ar  1441  0.1648912E+02  0.3195102E+02  0.1354309E+00 -0.2629703E-05  0.1927701E-04 -0.5817937E-04
Ar  1442  0.1906730E+02  0.3454415E+02  0.1925700E+00  0.7498593E-04 -0.2243795E-04  0.4705321E-04
Ar  1443  0.1909967E+02  0.3192143E+02  0.2520742E+01 -0.5593067E-04  0.1777501E-04 -0.4928915E-04
Ar  1444  0.1642006E+02  0.3442801E+02  0.2602696E+01 -0.3211084E-04 -0.5946671E-04  0.4908498E-04
Ar  1445  0.1639233E+02  0.3195000E+02  0.5236275E+01 -0.1506715E-04  0.5358112E-04 -0.8555915E-04
Ar  1446  0.1923096E+02  0.3439427E+02  0.5266982E+01 -0.6606733E-05  0.2517853E-04  0.1926769E-04
Ar  1447  0.1899669E+02  0.3174047E+02  0.7731790E+01  0.5599507E-04  0.6535899E-04 -0.4478537E-04
Ar  1448  0.1621924E+02  0.3426125E+02  0.7815007E+01 -0.6109540E-04  0.7081820E-05 -0.1254593E-04
Ar  1449  0.1644646E+02  0.3179299E+02  0.1035208E+02  0.2550791E-04  0.1013928E-04  0.6569459E-04
Ar  1450  0.1899290E+02  0.3437700E+02  0.1019558E+02  0.9815842E-05 -0.7802555E-04  0.3836058E-04
Ar  1451  0.1890859E+02  0.3194610E+02  0.1268968E+02 -0.1132331E-04 -0.5074214E-04  0.3278003E-04
Ar  1452  0.1645954E+02  0.3431507E+02  0.1277803E+02  0.9571589E-04  0.3899303E-04 -0.5077561E-04
Ar  1453  0.1634997E+02  0.3175797E+02  0.1542237E+02  0.8834148E-05 -0.8023341E-05  0.5407274E-04
Ar  1454  0.1891266E+02  0.3447684E+02  0.1518866E+02  0.6830028E-05 -0.9985066E-04  0.6205668E-04
Ar  1455  0.1913277E+02  0.3196858E+02  0.1791683E+02 -0.5254439E-04 -0.1748104E-04  0.1033106E-03
Ar  1456  0.1657052E+02  0.3474533E+02  0.1820565E+02 -0.2378728E-04 -0.3702288E-04 -0.9038058E-04
Ar  1457  0.1661501E+02  0.3191307E+02  0.2083082E+02 -0.1041305E-04 -0.8144976E-04  0.2785021E-04
Ar  1458  0.1905613E+02  0.3477779E+02  0.2069042E+02 -0.5888443E-04  0.3285713E-04  0.1924174E-04
Ar  1459  0.1907302E+02  0.3191579E+02  0.2342367E+02  0.2521934E-04 -0.3023879E-04 -0.2493638E-04
Ar  1460  0.1645663E+02  0.3454950E+02  0.2327538E+02 -0.3016786E-04  0.4332443E-04 -0.2752949E-04
Ar  1461  0.1631610E+02  0.3215603E+02  0.2576168E+02  0.6455585E-04 -0.6330591E-05 -0.2141003E-04
Ar  1462  0.1900016E+02  0.3465554E+02  0.2574757E+02 -0.1675645E-04  0.1040549E-04 -0.1120854E-04
Ar  1463  0.1900218E+02  0.3222857E+02  0.2827953E+02 -0.5670340E-05  0.8600441E-04 -0.1083992E-03
Ar  1464  0.1643664E+02  0.3459923E+02  0.2842116E+02  0.5009539E-07 -0.3318980E-05 -0.2177889E-04
Ar  1465  0.1661339E+02  0.3188400E+02  0.3095826E+02 -0.3142306E-04  0.4199304E-04 -0.1184559E-03
Ar  1466  0.1914799E+02  0.3478548E+02  0.3094171E+02  0.2757429E-04 -0.1131207E-04  0.2898360E-04
Ar  1467  0.1919917E+02  0.3216542E+02  0.3353865E+02 -0.3714115E-04  0.4563965E-04  0.2634994E-04
Ar  1468  0.1640689E+02  0.3442970E+02  0.3348302E+02 -0.5142528E-04 -0.1717610E-04  0.2907368E-04
Ar  1469  0.1641302E+02  0.3193811E+02  0.3603775E+02 -0.3727303E-04  0.4052394E-04  0.2635346E-05
Ar  1470  0.1896180E+02  0.3443382E+02  0.3608506E+02 -0.8909205E-04  0.5759559E-04  0.2835194E-04
Ar  1471  0.1918647E+02  0.3230380E+02  0.3873348E+02  0.1024309E-04  0.7778418E-04  0.5623117E-05
Ar  1472  0.1636236E+02  0.3440631E+02  0.3868735E+02 -0.1529369E-03  0.5104247E-04 -0.1118088E-04
Ar  1473  0.1641585E+02  0.3188044E+02  0.4136450E+02  0.2099667E-04  0.3728821E-04 -0.9102990E-04
Ar  1474  0.1904618E+02  0.3470124E+02  0.4128222E+02 -0.7878980E-04  0.7703946E-05 -0.1036498E-03
Ar  1475  0.1925834E+02  0.3185671E+02  0.4379352E+02 -0.3069276E-04 -0.1696773E-04  0.1611008E-04
Ar  1476  0.1642575E+02  0.3435256E+02  0.4395578E+02 -0.3537564E-04  0.8957053E-05  0.3447291E-04
Ar  1477  0.1673738E+02  0.3218140E+02  0.4651651E+02  0.7830929E-04  0.4205056E-05  0.6980213E-04
Ar  1478  0.1935252E+02  0.3453539E+02  0.4669113E+02 -0.1856119E-04 -0.5206056E-04  0.7563436E-04
Ar  1479  0.1907364E+02  0.3183692E+02  0.4916202E+02 -0.5075045E-04  0.6901082E-05  0.2255777E-05
Ar  1480  0.1650967E+02  0.3446863E+02  0.4919430E+02 -0.6668651E-04 -0.3596407E-04  0.4122497E-04
Ar  1481  0.1652651E+02  0.3706105E+02  0.6071292E-01 -0.4228499E-04 -0.5982259E-05  0.3338032E-04
Ar  1482  0.1906542E+02  0.3971985E+02  0.1395245E+00 -0.9264004E-05  0.7086321E-04  0.3219430E-05
Ar  1483  0.1921753E+02  0.3707077E+02  0.2616003E+01 -0.3971199E-05 -0.3154221E-04  0.2845206E-04
Ar  1484  0.1628495E+02  0.3967806E+02  0.2557498E+01 -0.2199084E-04 -0.5236278E-04  0.1682173E-05
Ar  1485  0.1627748E+02  0.3702862E+02  0.5055179E+01  0.6496710E-04 -0.2414815E-06  0.3810183E-04
Ar  1486  0.1915182E+02  0.3953928E+02  0.5058592E+01  0.1172492E-04 -0.5526511E-04 -0.7238897E-05
Ar  1487  0.1887661E+02  0.3710748E+02  0.7674688E+01  0.2050878E-04 -0.2296519E-04 -0.1184571E-05
Ar  1488  0.1644157E+02  0.3960806E+02  0.7762329E+01 -0.4791827E-05  0.7280719E-05  0.2819702E-07
Ar  1489  0.1638850E+02  0.3690599E+02  0.1016096E+02 -0.4791685E-04 -0.5781805E-04  0.1216085E-04
Ar  1490  0.1905750E+02  0.3966096E+02  0.1026736E+02  0.5103718E-04  0.4638529E-04  0.5952250E-04
Ar  1491  0.1882776E+02  0.3710045E+02  0.1286026E+02 -0.2196545E-04 -0.5128526E-04  0.1043366E-04
Ar  1492  0.1643425E+02  0.3962375E+02  0.1264047E+02  0.6963815E-05 -0.2236033E-04 -0.5720046E-04
Ar  1493  0.1652407E+02  0.3712076E+02  0.1555691E+02  0.5584734E-04  0.2925769E-04 -0.1413386E-03
Ar  1494  0.1898509E+02  0.3962267E+02  0.1545882E+02 -0.9001083E-04  0.2338402E-04  0.4441764E-04
Ar  1495  0.1924364E+02  0.3727441E+02  0.1806766E+02  0.2669906E-04 -0.5388259E-05 -0.2273024E-04
Ar  1496  0.1640693E+02  0.3975628E+02  0.1801752E+02 -0.6235060E-04 -0.1788025E-04  0.1106452E-04
Ar  1497  0.1640521E+02  0.3722745E+02  0.2075746E+02 -0.1602803E-04 -0.3229347E-05  0.5075443E-04
Ar  1498  0.1924884E+02  0.3966804E+02  0.2064776E+02 -0.5599494E-04 -0.2758667E-04  0.9241358E-05
Ar  1499  0.1917421E+02  0.3723145E+02  0.2331613E+02 -0.5247123E-04 -0.2523799E-04  0.4425191E-04
Ar  1500  0.1668392E+02  0.3971493E+02  0.2332361E+02  0.5546168E-05 -0.2302540E-04 -0.1223845E-04
Ar  1501  0.1638425E+02  0.3709621E+02  0.2583681E+02  0.1515291E-04  0.1317164E-04 -0.5701697E-04
Ar  1502  0.1899399E+02  0.3962254E+02  0.2596958E+02 -0.7329736E-04 -0.4188848E-04  0.8980836E-05
Ar  1503  0.1913778E+02  0.3742721E+02  0.2864971E+02 -0.3459516E-05 -0.5115950E-04 -0.1541274E-04
Ar  1504  0.1653464E+02  0.3978555E+02  0.2863717E+02 -0.2460927E-04  0.3776814E-04 -0.8392925E-04
Ar  1505  0.1654887E+02  0.3720124E+02  0.3099337E+02  0.2929168E-04  0.1279029E-04 -0.1309484E-04
Ar  1506  0.1914688E+02  0.3991786E+02  0.3115505E+02 -0.3361188E-04 -0.6436305E-05  0.1100118E-03
Ar  1507  0.1906448E+02  0.3709961E+02  0.3341852E+02 -0.5639714E-04  0.7456003E-04 -0.4420215E-04
Ar  1508  0.1664205E+02  0.3976371E+02  0.3351455E+02  0.8082018E-04  0.3086984E-04 -0.3674781E-04
Ar  1509  0.1661425E+02  0.3711984E+02  0.3598251E+02 -0.4029957E-04 -0.1418729E-04  0.9350402E-05
Ar  1510  0.1912720E+02  0.3989625E+02  0.3642773E+02 -0.4172041E-04  0.3119886E-04  0.4491726E-04
Ar  1511  0.1902742E+02  0.3707534E+02  0.3878166E+02 -0.3755778E-04 -0.5665707E-04 -0.1965628E-04
Ar  1512  0.1642991E+02  0.3961717E+02  0.3890605E+02 -0.1975390E-04 -0.4538644E-04 -0.1134487E-03
Ar  1513  0.1639075E+02  0.3696467E+02  0.4121020E+02 -0.2724369E-04  0.2355384E-04 -0.1071667E-03
Ar  1514  0.1927036E+02  0.3965512E+02  0.4139268E+02 -0.6258574E-04  0.2453789E-05 -0.6378757E-04
Ar  1515  0.1894944E+02  0.3704149E+02  0.4381786E+02 -0.7831106E-04 -0.2212717E-04  0.6153257E-04
Ar  1516  0.1667465E+02  0.3940768E+02  0.4396196E+02 -0.6065886E-04 -0.2139422E-04 -0.8746760E-06
Ar  1517  0.1664218E+02  0.3704769E+02  0.4661364E+02  0.5835870E-04 -0.5386560E-04 -0.2356017E-04
Ar  1518  0.1910241E+02  0.3991683E+02  0.4649195E+02 -0.3887687E-04  0.2980347E-04 -0.4690689E-04
Ar  1519  0.1929889E+02  0.3715127E+02  0.4898238E+02  0.3245154E-04  0.2972790E-04  0.6186936E-04
Ar  1520  0.1657161E+02  0.3953999E+02  0.4929193E+02  0.5819711E-04 -0.3707843E-04  0.4638890E-05
Ar  1521  0.1642304E+02  0.4210859E+02  0.5155251E+02 -0.4553327E-04 -0.5933819E-04  0.1403878E-04
Ar  1522  0.1923073E+02  0.4492884E+02  0.3321616E+00  0.3993094E-04  0.7180712E-04  0.1357692E-04
Ar  1523  0.1902528E+02  0.4207472E+02  0.2746961E+01 -0.6841694E-04 -0.4522229E-04  0.3765742E-04
Ar  1524  0.1634575E+02  0.4467667E+02  0.2511323E+01  0.3370458E-04  0.9158133E-05  0.4942845E-05
Ar  1525  0.1659853E+02  0.4233934E+02  0.5398280E+01  0.4916509E-04  0.1825320E-04 -0.3865194E-05
Ar  1526  0.1898421E+02  0.4478852E+02  0.5163492E+01 -0.5083982E-04  0.3799460E-04  0.2629172E-04
Ar  1527  0.1930700E+02  0.4203660E+02  0.7778363E+01 -0.4733302E-06 -0.5185613E-04  0.3590373E-05
Ar  1528  0.1675787E+02  0.4466931E+02  0.7911270E+01 -0.2511172E-04  0.8770936E-04  0.2184247E-05
Ar  1529  0.1645298E+02  0.4221421E+02  0.1041445E+02  0.8186320E-04  0.2245999E-04 -0.1463517E-04
Ar  1530  0.1899653E+02  0.4490705E+02  0.1023489E+02 -0.4562516E-04 -0.2756410E-04 -0.8370095E-04
Ar  1531  0.1896318E+02  0.4229154E+02  0.1285065E+02  0.7265084E-05  0.1235834E-05 -0.1986601E-04
Ar  1532  0.1640332E+02  0.4473602E+02  0.1287301E+02  0.2107546E-04  0.4462094E-04  0.3935208E-04
Ar  1533  0.1642464E+02  0.4228533E+02  0.1527676E+02 -0.4135130E-04 -0.2811335E-05 -0.2410803E-04
Ar  1534  0.1907509E+02  0.4485915E+02  0.1535101E+02  0.2677169E-04  0.2385834E-05  0.1067353E-03
Ar  1535  0.1882542E+02  0.4217763E+02  0.1790589E+02  0.4942595E-05 -0.4290978E-04 -0.8438276E-05
Ar  1536  0.1661327E+02  0.4486943E+02  0.1799597E+02 -0.1321599E-03 -0.2457693E-04 -0.1751539E-04
Ar  1537  0.1638905E+02  0.4233641E+02  0.2073225E+02 -0.1552835E-04 -0.4898037E-04  0.2322769E-04
Ar  1538  0.1916696E+02  0.4484108E+02  0.2066017E+02 -0.5754733E-05  0.4538205E-04 -0.4395863E-04
Ar  1539  0.1904540E+02  0.4223347E+02  0.2306518E+02 -0.1998200E-04 -0.9492888E-04  0.5961701E-04
Ar  1540  0.1651771E+02  0.4500013E+02  0.2326249E+02 -0.1208990E-04  0.9454572E-05  0.1281386E-04
Ar  1541  0.1644279E+02  0.4231081E+02  0.2568833E+02  0.5157018E-04 -0.5646660E-04  0.5413498E-04
Ar  1542  0.1885718E+02  0.4491152E+02  0.2571188E+02  0.3257334E-04  0.2800382E-04  0.5125908E-04
Ar  1543  0.1913093E+02  0.4240882E+02  0.2818100E+02  0.2064248E-04 -0.1847574E-04 -0.6882508E-04
Ar  1544  0.1642018E+02  0.4474307E+02  0.2834616E+02  0.1038945E-04 -0.4845289E-04  0.4454943E-04
Ar  1545  0.1675844E+02  0.4232846E+02  0.3097371E+02  0.9270575E-05  0.1134010E-05 -0.2300721E-04
Ar  1546  0.1937633E+02  0.4473474E+02  0.3116425E+02  0.7956881E-04 -0.5812473E-07  0.3267718E-04
Ar  1547  0.1924249E+02  0.4222573E+02  0.3377503E+02 -0.4474849E-04  0.1388297E-04  0.1044476E-03
Ar  1548  0.1651113E+02  0.4469077E+02  0.3383627E+02  0.5770438E-04  0.6093518E-04  0.1031341E-03
Ar  1549  0.1645026E+02  0.4225578E+02  0.3625817E+02  0.1648454E-04 -0.3593665E-04 -0.4001285E-04
Ar  1550  0.1918908E+02  0.4480495E+02  0.3622321E+02  0.1271932E-03 -0.6580507E-04  0.8893635E-04
Ar  1551  0.1904742E+02  0.4241139E+02  0.3891199E+02  0.9911692E-05  0.1967127E-04  0.5650432E-05
Ar  1552  0.1666741E+02  0.4484001E+02  0.3873070E+02  0.2906221E-04  0.2265822E-04  0.1058951E-03
Ar  1553  0.1644126E+02  0.4248858E+02  0.4128670E+02 -0.8060709E-05 -0.1016204E-04  0.3333408E-04
Ar  1554  0.1930472E+02  0.4499525E+02  0.4142607E+02  0.2156948E-04 -0.4824862E-04  0.6615727E-04
Ar  1555  0.1916597E+02  0.4244304E+02  0.4397470E+02 -0.3523667E-04  0.3388439E-05 -0.5592598E-04
Ar  1556  0.1670889E+02  0.4504113E+02  0.4391192E+02  0.1360736E-04 -0.3185224E-04  0.9531019E-05
Ar  1557  0.1646545E+02  0.4237960E+02  0.4656057E+02 -0.5596786E-05  0.1246213E-04  0.1316842E-04
Ar  1558  0.1915406E+02  0.4474127E+02  0.4677761E+02  0.2841902E-04  0.1996579E-04  0.1626048E-04
Ar  1559  0.1910598E+02  0.4237362E+02  0.4928164E+02  0.1928906E-04 -0.2466816E-05 -0.2175394E-04
Ar  1560  0.1655607E+02  0.4468458E+02  0.4916956E+02  0.6489194E-04 -0.7260225E-04  0.3833761E-04
Ar  1561  0.1662028E+02  0.4742656E+02  0.7591866E-02  0.4173846E-05  0.4693924E-04 -0.1825239E-04
Ar  1562  0.1905784E+02  0.4997213E+02  0.5792501E-01 -0.4322824E-04  0.1262401E-03  0.3804757E-04
Ar  1563  0.1888976E+02  0.4735903E+02  0.2607586E+01 -0.2879821E-04 -0.2133238E-04  0.5124811E-04
Ar  1564  0.1655955E+02  0.5009264E+02  0.2393768E+01  0.4488661E-04 -0.5575650E-05 -0.3943947E-04
Ar  1565  0.1650176E+02  0.4733355E+02  0.5323636E+01 -0.8716862E-04 -0.6500867E-04  0.6553312E-04
Ar  1566  0.1919167E+02  0.4985744E+02  0.5107647E+01  0.1604480E-04  0.3615570E-04 -0.6116122E-04
Ar  1567  0.1904376E+02  0.4746624E+02  0.7831585E+01 -0.1078254E-03 -0.1076419E-03 -0.7608118E-04
Ar  1568  0.1668326E+02  0.5016079E+02  0.7661336E+01  0.1367121E-04  0.1175980E-04  0.7208332E-04
Ar  1569  0.1665377E+02  0.4751907E+02  0.1015395E+02  0.2655915E-04  0.2849305E-04 -0.2006331E-04
Ar  1570  0.1925280E+02  0.5012102E+02  0.1018596E+02  0.6349803E-04 -0.2890005E-04 -0.3451299E-04
Ar  1571  0.1914550E+02  0.4745941E+02  0.1284307E+02  0.8797300E-04 -0.5255557E-04 -0.1077683E-03
Ar  1572  0.1660743E+02  0.4981951E+02  0.1267375E+02  0.6425536E-04 -0.4059303E-04 -0.9035579E-05
Ar  1573  0.1646525E+02  0.4721188E+02  0.1541767E+02  0.2978786E-04 -0.1136834E-03  0.3490511E-04
Ar  1574  0.1905006E+02  0.4991436E+02  0.1560416E+02  0.3421139E-04  0.3075279E-04  0.6023083E-04
Ar  1575  0.1919517E+02  0.4727850E+02  0.1805396E+02  0.7218227E-04  0.1642613E-05  0.5550694E-04
Ar  1576  0.1642295E+02  0.4991925E+02  0.1796262E+02 -0.2878824E-04 -0.2105920E-04  0.3053672E-04
Ar  1577  0.1665416E+02  0.4732616E+02  0.2061243E+02  0.1528337E-04 -0.2754330E-04 -0.1095324E-03
Ar  1578  0.1930963E+02  0.4980808E+02  0.2058725E+02  0.1618857E-04  0.8426241E-06 -0.4024109E-04
Ar  1579  0.1915379E+02  0.4742855E+02  0.2318462E+02  0.3984611E-04 -0.4252483E-04 -0.1021222E-04
Ar  1580  0.1665873E+02  0.4992960E+02  0.2308555E+02  0.6316920E-04 -0.5826625E-05  0.1632873E-05
Ar  1581  0.1633768E+02  0.4735882E+02  0.2581811E+02  0.3478826E-04  0.7573051E-04  0.4708484E-04
Ar  1582  0.1916873E+02  0.4991828E+02  0.2568920E+02  0.7824779E-05 -0.3324842E-04 -0.2254319E-04
Ar  1583  0.1905376E+02  0.4732250E+02  0.2862116E+02  0.5296612E-04  0.4039403E-04  0.3135306E-05
Ar  1584  0.1668647E+02  0.5023017E+02  0.2856133E+02 -0.1610688E-04  0.2543192E-04 -0.2505422E-04
Ar  1585  0.1649501E+02  0.4715472E+02  0.3115326E+02 -0.1891002E-04  0.1506951E-05 -0.6853982E-04
Ar  1586  0.1932923E+02  0.4995386E+02  0.3101706E+02  0.1399808E-04  0.6526236E-04 -0.1471469E-04
Ar  1587  0.1910451E+02  0.4742874E+02  0.3374778E+02 -0.1044408E-03  0.6931500E-04  0.3046108E-04
Ar  1588  0.1645452E+02  0.5005228E+02  0.3323020E+02 -0.3060689E-04  0.6679668E-04  0.3511893E-04
Ar  1589  0.1638257E+02  0.4753102E+02  0.3627591E+02 -0.5017840E-05  0.8087631E-04  0.3943075E-04
Ar  1590  0.1906997E+02  0.4993828E+02  0.3618972E+02  0.2636250E-04 -0.4173819E-04 -0.7248301E-04
Ar  1591  0.1915668E+02  0.4735532E+02  0.3877470E+02 -0.2578911E-04 -0.1054008E-04 -0.9144705E-05
Ar  1592  0.1658708E+02  0.4990209E+02  0.3869007E+02  0.1408542E-04 -0.2162301E-04  0.1673802E-04
Ar  1593  0.1659566E+02  0.4732541E+02  0.4134937E+02  0.2061749E-04 -0.1473663E-04  0.3216385E-04
Ar  1594  0.1921976E+02  0.4986500E+02  0.4137319E+02 -0.4434339E-04  0.2734576E-04 -0.1431005E-04
Ar  1595  0.1926492E+02  0.4742245E+02  0.4401082E+02  0.1985882E-04 -0.1596728E-04  0.4796852E-05
Ar  1596  0.1655744E+02  0.4994923E+02  0.4376120E+02 -0.4752467E-04 -0.3637589E-04 -0.9361900E-05
Ar  1597  0.1659197E+02  0.4754896E+02  0.4658341E+02 -0.1066778E-04  0.4273075E-04 -0.8971677E-05
Ar  1598  0.1929536E+02  0.5002841E+02  0.4652543E+02 -0.3991698E-04 -0.2174403E-04 -0.4043326E-04
Ar  1599  0.1922671E+02  0.4748804E+02  0.4896593E+02  0.1768559E-04  0.7530155E-04 -0.3176137E-05
Ar  1600  0.1664320E+02  0.5010088E+02  0.4900427E+02 -0.6735442E-04 -0.3244672E-04 -0.5271652E-05
Ar  1601  0.2194425E+02  0.1039215E+01  0.5150449E+02 -0.2363388E-05 -0.1694521E-04  0.2284688E-04
Ar  1602  0.2447028E+02  0.3513554E+01  0.5148211E+02  0.4308804E-04  0.3392577E-04 -0.1131710E-04
Ar  1603  0.2433514E+02  0.1106280E+01  0.2423614E+01  0.1813032E-04  0.1651548E-04  0.8009677E-04
Ar  1604  0.2190196E+02  0.3604909E+01  0.2668734E+01  0.5568194E-04 -0.6249801E-04 -0.8514843E-05
Ar  1605  0.2181001E+02  0.1023235E+01  0.5168419E+01 -0.2842062E-04 -0.3376430E-04 -0.8669736E-04
Ar  1606  0.2468035E+02  0.3517784E+01  0.5208272E+01  0.2886107E-04 -0.4406171E-04 -0.2014976E-04
Ar  1607  0.2431836E+02  0.1064690E+01  0.7917955E+01  0.2506445E-04  0.4387780E-04 -0.5327514E-04
Ar  1608  0.2182762E+02  0.3521743E+01  0.7765372E+01 -0.1879795E-05 -0.9251029E-04  0.5073982E-04
Ar  1609  0.2168672E+02  0.9510958E+00  0.1032596E+02  0.4512547E-04 -0.2283020E-04 -0.1826764E-04
Ar  1610  0.2415565E+02  0.3582255E+01  0.1053423E+02 -0.3845965E-04 -0.3537620E-05 -0.1934974E-04
Ar  1611  0.2412179E+02  0.8318458E+00  0.1301480E+02  0.4143558E-04  0.1027772E-03 -0.1202656E-04
Ar  1612  0.2173990E+02  0.3525578E+01  0.1306440E+02 -0.7048993E-04 -0.8869883E-05 -0.2601070E-04
Ar  1613  0.2176663E+02  0.9105068E+00  0.1561972E+02 -0.1472220E-04 -0.2567225E-04  0.1948836E-04
Ar  1614  0.2412517E+02  0.3807490E+01  0.1557542E+02 -0.5351078E-04 -0.5851501E-04 -0.2666391E-04
Ar  1615  0.2424752E+02  0.8953136E+00  0.1813199E+02 -0.1161999E-03 -0.4608547E-04 -0.2542165E-04
Ar  1616  0.2167625E+02  0.3479908E+01  0.1814474E+02 -0.9877054E-04 -0.3863327E-04  0.1954192E-04
Ar  1617  0.2182354E+02  0.9373822E+00  0.2058445E+02 -0.2587584E-04  0.4732521E-04  0.4436555E-04
Ar  1618  0.2431856E+02  0.3824212E+01  0.2077813E+02  0.6682753E-05 -0.4461582E-05 -0.8729035E-04
Ar  1619  0.2452121E+02  0.1008714E+01  0.2325472E+02  0.2498376E-05  0.3570122E-04  0.7033854E-04
Ar  1620  0.2183990E+02  0.3429471E+01  0.2322751E+02  0.7278618E-05  0.2735686E-04 -0.3326412E-04
Ar  1621  0.2194760E+02  0.1002622E+01  0.2578120E+02 -0.6553303E-04  0.5552520E-04 -0.2818068E-04
Ar  1622  0.2435661E+02  0.3740973E+01  0.2584465E+02  0.6979952E-04  0.4673207E-04 -0.1256656E-04
Ar  1623  0.2428952E+02  0.1174950E+01  0.2844206E+02 -0.1424495E-04 -0.6290533E-04 -0.2708108E-04
Ar  1624  0.2177844E+02  0.3650811E+01  0.2843396E+02 -0.3632826E-04  0.4154361E-04  0.3040947E-05
Ar  1625  0.2177552E+02  0.1187425E+01  0.3089020E+02 -0.2553035E-04  0.2399977E-05 -0.7615384E-05
Ar  1626  0.2418361E+02  0.3826150E+01  0.3117067E+02  0.5952013E-05 -0.9273090E-04 -0.2655680E-04
Ar  1627  0.2449490E+02  0.9760681E+00  0.3353737E+02 -0.4898004E-04  0.6905349E-06 -0.2007541E-04
Ar  1628  0.2176513E+02  0.3723455E+01  0.3370855E+02  0.6176004E-05 -0.3285499E-04  0.9436474E-04
Ar  1629  0.2156350E+02  0.1059358E+01  0.3600990E+02 -0.5561134E-04  0.4370947E-04 -0.4731329E-04
Ar  1630  0.2422334E+02  0.3656026E+01  0.3610636E+02 -0.2345186E-04 -0.3630898E-04 -0.7752927E-04
Ar  1631  0.2415289E+02  0.1051690E+01  0.3871127E+02  0.4435703E-04  0.1249271E-04 -0.6233805E-04
Ar  1632  0.2179437E+02  0.3424839E+01  0.3877389E+02 -0.4347731E-04 -0.1190552E-03  0.1475868E-04
Ar  1633  0.2152477E+02  0.8339752E+00  0.4112009E+02 -0.1658427E-04 -0.9490976E-04  0.8971399E-04
Ar  1634  0.2425952E+02  0.3603824E+01  0.4130337E+02  0.6189578E-04 -0.4828919E-04  0.4533136E-04
Ar  1635  0.2432102E+02  0.1056798E+01  0.4373773E+02 -0.5662977E-05 -0.7994940E-05  0.6393484E-04
Ar  1636  0.2170725E+02  0.3834995E+01  0.4376774E+02 -0.4006282E-04 -0.7277569E-04  0.3091664E-04
Ar  1637  0.2190618E+02  0.9475037E+00  0.4665707E+02  0.2033606E-04 -0.8394805E-04 -0.8289783E-04
Ar  1638  0.2443941E+02  0.3629263E+01  0.4637248E+02 -0.1202338E-04 -0.4856886E-04  0.9237944E-04
Ar  1639  0.2454062E+02  0.8974963E+00  0.4895178E+02 -0.5723892E-04  0.8283555E-05  0.4048900E-05
Ar  1640  0.2189502E+02  0.3702156E+01  0.4891739E+02 -0.5973586E-04  0.4097420E-04 -0.4861359E-04
Ar  1641  0.2171162E+02  0.6103968E+01  0.6117885E-01  0.6304820E-05 -0.3091629E-04 -0.1691184E-04
Ar  1642  0.2412695E+02  0.8557425E+01  0.5146556E+02  0.7874305E-05 -0.2486128E-04  0.1989117E-06
Ar  1643  0.2424697E+02  0.6205998E+01  0.2524799E+01  0.1145635E-04  0.1318974E-04  0.2049607E-04
Ar  1644  0.2175729E+02  0.8762247E+01  0.2748252E+01  0.1956234E-04 -0.4306970E-04 -0.6298241E-04
Ar  1645  0.2177265E+02  0.6164430E+01  0.5388043E+01 -0.1819134E-04  0.3732667E-04 -0.1780969E-05
Ar  1646  0.2434849E+02  0.8848834E+01  0.5363070E+01  0.2557955E-04 -0.2366542E-04  0.4257810E-04
Ar  1647  0.2441697E+02  0.6167741E+01  0.8070436E+01  0.2696922E-05 -0.1183014E-04  0.1057592E-03
Ar  1648  0.2174140E+02  0.8836420E+01  0.7937559E+01 -0.4964850E-04 -0.5562726E-04  0.5928904E-04
Ar  1649  0.2179706E+02  0.6160927E+01  0.1069166E+02 -0.2625764E-04  0.7827626E-04 -0.8041906E-04
Ar  1650  0.2432314E+02  0.8695034E+01  0.1057702E+02  0.3169851E-04 -0.3163253E-04  0.7014886E-05
Ar  1651  0.2423200E+02  0.6373503E+01  0.1300265E+02  0.6664906E-04  0.1941284E-04 -0.1509004E-05
Ar  1652  0.2172346E+02  0.8844836E+01  0.1287623E+02  0.1398643E-04 -0.1549249E-04 -0.2649383E-04
Ar  1653  0.2155290E+02  0.6250128E+01  0.1543519E+02 -0.4626598E-04 -0.1746394E-04  0.1731790E-04
Ar  1654  0.2428090E+02  0.8677777E+01  0.1560176E+02 -0.1803876E-04 -0.1742925E-04  0.2169275E-04
Ar  1655  0.2418395E+02  0.6264926E+01  0.1816110E+02 -0.1942868E-04 -0.1306007E-04  0.2664423E-04
Ar  1656  0.2150177E+02  0.8687411E+01  0.1812832E+02 -0.1766843E-04 -0.8220770E-04 -0.2951956E-05
Ar  1657  0.2154365E+02  0.6087676E+01  0.2077197E+02  0.4727043E-04  0.3477291E-05 -0.4951594E-04
Ar  1658  0.2433925E+02  0.8688395E+01  0.2057373E+02  0.8676036E-05  0.2221708E-04 -0.1077802E-06
Ar  1659  0.2418278E+02  0.6373860E+01  0.2331926E+02  0.2579642E-04  0.3395544E-04  0.2802595E-04
Ar  1660  0.2173782E+02  0.8779956E+01  0.2328776E+02  0.4582966E-04  0.7860929E-04  0.3617747E-04
Ar  1661  0.2182000E+02  0.6186568E+01  0.2588380E+02  0.4685025E-04  0.1028147E-04  0.4101772E-04
Ar  1662  0.2429907E+02  0.8910080E+01  0.2591772E+02  0.1614221E-04  0.1679598E-04 -0.8277501E-05
Ar  1663  0.2448690E+02  0.6348914E+01  0.2852925E+02  0.2333234E-04  0.2806082E-04  0.4468363E-05
Ar  1664  0.2164622E+02  0.9019594E+01  0.2831644E+02 -0.4993778E-04  0.7723609E-04 -0.3163002E-04
Ar  1665  0.2159471E+02  0.6168737E+01  0.3106874E+02  0.2366625E-04 -0.3418713E-04 -0.7054373E-04
Ar  1666  0.2417801E+02  0.8943049E+01  0.3092339E+02  0.2698292E-04  0.5989368E-04  0.1368074E-04
Ar  1667  0.2426589E+02  0.6342796E+01  0.3350237E+02  0.2705533E-04  0.4387668E-04  0.4567563E-04
Ar  1668  0.2176602E+02  0.8772471E+01  0.3366486E+02 -0.2539898E-04  0.9300397E-04  0.4691012E-04
Ar  1669  0.2158211E+02  0.6204628E+01  0.3606410E+02 -0.5078092E-04  0.1517722E-04 -0.1415102E-04
Ar  1670  0.2426678E+02  0.8551949E+01  0.3618927E+02 -0.6033174E-04 -0.3190167E-04  0.3651181E-04
Ar  1671  0.2418039E+02  0.5991293E+01  0.3883156E+02 -0.3444296E-04 -0.7857828E-05 -0.6398672E-04
Ar  1672  0.2184310E+02  0.8652568E+01  0.3878655E+02  0.1383567E-04 -0.3820379E-04 -0.4296506E-04
Ar  1673  0.2180535E+02  0.6064156E+01  0.4123510E+02  0.9609111E-05 -0.5231549E-05 -0.4752950E-04
Ar  1674  0.2425278E+02  0.8824611E+01  0.4135616E+02  0.2367127E-05 -0.1552276E-04  0.3678921E-04
Ar  1675  0.2463646E+02  0.6194975E+01  0.4379349E+02 -0.1593246E-04 -0.6258744E-04 -0.4184239E-04
Ar  1676  0.2176634E+02  0.8719421E+01  0.4395162E+02 -0.4115790E-04  0.4458824E-04 -0.2957414E-04
Ar  1677  0.2176950E+02  0.6149367E+01  0.4644798E+02 -0.7779162E-04  0.4683596E-04 -0.2346878E-04
Ar  1678  0.2444361E+02  0.8724441E+01  0.4633375E+02  0.4126087E-04  0.1363557E-04 -0.3241457E-04
Ar  1679  0.2445612E+02  0.6049836E+01  0.4904403E+02 -0.2960382E-04 -0.2022967E-04  0.2643613E-04
Ar  1680  0.2194251E+02  0.8779870E+01  0.4887774E+02  0.1475297E-05 -0.3815352E-04 -0.7489195E-04
Ar  1681  0.2160569E+02  0.1144982E+02  0.1159409E+00  0.1544612E-04  0.4735121E-04 -0.1469667E-05
Ar  1682  0.2424645E+02  0.1391515E+02  0.2039748E+00 -0.8528106E-04  0.6112048E-04  0.1956394E-04
Ar  1683  0.2427754E+02  0.1119409E+02  0.2643025E+01 -0.4119666E-04 -0.1868895E-04 -0.2482176E-04
Ar  1684  0.2152346E+02  0.1394789E+02  0.2549952E+01  0.3023672E-05 -0.3171273E-05  0.5923590E-04
Ar  1685  0.2171402E+02  0.1132330E+02  0.5201807E+01 -0.5556568E-04  0.1913225E-07 -0.9309217E-04
Ar  1686  0.2424051E+02  0.1401827E+02  0.5264828E+01  0.2939062E-04 -0.4490424E-04  0.2236157E-04
Ar  1687  0.2416435E+02  0.1139269E+02  0.7895732E+01 -0.1767392E-04  0.6331539E-04  0.2183094E-04
Ar  1688  0.2166817E+02  0.1381805E+02  0.7672095E+01 -0.2812964E-04 -0.2614679E-04 -0.4402124E-04
Ar  1689  0.2167594E+02  0.1144298E+02  0.1050322E+02 -0.7889643E-05  0.7379563E-05 -0.2217323E-04
Ar  1690  0.2406331E+02  0.1387273E+02  0.1061085E+02  0.8270862E-05  0.1944213E-04  0.2428530E-04
Ar  1691  0.2411830E+02  0.1129445E+02  0.1309518E+02 -0.1838259E-04 -0.1875458E-04 -0.1754023E-04
Ar  1692  0.2170091E+02  0.1402130E+02  0.1302443E+02  0.4514120E-04 -0.5880752E-04 -0.7181865E-05
Ar  1693  0.2173117E+02  0.1115026E+02  0.1575939E+02 -0.1957510E-04 -0.1003475E-04  0.6693149E-04
Ar  1694  0.2410506E+02  0.1407870E+02  0.1572982E+02  0.5553760E-04  0.8343532E-04  0.1355684E-04
Ar  1695  0.2434308E+02  0.1125891E+02  0.1815550E+02 -0.3170654E-04 -0.2769927E-04 -0.2720266E-04
Ar  1696  0.2163578E+02  0.1370692E+02  0.1839685E+02 -0.7562254E-04  0.2075334E-04 -0.1925092E-04
Ar  1697  0.2189564E+02  0.1122977E+02  0.2092586E+02  0.7257120E-04  0.6581151E-04 -0.1740497E-04
Ar  1698  0.2422395E+02  0.1402006E+02  0.2068728E+02  0.3435044E-04  0.4078623E-04 -0.1303994E-03
Ar  1699  0.2435372E+02  0.1161178E+02  0.2315406E+02  0.9064480E-05  0.4152892E-04  0.9827053E-05
Ar  1700  0.2154430E+02  0.1411277E+02  0.2322423E+02  0.1865424E-04  0.3426975E-04  0.5486598E-04
Ar  1701  0.2161948E+02  0.1136793E+02  0.2592686E+02  0.4153517E-04 -0.1169546E-04  0.4325629E-07
Ar  1702  0.2415243E+02  0.1410854E+02  0.2597737E+02 -0.2735878E-04  0.3970647E-04  0.3636463E-04
Ar  1703  0.2414867E+02  0.1144589E+02  0.2831618E+02  0.4073337E-05  0.7207419E-04  0.2678865E-04
Ar  1704  0.2161421E+02  0.1385725E+02  0.2845136E+02 -0.2549679E-04 -0.2991128E-04  0.3717662E-04
Ar  1705  0.2149767E+02  0.1127093E+02  0.3100045E+02  0.3171250E-04 -0.3305460E-04 -0.5147357E-04
Ar  1706  0.2414392E+02  0.1413286E+02  0.3096912E+02  0.4544514E-04  0.1964577E-04 -0.3590545E-04
Ar  1707  0.2405062E+02  0.1141047E+02  0.3348003E+02 -0.7001807E-04  0.1019074E-03  0.4103246E-04
Ar  1708  0.2162682E+02  0.1394879E+02  0.3345978E+02  0.2772041E-06 -0.1130684E-03 -0.5718600E-04
Ar  1709  0.2149997E+02  0.1122060E+02  0.3625573E+02 -0.5537596E-06 -0.5083390E-04  0.2422546E-04
Ar  1710  0.2412454E+02  0.1394137E+02  0.3630062E+02  0.2217904E-04  0.4990380E-04 -0.3394575E-04
Ar  1711  0.2411920E+02  0.1113983E+02  0.3868158E+02  0.5159418E-04  0.3893443E-05  0.4078103E-04
Ar  1712  0.2136598E+02  0.1378968E+02  0.3883624E+02 -0.1097303E-04 -0.1027372E-03 -0.2760533E-04
Ar  1713  0.2168977E+02  0.1125837E+02  0.4138407E+02 -0.4918176E-04  0.2376705E-04  0.2917601E-04
Ar  1714  0.2418577E+02  0.1382475E+02  0.4129307E+02 -0.1211986E-04  0.7304890E-04  0.3521296E-04
Ar  1715  0.2420176E+02  0.1130644E+02  0.4414241E+02  0.9011702E-05 -0.2447307E-04 -0.1317343E-04
Ar  1716  0.2155185E+02  0.1379904E+02  0.4387912E+02 -0.3402285E-04 -0.1407232E-04  0.2389995E-04
Ar  1717  0.2145505E+02  0.1130378E+02  0.4636729E+02 -0.9555607E-05  0.8691177E-05  0.6133186E-04
Ar  1718  0.2443618E+02  0.1377743E+02  0.4644495E+02 -0.1172681E-04 -0.1193849E-04 -0.8423027E-05
Ar  1719  0.2444316E+02  0.1119429E+02  0.4895404E+02 -0.6410309E-04  0.4059903E-05  0.6573172E-05
Ar  1720  0.2156943E+02  0.1363377E+02  0.4890008E+02  0.1712136E-04  0.2871630E-04  0.3762213E-04
Ar  1721  0.2173306E+02  0.1643933E+02  0.5140691E+02 -0.1525736E-04 -0.4360566E-04  0.2789715E-04
Ar  1722  0.2425628E+02  0.1880156E+02  0.2433949E-01 -0.3545011E-04  0.2400705E-04  0.3308413E-04
Ar  1723  0.2424816E+02  0.1627311E+02  0.2547197E+01  0.3338479E-04 -0.1576074E-04 -0.6243963E-04
Ar  1724  0.2156611E+02  0.1913159E+02  0.2661436E+01 -0.1809215E-04 -0.4368244E-04  0.1057483E-03
Ar  1725  0.2167654E+02  0.1657796E+02  0.5056739E+01 -0.9788555E-05 -0.3408290E-04  0.2993438E-04
Ar  1726  0.2422921E+02  0.1885226E+02  0.5053054E+01  0.6733699E-05 -0.8510720E-04 -0.2706183E-04
Ar  1727  0.2418158E+02  0.1635924E+02  0.7913667E+01  0.3913479E-04 -0.2485621E-05  0.4683805E-04
Ar  1728  0.2170249E+02  0.1923077E+02  0.8003505E+01  0.7339061E-04 -0.4543743E-04 -0.8559891E-04
Ar  1729  0.2169916E+02  0.1657022E+02  0.1029706E+02  0.7100675E-04 -0.2536666E-04  0.3190239E-04
Ar  1730  0.2418439E+02  0.1903159E+02  0.1053717E+02  0.1139402E-04 -0.5080802E-04  0.4992534E-04
Ar  1731  0.2428894E+02  0.1651245E+02  0.1305371E+02 -0.8089045E-05  0.6113322E-04 -0.3096859E-04
Ar  1732  0.2155309E+02  0.1914595E+02  0.1321852E+02  0.6385375E-04  0.7538028E-04  0.1422735E-05
Ar  1733  0.2186384E+02  0.1659608E+02  0.1565883E+02 -0.2124296E-04 -0.2326449E-04  0.6833801E-04
Ar  1734  0.2419554E+02  0.1941656E+02  0.1545028E+02 -0.4769234E-04 -0.7446218E-05  0.6697927E-04
Ar  1735  0.2424564E+02  0.1663130E+02  0.1825069E+02 -0.5459901E-04 -0.2164169E-04  0.9038580E-05
Ar  1736  0.2176824E+02  0.1923021E+02  0.1808476E+02 -0.3774981E-04 -0.7142921E-05 -0.3434747E-04
Ar  1737  0.2182485E+02  0.1667439E+02  0.2058308E+02 -0.3174333E-05 -0.3760492E-04 -0.4728323E-06
Ar  1738  0.2462547E+02  0.1936866E+02  0.2070337E+02 -0.5650763E-04  0.5699980E-05  0.1561677E-05
Ar  1739  0.2426342E+02  0.1679099E+02  0.2331791E+02  0.1937849E-04  0.4681873E-04 -0.3532780E-04
Ar  1740  0.2149531E+02  0.1917832E+02  0.2327764E+02 -0.1567395E-04 -0.2128242E-04  0.3268772E-04
Ar  1741  0.2168820E+02  0.1665548E+02  0.2599363E+02  0.4512623E-04 -0.3096468E-04 -0.3547640E-04
Ar  1742  0.2433287E+02  0.1908659E+02  0.2584655E+02  0.6798235E-04 -0.4759272E-04 -0.4677939E-04
Ar  1743  0.2411542E+02  0.1667250E+02  0.2828137E+02  0.1062406E-03  0.1009374E-03  0.4070450E-04
Ar  1744  0.2153292E+02  0.1936723E+02  0.2823808E+02 -0.1469981E-03  0.1135471E-04 -0.6076493E-04
Ar  1745  0.2174307E+02  0.1667928E+02  0.3080430E+02 -0.1429798E-05 -0.8506204E-04  0.1807078E-04
Ar  1746  0.2431467E+02  0.1898465E+02  0.3090556E+02  0.5477486E-04  0.3825330E-04 -0.1802914E-04
Ar  1747  0.2411385E+02  0.1651402E+02  0.3371453E+02 -0.7965038E-04 -0.6622782E-04 -0.5628707E-04
Ar  1748  0.2178769E+02  0.1922734E+02  0.3362346E+02  0.9888473E-05  0.4451773E-04 -0.1657746E-04
Ar  1749  0.2151189E+02  0.1638442E+02  0.3624801E+02 -0.3656794E-04  0.2262671E-04  0.3859637E-04
Ar  1750  0.2430516E+02  0.1897615E+02  0.3631137E+02  0.4869058E-04 -0.1709321E-04 -0.2483160E-04
Ar  1751  0.2424171E+02  0.1671073E+02  0.3892296E+02  0.1896749E-05 -0.6375762E-04  0.1207286E-03
Ar  1752  0.2168830E+02  0.1921275E+02  0.3877751E+02  0.6223212E-04  0.4720160E-04 -0.9759685E-05
Ar  1753  0.2172249E+02  0.1646909E+02  0.4119619E+02  0.2734654E-04 -0.3770095E-04 -0.2567081E-05
Ar  1754  0.2427725E+02  0.1900715E+02  0.4160700E+02  0.3102209E-04  0.5886785E-06 -0.3445367E-04
Ar  1755  0.2418697E+02  0.1630963E+02  0.4395648E+02  0.6214213E-04  0.2225587E-04  0.4052435E-04
Ar  1756  0.2180794E+02  0.1903343E+02  0.4413186E+02 -0.8728718E-04 -0.5067076E-04  0.6932042E-04
Ar  1757  0.2174807E+02  0.1636383E+02  0.4666127E+02 -0.1696121E-04 -0.5079563E-04 -0.8773546E-05
Ar  1758  0.2422403E+02  0.1878899E+02  0.4657323E+02  0.1225003E-04  0.1104398E-06 -0.5745704E-04
Ar  1759  0.2437438E+02  0.1611312E+02  0.4896135E+02  0.2019961E-04 -0.8524097E-05 -0.2366170E-04
Ar  1760  0.2171584E+02  0.1899976E+02  0.4904397E+02 -0.1723361E-04 -0.9568182E-04  0.4521910E-05
Ar  1761  0.2180388E+02  0.2143231E+02  0.1708762E+00  0.3278268E-04  0.5263943E-04 -0.7074312E-04
Ar  1762  0.2401951E+02  0.2409947E+02  0.4948003E-01 -0.3750995E-04  0.2032727E-05 -0.8460929E-04
Ar  1763  0.2409305E+02  0.2150700E+02  0.2657094E+01  0.4591304E-04 -0.2512921E-04 -0.2954881E-04
Ar  1764  0.2156549E+02  0.2421389E+02  0.2647026E+01  0.3384539E-04  0.3442644E-04 -0.2769476E-04
Ar  1765  0.2169651E+02  0.2170620E+02  0.5269313E+01  0.3686158E-04  0.1933939E-04  0.9851194E-05
Ar  1766  0.2432598E+02  0.2426013E+02  0.5238941E+01  0.6269618E-04  0.1885533E-05  0.3076962E-04
Ar  1767  0.2433872E+02  0.2144394E+02  0.7826038E+01 -0.2227727E-04 -0.4104597E-04  0.3246723E-04
Ar  1768  0.2173622E+02  0.2417564E+02  0.8017595E+01  0.3709050E-04 -0.3163807E-04  0.2361620E-04
Ar  1769  0.2154551E+02  0.2161305E+02  0.1062588E+02  0.7992870E-04  0.7667412E-05  0.6501353E-07
Ar  1770  0.2412018E+02  0.2416100E+02  0.1035832E+02 -0.1241169E-04 -0.8474479E-05  0.3092517E-05
Ar  1771  0.2426802E+02  0.2173883E+02  0.1298210E+02  0.1234392E-03  0.3560600E-04  0.2401223E-04
Ar  1772  0.2182045E+02  0.2449141E+02  0.1292364E+02  0.3571409E-05 -0.3798697E-04  0.8002088E-04
Ar  1773  0.2148477E+02  0.2170656E+02  0.1557774E+02  0.4500613E-04  0.5081423E-04  0.3940355E-04
Ar  1774  0.2405996E+02  0.2422735E+02  0.1566858E+02  0.3126781E-04  0.2783939E-04  0.5833276E-04
Ar  1775  0.2412438E+02  0.2184576E+02  0.1813352E+02 -0.6270208E-04  0.3983846E-04 -0.1162662E-03
Ar  1776  0.2155934E+02  0.2422026E+02  0.1817835E+02  0.4641295E-04 -0.7273922E-04  0.1055151E-04
Ar  1777  0.2167108E+02  0.2168115E+02  0.2085941E+02 -0.6370103E-04  0.3356315E-04 -0.3521574E-04
Ar  1778  0.2421729E+02  0.2422965E+02  0.2085994E+02 -0.5413867E-04 -0.2033036E-04  0.2330099E-04
Ar  1779  0.2416640E+02  0.2158119E+02  0.2340104E+02  0.8888859E-04 -0.7486831E-04 -0.8727236E-04
Ar  1780  0.2180313E+02  0.2449529E+02  0.2337396E+02  0.3379824E-04  0.6053255E-05 -0.9341286E-04
Ar  1781  0.2152603E+02  0.2183577E+02  0.2581287E+02 -0.2841825E-04 -0.1120029E-03 -0.2353789E-04
Ar  1782  0.2439357E+02  0.2418322E+02  0.2577343E+02  0.4194094E-04 -0.2930520E-04 -0.7691829E-04
Ar  1783  0.2433303E+02  0.2150086E+02  0.2836010E+02 -0.4781703E-04 -0.3916772E-04 -0.3402604E-04
Ar  1784  0.2179551E+02  0.2431111E+02  0.2850715E+02 -0.3126103E-05 -0.2117097E-05  0.1912448E-04
Ar  1785  0.2179350E+02  0.2167057E+02  0.3107349E+02 -0.3345991E-04 -0.2862675E-04 -0.3798965E-04
Ar  1786  0.2431763E+02  0.2412522E+02  0.3102199E+02 -0.3100757E-04 -0.3781043E-04  0.2419007E-04
Ar  1787  0.2441818E+02  0.2152440E+02  0.3373699E+02  0.2483195E-05 -0.5939621E-04 -0.4553877E-04
Ar  1788  0.2180994E+02  0.2435970E+02  0.3371055E+02  0.1092378E-04 -0.7323788E-06  0.9218670E-04
Ar  1789  0.2172741E+02  0.2158733E+02  0.3612247E+02 -0.6634918E-04 -0.6045140E-04  0.9947371E-05
Ar  1790  0.2412497E+02  0.2436393E+02  0.3645314E+02 -0.4110134E-04 -0.1736599E-04  0.1319289E-04
Ar  1791  0.2444522E+02  0.2160381E+02  0.3869462E+02  0.5296310E-04 -0.3868677E-05 -0.7621428E-04
Ar  1792  0.2175692E+02  0.2402339E+02  0.3876166E+02 -0.4289305E-05 -0.6485724E-04 -0.6358203E-04
Ar  1793  0.2184770E+02  0.2163845E+02  0.4167263E+02 -0.1942613E-04  0.5197064E-04 -0.4977889E-04
Ar  1794  0.2424163E+02  0.2390409E+02  0.4136038E+02  0.4866972E-05 -0.5168637E-06 -0.2292559E-04
Ar  1795  0.2435208E+02  0.2152673E+02  0.4394109E+02  0.2318783E-04 -0.8526452E-04 -0.7459287E-05
Ar  1796  0.2153197E+02  0.2421662E+02  0.4416971E+02 -0.4453851E-04 -0.1977542E-04  0.6572287E-04
Ar  1797  0.2160368E+02  0.2159448E+02  0.4645554E+02  0.8027486E-06  0.1783040E-04 -0.4427983E-04
Ar  1798  0.2441092E+02  0.2441209E+02  0.4664913E+02 -0.1572442E-04  0.8634899E-04 -0.3871741E-04
Ar  1799  0.2416836E+02  0.2140466E+02  0.4882506E+02  0.2301347E-04  0.7714199E-04  0.1005468E-03
Ar  1800  0.2163599E+02  0.2416561E+02  0.4904695E+02 -0.3171166E-04 -0.5376319E-04 -0.3757657E-04
Ar  1801  0.2176210E+02  0.2681832E+02  0.1961136E+00  0.3986325E-04  0.3366964E-04 -0.1598002E-04
Ar  1802  0.2429340E+02  0.2939571E+02  0.1066401E+00 -0.9415335E-05 -0.5303225E-04 -0.4128206E-04
Ar  1803  0.2420259E+02  0.2665677E+02  0.2477100E+01  0.1318410E-04  0.6189931E-04 -0.8546320E-04
Ar  1804  0.2170997E+02  0.2918741E+02  0.2725509E+01  0.2641267E-04 -0.1871346E-04  0.8903447E-04
Ar  1805  0.2177725E+02  0.2675036E+02  0.5186322E+01  0.1805520E-04 -0.1825117E-04 -0.1432153E-04
Ar  1806  0.2425172E+02  0.2917530E+02  0.5219407E+01 -0.1398980E-04  0.7327251E-04  0.1078295E-03
Ar  1807  0.2415613E+02  0.2682647E+02  0.7667731E+01  0.1030915E-03 -0.1930942E-04 -0.6779810E-04
Ar  1808  0.2143901E+02  0.2928752E+02  0.7690526E+01 -0.3504366E-05  0.5543122E-04  0.4914446E-04
Ar  1809  0.2172472E+02  0.2671967E+02  0.1036354E+02 -0.9291573E-04  0.2075532E-04 -0.1926424E-04
Ar  1810  0.2429343E+02  0.2936044E+02  0.1019112E+02 -0.2773771E-04 -0.1924699E-04  0.8471384E-04
Ar  1811  0.2424969E+02  0.2691918E+02  0.1313859E+02  0.4335615E-04  0.2099930E-04 -0.1582857E-04
Ar  1812  0.2169476E+02  0.2927834E+02  0.1290090E+02 -0.5258159E-04  0.1250494E-05  0.5855510E-05
Ar  1813  0.2162523E+02  0.2695254E+02  0.1559064E+02 -0.1725785E-05 -0.3945008E-04 -0.2290189E-04
Ar  1814  0.2407379E+02  0.2946780E+02  0.1574874E+02  0.1289359E-04  0.1036480E-03 -0.1258257E-04
Ar  1815  0.2416834E+02  0.2680071E+02  0.1819500E+02 -0.1501759E-04  0.5049895E-04  0.9375540E-04
Ar  1816  0.2148998E+02  0.2930729E+02  0.1822131E+02 -0.2511019E-05  0.5890014E-04  0.2607888E-04
Ar  1817  0.2172861E+02  0.2700164E+02  0.2064323E+02 -0.1681683E-04 -0.3857347E-05  0.5053624E-04
Ar  1818  0.2439009E+02  0.2940672E+02  0.2074726E+02  0.5504224E-04 -0.2929185E-05  0.2713310E-04
Ar  1819  0.2411730E+02  0.2692343E+02  0.2333250E+02 -0.4223403E-04  0.7115144E-04  0.1911986E-04
Ar  1820  0.2177867E+02  0.2959861E+02  0.2311198E+02 -0.4084233E-04 -0.5724766E-04 -0.1448273E-05
Ar  1821  0.2153618E+02  0.2699322E+02  0.2581118E+02  0.5930658E-05 -0.3020152E-04  0.6177824E-04
Ar  1822  0.2424640E+02  0.2947594E+02  0.2604469E+02  0.5785542E-04 -0.1232974E-04  0.1076657E-03
Ar  1823  0.2421041E+02  0.2702422E+02  0.2852363E+02  0.7593526E-04  0.8160016E-04 -0.3518682E-04
Ar  1824  0.2163718E+02  0.2967451E+02  0.2866418E+02 -0.5154410E-04 -0.3251540E-04 -0.3249238E-04
Ar  1825  0.2174681E+02  0.2687821E+02  0.3111912E+02  0.3360862E-04 -0.1473931E-04 -0.2068151E-04
Ar  1826  0.2434344E+02  0.2947399E+02  0.3100961E+02  0.3831848E-04 -0.2226061E-04 -0.8275474E-04
Ar  1827  0.2439290E+02  0.2673629E+02  0.3378085E+02  0.6589778E-04 -0.1740087E-05 -0.4700659E-05
Ar  1828  0.2154565E+02  0.2943605E+02  0.3354401E+02  0.2819024E-04 -0.5023373E-04 -0.6666424E-05
Ar  1829  0.2179154E+02  0.2698829E+02  0.3636021E+02  0.4469550E-04 -0.4762468E-04  0.5772882E-04
Ar  1830  0.2431723E+02  0.2927466E+02  0.3624825E+02 -0.5738459E-04 -0.9295368E-04  0.4674823E-04
Ar  1831  0.2439462E+02  0.2678185E+02  0.3894878E+02 -0.2619285E-04  0.3507064E-04  0.1856529E-04
Ar  1832  0.2182510E+02  0.2958134E+02  0.3871009E+02  0.1847378E-04 -0.7311282E-04  0.1963034E-05
Ar  1833  0.2175161E+02  0.2679378E+02  0.4163728E+02  0.8638041E-04 -0.3161845E-05  0.3608468E-04
Ar  1834  0.2434694E+02  0.2926964E+02  0.4153237E+02 -0.1662891E-04 -0.5217300E-05 -0.6007298E-04
Ar  1835  0.2426281E+02  0.2656187E+02  0.4393465E+02  0.1187077E-03  0.4122163E-04 -0.5594486E-04
Ar  1836  0.2191580E+02  0.2947243E+02  0.4404963E+02 -0.8277713E-04  0.8448285E-04 -0.3266510E-04
Ar  1837  0.2148752E+02  0.2698366E+02  0.4660298E+02 -0.4720996E-04 -0.7752502E-05 -0.5298317E-04
Ar  1838  0.2437944E+02  0.2932184E+02  0.4643874E+02  0.2219357E-06 -0.2750992E-04  0.1264070E-03
Ar  1839  0.2440309E+02  0.2691340E+02  0.4923795E+02  0.4464883E-04  0.3509766E-04  0.1910367E-04
Ar  1840  0.2180003E+02  0.2940326E+02  0.4920788E+02 -0.1707366E-04  0.2491179E-04  0.3028635E-05
Ar  1841  0.2186257E+02  0.3183582E+02  0.1951166E-01  0.5312031E-04  0.6493579E-04  0.1664098E-04
Ar  1842  0.2425062E+02  0.3460966E+02  0.2926298E-01 -0.4423104E-04  0.9198844E-05  0.4190418E-04
Ar  1843  0.2427986E+02  0.3168608E+02  0.2695002E+01  0.7684069E-04  0.1650036E-04 -0.2865216E-05
Ar  1844  0.2178545E+02  0.3448195E+02  0.2651897E+01  0.4914015E-06 -0.1652619E-06 -0.1368392E-04
Ar  1845  0.2153697E+02  0.3188682E+02  0.5209363E+01  0.9396578E-04 -0.2126655E-04 -0.1005570E-04
Ar  1846  0.2418652E+02  0.3415797E+02  0.5082479E+01  0.6367290E-05  0.8441256E-04  0.6487046E-04
Ar  1847  0.2413503E+02  0.3164426E+02  0.7650983E+01  0.3478860E-04 -0.7883797E-04  0.4495097E-05
Ar  1848  0.2165776E+02  0.3459755E+02  0.7873943E+01 -0.1150683E-04 -0.8231846E-04  0.3675832E-04
Ar  1849  0.2163824E+02  0.3186039E+02  0.1042394E+02 -0.3115165E-04  0.3609798E-05  0.4431297E-04
Ar  1850  0.2447652E+02  0.3433314E+02  0.1032687E+02 -0.5873784E-04 -0.9432701E-04  0.1426123E-05
Ar  1851  0.2401318E+02  0.3182875E+02  0.1280624E+02  0.9278851E-04  0.6924160E-04 -0.8362009E-05
Ar  1852  0.2147087E+02  0.3444589E+02  0.1306243E+02 -0.3032661E-04  0.5735655E-05 -0.1357887E-04
Ar  1853  0.2171594E+02  0.3211068E+02  0.1546827E+02  0.2649270E-04 -0.1005172E-04 -0.1193862E-04
Ar  1854  0.2418540E+02  0.3455815E+02  0.1539471E+02  0.7054581E-04  0.6896775E-05  0.2657700E-04
Ar  1855  0.2399857E+02  0.3193459E+02  0.1829192E+02  0.4959870E-04 -0.2542802E-04 -0.5332367E-04
Ar  1856  0.2144893E+02  0.3462906E+02  0.1800117E+02  0.2464638E-04  0.4078888E-04  0.6881563E-04
Ar  1857  0.2148505E+02  0.3220776E+02  0.2080278E+02  0.5501401E-04  0.8363023E-04  0.1322571E-04
Ar  1858  0.2440495E+02  0.3477653E+02  0.2086180E+02 -0.7689228E-04 -0.3721405E-04 -0.3438235E-04
Ar  1859  0.2427184E+02  0.3204020E+02  0.2331156E+02 -0.2895995E-04  0.3733041E-04 -0.2032529E-04
Ar  1860  0.2166815E+02  0.3454881E+02  0.2344632E+02  0.3783660E-04 -0.2246074E-04 -0.1020325E-04
Ar  1861  0.2165674E+02  0.3206067E+02  0.2597534E+02 -0.5059477E-04  0.8951788E-05 -0.3125445E-04
Ar  1862  0.2419153E+02  0.3446775E+02  0.2606548E+02 -0.6885526E-04 -0.6495343E-04 -0.3927447E-04
Ar  1863  0.2435126E+02  0.3182894E+02  0.2855255E+02 -0.3145059E-04  0.1540555E-04 -0.2553003E-04
Ar  1864  0.2176863E+02  0.3453507E+02  0.2853845E+02 -0.2792747E-05  0.4337550E-04  0.3259471E-04
Ar  1865  0.2169785E+02  0.3226212E+02  0.3108782E+02 -0.1319034E-05 -0.4948086E-04  0.2745495E-04
Ar  1866  0.2423653E+02  0.3450510E+02  0.3131155E+02 -0.7127641E-04 -0.2748350E-04  0.3047538E-04
Ar  1867  0.2424451E+02  0.3187816E+02  0.3382018E+02  0.6557430E-04 -0.2124001E-04 -0.7682856E-05
Ar  1868  0.2178326E+02  0.3478627E+02  0.3380523E+02  0.2078824E-04 -0.7152914E-04  0.5215610E-04
Ar  1869  0.2151550E+02  0.3182395E+02  0.3620167E+02 -0.6953084E-04  0.1075398E-03  0.1299245E-04
Ar  1870  0.2416779E+02  0.3457468E+02  0.3610598E+02 -0.2979101E-04  0.4105553E-04 -0.4138325E-05
Ar  1871  0.2418382E+02  0.3200701E+02  0.3868640E+02  0.7922157E-04 -0.8000048E-04 -0.3612006E-05
Ar  1872  0.2180516E+02  0.3463434E+02  0.3881600E+02  0.3140996E-04  0.3904682E-06  0.1334111E-04
Ar  1873  0.2169130E+02  0.3203128E+02  0.4138937E+02 -0.5273941E-04  0.4019551E-04 -0.9265563E-05
Ar  1874  0.2448585E+02  0.3448675E+02  0.4133573E+02 -0.1814684E-04  0.1258069E-03 -0.3537130E-04
Ar  1875  0.2443959E+02  0.3193904E+02  0.4384979E+02 -0.1198651E-03 -0.9292007E-05 -0.1636251E-04
Ar  1876  0.2165198E+02  0.3452469E+02  0.4414809E+02 -0.5616060E-04 -0.1394392E-04  0.5824497E-04
Ar  1877  0.2169622E+02  0.3180139E+02  0.4659376E+02 -0.5181412E-04 -0.3267052E-04 -0.9686354E-04
Ar  1878  0.2420501E+02  0.3445974E+02  0.4649168E+02  0.5131271E-05 -0.9909809E-05  0.5101080E-04
Ar  1879  0.2456950E+02  0.3200419E+02  0.4911310E+02 -0.2131217E-04  0.5301645E-04 -0.2306267E-04
Ar  1880  0.2182369E+02  0.3439451E+02  0.4910930E+02  0.4154480E-04  0.2108078E-04  0.8132639E-04
Ar  1881  0.2172653E+02  0.3721614E+02  0.5149779E+02  0.8910917E-05 -0.6428962E-05  0.3829345E-04
Ar  1882  0.2424701E+02  0.3976886E+02  0.5147779E+02 -0.8922850E-05  0.1007089E-04 -0.5778945E-04
Ar  1883  0.2433048E+02  0.3682026E+02  0.2785252E+01 -0.5154904E-04 -0.4038032E-04  0.6326762E-05
Ar  1884  0.2198822E+02  0.3946584E+02  0.2466023E+01  0.4337801E-04  0.1057629E-05  0.6063264E-05
Ar  1885  0.2175249E+02  0.3707543E+02  0.5408074E+01 -0.2211260E-04 -0.9141637E-05  0.7838495E-04
Ar  1886  0.2429578E+02  0.3966520E+02  0.5301450E+01  0.2649669E-04 -0.1063214E-03 -0.1202369E-04
Ar  1887  0.2435505E+02  0.3695198E+02  0.7662463E+01  0.4004945E-04  0.2334933E-04 -0.6597537E-05
Ar  1888  0.2162756E+02  0.3932854E+02  0.7860438E+01  0.1306443E-03 -0.2349631E-04 -0.1565444E-04
Ar  1889  0.2150079E+02  0.3690526E+02  0.1056919E+02 -0.9022066E-05  0.3583820E-04  0.2346625E-04
Ar  1890  0.2409555E+02  0.3952002E+02  0.1018794E+02 -0.1367764E-04 -0.5842720E-04  0.6940454E-05
Ar  1891  0.2413032E+02  0.3694583E+02  0.1276733E+02  0.9308838E-05  0.1517641E-04  0.1767895E-05
Ar  1892  0.2135593E+02  0.3955042E+02  0.1296370E+02  0.2469584E-04  0.2865055E-04 -0.2445790E-05
Ar  1893  0.2186116E+02  0.3703858E+02  0.1533450E+02  0.5651042E-04  0.5413226E-04  0.2004672E-04
Ar  1894  0.2407251E+02  0.3975534E+02  0.1527285E+02 -0.8324775E-04  0.5013317E-05  0.5178883E-04
Ar  1895  0.2420772E+02  0.3722273E+02  0.1808993E+02 -0.1108284E-04  0.2611146E-04 -0.4431887E-04
Ar  1896  0.2168032E+02  0.3967488E+02  0.1786277E+02 -0.6598927E-04  0.4316064E-04  0.1143577E-03
Ar  1897  0.2175709E+02  0.3708752E+02  0.2057147E+02 -0.1916204E-04  0.7952988E-04  0.6994265E-05
Ar  1898  0.2422941E+02  0.3970713E+02  0.2089655E+02 -0.2642429E-04 -0.5636555E-04 -0.6498516E-04
Ar  1899  0.2429018E+02  0.3707609E+02  0.2349857E+02  0.3972153E-04 -0.1278249E-04  0.2595248E-04
Ar  1900  0.2164647E+02  0.3964554E+02  0.2328159E+02  0.4488300E-04 -0.2192024E-04 -0.3048929E-04
Ar  1901  0.2163084E+02  0.3728097E+02  0.2619950E+02  0.1397179E-04  0.4080191E-04  0.2258177E-04
Ar  1902  0.2416364E+02  0.3971454E+02  0.2585952E+02 -0.1980892E-04  0.6518473E-04  0.2813941E-05
Ar  1903  0.2447958E+02  0.3715388E+02  0.2835785E+02  0.5351993E-04  0.1609858E-04 -0.4508912E-04
Ar  1904  0.2181235E+02  0.3982628E+02  0.2851125E+02 -0.6349876E-04  0.7317176E-04 -0.1237351E-04
Ar  1905  0.2181572E+02  0.3727706E+02  0.3106470E+02  0.9697481E-04  0.5096326E-04  0.2442670E-04
Ar  1906  0.2438779E+02  0.3993274E+02  0.3099038E+02  0.7514466E-05 -0.4406666E-04 -0.4764830E-04
Ar  1907  0.2434031E+02  0.3737797E+02  0.3346425E+02 -0.4505184E-04  0.3694781E-04 -0.2616067E-04
Ar  1908  0.2180341E+02  0.3984301E+02  0.3359531E+02 -0.7308493E-05 -0.4821476E-04  0.9294846E-04
Ar  1909  0.2163512E+02  0.3731367E+02  0.3611506E+02  0.7682257E-04  0.6044128E-05 -0.3478233E-04
Ar  1910  0.2429772E+02  0.3985320E+02  0.3617031E+02 -0.3387157E-04  0.7064792E-04  0.8721774E-05
Ar  1911  0.2430532E+02  0.3709093E+02  0.3877994E+02  0.1532142E-04 -0.2675222E-04 -0.1354542E-04
Ar  1912  0.2201657E+02  0.3966975E+02  0.3891833E+02 -0.4551460E-04  0.2040681E-04  0.9336344E-05
Ar  1913  0.2159194E+02  0.3702798E+02  0.4144358E+02 -0.1190807E-05  0.1572948E-04 -0.1046740E-04
Ar  1914  0.2439155E+02  0.3943755E+02  0.4153274E+02  0.7070376E-05 -0.4689535E-04 -0.7749911E-04
Ar  1915  0.2419910E+02  0.3704027E+02  0.4404325E+02 -0.2849530E-05 -0.4937199E-04  0.3979779E-04
Ar  1916  0.2147659E+02  0.3965296E+02  0.4403220E+02  0.3530198E-04 -0.2469675E-04 -0.1718762E-04
Ar  1917  0.2169011E+02  0.3725996E+02  0.4647790E+02  0.2848007E-04 -0.3545466E-04 -0.8023198E-04
Ar  1918  0.2447487E+02  0.3965104E+02  0.4643676E+02 -0.5433670E-04  0.1032005E-04 -0.8009938E-04
Ar  1919  0.2445031E+02  0.3709115E+02  0.4891615E+02  0.7501238E-04  0.2846627E-04 -0.1816644E-04
Ar  1920  0.2165142E+02  0.3984241E+02  0.4892770E+02 -0.1194931E-04  0.2740589E-05  0.6574755E-04
Ar  1921  0.2167931E+02  0.4236043E+02  0.1134103E+00  0.6371266E-04 -0.2140817E-04  0.2298754E-05
Ar  1922  0.2438256E+02  0.4487074E+02  0.5148585E+02 -0.1814064E-04 -0.3940604E-04 -0.5262984E-04
Ar  1923  0.2420262E+02  0.4229383E+02  0.2633118E+01 -0.6366398E-04 -0.1187506E-03 -0.3408154E-04
Ar  1924  0.2161131E+02  0.4454075E+02  0.2898650E+01 -0.7190745E-05 -0.2272640E-04 -0.4864622E-04
Ar  1925  0.2171419E+02  0.4203738E+02  0.5308306E+01 -0.5278591E-04  0.8249147E-05 -0.2529825E-04
Ar  1926  0.2407557E+02  0.4469661E+02  0.5098135E+01  0.5138504E-04  0.8878603E-04  0.3248957E-04
Ar  1927  0.2420335E+02  0.4226415E+02  0.7675469E+01 -0.7798642E-04  0.6494582E-04 -0.9660223E-05
Ar  1928  0.2161406E+02  0.4487405E+02  0.7681435E+01  0.5869334E-05 -0.5492426E-04  0.3100712E-04
Ar  1929  0.2157374E+02  0.4217239E+02  0.1048401E+02  0.1683191E-04 -0.2667899E-04  0.2171151E-04
Ar  1930  0.2416528E+02  0.4491147E+02  0.1020576E+02 -0.5669020E-04  0.4609146E-04 -0.2785127E-04
Ar  1931  0.2433595E+02  0.4235857E+02  0.1277553E+02  0.4331764E-04  0.8922057E-04  0.3147774E-04
Ar  1932  0.2154511E+02  0.4486487E+02  0.1283030E+02 -0.7751589E-05 -0.2500509E-04  0.1372098E-04
Ar  1933  0.2173490E+02  0.4230403E+02  0.1552966E+02 -0.2819188E-04  0.1063297E-03  0.5415100E-05
Ar  1934  0.2403884E+02  0.4498849E+02  0.1538038E+02 -0.3057714E-04  0.3323926E-04 -0.4866542E-05
Ar  1935  0.2438712E+02  0.4197507E+02  0.1817894E+02 -0.5588783E-04  0.3850489E-04  0.3456903E-04
Ar  1936  0.2194825E+02  0.4467253E+02  0.1825490E+02  0.4291409E-05  0.5728910E-04  0.1520619E-03
Ar  1937  0.2162550E+02  0.4217409E+02  0.2052750E+02  0.6699012E-04 -0.6146405E-04 -0.1554386E-04
Ar  1938  0.2423879E+02  0.4483373E+02  0.2067143E+02  0.1259400E-03  0.2456154E-04  0.1298638E-04
Ar  1939  0.2423213E+02  0.4236655E+02  0.2333109E+02 -0.2021347E-04 -0.6895459E-04  0.6477706E-04
Ar  1940  0.2151696E+02  0.4479916E+02  0.2342952E+02  0.6791394E-05  0.2775340E-04  0.3695579E-04
Ar  1941  0.2173408E+02  0.4212263E+02  0.2576950E+02 -0.6955839E-05  0.5114359E-04  0.1919051E-04
Ar  1942  0.2429950E+02  0.4482739E+02  0.2604516E+02 -0.3421448E-04 -0.1941523E-04  0.7089557E-04
Ar  1943  0.2417078E+02  0.4232125E+02  0.2847057E+02 -0.3398211E-04 -0.5513943E-04 -0.8296005E-04
Ar  1944  0.2161877E+02  0.4489794E+02  0.2827303E+02  0.6758770E-04  0.3814844E-04 -0.6196391E-05
Ar  1945  0.2171429E+02  0.4253191E+02  0.3100817E+02 -0.8825524E-04 -0.2606307E-04  0.1493880E-04
Ar  1946  0.2428304E+02  0.4482920E+02  0.3121947E+02 -0.3107984E-04 -0.5414174E-05  0.1024218E-04
Ar  1947  0.2439818E+02  0.4232764E+02  0.3381601E+02  0.7838929E-05 -0.1257332E-03 -0.4404121E-04
Ar  1948  0.2190243E+02  0.4504902E+02  0.3368917E+02  0.5035224E-04 -0.1281754E-04  0.3397459E-04
Ar  1949  0.2176267E+02  0.4225681E+02  0.3625056E+02 -0.2491297E-04  0.4427527E-04  0.5702723E-04
Ar  1950  0.2425643E+02  0.4489940E+02  0.3638700E+02 -0.1685706E-05  0.8647596E-05  0.3695070E-04
Ar  1951  0.2451835E+02  0.4226557E+02  0.3884110E+02 -0.5337045E-04  0.4250192E-04 -0.4112792E-04
Ar  1952  0.2166807E+02  0.4495817E+02  0.3871326E+02 -0.6495808E-04 -0.5302722E-04  0.2165315E-04
Ar  1953  0.2198550E+02  0.4232329E+02  0.4149933E+02  0.6892695E-05 -0.6334335E-04  0.8313281E-06
Ar  1954  0.2435559E+02  0.4485991E+02  0.4136642E+02 -0.8592948E-04  0.9056713E-04 -0.5273257E-05
Ar  1955  0.2430571E+02  0.4224288E+02  0.4393146E+02  0.8729057E-05 -0.2592328E-04  0.1478920E-04
Ar  1956  0.2180657E+02  0.4475702E+02  0.4393249E+02 -0.6532816E-04  0.6341125E-05  0.2979283E-04
Ar  1957  0.2181196E+02  0.4234064E+02  0.4643947E+02  0.6473830E-04 -0.1132504E-03  0.3102245E-04
Ar  1958  0.2439399E+02  0.4479964E+02  0.4658651E+02  0.4037949E-05  0.3193260E-04 -0.3857569E-05
Ar  1959  0.2448396E+02  0.4227981E+02  0.4919558E+02  0.1616322E-04  0.9377004E-04 -0.6493270E-04
Ar  1960  0.2182886E+02  0.4470405E+02  0.4892437E+02  0.3549356E-04  0.1718306E-04 -0.6365197E-04
Ar  1961  0.2156726E+02  0.4737283E+02  0.6011266E-01 -0.1252396E-03 -0.6044579E-04 -0.7654861E-04
Ar  1962  0.2439100E+02  0.4999151E+02  0.1291600E+00  0.5437158E-05  0.1015658E-04  0.2437790E-04
Ar  1963  0.2410434E+02  0.4748091E+02  0.2641273E+01 -0.4376936E-04 -0.2892900E-04  0.2224898E-04
Ar  1964  0.2156168E+02  0.5014349E+02  0.2648072E+01 -0.9460133E-04  0.1149024E-04 -0.5888914E-04
Ar  1965  0.2167841E+02  0.4743043E+02  0.5128078E+01 -0.4046590E-04  0.2585774E-04  0.4035053E-04
Ar  1966  0.2422232E+02  0.5003995E+02  0.5185580E+01  0.4898931E-04 -0.1187047E-04  0.4420628E-04
Ar  1967  0.2405003E+02  0.4731167E+02  0.7709931E+01 -0.9433536E-05  0.9040379E-05  0.1251237E-04
Ar  1968  0.2182776E+02  0.5011950E+02  0.7586791E+01 -0.3988085E-05 -0.1992033E-04 -0.5065879E-04
Ar  1969  0.2164176E+02  0.4735610E+02  0.1013241E+02  0.4348287E-04  0.2182105E-04  0.6056224E-06
Ar  1970  0.2430545E+02  0.4970343E+02  0.1042932E+02 -0.5986296E-05 -0.8367436E-04 -0.2068607E-04
Ar  1971  0.2420884E+02  0.4728008E+02  0.1289941E+02 -0.5574154E-04  0.1187604E-04 -0.8241434E-04
Ar  1972  0.2163809E+02  0.4995097E+02  0.1299370E+02  0.4809897E-04  0.2651442E-04  0.4859721E-04
Ar  1973  0.2157751E+02  0.4743953E+02  0.1542947E+02  0.3869731E-05  0.3457167E-04 -0.8073593E-05
Ar  1974  0.2420183E+02  0.4974555E+02  0.1565143E+02  0.4292043E-04 -0.2285836E-04  0.1698256E-04
Ar  1975  0.2434670E+02  0.4738339E+02  0.1808227E+02  0.9041973E-05  0.3928182E-05  0.3140128E-04
Ar  1976  0.2172350E+02  0.4967368E+02  0.1810125E+02  0.9504784E-04  0.2430199E-04 -0.1006026E-04
Ar  1977  0.2188072E+02  0.4723467E+02  0.2058901E+02 -0.2204329E-05 -0.1014190E-05  0.5195154E-05
Ar  1978  0.2456379E+02  0.4993136E+02  0.2089858E+02 -0.9579284E-04 -0.4741121E-04  0.7170278E-04
Ar  1979  0.2433970E+02  0.4743004E+02  0.2339158E+02  0.1398781E-04 -0.8716836E-04  0.5670629E-04
Ar  1980  0.2186735E+02  0.4990881E+02  0.2329700E+02  0.3931723E-04  0.1546535E-03  0.5301606E-04
Ar  1981  0.2184799E+02  0.4756988E+02  0.2583466E+02 -0.5371441E-04  0.4202549E-05  0.5841919E-04
Ar  1982  0.2437864E+02  0.5003915E+02  0.2573405E+02  0.1577909E-04  0.2873774E-04 -0.1922833E-04
Ar  1983  0.2439014E+02  0.4740969E+02  0.2856626E+02  0.1441266E-04 -0.7267470E-05 -0.3562210E-04
Ar  1984  0.2168329E+02  0.5006383E+02  0.2842982E+02 -0.4173009E-04  0.1000011E-03 -0.1761964E-04
Ar  1985  0.2188223E+02  0.4728583E+02  0.3105840E+02 -0.4175814E-04 -0.4864902E-04 -0.1497012E-04
Ar  1986  0.2436465E+02  0.5002680E+02  0.3081846E+02  0.4277642E-04 -0.5353819E-04  0.1586776E-04
Ar  1987  0.2447403E+02  0.4752625E+02  0.3370523E+02  0.4835947E-04  0.1244893E-04  0.1193046E-04
Ar  1988  0.2202184E+02  0.5000165E+02  0.3329544E+02 -0.4763724E-05 -0.1490593E-04 -0.5411110E-04
Ar  1989  0.2172874E+02  0.4744100E+02  0.3609371E+02 -0.6388293E-04 -0.5046574E-04 -0.2858732E-04
Ar  1990  0.2418398E+02  0.5009744E+02  0.3629061E+02  0.2532471E-05  0.1362852E-04  0.2007351E-04
Ar  1991  0.2415563E+02  0.4729810E+02  0.3879666E+02 -0.4861198E-04 -0.3995469E-04  0.1840684E-04
Ar  1992  0.2155899E+02  0.5004889E+02  0.3861783E+02 -0.2610674E-04  0.7668624E-04  0.3415288E-04
Ar  1993  0.2183302E+02  0.4755752E+02  0.4132775E+02 -0.1939099E-04  0.1132145E-04  0.5789785E-04
Ar  1994  0.2441604E+02  0.4994304E+02  0.4119472E+02  0.8039863E-04  0.4268200E-04  0.1554986E-04
Ar  1995  0.2423556E+02  0.4747795E+02  0.4376366E+02  0.2669819E-04  0.5784571E-04 -0.3905305E-04
Ar  1996  0.2174633E+02  0.5007505E+02  0.4405688E+02 -0.1611312E-04 -0.2231556E-04  0.5010522E-04
Ar  1997  0.2187713E+02  0.4745390E+02  0.4634058E+02 -0.9725315E-04 -0.1925226E-04 -0.5199824E-05
Ar  1998  0.2448821E+02  0.4991954E+02  0.4639257E+02 -0.5994034E-04  0.3213345E-04 -0.3406641E-04
Ar  1999  0.2420733E+02  0.4749348E+02  0.4909516E+02  0.6120676E-04  0.8588011E-05 -0.3057969E-04
Ar  2000  0.2178922E+02  0.4995472E+02  0.4899192E+02  0.5798275E-04 -0.7783818E-05  0.1325541E-04
Ar  2001  0.2701026E+02  0.9324409E+00  0.5154630E+02 -0.3647399E-04 -0.4634009E-05  0.4173143E-04
Ar  2002  0.2943008E+02  0.3590042E+01  0.4358882E-01 -0.1493395E-04  0.2072932E-04 -0.4242785E-04
Ar  2003  0.2948072E+02  0.8214478E+00  0.2629503E+01 -0.1038968E-03  0.5783866E-04  0.7434118E-04
Ar  2004  0.2684077E+02  0.3590401E+01  0.2522711E+01 -0.5438663E-04 -0.3953064E-04  0.5908186E-04
Ar  2005  0.2695433E+02  0.8921391E+00  0.5138020E+01  0.5263396E-04  0.5511783E-04  0.6247441E-04
Ar  2006  0.2935290E+02  0.3371129E+01  0.5257849E+01 -0.5924431E-04  0.6691499E-04  0.1422228E-03
Ar  2007  0.2938196E+02  0.6918701E+00  0.7877208E+01  0.1174950E-04 -0.1443855E-04  0.4952134E-04
Ar  2008  0.2688870E+02  0.3523585E+01  0.7924555E+01 -0.6401084E-04 -0.3828832E-06  0.1823746E-04
Ar  2009  0.2687716E+02  0.9299653E+00  0.1043925E+02  0.2391782E-04 -0.1309004E-03 -0.2378374E-04
Ar  2010  0.2923018E+02  0.3620458E+01  0.1041137E+02  0.6656099E-05  0.6592357E-04 -0.1283051E-04
Ar  2011  0.2920886E+02  0.1083264E+01  0.1307111E+02 -0.4675671E-04 -0.3900295E-05 -0.2310848E-04
Ar  2012  0.2665723E+02  0.3519847E+01  0.1307204E+02  0.3015200E-04 -0.4149381E-04  0.5835927E-04
Ar  2013  0.2655135E+02  0.1032616E+01  0.1563092E+02 -0.2046116E-04  0.6950179E-04  0.3004492E-04
Ar  2014  0.2916523E+02  0.3320340E+01  0.1573958E+02  0.1785181E-04  0.3946463E-04  0.6405975E-04
Ar  2015  0.2942929E+02  0.1051713E+01  0.1826081E+02 -0.6732853E-04 -0.6021517E-04  0.2619050E-04
Ar  2016  0.2678724E+02  0.3794131E+01  0.1828315E+02  0.3123483E-04  0.4469758E-06 -0.1817434E-04
Ar  2017  0.2686285E+02  0.1210556E+01  0.2055475E+02  0.9199441E-04  0.1191933E-04  0.2640609E-05
Ar  2018  0.2956959E+02  0.3557485E+01  0.2043812E+02 -0.1297067E-05  0.6240594E-04  0.2245110E-04
Ar  2019  0.2955111E+02  0.1145783E+01  0.2304108E+02  0.1373160E-04 -0.6057831E-05  0.8899247E-04
Ar  2020  0.2697802E+02  0.3708170E+01  0.2324584E+02  0.4683237E-04 -0.4897624E-04  0.1333751E-04
Ar  2021  0.2705806E+02  0.1171308E+01  0.2574972E+02 -0.2064554E-04  0.5066674E-04  0.3307748E-04
Ar  2022  0.2937652E+02  0.3650698E+01  0.2574195E+02  0.1128407E-04 -0.4476599E-06  0.1340346E-04
Ar  2023  0.2936292E+02  0.9057331E+00  0.2842663E+02  0.5358147E-04 -0.2845583E-05  0.1707100E-04
Ar  2024  0.2697874E+02  0.3619918E+01  0.2847494E+02  0.1390338E-04 -0.3805384E-04  0.3653821E-04
Ar  2025  0.2675471E+02  0.1182260E+01  0.3079673E+02  0.9646918E-05  0.4532084E-04 -0.4518735E-04
Ar  2026  0.2957832E+02  0.3801834E+01  0.3093146E+02 -0.5272698E-04  0.3630440E-04 -0.6519462E-04
Ar  2027  0.2941484E+02  0.1144548E+01  0.3340177E+02  0.3577706E-04 -0.7825797E-04  0.9069059E-04
Ar  2028  0.2669795E+02  0.3759994E+01  0.3368119E+02 -0.1842538E-03  0.8422445E-04  0.1819166E-05
Ar  2029  0.2694203E+02  0.9793899E+00  0.3601971E+02  0.4515876E-04  0.3457826E-05 -0.2810496E-04
Ar  2030  0.2962500E+02  0.3405805E+01  0.3612927E+02  0.3158115E-04  0.1689515E-04  0.3932329E-04
Ar  2031  0.2956902E+02  0.9326789E+00  0.3854022E+02 -0.2408417E-04  0.1557220E-04 -0.3014856E-04
Ar  2032  0.2690737E+02  0.3492879E+01  0.3867774E+02  0.1543840E-04  0.2943422E-04 -0.1026514E-03
Ar  2033  0.2696187E+02  0.9729985E+00  0.4117091E+02  0.4437962E-04  0.9565522E-04  0.2907238E-04
Ar  2034  0.2953410E+02  0.3430001E+01  0.4110692E+02 -0.3260912E-04  0.5056542E-04 -0.9823641E-05
Ar  2035  0.2948675E+02  0.1050684E+01  0.4380128E+02  0.4198645E-04 -0.5468587E-04  0.3373960E-04
Ar  2036  0.2696581E+02  0.3535171E+01  0.4373488E+02  0.4702893E-04 -0.1191276E-04 -0.5686780E-04
Ar  2037  0.2706752E+02  0.9983549E+00  0.4634358E+02 -0.2272741E-04 -0.3280332E-04  0.2999497E-04
Ar  2038  0.2952180E+02  0.3733275E+01  0.4623347E+02 -0.8427164E-05 -0.9070708E-05  0.4310757E-04
Ar  2039  0.2947985E+02  0.1074941E+01  0.4892489E+02  0.6968102E-05 -0.1076642E-04 -0.3305796E-04
Ar  2040  0.2693063E+02  0.3592418E+01  0.4888016E+02  0.1331235E-04  0.1802264E-04 -0.2000545E-04
Ar  2041  0.2694043E+02  0.6205954E+01  0.8783122E-01  0.3104767E-04 -0.2238861E-04  0.5320310E-04
Ar  2042  0.2942591E+02  0.8545843E+01  0.1380400E+00  0.1881325E-04  0.3444530E-04  0.2212053E-04
Ar  2043  0.2937368E+02  0.6114334E+01  0.2564258E+01 -0.2986313E-04  0.1184123E-04 -0.3899530E-04
Ar  2044  0.2683311E+02  0.8923708E+01  0.2725583E+01  0.1879910E-04 -0.4557183E-04  0.8510763E-04
Ar  2045  0.2689666E+02  0.6036102E+01  0.5036739E+01 -0.1971723E-04  0.3203316E-04 -0.1720998E-05
Ar  2046  0.2935820E+02  0.8522506E+01  0.5101904E+01 -0.3267072E-04  0.3651894E-04 -0.2392211E-05
Ar  2047  0.2906100E+02  0.6313520E+01  0.7769469E+01 -0.4718034E-05 -0.2763682E-04 -0.2317485E-04
Ar  2048  0.2703132E+02  0.8930167E+01  0.7671146E+01 -0.1040935E-03 -0.9170811E-04  0.1466963E-04
Ar  2049  0.2686329E+02  0.6116227E+01  0.1054271E+02  0.4215977E-04  0.5308870E-04 -0.3786305E-04
Ar  2050  0.2919322E+02  0.8709796E+01  0.1041989E+02  0.2681813E-05  0.2432679E-04 -0.1477168E-04
Ar  2051  0.2931288E+02  0.6152401E+01  0.1299346E+02  0.7797538E-05  0.3721821E-04  0.7015330E-04
Ar  2052  0.2688607E+02  0.8776839E+01  0.1305531E+02 -0.4833511E-04  0.3981625E-04  0.7799883E-04
Ar  2053  0.2691124E+02  0.6047520E+01  0.1554914E+02  0.3536280E-04  0.5207859E-04  0.4416924E-04
Ar  2054  0.2948100E+02  0.8764139E+01  0.1532443E+02 -0.4912570E-04 -0.1901382E-04 -0.2066418E-04
Ar  2055  0.2946130E+02  0.6233576E+01  0.1819750E+02  0.8097363E-04 -0.4955017E-04 -0.2388433E-04
Ar  2056  0.2685793E+02  0.8592096E+01  0.1810861E+02  0.5309262E-04  0.1315200E-04  0.2594558E-04
Ar  2057  0.2678089E+02  0.6289424E+01  0.2082045E+02 -0.1278600E-04  0.3061587E-04 -0.6949188E-05
Ar  2058  0.2934071E+02  0.8874361E+01  0.2076007E+02 -0.4824157E-05  0.9093021E-04 -0.9915665E-05
Ar  2059  0.2948006E+02  0.6288924E+01  0.2338439E+02  0.3242299E-04  0.1966426E-04 -0.1190444E-05
Ar  2060  0.2689065E+02  0.8810722E+01  0.2334327E+02 -0.1609716E-04 -0.3172374E-04 -0.8091975E-04
Ar  2061  0.2682579E+02  0.6150955E+01  0.2574814E+02  0.4202402E-04  0.7222513E-04  0.1788426E-04
Ar  2062  0.2944474E+02  0.8930893E+01  0.2573587E+02 -0.9524463E-04  0.4865534E-05 -0.2595891E-04
Ar  2063  0.2953004E+02  0.6348239E+01  0.2848591E+02 -0.6564200E-04 -0.4755517E-04  0.2583848E-04
Ar  2064  0.2665662E+02  0.9126534E+01  0.2846932E+02 -0.1543726E-04  0.1915223E-05 -0.3521330E-04
Ar  2065  0.2689339E+02  0.6511504E+01  0.3114477E+02  0.3616624E-05  0.5232033E-04 -0.1551001E-04
Ar  2066  0.2940250E+02  0.8917365E+01  0.3081094E+02  0.1884391E-04  0.1791468E-04  0.1267951E-04
Ar  2067  0.2933336E+02  0.6189835E+01  0.3361325E+02 -0.3085167E-04 -0.2865250E-04  0.6652738E-05
Ar  2068  0.2677533E+02  0.8832125E+01  0.3358606E+02  0.6077340E-04 -0.2917422E-04 -0.7026967E-04
Ar  2069  0.2685646E+02  0.6210362E+01  0.3628723E+02 -0.3164265E-04  0.7853235E-04 -0.2682265E-04
Ar  2070  0.2938719E+02  0.8706905E+01  0.3627184E+02  0.5506741E-04 -0.5537955E-04  0.6350313E-04
Ar  2071  0.2948729E+02  0.5948813E+01  0.3854876E+02 -0.4291498E-05  0.7579789E-05 -0.4442718E-04
Ar  2072  0.2677987E+02  0.8659673E+01  0.3881387E+02 -0.3458862E-04  0.2520971E-04 -0.5657026E-04
Ar  2073  0.2706360E+02  0.6145046E+01  0.4105246E+02 -0.1063454E-03  0.1658071E-04 -0.1007412E-04
Ar  2074  0.2952451E+02  0.8716249E+01  0.4110882E+02 -0.5790583E-04  0.9223995E-04 -0.6200687E-05
Ar  2075  0.2966431E+02  0.6045263E+01  0.4364345E+02  0.4047564E-04  0.4232706E-04 -0.1271384E-04
Ar  2076  0.2713839E+02  0.8616806E+01  0.4364997E+02  0.1620348E-04  0.2902550E-04 -0.2390363E-04
Ar  2077  0.2694403E+02  0.6011737E+01  0.4642833E+02 -0.1202714E-03 -0.5388575E-04 -0.4436628E-04
Ar  2078  0.2935898E+02  0.8693186E+01  0.4654182E+02  0.8182081E-04 -0.4677722E-04  0.1055414E-03
Ar  2079  0.2944703E+02  0.6129432E+01  0.4918747E+02  0.1079131E-04  0.3021313E-04 -0.2742490E-04
Ar  2080  0.2686031E+02  0.8726316E+01  0.4900663E+02 -0.3677894E-04  0.4615115E-04  0.2050972E-04
Ar  2081  0.2700288E+02  0.1105694E+02  0.5152082E+02 -0.4049721E-04 -0.8605292E-04 -0.2308513E-04
Ar  2082  0.2944619E+02  0.1371991E+02  0.1619848E+00 -0.3727389E-04 -0.1019945E-03 -0.4030190E-04
Ar  2083  0.2958035E+02  0.1130372E+02  0.2663093E+01  0.5318211E-05  0.3956317E-04  0.4485973E-04
Ar  2084  0.2677782E+02  0.1370179E+02  0.2430229E+01  0.6346084E-05  0.1606746E-04 -0.6934754E-06
Ar  2085  0.2699328E+02  0.1157155E+02  0.5282696E+01 -0.1835830E-04  0.6941385E-04  0.1611271E-04
Ar  2086  0.2939590E+02  0.1395437E+02  0.5158194E+01 -0.1303486E-04  0.7151097E-04 -0.3604732E-04
Ar  2087  0.2937683E+02  0.1135293E+02  0.7713495E+01 -0.3474930E-04 -0.4968234E-05 -0.4333569E-04
Ar  2088  0.2670248E+02  0.1367265E+02  0.8074334E+01  0.3165838E-04  0.3620265E-04  0.5366371E-05
Ar  2089  0.2683306E+02  0.1129337E+02  0.1061003E+02 -0.2740888E-04  0.2656945E-04  0.1539250E-04
Ar  2090  0.2946159E+02  0.1375547E+02  0.1048506E+02 -0.8674419E-04  0.2498221E-04 -0.3446474E-04
Ar  2091  0.2934408E+02  0.1122998E+02  0.1295732E+02  0.3614114E-04  0.1122326E-04  0.7633132E-04
Ar  2092  0.2660536E+02  0.1390095E+02  0.1295326E+02  0.1559045E-04 -0.8517561E-05 -0.8394901E-05
Ar  2093  0.2685268E+02  0.1132620E+02  0.1562839E+02  0.5740420E-05 -0.7804356E-04  0.3904904E-04
Ar  2094  0.2903742E+02  0.1403845E+02  0.1547039E+02  0.3169764E-04 -0.3592498E-04  0.3280216E-04
Ar  2095  0.2956217E+02  0.1118813E+02  0.1798574E+02 -0.2727250E-04 -0.2095297E-04 -0.2501479E-04
Ar  2096  0.2666427E+02  0.1404016E+02  0.1806899E+02 -0.4937181E-05  0.3009868E-04  0.2614857E-04
Ar  2097  0.2683075E+02  0.1120927E+02  0.2041280E+02  0.1283420E-03  0.7133482E-04  0.4020032E-04
Ar  2098  0.2943880E+02  0.1401185E+02  0.2056471E+02  0.4118467E-04  0.8371714E-04  0.5065945E-05
Ar  2099  0.2945423E+02  0.1145663E+02  0.2314580E+02 -0.3045470E-05 -0.3088262E-05  0.1284843E-04
Ar  2100  0.2687744E+02  0.1417444E+02  0.2296251E+02  0.7240245E-04 -0.5478096E-05 -0.6529551E-04
Ar  2101  0.2670782E+02  0.1156542E+02  0.2578828E+02 -0.2914321E-04 -0.2105946E-04 -0.2898792E-04
Ar  2102  0.2926492E+02  0.1390761E+02  0.2590456E+02 -0.5503821E-05 -0.6005682E-04  0.2596872E-04
Ar  2103  0.2945393E+02  0.1122985E+02  0.2836848E+02 -0.4195567E-04  0.1762999E-04  0.3258536E-04
Ar  2104  0.2677893E+02  0.1408105E+02  0.2845259E+02  0.3859354E-05 -0.5392126E-04 -0.3658528E-04
Ar  2105  0.2694983E+02  0.1145443E+02  0.3106310E+02 -0.6193019E-04 -0.1116602E-03 -0.2533759E-04
Ar  2106  0.2954437E+02  0.1396504E+02  0.3118443E+02  0.2021445E-04 -0.3464485E-04  0.2237664E-04
Ar  2107  0.2943859E+02  0.1137701E+02  0.3367873E+02  0.3196701E-04 -0.4893283E-04  0.6816002E-04
Ar  2108  0.2683952E+02  0.1412438E+02  0.3367192E+02 -0.3821911E-04 -0.4058434E-05 -0.3964037E-04
Ar  2109  0.2673416E+02  0.1113296E+02  0.3615388E+02 -0.1435162E-04 -0.1913241E-04 -0.1429461E-04
Ar  2110  0.2932702E+02  0.1391140E+02  0.3631465E+02  0.1650385E-04 -0.4154493E-04 -0.3851174E-04
Ar  2111  0.2964281E+02  0.1133644E+02  0.3893521E+02 -0.1345949E-04  0.9292553E-05  0.4670889E-04
Ar  2112  0.2672486E+02  0.1374211E+02  0.3885124E+02  0.1453471E-04 -0.9962099E-05  0.4096614E-04
Ar  2113  0.2674721E+02  0.1142191E+02  0.4138364E+02  0.7211962E-04 -0.6389445E-05 -0.4295321E-04
Ar  2114  0.2946441E+02  0.1399309E+02  0.4125542E+02  0.4549360E-05  0.2695830E-04 -0.5980375E-04
Ar  2115  0.2949232E+02  0.1113338E+02  0.4376580E+02  0.1189562E-03  0.2132839E-04  0.6910744E-04
Ar  2116  0.2677202E+02  0.1368719E+02  0.4391048E+02  0.1324914E-04  0.4994703E-04  0.3627381E-04
Ar  2117  0.2688222E+02  0.1128114E+02  0.4637525E+02 -0.2841572E-04 -0.9125437E-05  0.2686127E-04
Ar  2118  0.2948976E+02  0.1356302E+02  0.4635290E+02  0.5293467E-04 -0.3486699E-05  0.4286318E-04
Ar  2119  0.2949117E+02  0.1128176E+02  0.4908817E+02  0.8055221E-04 -0.6216968E-05  0.5887034E-04
Ar  2120  0.2702345E+02  0.1377774E+02  0.4911627E+02  0.2539128E-04  0.4261239E-04  0.3720885E-04
Ar  2121  0.2687994E+02  0.1627649E+02  0.1484834E+00  0.2506390E-04 -0.3201698E-04  0.9791287E-05
Ar  2122  0.2927718E+02  0.1897997E+02  0.9902250E-01  0.1687160E-04  0.6025836E-04  0.1118132E-04
Ar  2123  0.2928155E+02  0.1643582E+02  0.2595022E+01  0.4280209E-04  0.7021528E-04  0.1485971E-04
Ar  2124  0.2671330E+02  0.1882837E+02  0.2501489E+01 -0.2465138E-05 -0.4870537E-05  0.5479724E-05
Ar  2125  0.2671104E+02  0.1635203E+02  0.5167224E+01 -0.3891677E-04 -0.1158951E-04  0.7323633E-04
Ar  2126  0.2920799E+02  0.1884419E+02  0.5229710E+01 -0.3393006E-04 -0.7342408E-04 -0.3830165E-05
Ar  2127  0.2914341E+02  0.1629863E+02  0.7754989E+01 -0.6486048E-05 -0.9023171E-05  0.8152101E-04
Ar  2128  0.2671772E+02  0.1888125E+02  0.7886005E+01  0.3818801E-04  0.5844183E-04  0.1224430E-04
Ar  2129  0.2673252E+02  0.1640483E+02  0.1028136E+02 -0.3420645E-04 -0.7771516E-04 -0.1734141E-05
Ar  2130  0.2920980E+02  0.1901584E+02  0.1023183E+02 -0.2631331E-05  0.4909905E-04 -0.4038408E-04
Ar  2131  0.2913510E+02  0.1642058E+02  0.1286780E+02  0.2325829E-04 -0.2925541E-04 -0.4897922E-04
Ar  2132  0.2676067E+02  0.1922805E+02  0.1315097E+02  0.2270341E-04  0.5618021E-05 -0.1345628E-03
Ar  2133  0.2667478E+02  0.1653559E+02  0.1546052E+02  0.8597984E-04 -0.3087691E-04 -0.5257311E-04
Ar  2134  0.2955643E+02  0.1923078E+02  0.1543057E+02  0.4743880E-04 -0.9440092E-04 -0.4249824E-04
Ar  2135  0.2930111E+02  0.1664759E+02  0.1793446E+02 -0.9485140E-05 -0.4915148E-04  0.1038218E-04
Ar  2136  0.2695223E+02  0.1924215E+02  0.1795829E+02 -0.5646880E-04 -0.5780817E-04  0.8932580E-04
Ar  2137  0.2684945E+02  0.1669373E+02  0.2052653E+02 -0.2044931E-04 -0.2148351E-04 -0.2857543E-04
Ar  2138  0.2909961E+02  0.1905009E+02  0.2057260E+02 -0.1532613E-04  0.3454233E-04  0.1656670E-04
Ar  2139  0.2953951E+02  0.1659954E+02  0.2309695E+02  0.2298512E-04 -0.1053017E-03  0.8937673E-05
Ar  2140  0.2686805E+02  0.1917770E+02  0.2331052E+02  0.1252419E-03 -0.4713444E-04  0.1235527E-04
Ar  2141  0.2698529E+02  0.1667352E+02  0.2579623E+02 -0.1790333E-04 -0.4384491E-04  0.5056490E-05
Ar  2142  0.2951817E+02  0.1932410E+02  0.2592525E+02 -0.2918775E-04  0.3218147E-04 -0.2932327E-04
Ar  2143  0.2945304E+02  0.1644734E+02  0.2857024E+02 -0.4822562E-05 -0.1787420E-04 -0.5361852E-04
Ar  2144  0.2709559E+02  0.1904777E+02  0.2859132E+02 -0.3861865E-05 -0.9031486E-04 -0.6043514E-05
Ar  2145  0.2686288E+02  0.1656379E+02  0.3092633E+02 -0.3035448E-05 -0.1582940E-04  0.1496631E-04
Ar  2146  0.2947215E+02  0.1913465E+02  0.3109864E+02  0.2090355E-04  0.3565557E-04 -0.9625514E-05
Ar  2147  0.2926813E+02  0.1652357E+02  0.3377690E+02 -0.8144611E-04 -0.1888926E-04  0.1085178E-04
Ar  2148  0.2688941E+02  0.1900898E+02  0.3375099E+02 -0.2709890E-04 -0.7170747E-04 -0.3732840E-04
Ar  2149  0.2680670E+02  0.1634262E+02  0.3617750E+02  0.2296368E-04 -0.2906599E-04 -0.3890131E-04
Ar  2150  0.2942832E+02  0.1911186E+02  0.3635988E+02  0.5057608E-04  0.2354046E-04 -0.3090983E-04
Ar  2151  0.2957932E+02  0.1629380E+02  0.3868672E+02  0.1209809E-04 -0.2596873E-04  0.4810060E-04
Ar  2152  0.2689557E+02  0.1893612E+02  0.3883561E+02  0.1132733E-04 -0.5279574E-04 -0.3406835E-05
Ar  2153  0.2676115E+02  0.1622892E+02  0.4137958E+02  0.1030613E-03  0.6332872E-04 -0.1406312E-04
Ar  2154  0.2942620E+02  0.1914926E+02  0.4138177E+02  0.8299708E-04  0.1075259E-03 -0.1552954E-04
Ar  2155  0.2958885E+02  0.1649285E+02  0.4377531E+02  0.7455447E-04  0.1742717E-04  0.3045751E-04
Ar  2156  0.2688662E+02  0.1881600E+02  0.4381352E+02 -0.3870850E-04  0.5089866E-04 -0.9184539E-04
Ar  2157  0.2699129E+02  0.1614189E+02  0.4641617E+02 -0.6006927E-04  0.2093493E-05  0.4908330E-04
Ar  2158  0.2934151E+02  0.1898685E+02  0.4648774E+02  0.7338993E-04 -0.5604406E-04  0.3956735E-04
Ar  2159  0.2941062E+02  0.1624877E+02  0.4908200E+02  0.2513310E-04 -0.1781905E-04  0.3699137E-04
Ar  2160  0.2670344E+02  0.1871054E+02  0.4895055E+02  0.4411423E-04  0.6623571E-05 -0.2551489E-04
Ar  2161  0.2663977E+02  0.2144756E+02  0.5126651E+02 -0.7186247E-04 -0.7228721E-04  0.6757396E-04
Ar  2162  0.2927546E+02  0.2403819E+02  0.8896331E-01 -0.4725426E-04 -0.3354432E-04 -0.2846918E-04
Ar  2163  0.2924709E+02  0.2165390E+02  0.2700007E+01 -0.3592202E-04  0.9677421E-04  0.1344809E-04
Ar  2164  0.2673302E+02  0.2405492E+02  0.2671715E+01 -0.3461136E-04 -0.1140364E-04 -0.3272720E-04
Ar  2165  0.2662537E+02  0.2152120E+02  0.5210818E+01  0.3891421E-04  0.5479233E-06 -0.2629565E-04
Ar  2166  0.2925111E+02  0.2406853E+02  0.5252438E+01 -0.5533374E-04 -0.7434655E-04  0.1428367E-04
Ar  2167  0.2915224E+02  0.2152170E+02  0.7788395E+01 -0.2386459E-04 -0.1260007E-04  0.1794348E-04
Ar  2168  0.2677918E+02  0.2405434E+02  0.7837118E+01 -0.1816557E-04  0.4567761E-04 -0.2378747E-04
Ar  2169  0.2667338E+02  0.2161424E+02  0.1038008E+02 -0.5586767E-04  0.6547849E-04  0.2799312E-04
Ar  2170  0.2930589E+02  0.2419876E+02  0.1030501E+02  0.3169395E-05  0.1059836E-04  0.9025339E-04
Ar  2171  0.2946333E+02  0.2169034E+02  0.1296040E+02 -0.2359924E-04 -0.1398587E-04 -0.1643642E-04
Ar  2172  0.2683079E+02  0.2446527E+02  0.1298354E+02  0.7647790E-04 -0.2288038E-05 -0.4179345E-04
Ar  2173  0.2679960E+02  0.2180050E+02  0.1538298E+02  0.1653415E-04  0.4554291E-04 -0.7354719E-04
Ar  2174  0.2929091E+02  0.2413536E+02  0.1544206E+02 -0.1044195E-04  0.5909468E-04  0.8212736E-05
Ar  2175  0.2966092E+02  0.2171595E+02  0.1813624E+02  0.5706457E-05 -0.2021366E-04 -0.3508972E-04
Ar  2176  0.2690672E+02  0.2439937E+02  0.1807882E+02 -0.6102283E-04  0.3003293E-05 -0.9747813E-05
Ar  2177  0.2700049E+02  0.2192887E+02  0.2065722E+02 -0.4670986E-05  0.3322339E-04  0.9408842E-04
Ar  2178  0.2928558E+02  0.2459494E+02  0.2065923E+02 -0.1290044E-03 -0.4843326E-04 -0.7290670E-05
Ar  2179  0.2946511E+02  0.2171375E+02  0.2317516E+02  0.6822681E-04  0.2737551E-04 -0.1747023E-05
Ar  2180  0.2688720E+02  0.2422516E+02  0.2320256E+02  0.1724113E-04 -0.2622538E-04 -0.4586038E-04
Ar  2181  0.2683776E+02  0.2164402E+02  0.2572333E+02 -0.5533185E-04 -0.4297116E-04 -0.4017357E-04
Ar  2182  0.2942418E+02  0.2423772E+02  0.2581044E+02  0.2702742E-04  0.1271229E-04  0.5173651E-05
Ar  2183  0.2928646E+02  0.2192331E+02  0.2847420E+02 -0.4741547E-04  0.7322121E-04 -0.3765423E-04
Ar  2184  0.2693977E+02  0.2415529E+02  0.2817060E+02 -0.1338001E-04 -0.9064555E-05 -0.7769223E-04
Ar  2185  0.2693394E+02  0.2168963E+02  0.3100690E+02 -0.3054525E-04 -0.1921883E-04  0.1386085E-04
Ar  2186  0.2948062E+02  0.2404570E+02  0.3117041E+02  0.6519865E-04 -0.1536167E-04  0.4512510E-04
Ar  2187  0.2928335E+02  0.2160614E+02  0.3378045E+02  0.1116001E-03  0.7474000E-05 -0.1402457E-04
Ar  2188  0.2658576E+02  0.2405877E+02  0.3352479E+02 -0.2310425E-04 -0.9027520E-05 -0.2353014E-04
Ar  2189  0.2690587E+02  0.2160460E+02  0.3625125E+02  0.7921164E-05  0.2379335E-04  0.3598772E-05
Ar  2190  0.2927589E+02  0.2404341E+02  0.3627859E+02 -0.6928177E-05 -0.8111436E-04  0.3962153E-04
Ar  2191  0.2940059E+02  0.2157074E+02  0.3888537E+02 -0.7464748E-06 -0.4414143E-05  0.1835944E-04
Ar  2192  0.2698835E+02  0.2425596E+02  0.3885321E+02  0.4296261E-04 -0.3703328E-04 -0.1456422E-04
Ar  2193  0.2690636E+02  0.2160502E+02  0.4152406E+02  0.7920686E-04 -0.7220514E-04  0.1409871E-04
Ar  2194  0.2963591E+02  0.2416246E+02  0.4132401E+02 -0.2646022E-04 -0.5748250E-04 -0.2170562E-04
Ar  2195  0.2940042E+02  0.2149381E+02  0.4402760E+02  0.5063695E-04  0.6611001E-05  0.6428045E-05
Ar  2196  0.2701674E+02  0.2416381E+02  0.4382046E+02 -0.4336146E-04 -0.4529941E-04  0.5324171E-04
Ar  2197  0.2686922E+02  0.2141508E+02  0.4660874E+02 -0.6030320E-04  0.7369713E-04  0.3967880E-04
Ar  2198  0.2944445E+02  0.2409562E+02  0.4654063E+02  0.1571938E-04 -0.6035213E-05  0.9785051E-04
Ar  2199  0.2944983E+02  0.2159042E+02  0.4922277E+02  0.3149237E-05 -0.3062694E-04  0.2902840E-04
Ar  2200  0.2673172E+02  0.2416095E+02  0.4908585E+02  0.2978569E-04  0.1717105E-04  0.3002977E-04
Ar  2201  0.2686506E+02  0.2655956E+02  0.2422603E+00 -0.3582074E-04 -0.1633608E-04 -0.4034247E-04
Ar  2202  0.2946008E+02  0.2917493E+02  0.5489950E-01  0.3843336E-04 -0.1493422E-04 -0.7000229E-05
Ar  2203  0.2942761E+02  0.2669559E+02  0.2573065E+01  0.2566199E-04  0.1580551E-04 -0.6637717E-05
Ar  2204  0.2695488E+02  0.2937274E+02  0.2711319E+01  0.7570899E-05  0.8514592E-04  0.1078797E-04
Ar  2205  0.2678017E+02  0.2665395E+02  0.5164750E+01 -0.2415003E-04  0.1923744E-04 -0.7624314E-04
Ar  2206  0.2946823E+02  0.2916813E+02  0.5277830E+01  0.1311628E-04 -0.1669201E-04 -0.9696738E-04
Ar  2207  0.2938117E+02  0.2675062E+02  0.7736068E+01  0.5827401E-04  0.2997566E-04 -0.4257980E-05
Ar  2208  0.2679670E+02  0.2915177E+02  0.7761979E+01 -0.2923652E-04 -0.1157329E-04 -0.1870032E-04
Ar  2209  0.2677158E+02  0.2663852E+02  0.1024757E+02 -0.1904752E-04  0.5013051E-04 -0.1723466E-04
Ar  2210  0.2942518E+02  0.2916962E+02  0.1037224E+02  0.3614447E-05 -0.6582659E-04 -0.3907537E-04
Ar  2211  0.2919988E+02  0.2685991E+02  0.1306551E+02 -0.8023984E-05 -0.4725056E-04  0.3432057E-04
Ar  2212  0.2679207E+02  0.2935994E+02  0.1291423E+02 -0.1903153E-04  0.3074441E-04 -0.2763340E-04
Ar  2213  0.2665985E+02  0.2691268E+02  0.1552324E+02  0.2690668E-04 -0.4353159E-04 -0.1948065E-04
Ar  2214  0.2938640E+02  0.2930900E+02  0.1552452E+02  0.1070507E-04  0.9058595E-04 -0.7388455E-05
Ar  2215  0.2949956E+02  0.2697238E+02  0.1802040E+02  0.7102446E-04 -0.1410021E-05  0.2809718E-04
Ar  2216  0.2674756E+02  0.2963243E+02  0.1798975E+02 -0.3326572E-04  0.2042262E-04  0.6504118E-04
Ar  2217  0.2686469E+02  0.2693671E+02  0.2065626E+02 -0.1072749E-05  0.7751153E-04  0.5805575E-04
Ar  2218  0.2938310E+02  0.2941149E+02  0.2070464E+02  0.1087191E-04  0.3821380E-04 -0.5928611E-05
Ar  2219  0.2934073E+02  0.2685371E+02  0.2326377E+02 -0.5475688E-04 -0.1595366E-04 -0.1004879E-05
Ar  2220  0.2681814E+02  0.2946877E+02  0.2326567E+02  0.4030475E-04 -0.4242234E-04 -0.9521158E-05
Ar  2221  0.2698002E+02  0.2684185E+02  0.2593901E+02 -0.7489138E-04  0.8614511E-04 -0.1928984E-04
Ar  2222  0.2941845E+02  0.2952982E+02  0.2583035E+02 -0.8263999E-05  0.1529697E-03  0.2509049E-04
Ar  2223  0.2950034E+02  0.2674212E+02  0.2840077E+02  0.2391977E-04 -0.4057944E-04 -0.4528278E-04
Ar  2224  0.2694789E+02  0.2934534E+02  0.2859083E+02  0.5214080E-05  0.5923032E-04  0.1139030E-04
Ar  2225  0.2682432E+02  0.2698305E+02  0.3117729E+02 -0.3221829E-04  0.3755668E-04  0.1148082E-04
Ar  2226  0.2955434E+02  0.2925900E+02  0.3146801E+02 -0.3139275E-04 -0.7886764E-04  0.4902770E-04
Ar  2227  0.2938826E+02  0.2665328E+02  0.3359823E+02 -0.6915134E-04 -0.9018984E-04  0.4299830E-04
Ar  2228  0.2681470E+02  0.2932077E+02  0.3364445E+02 -0.4230569E-04  0.8484941E-05 -0.2033179E-05
Ar  2229  0.2704619E+02  0.2672321E+02  0.3628477E+02 -0.1204560E-04  0.2362271E-04  0.2133489E-04
Ar  2230  0.2938817E+02  0.2950230E+02  0.3629380E+02  0.2548362E-04  0.5635227E-04 -0.3197264E-04
Ar  2231  0.2930452E+02  0.2702390E+02  0.3885621E+02 -0.4749991E-04  0.2040615E-04  0.1092790E-05
Ar  2232  0.2688950E+02  0.2948405E+02  0.3883998E+02  0.3622497E-04  0.2923144E-04  0.1302894E-05
Ar  2233  0.2700110E+02  0.2673559E+02  0.4159317E+02 -0.3056380E-05  0.1278135E-04  0.4046678E-04
Ar  2234  0.2961430E+02  0.2921089E+02  0.4154077E+02 -0.1667216E-04 -0.4223516E-04  0.3255041E-04
Ar  2235  0.2966589E+02  0.2656000E+02  0.4404021E+02  0.8387949E-06  0.5342825E-05  0.4708973E-04
Ar  2236  0.2690594E+02  0.2926347E+02  0.4402218E+02  0.7011764E-04 -0.5251326E-04  0.2555704E-04
Ar  2237  0.2681249E+02  0.2682136E+02  0.4650940E+02 -0.4213776E-05 -0.6145550E-04  0.3009664E-04
Ar  2238  0.2940486E+02  0.2931314E+02  0.4642888E+02  0.7286168E-04 -0.6505846E-05 -0.1304840E-04
Ar  2239  0.2948971E+02  0.2651318E+02  0.4914498E+02  0.2597524E-04  0.3096458E-04  0.3685072E-04
Ar  2240  0.2693098E+02  0.2915154E+02  0.4910813E+02  0.1824394E-04  0.3270344E-05  0.2084080E-06
Ar  2241  0.2688144E+02  0.3193244E+02  0.1282841E+00  0.6531513E-07  0.3588362E-04  0.4053130E-04
Ar  2242  0.2945993E+02  0.3458255E+02  0.4810683E-01  0.3071262E-04  0.9986039E-04  0.3747317E-04
Ar  2243  0.2933503E+02  0.3194633E+02  0.2564451E+01 -0.5863482E-04  0.4403928E-04 -0.5815634E-05
Ar  2244  0.2673525E+02  0.3450327E+02  0.2642276E+01 -0.6379638E-05 -0.2204849E-04 -0.9843820E-04
Ar  2245  0.2693645E+02  0.3184531E+02  0.5233763E+01  0.1260493E-04  0.4586775E-04  0.6687634E-04
Ar  2246  0.2960309E+02  0.3439209E+02  0.4954676E+01  0.4207181E-04 -0.2880191E-04  0.5845047E-04
Ar  2247  0.2939690E+02  0.3159207E+02  0.7729156E+01 -0.2220199E-04 -0.6696065E-04 -0.4226102E-04
Ar  2248  0.2683561E+02  0.3431219E+02  0.7843526E+01 -0.2281022E-04  0.9263546E-05  0.7777002E-04
Ar  2249  0.2700672E+02  0.3177734E+02  0.1041106E+02  0.2761274E-05 -0.1493126E-04  0.3961593E-05
Ar  2250  0.2937597E+02  0.3460932E+02  0.1050290E+02 -0.1096103E-04 -0.2983147E-04  0.6284262E-04
Ar  2251  0.2948247E+02  0.3188454E+02  0.1307369E+02  0.4565243E-04  0.6075187E-04  0.1128757E-06
Ar  2252  0.2671179E+02  0.3438861E+02  0.1292574E+02 -0.9010601E-04 -0.1144526E-04  0.6061673E-05
Ar  2253  0.2670249E+02  0.3196804E+02  0.1550457E+02 -0.6591608E-04 -0.5585067E-04 -0.8680071E-04
Ar  2254  0.2921717E+02  0.3458721E+02  0.1524462E+02  0.8541673E-04 -0.2837911E-04 -0.2286275E-04
Ar  2255  0.2931480E+02  0.3204037E+02  0.1788004E+02  0.4350081E-04  0.3194858E-04  0.2699466E-04
Ar  2256  0.2660751E+02  0.3466990E+02  0.1799428E+02 -0.3800127E-04 -0.5244850E-04  0.1107039E-05
Ar  2257  0.2683474E+02  0.3198928E+02  0.2055266E+02  0.1005668E-04  0.3143868E-05  0.4289471E-04
Ar  2258  0.2923192E+02  0.3466302E+02  0.2040709E+02  0.2371100E-05  0.1209856E-04 -0.1388859E-05
Ar  2259  0.2940573E+02  0.3193496E+02  0.2304958E+02 -0.4669708E-04  0.1790519E-04  0.5704564E-04
Ar  2260  0.2691977E+02  0.3461877E+02  0.2344593E+02 -0.8515532E-04 -0.4615889E-04  0.3010636E-04
Ar  2261  0.2676235E+02  0.3193128E+02  0.2581551E+02  0.5348490E-05  0.4875792E-04 -0.5638887E-04
Ar  2262  0.2953736E+02  0.3438994E+02  0.2589757E+02 -0.8289804E-04  0.4827174E-04 -0.6235660E-04
Ar  2263  0.2945257E+02  0.3186552E+02  0.2876568E+02  0.1687296E-04  0.4725485E-04  0.2293823E-05
Ar  2264  0.2684162E+02  0.3445683E+02  0.2835582E+02  0.2182032E-04  0.4325530E-04 -0.4134547E-04
Ar  2265  0.2677287E+02  0.3202755E+02  0.3101409E+02 -0.3016408E-04  0.1818568E-04 -0.6790870E-04
Ar  2266  0.2958217E+02  0.3462443E+02  0.3101963E+02 -0.2536117E-04  0.9593955E-04  0.3226637E-04
Ar  2267  0.2936987E+02  0.3199469E+02  0.3371705E+02  0.6326334E-05 -0.8499103E-04 -0.3715764E-05
Ar  2268  0.2675362E+02  0.3456959E+02  0.3375932E+02 -0.2046211E-04  0.6377272E-04  0.3554091E-04
Ar  2269  0.2689335E+02  0.3197644E+02  0.3613155E+02  0.2327791E-04 -0.1176011E-04 -0.1797896E-04
Ar  2270  0.2939992E+02  0.3462412E+02  0.3631032E+02  0.2272145E-04  0.1163907E-03 -0.5945014E-05
Ar  2271  0.2950151E+02  0.3209114E+02  0.3901761E+02 -0.1826866E-04 -0.5101990E-04  0.2012828E-04
Ar  2272  0.2681538E+02  0.3442454E+02  0.3867687E+02 -0.9672914E-04 -0.4634653E-04  0.7719284E-04
Ar  2273  0.2692960E+02  0.3188546E+02  0.4164367E+02  0.3830427E-04  0.5852810E-04 -0.1837631E-04
Ar  2274  0.2954766E+02  0.3460974E+02  0.4145123E+02 -0.1132373E-03  0.2979132E-04 -0.1218573E-04
Ar  2275  0.2957881E+02  0.3211799E+02  0.4396869E+02  0.1127026E-04  0.3304115E-04 -0.6949182E-04
Ar  2276  0.2692459E+02  0.3479637E+02  0.4391349E+02 -0.6107372E-04  0.9945660E-06 -0.3174707E-04
Ar  2277  0.2698435E+02  0.3219695E+02  0.4636676E+02 -0.2688819E-04 -0.1048989E-04 -0.2793900E-04
Ar  2278  0.2953833E+02  0.3452487E+02  0.4667092E+02 -0.8604600E-05  0.7547114E-04 -0.1245976E-05
Ar  2279  0.2933212E+02  0.3191522E+02  0.4913411E+02 -0.5353781E-04  0.2172234E-04  0.6154932E-04
Ar  2280  0.2700013E+02  0.3463198E+02  0.4895231E+02  0.4265219E-04  0.5385355E-04 -0.7789909E-04
Ar  2281  0.2682926E+02  0.3699833E+02  0.5156983E+02 -0.3635229E-04  0.5206349E-04  0.2072739E-04
Ar  2282  0.2950083E+02  0.3969121E+02  0.2254411E+00  0.2436431E-05  0.9100796E-04 -0.8268462E-04
Ar  2283  0.2968409E+02  0.3730682E+02  0.2861478E+01 -0.7245069E-04 -0.1868110E-04 -0.2271637E-04
Ar  2284  0.2684666E+02  0.3949682E+02  0.2722929E+01  0.2319012E-04  0.5866601E-04  0.1098977E-04
Ar  2285  0.2697174E+02  0.3712451E+02  0.5447459E+01 -0.8411564E-04  0.3858593E-04 -0.5607186E-04
Ar  2286  0.2949144E+02  0.3964272E+02  0.5419972E+01  0.1956011E-04  0.5062740E-04  0.5466036E-04
Ar  2287  0.2951803E+02  0.3706086E+02  0.7815700E+01  0.3914237E-05 -0.3005032E-04 -0.1965877E-04
Ar  2288  0.2685049E+02  0.3956467E+02  0.7821031E+01 -0.9884828E-04  0.3407869E-05  0.1320890E-05
Ar  2289  0.2688287E+02  0.3684215E+02  0.1023990E+02 -0.3316593E-04 -0.6247012E-06  0.7127820E-04
Ar  2290  0.2920653E+02  0.3950108E+02  0.1028356E+02  0.6752028E-05 -0.7585954E-05 -0.7307185E-04
Ar  2291  0.2942359E+02  0.3719908E+02  0.1281919E+02 -0.3731615E-04  0.4705705E-05 -0.5754661E-04
Ar  2292  0.2671764E+02  0.3964603E+02  0.1301796E+02  0.2511308E-04 -0.3967474E-04  0.7069910E-04
Ar  2293  0.2658837E+02  0.3731341E+02  0.1554609E+02  0.1805207E-05 -0.4652509E-04  0.4650694E-04
Ar  2294  0.2928434E+02  0.3957851E+02  0.1540526E+02  0.5816982E-05  0.2006241E-04 -0.1177573E-03
Ar  2295  0.2921965E+02  0.3699511E+02  0.1804395E+02  0.7549540E-04  0.1113841E-03  0.6553785E-04
Ar  2296  0.2692671E+02  0.3963806E+02  0.1814421E+02  0.2222186E-04  0.8307425E-05  0.3810658E-04
Ar  2297  0.2681105E+02  0.3717940E+02  0.2071074E+02 -0.3550068E-04 -0.2840742E-04 -0.3670269E-04
Ar  2298  0.2959881E+02  0.3954668E+02  0.2069767E+02  0.4847938E-04 -0.4229786E-04 -0.4116581E-04
Ar  2299  0.2930848E+02  0.3706212E+02  0.2336348E+02  0.9855194E-05 -0.2420707E-04 -0.3152318E-04
Ar  2300  0.2673902E+02  0.3983028E+02  0.2333925E+02 -0.4882590E-04 -0.6420591E-04 -0.4346751E-04
Ar  2301  0.2691072E+02  0.3721223E+02  0.2590821E+02 -0.4942039E-05 -0.8039360E-06 -0.3174180E-04
Ar  2302  0.2926490E+02  0.3972906E+02  0.2586627E+02  0.9747125E-04 -0.6549165E-04 -0.6767376E-05
Ar  2303  0.2941919E+02  0.3704475E+02  0.2845379E+02  0.3230015E-04  0.1163224E-03 -0.9174399E-05
Ar  2304  0.2692892E+02  0.3972768E+02  0.2857280E+02  0.3132861E-04 -0.7763736E-04  0.2187606E-05
Ar  2305  0.2694786E+02  0.3724949E+02  0.3107722E+02  0.5094930E-04  0.1153970E-04  0.1972875E-04
Ar  2306  0.2947391E+02  0.3982232E+02  0.3120044E+02 -0.5482445E-04 -0.2119609E-04 -0.3942014E-04
Ar  2307  0.2958365E+02  0.3701632E+02  0.3379563E+02  0.2375732E-04  0.7141087E-04  0.4715663E-04
Ar  2308  0.2699948E+02  0.3991199E+02  0.3371734E+02  0.2566059E-04 -0.3009320E-04 -0.9423759E-05
Ar  2309  0.2653185E+02  0.3711361E+02  0.3616152E+02  0.3093455E-04  0.5952278E-04  0.5879392E-04
Ar  2310  0.2948382E+02  0.3975418E+02  0.3628634E+02  0.1560124E-04 -0.5517911E-05 -0.7281005E-05
Ar  2311  0.2953071E+02  0.3714388E+02  0.3893487E+02  0.3504952E-04 -0.9150350E-05 -0.2941070E-05
Ar  2312  0.2679997E+02  0.3978845E+02  0.3871415E+02  0.1005474E-05  0.1022330E-04  0.2684760E-04
Ar  2313  0.2671302E+02  0.3715291E+02  0.4134058E+02 -0.3668430E-04 -0.3560421E-04 -0.3057971E-04
Ar  2314  0.2951069E+02  0.3964521E+02  0.4133039E+02 -0.4837390E-04 -0.3074456E-04  0.1882601E-04
Ar  2315  0.2951308E+02  0.3724795E+02  0.4392163E+02 -0.5041418E-05  0.1884819E-04 -0.1586075E-04
Ar  2316  0.2696375E+02  0.3962896E+02  0.4399643E+02 -0.6314602E-04 -0.7605958E-04 -0.1853149E-04
Ar  2317  0.2705748E+02  0.3722079E+02  0.4639926E+02 -0.3295636E-04  0.7055944E-05  0.9750380E-04
Ar  2318  0.2961787E+02  0.3964810E+02  0.4646938E+02  0.2943823E-05  0.4717592E-04 -0.9797625E-05
Ar  2319  0.2956480E+02  0.3719014E+02  0.4931641E+02  0.1539934E-04 -0.6225430E-04  0.6161477E-04
Ar  2320  0.2680233E+02  0.3950234E+02  0.4905229E+02 -0.7609394E-04 -0.6892993E-04  0.2863528E-05
Ar  2321  0.2686334E+02  0.4213213E+02  0.2077155E+00 -0.1291984E-04  0.8786452E-04 -0.4893565E-04
Ar  2322  0.2940283E+02  0.4490610E+02  0.5152342E+02 -0.2967677E-04 -0.2756984E-04 -0.6420639E-04
Ar  2323  0.2943474E+02  0.4213425E+02  0.2797276E+01  0.2148665E-04  0.1248164E-04  0.4592855E-04
Ar  2324  0.2685911E+02  0.4484839E+02  0.2547614E+01  0.9749725E-04 -0.2275689E-04  0.3999009E-04
Ar  2325  0.2672447E+02  0.4228350E+02  0.5064033E+01 -0.1790702E-04  0.1329874E-04  0.1059339E-05
Ar  2326  0.2945079E+02  0.4496351E+02  0.5174333E+01  0.4674487E-04  0.5517271E-04 -0.2426439E-06
Ar  2327  0.2917635E+02  0.4215826E+02  0.7835691E+01  0.4551310E-04  0.2566170E-04 -0.9420532E-05
Ar  2328  0.2670492E+02  0.4459336E+02  0.7651681E+01 -0.1313125E-05  0.5827287E-05  0.1072887E-04
Ar  2329  0.2668000E+02  0.4218949E+02  0.1024184E+02 -0.3892135E-04 -0.1494452E-04 -0.4352877E-04
Ar  2330  0.2928269E+02  0.4459653E+02  0.1038937E+02  0.1283414E-04  0.6572619E-04 -0.1888487E-04
Ar  2331  0.2951223E+02  0.4210174E+02  0.1271932E+02  0.2277121E-04  0.4132876E-06 -0.4681448E-04
Ar  2332  0.2697506E+02  0.4452990E+02  0.1311405E+02 -0.3001774E-04 -0.2014295E-04  0.1121748E-03
Ar  2333  0.2672059E+02  0.4191292E+02  0.1566930E+02  0.1085740E-03  0.5629379E-04 -0.4070790E-04
Ar  2334  0.2957678E+02  0.4462678E+02  0.1557507E+02 -0.2957664E-04  0.3226417E-04 -0.1182178E-04
Ar  2335  0.2940114E+02  0.4239003E+02  0.1835394E+02 -0.9456944E-04  0.2527314E-04 -0.2512576E-04
Ar  2336  0.2688649E+02  0.4486525E+02  0.1798894E+02 -0.2076288E-04 -0.6576954E-04  0.2075926E-04
Ar  2337  0.2672168E+02  0.4245571E+02  0.2074451E+02  0.7229853E-04 -0.2015926E-04  0.2625623E-04
Ar  2338  0.2941860E+02  0.4487531E+02  0.2071258E+02 -0.2600167E-04  0.5411150E-04 -0.4001239E-04
Ar  2339  0.2933501E+02  0.4230400E+02  0.2334756E+02  0.6852913E-05  0.3078797E-04 -0.3348514E-04
Ar  2340  0.2676066E+02  0.4491403E+02  0.2326191E+02  0.2056562E-04  0.2949094E-04  0.6937896E-04
Ar  2341  0.2674612E+02  0.4233294E+02  0.2588932E+02  0.2273465E-04 -0.7702484E-04  0.4753878E-04
Ar  2342  0.2946811E+02  0.4473547E+02  0.2600027E+02 -0.5663784E-04  0.3219836E-04 -0.1893554E-04
Ar  2343  0.2933455E+02  0.4226090E+02  0.2845449E+02 -0.3543799E-04  0.2937145E-04 -0.6092727E-04
Ar  2344  0.2679292E+02  0.4486402E+02  0.2837619E+02 -0.6350165E-04 -0.3636818E-04 -0.3449796E-04
Ar  2345  0.2692498E+02  0.4242792E+02  0.3141320E+02  0.3542017E-04  0.8758913E-04  0.7028878E-04
Ar  2346  0.2949823E+02  0.4495578E+02  0.3114375E+02  0.1103132E-04  0.3397632E-04  0.2301926E-04
Ar  2347  0.2961813E+02  0.4232408E+02  0.3367131E+02  0.6286324E-04  0.9563310E-05  0.2640423E-04
Ar  2348  0.2698045E+02  0.4497679E+02  0.3383389E+02 -0.3055751E-04 -0.4066455E-04 -0.1919830E-04
Ar  2349  0.2694263E+02  0.4255759E+02  0.3630436E+02  0.1097447E-04  0.1178184E-04 -0.1399341E-04
Ar  2350  0.2963821E+02  0.4508552E+02  0.3622913E+02  0.1021597E-04  0.2366860E-05  0.8956171E-05
Ar  2351  0.2961849E+02  0.4233744E+02  0.3863698E+02  0.1141690E-04  0.6420624E-05  0.3596379E-04
Ar  2352  0.2696957E+02  0.4493107E+02  0.3878487E+02  0.2591628E-04 -0.2024693E-05 -0.9729614E-04
Ar  2353  0.2682731E+02  0.4219467E+02  0.4136442E+02 -0.2317249E-04  0.1029105E-04  0.3259159E-05
Ar  2354  0.2947868E+02  0.4476420E+02  0.4136969E+02  0.1101606E-04 -0.1818910E-04 -0.2871988E-05
Ar  2355  0.2968736E+02  0.4213981E+02  0.4371350E+02 -0.7020415E-04 -0.9675831E-05  0.1127863E-03
Ar  2356  0.2683348E+02  0.4464050E+02  0.4400844E+02  0.2987299E-04 -0.4979090E-05 -0.4587468E-04
Ar  2357  0.2703931E+02  0.4216408E+02  0.4639875E+02 -0.2100815E-04  0.4654975E-04  0.1479467E-05
Ar  2358  0.2937827E+02  0.4490982E+02  0.4641447E+02  0.8444328E-04 -0.2455616E-04 -0.7991176E-04
Ar  2359  0.2972863E+02  0.4221935E+02  0.4913714E+02 -0.3494836E-05 -0.2944670E-04 -0.5880934E-04
Ar  2360  0.2687452E+02  0.4478280E+02  0.4909362E+02 -0.3756544E-04 -0.4431174E-04  0.5518839E-04
Ar  2361  0.2674319E+02  0.4754973E+02  0.1865061E+00 -0.1601440E-04  0.5209902E-04  0.3302378E-04
Ar  2362  0.2938452E+02  0.4980056E+02  0.5141542E+02  0.8293611E-04  0.1730228E-04 -0.5277567E-04
Ar  2363  0.2947359E+02  0.4730371E+02  0.2609786E+01 -0.7971650E-05  0.2539493E-04  0.2893308E-04
Ar  2364  0.2683295E+02  0.5004101E+02  0.2718871E+01 -0.3064085E-04  0.1237234E-03 -0.2417699E-04
Ar  2365  0.2669865E+02  0.4729695E+02  0.5091941E+01 -0.8446364E-04  0.2127845E-04 -0.1299986E-03
Ar  2366  0.2923816E+02  0.4976760E+02  0.5216970E+01  0.2780218E-04  0.6207735E-05  0.9736447E-04
Ar  2367  0.2921550E+02  0.4730085E+02  0.7841970E+01 -0.3406530E-04  0.1894170E-04  0.1229593E-03
Ar  2368  0.2668229E+02  0.4989706E+02  0.7784639E+01  0.3788290E-04 -0.5980069E-04  0.2015336E-04
Ar  2369  0.2694736E+02  0.4697803E+02  0.1046236E+02 -0.5238001E-04 -0.1231516E-03  0.3463537E-04
Ar  2370  0.2943357E+02  0.4986072E+02  0.1053581E+02  0.1633885E-04 -0.7131232E-05  0.7721122E-04
Ar  2371  0.2936556E+02  0.4744390E+02  0.1297499E+02  0.3812623E-04  0.5919041E-05  0.1243212E-03
Ar  2372  0.2685252E+02  0.5003995E+02  0.1303054E+02  0.1083774E-04 -0.2562215E-05  0.7083055E-04
Ar  2373  0.2694060E+02  0.4724045E+02  0.1559298E+02  0.7902905E-04 -0.3422124E-04 -0.1730387E-04
Ar  2374  0.2935617E+02  0.5009685E+02  0.1578154E+02  0.3238735E-04  0.6375061E-04 -0.3387874E-04
Ar  2375  0.2961544E+02  0.4744877E+02  0.1819535E+02 -0.8850325E-06  0.1200453E-04  0.2483313E-04
Ar  2376  0.2698944E+02  0.5012229E+02  0.1825097E+02 -0.4989812E-04  0.4957806E-05  0.1702791E-04
Ar  2377  0.2674882E+02  0.4720054E+02  0.2061208E+02 -0.3476480E-04  0.2701005E-04 -0.1450907E-04
Ar  2378  0.2937680E+02  0.4998250E+02  0.2070971E+02  0.1372242E-03  0.2542737E-04 -0.8079258E-04
Ar  2379  0.2933813E+02  0.4727954E+02  0.2352659E+02 -0.5031925E-04 -0.1278210E-03 -0.2132292E-04
Ar  2380  0.2702984E+02  0.5008537E+02  0.2335961E+02 -0.3209047E-04  0.3513007E-04 -0.1991918E-04
Ar  2381  0.2669992E+02  0.4739672E+02  0.2589328E+02  0.5095035E-05  0.2393557E-04 -0.4663784E-04
Ar  2382  0.2964485E+02  0.5005088E+02  0.2575582E+02  0.2186002E-05  0.6431774E-04 -0.4102962E-04
Ar  2383  0.2940126E+02  0.4733920E+02  0.2864493E+02 -0.4969433E-05 -0.4328515E-04 -0.1383286E-05
Ar  2384  0.2697710E+02  0.4993085E+02  0.2850678E+02 -0.5310888E-06  0.2205926E-04 -0.1119645E-04
Ar  2385  0.2682811E+02  0.4743673E+02  0.3095449E+02 -0.8149571E-05  0.2846566E-04  0.3092642E-04
Ar  2386  0.2954346E+02  0.4998552E+02  0.3112323E+02  0.1233040E-04  0.1516988E-05  0.3179870E-04
Ar  2387  0.2969898E+02  0.4742296E+02  0.3347008E+02 -0.1521720E-04 -0.2477787E-05  0.2625496E-04
Ar  2388  0.2704296E+02  0.5001315E+02  0.3357161E+02  0.2518624E-04  0.4455313E-04  0.2734783E-04
Ar  2389  0.2692120E+02  0.4751078E+02  0.3635055E+02  0.6344830E-04  0.3036624E-04 -0.4375598E-05
Ar  2390  0.2954360E+02  0.4989970E+02  0.3620667E+02  0.1375002E-04  0.2224180E-04 -0.5121682E-04
Ar  2391  0.2947050E+02  0.4736801E+02  0.3899882E+02 -0.8914485E-04  0.4025528E-04  0.1625085E-04
Ar  2392  0.2694597E+02  0.5018559E+02  0.3880525E+02 -0.3915208E-04 -0.1869955E-04 -0.1752451E-04
Ar  2393  0.2692259E+02  0.4720073E+02  0.4131768E+02  0.3069852E-05 -0.1951825E-04  0.1619306E-04
Ar  2394  0.2959930E+02  0.4997057E+02  0.4126875E+02  0.4492056E-04  0.4774195E-04  0.3778038E-04
Ar  2395  0.2937548E+02  0.4724750E+02  0.4365754E+02  0.4523480E-04 -0.1585649E-04 -0.4458394E-04
Ar  2396  0.2686467E+02  0.5001772E+02  0.4382593E+02  0.5892514E-04  0.3338249E-04 -0.8971628E-05
Ar  2397  0.2682072E+02  0.4738606E+02  0.4657295E+02 -0.1878679E-04  0.1274100E-04 -0.1905006E-04
Ar  2398  0.2952957E+02  0.4996713E+02  0.4623103E+02  0.3614138E-04  0.5952605E-04 -0.3778303E-04
Ar  2399  0.2939140E+02  0.4730826E+02  0.4897493E+02 -0.1592013E-04 -0.3997532E-04  0.8460654E-04
Ar  2400  0.2684626E+02  0.5000704E+02  0.4907019E+02 -0.6446463E-04  0.5072189E-04 -0.1608462E-04
Ar  2401  0.3183304E+02  0.9089814E+00  0.1268041E-01 -0.4416482E-04  0.3521981E-04  0.4073147E-04
Ar  2402  0.3435795E+02  0.3329033E+01  0.5165038E-01 -0.6175956E-04  0.1782316E-04  0.7278988E-04
Ar  2403  0.3427286E+02  0.8361682E+00  0.2804083E+01  0.5537218E-04  0.7774246E-04 -0.2374708E-04
Ar  2404  0.3178591E+02  0.3439188E+01  0.2689431E+01  0.6758357E-04  0.3531785E-04 -0.4503589E-04
Ar  2405  0.3184794E+02  0.6619205E+00  0.5219043E+01 -0.4450882E-04  0.3896228E-05  0.3355780E-04
Ar  2406  0.3457529E+02  0.3717687E+01  0.5392419E+01  0.3082496E-05 -0.4924035E-04  0.8935241E-04
Ar  2407  0.3443798E+02  0.7502894E+00  0.7914079E+01 -0.2482136E-04  0.2002122E-04  0.1262481E-03
Ar  2408  0.3175161E+02  0.3505650E+01  0.7816701E+01  0.3947000E-04 -0.3232439E-04  0.1396903E-04
Ar  2409  0.3198628E+02  0.8071104E+00  0.1037951E+02  0.4853026E-04 -0.6248832E-04  0.1273380E-04
Ar  2410  0.3437425E+02  0.3467769E+01  0.1019700E+02 -0.8775167E-04 -0.5228936E-06  0.5552380E-04
Ar  2411  0.3448163E+02  0.8070905E+00  0.1288737E+02  0.8718925E-05 -0.1088100E-04 -0.1392003E-04
Ar  2412  0.3191775E+02  0.3488686E+01  0.1284192E+02 -0.5392119E-04  0.2832834E-04 -0.2299953E-04
Ar  2413  0.3201033E+02  0.1038770E+01  0.1578403E+02  0.1381118E-05  0.6366211E-04  0.3350298E-04
Ar  2414  0.3455874E+02  0.3430988E+01  0.1543876E+02  0.1668687E-04 -0.3074008E-04  0.3935935E-04
Ar  2415  0.3457825E+02  0.1040547E+01  0.1828470E+02  0.1069394E-06  0.4674628E-05  0.7616251E-04
Ar  2416  0.3217826E+02  0.3761234E+01  0.1822003E+02  0.3841330E-04  0.2153985E-04  0.2441079E-05
Ar  2417  0.3226843E+02  0.1157625E+01  0.2064822E+02 -0.1714968E-04 -0.6016085E-04 -0.3210645E-04
Ar  2418  0.3478111E+02  0.3511846E+01  0.2068100E+02 -0.3634715E-06  0.3305684E-04 -0.2289321E-04
Ar  2419  0.3467751E+02  0.1035455E+01  0.2330601E+02 -0.9686720E-04 -0.3069086E-04  0.1262204E-03
Ar  2420  0.3195461E+02  0.3909259E+01  0.2310952E+02  0.4371090E-04 -0.4477086E-04 -0.4011687E-05
Ar  2421  0.3194865E+02  0.1174186E+01  0.2562106E+02 -0.8921220E-04 -0.4364069E-04  0.1537971E-04
Ar  2422  0.3461093E+02  0.3398833E+01  0.2593795E+02  0.2536543E-04 -0.1638992E-04  0.2143577E-05
Ar  2423  0.3449634E+02  0.9139256E+00  0.2837501E+02 -0.7133837E-04  0.1295942E-04  0.8158408E-05
Ar  2424  0.3208794E+02  0.3669299E+01  0.2852483E+02  0.2320564E-04 -0.4312942E-04 -0.6622782E-05
Ar  2425  0.3212392E+02  0.1019696E+01  0.3090937E+02 -0.4643723E-04 -0.2857697E-04 -0.5536370E-04
Ar  2426  0.3476899E+02  0.3679339E+01  0.3095090E+02  0.3790907E-04 -0.1634311E-04  0.1867782E-04
Ar  2427  0.3467171E+02  0.1006194E+01  0.3354292E+02 -0.4553808E-04 -0.3276427E-04  0.4012829E-04
Ar  2428  0.3233028E+02  0.3370916E+01  0.3331204E+02  0.3088837E-04 -0.3260403E-04 -0.2969492E-04
Ar  2429  0.3199138E+02  0.1128282E+01  0.3576592E+02  0.8799453E-04  0.8892068E-04  0.6360351E-05
Ar  2430  0.3480737E+02  0.3516612E+01  0.3590475E+02  0.2551807E-04  0.3644059E-04  0.1569043E-04
Ar  2431  0.3452313E+02  0.9394902E+00  0.3867932E+02 -0.8385101E-04  0.5044637E-04 -0.1550770E-04
Ar  2432  0.3210217E+02  0.3531315E+01  0.3845764E+02 -0.4575557E-04  0.7235121E-04  0.1296915E-04
Ar  2433  0.3206845E+02  0.1012967E+01  0.4110757E+02  0.3176587E-04 -0.6988499E-04 -0.2781089E-04
Ar  2434  0.3458962E+02  0.3670097E+01  0.4111087E+02  0.8491082E-04 -0.6867916E-05  0.3165477E-04
Ar  2435  0.3455342E+02  0.1121543E+01  0.4384472E+02  0.6132546E-04 -0.6126804E-04 -0.1018604E-03
Ar  2436  0.3213539E+02  0.3513166E+01  0.4358449E+02  0.8768359E-05 -0.5219596E-04  0.6706940E-05
Ar  2437  0.3184382E+02  0.9241474E+00  0.4633313E+02  0.4517984E-04  0.5723782E-05  0.7221969E-05
Ar  2438  0.3457907E+02  0.3548555E+01  0.4628994E+02 -0.8763482E-04  0.6387954E-04 -0.7634622E-04
Ar  2439  0.3438375E+02  0.7227408E+00  0.4917451E+02 -0.1503424E-05 -0.2037974E-04  0.1217294E-04
Ar  2440  0.3208683E+02  0.3546958E+01  0.4885956E+02 -0.1875271E-04 -0.4405395E-04 -0.4984637E-05
Ar  2441  0.3194829E+02  0.6058876E+01  0.9435408E-01 -0.4360301E-05 -0.4743221E-04  0.4558894E-04
Ar  2442  0.3437580E+02  0.8516314E+01  0.5134792E+02  0.7119773E-04  0.7650963E-04 -0.9498189E-04
Ar  2443  0.3431357E+02  0.6176452E+01  0.2426909E+01 -0.6150592E-04 -0.2169922E-04 -0.8873600E-04
Ar  2444  0.3192309E+02  0.8640718E+01  0.2660559E+01 -0.7056029E-04 -0.3062907E-04  0.1111627E-03
Ar  2445  0.3180389E+02  0.5897943E+01  0.5195960E+01 -0.8414031E-05  0.2048794E-04 -0.5957070E-04
Ar  2446  0.3448394E+02  0.8572512E+01  0.5192051E+01  0.1301546E-04 -0.7975204E-04  0.2981438E-04
Ar  2447  0.3445345E+02  0.6122343E+01  0.7909487E+01  0.8183395E-04  0.2328647E-04  0.3335269E-04
Ar  2448  0.3196295E+02  0.8754871E+01  0.7724634E+01  0.2883905E-04 -0.2778635E-04  0.1979682E-04
Ar  2449  0.3181630E+02  0.6156018E+01  0.1042569E+02  0.8317867E-05 -0.2627783E-04 -0.7494463E-04
Ar  2450  0.3435117E+02  0.8620571E+01  0.1044123E+02  0.2806334E-04  0.6069947E-05  0.5544899E-04
Ar  2451  0.3439204E+02  0.6081172E+01  0.1282985E+02  0.2786609E-04  0.1000551E-04  0.3291573E-04
Ar  2452  0.3179016E+02  0.8712131E+01  0.1291187E+02 -0.3426753E-04  0.3249680E-04 -0.2662054E-04
Ar  2453  0.3188357E+02  0.5916829E+01  0.1543460E+02  0.1569708E-04  0.4796491E-05 -0.8032374E-05
Ar  2454  0.3451788E+02  0.8718831E+01  0.1544035E+02  0.2564608E-04  0.1999572E-04 -0.2000302E-04
Ar  2455  0.3474322E+02  0.6195715E+01  0.1806551E+02 -0.5324643E-04 -0.3854583E-04 -0.4903615E-04
Ar  2456  0.3203555E+02  0.8541905E+01  0.1773136E+02 -0.6929186E-04  0.1752918E-04  0.1722061E-04
Ar  2457  0.3217797E+02  0.6340182E+01  0.2040550E+02  0.3681758E-04 -0.3137621E-04 -0.3241027E-05
Ar  2458  0.3458226E+02  0.8922887E+01  0.2065164E+02 -0.1042023E-03  0.1552154E-04  0.3822819E-04
Ar  2459  0.3488055E+02  0.6259747E+01  0.2322137E+02 -0.1373803E-04 -0.6405839E-04  0.6273215E-04
Ar  2460  0.3208646E+02  0.8836940E+01  0.2336939E+02 -0.1496619E-04 -0.2868649E-04 -0.1578517E-04
Ar  2461  0.3214177E+02  0.6133168E+01  0.2589610E+02  0.1739672E-04  0.7624230E-04 -0.3140667E-04
Ar  2462  0.3452578E+02  0.8984232E+01  0.2591239E+02  0.1702600E-04 -0.3284638E-04  0.2951104E-04
Ar  2463  0.3483353E+02  0.6057288E+01  0.2838445E+02  0.2431398E-04 -0.6093051E-05 -0.1393024E-04
Ar  2464  0.3214326E+02  0.8660483E+01  0.2850199E+02 -0.7429370E-04 -0.1861759E-04 -0.5918930E-04
Ar  2465  0.3211001E+02  0.6262825E+01  0.3103392E+02  0.2210099E-04  0.6596024E-04  0.2056881E-04
Ar  2466  0.3473970E+02  0.8611924E+01  0.3096693E+02  0.4944491E-04  0.1847963E-04  0.3978953E-05
Ar  2467  0.3478095E+02  0.6032440E+01  0.3347651E+02 -0.6957788E-04 -0.3961046E-04  0.4018219E-05
Ar  2468  0.3200933E+02  0.8685948E+01  0.3349852E+02 -0.5303928E-04 -0.1405752E-04  0.3120902E-04
Ar  2469  0.3202477E+02  0.6043611E+01  0.3596867E+02  0.1841958E-04  0.1168999E-03  0.7492000E-04
Ar  2470  0.3468860E+02  0.8628656E+01  0.3626943E+02  0.4566858E-05  0.1322483E-04 -0.3110399E-04
Ar  2471  0.3463017E+02  0.5968400E+01  0.3848957E+02 -0.7820352E-04  0.5973734E-04  0.5943450E-04
Ar  2472  0.3209025E+02  0.8607497E+01  0.3871487E+02 -0.3961619E-04  0.4491857E-04 -0.9535259E-04
Ar  2473  0.3204060E+02  0.6161530E+01  0.4110908E+02 -0.1910379E-04  0.1300476E-03 -0.5452643E-04
Ar  2474  0.3452352E+02  0.8718082E+01  0.4110238E+02 -0.8473191E-05 -0.9287685E-05  0.5562586E-04
Ar  2475  0.3464494E+02  0.6030513E+01  0.4398483E+02 -0.8351646E-06  0.5469247E-04  0.9824230E-04
Ar  2476  0.3199449E+02  0.8574137E+01  0.4390668E+02  0.1437585E-04 -0.1395750E-05  0.2184473E-04
Ar  2477  0.3209079E+02  0.6082449E+01  0.4641833E+02  0.6510955E-04  0.2422990E-04 -0.4048176E-06
Ar  2478  0.3477117E+02  0.8539891E+01  0.4630608E+02  0.1801962E-04 -0.3084525E-04 -0.3433076E-04
Ar  2479  0.3470986E+02  0.6057495E+01  0.4902582E+02 -0.9885258E-05  0.1065845E-06 -0.9241650E-05
Ar  2480  0.3205047E+02  0.8752320E+01  0.4892983E+02  0.1665283E-04  0.2251462E-04 -0.1980333E-04
Ar  2481  0.3192248E+02  0.1111892E+02  0.5154834E+02  0.3484928E-04  0.3082502E-04 -0.2314306E-04
Ar  2482  0.3452784E+02  0.1382780E+02  0.5151977E+02  0.1424823E-03  0.1332636E-04 -0.5668255E-04
Ar  2483  0.3447685E+02  0.1114134E+02  0.2564273E+01 -0.4122109E-04 -0.5139255E-04  0.8577289E-04
Ar  2484  0.3195808E+02  0.1367230E+02  0.2509262E+01  0.7276960E-04  0.2199123E-04  0.9173256E-04
Ar  2485  0.3204489E+02  0.1114951E+02  0.4966399E+01  0.8396641E-04  0.2736346E-04 -0.1378592E-04
Ar  2486  0.3461888E+02  0.1382522E+02  0.5082619E+01  0.4742960E-04  0.8165169E-04  0.9914902E-04
Ar  2487  0.3451851E+02  0.1138321E+02  0.7788896E+01 -0.1147426E-04 -0.2774769E-04  0.2026948E-04
Ar  2488  0.3182563E+02  0.1392789E+02  0.7618965E+01  0.1834118E-05 -0.5596820E-04 -0.1069755E-04
Ar  2489  0.3176393E+02  0.1120948E+02  0.1019595E+02  0.3521538E-04 -0.3038938E-04  0.3884230E-04
Ar  2490  0.3413146E+02  0.1377841E+02  0.1031147E+02  0.1527859E-04 -0.1524259E-04 -0.4850607E-05
Ar  2491  0.3462648E+02  0.1124493E+02  0.1282669E+02  0.9409908E-04  0.6355270E-04 -0.5612477E-04
Ar  2492  0.3181233E+02  0.1382132E+02  0.1312569E+02 -0.5809825E-04  0.3274510E-04 -0.5714970E-05
Ar  2493  0.3198998E+02  0.1123485E+02  0.1539724E+02 -0.1769983E-04 -0.3655585E-04  0.6493036E-04
Ar  2494  0.3450589E+02  0.1385876E+02  0.1522751E+02 -0.1610991E-04 -0.1028812E-04 -0.2937031E-04
Ar  2495  0.3444939E+02  0.1114222E+02  0.1798130E+02 -0.1701846E-05 -0.5840886E-04 -0.3253412E-04
Ar  2496  0.3199277E+02  0.1388263E+02  0.1790157E+02 -0.9054252E-04 -0.2155341E-04 -0.5040259E-04
Ar  2497  0.3188007E+02  0.1136902E+02  0.2059854E+02 -0.1204648E-04  0.1294083E-04 -0.2319774E-04
Ar  2498  0.3445229E+02  0.1387696E+02  0.2057528E+02  0.1145836E-03  0.2803329E-05  0.2822043E-04
Ar  2499  0.3459515E+02  0.1128081E+02  0.2313098E+02  0.9889963E-05  0.8970714E-05  0.7973282E-05
Ar  2500  0.3213800E+02  0.1384519E+02  0.2305748E+02  0.3171606E-04  0.8291181E-06  0.7535248E-05
Ar  2501  0.3183882E+02  0.1149405E+02  0.2573725E+02  0.4298979E-04  0.1152911E-04 -0.1279543E-04
Ar  2502  0.3440077E+02  0.1384491E+02  0.2583925E+02 -0.6608689E-04 -0.1762009E-04 -0.2296404E-04
Ar  2503  0.3463252E+02  0.1135237E+02  0.2862259E+02  0.5101646E-04 -0.1008367E-04 -0.2053200E-04
Ar  2504  0.3183923E+02  0.1387950E+02  0.2867887E+02 -0.9497616E-07 -0.2176598E-04  0.1471450E-04
Ar  2505  0.3198268E+02  0.1131180E+02  0.3090459E+02 -0.7674057E-05  0.4097221E-04 -0.4604403E-04
Ar  2506  0.3447017E+02  0.1403593E+02  0.3097545E+02  0.5937624E-04  0.5305685E-05  0.2124107E-04
Ar  2507  0.3449456E+02  0.1107690E+02  0.3338527E+02 -0.1077357E-05  0.5043459E-04 -0.4180386E-04
Ar  2508  0.3189532E+02  0.1402418E+02  0.3352939E+02 -0.8093455E-04 -0.5768826E-04  0.5021380E-04
Ar  2509  0.3197556E+02  0.1133035E+02  0.3619417E+02 -0.4835153E-04 -0.5398861E-04 -0.5443091E-04
Ar  2510  0.3454179E+02  0.1392909E+02  0.3600570E+02  0.1856500E-04  0.5750360E-04  0.3743407E-04
Ar  2511  0.3461943E+02  0.1127442E+02  0.3858062E+02 -0.1612733E-04 -0.2262240E-04 -0.7278943E-05
Ar  2512  0.3213863E+02  0.1396754E+02  0.3885220E+02 -0.4732204E-04  0.5723727E-05  0.4547718E-04
Ar  2513  0.3206112E+02  0.1131568E+02  0.4148396E+02 -0.9567001E-04  0.2573961E-04 -0.6173453E-04
Ar  2514  0.3467671E+02  0.1361107E+02  0.4136711E+02 -0.9316180E-04 -0.2877783E-05 -0.7616478E-04
Ar  2515  0.3472587E+02  0.1111383E+02  0.4394191E+02  0.5880227E-04 -0.4125381E-04 -0.3434899E-04
Ar  2516  0.3203811E+02  0.1385621E+02  0.4384101E+02  0.1512275E-05 -0.6438405E-04  0.9773879E-05
Ar  2517  0.3205899E+02  0.1140074E+02  0.4637896E+02  0.3072098E-04 -0.4556117E-04  0.1038286E-03
Ar  2518  0.3459358E+02  0.1392307E+02  0.4652389E+02  0.4095934E-04 -0.3144942E-04 -0.6793918E-04
Ar  2519  0.3465893E+02  0.1125626E+02  0.4882730E+02  0.3181986E-04 -0.2809381E-04 -0.1491485E-04
Ar  2520  0.3199007E+02  0.1375649E+02  0.4901837E+02 -0.7329262E-05 -0.3138745E-04 -0.3692329E-05
Ar  2521  0.3198229E+02  0.1637997E+02  0.5151925E+02 -0.1171277E-03  0.1786247E-05  0.4102387E-04
Ar  2522  0.3435815E+02  0.1907086E+02  0.2184206E-02  0.1481760E-04 -0.2738298E-04 -0.6118912E-05
Ar  2523  0.3455154E+02  0.1641211E+02  0.2509791E+01  0.2613953E-04 -0.1447051E-03 -0.3687244E-04
Ar  2524  0.3195030E+02  0.1905994E+02  0.2593515E+01 -0.4701937E-04 -0.6684856E-04  0.6718432E-05
Ar  2525  0.3187504E+02  0.1641679E+02  0.5231576E+01  0.2669804E-04  0.3337762E-04 -0.2273608E-04
Ar  2526  0.3451988E+02  0.1897194E+02  0.5075702E+01 -0.1378706E-04  0.8438197E-05  0.7418537E-04
Ar  2527  0.3450196E+02  0.1659825E+02  0.7712507E+01 -0.6572429E-04  0.5692045E-05  0.4011128E-04
Ar  2528  0.3197176E+02  0.1913694E+02  0.7854370E+01 -0.3143708E-04 -0.2043928E-04 -0.2675657E-04
Ar  2529  0.3181394E+02  0.1651841E+02  0.1012948E+02  0.6291456E-04 -0.3601811E-04  0.3260689E-04
Ar  2530  0.3438202E+02  0.1898828E+02  0.1029146E+02  0.6244917E-04 -0.3043467E-04  0.7852055E-05
Ar  2531  0.3441404E+02  0.1650684E+02  0.1277199E+02  0.9406284E-04  0.5988421E-04  0.3651193E-04
Ar  2532  0.3195385E+02  0.1916590E+02  0.1276546E+02 -0.4923674E-04  0.2774393E-04  0.6368634E-05
Ar  2533  0.3186265E+02  0.1658472E+02  0.1548390E+02 -0.4168934E-04 -0.1966225E-04  0.2411099E-05
Ar  2534  0.3437151E+02  0.1918930E+02  0.1534090E+02 -0.2624700E-04  0.2153214E-04  0.6663869E-04
Ar  2535  0.3463469E+02  0.1651429E+02  0.1788609E+02  0.2226673E-04  0.5511050E-04  0.1601562E-04
Ar  2536  0.3210581E+02  0.1925326E+02  0.1805802E+02  0.7646504E-04  0.1342073E-04 -0.4885976E-04
Ar  2537  0.3185145E+02  0.1671224E+02  0.2052415E+02 -0.3976194E-04 -0.2837841E-04  0.1051095E-03
Ar  2538  0.3448917E+02  0.1921827E+02  0.2052655E+02 -0.3583497E-04  0.5602097E-04 -0.3290197E-05
Ar  2539  0.3445218E+02  0.1641995E+02  0.2308422E+02 -0.3649955E-04  0.4211196E-04 -0.3011703E-06
Ar  2540  0.3193374E+02  0.1902531E+02  0.2302832E+02  0.4864270E-04 -0.1555955E-04 -0.2100582E-04
Ar  2541  0.3202479E+02  0.1642025E+02  0.2571137E+02 -0.8500016E-05 -0.3097651E-04 -0.3713224E-04
Ar  2542  0.3442472E+02  0.1915994E+02  0.2573086E+02 -0.2316659E-04 -0.3059409E-04 -0.5333355E-04
Ar  2543  0.3432045E+02  0.1645591E+02  0.2838630E+02  0.1541599E-05 -0.1314399E-04 -0.1341123E-04
Ar  2544  0.3196124E+02  0.1893962E+02  0.2838489E+02  0.1703821E-04  0.7192445E-04  0.6292340E-04
Ar  2545  0.3180498E+02  0.1660616E+02  0.3116017E+02 -0.5229220E-04 -0.2449928E-04 -0.7687911E-05
Ar  2546  0.3460005E+02  0.1914351E+02  0.3097987E+02  0.1219660E-04  0.4878469E-04 -0.5548011E-04
Ar  2547  0.3442439E+02  0.1642149E+02  0.3353580E+02 -0.3577548E-04  0.5537846E-04 -0.4617423E-04
Ar  2548  0.3183395E+02  0.1900437E+02  0.3370645E+02  0.1249691E-04 -0.5805171E-04 -0.1211621E-06
Ar  2549  0.3196655E+02  0.1643266E+02  0.3616248E+02 -0.1016913E-04 -0.4341413E-04 -0.1318214E-04
Ar  2550  0.3445676E+02  0.1896450E+02  0.3602790E+02  0.1453349E-04  0.1515566E-04 -0.3671813E-04
Ar  2551  0.3467302E+02  0.1649947E+02  0.3877392E+02 -0.5186891E-04 -0.1188541E-04 -0.5961926E-04
Ar  2552  0.3207667E+02  0.1896685E+02  0.3856335E+02 -0.9631698E-05 -0.5288391E-04 -0.3499554E-04
Ar  2553  0.3205459E+02  0.1677088E+02  0.4138887E+02  0.5765154E-04 -0.8638356E-04  0.5526728E-05
Ar  2554  0.3477718E+02  0.1912727E+02  0.4102099E+02 -0.1676082E-04 -0.4364884E-04  0.2667317E-04
Ar  2555  0.3457662E+02  0.1631342E+02  0.4382009E+02 -0.3842872E-04  0.6255742E-04  0.7556491E-06
Ar  2556  0.3204641E+02  0.1910208E+02  0.4394850E+02 -0.5281014E-05  0.2151495E-05  0.4552066E-04
Ar  2557  0.3187667E+02  0.1629317E+02  0.4651106E+02  0.2801711E-05 -0.3049739E-05 -0.2790753E-04
Ar  2558  0.3429278E+02  0.1897954E+02  0.4656764E+02 -0.2029417E-04 -0.4906026E-05 -0.1994832E-04
Ar  2559  0.3438357E+02  0.1638161E+02  0.4917876E+02 -0.6301462E-04 -0.6621647E-04 -0.6783392E-04
Ar  2560  0.3190540E+02  0.1908265E+02  0.4926513E+02 -0.5915297E-04 -0.2208746E-04 -0.2605342E-04
Ar  2561  0.3183676E+02  0.2166515E+02  0.2774158E+00 -0.6595640E-04  0.1991352E-04  0.7397128E-04
Ar  2562  0.3445341E+02  0.2400853E+02  0.1891883E-01  0.1391185E-05 -0.4708012E-04  0.7005649E-04
Ar  2563  0.3448842E+02  0.2158371E+02  0.2593847E+01 -0.1665078E-04 -0.3971188E-05 -0.1446179E-04
Ar  2564  0.3177364E+02  0.2416459E+02  0.2766034E+01 -0.3123996E-04 -0.4275276E-05 -0.6485247E-04
Ar  2565  0.3198016E+02  0.2154877E+02  0.5215258E+01  0.2079080E-04  0.1121279E-03  0.1342604E-04
Ar  2566  0.3449385E+02  0.2431012E+02  0.5067944E+01  0.7047225E-05 -0.4772431E-05  0.3205420E-04
Ar  2567  0.3438569E+02  0.2159242E+02  0.7762028E+01  0.1750476E-05 -0.7487482E-04  0.9088167E-05
Ar  2568  0.3195456E+02  0.2411006E+02  0.7700979E+01  0.8644471E-05  0.2833958E-04  0.7992074E-05
Ar  2569  0.3184607E+02  0.2174167E+02  0.1035195E+02  0.4616033E-05  0.3690863E-04  0.8527733E-04
Ar  2570  0.3454412E+02  0.2427046E+02  0.1019005E+02 -0.9751439E-04 -0.2285634E-04  0.4019063E-04
Ar  2571  0.3451684E+02  0.2191593E+02  0.1277666E+02  0.1111062E-04  0.1978786E-04 -0.3582289E-04
Ar  2572  0.3198534E+02  0.2414449E+02  0.1279235E+02  0.2014933E-04  0.2537603E-04  0.3051525E-05
Ar  2573  0.3201520E+02  0.2165728E+02  0.1529283E+02  0.3510190E-04  0.1037603E-03  0.8752654E-04
Ar  2574  0.3466028E+02  0.2425584E+02  0.1532571E+02 -0.6852691E-04 -0.5494791E-04  0.5760247E-04
Ar  2575  0.3452569E+02  0.2199065E+02  0.1784402E+02 -0.3320173E-04 -0.5952557E-04 -0.1082418E-04
Ar  2576  0.3172784E+02  0.2456128E+02  0.1819289E+02  0.5493770E-04  0.4726741E-04 -0.2969010E-04
Ar  2577  0.3187688E+02  0.2173915E+02  0.2061216E+02 -0.1222672E-04  0.5267788E-04 -0.4923036E-04
Ar  2578  0.3448413E+02  0.2447807E+02  0.2077988E+02  0.5631485E-04  0.1241020E-04 -0.2334682E-04
Ar  2579  0.3424249E+02  0.2177453E+02  0.2327913E+02  0.2343429E-04  0.6525665E-04 -0.1274854E-04
Ar  2580  0.3187428E+02  0.2440764E+02  0.2317054E+02  0.2254608E-05 -0.3545381E-04 -0.4721551E-04
Ar  2581  0.3186206E+02  0.2184094E+02  0.2562223E+02  0.1064556E-04  0.4290160E-04 -0.1646521E-05
Ar  2582  0.3459602E+02  0.2436678E+02  0.2581110E+02  0.1425876E-04  0.4310644E-04  0.9525374E-04
Ar  2583  0.3455072E+02  0.2177801E+02  0.2823619E+02 -0.2427417E-04  0.3503373E-05 -0.4008093E-04
Ar  2584  0.3208129E+02  0.2402986E+02  0.2830750E+02  0.2720736E-04 -0.6849965E-04 -0.3558180E-04
Ar  2585  0.3210603E+02  0.2172602E+02  0.3092586E+02 -0.3611271E-04 -0.4722024E-05  0.8517082E-05
Ar  2586  0.3463672E+02  0.2409712E+02  0.3096356E+02  0.2352267E-04 -0.2406248E-04 -0.7826234E-04
Ar  2587  0.3446725E+02  0.2142983E+02  0.3342409E+02 -0.1317592E-04  0.3093693E-04 -0.3194500E-04
Ar  2588  0.3186163E+02  0.2403653E+02  0.3365375E+02 -0.2669475E-04  0.3217431E-04 -0.5435598E-05
Ar  2589  0.3195070E+02  0.2174366E+02  0.3629870E+02 -0.1304942E-04  0.7470336E-05 -0.3284683E-04
Ar  2590  0.3444835E+02  0.2411966E+02  0.3623245E+02  0.1205012E-04  0.6932722E-04  0.2949450E-04
Ar  2591  0.3448974E+02  0.2146835E+02  0.3865840E+02  0.6415622E-05  0.2652326E-05 -0.8413859E-04
Ar  2592  0.3209897E+02  0.2410304E+02  0.3888729E+02 -0.5898010E-05  0.2553335E-04  0.8339300E-05
Ar  2593  0.3208640E+02  0.2147649E+02  0.4129302E+02 -0.1471191E-03  0.1554569E-05 -0.3808685E-04
Ar  2594  0.3471204E+02  0.2398816E+02  0.4122218E+02  0.4464053E-04 -0.4249946E-06 -0.2320309E-04
Ar  2595  0.3455799E+02  0.2165957E+02  0.4403029E+02  0.3127602E-05 -0.7106653E-04  0.3298848E-04
Ar  2596  0.3227240E+02  0.2406971E+02  0.4389465E+02 -0.5757418E-04 -0.4295234E-04  0.4467490E-04
Ar  2597  0.3197163E+02  0.2149063E+02  0.4660864E+02 -0.2563346E-04  0.2374761E-04  0.3667558E-04
Ar  2598  0.3456960E+02  0.2401506E+02  0.4642969E+02 -0.6835469E-04  0.2943044E-04  0.1607117E-04
Ar  2599  0.3458176E+02  0.2145612E+02  0.4900324E+02 -0.6906123E-04 -0.5576693E-04  0.2444777E-04
Ar  2600  0.3203813E+02  0.2413138E+02  0.4916927E+02  0.4342041E-04  0.1055284E-06 -0.3239734E-05
Ar  2601  0.3190067E+02  0.2655156E+02  0.1405957E+00 -0.4227412E-04 -0.2223257E-04  0.9544175E-04
Ar  2602  0.3450451E+02  0.2939243E+02  0.1568854E+00 -0.5503996E-04  0.1307899E-04  0.6038181E-04
Ar  2603  0.3452579E+02  0.2673330E+02  0.2441399E+01 -0.6786166E-04 -0.7049056E-05  0.7899833E-04
Ar  2604  0.3176821E+02  0.2924345E+02  0.2631957E+01  0.5300704E-05 -0.4746289E-04 -0.3293235E-04
Ar  2605  0.3198309E+02  0.2665516E+02  0.5287130E+01  0.2247719E-04  0.8739008E-05 -0.8047295E-04
Ar  2606  0.3451777E+02  0.2920469E+02  0.5143190E+01 -0.4263455E-04  0.5170861E-04  0.4056600E-05
Ar  2607  0.3449391E+02  0.2675166E+02  0.7722476E+01  0.1721089E-04 -0.5486077E-05 -0.3727809E-04
Ar  2608  0.3216858E+02  0.2935620E+02  0.7776991E+01 -0.2011822E-04 -0.3344704E-04  0.6813078E-04
Ar  2609  0.3179086E+02  0.2672203E+02  0.1027816E+02 -0.1098491E-03  0.1461295E-04  0.3398543E-04
Ar  2610  0.3464412E+02  0.2912556E+02  0.1030319E+02  0.3101064E-05 -0.2867789E-04  0.3740246E-04
Ar  2611  0.3443589E+02  0.2683315E+02  0.1288680E+02 -0.7380863E-04  0.8210097E-04 -0.9259415E-04
Ar  2612  0.3207387E+02  0.2935358E+02  0.1274635E+02 -0.2738727E-04  0.2506403E-04  0.8759494E-04
Ar  2613  0.3190940E+02  0.2673658E+02  0.1533363E+02 -0.2666692E-04  0.1725951E-04  0.5100308E-04
Ar  2614  0.3446743E+02  0.2927052E+02  0.1548427E+02  0.7913580E-04  0.4079488E-04  0.4809535E-04
Ar  2615  0.3455696E+02  0.2667010E+02  0.1800378E+02 -0.1450529E-04  0.2852167E-04 -0.4965097E-04
Ar  2616  0.3199225E+02  0.2967653E+02  0.1809285E+02 -0.1074137E-04  0.9774486E-05  0.3417039E-04
Ar  2617  0.3191960E+02  0.2723632E+02  0.2093867E+02 -0.5954416E-05  0.8125237E-05  0.2785481E-04
Ar  2618  0.3439068E+02  0.2952273E+02  0.2062700E+02  0.7549115E-05  0.3419318E-04 -0.4252038E-04
Ar  2619  0.3464195E+02  0.2689403E+02  0.2330861E+02 -0.1166912E-04  0.7907289E-04 -0.6311581E-04
Ar  2620  0.3196077E+02  0.2943009E+02  0.2338406E+02  0.1660197E-04 -0.1492422E-04  0.5104726E-04
Ar  2621  0.3198363E+02  0.2677153E+02  0.2587386E+02 -0.3133273E-04 -0.3116392E-04 -0.9868132E-05
Ar  2622  0.3464079E+02  0.2929322E+02  0.2589635E+02  0.1966136E-04 -0.2741959E-04  0.9901900E-04
Ar  2623  0.3447359E+02  0.2670696E+02  0.2844971E+02 -0.4351419E-04 -0.1704831E-04  0.6920580E-04
Ar  2624  0.3197261E+02  0.2915546E+02  0.2869544E+02 -0.3259417E-04  0.5906597E-04  0.8510501E-05
Ar  2625  0.3198925E+02  0.2653728E+02  0.3115494E+02 -0.1607163E-05 -0.3238709E-04 -0.3371409E-08
Ar  2626  0.3444741E+02  0.2929507E+02  0.3114991E+02 -0.1346811E-04 -0.6760510E-04  0.4260262E-04
Ar  2627  0.3450149E+02  0.2671306E+02  0.3365471E+02 -0.3414258E-04 -0.2916973E-04  0.4558346E-04
Ar  2628  0.3200004E+02  0.2938345E+02  0.3373530E+02 -0.8622265E-04 -0.3528202E-04 -0.7112365E-04
Ar  2629  0.3173451E+02  0.2664135E+02  0.3631142E+02 -0.4003367E-04  0.7753884E-05  0.1846393E-04
Ar  2630  0.3447740E+02  0.2926929E+02  0.3618666E+02 -0.4211163E-04  0.4254070E-04  0.4233791E-04
Ar  2631  0.3435562E+02  0.2678983E+02  0.3860661E+02 -0.4741950E-04  0.2485738E-04 -0.9160395E-04
Ar  2632  0.3186653E+02  0.2934710E+02  0.3860296E+02  0.3360659E-04  0.2980357E-04 -0.6092708E-04
Ar  2633  0.3210003E+02  0.2659362E+02  0.4132374E+02 -0.9199556E-04 -0.1558365E-04  0.8317905E-04
Ar  2634  0.3442009E+02  0.2934267E+02  0.4108407E+02  0.8561236E-05 -0.6865023E-04 -0.9259712E-05
Ar  2635  0.3452119E+02  0.2683514E+02  0.4380916E+02  0.5676480E-04  0.2727402E-04 -0.3487254E-04
Ar  2636  0.3204249E+02  0.2944204E+02  0.4387732E+02 -0.1209458E-04  0.1434062E-04 -0.3077765E-04
Ar  2637  0.3200903E+02  0.2665703E+02  0.4644130E+02 -0.3068146E-04  0.7813790E-04 -0.5747146E-06
Ar  2638  0.3439601E+02  0.2934485E+02  0.4649728E+02  0.4424835E-04  0.5119694E-04 -0.7455962E-05
Ar  2639  0.3438759E+02  0.2679894E+02  0.4910525E+02 -0.3346565E-06  0.1037016E-04  0.1228229E-04
Ar  2640  0.3186499E+02  0.2920789E+02  0.4913349E+02  0.9585708E-05  0.1006404E-03  0.6558809E-04
Ar  2641  0.3198350E+02  0.3183293E+02  0.1721499E+00 -0.1411860E-04 -0.3129389E-04 -0.9151434E-04
Ar  2642  0.3467776E+02  0.3436462E+02  0.1134876E+00 -0.4017507E-04 -0.5242821E-04  0.7288585E-04
Ar  2643  0.3459265E+02  0.3181010E+02  0.2801059E+01 -0.1505837E-04  0.8255212E-04 -0.6755968E-06
Ar  2644  0.3219586E+02  0.3447471E+02  0.2531432E+01  0.3052267E-04 -0.1696557E-04  0.1337711E-04
Ar  2645  0.3183835E+02  0.3192024E+02  0.5194047E+01  0.9432084E-04 -0.4102615E-04 -0.1124173E-04
Ar  2646  0.3462032E+02  0.3424490E+02  0.5212964E+01  0.6308254E-04  0.8621651E-04  0.4252258E-04
Ar  2647  0.3460206E+02  0.3179090E+02  0.7810955E+01 -0.1899423E-04  0.1574145E-04 -0.2822723E-04
Ar  2648  0.3192450E+02  0.3435403E+02  0.7733468E+01  0.5436646E-04 -0.5997839E-04 -0.6696636E-04
Ar  2649  0.3206474E+02  0.3195222E+02  0.1027911E+02 -0.5015788E-04  0.3927120E-04  0.3926198E-05
Ar  2650  0.3446218E+02  0.3453575E+02  0.1037328E+02  0.1485039E-04 -0.3718589E-04  0.8750872E-04
Ar  2651  0.3456601E+02  0.3189056E+02  0.1288908E+02  0.5655449E-05 -0.2812263E-04 -0.3539695E-04
Ar  2652  0.3203304E+02  0.3434991E+02  0.1275753E+02  0.2789640E-04  0.2930106E-04 -0.5293157E-04
Ar  2653  0.3211512E+02  0.3193223E+02  0.1533438E+02  0.3645182E-04  0.1425399E-04  0.2215799E-04
Ar  2654  0.3442910E+02  0.3465323E+02  0.1541289E+02  0.1515087E-04  0.1014924E-03  0.8845523E-04
Ar  2655  0.3464115E+02  0.3202140E+02  0.1788994E+02 -0.5971844E-04  0.7603655E-04  0.7585073E-05
Ar  2656  0.3205760E+02  0.3428184E+02  0.1793293E+02 -0.6735079E-04 -0.3055334E-04 -0.4414196E-04
Ar  2657  0.3185857E+02  0.3203787E+02  0.2059051E+02  0.2790176E-06  0.3894417E-04 -0.2295203E-04
Ar  2658  0.3450209E+02  0.3453399E+02  0.2059360E+02  0.1110402E-04  0.7015563E-05 -0.2963539E-04
Ar  2659  0.3451884E+02  0.3189956E+02  0.2328274E+02 -0.5522984E-04  0.3907462E-04  0.2408733E-04
Ar  2660  0.3210239E+02  0.3437697E+02  0.2326556E+02  0.2224900E-04 -0.4380690E-04 -0.1037289E-03
Ar  2661  0.3190138E+02  0.3182208E+02  0.2594287E+02  0.2222616E-04  0.5238806E-05 -0.1314385E-03
Ar  2662  0.3460918E+02  0.3462521E+02  0.2582474E+02 -0.3966063E-04 -0.2963351E-04  0.4139870E-04
Ar  2663  0.3454137E+02  0.3188115E+02  0.2840187E+02  0.1289337E-04  0.1725078E-04 -0.3032052E-04
Ar  2664  0.3219249E+02  0.3440538E+02  0.2846321E+02 -0.6859077E-05 -0.6067075E-04  0.3127351E-04
Ar  2665  0.3218042E+02  0.3208487E+02  0.3121853E+02 -0.2138280E-04 -0.4049364E-04  0.4613813E-04
Ar  2666  0.3447436E+02  0.3468238E+02  0.3097981E+02  0.3729174E-05  0.1417463E-04 -0.5422590E-04
Ar  2667  0.3464689E+02  0.3193047E+02  0.3380809E+02 -0.4057403E-05 -0.4287109E-04 -0.1791860E-04
Ar  2668  0.3205979E+02  0.3469691E+02  0.3357541E+02  0.5727634E-04  0.3872929E-04  0.4894946E-04
Ar  2669  0.3198762E+02  0.3225027E+02  0.3599298E+02  0.2153274E-04  0.3623347E-04 -0.2167579E-04
Ar  2670  0.3457759E+02  0.3452067E+02  0.3620740E+02 -0.2239591E-04  0.1940616E-04 -0.5909039E-04
Ar  2671  0.3457642E+02  0.3185321E+02  0.3867661E+02 -0.1893556E-04 -0.4407769E-04 -0.7910255E-04
Ar  2672  0.3191884E+02  0.3448571E+02  0.3877910E+02  0.2851672E-04 -0.3049228E-04 -0.9149401E-05
Ar  2673  0.3195011E+02  0.3192076E+02  0.4120034E+02  0.7874626E-04 -0.6621169E-05 -0.6682866E-04
Ar  2674  0.3463945E+02  0.3439085E+02  0.4125717E+02 -0.4553651E-05 -0.4652375E-04 -0.2995881E-04
Ar  2675  0.3447527E+02  0.3199159E+02  0.4385098E+02  0.1232914E-04 -0.2827340E-04 -0.2492543E-04
Ar  2676  0.3195765E+02  0.3459057E+02  0.4406126E+02  0.6539127E-04  0.1114003E-04 -0.3349890E-04
Ar  2677  0.3209685E+02  0.3189168E+02  0.4643954E+02 -0.1134095E-04  0.2963443E-04  0.8684829E-05
Ar  2678  0.3465510E+02  0.3437266E+02  0.4645351E+02 -0.3614525E-04  0.3929039E-04  0.4263075E-04
Ar  2679  0.3445075E+02  0.3189723E+02  0.4900543E+02 -0.3010048E-04 -0.3865394E-04 -0.1679298E-04
Ar  2680  0.3202452E+02  0.3437125E+02  0.4905791E+02  0.3807693E-04  0.8364447E-04  0.7017917E-04
Ar  2681  0.3229295E+02  0.3700891E+02  0.1324154E+00  0.5481850E-04 -0.6132361E-04  0.7044909E-04
Ar  2682  0.3471189E+02  0.3932160E+02  0.3196004E+00  0.4919632E-04  0.9991067E-04 -0.3743005E-04
Ar  2683  0.3463772E+02  0.3694026E+02  0.2688771E+01  0.1963561E-04 -0.1268485E-04  0.8393471E-05
Ar  2684  0.3225176E+02  0.3962846E+02  0.2747561E+01  0.7960240E-04 -0.1937184E-04 -0.1675470E-04
Ar  2685  0.3220109E+02  0.3700299E+02  0.5180295E+01  0.5675716E-04  0.3834917E-05 -0.8101713E-05
Ar  2686  0.3448773E+02  0.3957071E+02  0.5311593E+01 -0.3726432E-04  0.7800076E-05  0.5591034E-04
Ar  2687  0.3470310E+02  0.3690913E+02  0.7685351E+01  0.2045364E-04  0.1194431E-04  0.1241261E-04
Ar  2688  0.3202268E+02  0.3943559E+02  0.7713444E+01  0.7772254E-04  0.1610270E-04 -0.9878861E-04
Ar  2689  0.3205157E+02  0.3695022E+02  0.1029830E+02 -0.6669965E-04 -0.5699111E-04 -0.1400371E-04
Ar  2690  0.3464886E+02  0.3960715E+02  0.1041415E+02  0.3638738E-04 -0.2332051E-04  0.2780125E-04
Ar  2691  0.3444017E+02  0.3699026E+02  0.1287166E+02 -0.1134196E-04 -0.4494345E-04 -0.1426716E-04
Ar  2692  0.3199020E+02  0.3952864E+02  0.1280041E+02  0.7615872E-04 -0.1176797E-05 -0.5837507E-05
Ar  2693  0.3187345E+02  0.3720687E+02  0.1535111E+02 -0.1973335E-04  0.3259990E-04 -0.2113966E-04
Ar  2694  0.3456328E+02  0.3956907E+02  0.1556161E+02 -0.8736546E-05  0.3343909E-04  0.1441587E-04
Ar  2695  0.3456716E+02  0.3706390E+02  0.1808578E+02  0.7794292E-04  0.3478160E-04  0.3383103E-04
Ar  2696  0.3180913E+02  0.3971205E+02  0.1796995E+02 -0.3092933E-04 -0.9186647E-04 -0.4938965E-04
Ar  2697  0.3188160E+02  0.3686725E+02  0.2061063E+02  0.1372402E-04  0.1004778E-03 -0.1565483E-05
Ar  2698  0.3431431E+02  0.3972410E+02  0.2073599E+02 -0.7705628E-04 -0.4794914E-04  0.4058552E-04
Ar  2699  0.3455524E+02  0.3691270E+02  0.2311358E+02  0.1865228E-04 -0.4214670E-04  0.5350212E-04
Ar  2700  0.3197555E+02  0.3970835E+02  0.2323801E+02 -0.6915876E-04 -0.6232726E-04 -0.5041046E-04
Ar  2701  0.3194331E+02  0.3710300E+02  0.2577198E+02  0.5804009E-05  0.1979719E-04  0.1641169E-04
Ar  2702  0.3446433E+02  0.3964879E+02  0.2557866E+02 -0.3457297E-04 -0.7634604E-04  0.9068542E-05
Ar  2703  0.3444244E+02  0.3713657E+02  0.2825827E+02 -0.5008582E-04  0.4544052E-04  0.1108635E-04
Ar  2704  0.3194301E+02  0.3970899E+02  0.2836304E+02 -0.7793855E-04  0.9615680E-05 -0.6228318E-04
Ar  2705  0.3200146E+02  0.3727484E+02  0.3103293E+02  0.6023170E-04  0.2487509E-04 -0.6169978E-04
Ar  2706  0.3466808E+02  0.3974954E+02  0.3105274E+02 -0.5571819E-04  0.6004049E-04  0.5041639E-04
Ar  2707  0.3456436E+02  0.3714742E+02  0.3347801E+02 -0.7417062E-04  0.2526190E-04 -0.6269233E-04
Ar  2708  0.3210621E+02  0.3985674E+02  0.3386078E+02  0.3027805E-04  0.1616273E-04 -0.3423959E-04
Ar  2709  0.3189654E+02  0.3719177E+02  0.3636498E+02  0.1223169E-04  0.1694415E-04  0.1220627E-05
Ar  2710  0.3483711E+02  0.3961061E+02  0.3616249E+02 -0.1735823E-03  0.1851888E-04  0.2742184E-04
Ar  2711  0.3479472E+02  0.3695735E+02  0.3876269E+02  0.5790381E-07 -0.3085938E-04  0.4485732E-04
Ar  2712  0.3230086E+02  0.3974842E+02  0.3881325E+02  0.7927774E-04 -0.6991744E-04 -0.3730586E-04
Ar  2713  0.3222305E+02  0.3717204E+02  0.4131476E+02  0.6515487E-04 -0.4544149E-04  0.1532452E-04
Ar  2714  0.3471299E+02  0.3949594E+02  0.4165465E+02 -0.8941577E-05  0.3236345E-04 -0.5235015E-04
Ar  2715  0.3455778E+02  0.3705357E+02  0.4418163E+02  0.7552471E-04  0.2186670E-04  0.2503359E-04
Ar  2716  0.3206252E+02  0.3960748E+02  0.4404731E+02  0.1925260E-04 -0.7834302E-06  0.3788630E-04
Ar  2717  0.3201410E+02  0.3709205E+02  0.4672269E+02 -0.5601788E-04  0.3244609E-04  0.1294700E-05
Ar  2718  0.3446406E+02  0.3959515E+02  0.4659812E+02 -0.1520269E-04  0.1026329E-04  0.2792491E-04
Ar  2719  0.3461758E+02  0.3695170E+02  0.4904742E+02  0.3146198E-04  0.5112693E-04 -0.8081147E-04
Ar  2720  0.3215597E+02  0.3958329E+02  0.4942639E+02  0.1414269E-03  0.2221971E-04 -0.4436365E-04
Ar  2721  0.3217398E+02  0.4234257E+02  0.5884219E-01 -0.1777983E-04  0.2726829E-04  0.1565271E-04
Ar  2722  0.3469574E+02  0.4461354E+02  0.5131305E+02  0.8927923E-04  0.1909227E-04 -0.8195390E-05
Ar  2723  0.3468672E+02  0.4216464E+02  0.2603470E+01 -0.1023034E-04  0.1037021E-04 -0.4999457E-05
Ar  2724  0.3189137E+02  0.4467875E+02  0.2624159E+01  0.3402532E-04  0.2670070E-04  0.6689975E-04
Ar  2725  0.3186304E+02  0.4219118E+02  0.5469247E+01  0.3703967E-04 -0.4202465E-05  0.8724556E-05
Ar  2726  0.3449016E+02  0.4478914E+02  0.5284036E+01 -0.3494089E-04  0.6783768E-04 -0.4511729E-04
Ar  2727  0.3454640E+02  0.4207550E+02  0.7855625E+01  0.5882650E-04 -0.8903953E-05 -0.1050703E-05
Ar  2728  0.3176397E+02  0.4482170E+02  0.7772318E+01 -0.1674973E-04 -0.7432822E-04  0.2227528E-04
Ar  2729  0.3186228E+02  0.4192559E+02  0.1013832E+02  0.4213286E-04  0.2941385E-04 -0.1104947E-05
Ar  2730  0.3440082E+02  0.4454928E+02  0.1030293E+02 -0.3582233E-04  0.3209761E-04 -0.3459740E-04
Ar  2731  0.3459929E+02  0.4197918E+02  0.1284830E+02  0.6660169E-04 -0.8291022E-04  0.3955538E-04
Ar  2732  0.3219050E+02  0.4468386E+02  0.1294443E+02  0.2665876E-04  0.5114728E-04 -0.4976407E-04
Ar  2733  0.3197164E+02  0.4205654E+02  0.1536768E+02  0.2187462E-04 -0.5589232E-04 -0.2120541E-04
Ar  2734  0.3466007E+02  0.4476872E+02  0.1539992E+02 -0.1216928E-03  0.3544112E-04  0.2618888E-04
Ar  2735  0.3455361E+02  0.4207489E+02  0.1809069E+02 -0.9269671E-05  0.8273553E-04 -0.5351670E-04
Ar  2736  0.3196231E+02  0.4459365E+02  0.1801203E+02  0.2058882E-04  0.1155141E-05 -0.7900920E-04
Ar  2737  0.3188588E+02  0.4215270E+02  0.2071444E+02  0.3250823E-04  0.3293117E-04  0.5385575E-04
Ar  2738  0.3434251E+02  0.4478767E+02  0.2057342E+02  0.1471008E-04 -0.2915397E-04 -0.2119123E-04
Ar  2739  0.3440689E+02  0.4227311E+02  0.2325399E+02 -0.6263548E-04  0.1070113E-04  0.1649940E-04
Ar  2740  0.3198165E+02  0.4471438E+02  0.2330102E+02  0.1853117E-04 -0.1756127E-04  0.3010790E-04
Ar  2741  0.3199873E+02  0.4214391E+02  0.2613362E+02  0.3079420E-06  0.2584289E-05  0.1137564E-03
Ar  2742  0.3450602E+02  0.4479103E+02  0.2592129E+02 -0.8132625E-05 -0.2220209E-04  0.2315586E-04
Ar  2743  0.3476926E+02  0.4225814E+02  0.2845948E+02  0.9613084E-04 -0.1214671E-03 -0.8077424E-04
Ar  2744  0.3215862E+02  0.4480274E+02  0.2873204E+02 -0.1758680E-04 -0.5122461E-04 -0.2647849E-04
Ar  2745  0.3208071E+02  0.4223789E+02  0.3108248E+02  0.5384772E-04 -0.4517867E-04  0.6275606E-04
Ar  2746  0.3475294E+02  0.4484952E+02  0.3113276E+02 -0.5620278E-04 -0.5197907E-04  0.1442616E-04
Ar  2747  0.3452435E+02  0.4228743E+02  0.3357533E+02 -0.2888214E-04  0.5470522E-04  0.3534167E-04
Ar  2748  0.3224121E+02  0.4501047E+02  0.3369834E+02 -0.6065626E-04 -0.8253466E-04  0.8427561E-05
Ar  2749  0.3220733E+02  0.4249044E+02  0.3630620E+02 -0.1324911E-04  0.8587007E-04  0.3224913E-04
Ar  2750  0.3471923E+02  0.4489307E+02  0.3632352E+02  0.5474413E-04  0.7771218E-04 -0.4621860E-04
Ar  2751  0.3489775E+02  0.4215819E+02  0.3893354E+02  0.2176387E-04  0.5518754E-04 -0.8228913E-05
Ar  2752  0.3212182E+02  0.4498479E+02  0.3893929E+02 -0.1087091E-03 -0.8137788E-04 -0.7249274E-04
Ar  2753  0.3193422E+02  0.4216596E+02  0.4128411E+02  0.6674130E-04  0.3026831E-05 -0.8463114E-04
Ar  2754  0.3468674E+02  0.4502236E+02  0.4162112E+02 -0.5726504E-04 -0.2343801E-04  0.5899828E-04
Ar  2755  0.3477460E+02  0.4225797E+02  0.4388648E+02 -0.1389783E-04  0.3740813E-05 -0.3825249E-04
Ar  2756  0.3219004E+02  0.4490459E+02  0.4389372E+02  0.1997177E-04 -0.4820175E-04  0.1478882E-04
Ar  2757  0.3217506E+02  0.4224562E+02  0.4657122E+02  0.1953155E-04  0.4065616E-05  0.2227377E-04
Ar  2758  0.3485679E+02  0.4465900E+02  0.4651078E+02  0.1345457E-04  0.1265369E-04 -0.8777122E-05
Ar  2759  0.3476663E+02  0.4211593E+02  0.4898245E+02 -0.2130118E-04 -0.4159079E-04 -0.7435244E-05
Ar  2760  0.3200766E+02  0.4484447E+02  0.4896359E+02 -0.5100046E-04 -0.6786828E-04  0.5294281E-05
Ar  2761  0.3218128E+02  0.4720955E+02  0.3662899E-01  0.2055153E-04 -0.6026347E-04 -0.6068289E-05
Ar  2762  0.3449774E+02  0.4980535E+02  0.1179283E+00 -0.6586866E-04 -0.3843878E-04 -0.2368551E-04
Ar  2763  0.3451378E+02  0.4736147E+02  0.2568079E+01 -0.1056098E-03 -0.1763189E-04 -0.4218746E-04
Ar  2764  0.3180046E+02  0.4981866E+02  0.2746680E+01 -0.6207706E-05  0.3977450E-04  0.5384305E-04
Ar  2765  0.3204492E+02  0.4725646E+02  0.5147738E+01 -0.7583346E-04 -0.3744400E-04 -0.4050529E-05
Ar  2766  0.3464378E+02  0.4982960E+02  0.5431662E+01  0.3249888E-04  0.6978496E-05 -0.4676075E-04
Ar  2767  0.3453862E+02  0.4713994E+02  0.8015533E+01 -0.4369975E-04 -0.4814311E-04 -0.5458587E-04
Ar  2768  0.3191919E+02  0.4959752E+02  0.7905843E+01 -0.6177789E-04  0.4501417E-04 -0.5729420E-04
Ar  2769  0.3188708E+02  0.4732545E+02  0.1053027E+02  0.1027664E-04 -0.1987159E-04  0.8362497E-04
Ar  2770  0.3438107E+02  0.4975468E+02  0.1042232E+02  0.4593267E-04  0.9186301E-04 -0.2273523E-04
Ar  2771  0.3461730E+02  0.4716008E+02  0.1287892E+02  0.7067789E-04  0.1282856E-05  0.3171365E-04
Ar  2772  0.3183444E+02  0.4992623E+02  0.1302840E+02  0.1712808E-04 -0.5700685E-04 -0.9209759E-05
Ar  2773  0.3179893E+02  0.4716886E+02  0.1547829E+02  0.4831748E-04  0.6554674E-05 -0.6529250E-04
Ar  2774  0.3462762E+02  0.4981958E+02  0.1525029E+02  0.9063220E-06 -0.2140745E-04 -0.3771042E-04
Ar  2775  0.3430901E+02  0.4736140E+02  0.1804936E+02  0.2063594E-04  0.1242737E-04  0.4124827E-04
Ar  2776  0.3196720E+02  0.4994618E+02  0.1822971E+02 -0.1021398E-03 -0.1680946E-05  0.3842293E-04
Ar  2777  0.3193856E+02  0.4742371E+02  0.2090590E+02 -0.1838607E-05 -0.8122246E-04 -0.2918313E-04
Ar  2778  0.3453791E+02  0.4978478E+02  0.2077763E+02 -0.7466643E-04  0.3844452E-04 -0.9492240E-05
Ar  2779  0.3469402E+02  0.4725787E+02  0.2345366E+02  0.6438615E-04 -0.1682359E-04  0.1723023E-04
Ar  2780  0.3218132E+02  0.4997353E+02  0.2319010E+02 -0.1292578E-04  0.1415585E-04 -0.5461737E-04
Ar  2781  0.3203608E+02  0.4735747E+02  0.2594260E+02 -0.2104889E-04  0.2302709E-04 -0.6269259E-04
Ar  2782  0.3468184E+02  0.5007628E+02  0.2586692E+02  0.3014643E-04 -0.1139901E-03  0.1044789E-04
Ar  2783  0.3447522E+02  0.4748539E+02  0.2852250E+02  0.1095323E-05  0.1159892E-04  0.4109841E-04
Ar  2784  0.3187423E+02  0.4997646E+02  0.2837941E+02  0.7131660E-04 -0.8494220E-04 -0.4003320E-04
Ar  2785  0.3217091E+02  0.4735413E+02  0.3110120E+02  0.1066504E-04 -0.8031946E-04 -0.5003294E-04
Ar  2786  0.3467133E+02  0.5005539E+02  0.3085270E+02  0.3700709E-04  0.4371396E-04  0.1080376E-04
Ar  2787  0.3482029E+02  0.4741865E+02  0.3354677E+02 -0.7059769E-04 -0.5464899E-04  0.5411362E-04
Ar  2788  0.3208840E+02  0.5001711E+02  0.3330281E+02  0.8938470E-04  0.5768568E-04  0.8841410E-05
Ar  2789  0.3199786E+02  0.4769998E+02  0.3600924E+02  0.6762189E-04  0.2629139E-04 -0.2655141E-04
Ar  2790  0.3471001E+02  0.5016664E+02  0.3594066E+02  0.6023338E-04  0.7898138E-05  0.1229443E-04
Ar  2791  0.3459033E+02  0.4753016E+02  0.3870934E+02  0.5931818E-04 -0.5780094E-04 -0.6368379E-05
Ar  2792  0.3192280E+02  0.4999719E+02  0.3867651E+02  0.1431422E-04 -0.1571851E-04  0.2107231E-04
Ar  2793  0.3225949E+02  0.4759886E+02  0.4129285E+02  0.5312367E-04  0.8258270E-05 -0.5671168E-04
Ar  2794  0.3469415E+02  0.4997161E+02  0.4119657E+02 -0.4863288E-04  0.1281260E-04 -0.5607056E-04
Ar  2795  0.3487423E+02  0.4752882E+02  0.4400224E+02  0.2110008E-04  0.3545861E-04  0.3672282E-04
Ar  2796  0.3208126E+02  0.5006590E+02  0.4391043E+02  0.4199526E-04 -0.3509097E-04 -0.8079952E-04
Ar  2797  0.3228521E+02  0.4735431E+02  0.4644623E+02  0.4089791E-04 -0.7997052E-04  0.1018609E-03
Ar  2798  0.3462043E+02  0.5000935E+02  0.4642520E+02 -0.4023627E-04  0.1290091E-04 -0.3265922E-04
Ar  2799  0.3477955E+02  0.4730770E+02  0.4902741E+02 -0.2144137E-04 -0.3637709E-04 -0.2350652E-04
Ar  2800  0.3207388E+02  0.4977822E+02  0.4899738E+02 -0.7365172E-05 -0.4542259E-04  0.3128688E-04
Ar  2801  0.3706089E+02  0.9231348E+00  0.8644648E-01 -0.4280083E-05 -0.4167287E-04 -0.3748022E-04
Ar  2802  0.3969156E+02  0.3423881E+01  0.2862226E+00 -0.7574246E-04 -0.1187689E-03 -0.8687733E-04
Ar  2803  0.3958133E+02  0.7260894E+00  0.2769452E+01 -0.3309889E-04 -0.1645885E-04  0.7121270E-04
Ar  2804  0.3708916E+02  0.3420898E+01  0.2661679E+01  0.4945330E-04  0.2738219E-05 -0.6768308E-04
Ar  2805  0.3719849E+02  0.1003560E+01  0.5354518E+01  0.7534358E-04  0.3981396E-04 -0.3124685E-06
Ar  2806  0.3983296E+02  0.3513607E+01  0.5347731E+01  0.1759841E-04 -0.1930030E-04 -0.1979801E-04
Ar  2807  0.3941683E+02  0.1094055E+01  0.7818565E+01 -0.1172281E-04 -0.1996883E-05 -0.8404622E-04
Ar  2808  0.3715168E+02  0.3579083E+01  0.7834437E+01  0.6407420E-05 -0.7968578E-04  0.7335706E-04
Ar  2809  0.3711628E+02  0.1006403E+01  0.1039293E+02  0.3477944E-06 -0.7875337E-04  0.5257522E-04
Ar  2810  0.3980468E+02  0.3623954E+01  0.1048085E+02 -0.6560171E-04  0.2957187E-04 -0.5629152E-05
Ar  2811  0.3961255E+02  0.8639197E+00  0.1298470E+02  0.8524889E-05 -0.3587415E-04  0.2457542E-04
Ar  2812  0.3710022E+02  0.3453359E+01  0.1280194E+02  0.5278067E-04 -0.6770040E-05 -0.1654881E-04
Ar  2813  0.3703659E+02  0.6676139E+00  0.1546774E+02  0.2843292E-04 -0.8465591E-05  0.9640515E-04
Ar  2814  0.3955772E+02  0.3559777E+01  0.1549787E+02 -0.6144304E-04  0.1190694E-04 -0.7700260E-04
Ar  2815  0.3979227E+02  0.9017361E+00  0.1812824E+02 -0.4114020E-04  0.4890464E-04  0.2143808E-04
Ar  2816  0.3716068E+02  0.3483688E+01  0.1806891E+02  0.4250683E-04 -0.2717797E-04 -0.3226843E-04
Ar  2817  0.3719560E+02  0.9986568E+00  0.2058915E+02 -0.7538690E-05  0.7329069E-04 -0.2322342E-06
Ar  2818  0.3978187E+02  0.3565072E+01  0.2055343E+02 -0.7402957E-04 -0.9682399E-04  0.3492411E-04
Ar  2819  0.3979123E+02  0.1053729E+01  0.2312502E+02 -0.1107843E-05  0.1147855E-04  0.4655117E-04
Ar  2820  0.3723112E+02  0.3437568E+01  0.2329376E+02  0.9188208E-04  0.2315833E-04 -0.8301804E-04
Ar  2821  0.3719500E+02  0.8855057E+00  0.2592384E+02  0.8513330E-04 -0.5185498E-04  0.2083628E-04
Ar  2822  0.3978700E+02  0.3389237E+01  0.2575223E+02 -0.4517376E-04 -0.5214822E-04 -0.1173455E-04
Ar  2823  0.3985842E+02  0.8762342E+00  0.2826537E+02 -0.3151824E-04 -0.8991551E-04  0.8848066E-04
Ar  2824  0.3731293E+02  0.3546669E+01  0.2822392E+02 -0.7793753E-04  0.7674922E-05 -0.4565576E-04
Ar  2825  0.3726399E+02  0.1059059E+01  0.3096041E+02  0.7949241E-04 -0.2653352E-04  0.8006708E-05
Ar  2826  0.3994652E+02  0.3640088E+01  0.3100204E+02  0.3055506E-04  0.2527328E-04  0.4664346E-04
Ar  2827  0.3977103E+02  0.1101749E+01  0.3355971E+02  0.2199560E-07  0.9288043E-04  0.3282575E-04
Ar  2828  0.3728613E+02  0.3546512E+01  0.3342126E+02  0.5000536E-04  0.1046470E-03 -0.4564090E-05
Ar  2829  0.3737125E+02  0.9257256E+00  0.3617417E+02  0.1300752E-03  0.1074347E-04 -0.4426691E-04
Ar  2830  0.3973965E+02  0.3375011E+01  0.3604229E+02  0.1574352E-04  0.3907441E-04  0.6988313E-04
Ar  2831  0.3990674E+02  0.9144642E+00  0.3890321E+02  0.1681774E-04 -0.7835175E-04 -0.7274972E-04
Ar  2832  0.3710305E+02  0.3460883E+01  0.3873005E+02  0.2983420E-04  0.3321065E-05 -0.2603018E-04
Ar  2833  0.3721444E+02  0.9438676E+00  0.4123962E+02 -0.8258627E-04  0.3292690E-04  0.2610226E-04
Ar  2834  0.3957045E+02  0.3500233E+01  0.4125707E+02 -0.8308486E-04 -0.7313311E-04 -0.1649554E-04
Ar  2835  0.3978207E+02  0.9368055E+00  0.4384750E+02  0.2426050E-05 -0.1964662E-04  0.1543453E-04
Ar  2836  0.3728356E+02  0.3540564E+01  0.4383585E+02  0.5835158E-04 -0.6986677E-05 -0.5108028E-04
Ar  2837  0.3715875E+02  0.1303038E+01  0.4622175E+02  0.4414403E-04  0.2047867E-04  0.1728465E-04
Ar  2838  0.3972674E+02  0.3425545E+01  0.4640067E+02  0.4600553E-04  0.1271030E-05 -0.4326631E-04
Ar  2839  0.3954602E+02  0.9144155E+00  0.4909502E+02  0.2756108E-04  0.1058762E-03 -0.1629596E-04
Ar  2840  0.3689748E+02  0.3473049E+01  0.4905782E+02  0.7393819E-05  0.7222722E-04  0.6271484E-04
Ar  2841  0.3708358E+02  0.5952486E+01  0.2382575E+00  0.4354151E-04 -0.2963285E-04  0.4618249E-04
Ar  2842  0.3945905E+02  0.8616108E+01  0.3270824E-01  0.3861898E-04  0.1426696E-04  0.3399474E-04
Ar  2843  0.3961180E+02  0.5842722E+01  0.2776768E+01  0.3688791E-04  0.6373616E-05  0.1867448E-04
Ar  2844  0.3714126E+02  0.8652946E+01  0.2735652E+01  0.1561770E-04  0.6088944E-04  0.3685730E-04
Ar  2845  0.3693076E+02  0.6195713E+01  0.5058090E+01  0.4711328E-04  0.3189016E-04 -0.6149888E-05
Ar  2846  0.3969107E+02  0.8283157E+01  0.5210478E+01 -0.4995145E-04  0.5449504E-04  0.5767712E-04
Ar  2847  0.3965685E+02  0.6263061E+01  0.7994552E+01 -0.4728037E-04  0.5262746E-04 -0.2497499E-04
Ar  2848  0.3706727E+02  0.8720915E+01  0.7871073E+01  0.7246561E-04  0.2549606E-04  0.1194200E-05
Ar  2849  0.3721224E+02  0.6223604E+01  0.1041195E+02 -0.3282050E-04  0.5717906E-04 -0.9521908E-04
Ar  2850  0.3973293E+02  0.8745489E+01  0.1056807E+02 -0.4589748E-04  0.2283679E-04  0.4151554E-04
Ar  2851  0.3956945E+02  0.6206605E+01  0.1284581E+02 -0.2070462E-04  0.5531724E-04  0.2100244E-06
Ar  2852  0.3702926E+02  0.8664652E+01  0.1303508E+02 -0.9649712E-04  0.3773157E-04 -0.3789745E-04
Ar  2853  0.3716316E+02  0.5990832E+01  0.1551172E+02 -0.5527017E-04  0.8826198E-04 -0.2071198E-04
Ar  2854  0.3968659E+02  0.8577187E+01  0.1574092E+02 -0.5322745E-04  0.3345548E-04 -0.6431354E-04
Ar  2855  0.3987248E+02  0.6056344E+01  0.1815664E+02 -0.4318439E-04 -0.1249016E-05 -0.2994587E-05
Ar  2856  0.3716167E+02  0.8606498E+01  0.1800863E+02  0.2055960E-04  0.5714983E-04  0.1236006E-04
Ar  2857  0.3711819E+02  0.6146646E+01  0.2063241E+02  0.4124113E-04  0.8703999E-04  0.2462793E-04
Ar  2858  0.3954685E+02  0.8827802E+01  0.2044030E+02  0.4670982E-04  0.6024972E-04 -0.2794107E-05
Ar  2859  0.3979116E+02  0.5853544E+01  0.2306388E+02  0.4319323E-04  0.2163707E-04  0.5442511E-04
Ar  2860  0.3698822E+02  0.8819218E+01  0.2325032E+02 -0.5315816E-04 -0.3687231E-04  0.4003655E-05
Ar  2861  0.3728440E+02  0.6171400E+01  0.2576540E+02  0.4265689E-05  0.3367473E-04  0.9797222E-05
Ar  2862  0.3966984E+02  0.8766444E+01  0.2578881E+02  0.3426536E-04  0.8770088E-04 -0.4665916E-04
Ar  2863  0.3987427E+02  0.6068934E+01  0.2837877E+02 -0.3592793E-04 -0.1605333E-05 -0.1190850E-03
Ar  2864  0.3695335E+02  0.8668280E+01  0.2826631E+02  0.1975081E-04 -0.2964313E-04 -0.2181346E-04
Ar  2865  0.3742494E+02  0.6254942E+01  0.3112879E+02 -0.3387275E-04 -0.3788226E-04 -0.3374666E-04
Ar  2866  0.3968799E+02  0.8780836E+01  0.3067457E+02  0.4745285E-04 -0.8546307E-05 -0.5863772E-04
Ar  2867  0.3997732E+02  0.6194764E+01  0.3368904E+02  0.3094424E-04  0.1170372E-05 -0.5528681E-04
Ar  2868  0.3726556E+02  0.8653205E+01  0.3356702E+02 -0.6963604E-05 -0.7549824E-05  0.2374207E-04
Ar  2869  0.3732781E+02  0.6078253E+01  0.3604142E+02  0.6082944E-04 -0.2848228E-04 -0.2800394E-04
Ar  2870  0.3965720E+02  0.8875332E+01  0.3617164E+02  0.5711350E-04  0.1526453E-04  0.7128507E-04
Ar  2871  0.3969955E+02  0.5737007E+01  0.3887097E+02  0.7377042E-04 -0.3225231E-04 -0.2450502E-04
Ar  2872  0.3719749E+02  0.8588969E+01  0.3863143E+02  0.5051733E-04  0.3384432E-05 -0.5390594E-04
Ar  2873  0.3687959E+02  0.6073505E+01  0.4115151E+02 -0.9075180E-04 -0.1897808E-04  0.1349061E-04
Ar  2874  0.3977317E+02  0.8513685E+01  0.4130943E+02  0.9492570E-04 -0.6079660E-04 -0.1967861E-04
Ar  2875  0.3979692E+02  0.6085631E+01  0.4394079E+02  0.4485251E-04  0.3513206E-04 -0.1438233E-03
Ar  2876  0.3715721E+02  0.8424675E+01  0.4371900E+02 -0.1022157E-04  0.3435250E-04 -0.7934265E-05
Ar  2877  0.3705583E+02  0.6038055E+01  0.4653871E+02 -0.4074325E-04 -0.8692378E-04  0.1516998E-04
Ar  2878  0.3950016E+02  0.8516252E+01  0.4643787E+02  0.2049163E-04  0.5207669E-05 -0.7287230E-04
Ar  2879  0.3957632E+02  0.5755209E+01  0.4917141E+02  0.1495818E-04 -0.2747236E-04  0.1162640E-04
Ar  2880  0.3716374E+02  0.8535524E+01  0.4911000E+02 -0.5075046E-04  0.1708794E-05 -0.1219188E-04
Ar  2881  0.3694477E+02  0.1115657E+02  0.5142104E+02 -0.6947068E-04 -0.4873443E-04 -0.1218120E-05
Ar  2882  0.3952546E+02  0.1371306E+02  0.9098946E-01 -0.1316114E-04  0.6360294E-04 -0.4307964E-04
Ar  2883  0.3958248E+02  0.1122211E+02  0.2464452E+01 -0.6978479E-04  0.2675322E-04 -0.1499573E-03
Ar  2884  0.3718954E+02  0.1368604E+02  0.2614063E+01 -0.2518661E-04  0.4558080E-04 -0.2440627E-04
Ar  2885  0.3707817E+02  0.1114989E+02  0.5309979E+01  0.4755117E-05  0.5557896E-06 -0.8681628E-05
Ar  2886  0.3960643E+02  0.1382846E+02  0.5302370E+01 -0.8545274E-05  0.2367614E-05  0.2316558E-04
Ar  2887  0.3971481E+02  0.1115213E+02  0.7798371E+01  0.5140644E-06 -0.4445746E-04 -0.3673210E-04
Ar  2888  0.3707602E+02  0.1379701E+02  0.7967359E+01  0.1365951E-04 -0.1133436E-03  0.8144869E-04
Ar  2889  0.3735039E+02  0.1121738E+02  0.1056449E+02 -0.6680500E-04 -0.3316944E-04 -0.1603676E-04
Ar  2890  0.3977874E+02  0.1391929E+02  0.1025472E+02 -0.9412037E-04  0.2584968E-04 -0.1023038E-03
Ar  2891  0.3963639E+02  0.1117158E+02  0.1305435E+02  0.4295631E-04 -0.8211862E-04 -0.7738489E-04
Ar  2892  0.3705869E+02  0.1389916E+02  0.1278547E+02 -0.6782494E-04 -0.3379462E-04  0.6504564E-04
Ar  2893  0.3697619E+02  0.1137588E+02  0.1566934E+02 -0.1777892E-04  0.2262878E-04 -0.6888147E-04
Ar  2894  0.3955469E+02  0.1380968E+02  0.1547625E+02 -0.4933492E-04 -0.4500647E-04  0.7544863E-04
Ar  2895  0.3961332E+02  0.1156359E+02  0.1815050E+02  0.4653593E-05 -0.5115025E-04 -0.6501805E-04
Ar  2896  0.3709807E+02  0.1396224E+02  0.1796661E+02  0.1106946E-03 -0.6695725E-05 -0.7277043E-04
Ar  2897  0.3711329E+02  0.1151069E+02  0.2060694E+02 -0.1930733E-04  0.1120324E-04  0.1286426E-04
Ar  2898  0.3967760E+02  0.1417944E+02  0.2058266E+02  0.6201312E-04  0.7978120E-04  0.3523075E-04
Ar  2899  0.3954164E+02  0.1146818E+02  0.2311907E+02  0.7366427E-04 -0.3922406E-04 -0.2394538E-04
Ar  2900  0.3704059E+02  0.1390485E+02  0.2332362E+02 -0.4112717E-04  0.5200631E-04  0.5269073E-04
Ar  2901  0.3708989E+02  0.1143785E+02  0.2566182E+02  0.5926613E-05  0.1454303E-04  0.2973072E-04
Ar  2902  0.3954983E+02  0.1396905E+02  0.2587399E+02  0.4021491E-04 -0.7247750E-04 -0.4979269E-04
Ar  2903  0.3971661E+02  0.1143280E+02  0.2821341E+02  0.4337623E-04  0.3940113E-04  0.1159204E-03
Ar  2904  0.3696405E+02  0.1377834E+02  0.2837120E+02  0.2320979E-04 -0.1123542E-04 -0.6890578E-04
Ar  2905  0.3728258E+02  0.1123882E+02  0.3099667E+02  0.3142625E-05 -0.5682113E-05 -0.6237596E-04
Ar  2906  0.3976906E+02  0.1384801E+02  0.3090098E+02  0.2776533E-04 -0.3241199E-04  0.5037335E-04
Ar  2907  0.3991927E+02  0.1139544E+02  0.3343768E+02 -0.2004737E-04  0.7087419E-04  0.4851846E-04
Ar  2908  0.3700988E+02  0.1386976E+02  0.3348528E+02  0.7024216E-04 -0.1115861E-04  0.5760326E-04
Ar  2909  0.3705030E+02  0.1138657E+02  0.3619180E+02  0.2724777E-04 -0.2648158E-05  0.1372772E-04
Ar  2910  0.3976591E+02  0.1383539E+02  0.3611656E+02  0.3775076E-05  0.6408879E-04 -0.9938188E-05
Ar  2911  0.3978344E+02  0.1127072E+02  0.3869235E+02 -0.8081620E-06  0.3155865E-04  0.8319975E-04
Ar  2912  0.3725706E+02  0.1391576E+02  0.3882447E+02  0.2232486E-04  0.2882274E-05 -0.7814803E-04
Ar  2913  0.3725240E+02  0.1120012E+02  0.4143728E+02 -0.5750441E-05  0.7152695E-04 -0.1865759E-04
Ar  2914  0.3975557E+02  0.1379135E+02  0.4153195E+02 -0.4983187E-04  0.4446798E-05 -0.1121299E-04
Ar  2915  0.3965900E+02  0.1121416E+02  0.4390493E+02  0.6514272E-04  0.2876105E-04 -0.1078669E-04
Ar  2916  0.3712246E+02  0.1401475E+02  0.4410778E+02 -0.4700367E-04 -0.1749907E-04 -0.3830678E-04
Ar  2917  0.3715735E+02  0.1137626E+02  0.4634922E+02  0.2366606E-04 -0.7541040E-04 -0.3597033E-04
Ar  2918  0.3982506E+02  0.1385399E+02  0.4653459E+02 -0.6719129E-04 -0.4062781E-04  0.5451942E-04
Ar  2919  0.3964709E+02  0.1121237E+02  0.4891567E+02 -0.2725335E-04  0.1663343E-05 -0.3801216E-04
Ar  2920  0.3706958E+02  0.1391360E+02  0.4921752E+02 -0.1924209E-04 -0.4986120E-04 -0.9207501E-04
Ar  2921  0.3715049E+02  0.1647555E+02  0.2974754E-01  0.4528675E-04 -0.2276450E-05  0.4410185E-04
Ar  2922  0.3979170E+02  0.1920026E+02  0.3661801E-01  0.1683798E-04  0.5630027E-04  0.2003941E-05
Ar  2923  0.3967024E+02  0.1619595E+02  0.2663065E+01 -0.8858355E-04  0.1224119E-04  0.5504326E-05
Ar  2924  0.3723085E+02  0.1903562E+02  0.2605064E+01  0.2734334E-05  0.4970943E-05 -0.3202556E-04
Ar  2925  0.3751669E+02  0.1660971E+02  0.5216203E+01  0.6129493E-04 -0.9649094E-04  0.4607114E-04
Ar  2926  0.3955226E+02  0.1917206E+02  0.5262596E+01  0.4858285E-04  0.4374530E-05  0.3017356E-04
Ar  2927  0.3981204E+02  0.1648722E+02  0.7847789E+01  0.1960622E-04 -0.1669632E-04  0.7058068E-04
Ar  2928  0.3690583E+02  0.1905260E+02  0.7877683E+01 -0.2246894E-04  0.3648988E-04  0.4888327E-04
Ar  2929  0.3696397E+02  0.1631308E+02  0.1030098E+02  0.4230371E-05 -0.1242607E-04 -0.1831308E-04
Ar  2930  0.3954667E+02  0.1895263E+02  0.1034018E+02 -0.2554026E-04  0.1320032E-04 -0.8570101E-04
Ar  2931  0.3967128E+02  0.1643723E+02  0.1293449E+02  0.9778853E-04 -0.4516959E-04  0.2853369E-04
Ar  2932  0.3697953E+02  0.1911156E+02  0.1276373E+02  0.4456019E-04 -0.2476698E-04  0.2642396E-04
Ar  2933  0.3690121E+02  0.1627350E+02  0.1511738E+02  0.4173067E-04  0.2905003E-04 -0.5594459E-05
Ar  2934  0.3981185E+02  0.1895311E+02  0.1541468E+02  0.1567982E-04 -0.4711161E-04  0.6553106E-04
Ar  2935  0.3944630E+02  0.1662119E+02  0.1802899E+02  0.6569394E-04 -0.9957335E-04 -0.7629805E-04
Ar  2936  0.3709506E+02  0.1912525E+02  0.1797265E+02  0.2867185E-04 -0.2171662E-04 -0.1548490E-04
Ar  2937  0.3691612E+02  0.1653475E+02  0.2078294E+02  0.3350145E-04  0.3273638E-04 -0.1045979E-03
Ar  2938  0.3964130E+02  0.1915008E+02  0.2083528E+02 -0.8163717E-04  0.1931639E-04 -0.7364447E-04
Ar  2939  0.3942596E+02  0.1648094E+02  0.2328561E+02  0.4168742E-04  0.3021395E-04  0.6930659E-04
Ar  2940  0.3712189E+02  0.1910398E+02  0.2337199E+02  0.2602019E-04  0.2100106E-04  0.2952748E-04
Ar  2941  0.3706379E+02  0.1632323E+02  0.2576979E+02  0.1611911E-04 -0.4471387E-05  0.1179731E-04
Ar  2942  0.3949216E+02  0.1909749E+02  0.2599933E+02  0.4104073E-04 -0.2134732E-04  0.3210728E-04
Ar  2943  0.3932744E+02  0.1654264E+02  0.2851466E+02 -0.4256929E-04 -0.1738236E-04 -0.6495105E-04
Ar  2944  0.3687473E+02  0.1909286E+02  0.2854278E+02 -0.2096621E-04 -0.2292672E-05 -0.5834052E-05
Ar  2945  0.3677537E+02  0.1649894E+02  0.3100378E+02 -0.5508098E-05  0.1547089E-04 -0.2590207E-04
Ar  2946  0.3953940E+02  0.1907354E+02  0.3102085E+02 -0.5357893E-04 -0.7953301E-04  0.6651475E-04
Ar  2947  0.3955398E+02  0.1633870E+02  0.3358300E+02  0.8595725E-04 -0.4865032E-04 -0.7168479E-04
Ar  2948  0.3714232E+02  0.1899447E+02  0.3377810E+02 -0.1421721E-04 -0.1382647E-04  0.6694881E-05
Ar  2949  0.3702385E+02  0.1650914E+02  0.3606871E+02 -0.7999124E-05  0.7565207E-05 -0.7044620E-04
Ar  2950  0.3987632E+02  0.1905817E+02  0.3620869E+02  0.4713904E-04 -0.3345202E-04 -0.7389913E-05
Ar  2951  0.3982947E+02  0.1646451E+02  0.3878476E+02  0.3204861E-05 -0.3991256E-05  0.8761414E-05
Ar  2952  0.3724596E+02  0.1905423E+02  0.3853020E+02 -0.3410530E-04  0.2818401E-04 -0.6023170E-04
Ar  2953  0.3713127E+02  0.1641010E+02  0.4129102E+02 -0.2677339E-05  0.5832970E-04 -0.4403779E-04
Ar  2954  0.3957313E+02  0.1889580E+02  0.4132710E+02  0.3833003E-05 -0.1535413E-04 -0.1101663E-04
Ar  2955  0.3973517E+02  0.1651192E+02  0.4397992E+02  0.1040467E-03  0.1266563E-05  0.4814035E-04
Ar  2956  0.3697556E+02  0.1895755E+02  0.4399257E+02  0.2526885E-04 -0.5180172E-04 -0.6144351E-04
Ar  2957  0.3704217E+02  0.1656474E+02  0.4660016E+02  0.3311144E-04  0.3640897E-04  0.2323099E-05
Ar  2958  0.3971012E+02  0.1912932E+02  0.4641379E+02 -0.1783672E-04  0.2793878E-04  0.2964398E-04
Ar  2959  0.3965642E+02  0.1660302E+02  0.4911674E+02  0.8767615E-04  0.4403737E-04  0.6469309E-04
Ar  2960  0.3700707E+02  0.1897431E+02  0.4917204E+02 -0.2023356E-04 -0.2125334E-04  0.1659673E-04
Ar  2961  0.3722307E+02  0.2145563E+02  0.6141144E-01 -0.1145332E-04 -0.8402064E-05  0.7068373E-04
Ar  2962  0.3975274E+02  0.2423070E+02  0.8895704E-01 -0.4488772E-04 -0.1863699E-04 -0.6956179E-04
Ar  2963  0.3966717E+02  0.2177386E+02  0.2706868E+01  0.1602131E-04  0.2905173E-04 -0.4614508E-04
Ar  2964  0.3713370E+02  0.2403341E+02  0.2455807E+01  0.4920334E-04 -0.4581325E-04  0.9286726E-05
Ar  2965  0.3710483E+02  0.2171383E+02  0.5144804E+01 -0.2618441E-04  0.3590099E-04  0.5073283E-04
Ar  2966  0.3970569E+02  0.2423855E+02  0.5411419E+01  0.4381672E-04  0.1018299E-03  0.7264420E-04
Ar  2967  0.3957886E+02  0.2162272E+02  0.7946395E+01 -0.2015895E-04 -0.2570898E-05 -0.2182025E-05
Ar  2968  0.3717849E+02  0.2422100E+02  0.7809774E+01 -0.1291749E-04 -0.7149625E-04 -0.1107235E-04
Ar  2969  0.3704672E+02  0.2178809E+02  0.1046850E+02 -0.1949868E-04 -0.5397106E-04 -0.7934081E-04
Ar  2970  0.3976104E+02  0.2416604E+02  0.1031762E+02  0.8576433E-05  0.1830877E-04 -0.3227003E-04
Ar  2971  0.3981304E+02  0.2149832E+02  0.1281864E+02 -0.2875984E-04  0.2103617E-04 -0.4705035E-04
Ar  2972  0.3708294E+02  0.2431794E+02  0.1285803E+02  0.1014717E-03  0.7470099E-04 -0.2743031E-04
Ar  2973  0.3695493E+02  0.2162968E+02  0.1527582E+02 -0.5840311E-04  0.1641928E-04 -0.1280814E-03
Ar  2974  0.3955794E+02  0.2409022E+02  0.1534285E+02 -0.1826127E-04  0.2823364E-04  0.1597931E-04
Ar  2975  0.3977372E+02  0.2156435E+02  0.1796777E+02 -0.5584280E-04  0.3561239E-05  0.1336256E-03
Ar  2976  0.3711099E+02  0.2416269E+02  0.1828913E+02 -0.1468995E-04 -0.4638242E-04  0.2759649E-04
Ar  2977  0.3692420E+02  0.2159711E+02  0.2083184E+02 -0.6736305E-04  0.4462119E-05 -0.5044255E-05
Ar  2978  0.3979486E+02  0.2434425E+02  0.2076567E+02  0.2207155E-04  0.2407274E-04 -0.2101189E-04
Ar  2979  0.3961422E+02  0.2182267E+02  0.2321359E+02  0.6868453E-05  0.6064504E-04  0.1703934E-04
Ar  2980  0.3701884E+02  0.2426817E+02  0.2323412E+02 -0.9068061E-04 -0.7267886E-04 -0.1159400E-04
Ar  2981  0.3708131E+02  0.2183842E+02  0.2564961E+02 -0.6171102E-04 -0.2648864E-04  0.5473717E-05
Ar  2982  0.3975223E+02  0.2430312E+02  0.2582046E+02 -0.5351525E-05  0.5143112E-04 -0.3609652E-04
Ar  2983  0.3947356E+02  0.2175942E+02  0.2832843E+02 -0.1201068E-04 -0.5255916E-04 -0.4097192E-04
Ar  2984  0.3704646E+02  0.2421570E+02  0.2828489E+02  0.4113294E-04 -0.2472992E-04 -0.6533571E-04
Ar  2985  0.3695202E+02  0.2154355E+02  0.3118940E+02  0.2096170E-04  0.2603541E-04 -0.1231823E-04
Ar  2986  0.3957618E+02  0.2403186E+02  0.3107694E+02 -0.6064464E-04 -0.4031040E-04  0.3244603E-04
Ar  2987  0.3969409E+02  0.2164663E+02  0.3375817E+02  0.5024532E-04 -0.1093086E-04  0.9152259E-04
Ar  2988  0.3712957E+02  0.2432786E+02  0.3362509E+02 -0.4609902E-05  0.3223883E-04 -0.2120798E-04
Ar  2989  0.3710314E+02  0.2169211E+02  0.3617245E+02  0.1560202E-04  0.1929982E-04 -0.2088902E-04
Ar  2990  0.3954034E+02  0.2429138E+02  0.3626064E+02 -0.5685915E-04  0.2396582E-04  0.1285296E-04
Ar  2991  0.3970611E+02  0.2163920E+02  0.3876429E+02  0.4306651E-04 -0.4439821E-04  0.9479369E-05
Ar  2992  0.3707017E+02  0.2409845E+02  0.3870495E+02 -0.5557415E-04 -0.6127956E-04  0.7651357E-04
Ar  2993  0.3721188E+02  0.2156868E+02  0.4131906E+02 -0.2143468E-04  0.1390539E-04  0.8681509E-05
Ar  2994  0.3956098E+02  0.2423339E+02  0.4114968E+02  0.3025187E-04  0.2032185E-04 -0.9397925E-04
Ar  2995  0.3956053E+02  0.2176597E+02  0.4403346E+02 -0.1251090E-05 -0.1634060E-04 -0.5176235E-04
Ar  2996  0.3689061E+02  0.2441402E+02  0.4390751E+02 -0.4100834E-04  0.6688344E-05  0.4789690E-05
Ar  2997  0.3702473E+02  0.2152567E+02  0.4650695E+02  0.5217264E-04 -0.1061499E-03  0.1004407E-03
Ar  2998  0.3941040E+02  0.2433624E+02  0.4645391E+02  0.7530656E-04 -0.4472245E-04 -0.2056826E-04
Ar  2999  0.3948151E+02  0.2155874E+02  0.4900494E+02  0.3909793E-04  0.1565076E-05 -0.1466547E-04
Ar  3000  0.3691656E+02  0.2408128E+02  0.4918427E+02 -0.4463561E-04  0.1039017E-03 -0.2958390E-04
Ar  3001  0.3717291E+02  0.2674027E+02  0.1224517E+00  0.9346008E-04  0.2250319E-04  0.7539023E-05
Ar  3002  0.3992538E+02  0.2921657E+02  0.4532948E+00  0.3707880E-04 -0.7372402E-04  0.5645363E-04
Ar  3003  0.3948754E+02  0.2656788E+02  0.2737892E+01  0.4627828E-04 -0.3744472E-04  0.1387319E-04
Ar  3004  0.3696953E+02  0.2922382E+02  0.2793021E+01 -0.3026440E-06 -0.6226267E-05  0.1337789E-03
Ar  3005  0.3689469E+02  0.2676161E+02  0.5271836E+01 -0.2361393E-04 -0.5911825E-04  0.5383638E-04
Ar  3006  0.3957780E+02  0.2939073E+02  0.5005206E+01  0.4400910E-04 -0.1799095E-04  0.6065473E-05
Ar  3007  0.3979531E+02  0.2662782E+02  0.7670858E+01  0.4530227E-04  0.6701148E-04 -0.4088898E-04
Ar  3008  0.3730364E+02  0.2924801E+02  0.7745250E+01  0.9493412E-04 -0.4251619E-04 -0.1351495E-04
Ar  3009  0.3714019E+02  0.2672649E+02  0.1036409E+02 -0.6859201E-04  0.3291439E-04 -0.2237264E-04
Ar  3010  0.3971102E+02  0.2922370E+02  0.1030026E+02 -0.1162921E-04 -0.2762892E-04  0.9519084E-05
Ar  3011  0.3988207E+02  0.2678043E+02  0.1293827E+02 -0.8007092E-04  0.7412512E-04 -0.6134977E-04
Ar  3012  0.3716183E+02  0.2922038E+02  0.1306637E+02 -0.5379310E-05  0.3073277E-05  0.1701368E-04
Ar  3013  0.3720453E+02  0.2684672E+02  0.1561563E+02  0.8721241E-05 -0.2241883E-04  0.4630559E-04
Ar  3014  0.3952108E+02  0.2937115E+02  0.1555722E+02 -0.3544081E-05 -0.1215312E-04  0.5262718E-04
Ar  3015  0.3981394E+02  0.2675360E+02  0.1810196E+02  0.2480490E-04  0.5156551E-04  0.1059553E-04
Ar  3016  0.3714040E+02  0.2937727E+02  0.1813817E+02 -0.3375502E-04  0.6276209E-04  0.5012015E-05
Ar  3017  0.3714044E+02  0.2697713E+02  0.2056412E+02 -0.6769310E-04  0.2719123E-04  0.2409072E-04
Ar  3018  0.3977772E+02  0.2954748E+02  0.2086712E+02 -0.9723145E-04 -0.3900146E-04 -0.6877736E-04
Ar  3019  0.3963649E+02  0.2685464E+02  0.2311647E+02  0.1415351E-04  0.3032177E-04  0.6436827E-04
Ar  3020  0.3717170E+02  0.2946807E+02  0.2314539E+02 -0.7435644E-05  0.2637123E-04  0.6538373E-06
Ar  3021  0.3717878E+02  0.2679226E+02  0.2583331E+02 -0.6336753E-04  0.5741101E-04 -0.1355123E-04
Ar  3022  0.3992690E+02  0.2940677E+02  0.2583607E+02  0.1049525E-04  0.2688330E-04  0.6857779E-05
Ar  3023  0.3950525E+02  0.2684396E+02  0.2849592E+02 -0.4159733E-04  0.5002337E-04  0.1111685E-03
Ar  3024  0.3710336E+02  0.2932090E+02  0.2848001E+02 -0.1790900E-04 -0.5455058E-04  0.5771378E-04
Ar  3025  0.3698484E+02  0.2664203E+02  0.3084935E+02 -0.4288082E-04 -0.1754687E-04  0.3929606E-04
Ar  3026  0.3964482E+02  0.2915051E+02  0.3098724E+02 -0.3234406E-04 -0.3581896E-04  0.3808641E-04
Ar  3027  0.3966645E+02  0.2679689E+02  0.3355059E+02 -0.3971225E-04  0.7206946E-04 -0.4877714E-04
Ar  3028  0.3707930E+02  0.2931513E+02  0.3361896E+02 -0.3916630E-04  0.3876701E-04  0.2493877E-05
Ar  3029  0.3699432E+02  0.2682646E+02  0.3615046E+02  0.5126070E-04  0.7602938E-04 -0.4197990E-04
Ar  3030  0.3973998E+02  0.2932068E+02  0.3629275E+02 -0.2704157E-04  0.1088757E-05 -0.3105229E-04
Ar  3031  0.3982689E+02  0.2691549E+02  0.3887390E+02 -0.6666259E-04 -0.8827291E-04  0.6884389E-05
Ar  3032  0.3720738E+02  0.2918487E+02  0.3872626E+02 -0.1055144E-04 -0.6697800E-04 -0.2910484E-04
Ar  3033  0.3707143E+02  0.2655362E+02  0.4124649E+02 -0.5470129E-04 -0.1401403E-04  0.5469855E-04
Ar  3034  0.3971185E+02  0.2950281E+02  0.4128228E+02 -0.1255293E-04 -0.6428946E-04 -0.2731750E-04
Ar  3035  0.3968514E+02  0.2675731E+02  0.4358298E+02  0.7465204E-04 -0.1641538E-05 -0.6099680E-05
Ar  3036  0.3703240E+02  0.2941096E+02  0.4368970E+02  0.3379476E-04  0.1423607E-05  0.1070624E-05
Ar  3037  0.3694364E+02  0.2674352E+02  0.4647302E+02 -0.7108427E-05 -0.2361742E-04  0.3496729E-04
Ar  3038  0.3944580E+02  0.2913371E+02  0.4627058E+02 -0.1906140E-04  0.4027006E-04  0.4337743E-04
Ar  3039  0.3990776E+02  0.2647808E+02  0.4901930E+02  0.6039096E-04 -0.2767657E-04 -0.2000480E-04
Ar  3040  0.3688247E+02  0.2912456E+02  0.4916631E+02  0.6808755E-04 -0.3692156E-04  0.4249205E-04
Ar  3041  0.3724807E+02  0.3162908E+02  0.1867998E+00  0.9008977E-04 -0.5532169E-04  0.5483694E-04
Ar  3042  0.3975435E+02  0.3435120E+02  0.7036134E-01 -0.2333571E-05 -0.1758923E-04 -0.3771096E-04
Ar  3043  0.3967491E+02  0.3201295E+02  0.2803445E+01  0.4458195E-05 -0.2812378E-04 -0.2614951E-04
Ar  3044  0.3716508E+02  0.3454465E+02  0.2683649E+01 -0.9203260E-05 -0.1505254E-04 -0.7413627E-05
Ar  3045  0.3703511E+02  0.3182199E+02  0.5215161E+01  0.2980580E-04  0.2267048E-04 -0.2497370E-04
Ar  3046  0.3971691E+02  0.3432802E+02  0.5301678E+01 -0.2046198E-04  0.2377745E-04  0.9865190E-05
Ar  3047  0.3988948E+02  0.3174985E+02  0.7910311E+01 -0.8045380E-04  0.1575125E-04  0.1967462E-04
Ar  3048  0.3729174E+02  0.3436011E+02  0.7651064E+01  0.9066557E-04  0.4248220E-04  0.1202000E-04
Ar  3049  0.3714650E+02  0.3186927E+02  0.1032180E+02  0.3616820E-05 -0.8244105E-05  0.5489880E-04
Ar  3050  0.3956034E+02  0.3442565E+02  0.1037995E+02  0.5200367E-04 -0.1491842E-04  0.8944552E-05
Ar  3051  0.3947028E+02  0.3187325E+02  0.1292525E+02  0.9694708E-04  0.5275460E-04 -0.5854470E-04
Ar  3052  0.3701749E+02  0.3456905E+02  0.1284989E+02  0.7238577E-05 -0.9680401E-04 -0.2028885E-04
Ar  3053  0.3709990E+02  0.3194298E+02  0.1554974E+02 -0.3976237E-04 -0.1412292E-05  0.3554753E-04
Ar  3054  0.3954137E+02  0.3448514E+02  0.1546778E+02  0.5140889E-04 -0.2740262E-04 -0.3140323E-04
Ar  3055  0.3966107E+02  0.3191523E+02  0.1809479E+02  0.2092265E-04  0.6540272E-04 -0.4515061E-05
Ar  3056  0.3711483E+02  0.3455457E+02  0.1806632E+02  0.4866072E-04  0.5909811E-04  0.1072566E-04
Ar  3057  0.3719140E+02  0.3199532E+02  0.2065053E+02  0.1512812E-04  0.3460264E-04 -0.4948095E-04
Ar  3058  0.3980895E+02  0.3431576E+02  0.2058439E+02  0.6099693E-04  0.8641475E-04 -0.9214060E-05
Ar  3059  0.3979034E+02  0.3200599E+02  0.2327818E+02  0.5348382E-04  0.2368000E-06  0.1633714E-04
Ar  3060  0.3705113E+02  0.3469588E+02  0.2319462E+02 -0.4279767E-04  0.2529613E-04  0.1553374E-04
Ar  3061  0.3708483E+02  0.3193487E+02  0.2572922E+02  0.3085029E-04  0.1543242E-04  0.1803823E-05
Ar  3062  0.4002454E+02  0.3448878E+02  0.2579893E+02  0.3135428E-05 -0.5773600E-04 -0.1474776E-04
Ar  3063  0.3961974E+02  0.3193590E+02  0.2842040E+02  0.5033147E-04 -0.2195671E-04 -0.1879007E-04
Ar  3064  0.3706762E+02  0.3438583E+02  0.2841425E+02 -0.2192517E-04  0.5622548E-04 -0.2917461E-04
Ar  3065  0.3711427E+02  0.3197848E+02  0.3098233E+02  0.2296659E-04 -0.2885666E-04  0.2661408E-04
Ar  3066  0.3963692E+02  0.3450532E+02  0.3089095E+02  0.9197414E-04 -0.1922598E-04 -0.3223692E-04
Ar  3067  0.3973130E+02  0.3199427E+02  0.3356037E+02 -0.4217944E-04 -0.5068358E-04  0.3932017E-04
Ar  3068  0.3699651E+02  0.3452877E+02  0.3355345E+02 -0.6003038E-04  0.7981077E-04  0.5834047E-04
Ar  3069  0.3720413E+02  0.3174831E+02  0.3617752E+02 -0.1772147E-04  0.1004846E-04 -0.1952884E-05
Ar  3070  0.3984084E+02  0.3446682E+02  0.3610177E+02  0.1442282E-04  0.8946359E-05 -0.1023013E-03
Ar  3071  0.3983087E+02  0.3171436E+02  0.3875589E+02  0.4182037E-05  0.2461261E-04  0.1842217E-04
Ar  3072  0.3723217E+02  0.3453804E+02  0.3870548E+02 -0.5135560E-04 -0.1646905E-04 -0.2494516E-04
Ar  3073  0.3701603E+02  0.3188398E+02  0.4137100E+02 -0.3010808E-04  0.7978109E-04 -0.9108502E-04
Ar  3074  0.3977622E+02  0.3445263E+02  0.4136829E+02 -0.3696558E-04  0.1305058E-04  0.3340076E-04
Ar  3075  0.3967960E+02  0.3198863E+02  0.4393041E+02  0.2665517E-04 -0.6307531E-04 -0.2196554E-04
Ar  3076  0.3694673E+02  0.3444444E+02  0.4395083E+02 -0.5626736E-04  0.4197844E-04 -0.2112270E-04
Ar  3077  0.3695710E+02  0.3185293E+02  0.4641936E+02  0.5094536E-05  0.2133235E-04  0.6268925E-04
Ar  3078  0.3965165E+02  0.3435458E+02  0.4655417E+02 -0.6360399E-04  0.4071863E-04  0.1895052E-04
Ar  3079  0.3952462E+02  0.3161066E+02  0.4880859E+02  0.4167408E-04  0.1628201E-04 -0.3778784E-05
Ar  3080  0.3696109E+02  0.3429034E+02  0.4907678E+02  0.1120291E-04  0.3542808E-04  0.8485599E-04
Ar  3081  0.3726083E+02  0.3671435E+02  0.5155542E+02  0.4947031E-04 -0.7506393E-04  0.1618790E-04
Ar  3082  0.3977740E+02  0.3937067E+02  0.1687429E+00  0.7782138E-04  0.7267435E-04  0.5606738E-04
Ar  3083  0.3971754E+02  0.3678509E+02  0.2897686E+01 -0.1171051E-04 -0.4034959E-04  0.3528173E-04
Ar  3084  0.3709846E+02  0.3942775E+02  0.2782806E+01  0.2114825E-04 -0.1999099E-04  0.3162250E-04
Ar  3085  0.3702740E+02  0.3692789E+02  0.5167392E+01  0.4146193E-04  0.6461952E-04 -0.1563523E-04
Ar  3086  0.3965366E+02  0.3948829E+02  0.5174413E+01 -0.8779049E-06 -0.5162331E-04  0.1032642E-04
Ar  3087  0.3980348E+02  0.3680265E+02  0.7746692E+01  0.8456615E-06  0.4113884E-04  0.5717082E-04
Ar  3088  0.3724696E+02  0.3964996E+02  0.7771102E+01 -0.7907920E-05 -0.3586662E-04  0.3146678E-04
Ar  3089  0.3715199E+02  0.3709954E+02  0.1017536E+02 -0.4494698E-04  0.8971948E-04  0.2866328E-04
Ar  3090  0.3964571E+02  0.3943131E+02  0.1038230E+02  0.5599443E-04  0.7062600E-04 -0.5730603E-05
Ar  3091  0.3969535E+02  0.3698065E+02  0.1287795E+02  0.6840277E-04 -0.7736561E-04 -0.4740631E-04
Ar  3092  0.3703402E+02  0.3939619E+02  0.1289081E+02  0.3154781E-04  0.2765769E-04 -0.2952676E-04
Ar  3093  0.3705225E+02  0.3705884E+02  0.1553951E+02  0.8860823E-04  0.4601511E-06  0.3786787E-04
Ar  3094  0.3958814E+02  0.3956665E+02  0.1568715E+02 -0.2926966E-04  0.4682220E-04 -0.1770748E-04
Ar  3095  0.3978195E+02  0.3707612E+02  0.1801991E+02 -0.1549215E-04  0.1086876E-03 -0.4133714E-04
Ar  3096  0.3706686E+02  0.3951700E+02  0.1808216E+02 -0.1374769E-03  0.3320119E-04 -0.1540061E-05
Ar  3097  0.3708198E+02  0.3708198E+02  0.2061045E+02  0.6136745E-04  0.5407770E-04 -0.3250186E-04
Ar  3098  0.3952911E+02  0.3927170E+02  0.2056678E+02 -0.8534006E-04  0.1194575E-04  0.1184525E-04
Ar  3099  0.3963261E+02  0.3695933E+02  0.2324241E+02  0.7431307E-04 -0.6788157E-04 -0.1719632E-04
Ar  3100  0.3689096E+02  0.3966285E+02  0.2317621E+02 -0.5301562E-04 -0.1818157E-05  0.2038972E-04
Ar  3101  0.3731351E+02  0.3690207E+02  0.2568531E+02  0.4791762E-04  0.7550649E-04  0.8343800E-04
Ar  3102  0.3951938E+02  0.3957189E+02  0.2575682E+02 -0.2956736E-05  0.2380318E-04 -0.5239609E-04
Ar  3103  0.3980556E+02  0.3706725E+02  0.2841455E+02 -0.4366678E-04 -0.6986383E-05 -0.8680167E-04
Ar  3104  0.3711764E+02  0.3940974E+02  0.2819858E+02  0.2429905E-04 -0.2344747E-04  0.3961607E-04
Ar  3105  0.3711581E+02  0.3720934E+02  0.3089013E+02 -0.9554087E-05  0.4337025E-04 -0.2429771E-04
Ar  3106  0.3979550E+02  0.3954769E+02  0.3091509E+02 -0.1805952E-04 -0.2981687E-04 -0.3514362E-04
Ar  3107  0.3962807E+02  0.3711844E+02  0.3343764E+02 -0.1979263E-04  0.4650763E-04  0.3667090E-04
Ar  3108  0.3716582E+02  0.3961765E+02  0.3337395E+02 -0.4466445E-04  0.4999262E-04  0.8852733E-05
Ar  3109  0.3733234E+02  0.3707314E+02  0.3619484E+02 -0.1385399E-04  0.1345367E-04 -0.1833494E-04
Ar  3110  0.3980568E+02  0.3967962E+02  0.3602350E+02 -0.5907404E-04 -0.1295613E-06 -0.2184118E-04
Ar  3111  0.3986577E+02  0.3703105E+02  0.3882748E+02 -0.7139712E-06 -0.9215352E-05  0.6649560E-04
Ar  3112  0.3731354E+02  0.3967385E+02  0.3871549E+02 -0.2024508E-05  0.2484755E-04  0.3951496E-04
Ar  3113  0.3739988E+02  0.3702690E+02  0.4135955E+02  0.4482422E-04 -0.1764893E-05 -0.2323689E-04
Ar  3114  0.4005344E+02  0.3970793E+02  0.4144164E+02  0.1768542E-04 -0.4689083E-04  0.8362397E-05
Ar  3115  0.3997807E+02  0.3695813E+02  0.4395241E+02  0.1626868E-04  0.3187674E-04 -0.6850365E-04
Ar  3116  0.3740808E+02  0.3961540E+02  0.4389758E+02  0.1709641E-04  0.3786860E-04  0.7603984E-05
Ar  3117  0.3739154E+02  0.3706713E+02  0.4635332E+02  0.8204637E-04 -0.5673690E-04 -0.7588244E-04
Ar  3118  0.3982967E+02  0.3949023E+02  0.4663178E+02 -0.1080987E-05  0.1135490E-03  0.5001965E-05
Ar  3119  0.3985567E+02  0.3700337E+02  0.4900943E+02 -0.6591111E-04  0.3312672E-04 -0.7575166E-05
Ar  3120  0.3734045E+02  0.3951481E+02  0.4912561E+02 -0.5495394E-04  0.1566693E-05  0.6015424E-04
Ar  3121  0.3712690E+02  0.4199475E+02  0.5152637E+02  0.5096469E-05  0.1545517E-04 -0.4124741E-04
Ar  3122  0.3983274E+02  0.4478683E+02  0.8544672E-01 -0.1537692E-05  0.5260505E-04 -0.3480946E-05
Ar  3123  0.3952652E+02  0.4216420E+02  0.2658841E+01  0.2673941E-04  0.1757231E-04 -0.1847072E-04
Ar  3124  0.3700486E+02  0.4486105E+02  0.2428083E+01  0.1002609E-03  0.3261797E-04  0.3940396E-04
Ar  3125  0.3708378E+02  0.4208601E+02  0.5240404E+01  0.7096542E-04 -0.9133451E-04 -0.5645079E-04
Ar  3126  0.3971172E+02  0.4480481E+02  0.5085576E+01  0.4494922E-04  0.1520667E-04  0.8173549E-05
Ar  3127  0.3966705E+02  0.4196776E+02  0.7588233E+01  0.8444372E-04  0.6492408E-05  0.1233288E-04
Ar  3128  0.3710213E+02  0.4466894E+02  0.7817335E+01  0.7811186E-04 -0.7959673E-04  0.1903354E-04
Ar  3129  0.3713657E+02  0.4210306E+02  0.1032373E+02 -0.2833987E-04  0.9020906E-04  0.6008023E-04
Ar  3130  0.3963903E+02  0.4485662E+02  0.1015839E+02  0.4104264E-04  0.4350362E-04 -0.1241244E-04
Ar  3131  0.3944414E+02  0.4208193E+02  0.1294444E+02 -0.9041706E-04  0.1036669E-05 -0.4032182E-04
Ar  3132  0.3702446E+02  0.4489473E+02  0.1259870E+02 -0.3982913E-04 -0.1001605E-03  0.7933783E-04
Ar  3133  0.3699382E+02  0.4211943E+02  0.1544929E+02 -0.8107036E-04 -0.1167239E-04 -0.1235253E-03
Ar  3134  0.3948123E+02  0.4482845E+02  0.1529411E+02  0.1816577E-04  0.1655293E-04  0.7024600E-04
Ar  3135  0.3948092E+02  0.4226756E+02  0.1821786E+02  0.4139979E-04 -0.1496955E-04  0.2655526E-04
Ar  3136  0.3709473E+02  0.4490177E+02  0.1807853E+02  0.1174921E-04 -0.2533005E-04 -0.1093356E-03
Ar  3137  0.3700544E+02  0.4226739E+02  0.2075937E+02 -0.8849604E-05  0.3208779E-04 -0.4898440E-04
Ar  3138  0.3983696E+02  0.4484901E+02  0.2059959E+02 -0.6867485E-05  0.1678980E-04  0.1637640E-04
Ar  3139  0.3959285E+02  0.4230774E+02  0.2317551E+02  0.1368321E-04 -0.1196027E-04 -0.4453221E-05
Ar  3140  0.3724818E+02  0.4475408E+02  0.2326308E+02 -0.4760902E-05  0.1615513E-04  0.1134476E-04
Ar  3141  0.3722694E+02  0.4225592E+02  0.2573241E+02  0.7986251E-04 -0.6132242E-04  0.2357419E-04
Ar  3142  0.3989029E+02  0.4487837E+02  0.2592753E+02  0.4749844E-04 -0.5145004E-04  0.4038672E-04
Ar  3143  0.3976966E+02  0.4232034E+02  0.2847114E+02 -0.5858958E-04  0.5475542E-04  0.2826981E-08
Ar  3144  0.3712427E+02  0.4485555E+02  0.2838492E+02  0.2473989E-05  0.4177999E-04 -0.1179785E-04
Ar  3145  0.3719809E+02  0.4233005E+02  0.3085117E+02  0.3931892E-04  0.1246773E-03  0.5236202E-04
Ar  3146  0.3974871E+02  0.4505314E+02  0.3073633E+02  0.6253086E-05 -0.6991481E-06 -0.3197978E-04
Ar  3147  0.3964428E+02  0.4230103E+02  0.3336959E+02 -0.1060669E-03  0.8509131E-04 -0.1050665E-04
Ar  3148  0.3709972E+02  0.4493001E+02  0.3348063E+02  0.2138415E-04  0.4388493E-04 -0.1444645E-04
Ar  3149  0.3711956E+02  0.4230182E+02  0.3608525E+02  0.4584294E-04  0.8394983E-04 -0.9415968E-04
Ar  3150  0.3993720E+02  0.4485182E+02  0.3600477E+02  0.6127452E-05  0.1671992E-04  0.2354111E-04
Ar  3151  0.3991567E+02  0.4202021E+02  0.3860209E+02  0.7869458E-05  0.6284576E-04  0.5653259E-04
Ar  3152  0.3713304E+02  0.4484808E+02  0.3867108E+02 -0.1989949E-05  0.7717622E-05  0.6689555E-05
Ar  3153  0.3731806E+02  0.4227296E+02  0.4142070E+02  0.1564362E-04  0.2083802E-04 -0.6304692E-05
Ar  3154  0.3981800E+02  0.4470514E+02  0.4129841E+02 -0.1320378E-04  0.3744031E-05  0.2015644E-04
Ar  3155  0.4001925E+02  0.4217668E+02  0.4404976E+02 -0.3063498E-04  0.5322441E-04 -0.1247328E-03
Ar  3156  0.3740244E+02  0.4486504E+02  0.4373767E+02 -0.2058761E-04  0.9362877E-04  0.1001839E-03
Ar  3157  0.3726555E+02  0.4205202E+02  0.4648086E+02 -0.6748113E-06 -0.9097281E-04  0.4332068E-04
Ar  3158  0.3983760E+02  0.4475074E+02  0.4633034E+02  0.6818320E-04 -0.2133717E-04  0.2420906E-04
Ar  3159  0.3973559E+02  0.4217175E+02  0.4892267E+02 -0.6262668E-04  0.7308700E-04 -0.1488168E-04
Ar  3160  0.3734110E+02  0.4458533E+02  0.4903568E+02 -0.6284674E-06  0.1150030E-04 -0.3789781E-04
Ar  3161  0.3717044E+02  0.4725959E+02  0.5150768E+02  0.3196592E-06 -0.5611908E-04  0.5470438E-04
Ar  3162  0.3971522E+02  0.4990854E+02  0.5380503E-01 -0.2389104E-04  0.3876294E-04 -0.5637744E-05
Ar  3163  0.3965584E+02  0.4757276E+02  0.2704985E+01  0.1778163E-04 -0.5544336E-05  0.5078038E-04
Ar  3164  0.3720571E+02  0.4979222E+02  0.2548629E+01 -0.2025420E-04  0.1187082E-04  0.3902804E-05
Ar  3165  0.3686628E+02  0.4723268E+02  0.5281186E+01  0.6416110E-04  0.7467699E-05 -0.4121375E-05
Ar  3166  0.3968489E+02  0.4997912E+02  0.5282104E+01  0.5678438E-04 -0.3291290E-04  0.3838536E-04
Ar  3167  0.3989825E+02  0.4741636E+02  0.7678801E+01  0.3494874E-04  0.1486520E-04 -0.2926274E-04
Ar  3168  0.3703004E+02  0.4987106E+02  0.7814741E+01 -0.2610167E-04  0.4506349E-04 -0.1629744E-04
Ar  3169  0.3720425E+02  0.4748679E+02  0.1017657E+02 -0.6824914E-04  0.7390533E-05  0.5451975E-04
Ar  3170  0.3958478E+02  0.5013340E+02  0.1019700E+02  0.1403184E-04  0.3179899E-04 -0.6887634E-04
Ar  3171  0.3967925E+02  0.4759581E+02  0.1296499E+02 -0.2673796E-04  0.2064161E-04 -0.4128073E-04
Ar  3172  0.3710901E+02  0.4981304E+02  0.1273683E+02 -0.8680757E-04 -0.2930221E-04  0.4766303E-04
Ar  3173  0.3715604E+02  0.4734572E+02  0.1558021E+02  0.1393968E-04  0.6688967E-04  0.2197887E-04
Ar  3174  0.3973103E+02  0.4983835E+02  0.1566016E+02  0.1524975E-04 -0.4007568E-04  0.3179951E-04
Ar  3175  0.3960867E+02  0.4735734E+02  0.1818351E+02 -0.5615956E-04  0.5796273E-04 -0.4884053E-04
Ar  3176  0.3692409E+02  0.5000082E+02  0.1806748E+02  0.7060884E-04  0.2214532E-06 -0.1667252E-04
Ar  3177  0.3716812E+02  0.4724671E+02  0.2068199E+02 -0.1030187E-03  0.6246283E-05  0.2897579E-04
Ar  3178  0.3976248E+02  0.4987629E+02  0.2052224E+02  0.4106536E-04  0.3025354E-04 -0.9981433E-04
Ar  3179  0.3975559E+02  0.4743984E+02  0.2326665E+02  0.7100460E-04  0.1102776E-04  0.9786724E-05
Ar  3180  0.3706498E+02  0.4980117E+02  0.2331243E+02  0.1407102E-05 -0.1005829E-03 -0.1870866E-05
Ar  3181  0.3720058E+02  0.4730886E+02  0.2604644E+02 -0.4456452E-04 -0.2186772E-04 -0.7080256E-04
Ar  3182  0.3978793E+02  0.4996823E+02  0.2561076E+02 -0.7504827E-04 -0.1149728E-04  0.5677966E-04
Ar  3183  0.3979995E+02  0.4756131E+02  0.2841613E+02  0.1913250E-04 -0.1741423E-05 -0.5329107E-04
Ar  3184  0.3735545E+02  0.5016728E+02  0.2835755E+02  0.3924312E-04  0.5933532E-05  0.4801496E-05
Ar  3185  0.3704212E+02  0.4768127E+02  0.3077024E+02 -0.4647968E-04  0.3719414E-04  0.1991576E-05
Ar  3186  0.3993700E+02  0.5008803E+02  0.3109680E+02 -0.2752937E-04  0.8841911E-04  0.5586398E-04
Ar  3187  0.3984262E+02  0.4766673E+02  0.3363256E+02  0.5139008E-04 -0.7083812E-04  0.1601385E-04
Ar  3188  0.3721882E+02  0.5010431E+02  0.3355744E+02  0.2597019E-04 -0.2290550E-05 -0.7463660E-04
Ar  3189  0.3725266E+02  0.4735436E+02  0.3599749E+02  0.8226489E-05  0.4791548E-04  0.3540114E-05
Ar  3190  0.3984754E+02  0.4981520E+02  0.3620412E+02  0.2784564E-04  0.3495238E-04 -0.5851986E-04
Ar  3191  0.3969395E+02  0.4726617E+02  0.3874822E+02 -0.9752457E-05  0.1745568E-04  0.6731427E-04
Ar  3192  0.3740109E+02  0.5003486E+02  0.3863445E+02 -0.2561871E-04  0.2247891E-05 -0.5460740E-04
Ar  3193  0.3736085E+02  0.4734965E+02  0.4124121E+02 -0.2950416E-05  0.2123631E-05  0.5549148E-04
Ar  3194  0.3980299E+02  0.5000429E+02  0.4135602E+02 -0.8442637E-04 -0.8110215E-04 -0.6012035E-04
Ar  3195  0.4000843E+02  0.4749776E+02  0.4388725E+02  0.1966062E-04 -0.1124389E-04 -0.3461426E-04
Ar  3196  0.3730842E+02  0.4976179E+02  0.4383021E+02 -0.3925140E-04  0.4866173E-04  0.4838948E-06
Ar  3197  0.3740607E+02  0.4731720E+02  0.4638882E+02  0.5467321E-04  0.3666954E-04 -0.1360731E-04
Ar  3198  0.3976211E+02  0.5015731E+02  0.4654723E+02 -0.4025255E-04  0.1200508E-04  0.1924208E-04
Ar  3199  0.3979521E+02  0.4742836E+02  0.4909350E+02 -0.5385176E-04  0.2677489E-06 -0.7090727E-05
Ar  3200  0.3718384E+02  0.5004397E+02  0.4892011E+02  0.3529969E-04  0.7130190E-04 -0.2500243E-04
Ar  3201  0.4233411E+02  0.1075765E+01  0.1894762E+00 -0.3158419E-04 -0.9820863E-05 -0.5136448E-04
Ar  3202  0.4477714E+02  0.3501836E+01  0.2423033E+00 -0.2481012E-04 -0.1360238E-03 -0.4579605E-04
Ar  3203  0.4498363E+02  0.9430926E+00  0.2805178E+01 -0.2578007E-04  0.2220818E-04  0.3859808E-04
Ar  3204  0.4242643E+02  0.3481707E+01  0.2792820E+01 -0.4759692E-05 -0.7891334E-04 -0.8632195E-05
Ar  3205  0.4231264E+02  0.9499457E+00  0.5392273E+01 -0.4787306E-04 -0.9108161E-05  0.9609736E-05
Ar  3206  0.4495867E+02  0.3668361E+01  0.5495469E+01  0.6713931E-05 -0.2186037E-04  0.1712457E-04
Ar  3207  0.4491493E+02  0.1021895E+01  0.7794122E+01  0.7638237E-04 -0.7502573E-04  0.7423751E-04
Ar  3208  0.4227626E+02  0.3538792E+01  0.7972940E+01  0.3775350E-04  0.3861037E-06 -0.2252686E-04
Ar  3209  0.4233125E+02  0.9949558E+00  0.1037724E+02  0.6430459E-04 -0.4772605E-04 -0.1035617E-03
Ar  3210  0.4478856E+02  0.3610499E+01  0.1031214E+02  0.2226962E-04 -0.6090303E-04 -0.4104954E-04
Ar  3211  0.4495192E+02  0.1010099E+01  0.1289961E+02  0.3492971E-04 -0.4034904E-04  0.1368800E-04
Ar  3212  0.4226431E+02  0.3725030E+01  0.1305840E+02  0.4239763E-05  0.3716708E-04 -0.1110832E-04
Ar  3213  0.4223246E+02  0.9824814E+00  0.1529251E+02 -0.3950144E-04  0.4898794E-04 -0.1882159E-04
Ar  3214  0.4503333E+02  0.3711148E+01  0.1549422E+02 -0.6692474E-04 -0.4611079E-06 -0.5786407E-04
Ar  3215  0.4477617E+02  0.1037591E+01  0.1805152E+02  0.4722905E-04 -0.5125333E-04  0.8505270E-05
Ar  3216  0.4247514E+02  0.3559664E+01  0.1814852E+02 -0.1569095E-04  0.1103245E-04 -0.6824183E-04
Ar  3217  0.4233196E+02  0.7419111E+00  0.2050358E+02  0.4989055E-04  0.8605166E-05  0.8036833E-04
Ar  3218  0.4479634E+02  0.3526762E+01  0.2063977E+02  0.1143988E-04  0.3497349E-04 -0.5476529E-04
Ar  3219  0.4483629E+02  0.7776323E+00  0.2327513E+02 -0.4850576E-04  0.6654785E-05  0.2040554E-05
Ar  3220  0.4220717E+02  0.3520847E+01  0.2325627E+02 -0.1541264E-04 -0.9832763E-05  0.7864360E-05
Ar  3221  0.4247433E+02  0.8823039E+00  0.2575779E+02 -0.3175051E-04 -0.4100023E-04 -0.3090610E-04
Ar  3222  0.4488918E+02  0.3634665E+01  0.2567992E+02  0.2173280E-04  0.4813572E-04 -0.5426430E-04
Ar  3223  0.4489019E+02  0.9711989E+00  0.2829163E+02  0.8809265E-04  0.8395819E-05 -0.6421305E-04
Ar  3224  0.4215541E+02  0.3397747E+01  0.2825934E+02 -0.3753723E-04  0.9787715E-04 -0.1074296E-03
Ar  3225  0.4239136E+02  0.1101092E+01  0.3082283E+02  0.2018592E-04 -0.1240329E-04  0.6531762E-04
Ar  3226  0.4491962E+02  0.3434780E+01  0.3099723E+02 -0.1021340E-04 -0.4031487E-04 -0.3778399E-04
Ar  3227  0.4502020E+02  0.1187790E+01  0.3360087E+02  0.3164156E-04 -0.8336304E-04  0.8031456E-04
Ar  3228  0.4246625E+02  0.3374143E+01  0.3350232E+02 -0.2129300E-04  0.4488709E-04  0.6480463E-04
Ar  3229  0.4236510E+02  0.1016882E+01  0.3613876E+02  0.1974501E-04 -0.1472924E-04  0.6037584E-05
Ar  3230  0.4486467E+02  0.3697591E+01  0.3615792E+02 -0.2148982E-04 -0.1877409E-04 -0.4874609E-04
Ar  3231  0.4491721E+02  0.1082992E+01  0.3861631E+02  0.7201746E-04  0.5524317E-04  0.3501880E-04
Ar  3232  0.4246996E+02  0.3610370E+01  0.3880958E+02 -0.4433971E-04  0.8091598E-05  0.2936749E-04
Ar  3233  0.4239708E+02  0.1173931E+01  0.4132049E+02 -0.2959962E-04  0.8443077E-04  0.2111673E-05
Ar  3234  0.4493030E+02  0.3684880E+01  0.4120961E+02  0.1175717E-03  0.5118370E-04 -0.4755791E-05
Ar  3235  0.4474248E+02  0.8163996E+00  0.4394558E+02  0.2115200E-04 -0.3683224E-04  0.1785040E-04
Ar  3236  0.4237975E+02  0.3539866E+01  0.4397269E+02  0.3283218E-04  0.5655128E-04  0.3972957E-04
Ar  3237  0.4213660E+02  0.1016218E+01  0.4661156E+02  0.1969466E-04 -0.5287382E-04 -0.3322088E-04
Ar  3238  0.4488402E+02  0.3600756E+01  0.4650579E+02  0.1164666E-04 -0.1995500E-04 -0.8609250E-05
Ar  3239  0.4463215E+02  0.1102307E+01  0.4910087E+02 -0.2215844E-04  0.3062527E-05  0.6484953E-04
Ar  3240  0.4230057E+02  0.3560246E+01  0.4910881E+02  0.4188492E-04 -0.6971642E-04  0.3249153E-05
Ar  3241  0.4223164E+02  0.5987100E+01  0.2133774E+00 -0.2093842E-04 -0.1624513E-04 -0.1832561E-04
Ar  3242  0.4460597E+02  0.8614120E+01  0.2903815E+00 -0.2180146E-04  0.4963028E-05  0.3500617E-04
Ar  3243  0.4479182E+02  0.6046703E+01  0.2633436E+01  0.7111502E-05  0.2475964E-04 -0.7844413E-05
Ar  3244  0.4221831E+02  0.8624981E+01  0.2674961E+01 -0.1312517E-03 -0.4419752E-04  0.4532248E-04
Ar  3245  0.4227969E+02  0.6052728E+01  0.5452598E+01  0.3447599E-04 -0.2659909E-04  0.1569031E-04
Ar  3246  0.4497853E+02  0.8798010E+01  0.5258915E+01 -0.5002470E-04 -0.1651501E-04 -0.3934599E-04
Ar  3247  0.4499764E+02  0.6347850E+01  0.7932966E+01 -0.1728160E-05 -0.1823625E-04  0.9370946E-05
Ar  3248  0.4214762E+02  0.8811977E+01  0.7827065E+01  0.4496466E-04 -0.2451924E-04  0.5063404E-04
Ar  3249  0.4231023E+02  0.6336332E+01  0.1028675E+02  0.8830224E-04  0.1878544E-04 -0.4935409E-04
Ar  3250  0.4504201E+02  0.8830403E+01  0.1055190E+02 -0.3176689E-04  0.3051685E-04  0.1368372E-04
Ar  3251  0.4482913E+02  0.6380381E+01  0.1300506E+02 -0.2776173E-04 -0.2868445E-04  0.2775217E-04
Ar  3252  0.4218487E+02  0.8735083E+01  0.1318005E+02 -0.1191971E-04 -0.7772514E-04 -0.2698864E-04
Ar  3253  0.4230506E+02  0.6228543E+01  0.1555074E+02 -0.5781765E-04  0.1447998E-04  0.4680526E-04
Ar  3254  0.4487771E+02  0.8911704E+01  0.1573378E+02  0.2002644E-04 -0.2406833E-04  0.1416934E-04
Ar  3255  0.4497708E+02  0.6304903E+01  0.1809534E+02  0.1265754E-03  0.1111565E-03  0.1095356E-05
Ar  3256  0.4220145E+02  0.8796725E+01  0.1806660E+02 -0.4850440E-04  0.3103309E-04 -0.1315151E-04
Ar  3257  0.4236548E+02  0.6136358E+01  0.2056763E+02 -0.1171029E-03 -0.8900933E-04  0.5145849E-04
Ar  3258  0.4480882E+02  0.8693779E+01  0.2069440E+02 -0.2230628E-04 -0.2695602E-04  0.1111416E-03
Ar  3259  0.4482762E+02  0.6163672E+01  0.2314963E+02  0.1486328E-04 -0.6978960E-05 -0.4000379E-04
Ar  3260  0.4233451E+02  0.8576081E+01  0.2319898E+02  0.5462394E-04 -0.1050436E-04  0.8879934E-04
Ar  3261  0.4220043E+02  0.6181682E+01  0.2588373E+02  0.7364063E-04  0.6005829E-04 -0.1197504E-03
Ar  3262  0.4460102E+02  0.8831284E+01  0.2591811E+02  0.2700521E-04  0.1035770E-03  0.4060245E-04
Ar  3263  0.4482995E+02  0.6028353E+01  0.2834884E+02 -0.7792388E-05  0.1869141E-04  0.8871058E-04
Ar  3264  0.4239753E+02  0.8961632E+01  0.2846508E+02 -0.7322857E-04 -0.1207060E-04 -0.1469906E-04
Ar  3265  0.4234518E+02  0.6307738E+01  0.3095722E+02  0.6290073E-04  0.4094629E-06  0.2886668E-04
Ar  3266  0.4479205E+02  0.8718252E+01  0.3091925E+02 -0.2838926E-04  0.2427618E-04 -0.1439763E-04
Ar  3267  0.4497436E+02  0.6275536E+01  0.3358560E+02 -0.4251679E-04 -0.5176571E-04  0.3220199E-04
Ar  3268  0.4248330E+02  0.8753264E+01  0.3377733E+02  0.5363570E-04  0.7151732E-04  0.2405516E-04
Ar  3269  0.4208294E+02  0.6103739E+01  0.3629064E+02 -0.4006776E-04  0.2808114E-04  0.6208596E-04
Ar  3270  0.4482598E+02  0.8843885E+01  0.3621164E+02 -0.7008616E-04 -0.9283454E-04  0.1491244E-04
Ar  3271  0.4497907E+02  0.6395052E+01  0.3876432E+02 -0.1317999E-04  0.9104770E-04 -0.6132901E-04
Ar  3272  0.4218728E+02  0.8713055E+01  0.3880625E+02 -0.1257880E-03 -0.8299425E-04 -0.4295155E-04
Ar  3273  0.4228624E+02  0.6166199E+01  0.4122227E+02 -0.3235750E-04 -0.3649381E-05 -0.7164847E-04
Ar  3274  0.4475815E+02  0.8788587E+01  0.4118879E+02  0.7349645E-04  0.2806952E-04  0.1144369E-04
Ar  3275  0.4466160E+02  0.6187039E+01  0.4382879E+02  0.2252948E-04  0.4366872E-04  0.3302083E-04
Ar  3276  0.4236208E+02  0.8677808E+01  0.4385873E+02  0.9193881E-04  0.2540619E-04 -0.4359872E-04
Ar  3277  0.4208928E+02  0.6089054E+01  0.4649812E+02  0.6013223E-04  0.5974329E-04 -0.4230474E-04
Ar  3278  0.4480156E+02  0.8585509E+01  0.4650379E+02  0.3304096E-04 -0.1122091E-05  0.2620406E-04
Ar  3279  0.4476593E+02  0.6193355E+01  0.4930505E+02  0.3886008E-04 -0.6457640E-04 -0.4885926E-04
Ar  3280  0.4198986E+02  0.8612061E+01  0.4882806E+02  0.9519506E-05 -0.6990670E-04  0.9479714E-06
Ar  3281  0.4204999E+02  0.1122207E+02  0.5145527E+02  0.2165893E-04  0.2443776E-04  0.2298831E-04
Ar  3282  0.4457482E+02  0.1379854E+02  0.5136543E+02  0.1224004E-04  0.4611873E-04 -0.3421414E-04
Ar  3283  0.4478498E+02  0.1126056E+02  0.2681877E+01  0.1373285E-04 -0.9258748E-04 -0.1815653E-04
Ar  3284  0.4215578E+02  0.1384983E+02  0.2842709E+01  0.1137667E-04  0.7161115E-04 -0.2696348E-04
Ar  3285  0.4211706E+02  0.1094168E+02  0.5128856E+01 -0.6795715E-04 -0.3298120E-04 -0.8909969E-04
Ar  3286  0.4482687E+02  0.1377538E+02  0.5275973E+01 -0.5283445E-04 -0.3172453E-04  0.3532081E-04
Ar  3287  0.4476290E+02  0.1106226E+02  0.7990499E+01 -0.2518496E-04  0.8757638E-04  0.4539619E-04
Ar  3288  0.4228205E+02  0.1360118E+02  0.7728012E+01 -0.7588485E-04 -0.5131653E-04  0.2727276E-04
Ar  3289  0.4222365E+02  0.1125515E+02  0.1054884E+02  0.9928151E-04 -0.1467584E-04 -0.6853056E-05
Ar  3290  0.4495621E+02  0.1381448E+02  0.1020597E+02 -0.4181532E-05  0.8716590E-04  0.2817842E-04
Ar  3291  0.4494783E+02  0.1134860E+02  0.1299914E+02 -0.3297613E-04  0.3306540E-04  0.1979475E-06
Ar  3292  0.4242132E+02  0.1368378E+02  0.1312426E+02 -0.5971168E-04  0.2997445E-05  0.8309071E-05
Ar  3293  0.4237985E+02  0.1154951E+02  0.1578857E+02  0.1309253E-04  0.7779247E-04  0.8177188E-04
Ar  3294  0.4479218E+02  0.1397394E+02  0.1567839E+02 -0.3786029E-04  0.2473368E-04  0.3750843E-04
Ar  3295  0.4484030E+02  0.1140278E+02  0.1829608E+02  0.2196419E-04 -0.1649442E-04  0.4501599E-04
Ar  3296  0.4226020E+02  0.1406130E+02  0.1833535E+02 -0.1869528E-04 -0.7734701E-04  0.3243269E-04
Ar  3297  0.4218059E+02  0.1130961E+02  0.2069132E+02 -0.1307963E-04  0.1603419E-05 -0.3249779E-04
Ar  3298  0.4463905E+02  0.1388808E+02  0.2074333E+02 -0.2480464E-05  0.4164276E-04  0.3754240E-05
Ar  3299  0.4469350E+02  0.1119871E+02  0.2330061E+02  0.5320963E-04  0.1352611E-04  0.9723199E-05
Ar  3300  0.4208519E+02  0.1397084E+02  0.2322552E+02 -0.2230640E-04 -0.1554751E-04  0.6642077E-04
Ar  3301  0.4220738E+02  0.1134548E+02  0.2555240E+02 -0.1382003E-04 -0.4835700E-04 -0.4129100E-04
Ar  3302  0.4483885E+02  0.1357241E+02  0.2580303E+02 -0.5705821E-04 -0.1367403E-04 -0.1494000E-03
Ar  3303  0.4499543E+02  0.1123646E+02  0.2839546E+02  0.5735535E-04  0.3726250E-04  0.2675979E-04
Ar  3304  0.4223686E+02  0.1398272E+02  0.2846291E+02 -0.1084513E-04 -0.1841966E-04 -0.2002773E-04
Ar  3305  0.4246616E+02  0.1143124E+02  0.3087396E+02  0.6279491E-04  0.7357706E-04  0.7351451E-04
Ar  3306  0.4491111E+02  0.1409798E+02  0.3097580E+02 -0.4363602E-04 -0.1301139E-03  0.3276150E-04
Ar  3307  0.4492858E+02  0.1132641E+02  0.3350201E+02 -0.8575305E-04  0.5756602E-04 -0.1697030E-04
Ar  3308  0.4238171E+02  0.1387484E+02  0.3369828E+02  0.1886031E-04 -0.7187523E-04 -0.1899988E-04
Ar  3309  0.4223050E+02  0.1149369E+02  0.3611918E+02  0.3675213E-04 -0.8265965E-04 -0.2435562E-04
Ar  3310  0.4493181E+02  0.1381523E+02  0.3639025E+02  0.5245775E-04  0.6612481E-06 -0.9982531E-04
Ar  3311  0.4492368E+02  0.1125472E+02  0.3877453E+02  0.5773270E-04  0.4183763E-04  0.2578512E-05
Ar  3312  0.4215731E+02  0.1390937E+02  0.3886781E+02 -0.1111105E-04 -0.4396054E-04  0.7008910E-04
Ar  3313  0.4227892E+02  0.1117662E+02  0.4143548E+02  0.7214403E-04  0.3229548E-04 -0.4139541E-04
Ar  3314  0.4497887E+02  0.1394565E+02  0.4119141E+02 -0.1884354E-04 -0.1463949E-04  0.5333373E-04
Ar  3315  0.4491955E+02  0.1127469E+02  0.4406584E+02  0.1431934E-04  0.5007232E-04 -0.1748642E-04
Ar  3316  0.4244569E+02  0.1371258E+02  0.4380983E+02  0.8146227E-05 -0.9292989E-05  0.2321199E-04
Ar  3317  0.4221018E+02  0.1109790E+02  0.4649561E+02  0.1131463E-05 -0.4187142E-04 -0.3265582E-04
Ar  3318  0.4484570E+02  0.1398002E+02  0.4647276E+02 -0.6528158E-04  0.6701418E-04  0.6827472E-04
Ar  3319  0.4461761E+02  0.1106165E+02  0.4895645E+02 -0.1034935E-05 -0.4951144E-04  0.1937440E-04
Ar  3320  0.4217685E+02  0.1392155E+02  0.4898217E+02  0.1321746E-04 -0.6167530E-04  0.3111603E-04
Ar  3321  0.4216641E+02  0.1646524E+02  0.5153850E+02  0.1492073E-04  0.2061692E-04 -0.2255226E-04
Ar  3322  0.4484005E+02  0.1917602E+02  0.9416883E-01  0.5125205E-04 -0.1794103E-04  0.4040551E-04
Ar  3323  0.4471669E+02  0.1647858E+02  0.2488349E+01  0.1944442E-04 -0.4008420E-04 -0.2839964E-04
Ar  3324  0.4225416E+02  0.1912171E+02  0.2611717E+01  0.5308890E-04  0.2179199E-04  0.7263201E-06
Ar  3325  0.4225001E+02  0.1631953E+02  0.5324116E+01 -0.1348781E-04 -0.1298043E-04  0.1484990E-04
Ar  3326  0.4480813E+02  0.1883174E+02  0.5380894E+01  0.2454488E-04  0.6654419E-04  0.1069676E-04
Ar  3327  0.4477096E+02  0.1633666E+02  0.7921090E+01  0.7221530E-04  0.1069681E-04 -0.4916255E-04
Ar  3328  0.4220563E+02  0.1911942E+02  0.7741868E+01  0.4203320E-04 -0.1179033E-04  0.1042558E-03
Ar  3329  0.4203363E+02  0.1633152E+02  0.1041911E+02 -0.7010844E-05  0.3806703E-04 -0.2141054E-04
Ar  3330  0.4477096E+02  0.1874392E+02  0.1018638E+02  0.5828205E-04 -0.2905249E-04 -0.5857802E-04
Ar  3331  0.4483270E+02  0.1639459E+02  0.1292902E+02 -0.6501251E-04 -0.1128046E-05  0.1290410E-04
Ar  3332  0.4246072E+02  0.1895082E+02  0.1293501E+02  0.1501352E-04  0.1112807E-04 -0.3476818E-04
Ar  3333  0.4219272E+02  0.1621350E+02  0.1556813E+02  0.5706460E-05  0.6557908E-04 -0.6267199E-04
Ar  3334  0.4480757E+02  0.1897748E+02  0.1560974E+02 -0.1089281E-03  0.8161740E-04 -0.9675312E-04
Ar  3335  0.4482260E+02  0.1643329E+02  0.1825689E+02 -0.2747868E-04 -0.5363384E-05 -0.3771233E-05
Ar  3336  0.4215698E+02  0.1886684E+02  0.1811857E+02  0.2411891E-04 -0.3638912E-04  0.3017095E-04
Ar  3337  0.4243847E+02  0.1672811E+02  0.2080838E+02  0.4663817E-04 -0.2765371E-04  0.3008147E-04
Ar  3338  0.4504402E+02  0.1895824E+02  0.2075240E+02  0.2896278E-05  0.8232567E-06 -0.9201779E-04
Ar  3339  0.4470910E+02  0.1632253E+02  0.2355279E+02 -0.2332366E-06 -0.2536861E-04 -0.2658543E-05
Ar  3340  0.4210522E+02  0.1901728E+02  0.2335845E+02  0.2969969E-04  0.5180988E-04 -0.4244659E-04
Ar  3341  0.4209336E+02  0.1646497E+02  0.2594386E+02  0.9928940E-04 -0.5882424E-04 -0.3569609E-04
Ar  3342  0.4458383E+02  0.1914495E+02  0.2579185E+02 -0.2095394E-04 -0.3767857E-04 -0.4964242E-04
Ar  3343  0.4464372E+02  0.1668172E+02  0.2843513E+02  0.2456333E-04 -0.7434335E-06 -0.2069953E-04
Ar  3344  0.4212758E+02  0.1908988E+02  0.2839188E+02  0.2268262E-04 -0.2478976E-04  0.4741889E-04
Ar  3345  0.4201746E+02  0.1637892E+02  0.3098031E+02 -0.5885541E-04  0.2719968E-04  0.4929039E-04
Ar  3346  0.4471011E+02  0.1886977E+02  0.3095779E+02  0.5018905E-04 -0.4508653E-04  0.3055342E-04
Ar  3347  0.4489087E+02  0.1639142E+02  0.3373913E+02 -0.2998196E-04  0.6790275E-04 -0.1944180E-05
Ar  3348  0.4216391E+02  0.1897853E+02  0.3354881E+02 -0.9315791E-05  0.8060583E-05 -0.5819123E-04
Ar  3349  0.4223169E+02  0.1656278E+02  0.3627979E+02  0.4342679E-04 -0.8848965E-04 -0.7714862E-04
Ar  3350  0.4482082E+02  0.1914959E+02  0.3631413E+02  0.3384486E-04 -0.1274733E-04 -0.3828094E-04
Ar  3351  0.4474829E+02  0.1644906E+02  0.3865912E+02  0.3435461E-04  0.7719417E-04 -0.1331557E-05
Ar  3352  0.4221016E+02  0.1907329E+02  0.3890469E+02  0.1857343E-04  0.4699104E-05  0.2157671E-04
Ar  3353  0.4222352E+02  0.1644211E+02  0.4141769E+02 -0.2226946E-04 -0.3748248E-04  0.4234395E-04
Ar  3354  0.4474124E+02  0.1922562E+02  0.4115051E+02  0.7440651E-04 -0.9053645E-04  0.4607645E-04
Ar  3355  0.4497689E+02  0.1655170E+02  0.4377018E+02  0.8697156E-04 -0.8195294E-05 -0.2321207E-05
Ar  3356  0.4223720E+02  0.1904184E+02  0.4394366E+02  0.1301819E-03  0.7482629E-04 -0.6329278E-04
Ar  3357  0.4217255E+02  0.1647198E+02  0.4639718E+02 -0.6848264E-04 -0.5565685E-04  0.2338445E-04
Ar  3358  0.4494465E+02  0.1918041E+02  0.4646180E+02 -0.7579174E-04  0.1901109E-04 -0.8884552E-04
Ar  3359  0.4475709E+02  0.1657171E+02  0.4888266E+02  0.2409008E-04  0.4370248E-04 -0.1215957E-04
Ar  3360  0.4233199E+02  0.1904969E+02  0.4898756E+02 -0.1386630E-04  0.2098907E-04 -0.1774950E-04
Ar  3361  0.4223219E+02  0.2168144E+02  0.1129524E+00  0.9413764E-05  0.3320061E-04 -0.7008997E-04
Ar  3362  0.4472028E+02  0.2407196E+02  0.2762271E+00  0.2174993E-04  0.2439756E-04 -0.3475671E-04
Ar  3363  0.4483907E+02  0.2151991E+02  0.2770312E+01  0.7196395E-04 -0.2112785E-04  0.1318689E-04
Ar  3364  0.4229756E+02  0.2411807E+02  0.2709732E+01  0.1744366E-04 -0.1542412E-04  0.4200027E-04
Ar  3365  0.4233897E+02  0.2162248E+02  0.5244162E+01  0.3453037E-04  0.1820059E-04 -0.3371804E-04
Ar  3366  0.4488934E+02  0.2409575E+02  0.5132914E+01 -0.2555289E-04 -0.4196464E-05 -0.1032877E-04
Ar  3367  0.4490949E+02  0.2155841E+02  0.7801323E+01 -0.5761244E-04 -0.4097059E-04  0.3294646E-04
Ar  3368  0.4231489E+02  0.2408309E+02  0.7785711E+01  0.6074670E-04  0.4326260E-04 -0.1440835E-04
Ar  3369  0.4226724E+02  0.2153750E+02  0.1039088E+02  0.6586545E-04  0.7290673E-05 -0.6545179E-05
Ar  3370  0.4482224E+02  0.2394953E+02  0.1039340E+02 -0.2714613E-04 -0.2203427E-04 -0.4242128E-05
Ar  3371  0.4478889E+02  0.2155016E+02  0.1309585E+02 -0.6835921E-04  0.1526292E-04 -0.4622855E-04
Ar  3372  0.4227838E+02  0.2421755E+02  0.1295589E+02  0.5866254E-04 -0.3935483E-06  0.2194424E-04
Ar  3373  0.4212912E+02  0.2144973E+02  0.1549938E+02  0.2452130E-04 -0.1169538E-04  0.3458701E-04
Ar  3374  0.4466808E+02  0.2420565E+02  0.1550181E+02 -0.4779634E-04 -0.5246717E-04  0.1741524E-04
Ar  3375  0.4481613E+02  0.2159095E+02  0.1797010E+02 -0.2728774E-04  0.4757639E-04 -0.2029762E-04
Ar  3376  0.4229681E+02  0.2429048E+02  0.1838124E+02  0.7282819E-04  0.8216309E-04 -0.1079951E-04
Ar  3377  0.4254816E+02  0.2139116E+02  0.2068626E+02  0.1883460E-04 -0.4764320E-04 -0.1081175E-04
Ar  3378  0.4491379E+02  0.2429892E+02  0.2070337E+02  0.7280222E-04  0.9064009E-05 -0.2238800E-04
Ar  3379  0.4487686E+02  0.2178831E+02  0.2321420E+02 -0.8131491E-05  0.3085654E-04 -0.9145559E-04
Ar  3380  0.4237612E+02  0.2425324E+02  0.2333677E+02  0.4976994E-04 -0.2457416E-04 -0.8645019E-04
Ar  3381  0.4216288E+02  0.2157967E+02  0.2578660E+02 -0.4471284E-04  0.1528587E-04 -0.8743641E-04
Ar  3382  0.4483624E+02  0.2417199E+02  0.2593949E+02  0.4301914E-04  0.3347830E-04  0.9475147E-04
Ar  3383  0.4481679E+02  0.2159434E+02  0.2850214E+02  0.4808703E-04 -0.2610266E-04  0.1507023E-04
Ar  3384  0.4219480E+02  0.2427392E+02  0.2833586E+02  0.1295259E-04 -0.6126820E-04  0.6115555E-04
Ar  3385  0.4232947E+02  0.2170700E+02  0.3087764E+02  0.2900582E-04  0.1665954E-04  0.4145307E-05
Ar  3386  0.4470255E+02  0.2413197E+02  0.3086432E+02  0.2386921E-04 -0.3696368E-04  0.4903526E-04
Ar  3387  0.4487939E+02  0.2155641E+02  0.3356235E+02 -0.2741739E-04  0.1064783E-03  0.7269846E-05
Ar  3388  0.4240430E+02  0.2426433E+02  0.3358016E+02  0.5522291E-04  0.4065407E-04 -0.4015888E-04
Ar  3389  0.4241220E+02  0.2157621E+02  0.3616116E+02  0.1967959E-04  0.4166566E-04 -0.4275872E-05
Ar  3390  0.4476011E+02  0.2415198E+02  0.3610610E+02  0.3717683E-06 -0.5878043E-04 -0.5049218E-04
Ar  3391  0.4474096E+02  0.2165353E+02  0.3871174E+02  0.4513369E-04  0.1343474E-04  0.6946771E-06
Ar  3392  0.4223785E+02  0.2427437E+02  0.3866969E+02  0.3152510E-04 -0.1209836E-04  0.7579660E-04
Ar  3393  0.4201720E+02  0.2164271E+02  0.4121567E+02  0.6215833E-04 -0.5750421E-04 -0.4649543E-04
Ar  3394  0.4488628E+02  0.2416316E+02  0.4116623E+02 -0.5985407E-04  0.3433686E-05  0.4276588E-05
Ar  3395  0.4488289E+02  0.2169115E+02  0.4381526E+02 -0.1092071E-04 -0.9650679E-05  0.1011810E-04
Ar  3396  0.4232786E+02  0.2405894E+02  0.4407345E+02 -0.3855501E-04  0.2213331E-04 -0.1306027E-04
Ar  3397  0.4238563E+02  0.2153831E+02  0.4647353E+02 -0.8158772E-04  0.1448339E-04 -0.2262469E-04
Ar  3398  0.4494674E+02  0.2426431E+02  0.4660318E+02 -0.7345201E-05  0.6790304E-05  0.1546916E-04
Ar  3399  0.4505979E+02  0.2155716E+02  0.4919486E+02  0.4109162E-04  0.1246190E-05  0.2971766E-05
Ar  3400  0.4234284E+02  0.2401209E+02  0.4920408E+02 -0.6812858E-05 -0.1046008E-04  0.2270851E-04
Ar  3401  0.4237255E+02  0.2665549E+02  0.6360304E-01  0.1251990E-04 -0.6024302E-04 -0.1716236E-04
Ar  3402  0.4502611E+02  0.2943435E+02  0.9154032E-01 -0.5382409E-04 -0.3104599E-04 -0.3050798E-04
Ar  3403  0.4475619E+02  0.2666540E+02  0.2620858E+01  0.1896548E-04 -0.2442945E-04 -0.2542689E-04
Ar  3404  0.4252780E+02  0.2946181E+02  0.2828632E+01 -0.5981465E-04 -0.3985399E-04 -0.1548911E-05
Ar  3405  0.4228371E+02  0.2674160E+02  0.5201635E+01  0.4547867E-04  0.5030395E-04  0.1564370E-04
Ar  3406  0.4493506E+02  0.2918544E+02  0.5298730E+01 -0.3892954E-04  0.6380100E-05  0.6450587E-04
Ar  3407  0.4463569E+02  0.2666150E+02  0.7846652E+01 -0.2682215E-04  0.7490209E-04  0.2228943E-04
Ar  3408  0.4240417E+02  0.2941327E+02  0.7913591E+01  0.3528898E-05 -0.6019193E-05 -0.4652287E-04
Ar  3409  0.4215325E+02  0.2665664E+02  0.1021884E+02  0.4724167E-04 -0.1952296E-04  0.7578830E-04
Ar  3410  0.4486661E+02  0.2941905E+02  0.1047625E+02 -0.2204058E-04 -0.1052108E-03 -0.1766974E-04
Ar  3411  0.4467691E+02  0.2664155E+02  0.1291235E+02  0.1614511E-04  0.2456575E-04 -0.1452770E-04
Ar  3412  0.4223112E+02  0.2943423E+02  0.1289172E+02 -0.1834346E-04 -0.1005074E-03  0.2510433E-04
Ar  3413  0.4232361E+02  0.2691830E+02  0.1551206E+02  0.1830266E-04 -0.8150566E-04 -0.1651483E-04
Ar  3414  0.4486533E+02  0.2927449E+02  0.1548270E+02  0.1858372E-04 -0.5853654E-05 -0.4071103E-04
Ar  3415  0.4488394E+02  0.2686655E+02  0.1828868E+02  0.8844601E-05 -0.1907395E-04  0.2051995E-04
Ar  3416  0.4229017E+02  0.2943097E+02  0.1790674E+02 -0.1867616E-04 -0.8716914E-05  0.5283009E-04
Ar  3417  0.4246492E+02  0.2690236E+02  0.2067690E+02 -0.6101485E-05 -0.5813731E-04 -0.6213209E-04
Ar  3418  0.4469468E+02  0.2959529E+02  0.2067706E+02  0.2453049E-04 -0.4132847E-04 -0.3608113E-04
Ar  3419  0.4490129E+02  0.2697773E+02  0.2319865E+02  0.2084989E-04 -0.1697183E-04 -0.3927219E-04
Ar  3420  0.4232729E+02  0.2942609E+02  0.2328268E+02 -0.1037344E-04 -0.4764109E-04 -0.6499969E-05
Ar  3421  0.4235365E+02  0.2692086E+02  0.2595026E+02  0.8455710E-04  0.1134857E-03 -0.8019617E-04
Ar  3422  0.4478092E+02  0.2939171E+02  0.2590909E+02  0.6173879E-04 -0.1306316E-04  0.4361261E-04
Ar  3423  0.4489189E+02  0.2684777E+02  0.2860830E+02 -0.5384391E-05 -0.1258056E-04  0.2606721E-04
Ar  3424  0.4214766E+02  0.2930055E+02  0.2840721E+02  0.9083276E-05  0.3720683E-04  0.3283873E-04
Ar  3425  0.4222594E+02  0.2669776E+02  0.3090260E+02  0.2795202E-04 -0.3424004E-04 -0.9728768E-06
Ar  3426  0.4479708E+02  0.2931691E+02  0.3093209E+02  0.1249113E-04  0.2534046E-04 -0.5891902E-05
Ar  3427  0.4489768E+02  0.2685990E+02  0.3347230E+02 -0.1261026E-03  0.3591927E-06  0.7083142E-05
Ar  3428  0.4240773E+02  0.2939792E+02  0.3371944E+02  0.4356830E-05 -0.2174245E-04 -0.1894867E-04
Ar  3429  0.4208107E+02  0.2660489E+02  0.3592847E+02 -0.6446548E-04 -0.6723307E-04 -0.1154701E-03
Ar  3430  0.4500872E+02  0.2907596E+02  0.3605921E+02  0.3315435E-07 -0.8966658E-04  0.3888308E-04
Ar  3431  0.4488911E+02  0.2689959E+02  0.3871425E+02 -0.1316767E-04  0.6554080E-05  0.2881935E-05
Ar  3432  0.4237494E+02  0.2937552E+02  0.3887727E+02  0.5036206E-04  0.2545383E-04 -0.6543162E-05
Ar  3433  0.4244579E+02  0.2670840E+02  0.4127034E+02  0.6591424E-04 -0.8439996E-04  0.4809434E-04
Ar  3434  0.4484871E+02  0.2933515E+02  0.4137144E+02 -0.1078469E-04 -0.8860176E-05 -0.4181749E-04
Ar  3435  0.4486434E+02  0.2684556E+02  0.4407840E+02  0.3324251E-04 -0.3761336E-04 -0.4156087E-05
Ar  3436  0.4206993E+02  0.2929695E+02  0.4400471E+02 -0.4514868E-04 -0.8135909E-05  0.8726817E-04
Ar  3437  0.4224033E+02  0.2666531E+02  0.4636525E+02  0.1482512E-04 -0.5691449E-04 -0.6880016E-04
Ar  3438  0.4473971E+02  0.2939847E+02  0.4667406E+02 -0.2671087E-04  0.2273449E-04  0.1894427E-04
Ar  3439  0.4506834E+02  0.2675970E+02  0.4919317E+02 -0.8163185E-05 -0.6188800E-04 -0.6760241E-04
Ar  3440  0.4216477E+02  0.2917121E+02  0.4911490E+02  0.4741554E-04  0.1776031E-05 -0.6015751E-04
Ar  3441  0.4211475E+02  0.3177394E+02  0.5156624E+02  0.5892745E-04  0.9430555E-05  0.1167782E-03
Ar  3442  0.4491782E+02  0.3431481E+02  0.8135840E-01  0.1398403E-05 -0.5930145E-04 -0.2572313E-04
Ar  3443  0.4497454E+02  0.3201639E+02  0.2688082E+01  0.2596705E-05  0.6498463E-04  0.4202045E-04
Ar  3444  0.4251123E+02  0.3429738E+02  0.2645475E+01  0.1525968E-04  0.2131665E-05 -0.7135654E-04
Ar  3445  0.4240994E+02  0.3194139E+02  0.5235781E+01 -0.7680459E-05 -0.6845643E-04  0.2458955E-05
Ar  3446  0.4496008E+02  0.3445783E+02  0.5413622E+01 -0.7107183E-05 -0.5559424E-04  0.2177698E-04
Ar  3447  0.4502650E+02  0.3181723E+02  0.7866709E+01 -0.9664956E-04 -0.4302962E-04 -0.4284928E-04
Ar  3448  0.4237337E+02  0.3442519E+02  0.7944755E+01 -0.8256295E-04 -0.5586070E-04  0.6109130E-04
Ar  3449  0.4240020E+02  0.3210505E+02  0.1025269E+02 -0.4591073E-05  0.1147346E-04  0.2067151E-04
Ar  3450  0.4496522E+02  0.3449449E+02  0.1053452E+02  0.3448426E-04  0.2177999E-04 -0.3722583E-04
Ar  3451  0.4494224E+02  0.3182496E+02  0.1298317E+02  0.2974435E-04 -0.1635111E-04 -0.9014239E-04
Ar  3452  0.4223109E+02  0.3435681E+02  0.1303869E+02 -0.3198836E-04  0.8560044E-04  0.4237914E-04
Ar  3453  0.4202974E+02  0.3195491E+02  0.1539796E+02  0.3510405E-04  0.4462262E-04  0.5074507E-04
Ar  3454  0.4490888E+02  0.3442592E+02  0.1556454E+02 -0.3943480E-04  0.2764769E-04 -0.2136325E-04
Ar  3455  0.4479016E+02  0.3191151E+02  0.1824522E+02  0.5399467E-05  0.1864979E-04  0.3363408E-04
Ar  3456  0.4225150E+02  0.3449686E+02  0.1801694E+02 -0.1479646E-04  0.6658032E-04  0.5084051E-04
Ar  3457  0.4239569E+02  0.3192657E+02  0.2053186E+02 -0.8052392E-04  0.8666481E-05  0.6004951E-04
Ar  3458  0.4490292E+02  0.3471369E+02  0.2063814E+02 -0.5195183E-05 -0.5893754E-04  0.1052015E-04
Ar  3459  0.4491929E+02  0.3220929E+02  0.2323755E+02 -0.5678304E-04 -0.3076028E-04 -0.9357635E-04
Ar  3460  0.4251268E+02  0.3465381E+02  0.2318764E+02 -0.1371909E-04  0.3947940E-04  0.6842927E-04
Ar  3461  0.4233379E+02  0.3195157E+02  0.2571732E+02  0.5690459E-04 -0.6214705E-04  0.2675413E-04
Ar  3462  0.4495591E+02  0.3468036E+02  0.2570207E+02  0.8524645E-04 -0.5731521E-04 -0.1789864E-05
Ar  3463  0.4484975E+02  0.3202661E+02  0.2834168E+02  0.6987902E-05  0.5926796E-04  0.3354455E-04
Ar  3464  0.4235884E+02  0.3443010E+02  0.2868983E+02  0.4070000E-04 -0.1910251E-04 -0.4204235E-04
Ar  3465  0.4226939E+02  0.3188525E+02  0.3116140E+02  0.2346252E-04  0.4406997E-04  0.5990557E-04
Ar  3466  0.4476526E+02  0.3472863E+02  0.3100482E+02 -0.5929974E-04  0.5175375E-04  0.2551927E-04
Ar  3467  0.4487820E+02  0.3202394E+02  0.3341736E+02  0.3420585E-04  0.5550128E-04 -0.1698034E-04
Ar  3468  0.4227699E+02  0.3460067E+02  0.3367013E+02 -0.6023814E-04  0.5550441E-04 -0.1953733E-04
Ar  3469  0.4232654E+02  0.3192298E+02  0.3618565E+02  0.4644283E-04  0.1183660E-04 -0.4258341E-04
Ar  3470  0.4472889E+02  0.3466734E+02  0.3610881E+02  0.1509721E-04 -0.6317055E-05  0.2654647E-04
Ar  3471  0.4484741E+02  0.3197664E+02  0.3871249E+02  0.4256620E-05  0.5690792E-04 -0.1640871E-04
Ar  3472  0.4229782E+02  0.3437120E+02  0.3874609E+02 -0.7623191E-04 -0.3133691E-05 -0.2331637E-04
Ar  3473  0.4225872E+02  0.3192559E+02  0.4150169E+02 -0.1206667E-04  0.1369444E-04  0.6291685E-04
Ar  3474  0.4483065E+02  0.3440965E+02  0.4109140E+02 -0.1137811E-04 -0.4220325E-04 -0.1195814E-04
Ar  3475  0.4493519E+02  0.3167903E+02  0.4397482E+02  0.8139994E-06  0.4856724E-05 -0.1055945E-03
Ar  3476  0.4245217E+02  0.3440141E+02  0.4397043E+02 -0.1474872E-04 -0.3057931E-04  0.5914968E-04
Ar  3477  0.4230432E+02  0.3184758E+02  0.4647205E+02  0.1139732E-04 -0.1735744E-04 -0.6252024E-05
Ar  3478  0.4493135E+02  0.3443099E+02  0.4673719E+02 -0.1848068E-04  0.1678474E-04  0.9518743E-04
Ar  3479  0.4495693E+02  0.3187427E+02  0.4914872E+02  0.4616501E-04 -0.3076997E-04  0.6791293E-04
Ar  3480  0.4224642E+02  0.3425422E+02  0.4908601E+02  0.2675549E-04  0.5100468E-04 -0.1114618E-04
Ar  3481  0.4224782E+02  0.3674166E+02  0.1800406E+00 -0.2473133E-04  0.2884500E-04 -0.3293602E-04
Ar  3482  0.4464795E+02  0.3960646E+02  0.2943897E+00  0.2109117E-04 -0.3799294E-04 -0.4518763E-04
Ar  3483  0.4488152E+02  0.3701336E+02  0.2623261E+01 -0.8433819E-05 -0.3172508E-04  0.2165506E-04
Ar  3484  0.4218206E+02  0.3949649E+02  0.2704603E+01 -0.1744745E-04  0.4971800E-04  0.5400224E-04
Ar  3485  0.4242374E+02  0.3686170E+02  0.5223552E+01  0.4412292E-04 -0.2594616E-04 -0.1370183E-04
Ar  3486  0.4482109E+02  0.3962591E+02  0.5248837E+01  0.3233520E-05  0.8164252E-05  0.1419359E-04
Ar  3487  0.4498495E+02  0.3698816E+02  0.7776987E+01  0.2374132E-04 -0.9839011E-05  0.2234143E-04
Ar  3488  0.4215799E+02  0.3946670E+02  0.7763071E+01 -0.3197778E-05 -0.8851495E-05  0.4653694E-04
Ar  3489  0.4226402E+02  0.3693320E+02  0.1035295E+02 -0.1664298E-04  0.5708020E-04  0.3365316E-04
Ar  3490  0.4462232E+02  0.3956337E+02  0.1018984E+02 -0.1893334E-04 -0.1164106E-03 -0.5978592E-04
Ar  3491  0.4491270E+02  0.3709901E+02  0.1281376E+02  0.3300811E-04 -0.5420372E-04  0.1056916E-03
Ar  3492  0.4222970E+02  0.3942713E+02  0.1294466E+02 -0.5316832E-04 -0.5973025E-04 -0.1240406E-04
Ar  3493  0.4224237E+02  0.3705917E+02  0.1548729E+02  0.1118989E-04 -0.4255769E-04  0.4632977E-04
Ar  3494  0.4465385E+02  0.3972287E+02  0.1546488E+02  0.4451436E-04 -0.5544162E-04  0.2573242E-04
Ar  3495  0.4472708E+02  0.3711071E+02  0.1804557E+02 -0.1388861E-04  0.7727893E-04  0.7157634E-04
Ar  3496  0.4221357E+02  0.3979805E+02  0.1812727E+02  0.1859760E-04 -0.2552824E-04 -0.4351852E-04
Ar  3497  0.4214141E+02  0.3714852E+02  0.2075506E+02 -0.8292426E-05  0.7446472E-04 -0.3364866E-04
Ar  3498  0.4483984E+02  0.3935404E+02  0.2052298E+02 -0.1109553E-03 -0.6977042E-06 -0.1962019E-04
Ar  3499  0.4486455E+02  0.3723523E+02  0.2330097E+02  0.7329648E-04 -0.4613448E-05 -0.5731851E-05
Ar  3500  0.4208283E+02  0.3981284E+02  0.2334268E+02  0.2164908E-04  0.3069704E-04 -0.5952730E-04
Ar  3501  0.4224577E+02  0.3726614E+02  0.2582336E+02 -0.5085097E-04 -0.1204391E-04  0.3236597E-04
Ar  3502  0.4510094E+02  0.3981620E+02  0.2600933E+02 -0.2939128E-04 -0.6139221E-04 -0.8468306E-04
Ar  3503  0.4492064E+02  0.3691593E+02  0.2827318E+02  0.6598021E-04 -0.1907890E-04  0.4228904E-04
Ar  3504  0.4221423E+02  0.3958963E+02  0.2847310E+02 -0.3883917E-04 -0.5554814E-04  0.7876064E-04
Ar  3505  0.4221351E+02  0.3697274E+02  0.3089479E+02 -0.8303982E-04  0.3367194E-04 -0.7807160E-05
Ar  3506  0.4499779E+02  0.3963277E+02  0.3086173E+02 -0.2431273E-04  0.2911218E-04 -0.9262130E-05
Ar  3507  0.4469972E+02  0.3715890E+02  0.3345186E+02  0.1895858E-04 -0.4200597E-04  0.1490593E-04
Ar  3508  0.4238008E+02  0.3972115E+02  0.3369427E+02  0.3306395E-04  0.7035413E-04 -0.1336187E-04
Ar  3509  0.4225540E+02  0.3726611E+02  0.3624043E+02  0.8925260E-04  0.9713541E-04  0.1379329E-04
Ar  3510  0.4507105E+02  0.3968242E+02  0.3605191E+02 -0.5837356E-04 -0.2962478E-05 -0.1953958E-04
Ar  3511  0.4488309E+02  0.3713082E+02  0.3865430E+02 -0.3051646E-06  0.5968517E-04  0.4791501E-04
Ar  3512  0.4248095E+02  0.3966866E+02  0.3880931E+02  0.7128359E-04 -0.2878890E-04 -0.9918565E-05
Ar  3513  0.4244414E+02  0.3690546E+02  0.4130605E+02 -0.3140095E-04  0.7940114E-04 -0.7669197E-04
Ar  3514  0.4470539E+02  0.3970368E+02  0.4131169E+02  0.6257530E-04 -0.1247116E-04 -0.2723999E-04
Ar  3515  0.4481162E+02  0.3701776E+02  0.4385455E+02 -0.5571739E-04  0.5686825E-04  0.2442751E-04
Ar  3516  0.4243098E+02  0.3969060E+02  0.4410484E+02 -0.2619645E-04 -0.1126985E-04 -0.1486144E-04
Ar  3517  0.4240519E+02  0.3676834E+02  0.4657873E+02 -0.7073664E-04 -0.9079530E-04  0.4293995E-05
Ar  3518  0.4490530E+02  0.3952050E+02  0.4668711E+02 -0.2977641E-04 -0.5208401E-04 -0.6400205E-04
Ar  3519  0.4478271E+02  0.3706886E+02  0.4916203E+02 -0.3731423E-04  0.7833162E-04  0.6124841E-05
Ar  3520  0.4228269E+02  0.3948008E+02  0.4908015E+02 -0.1666319E-04 -0.9990034E-05 -0.1963158E-04
Ar  3521  0.4200158E+02  0.4212954E+02  0.3565683E-01 -0.4320056E-05 -0.4475345E-04 -0.2755601E-04
Ar  3522  0.4467325E+02  0.4470658E+02  0.2029005E+00 -0.3136351E-04  0.1541208E-04 -0.7148340E-04
Ar  3523  0.4459549E+02  0.4231348E+02  0.2623768E+01  0.3460898E-05  0.6559586E-04 -0.7006959E-05
Ar  3524  0.4230080E+02  0.4496679E+02  0.2582792E+01  0.1333923E-04 -0.7176787E-04 -0.9371970E-05
Ar  3525  0.4207542E+02  0.4229025E+02  0.4940838E+01 -0.3735553E-04  0.1243782E-04 -0.7665220E-05
Ar  3526  0.4476825E+02  0.4476717E+02  0.5250581E+01  0.1112879E-05  0.7224267E-04  0.7036640E-04
Ar  3527  0.4454410E+02  0.4216957E+02  0.7525462E+01  0.5161386E-04 -0.1701285E-04  0.7025800E-04
Ar  3528  0.4206441E+02  0.4482584E+02  0.7755793E+01  0.1164263E-04  0.2861285E-05 -0.5700082E-04
Ar  3529  0.4198172E+02  0.4212564E+02  0.1038210E+02 -0.3997636E-04  0.3509366E-04  0.5281591E-05
Ar  3530  0.4466774E+02  0.4478225E+02  0.1021413E+02  0.8023389E-04 -0.1079415E-04  0.3920016E-04
Ar  3531  0.4478672E+02  0.4220168E+02  0.1280229E+02  0.2542662E-04 -0.5113508E-05  0.1323738E-05
Ar  3532  0.4209343E+02  0.4475823E+02  0.1291748E+02 -0.6336613E-04  0.1039079E-03  0.2698968E-04
Ar  3533  0.4202259E+02  0.4222729E+02  0.1528629E+02 -0.7492508E-04  0.7171234E-04  0.7051582E-05
Ar  3534  0.4475094E+02  0.4459825E+02  0.1535617E+02 -0.1086602E-03  0.4633037E-05  0.4819638E-04
Ar  3535  0.4476461E+02  0.4223152E+02  0.1805721E+02 -0.2179429E-04  0.7746733E-04 -0.3284229E-04
Ar  3536  0.4203016E+02  0.4448610E+02  0.1802715E+02 -0.1297779E-04 -0.1559639E-04 -0.2991517E-04
Ar  3537  0.4242134E+02  0.4205642E+02  0.2075774E+02  0.4881047E-04  0.3180268E-04 -0.9918119E-05
Ar  3538  0.4497673E+02  0.4462866E+02  0.2067117E+02  0.3767877E-04 -0.1279957E-04 -0.2048323E-04
Ar  3539  0.4492782E+02  0.4222642E+02  0.2344580E+02  0.7291549E-07  0.5877721E-04 -0.3525133E-04
Ar  3540  0.4222657E+02  0.4478066E+02  0.2333220E+02 -0.1205186E-03 -0.2044630E-04  0.3751349E-04
Ar  3541  0.4240114E+02  0.4222330E+02  0.2600292E+02  0.2599734E-04  0.2152590E-04 -0.5475538E-05
Ar  3542  0.4484263E+02  0.4479200E+02  0.2578426E+02 -0.2054250E-04  0.1160718E-03  0.4970375E-04
Ar  3543  0.4508982E+02  0.4222077E+02  0.2866754E+02  0.3239545E-04 -0.6691159E-04  0.5268192E-04
Ar  3544  0.4252225E+02  0.4486179E+02  0.2857013E+02 -0.1018753E-05 -0.2511352E-04  0.4880924E-04
Ar  3545  0.4239522E+02  0.4209967E+02  0.3089028E+02  0.2124612E-04 -0.7037388E-04 -0.3176084E-04
Ar  3546  0.4485150E+02  0.4476536E+02  0.3109276E+02 -0.5537424E-04  0.1936290E-04  0.2783983E-04
Ar  3547  0.4514104E+02  0.4208904E+02  0.3368708E+02  0.7077871E-04 -0.2735766E-04 -0.1213474E-04
Ar  3548  0.4227959E+02  0.4462062E+02  0.3339208E+02  0.1353639E-04 -0.9341838E-05  0.3884862E-04
Ar  3549  0.4228405E+02  0.4221407E+02  0.3609724E+02  0.1383158E-04  0.2914879E-05  0.9855408E-04
Ar  3550  0.4482879E+02  0.4485211E+02  0.3596965E+02  0.1151725E-04 -0.1222067E-05  0.5663490E-04
Ar  3551  0.4505905E+02  0.4227643E+02  0.3854194E+02  0.5391879E-05 -0.2852613E-04 -0.4950444E-04
Ar  3552  0.4244609E+02  0.4478791E+02  0.3863345E+02  0.4663216E-04 -0.2526277E-04  0.6838870E-04
Ar  3553  0.4245780E+02  0.4233680E+02  0.4127322E+02 -0.7518479E-04 -0.1056100E-03  0.2762787E-04
Ar  3554  0.4497782E+02  0.4496763E+02  0.4128528E+02 -0.1825266E-05  0.2307785E-05  0.8919407E-04
Ar  3555  0.4508407E+02  0.4223302E+02  0.4416383E+02 -0.4978986E-04 -0.1227276E-04 -0.3638109E-04
Ar  3556  0.4222817E+02  0.4488525E+02  0.4385770E+02 -0.8307276E-05  0.1002738E-03 -0.1579619E-04
Ar  3557  0.4238722E+02  0.4201543E+02  0.4662417E+02  0.2681826E-04 -0.2856753E-04  0.3440783E-04
Ar  3558  0.4468628E+02  0.4480108E+02  0.4656547E+02  0.3517128E-05  0.6056775E-04 -0.7772582E-04
Ar  3559  0.4483133E+02  0.4208224E+02  0.4909889E+02  0.4850911E-04  0.3763710E-04 -0.2462897E-04
Ar  3560  0.4222194E+02  0.4469805E+02  0.4919555E+02 -0.3878397E-05  0.6901778E-04 -0.2628996E-04
Ar  3561  0.4233612E+02  0.4739926E+02  0.1166810E+00 -0.5136192E-04 -0.7938170E-04 -0.5535500E-04
Ar  3562  0.4466469E+02  0.5003734E+02  0.4415559E-01  0.1153129E-04  0.5365325E-04  0.9672333E-04
Ar  3563  0.4490808E+02  0.4718974E+02  0.2570635E+01  0.6922852E-04 -0.1106930E-03 -0.3319274E-04
Ar  3564  0.4247187E+02  0.5007503E+02  0.2705565E+01  0.7947355E-05  0.4662780E-04  0.8763802E-05
Ar  3565  0.4228370E+02  0.4727208E+02  0.5178917E+01 -0.7092431E-04 -0.1654533E-04 -0.8756339E-05
Ar  3566  0.4498362E+02  0.4989310E+02  0.5106918E+01 -0.4357859E-04  0.3753636E-05 -0.1927195E-04
Ar  3567  0.4476294E+02  0.4753589E+02  0.7860525E+01 -0.3754355E-04 -0.5823489E-04  0.2267198E-04
Ar  3568  0.4229768E+02  0.5007051E+02  0.7760157E+01  0.6158465E-06 -0.5022322E-04  0.1063497E-04
Ar  3569  0.4218673E+02  0.4737325E+02  0.1034108E+02 -0.3767046E-04 -0.1022275E-03  0.3633888E-04
Ar  3570  0.4483008E+02  0.5009224E+02  0.1040227E+02 -0.2235001E-05  0.8890484E-05  0.5482162E-04
Ar  3571  0.4480734E+02  0.4725082E+02  0.1277606E+02  0.4322098E-04 -0.2077362E-04  0.4896202E-04
Ar  3572  0.4226124E+02  0.4986413E+02  0.1277809E+02 -0.2117243E-04 -0.2462681E-04 -0.2107689E-04
Ar  3573  0.4226691E+02  0.4715096E+02  0.1543549E+02 -0.1064167E-04  0.1003148E-04  0.3349315E-05
Ar  3574  0.4487128E+02  0.4984879E+02  0.1546237E+02  0.4261354E-04 -0.1126376E-03  0.7926835E-04
Ar  3575  0.4471033E+02  0.4704862E+02  0.1800936E+02 -0.2807689E-04 -0.3980449E-04 -0.3382956E-04
Ar  3576  0.4245341E+02  0.4978017E+02  0.1806980E+02  0.1151455E-04 -0.2504802E-04 -0.1090144E-03
Ar  3577  0.4238002E+02  0.4730940E+02  0.2073738E+02 -0.3860898E-04 -0.1821941E-06  0.2390555E-04
Ar  3578  0.4489431E+02  0.4974400E+02  0.2062887E+02  0.2811055E-04  0.1042751E-03 -0.3365709E-04
Ar  3579  0.4484783E+02  0.4729557E+02  0.2327778E+02 -0.6198437E-04 -0.9041215E-05  0.3962869E-04
Ar  3580  0.4235295E+02  0.4974778E+02  0.2319360E+02  0.5628702E-04  0.6447934E-04 -0.3493880E-04
Ar  3581  0.4250490E+02  0.4745396E+02  0.2596953E+02  0.3478644E-04 -0.1451163E-04  0.6811013E-04
Ar  3582  0.4499970E+02  0.4989249E+02  0.2603504E+02  0.3466118E-04 -0.9683050E-04  0.5212596E-04
Ar  3583  0.4496955E+02  0.4718306E+02  0.2860486E+02  0.2845072E-04  0.3649776E-04 -0.5803349E-04
Ar  3584  0.4242750E+02  0.4988154E+02  0.2862141E+02  0.3762203E-04  0.2417972E-05 -0.5144477E-04
Ar  3585  0.4240899E+02  0.4753675E+02  0.3117637E+02  0.3002600E-04  0.2370131E-04 -0.2227857E-04
Ar  3586  0.4512067E+02  0.5010951E+02  0.3109352E+02  0.2632372E-04 -0.3197369E-04  0.1535802E-04
Ar  3587  0.4504943E+02  0.4738889E+02  0.3368687E+02  0.1409414E-04  0.8666335E-04  0.4352476E-04
Ar  3588  0.4225138E+02  0.5012630E+02  0.3343981E+02 -0.1818803E-04  0.2579270E-05  0.8186738E-04
Ar  3589  0.4226924E+02  0.4739701E+02  0.3623339E+02 -0.1473411E-04 -0.2014197E-04  0.2993036E-04
Ar  3590  0.4500287E+02  0.5007888E+02  0.3597987E+02 -0.1741769E-05  0.2205966E-04 -0.2942039E-04
Ar  3591  0.4493523E+02  0.4759349E+02  0.3861749E+02  0.2471500E-04 -0.1448123E-04 -0.6971773E-05
Ar  3592  0.4239959E+02  0.5011068E+02  0.3878784E+02  0.2738147E-04  0.3524541E-04 -0.1183491E-04
Ar  3593  0.4238763E+02  0.4735408E+02  0.4099241E+02 -0.6204986E-04 -0.2092638E-06  0.4364436E-04
Ar  3594  0.4494076E+02  0.5007651E+02  0.4105462E+02 -0.4530152E-04 -0.6015207E-04 -0.4903683E-05
Ar  3595  0.4492697E+02  0.4734610E+02  0.4390738E+02  0.4425819E-05 -0.1369050E-04 -0.5492247E-04
Ar  3596  0.4235681E+02  0.5002821E+02  0.4395825E+02 -0.2015021E-04 -0.2227997E-04  0.1622714E-04
Ar  3597  0.4221297E+02  0.4736186E+02  0.4642965E+02  0.1672182E-05  0.2398024E-05 -0.1394405E-04
Ar  3598  0.4480449E+02  0.4988974E+02  0.4642693E+02 -0.5274265E-05 -0.4148957E-04  0.5907240E-04
Ar  3599  0.4474768E+02  0.4735192E+02  0.4894757E+02  0.2302652E-04  0.2207422E-04  0.2705752E-04
Ar  3600  0.4222640E+02  0.5006703E+02  0.4895986E+02 -0.9694495E-04 -0.2047907E-04 -0.4141061E-06
Ar  3601  0.4719091E+02  0.1070509E+01  0.5151389E+02  0.6933272E-04  0.6935547E-05 -0.4292601E-04
Ar  3602  0.5002902E+02  0.3426342E+01  0.1447787E+00 -0.1716655E-05  0.4015366E-04 -0.1305037E-04
Ar  3603  0.4987210E+02  0.1188703E+01  0.2726678E+01 -0.3135434E-04  0.1220354E-03  0.6127346E-04
Ar  3604  0.4746448E+02  0.3610668E+01  0.2784341E+01 -0.7547587E-04 -0.6548205E-05  0.1423456E-04
Ar  3605  0.4737209E+02  0.9735798E+00  0.5323277E+01  0.7574826E-04 -0.5593689E-04 -0.1732395E-04
Ar  3606  0.4970363E+02  0.3593071E+01  0.5425176E+01 -0.4536834E-04 -0.2149628E-04  0.4341428E-04
Ar  3607  0.4995703E+02  0.8738393E+00  0.7898911E+01 -0.2488604E-04 -0.2706857E-04 -0.6440271E-04
Ar  3608  0.4738979E+02  0.3621266E+01  0.8004418E+01 -0.2135003E-04  0.4993009E-04  0.3077865E-04
Ar  3609  0.4736484E+02  0.9842540E+00  0.1028443E+02 -0.5768004E-04  0.2305402E-04  0.8536145E-04
Ar  3610  0.4997715E+02  0.3507638E+01  0.1045328E+02 -0.4689433E-05 -0.1343653E-04 -0.8713907E-04
Ar  3611  0.4987919E+02  0.1187628E+01  0.1280775E+02 -0.1155423E-04  0.1787785E-05 -0.9433374E-04
Ar  3612  0.4742165E+02  0.3796321E+01  0.1272377E+02  0.6853150E-04  0.5323392E-04 -0.2808130E-04
Ar  3613  0.4746293E+02  0.1089167E+01  0.1538522E+02  0.4774967E-04  0.2931786E-04  0.9581128E-04
Ar  3614  0.4982763E+02  0.3601531E+01  0.1557426E+02  0.1634856E-04 -0.6920990E-05  0.6465179E-04
Ar  3615  0.5008521E+02  0.7997897E+00  0.1781660E+02  0.5519979E-04 -0.1013498E-04  0.3141643E-04
Ar  3616  0.4751854E+02  0.3541637E+01  0.1806157E+02  0.3997146E-04  0.6290602E-04 -0.3083541E-04
Ar  3617  0.4742202E+02  0.8409235E+00  0.2064702E+02  0.3441759E-04 -0.1148257E-04  0.6957955E-04
Ar  3618  0.5010264E+02  0.3415420E+01  0.2045237E+02 -0.7021240E-05  0.3360145E-04  0.2859060E-05
Ar  3619  0.4990456E+02  0.9690671E+00  0.2316531E+02  0.1992030E-04 -0.5881502E-04 -0.1600809E-04
Ar  3620  0.4740098E+02  0.3446788E+01  0.2296419E+02  0.2395193E-04  0.4628484E-04  0.1425866E-04
Ar  3621  0.4748875E+02  0.9277430E+00  0.2570733E+02 -0.1100254E-04 -0.1822202E-04  0.3760192E-04
Ar  3622  0.4986334E+02  0.3575551E+01  0.2571069E+02 -0.4769296E-04  0.1485688E-06  0.1436116E-03
Ar  3623  0.5001899E+02  0.7102214E+00  0.2831320E+02 -0.3416100E-04  0.1453787E-04 -0.3162750E-04
Ar  3624  0.4739629E+02  0.3483596E+01  0.2839150E+02 -0.6066689E-04 -0.3105490E-04 -0.1135457E-04
Ar  3625  0.4767134E+02  0.1112652E+01  0.3126023E+02 -0.3443877E-04 -0.6675176E-04 -0.2237911E-04
Ar  3626  0.5024140E+02  0.3456034E+01  0.3077893E+02 -0.1012731E-04 -0.1032781E-04 -0.4538258E-04
Ar  3627  0.5026052E+02  0.1080181E+01  0.3369610E+02 -0.7519195E-05  0.4642299E-04 -0.1329618E-04
Ar  3628  0.4778404E+02  0.3785870E+01  0.3346145E+02  0.3145039E-04 -0.1629704E-06  0.1168453E-04
Ar  3629  0.4773586E+02  0.1349347E+01  0.3608818E+02 -0.9366729E-04 -0.3894475E-04 -0.3349852E-04
Ar  3630  0.5039067E+02  0.3602185E+01  0.3629297E+02 -0.6221660E-04  0.7248019E-04 -0.9349149E-04
Ar  3631  0.5026782E+02  0.1154758E+01  0.3894315E+02 -0.2446325E-06  0.1663234E-06 -0.2672658E-04
Ar  3632  0.4749501E+02  0.3600997E+01  0.3888030E+02 -0.2607479E-04 -0.2076593E-04  0.3746720E-04
Ar  3633  0.4736625E+02  0.1060076E+01  0.4148431E+02 -0.7588913E-04  0.1819604E-04  0.2608171E-04
Ar  3634  0.5007644E+02  0.3769887E+01  0.4142810E+02 -0.7776474E-04 -0.2890812E-04  0.1300261E-04
Ar  3635  0.4997287E+02  0.1246434E+01  0.4364081E+02  0.3988955E-04  0.3879617E-04 -0.6396050E-04
Ar  3636  0.4728597E+02  0.3634100E+01  0.4388177E+02 -0.5993570E-04  0.5510106E-04  0.8758833E-05
Ar  3637  0.4748511E+02  0.1099974E+01  0.4663057E+02  0.2181443E-04 -0.2090540E-04  0.1771949E-05
Ar  3638  0.4981327E+02  0.3671989E+01  0.4657796E+02  0.6772197E-04 -0.1121773E-04 -0.4550115E-04
Ar  3639  0.5001097E+02  0.1177427E+01  0.4928106E+02  0.5899332E-05 -0.3319950E-04 -0.4209112E-05
Ar  3640  0.4715910E+02  0.3688184E+01  0.4914479E+02  0.8560253E-04 -0.1760650E-04 -0.4562731E-04
Ar  3641  0.4718259E+02  0.5923815E+01  0.9403935E-01  0.2539676E-04  0.2221431E-04 -0.1296710E-05
Ar  3642  0.5001783E+02  0.8624543E+01  0.3205743E+00 -0.2710288E-04 -0.8366863E-04  0.6947491E-04
Ar  3643  0.4999738E+02  0.6126536E+01  0.2678539E+01 -0.4090795E-04  0.5943900E-04  0.2540113E-04
Ar  3644  0.4727432E+02  0.8700337E+01  0.2713396E+01 -0.5875381E-05 -0.3286601E-04 -0.5340720E-04
Ar  3645  0.4745435E+02  0.6155933E+01  0.5241235E+01  0.6144375E-05  0.2796055E-04  0.1346497E-04
Ar  3646  0.4995897E+02  0.8905905E+01  0.5068984E+01  0.5827881E-04  0.1467356E-04  0.1787933E-04
Ar  3647  0.5007011E+02  0.6172486E+01  0.7959972E+01 -0.1114695E-03  0.2885905E-04  0.2487876E-04
Ar  3648  0.4752475E+02  0.8593575E+01  0.7901757E+01  0.4974550E-04  0.1576491E-04  0.4452040E-04
Ar  3649  0.4746338E+02  0.6237025E+01  0.1053911E+02  0.2916297E-04 -0.3343391E-04  0.6788541E-05
Ar  3650  0.4987830E+02  0.8908776E+01  0.1035450E+02 -0.3949265E-04 -0.8494572E-04  0.3039638E-04
Ar  3651  0.5003633E+02  0.6204139E+01  0.1295840E+02 -0.2432529E-04 -0.9343566E-04  0.2747378E-04
Ar  3652  0.4751846E+02  0.8790090E+01  0.1301329E+02 -0.1476370E-05 -0.9537997E-05 -0.7207150E-04
Ar  3653  0.4749376E+02  0.6283655E+01  0.1557015E+02  0.1141249E-03 -0.2292459E-04 -0.3581553E-04
Ar  3654  0.5011421E+02  0.8958567E+01  0.1578340E+02 -0.8610688E-05 -0.1423162E-05 -0.3641167E-04
Ar  3655  0.4994817E+02  0.6281543E+01  0.1824393E+02 -0.2300189E-04 -0.6771406E-04  0.1130855E-04
Ar  3656  0.4743542E+02  0.8851966E+01  0.1810235E+02  0.4386966E-04  0.3202540E-04 -0.8141802E-04
Ar  3657  0.4753411E+02  0.6046946E+01  0.2075369E+02  0.3621120E-04  0.5031470E-04  0.2569192E-04
Ar  3658  0.5008024E+02  0.8655264E+01  0.2091520E+02  0.5201383E-04  0.4631568E-04 -0.3549293E-04
Ar  3659  0.4994009E+02  0.5926629E+01  0.2329057E+02 -0.1766773E-04  0.2096912E-05 -0.3407343E-04
Ar  3660  0.4732581E+02  0.8797654E+01  0.2327784E+02  0.1042958E-03  0.1764645E-04 -0.3751297E-06
Ar  3661  0.4716715E+02  0.6079115E+01  0.2567849E+02  0.6822100E-04  0.2360675E-04 -0.4297648E-05
Ar  3662  0.5007425E+02  0.8592670E+01  0.2569553E+02 -0.5223478E-04 -0.1650615E-04  0.1069717E-04
Ar  3663  0.5002965E+02  0.6143647E+01  0.2826381E+02  0.2699695E-04 -0.1243790E-04 -0.2939071E-04
Ar  3664  0.4728068E+02  0.8633620E+01  0.2854746E+02 -0.3065170E-04  0.6363101E-04  0.3929415E-04
Ar  3665  0.4770007E+02  0.6212811E+01  0.3100771E+02  0.8647085E-06 -0.3069165E-05  0.4008087E-04
Ar  3666  0.4999815E+02  0.8712966E+01  0.3103245E+02  0.1632464E-04 -0.2438579E-04 -0.3747294E-04
Ar  3667  0.5025940E+02  0.6009841E+01  0.3361551E+02  0.9250328E-04  0.8532057E-04  0.2789028E-04
Ar  3668  0.4764326E+02  0.8721610E+01  0.3373561E+02 -0.3381964E-05  0.2439883E-04 -0.6735759E-05
Ar  3669  0.4755222E+02  0.6135644E+01  0.3619899E+02  0.2307571E-04  0.1151882E-04  0.3454095E-04
Ar  3670  0.5021595E+02  0.8830941E+01  0.3625891E+02  0.1159799E-04 -0.2329188E-04  0.3677733E-04
Ar  3671  0.5008201E+02  0.6218391E+01  0.3875073E+02 -0.3985749E-04  0.1333438E-03 -0.6288738E-04
Ar  3672  0.4747403E+02  0.8694688E+01  0.3866760E+02  0.7203586E-04  0.5806950E-04  0.4987301E-04
Ar  3673  0.4742051E+02  0.6236719E+01  0.4134008E+02 -0.5015499E-04 -0.5711159E-05  0.4914003E-04
Ar  3674  0.5001313E+02  0.8785055E+01  0.4142530E+02 -0.2227124E-04 -0.4011916E-04  0.2536808E-04
Ar  3675  0.4984581E+02  0.6076362E+01  0.4392504E+02 -0.9926887E-05 -0.3627218E-04  0.2083010E-06
Ar  3676  0.4751541E+02  0.8813062E+01  0.4379663E+02  0.1706649E-04  0.6791964E-04  0.7292509E-04
Ar  3677  0.4721651E+02  0.6062351E+01  0.4649752E+02  0.5229097E-04  0.7820962E-05  0.2232031E-04
Ar  3678  0.5013934E+02  0.8615487E+01  0.4658562E+02 -0.5503664E-04  0.7090723E-05 -0.8371509E-04
Ar  3679  0.4996858E+02  0.6138041E+01  0.4957010E+02 -0.1901007E-04  0.6196745E-04  0.1337087E-04
Ar  3680  0.4734251E+02  0.8817080E+01  0.4887645E+02  0.2047412E-04 -0.2549635E-04  0.2240752E-04
Ar  3681  0.4705530E+02  0.1132551E+02  0.5154272E+02 -0.2590889E-05 -0.4821458E-04  0.1293166E-04
Ar  3682  0.4969499E+02  0.1375039E+02  0.1276147E+00 -0.3401196E-04  0.4146558E-04 -0.4261304E-04
Ar  3683  0.4974570E+02  0.1127415E+02  0.2510286E+01 -0.2946164E-04  0.4832481E-04 -0.7674793E-05
Ar  3684  0.4713972E+02  0.1396556E+02  0.2624298E+01 -0.2255918E-04 -0.1568600E-04  0.3968706E-04
Ar  3685  0.4729432E+02  0.1125080E+02  0.5358288E+01  0.1277558E-03  0.8055945E-05  0.7182833E-04
Ar  3686  0.4989372E+02  0.1364557E+02  0.5137127E+01  0.1793316E-04 -0.8055618E-04  0.2611396E-04
Ar  3687  0.4993883E+02  0.1127425E+02  0.7872453E+01 -0.3331555E-04  0.1375690E-04 -0.7960544E-06
Ar  3688  0.4736393E+02  0.1369694E+02  0.7823294E+01  0.2847795E-05  0.2783477E-04  0.5218729E-04
Ar  3689  0.4734265E+02  0.1132865E+02  0.1042866E+02 -0.3013212E-04  0.4389920E-04 -0.4116451E-04
Ar  3690  0.5014377E+02  0.1381043E+02  0.1064991E+02 -0.3303139E-04  0.1376903E-04  0.1658350E-04
Ar  3691  0.5005057E+02  0.1139059E+02  0.1299150E+02  0.1079277E-06  0.1511378E-04 -0.2442469E-04
Ar  3692  0.4761363E+02  0.1379356E+02  0.1287669E+02  0.8412758E-05  0.7646853E-04  0.2602142E-05
Ar  3693  0.4728773E+02  0.1149883E+02  0.1550790E+02  0.8848124E-04  0.4060466E-04  0.1635519E-05
Ar  3694  0.4994657E+02  0.1385787E+02  0.1554089E+02  0.3609157E-04 -0.4257573E-04  0.4157039E-04
Ar  3695  0.4991340E+02  0.1121287E+02  0.1840879E+02  0.4931160E-04  0.3818654E-04  0.2265029E-04
Ar  3696  0.4741725E+02  0.1383870E+02  0.1818568E+02 -0.5083456E-04  0.9066409E-04  0.9994408E-05
Ar  3697  0.4738892E+02  0.1139216E+02  0.2073614E+02  0.3927034E-04 -0.3976053E-04  0.3131701E-04
Ar  3698  0.5019365E+02  0.1388780E+02  0.2057342E+02  0.2717022E-04  0.1471386E-04  0.3850733E-04
Ar  3699  0.5009708E+02  0.1144517E+02  0.2306396E+02  0.4421515E-04  0.3974378E-04  0.9630571E-04
Ar  3700  0.4735102E+02  0.1400386E+02  0.2327396E+02 -0.2175032E-04  0.8903925E-04  0.2703142E-04
Ar  3701  0.4764821E+02  0.1122324E+02  0.2594953E+02 -0.5161836E-04  0.3417599E-04  0.2264053E-04
Ar  3702  0.5011247E+02  0.1393725E+02  0.2589973E+02 -0.1076530E-03 -0.2400154E-05 -0.3599017E-04
Ar  3703  0.4984142E+02  0.1135674E+02  0.2846349E+02  0.6489826E-05  0.6157498E-04 -0.2245092E-04
Ar  3704  0.4732090E+02  0.1400722E+02  0.2849496E+02 -0.5952182E-04 -0.7061814E-04  0.4778630E-04
Ar  3705  0.4738157E+02  0.1129976E+02  0.3104274E+02 -0.1726893E-04  0.7931179E-04  0.2345874E-04
Ar  3706  0.5000252E+02  0.1398645E+02  0.3086456E+02 -0.5536160E-04 -0.2102717E-04  0.4929285E-04
Ar  3707  0.4998779E+02  0.1149614E+02  0.3341219E+02 -0.4883252E-04  0.4856262E-04 -0.2561977E-05
Ar  3708  0.4737239E+02  0.1400796E+02  0.3363440E+02 -0.5438081E-05 -0.6929589E-04 -0.7364990E-04
Ar  3709  0.4764548E+02  0.1132307E+02  0.3600352E+02  0.3237241E-04 -0.2371248E-04 -0.5939475E-04
Ar  3710  0.4997594E+02  0.1382752E+02  0.3616256E+02  0.5505716E-05  0.3023922E-04  0.1088901E-03
Ar  3711  0.5001354E+02  0.1133517E+02  0.3891611E+02  0.4798396E-04  0.2308999E-04  0.9442195E-05
Ar  3712  0.4761118E+02  0.1376743E+02  0.3875463E+02  0.5200919E-05  0.5934677E-04  0.9791859E-05
Ar  3713  0.4744136E+02  0.1130290E+02  0.4147949E+02 -0.2078058E-04  0.1161092E-04 -0.2554172E-04
Ar  3714  0.4994093E+02  0.1389465E+02  0.4138424E+02 -0.3206122E-04 -0.4133166E-04  0.1184868E-03
Ar  3715  0.4983128E+02  0.1151741E+02  0.4391539E+02 -0.3166770E-04  0.3948257E-04 -0.2991677E-04
Ar  3716  0.4722598E+02  0.1393564E+02  0.4390945E+02  0.5676636E-05 -0.5437753E-04  0.1234110E-03
Ar  3717  0.4716213E+02  0.1117223E+02  0.4649422E+02  0.1455373E-04  0.5246689E-05 -0.1865356E-04
Ar  3718  0.4990739E+02  0.1372184E+02  0.4644313E+02  0.2871197E-04 -0.2208932E-04 -0.1086516E-03
Ar  3719  0.5017248E+02  0.1135606E+02  0.4917100E+02 -0.8282366E-04  0.6846411E-04  0.3440732E-04
Ar  3720  0.4747278E+02  0.1394019E+02  0.4907496E+02  0.5116830E-04  0.8909784E-04 -0.4542538E-06
Ar  3721  0.4714596E+02  0.1639877E+02  0.1584236E-02  0.2997184E-04 -0.1336927E-04 -0.5286897E-04
Ar  3722  0.5012073E+02  0.1894602E+02  0.8259036E-01 -0.6083385E-04  0.3691971E-04  0.2973327E-04
Ar  3723  0.4993050E+02  0.1623910E+02  0.2805729E+01  0.6123324E-05  0.6599749E-04 -0.1176855E-04
Ar  3724  0.4754616E+02  0.1897668E+02  0.2655621E+01  0.6703530E-04  0.3874308E-04 -0.7850606E-04
Ar  3725  0.4755383E+02  0.1659258E+02  0.5389938E+01 -0.3426662E-04 -0.3514623E-04  0.1934700E-04
Ar  3726  0.5012618E+02  0.1869516E+02  0.5397379E+01 -0.2296093E-04  0.9063255E-04 -0.5709710E-04
Ar  3727  0.4993249E+02  0.1611521E+02  0.7852908E+01  0.4039587E-04  0.1087588E-04 -0.8034471E-04
Ar  3728  0.4748362E+02  0.1882048E+02  0.7875752E+01  0.1454923E-04  0.4768649E-04 -0.5489698E-04
Ar  3729  0.4762745E+02  0.1617675E+02  0.1033543E+02 -0.5815607E-04  0.8935278E-04 -0.7740162E-04
Ar  3730  0.5012776E+02  0.1873869E+02  0.1019852E+02  0.5388893E-04 -0.6444726E-04  0.5851565E-04
Ar  3731  0.5010999E+02  0.1643205E+02  0.1305224E+02  0.3288916E-04  0.1164577E-04  0.3674689E-04
Ar  3732  0.4742560E+02  0.1901396E+02  0.1281656E+02  0.6414000E-04 -0.1069733E-04  0.1558218E-04
Ar  3733  0.4745497E+02  0.1649629E+02  0.1537509E+02 -0.5985283E-04 -0.8329566E-04  0.2385992E-05
Ar  3734  0.5005301E+02  0.1895281E+02  0.1556972E+02 -0.9653939E-04  0.2515877E-04  0.5180625E-04
Ar  3735  0.4989660E+02  0.1652574E+02  0.1807457E+02  0.6564085E-04  0.2160515E-04 -0.1136802E-04
Ar  3736  0.4747859E+02  0.1909127E+02  0.1821930E+02  0.4621820E-04 -0.9447545E-04 -0.6238706E-04
Ar  3737  0.4749136E+02  0.1640076E+02  0.2079996E+02  0.8742307E-04 -0.2466889E-04 -0.1171470E-04
Ar  3738  0.4996791E+02  0.1903824E+02  0.2073816E+02  0.1585649E-04 -0.5415419E-04 -0.2205951E-04
Ar  3739  0.5009794E+02  0.1646804E+02  0.2333698E+02  0.1043983E-03 -0.3039539E-04  0.5608602E-04
Ar  3740  0.4743813E+02  0.1902838E+02  0.2346294E+02 -0.1747141E-04  0.2022870E-04  0.6839309E-04
Ar  3741  0.4719919E+02  0.1655579E+02  0.2603281E+02 -0.1735052E-04 -0.1487672E-04 -0.2595564E-04
Ar  3742  0.4991809E+02  0.1926420E+02  0.2589219E+02 -0.4027952E-04  0.4304477E-04 -0.1341936E-04
Ar  3743  0.5007261E+02  0.1664576E+02  0.2836635E+02  0.9724010E-05 -0.3839819E-04 -0.1148252E-04
Ar  3744  0.4720505E+02  0.1901122E+02  0.2830098E+02 -0.4558505E-04  0.6085740E-04 -0.1852766E-04
Ar  3745  0.4749050E+02  0.1652778E+02  0.3088246E+02  0.4587609E-05 -0.8162218E-05  0.7694186E-04
Ar  3746  0.5000049E+02  0.1907162E+02  0.3105660E+02 -0.5513054E-05 -0.9449679E-04  0.3188505E-04
Ar  3747  0.4982360E+02  0.1655900E+02  0.3350912E+02 -0.6595610E-04 -0.9152412E-04  0.4366097E-04
Ar  3748  0.4722023E+02  0.1899985E+02  0.3358165E+02  0.1278210E-04  0.2135117E-04  0.2603052E-04
Ar  3749  0.4740021E+02  0.1650246E+02  0.3621279E+02  0.5680245E-04 -0.1730436E-04 -0.9539373E-04
Ar  3750  0.4992983E+02  0.1905246E+02  0.3603863E+02  0.2869140E-05  0.2057893E-04  0.4376214E-04
Ar  3751  0.5007489E+02  0.1660268E+02  0.3875490E+02 -0.4133364E-04 -0.7002248E-04  0.6900174E-05
Ar  3752  0.4740286E+02  0.1916166E+02  0.3875537E+02  0.1152970E-03  0.2255565E-04 -0.4226204E-04
Ar  3753  0.4755623E+02  0.1669984E+02  0.4116972E+02  0.1172825E-04  0.1481252E-04  0.7471203E-06
Ar  3754  0.5019996E+02  0.1905817E+02  0.4132138E+02  0.3822381E-04 -0.6569171E-04 -0.2664079E-04
Ar  3755  0.4983669E+02  0.1643353E+02  0.4388258E+02  0.3062662E-04 -0.1826018E-04  0.6128541E-04
Ar  3756  0.4754449E+02  0.1912530E+02  0.4403879E+02 -0.6193627E-04  0.2051410E-04  0.6619192E-04
Ar  3757  0.4739960E+02  0.1652687E+02  0.4668213E+02  0.4331813E-04  0.3271678E-04 -0.2217195E-04
Ar  3758  0.5002075E+02  0.1907613E+02  0.4637079E+02 -0.1423127E-04 -0.5489056E-04  0.8041032E-05
Ar  3759  0.4995932E+02  0.1642825E+02  0.4915140E+02  0.6799506E-05  0.1341663E-05 -0.6226780E-04
Ar  3760  0.4754893E+02  0.1917673E+02  0.4919692E+02  0.4226867E-05 -0.1161891E-04  0.6610583E-04
Ar  3761  0.4740458E+02  0.2160902E+02  0.2052515E+00 -0.1753829E-04  0.4941153E-04  0.3825852E-04
Ar  3762  0.5014163E+02  0.2421570E+02  0.1971371E+00 -0.7465001E-04 -0.1261875E-03 -0.3091812E-04
Ar  3763  0.4985667E+02  0.2161354E+02  0.2785478E+01  0.2636496E-04 -0.6417137E-04  0.3047609E-04
Ar  3764  0.4748662E+02  0.2406160E+02  0.2643135E+01  0.6312519E-04  0.1668304E-04  0.6958401E-04
Ar  3765  0.4753574E+02  0.2145147E+02  0.5310649E+01 -0.8049430E-05  0.2771154E-04  0.8923042E-04
Ar  3766  0.5012397E+02  0.2402996E+02  0.5386312E+01 -0.5534365E-04  0.1026383E-04 -0.5635417E-04
Ar  3767  0.5016658E+02  0.2134438E+02  0.7661607E+01  0.3076634E-04  0.2340056E-04  0.4239755E-06
Ar  3768  0.4745933E+02  0.2396598E+02  0.7796753E+01 -0.3453157E-04  0.6182944E-04 -0.6192144E-04
Ar  3769  0.4766857E+02  0.2138380E+02  0.1023583E+02  0.2821191E-04 -0.8715054E-04 -0.2669956E-04
Ar  3770  0.5019765E+02  0.2400316E+02  0.1035894E+02  0.2691212E-06 -0.2395169E-04 -0.5960434E-04
Ar  3771  0.5013770E+02  0.2135097E+02  0.1285829E+02 -0.5847388E-05 -0.9501238E-04  0.4878653E-04
Ar  3772  0.4744554E+02  0.2389699E+02  0.1288530E+02 -0.2007737E-04 -0.9322695E-04  0.3054470E-04
Ar  3773  0.4748401E+02  0.2148104E+02  0.1558157E+02 -0.3790622E-04  0.3950089E-04 -0.2739730E-04
Ar  3774  0.4996661E+02  0.2410879E+02  0.1540461E+02  0.5678652E-04  0.2591635E-04 -0.1520179E-04
Ar  3775  0.4989775E+02  0.2157354E+02  0.1811233E+02  0.8969657E-05  0.2634084E-04  0.1787130E-04
Ar  3776  0.4735100E+02  0.2419231E+02  0.1817869E+02  0.5574213E-04  0.5588751E-04 -0.2840794E-04
Ar  3777  0.4739849E+02  0.2156062E+02  0.2092486E+02  0.3660111E-04 -0.7057211E-05  0.3725570E-04
Ar  3778  0.4988230E+02  0.2400676E+02  0.2062172E+02  0.6361859E-05 -0.4907167E-04  0.6549921E-04
Ar  3779  0.5006167E+02  0.2164182E+02  0.2333098E+02 -0.3050983E-05 -0.4160282E-04  0.1155993E-03
Ar  3780  0.4744069E+02  0.2421971E+02  0.2339773E+02 -0.1316345E-05  0.8724776E-04 -0.2200987E-04
Ar  3781  0.4742508E+02  0.2166030E+02  0.2587805E+02  0.3604870E-05 -0.1757073E-05 -0.2031564E-04
Ar  3782  0.4999267E+02  0.2428527E+02  0.2595396E+02 -0.2044024E-04  0.1353695E-04  0.4089078E-04
Ar  3783  0.4993339E+02  0.2159931E+02  0.2865391E+02 -0.2088387E-04  0.9381389E-05  0.1159129E-04
Ar  3784  0.4731391E+02  0.2435133E+02  0.2861310E+02 -0.3153019E-04  0.5465205E-05  0.8107680E-04
Ar  3785  0.4734242E+02  0.2176582E+02  0.3102970E+02 -0.2194253E-05  0.5127434E-04  0.1880303E-04
Ar  3786  0.4990674E+02  0.2429554E+02  0.3104095E+02  0.2602503E-04 -0.7436709E-04 -0.3038126E-04
Ar  3787  0.4979424E+02  0.2161694E+02  0.3366399E+02 -0.2657413E-04 -0.1630803E-04  0.3322636E-04
Ar  3788  0.4744839E+02  0.2409348E+02  0.3368697E+02  0.4661388E-05  0.1127940E-04  0.7574622E-05
Ar  3789  0.4741205E+02  0.2157238E+02  0.3611875E+02 -0.2341440E-05 -0.3955509E-04  0.5917207E-04
Ar  3790  0.5009373E+02  0.2439513E+02  0.3618527E+02  0.4583401E-04 -0.2445919E-05  0.3531571E-05
Ar  3791  0.4981444E+02  0.2160184E+02  0.3885850E+02 -0.8265550E-04  0.3474502E-05  0.3697238E-04
Ar  3792  0.4742496E+02  0.2423393E+02  0.3866927E+02 -0.5221167E-04 -0.1303057E-04 -0.2922707E-04
Ar  3793  0.4734779E+02  0.2170567E+02  0.4133505E+02 -0.3604306E-05 -0.3617212E-04  0.1961426E-04
Ar  3794  0.4989678E+02  0.2412845E+02  0.4137054E+02 -0.1295531E-03  0.1533205E-04  0.1215560E-04
Ar  3795  0.5000893E+02  0.2162612E+02  0.4400177E+02  0.6393825E-04  0.1513978E-03  0.3729154E-04
Ar  3796  0.4743618E+02  0.2422220E+02  0.4412177E+02  0.9807605E-05  0.6899357E-04 -0.1783010E-05
Ar  3797  0.4753022E+02  0.2164210E+02  0.4653987E+02  0.1562062E-04  0.6264233E-04  0.3451446E-04
Ar  3798  0.5026126E+02  0.2401632E+02  0.4654793E+02  0.5170474E-04 -0.3719189E-04 -0.2783660E-04
Ar  3799  0.4999132E+02  0.2176229E+02  0.4924080E+02  0.4569947E-04 -0.8121506E-04  0.2949782E-04
Ar  3800  0.4755812E+02  0.2432995E+02  0.4894160E+02  0.1095574E-04 -0.4239083E-04 -0.2022717E-04
Ar  3801  0.4753021E+02  0.2662073E+02  0.2715947E+00  0.1708051E-05 -0.6771650E-04  0.3782126E-04
Ar  3802  0.5013305E+02  0.2927959E+02  0.8487228E-01 -0.1248849E-04 -0.1526053E-04  0.2700041E-04
Ar  3803  0.5004812E+02  0.2677443E+02  0.2880606E+01  0.6849431E-04 -0.1118558E-03  0.1659608E-05
Ar  3804  0.4736403E+02  0.2942327E+02  0.2838821E+01 -0.2942980E-04  0.4704263E-04 -0.5549467E-04
Ar  3805  0.4751309E+02  0.2669071E+02  0.5463385E+01  0.1756599E-04 -0.6726934E-04  0.4993389E-04
Ar  3806  0.5011904E+02  0.2928263E+02  0.5253423E+01  0.6559444E-04  0.5013971E-04 -0.3718158E-05
Ar  3807  0.5018293E+02  0.2664477E+02  0.7755193E+01 -0.6672627E-04  0.4960902E-04 -0.4470775E-04
Ar  3808  0.4740520E+02  0.2929642E+02  0.7819737E+01 -0.5645131E-04  0.1553706E-04  0.4712801E-04
Ar  3809  0.4726817E+02  0.2659353E+02  0.1034801E+02  0.1036484E-04 -0.1182548E-05  0.8959483E-04
Ar  3810  0.4988181E+02  0.2912258E+02  0.1037087E+02  0.6654592E-04  0.5127211E-04 -0.6826073E-04
Ar  3811  0.4986071E+02  0.2666060E+02  0.1300300E+02  0.6671688E-04  0.4631562E-04 -0.9401140E-04
Ar  3812  0.4753853E+02  0.2907123E+02  0.1284328E+02 -0.2200005E-04  0.2815321E-04 -0.5144577E-05
Ar  3813  0.4743992E+02  0.2649021E+02  0.1557536E+02 -0.7591010E-05  0.4793157E-04  0.9585757E-04
Ar  3814  0.4990394E+02  0.2928381E+02  0.1562955E+02 -0.1189208E-03 -0.5591345E-04  0.7086877E-04
Ar  3815  0.4974648E+02  0.2667447E+02  0.1805970E+02 -0.1837694E-04 -0.1415273E-04  0.7756567E-04
Ar  3816  0.4736936E+02  0.2944183E+02  0.1811525E+02  0.1141139E-03  0.1436170E-04  0.5442528E-04
Ar  3817  0.4747524E+02  0.2689394E+02  0.2068211E+02 -0.3910628E-04  0.4747657E-04  0.7340198E-04
Ar  3818  0.4984275E+02  0.2914038E+02  0.2073525E+02  0.2157331E-04  0.7641520E-04 -0.1820004E-04
Ar  3819  0.4982928E+02  0.2679796E+02  0.2322008E+02 -0.4340869E-04 -0.7172699E-05  0.3287749E-04
Ar  3820  0.4729615E+02  0.2931886E+02  0.2350222E+02 -0.1073605E-04 -0.8762858E-06 -0.9795753E-04
Ar  3821  0.4731378E+02  0.2672283E+02  0.2584894E+02 -0.3111845E-04  0.1331384E-05  0.8349713E-04
Ar  3822  0.4986705E+02  0.2921704E+02  0.2581692E+02  0.2195872E-04 -0.1167065E-04  0.7321811E-04
Ar  3823  0.5013508E+02  0.2678627E+02  0.2854677E+02 -0.4440540E-04  0.2499562E-04  0.6001948E-05
Ar  3824  0.4742001E+02  0.2945059E+02  0.2846771E+02 -0.4940820E-04 -0.1282352E-03  0.4261098E-04
Ar  3825  0.4732375E+02  0.2689850E+02  0.3113812E+02 -0.6899594E-04  0.1203747E-03 -0.5467651E-04
Ar  3826  0.5006285E+02  0.2950268E+02  0.3079902E+02  0.1733118E-04  0.4008167E-04  0.7607625E-05
Ar  3827  0.5003784E+02  0.2695773E+02  0.3339796E+02 -0.1070668E-04 -0.5018300E-04 -0.2057588E-04
Ar  3828  0.4740383E+02  0.2947801E+02  0.3352490E+02 -0.2177939E-04  0.1072865E-04 -0.2648814E-04
Ar  3829  0.4745225E+02  0.2677090E+02  0.3607927E+02  0.1640707E-04  0.3030549E-04  0.4632205E-04
Ar  3830  0.4987991E+02  0.2951657E+02  0.3630763E+02 -0.1257155E-04  0.5956456E-04 -0.7263067E-04
Ar  3831  0.4998463E+02  0.2662642E+02  0.3882275E+02  0.2529218E-04 -0.3945846E-04 -0.2695284E-04
Ar  3832  0.4734562E+02  0.2920549E+02  0.3877721E+02  0.7061504E-04 -0.2627471E-04 -0.1582738E-04
Ar  3833  0.4744014E+02  0.2679979E+02  0.4165260E+02 -0.1704461E-04 -0.9844886E-05 -0.1451006E-05
Ar  3834  0.4995324E+02  0.2925392E+02  0.4122070E+02 -0.2565586E-04 -0.8568266E-05 -0.1403206E-03
Ar  3835  0.5017246E+02  0.2654200E+02  0.4398890E+02  0.5986362E-04 -0.1761189E-04 -0.1061109E-04
Ar  3836  0.4744557E+02  0.2931853E+02  0.4397946E+02  0.1122249E-04  0.2432231E-04  0.3391851E-04
Ar  3837  0.4760510E+02  0.2690318E+02  0.4671425E+02 -0.4968473E-04 -0.3046162E-04 -0.2245920E-04
Ar  3838  0.5007456E+02  0.2926647E+02  0.4639069E+02  0.2440888E-05 -0.4900088E-05 -0.7269839E-04
Ar  3839  0.5009108E+02  0.2680439E+02  0.4904651E+02 -0.4156724E-04 -0.6435434E-04 -0.4758539E-04
Ar  3840  0.4755127E+02  0.2934965E+02  0.4925064E+02 -0.2565720E-04 -0.6709245E-04 -0.6598647E-04
Ar  3841  0.4745928E+02  0.3181698E+02  0.3128534E+00 -0.1244437E-03 -0.5602153E-04 -0.5151590E-04
Ar  3842  0.5001336E+02  0.3451555E+02  0.1320076E+00  0.5578849E-04  0.6375349E-05  0.1775337E-05
Ar  3843  0.4994125E+02  0.3167096E+02  0.2671913E+01 -0.7872687E-05  0.6546249E-04 -0.6065211E-04
Ar  3844  0.4740034E+02  0.3452745E+02  0.2768782E+01 -0.2151237E-04  0.4133664E-04  0.2380319E-04
Ar  3845  0.4736138E+02  0.3195756E+02  0.5299464E+01 -0.8826151E-05  0.7707317E-06  0.6035996E-04
Ar  3846  0.5010629E+02  0.3448246E+02  0.5293767E+01 -0.1490514E-04  0.3951602E-04  0.3442362E-04
Ar  3847  0.5006513E+02  0.3205922E+02  0.7817885E+01 -0.9751469E-04 -0.1959120E-04  0.1029106E-04
Ar  3848  0.4735967E+02  0.3453503E+02  0.7992241E+01  0.3196231E-04 -0.1214528E-04  0.1718576E-04
Ar  3849  0.4756707E+02  0.3181189E+02  0.1039454E+02 -0.6267560E-05 -0.6499175E-04  0.6060721E-04
Ar  3850  0.4993022E+02  0.3436385E+02  0.1032764E+02  0.6217866E-04 -0.7725170E-05  0.1353247E-04
Ar  3851  0.4993502E+02  0.3162812E+02  0.1307813E+02  0.8485471E-05  0.3662305E-04 -0.1364255E-04
Ar  3852  0.4739542E+02  0.3428543E+02  0.1298386E+02  0.1054769E-04  0.5619744E-04  0.1765914E-04
Ar  3853  0.4741823E+02  0.3171874E+02  0.1545410E+02  0.1811063E-04  0.6626933E-04 -0.9970915E-06
Ar  3854  0.4990969E+02  0.3452237E+02  0.1552065E+02  0.8603494E-04 -0.1900207E-04  0.2952985E-04
Ar  3855  0.4995253E+02  0.3173291E+02  0.1828040E+02  0.1024676E-03 -0.6359257E-04  0.2908312E-05
Ar  3856  0.4755244E+02  0.3437171E+02  0.1799011E+02 -0.5665028E-04  0.2841433E-04  0.1737559E-04
Ar  3857  0.4722102E+02  0.3186965E+02  0.2095785E+02 -0.5609523E-04  0.4466334E-04  0.1220081E-04
Ar  3858  0.4986614E+02  0.3452654E+02  0.2062540E+02 -0.1437670E-03  0.1411190E-04  0.8435292E-06
Ar  3859  0.4998415E+02  0.3176221E+02  0.2324929E+02 -0.5074856E-04  0.2518905E-04  0.8574759E-04
Ar  3860  0.4742688E+02  0.3460393E+02  0.2318164E+02  0.1300463E-04  0.3658239E-04 -0.8202060E-04
Ar  3861  0.4745014E+02  0.3209116E+02  0.2579531E+02  0.3435945E-04  0.2462925E-04  0.4003517E-05
Ar  3862  0.4974279E+02  0.3469324E+02  0.2568236E+02 -0.6349756E-04  0.3533901E-04 -0.3529431E-05
Ar  3863  0.4988985E+02  0.3223348E+02  0.2839106E+02 -0.3618193E-04  0.9318210E-04 -0.2136295E-04
Ar  3864  0.4739877E+02  0.3462039E+02  0.2837908E+02  0.6824761E-04 -0.4772453E-04  0.3457258E-05
Ar  3865  0.4727109E+02  0.3217102E+02  0.3106976E+02 -0.3749353E-04  0.7754203E-04 -0.2519749E-04
Ar  3866  0.4987259E+02  0.3455473E+02  0.3093444E+02  0.3565786E-04  0.2505111E-04  0.7987564E-04
Ar  3867  0.4980513E+02  0.3181591E+02  0.3350297E+02  0.3925475E-04 -0.7645121E-05 -0.1033424E-04
Ar  3868  0.4727602E+02  0.3455192E+02  0.3364770E+02  0.3749134E-04 -0.4797488E-04 -0.4355411E-05
Ar  3869  0.4728319E+02  0.3198412E+02  0.3610131E+02 -0.5796139E-04 -0.4675815E-04  0.5049330E-04
Ar  3870  0.5003187E+02  0.3458767E+02  0.3608973E+02  0.1636059E-04 -0.2631709E-04 -0.5124670E-04
Ar  3871  0.5005801E+02  0.3198933E+02  0.3905593E+02 -0.2656863E-04 -0.1135716E-04 -0.2287319E-04
Ar  3872  0.4739166E+02  0.3467373E+02  0.3869678E+02 -0.5845992E-04 -0.4115214E-04  0.1452830E-04
Ar  3873  0.4737100E+02  0.3183506E+02  0.4118165E+02  0.9555067E-05  0.6032433E-05 -0.2187533E-04
Ar  3874  0.4961925E+02  0.3454540E+02  0.4148782E+02  0.3027184E-04  0.8012883E-04  0.2980833E-04
Ar  3875  0.5002726E+02  0.3187083E+02  0.4379847E+02  0.4244248E-05  0.7614376E-04 -0.3536333E-04
Ar  3876  0.4727442E+02  0.3436085E+02  0.4396501E+02  0.6290744E-04  0.1353697E-03  0.2994796E-04
Ar  3877  0.4751673E+02  0.3179589E+02  0.4662271E+02  0.3583484E-04  0.2045551E-04 -0.2070828E-05
Ar  3878  0.5002069E+02  0.3454848E+02  0.4632445E+02  0.7944002E-05  0.3961932E-05 -0.3521234E-04
Ar  3879  0.5015020E+02  0.3194120E+02  0.4901999E+02  0.5979323E-04  0.4975872E-04  0.2226250E-05
Ar  3880  0.4741791E+02  0.3448215E+02  0.4916392E+02  0.1365391E-03 -0.7346762E-04  0.8086707E-04
Ar  3881  0.4741001E+02  0.3708044E+02  0.9370389E-01 -0.1483977E-04 -0.4318060E-04 -0.4266815E-04
Ar  3882  0.4998865E+02  0.3962138E+02  0.5138946E+02  0.2377710E-04  0.6626610E-04  0.4407361E-05
Ar  3883  0.4986597E+02  0.3705235E+02  0.2601332E+01  0.1077902E-03  0.1758396E-04  0.6664146E-05
Ar  3884  0.4734678E+02  0.3976673E+02  0.2427484E+01  0.6215141E-04 -0.2377037E-04  0.1034521E-03
Ar  3885  0.4752411E+02  0.3701977E+02  0.5154184E+01 -0.4771711E-04  0.6883795E-04 -0.9302535E-04
Ar  3886  0.4997519E+02  0.3965701E+02  0.5161975E+01  0.5479839E-04  0.2215797E-04  0.2161195E-04
Ar  3887  0.4998373E+02  0.3684925E+02  0.7763062E+01  0.1229658E-04  0.3851543E-04  0.2211245E-04
Ar  3888  0.4733638E+02  0.3950831E+02  0.7797321E+01 -0.2015110E-04  0.2270448E-04  0.2286592E-04
Ar  3889  0.4754123E+02  0.3714381E+02  0.1046298E+02 -0.2310710E-04  0.2568527E-04 -0.1797102E-04
Ar  3890  0.4991311E+02  0.3975751E+02  0.1015884E+02 -0.7220365E-05 -0.2366022E-05  0.4002763E-04
Ar  3891  0.4991497E+02  0.3699102E+02  0.1283654E+02 -0.1314218E-04  0.8569400E-04 -0.2233279E-04
Ar  3892  0.4738626E+02  0.3984003E+02  0.1290569E+02  0.3533616E-04 -0.7405744E-05 -0.4377916E-04
Ar  3893  0.4730235E+02  0.3717183E+02  0.1535778E+02  0.4066132E-04  0.6393836E-04  0.2594602E-04
Ar  3894  0.4976123E+02  0.3954671E+02  0.1545784E+02 -0.6043340E-05  0.2585066E-05 -0.3125133E-04
Ar  3895  0.4980344E+02  0.3707686E+02  0.1806635E+02  0.1194852E-05 -0.1009672E-04  0.2722232E-04
Ar  3896  0.4720064E+02  0.3965886E+02  0.1798368E+02 -0.3110265E-05  0.5226567E-05 -0.9448337E-04
Ar  3897  0.4752659E+02  0.3717688E+02  0.2058363E+02  0.4522951E-04  0.3470619E-04  0.5003137E-04
Ar  3898  0.4984457E+02  0.3960442E+02  0.2066917E+02 -0.2741234E-04 -0.2822235E-04 -0.1687700E-04
Ar  3899  0.4982758E+02  0.3725165E+02  0.2320485E+02 -0.7591740E-04 -0.4773357E-05 -0.4168999E-04
Ar  3900  0.4744412E+02  0.3984428E+02  0.2334599E+02  0.2045008E-04 -0.1590908E-04 -0.5659583E-04
Ar  3901  0.4732863E+02  0.3723847E+02  0.2565602E+02 -0.2295147E-04 -0.2493918E-04  0.9951492E-06
Ar  3902  0.4997606E+02  0.3971443E+02  0.2592230E+02  0.7046428E-04 -0.1471213E-04 -0.5105653E-04
Ar  3903  0.5006324E+02  0.3724322E+02  0.2839605E+02 -0.1462155E-04  0.6360515E-04  0.2707560E-04
Ar  3904  0.4759534E+02  0.3969605E+02  0.2844195E+02  0.7478747E-04  0.2072997E-04  0.5949992E-04
Ar  3905  0.4739449E+02  0.3725494E+02  0.3102288E+02  0.3095723E-04 -0.3122666E-04  0.5895593E-04
Ar  3906  0.5005815E+02  0.3963871E+02  0.3093834E+02  0.8558642E-04  0.2437591E-04 -0.4550530E-04
Ar  3907  0.5033401E+02  0.3713977E+02  0.3361287E+02  0.1846803E-04 -0.2758231E-04  0.3775399E-04
Ar  3908  0.4749281E+02  0.3964070E+02  0.3347081E+02  0.3070651E-04  0.4252605E-04  0.1243506E-04
Ar  3909  0.4746053E+02  0.3712794E+02  0.3622833E+02  0.4565467E-04 -0.3337182E-04 -0.4715462E-05
Ar  3910  0.5030066E+02  0.3956569E+02  0.3627383E+02  0.1869134E-04 -0.8675252E-04  0.3414587E-04
Ar  3911  0.5024612E+02  0.3707462E+02  0.3905455E+02  0.1902437E-04  0.3417918E-04 -0.2306137E-04
Ar  3912  0.4748454E+02  0.3958247E+02  0.3872963E+02 -0.1184927E-04 -0.6945721E-04  0.4523866E-04
Ar  3913  0.4741799E+02  0.3713991E+02  0.4143058E+02  0.1693122E-04  0.4512880E-05 -0.1424608E-04
Ar  3914  0.5011684E+02  0.3991133E+02  0.4119542E+02  0.3966718E-04 -0.5351645E-04 -0.6118430E-04
Ar  3915  0.5007956E+02  0.3708800E+02  0.4379833E+02 -0.2369051E-04  0.3612166E-04  0.2512200E-04
Ar  3916  0.4752053E+02  0.3961843E+02  0.4384786E+02  0.2646979E-04  0.3220585E-05  0.5702359E-04
Ar  3917  0.4741725E+02  0.3694828E+02  0.4623546E+02  0.1942073E-04 -0.4212738E-04  0.3435097E-04
Ar  3918  0.4998542E+02  0.3957451E+02  0.4642261E+02  0.1108525E-04 -0.3660079E-05  0.1830115E-04
Ar  3919  0.4975040E+02  0.3708548E+02  0.4880322E+02 -0.3657625E-04  0.6006687E-04  0.2826077E-05
Ar  3920  0.4740868E+02  0.3976988E+02  0.4908996E+02  0.4206656E-04  0.1196536E-05  0.4869488E-04
Ar  3921  0.4752988E+02  0.4238874E+02  0.5331214E-03  0.4007687E-04 -0.5632784E-05 -0.6586216E-04
Ar  3922  0.5001616E+02  0.4485859E+02  0.5145784E+02  0.2520520E-04  0.6136064E-04  0.8668778E-05
Ar  3923  0.4998312E+02  0.4214889E+02  0.2382974E+01 -0.8863215E-04 -0.4162810E-04 -0.5488012E-04
Ar  3924  0.4736007E+02  0.4464955E+02  0.2689917E+01  0.7611177E-04  0.8896402E-05  0.3095731E-04
Ar  3925  0.4729267E+02  0.4210800E+02  0.5241988E+01 -0.7470581E-05  0.4651763E-04  0.2559071E-05
Ar  3926  0.4967544E+02  0.4459297E+02  0.5214881E+01 -0.8148427E-04  0.8831670E-05 -0.1050015E-05
Ar  3927  0.4987707E+02  0.4210810E+02  0.7684444E+01  0.8086984E-05  0.4979073E-04  0.6488528E-05
Ar  3928  0.4713302E+02  0.4473933E+02  0.7650890E+01 -0.8578910E-04 -0.1272978E-04  0.3055995E-05
Ar  3929  0.4706537E+02  0.4208201E+02  0.9918214E+01 -0.4597530E-04 -0.7622212E-04  0.1969525E-04
Ar  3930  0.4992768E+02  0.4491360E+02  0.1021359E+02  0.6260982E-04 -0.6302798E-04  0.2485435E-04
Ar  3931  0.5002139E+02  0.4226822E+02  0.1266975E+02  0.7005805E-04  0.5256040E-04  0.4456472E-04
Ar  3932  0.4729349E+02  0.4468743E+02  0.1269700E+02  0.3252863E-04 -0.4687796E-04 -0.6451217E-05
Ar  3933  0.4737809E+02  0.4218007E+02  0.1554475E+02  0.2580228E-04  0.3377149E-04  0.3872244E-04
Ar  3934  0.4996647E+02  0.4474414E+02  0.1550142E+02 -0.7276986E-04 -0.3104148E-04  0.4788991E-04
Ar  3935  0.5005530E+02  0.4201561E+02  0.1805845E+02 -0.2230359E-04 -0.4412136E-04 -0.6827644E-04
Ar  3936  0.4732648E+02  0.4470117E+02  0.1786364E+02 -0.3652007E-04  0.1071814E-04 -0.2770038E-04
Ar  3937  0.4747249E+02  0.4219937E+02  0.2043411E+02  0.1049502E-04  0.1436456E-04  0.2527384E-06
Ar  3938  0.4986590E+02  0.4463336E+02  0.2038906E+02 -0.1376953E-04  0.2209846E-04  0.1149115E-05
Ar  3939  0.5012146E+02  0.4222253E+02  0.2300594E+02  0.8310983E-04  0.1193270E-04  0.1033095E-03
Ar  3940  0.4756629E+02  0.4486783E+02  0.2314573E+02  0.1432022E-04 -0.5517384E-05  0.9182397E-04
Ar  3941  0.4735432E+02  0.4256917E+02  0.2578711E+02  0.4045487E-04  0.9376541E-04  0.3755494E-04
Ar  3942  0.5013661E+02  0.4477908E+02  0.2577244E+02 -0.1590909E-04 -0.8287452E-05  0.1119874E-03
Ar  3943  0.4998581E+02  0.4215131E+02  0.2828111E+02 -0.2609443E-04 -0.2704170E-04  0.2690502E-04
Ar  3944  0.4756109E+02  0.4486429E+02  0.2846118E+02  0.3419815E-04 -0.5227758E-04 -0.7880606E-04
Ar  3945  0.4753283E+02  0.4214000E+02  0.3118511E+02 -0.1876289E-04 -0.7937433E-04  0.1352583E-04
Ar  3946  0.5013378E+02  0.4474529E+02  0.3089506E+02  0.1072682E-04  0.2354781E-04  0.1117763E-04
Ar  3947  0.4994084E+02  0.4215325E+02  0.3343481E+02  0.6795079E-04  0.6273385E-04 -0.2961843E-04
Ar  3948  0.4740728E+02  0.4468795E+02  0.3350973E+02  0.1178962E-04 -0.3056413E-04  0.1589694E-04
Ar  3949  0.4776718E+02  0.4198766E+02  0.3608594E+02 -0.9268326E-04 -0.6782106E-04 -0.2441161E-05
Ar  3950  0.5006998E+02  0.4471965E+02  0.3590723E+02  0.1194005E-03 -0.1271344E-04 -0.5346887E-04
Ar  3951  0.4991688E+02  0.4223606E+02  0.3876263E+02 -0.3228644E-04 -0.2917378E-04  0.2777488E-04
Ar  3952  0.4756806E+02  0.4505498E+02  0.3886413E+02  0.5398092E-04 -0.1160644E-04 -0.9199019E-05
Ar  3953  0.4735039E+02  0.4233578E+02  0.4147563E+02 -0.6654872E-05 -0.4091812E-04  0.7128013E-04
Ar  3954  0.5001820E+02  0.4493377E+02  0.4137807E+02 -0.4708479E-04  0.3874387E-05 -0.6937906E-04
Ar  3955  0.4982852E+02  0.4218319E+02  0.4391393E+02 -0.1848434E-04  0.3136663E-04 -0.3011074E-04
Ar  3956  0.4744286E+02  0.4498139E+02  0.4393986E+02  0.1167811E-03 -0.2663625E-04  0.1741423E-04
Ar  3957  0.4743818E+02  0.4232235E+02  0.4656069E+02 -0.6036022E-04  0.3662365E-04 -0.1442059E-04
Ar  3958  0.5008303E+02  0.4493261E+02  0.4665446E+02  0.7489561E-05 -0.6896940E-04  0.6523072E-04
Ar  3959  0.4983942E+02  0.4230813E+02  0.4912639E+02  0.4207586E-04 -0.1311819E-04 -0.8537159E-04
Ar  3960  0.4720204E+02  0.4478783E+02  0.4904045E+02  0.7608608E-05 -0.2830407E-04 -0.7531415E-04
Ar  3961  0.4733815E+02  0.4725375E+02  0.5142712E+02  0.1062664E-04 -0.1423606E-04 -0.1691336E-04
Ar  3962  0.4985908E+02  0.4982955E+02  0.1310226E+00  0.3320394E-04  0.2933833E-04  0.1894589E-04
Ar  3963  0.4976238E+02  0.4725577E+02  0.2627499E+01  0.2195678E-04  0.9523545E-04 -0.1219546E-04
Ar  3964  0.4742210E+02  0.4996528E+02  0.2617827E+01 -0.1009180E-04  0.2484887E-04 -0.5101904E-04
Ar  3965  0.4760688E+02  0.4737280E+02  0.5192698E+01  0.1066102E-03 -0.4917401E-04  0.1217358E-04
Ar  3966  0.5006286E+02  0.4996072E+02  0.4963870E+01 -0.1032090E-03  0.2518256E-04 -0.1182012E-03
Ar  3967  0.4998148E+02  0.4715230E+02  0.7568427E+01  0.4308224E-04  0.1887851E-04 -0.4840808E-05
Ar  3968  0.4749791E+02  0.4995430E+02  0.7684410E+01  0.4411925E-05  0.5489501E-04  0.4039430E-04
Ar  3969  0.4708095E+02  0.4736634E+02  0.1029194E+02 -0.2742491E-04  0.6698650E-04 -0.1626174E-04
Ar  3970  0.5008541E+02  0.4990534E+02  0.1045034E+02  0.5546301E-05 -0.1953424E-04 -0.6813951E-05
Ar  3971  0.5004315E+02  0.4737199E+02  0.1269049E+02 -0.6058332E-04 -0.3496346E-04  0.5847747E-05
Ar  3972  0.4742593E+02  0.4993067E+02  0.1276413E+02 -0.3969149E-04 -0.4073611E-04 -0.9310317E-05
Ar  3973  0.4730094E+02  0.4739562E+02  0.1548971E+02  0.2726968E-04  0.4023641E-04 -0.7260095E-04
Ar  3974  0.4977428E+02  0.4985971E+02  0.1515342E+02 -0.3410407E-04 -0.1210956E-03 -0.7008069E-04
Ar  3975  0.4967391E+02  0.4734218E+02  0.1795710E+02  0.4427775E-04 -0.6474052E-04 -0.3345918E-04
Ar  3976  0.4736417E+02  0.5007041E+02  0.1801846E+02  0.1380969E-04  0.3062640E-04 -0.6145046E-04
Ar  3977  0.4743621E+02  0.4747285E+02  0.2084665E+02  0.7888090E-04  0.2204936E-04  0.5732990E-06
Ar  3978  0.5004914E+02  0.4982943E+02  0.2052985E+02  0.7385395E-04 -0.9665201E-04  0.5178467E-05
Ar  3979  0.5021985E+02  0.4727066E+02  0.2309813E+02  0.1283847E-03  0.3174610E-04  0.3849088E-04
Ar  3980  0.4729252E+02  0.4984468E+02  0.2334548E+02  0.4916848E-05 -0.1503293E-04  0.7808194E-05
Ar  3981  0.4746621E+02  0.4720172E+02  0.2590180E+02 -0.2052362E-06  0.2987731E-04  0.1640979E-04
Ar  3982  0.5009799E+02  0.4966697E+02  0.2577863E+02  0.2859786E-04  0.1898165E-04 -0.1297840E-04
Ar  3983  0.5020611E+02  0.4730300E+02  0.2837369E+02 -0.3452544E-04  0.6086132E-04 -0.3703362E-04
Ar  3984  0.4763215E+02  0.4987088E+02  0.2836457E+02  0.3499793E-04  0.2442810E-04  0.1399764E-04
Ar  3985  0.4765999E+02  0.4718113E+02  0.3104911E+02 -0.4704509E-04  0.1309810E-04  0.5718502E-04
Ar  3986  0.5005215E+02  0.4997558E+02  0.3111302E+02 -0.1103763E-04 -0.2517449E-04 -0.2611759E-04
Ar  3987  0.5018738E+02  0.4740074E+02  0.3343202E+02  0.3230512E-04  0.8064377E-04  0.8653657E-04
Ar  3988  0.4762895E+02  0.5013155E+02  0.3361384E+02 -0.5559358E-04  0.9584145E-04 -0.1188470E-03
Ar  3989  0.4762174E+02  0.4712565E+02  0.3617602E+02 -0.3543134E-04  0.6455103E-05 -0.1086958E-04
Ar  3990  0.5023266E+02  0.5035612E+02  0.3629578E+02  0.7038868E-04  0.2085169E-04 -0.1203335E-04
Ar  3991  0.4997704E+02  0.4760146E+02  0.3883129E+02 -0.9917061E-04 -0.8187852E-04 -0.1488523E-04
Ar  3992  0.4770844E+02  0.5011917E+02  0.3855872E+02 -0.6978913E-05  0.7043018E-04 -0.1065167E-04
Ar  3993  0.4722389E+02  0.4755543E+02  0.4134957E+02 -0.7168023E-04 -0.7157432E-04  0.2551098E-04
Ar  3994  0.4991451E+02  0.4999318E+02  0.4127743E+02 -0.4573520E-04 -0.4493179E-04  0.6955938E-04
Ar  3995  0.4993748E+02  0.4751693E+02  0.4384578E+02 -0.1722238E-04 -0.8118048E-04 -0.5489159E-04
Ar  3996  0.4727631E+02  0.4975693E+02  0.4389899E+02  0.2766578E-04  0.3262315E-05 -0.5511248E-04
Ar  3997  0.4737664E+02  0.4734548E+02  0.4649460E+02  0.1283463E-04  0.1578155E-05  0.3200462E-04
Ar  3998  0.4979850E+02  0.4991175E+02  0.4645785E+02  0.6679154E-04  0.4710260E-04 -0.1752929E-04
Ar  3999  0.5009359E+02  0.4744858E+02  0.4927591E+02  0.2701454E-04  0.4945608E-05 -0.5149670E-04
Ar  4000  0.4752412E+02  0.5007658E+02  0.4912206E+02  0.1585221E-04 -0.3796658E-04 -0.3325975E-05
   0.515698989789825E+02   0.000000000000000E+00   0.000000000000000E+00
   0.000000000000000E+00   0.515698989789825E+02   0.000000000000000E+00
   0.000000000000000E+00   0.000000000000000E+00   0.515698989789825E+02
