        4000
Ar     1  0.0000000E+00  0.0000000E+00  0.0000000E+00 -0.2625067E-04 -0.5693753E-04  0.8454907E-04
Ar     2  0.2578495E+01  0.2578495E+01  0.0000000E+00  0.2514656E-04 -0.2491351E-04  0.2443024E-04
Ar     3  0.2578495E+01  0.0000000E+00  0.2578495E+01 -0.2256360E-04 -0.1898181E-04 -0.2735845E-05
Ar     4  0.0000000E+00  0.2578495E+01  0.2578495E+01  0.2458650E-04  0.3282169E-04  0.1791045E-04
Ar     5  0.0000000E+00  0.0000000E+00  0.5156990E+01 -0.8530318E-05  0.3192467E-04  0.1081026E-03
Ar     6  0.2578495E+01  0.2578495E+01  0.5156990E+01 -0.5561797E-04  0.3777414E-04 -0.5562963E-04
Ar     7  0.2578495E+01  0.0000000E+00  0.7735485E+01 -0.1279574E-04 -0.7928296E-05  0.4000645E-04
Ar     8  0.0000000E+00  0.2578495E+01  0.7735485E+01  0.5411754E-04  0.1152631E-03 -0.1321508E-04
Ar     9  0.0000000E+00  0.0000000E+00  0.1031398E+02 -0.1525481E-03  0.1367676E-04 -0.1111214E-03
Ar    10  0.2578495E+01  0.2578495E+01  0.1031398E+02  0.1428797E-04  0.9400332E-04  0.2070506E-04
Ar    11  0.2578495E+01  0.0000000E+00  0.1289247E+02 -0.2388478E-03  0.9572184E-04  0.1228672E-03
Ar    12  0.0000000E+00  0.2578495E+01  0.1289247E+02 -0.6480887E-04  0.2683395E-04  0.1240857E-04
Ar    13  0.0000000E+00  0.0000000E+00  0.1547097E+02  0.9753208E-06 -0.8959506E-04 -0.1618959E-04
Ar    14  0.2578495E+01  0.2578495E+01  0.1547097E+02  0.5032369E-05 -0.8681150E-04 -0.2277988E-04
Ar    15  0.2578495E+01  0.0000000E+00  0.1804946E+02 -0.8126307E-04 -0.2219362E-04 -0.1513193E-04
Ar    16  0.0000000E+00  0.2578495E+01  0.1804946E+02 -0.5807169E-04 -0.1038763E-03  0.4213804E-04
Ar    17  0.0000000E+00  0.0000000E+00  0.2062796E+02 -0.1006273E-04 -0.3544504E-04 -0.1594294E-04
Ar    18  0.2578495E+01  0.2578495E+01  0.2062796E+02  0.1362485E-03  0.1701849E-03  0.2911805E-04
Ar    19  0.2578495E+01  0.0000000E+00  0.2320645E+02  0.9335724E-04  0.8469868E-04 -0.1330260E-04
Ar    20  0.0000000E+00  0.2578495E+01  0.2320645E+02  0.3649075E-04  0.8544629E-04  0.3685938E-04
Ar    21  0.0000000E+00  0.0000000E+00  0.2578495E+02 -0.1031035E-04 -0.1987635E-04  0.3433450E-04
Ar    22  0.2578495E+01  0.2578495E+01  0.2578495E+02  0.1068545E-04 -0.4937267E-04 -0.6401114E-05
Ar    23  0.2578495E+01  0.0000000E+00  0.2836344E+02  0.1123006E-03  0.5929062E-05  0.2822044E-04
Ar    24  0.0000000E+00  0.2578495E+01  0.2836344E+02  0.1069924E-03 -0.1018148E-03 -0.4286683E-05
Ar    25  0.0000000E+00  0.0000000E+00  0.3094194E+02  0.2763130E-04 -0.3928503E-04  0.5983687E-04
Ar    26  0.2578495E+01  0.2578495E+01  0.3094194E+02 -0.8894400E-05 -0.4077021E-04 -0.1233442E-04
Ar    27  0.2578495E+01  0.0000000E+00  0.3352043E+02  0.1985511E-04  0.3187194E-04 -0.7403731E-04
Ar    28  0.0000000E+00  0.2578495E+01  0.3352043E+02  0.3034732E-04 -0.1577279E-05 -0.2218842E-04
Ar    29  0.0000000E+00  0.0000000E+00  0.3609893E+02 -0.1847552E-04 -0.5053604E-04 -0.6810331E-04
Ar    30  0.2578495E+01  0.2578495E+01  0.3609893E+02 -0.4360132E-04  0.5422203E-05 -0.5015054E-04
Ar    31  0.2578495E+01  0.0000000E+00  0.3867742E+02  0.6093991E-04 -0.4672346E-04  0.7826765E-04
Ar    32  0.0000000E+00  0.2578495E+01  0.3867742E+02  0.6293188E-05 -0.1225414E-03 -0.3270508E-04
Ar    33  0.0000000E+00  0.0000000E+00  0.4125592E+02  0.4737590E-04  0.5387888E-04 -0.1593524E-04
Ar    34  0.2578495E+01  0.2578495E+01  0.4125592E+02 -0.4161749E-04  0.1400054E-04  0.1494951E-03
Ar    35  0.2578495E+01  0.0000000E+00  0.4383441E+02  0.4986996E-04 -0.1048841E-04 -0.7573653E-04
Ar    36  0.0000000E+00  0.2578495E+01  0.4383441E+02  0.3664754E-04 -0.6185107E-04  0.1632038E-04
Ar    37  0.0000000E+00  0.0000000E+00  0.4641291E+02 -0.1058044E-04  0.8056278E-04  0.1426285E-03
Ar    38  0.2578495E+01  0.2578495E+01  0.4641291E+02  0.1258764E-04 -0.5409429E-04  0.5315955E-04
Ar    39  0.2578495E+01  0.0000000E+00  0.4899140E+02 -0.3911533E-04  0.7378449E-04  0.1148732E-03
Ar    40  0.0000000E+00  0.2578495E+01  0.4899140E+02  0.9808315E-05  0.1207018E-03  0.1144119E-04
Ar    41  0.0000000E+00  0.5156990E+01  0.0000000E+00 -0.2865060E-04  0.4851552E-04 -0.1396414E-03
Ar    42  0.2578495E+01  0.7735485E+01  0.0000000E+00 -0.1380999E-04  0.8213078E-04 -0.1436972E-04
Ar    43  0.2578495E+01  0.5156990E+01  0.2578495E+01 -0.3728464E-04 -0.1935917E-04 -0.3490409E-04
Ar    44  0.0000000E+00  0.7735485E+01  0.2578495E+01 -0.3819738E-04 -0.3305361E-04 -0.7250055E-05
Ar    45  0.0000000E+00  0.5156990E+01  0.5156990E+01  0.6877249E-04 -0.9726559E-04  0.1638619E-04
Ar    46  0.2578495E+01  0.7735485E+01  0.5156990E+01  0.1383476E-03  0.5148477E-04 -0.8770018E-04
Ar    47  0.2578495E+01  0.5156990E+01  0.7735485E+01  0.9157868E-04 -0.2185640E-04  0.3310571E-04
Ar    48  0.0000000E+00  0.7735485E+01  0.7735485E+01 -0.3515750E-04 -0.4249727E-04 -0.2521447E-04
Ar    49  0.0000000E+00  0.5156990E+01  0.1031398E+02  0.3461339E-04 -0.4367965E-04  0.2432239E-04
Ar    50  0.2578495E+01  0.7735485E+01  0.1031398E+02 -0.5414633E-04 -0.1312385E-03  0.4952206E-05
Ar    51  0.2578495E+01  0.5156990E+01  0.1289247E+02 -0.8735639E-04  0.2955915E-05 -0.5227817E-05
Ar    52  0.0000000E+00  0.7735485E+01  0.1289247E+02 -0.8320074E-04 -0.1481883E-04  0.9995252E-05
Ar    53  0.0000000E+00  0.5156990E+01  0.1547097E+02 -0.3428116E-04  0.2829227E-04  0.1037829E-04
Ar    54  0.2578495E+01  0.7735485E+01  0.1547097E+02 -0.2049537E-04 -0.3103915E-05 -0.2262135E-04
Ar    55  0.2578495E+01  0.5156990E+01  0.1804946E+02 -0.4809965E-04 -0.7301721E-04 -0.4421651E-04
Ar    56  0.0000000E+00  0.7735485E+01  0.1804946E+02 -0.3110006E-04 -0.2550836E-05  0.1243296E-03
Ar    57  0.0000000E+00  0.5156990E+01  0.2062796E+02 -0.3317028E-04  0.4742953E-04  0.1911651E-04
Ar    58  0.2578495E+01  0.7735485E+01  0.2062796E+02 -0.1456175E-04  0.1897623E-04  0.9216891E-06
Ar    59  0.2578495E+01  0.5156990E+01  0.2320645E+02 -0.4020953E-04  0.4882109E-05 -0.1441292E-03
Ar    60  0.0000000E+00  0.7735485E+01  0.2320645E+02  0.1346953E-03 -0.9744690E-04  0.3704822E-04
Ar    61  0.0000000E+00  0.5156990E+01  0.2578495E+02  0.5047240E-04  0.3925424E-04 -0.4832119E-04
Ar    62  0.2578495E+01  0.7735485E+01  0.2578495E+02  0.4616118E-04 -0.4748963E-04  0.1032345E-03
Ar    63  0.2578495E+01  0.5156990E+01  0.2836344E+02 -0.5949730E-04  0.5560141E-04  0.4912482E-04
Ar    64  0.0000000E+00  0.7735485E+01  0.2836344E+02  0.2141409E-04  0.8924000E-04 -0.7515790E-05
Ar    65  0.0000000E+00  0.5156990E+01  0.3094194E+02  0.5898449E-04  0.9635152E-04 -0.5109538E-04
Ar    66  0.2578495E+01  0.7735485E+01  0.3094194E+02  0.2166817E-04 -0.2486357E-04  0.3195935E-04
Ar    67  0.2578495E+01  0.5156990E+01  0.3352043E+02 -0.1001261E-03 -0.3817936E-04  0.4916465E-04
Ar    68  0.0000000E+00  0.7735485E+01  0.3352043E+02  0.8937733E-04 -0.5221709E-04  0.9036935E-05
Ar    69  0.0000000E+00  0.5156990E+01  0.3609893E+02  0.5068372E-04 -0.7437376E-04  0.1311749E-04
Ar    70  0.2578495E+01  0.7735485E+01  0.3609893E+02  0.9663464E-05  0.2791060E-04  0.1174349E-03
Ar    71  0.2578495E+01  0.5156990E+01  0.3867742E+02  0.7971693E-04  0.2281527E-04  0.7340847E-05
Ar    72  0.0000000E+00  0.7735485E+01  0.3867742E+02  0.6093312E-05 -0.3881969E-04  0.3892065E-04
Ar    73  0.0000000E+00  0.5156990E+01  0.4125592E+02  0.4050701E-05  0.1325268E-03  0.3704856E-04
Ar    74  0.2578495E+01  0.7735485E+01  0.4125592E+02 -0.7998986E-05  0.1041923E-03 -0.1060807E-03
Ar    75  0.2578495E+01  0.5156990E+01  0.4383441E+02 -0.1383750E-03  0.8374090E-04  0.1465361E-03
Ar    76  0.0000000E+00  0.7735485E+01  0.4383441E+02 -0.7886727E-04 -0.9476197E-06 -0.6201360E-04
Ar    77  0.0000000E+00  0.5156990E+01  0.4641291E+02 -0.4591020E-04 -0.3275878E-04 -0.5129440E-04
Ar    78  0.2578495E+01  0.7735485E+01  0.4641291E+02 -0.1058204E-04 -0.6602454E-04 -0.2355746E-04
Ar    79  0.2578495E+01  0.5156990E+01  0.4899140E+02 -0.2249103E-04  0.7466773E-04  0.3994760E-04
Ar    80  0.0000000E+00  0.7735485E+01  0.4899140E+02  0.1688422E-05  0.1106674E-03  0.6535523E-04
Ar    81  0.0000000E+00  0.1031398E+02  0.0000000E+00 -0.8387137E-04  0.9768364E-04  0.6200875E-04
Ar    82  0.2578495E+01  0.1289247E+02  0.0000000E+00 -0.5054848E-04 -0.2126541E-04 -0.1821388E-04
Ar    83  0.2578495E+01  0.1031398E+02  0.2578495E+01 -0.3043468E-04 -0.5427133E-05 -0.1090739E-03
Ar    84  0.0000000E+00  0.1289247E+02  0.2578495E+01  0.4707619E-04  0.7189385E-04  0.4159357E-04
Ar    85  0.0000000E+00  0.1031398E+02  0.5156990E+01  0.5461748E-05  0.1784955E-04 -0.1131705E-03
Ar    86  0.2578495E+01  0.1289247E+02  0.5156990E+01 -0.6500144E-04 -0.2328796E-04 -0.2140858E-04
Ar    87  0.2578495E+01  0.1031398E+02  0.7735485E+01 -0.7673925E-04  0.1536842E-04 -0.4465628E-04
Ar    88  0.0000000E+00  0.1289247E+02  0.7735485E+01 -0.7870895E-04 -0.1635867E-04 -0.1496929E-04
Ar    89  0.0000000E+00  0.1031398E+02  0.1031398E+02  0.1887292E-04  0.9840614E-04 -0.1296534E-04
Ar    90  0.2578495E+01  0.1289247E+02  0.1031398E+02  0.1195658E-04 -0.3360432E-04  0.1068687E-03
Ar    91  0.2578495E+01  0.1031398E+02  0.1289247E+02  0.1006423E-03 -0.1317375E-03 -0.9607420E-04
Ar    92  0.0000000E+00  0.1289247E+02  0.1289247E+02  0.9057631E-04 -0.6426324E-04  0.1000160E-03
Ar    93  0.0000000E+00  0.1031398E+02  0.1547097E+02 -0.3967767E-04  0.5287889E-04  0.3804527E-05
Ar    94  0.2578495E+01  0.1289247E+02  0.1547097E+02 -0.1750964E-04  0.9967293E-04  0.3174382E-04
Ar    95  0.2578495E+01  0.1031398E+02  0.1804946E+02 -0.1547657E-04  0.5608891E-04  0.5727920E-05
Ar    96  0.0000000E+00  0.1289247E+02  0.1804946E+02  0.2309410E-04  0.8847553E-04  0.1087118E-04
Ar    97  0.0000000E+00  0.1031398E+02  0.2062796E+02  0.8420795E-04  0.6949099E-04  0.1825030E-04
Ar    98  0.2578495E+01  0.1289247E+02  0.2062796E+02  0.4511085E-04 -0.6093207E-04 -0.6654531E-04
Ar    99  0.2578495E+01  0.1031398E+02  0.2320645E+02  0.8777757E-05  0.2613862E-04  0.9471983E-04
Ar   100  0.0000000E+00  0.1289247E+02  0.2320645E+02 -0.1659946E-04 -0.3950375E-04 -0.5581832E-04
Ar   101  0.0000000E+00  0.1031398E+02  0.2578495E+02  0.2434326E-04  0.3645463E-04  0.1209684E-04
Ar   102  0.2578495E+01  0.1289247E+02  0.2578495E+02 -0.1008983E-03  0.1772460E-05 -0.5635074E-05
Ar   103  0.2578495E+01  0.1031398E+02  0.2836344E+02  0.3380894E-04  0.1205873E-04  0.5580702E-06
Ar   104  0.0000000E+00  0.1289247E+02  0.2836344E+02 -0.1732361E-03 -0.5881876E-04  0.1009640E-04
Ar   105  0.0000000E+00  0.1031398E+02  0.3094194E+02 -0.5552089E-04  0.2494168E-04  0.2450627E-04
Ar   106  0.2578495E+01  0.1289247E+02  0.3094194E+02  0.7926459E-04 -0.1129736E-03  0.6858984E-04
Ar   107  0.2578495E+01  0.1031398E+02  0.3352043E+02  0.8829950E-04  0.3722522E-04  0.1112133E-03
Ar   108  0.0000000E+00  0.1289247E+02  0.3352043E+02  0.1474235E-04  0.1073504E-03  0.8049047E-04
Ar   109  0.0000000E+00  0.1031398E+02  0.3609893E+02  0.5167100E-05  0.5009046E-04  0.2762208E-04
Ar   110  0.2578495E+01  0.1289247E+02  0.3609893E+02 -0.5942406E-04  0.7474740E-04 -0.6730297E-04
Ar   111  0.2578495E+01  0.1031398E+02  0.3867742E+02 -0.1677943E-03  0.5713208E-05  0.3149851E-04
Ar   112  0.0000000E+00  0.1289247E+02  0.3867742E+02  0.3828937E-04  0.3034281E-04  0.2896658E-04
Ar   113  0.0000000E+00  0.1031398E+02  0.4125592E+02  0.6610464E-04 -0.2847178E-04 -0.3893360E-04
Ar   114  0.2578495E+01  0.1289247E+02  0.4125592E+02  0.1474509E-04  0.9386661E-05  0.1410496E-03
Ar   115  0.2578495E+01  0.1031398E+02  0.4383441E+02  0.3795312E-04  0.1266407E-04 -0.3291288E-04
Ar   116  0.0000000E+00  0.1289247E+02  0.4383441E+02 -0.3923421E-04  0.1114553E-03  0.4430513E-05
Ar   117  0.0000000E+00  0.1031398E+02  0.4641291E+02  0.9109444E-04 -0.1122831E-03 -0.1475044E-04
Ar   118  0.2578495E+01  0.1289247E+02  0.4641291E+02 -0.5593577E-05 -0.7445714E-04  0.5328569E-04
Ar   119  0.2578495E+01  0.1031398E+02  0.4899140E+02  0.4655967E-05  0.3805052E-05 -0.7867344E-04
Ar   120  0.0000000E+00  0.1289247E+02  0.4899140E+02 -0.9880474E-04  0.1197040E-03 -0.7642080E-04
Ar   121  0.0000000E+00  0.1547097E+02  0.0000000E+00 -0.3288847E-04  0.2490229E-04  0.6213482E-04
Ar   122  0.2578495E+01  0.1804946E+02  0.0000000E+00  0.4332346E-04 -0.5937188E-04  0.6456118E-04
Ar   123  0.2578495E+01  0.1547097E+02  0.2578495E+01 -0.1859025E-05  0.7472869E-05 -0.2875866E-04
Ar   124  0.0000000E+00  0.1804946E+02  0.2578495E+01  0.9203797E-04 -0.6652356E-04 -0.1155621E-03
Ar   125  0.0000000E+00  0.1547097E+02  0.5156990E+01  0.8334794E-04  0.6689175E-04 -0.2478872E-04
Ar   126  0.2578495E+01  0.1804946E+02  0.5156990E+01  0.2891619E-04  0.1556601E-04  0.9145548E-04
Ar   127  0.2578495E+01  0.1547097E+02  0.7735485E+01  0.3444566E-04 -0.6940293E-04 -0.5947834E-04
Ar   128  0.0000000E+00  0.1804946E+02  0.7735485E+01  0.3678014E-04 -0.9701443E-04 -0.7161456E-04
Ar   129  0.0000000E+00  0.1547097E+02  0.1031398E+02  0.4185660E-04 -0.5236439E-04 -0.4912815E-04
Ar   130  0.2578495E+01  0.1804946E+02  0.1031398E+02  0.9754903E-06 -0.8545217E-05 -0.1552567E-03
Ar   131  0.2578495E+01  0.1547097E+02  0.1289247E+02 -0.8401702E-04 -0.5742880E-04 -0.9062441E-04
Ar   132  0.0000000E+00  0.1804946E+02  0.1289247E+02  0.8678588E-04 -0.6696558E-04  0.3466097E-04
Ar   133  0.0000000E+00  0.1547097E+02  0.1547097E+02  0.4469469E-04  0.4608049E-04  0.2260175E-04
Ar   134  0.2578495E+01  0.1804946E+02  0.1547097E+02  0.1059307E-03 -0.1711809E-04 -0.1654764E-04
Ar   135  0.2578495E+01  0.1547097E+02  0.1804946E+02  0.4352828E-04  0.2141324E-04  0.8650690E-04
Ar   136  0.0000000E+00  0.1804946E+02  0.1804946E+02 -0.4954483E-05 -0.5002518E-04  0.3012134E-04
Ar   137  0.0000000E+00  0.1547097E+02  0.2062796E+02  0.3373345E-04  0.2384584E-04  0.6618534E-04
Ar   138  0.2578495E+01  0.1804946E+02  0.2062796E+02  0.2048400E-04 -0.6752714E-04 -0.7009303E-04
Ar   139  0.2578495E+01  0.1547097E+02  0.2320645E+02 -0.1060441E-03  0.9520015E-04 -0.6387801E-04
Ar   140  0.0000000E+00  0.1804946E+02  0.2320645E+02  0.1036871E-04  0.4779548E-04  0.7609032E-04
Ar   141  0.0000000E+00  0.1547097E+02  0.2578495E+02 -0.1706947E-04  0.6925382E-04 -0.8892855E-04
Ar   142  0.2578495E+01  0.1804946E+02  0.2578495E+02  0.2717007E-04  0.7426782E-04  0.9133663E-04
Ar   143  0.2578495E+01  0.1547097E+02  0.2836344E+02 -0.8800955E-04  0.1758664E-04  0.3542835E-04
Ar   144  0.0000000E+00  0.1804946E+02  0.2836344E+02 -0.1311202E-03 -0.9960793E-04 -0.5195500E-04
Ar   145  0.0000000E+00  0.1547097E+02  0.3094194E+02 -0.1065833E-03  0.3918910E-04 -0.3342604E-04
Ar   146  0.2578495E+01  0.1804946E+02  0.3094194E+02  0.1327988E-04 -0.8410652E-05 -0.4692889E-04
Ar   147  0.2578495E+01  0.1547097E+02  0.3352043E+02  0.7973368E-04 -0.8542611E-04 -0.6113333E-04
Ar   148  0.0000000E+00  0.1804946E+02  0.3352043E+02  0.1104402E-04 -0.1051739E-05  0.8718039E-04
Ar   149  0.0000000E+00  0.1547097E+02  0.3609893E+02  0.1510944E-03  0.2481312E-04  0.3163009E-04
Ar   150  0.2578495E+01  0.1804946E+02  0.3609893E+02  0.5414262E-04  0.5875138E-04 -0.2683501E-04
Ar   151  0.2578495E+01  0.1547097E+02  0.3867742E+02  0.1459990E-03  0.2074239E-04 -0.4142202E-04
Ar   152  0.0000000E+00  0.1804946E+02  0.3867742E+02 -0.4651441E-04  0.1701140E-04 -0.4076230E-05
Ar   153  0.0000000E+00  0.1547097E+02  0.4125592E+02 -0.9807085E-05  0.1097846E-03  0.1960594E-04
Ar   154  0.2578495E+01  0.1804946E+02  0.4125592E+02  0.5728500E-04 -0.1258372E-04 -0.6776616E-04
Ar   155  0.2578495E+01  0.1547097E+02  0.4383441E+02  0.7335769E-04  0.1159714E-04  0.8626900E-04
Ar   156  0.0000000E+00  0.1804946E+02  0.4383441E+02  0.2372777E-04  0.2750158E-04  0.1671718E-04
Ar   157  0.0000000E+00  0.1547097E+02  0.4641291E+02  0.6516353E-04  0.7797433E-04  0.1601594E-04
Ar   158  0.2578495E+01  0.1804946E+02  0.4641291E+02 -0.2254173E-04 -0.3178208E-04  0.6253364E-04
Ar   159  0.2578495E+01  0.1547097E+02  0.4899140E+02 -0.1995957E-04  0.2509382E-04  0.4520736E-04
Ar   160  0.0000000E+00  0.1804946E+02  0.4899140E+02 -0.7852227E-05 -0.5226891E-04  0.1847221E-04
Ar   161  0.0000000E+00  0.2062796E+02  0.0000000E+00  0.1084462E-03 -0.3127445E-04 -0.3957640E-05
Ar   162  0.2578495E+01  0.2320645E+02  0.0000000E+00  0.3471845E-04  0.3513454E-04 -0.1023667E-03
Ar   163  0.2578495E+01  0.2062796E+02  0.2578495E+01  0.2659825E-04  0.8497072E-05  0.9633752E-05
Ar   164  0.0000000E+00  0.2320645E+02  0.2578495E+01  0.1371832E-04 -0.2955384E-04  0.4434324E-04
Ar   165  0.0000000E+00  0.2062796E+02  0.5156990E+01  0.6508275E-04  0.5416583E-04 -0.6951227E-04
Ar   166  0.2578495E+01  0.2320645E+02  0.5156990E+01  0.2168477E-04  0.1212605E-03  0.2855825E-05
Ar   167  0.2578495E+01  0.2062796E+02  0.7735485E+01  0.4785704E-04 -0.2826955E-04 -0.7058804E-05
Ar   168  0.0000000E+00  0.2320645E+02  0.7735485E+01 -0.5377647E-04 -0.6405885E-06 -0.1040138E-03
Ar   169  0.0000000E+00  0.2062796E+02  0.1031398E+02  0.7237237E-04 -0.3744600E-04  0.7781224E-06
Ar   170  0.2578495E+01  0.2320645E+02  0.1031398E+02  0.1668412E-04 -0.2095132E-04 -0.6857220E-04
Ar   171  0.2578495E+01  0.2062796E+02  0.1289247E+02 -0.6787149E-04  0.2030242E-04  0.6554807E-04
Ar   172  0.0000000E+00  0.2320645E+02  0.1289247E+02 -0.2845260E-04  0.3515606E-04 -0.7586843E-04
Ar   173  0.0000000E+00  0.2062796E+02  0.1547097E+02 -0.6742919E-04  0.7141679E-04 -0.5401230E-04
Ar   174  0.2578495E+01  0.2320645E+02  0.1547097E+02 -0.3107288E-04  0.4394831E-04 -0.5326177E-04
Ar   175  0.2578495E+01  0.2062796E+02  0.1804946E+02 -0.3807475E-04 -0.2107304E-04  0.2548766E-05
Ar   176  0.0000000E+00  0.2320645E+02  0.1804946E+02  0.1720817E-05 -0.3966603E-04 -0.5533450E-04
Ar   177  0.0000000E+00  0.2062796E+02  0.2062796E+02  0.9038164E-04  0.9838125E-04  0.8000459E-04
Ar   178  0.2578495E+01  0.2320645E+02  0.2062796E+02  0.3571740E-04  0.7697117E-04  0.2644642E-04
Ar   179  0.2578495E+01  0.2062796E+02  0.2320645E+02 -0.6225880E-04 -0.2172402E-04 -0.5084152E-04
Ar   180  0.0000000E+00  0.2320645E+02  0.2320645E+02 -0.2010803E-04  0.3521210E-04  0.1689168E-05
Ar   181  0.0000000E+00  0.2062796E+02  0.2578495E+02 -0.1436943E-04  0.5148799E-05  0.9575919E-04
Ar   182  0.2578495E+01  0.2320645E+02  0.2578495E+02 -0.1174139E-03 -0.4042304E-04  0.4810629E-04
Ar   183  0.2578495E+01  0.2062796E+02  0.2836344E+02  0.7369642E-04  0.7864884E-05 -0.6192325E-04
Ar   184  0.0000000E+00  0.2320645E+02  0.2836344E+02 -0.3339155E-04 -0.2366677E-04 -0.9746640E-04
Ar   185  0.0000000E+00  0.2062796E+02  0.3094194E+02  0.7361854E-04  0.7146106E-04 -0.7530469E-04
Ar   186  0.2578495E+01  0.2320645E+02  0.3094194E+02  0.1134397E-03 -0.5289516E-05  0.8502346E-05
Ar   187  0.2578495E+01  0.2062796E+02  0.3352043E+02  0.5246228E-04 -0.4549468E-05 -0.2627602E-04
Ar   188  0.0000000E+00  0.2320645E+02  0.3352043E+02 -0.2390865E-04 -0.2020569E-04 -0.1052348E-04
Ar   189  0.0000000E+00  0.2062796E+02  0.3609893E+02 -0.5088805E-04  0.9954944E-04 -0.7837879E-04
Ar   190  0.2578495E+01  0.2320645E+02  0.3609893E+02 -0.2935976E-04 -0.4427425E-04  0.7304098E-04
Ar   191  0.2578495E+01  0.2062796E+02  0.3867742E+02 -0.6078770E-05  0.3805977E-04 -0.1166516E-04
Ar   192  0.0000000E+00  0.2320645E+02  0.3867742E+02 -0.2391106E-04  0.2051080E-04 -0.2338353E-06
Ar   193  0.0000000E+00  0.2062796E+02  0.4125592E+02 -0.4514071E-04  0.8491782E-05 -0.2574247E-04
Ar   194  0.2578495E+01  0.2320645E+02  0.4125592E+02  0.6160077E-04 -0.3606616E-04 -0.4037169E-05
Ar   195  0.2578495E+01  0.2062796E+02  0.4383441E+02 -0.5237605E-04  0.1242894E-03  0.7317580E-04
Ar   196  0.0000000E+00  0.2320645E+02  0.4383441E+02  0.4254910E-04  0.3274224E-04 -0.7558623E-05
Ar   197  0.0000000E+00  0.2062796E+02  0.4641291E+02 -0.8662476E-04  0.5112692E-04 -0.5379573E-04
Ar   198  0.2578495E+01  0.2320645E+02  0.4641291E+02  0.4896273E-05 -0.8504142E-04 -0.3658409E-04
Ar   199  0.2578495E+01  0.2062796E+02  0.4899140E+02 -0.1854170E-04  0.9126729E-04  0.5961129E-04
Ar   200  0.0000000E+00  0.2320645E+02  0.4899140E+02 -0.2434482E-04  0.5967282E-04 -0.2852371E-04
Ar   201  0.0000000E+00  0.2578495E+02  0.0000000E+00 -0.3780751E-04 -0.2407644E-04 -0.7402579E-05
Ar   202  0.2578495E+01  0.2836344E+02  0.0000000E+00 -0.9267112E-04  0.6621567E-04  0.6806825E-05
Ar   203  0.2578495E+01  0.2578495E+02  0.2578495E+01 -0.6292796E-04 -0.5173508E-04  0.6131197E-05
Ar   204  0.0000000E+00  0.2836344E+02  0.2578495E+01 -0.1054314E-03 -0.5629289E-05  0.1233869E-04
Ar   205  0.0000000E+00  0.2578495E+02  0.5156990E+01  0.3972510E-04  0.3626596E-04  0.5599770E-04
Ar   206  0.2578495E+01  0.2836344E+02  0.5156990E+01 -0.9364807E-04  0.3289725E-04 -0.1230017E-03
Ar   207  0.2578495E+01  0.2578495E+02  0.7735485E+01 -0.7043917E-04  0.5168685E-04  0.3012416E-04
Ar   208  0.0000000E+00  0.2836344E+02  0.7735485E+01  0.7503591E-04  0.7434651E-04 -0.2449299E-04
Ar   209  0.0000000E+00  0.2578495E+02  0.1031398E+02  0.8069738E-04  0.6906889E-04  0.4088181E-04
Ar   210  0.2578495E+01  0.2836344E+02  0.1031398E+02  0.1109825E-03 -0.2357140E-04 -0.1197543E-04
Ar   211  0.2578495E+01  0.2578495E+02  0.1289247E+02  0.8592119E-04  0.2391937E-04  0.2264665E-04
Ar   212  0.0000000E+00  0.2836344E+02  0.1289247E+02 -0.1422794E-03  0.7226415E-04  0.3102673E-05
Ar   213  0.0000000E+00  0.2578495E+02  0.1547097E+02  0.4074527E-04  0.8471314E-04 -0.4460236E-04
Ar   214  0.2578495E+01  0.2836344E+02  0.1547097E+02  0.9253943E-04 -0.1588884E-04  0.1014154E-03
Ar   215  0.2578495E+01  0.2578495E+02  0.1804946E+02  0.2591553E-05 -0.3548246E-04 -0.3713011E-04
Ar   216  0.0000000E+00  0.2836344E+02  0.1804946E+02  0.7023881E-04  0.9616777E-05 -0.1070775E-03
Ar   217  0.0000000E+00  0.2578495E+02  0.2062796E+02 -0.9261619E-04  0.7355287E-05 -0.8679839E-04
Ar   218  0.2578495E+01  0.2836344E+02  0.2062796E+02 -0.4909966E-04 -0.3536584E-04 -0.6353471E-04
Ar   219  0.2578495E+01  0.2578495E+02  0.2320645E+02 -0.6560553E-05 -0.1267653E-04 -0.7931684E-04
Ar   220  0.0000000E+00  0.2836344E+02  0.2320645E+02  0.1295113E-04 -0.2878021E-04 -0.9549220E-04
Ar   221  0.0000000E+00  0.2578495E+02  0.2578495E+02  0.2322761E-04 -0.4800434E-04 -0.1442897E-04
Ar   222  0.2578495E+01  0.2836344E+02  0.2578495E+02  0.1129808E-03  0.2349553E-04 -0.2524039E-04
Ar   223  0.2578495E+01  0.2578495E+02  0.2836344E+02  0.5384149E-04  0.2884144E-04 -0.7973026E-05
Ar   224  0.0000000E+00  0.2836344E+02  0.2836344E+02  0.1396824E-03 -0.6762576E-04 -0.1388811E-04
Ar   225  0.0000000E+00  0.2578495E+02  0.3094194E+02  0.6035520E-05  0.2373359E-04 -0.5627541E-05
Ar   226  0.2578495E+01  0.2836344E+02  0.3094194E+02 -0.8062437E-04  0.5707195E-05  0.2691484E-04
Ar   227  0.2578495E+01  0.2578495E+02  0.3352043E+02  0.2980673E-04 -0.6145170E-04 -0.2595640E-04
Ar   228  0.0000000E+00  0.2836344E+02  0.3352043E+02 -0.4633830E-04 -0.4703679E-04  0.8002080E-05
Ar   229  0.0000000E+00  0.2578495E+02  0.3609893E+02  0.4588285E-04  0.3314271E-04  0.1534006E-03
Ar   230  0.2578495E+01  0.2836344E+02  0.3609893E+02  0.2405083E-04 -0.7838737E-06 -0.3277810E-04
Ar   231  0.2578495E+01  0.2578495E+02  0.3867742E+02  0.4479354E-05 -0.8114431E-04  0.6150476E-04
Ar   232  0.0000000E+00  0.2836344E+02  0.3867742E+02 -0.1110372E-04 -0.9770862E-04  0.2186851E-04
Ar   233  0.0000000E+00  0.2578495E+02  0.4125592E+02  0.2300610E-04 -0.8417723E-04 -0.3282736E-04
Ar   234  0.2578495E+01  0.2836344E+02  0.4125592E+02 -0.3682819E-04 -0.1164288E-04  0.8615081E-04
Ar   235  0.2578495E+01  0.2578495E+02  0.4383441E+02 -0.1338946E-03 -0.1231039E-03 -0.4538117E-05
Ar   236  0.0000000E+00  0.2836344E+02  0.4383441E+02 -0.3718438E-04  0.7140544E-04  0.1275923E-03
Ar   237  0.0000000E+00  0.2578495E+02  0.4641291E+02  0.1362072E-04  0.4654122E-04  0.1027378E-04
Ar   238  0.2578495E+01  0.2836344E+02  0.4641291E+02  0.4475566E-04  0.6273264E-04  0.8030200E-04
Ar   239  0.2578495E+01  0.2578495E+02  0.4899140E+02  0.6704333E-04 -0.2203288E-04  0.8962761E-05
Ar   240  0.0000000E+00  0.2836344E+02  0.4899140E+02 -0.1570836E-03  0.5966480E-04  0.4380426E-04
Ar   241  0.0000000E+00  0.3094194E+02  0.0000000E+00 -0.1124759E-03 -0.5849766E-04 -0.2435182E-04
Ar   242  0.2578495E+01  0.3352043E+02  0.0000000E+00 -0.9687773E-04  0.1189575E-03 -0.1755930E-04
Ar   243  0.2578495E+01  0.3094194E+02  0.2578495E+01  0.1002955E-03  0.2148086E-04 -0.3895774E-05
Ar   244  0.0000000E+00  0.3352043E+02  0.2578495E+01 -0.2625275E-04 -0.7220723E-04 -0.1154821E-03
Ar   245  0.0000000E+00  0.3094194E+02  0.5156990E+01 -0.7085656E-05  0.4456559E-04  0.3411691E-04
Ar   246  0.2578495E+01  0.3352043E+02  0.5156990E+01 -0.8769275E-05 -0.1142101E-03 -0.7389650E-04
Ar   247  0.2578495E+01  0.3094194E+02  0.7735485E+01 -0.5567103E-04  0.1297568E-04  0.8169095E-04
Ar   248  0.0000000E+00  0.3352043E+02  0.7735485E+01  0.7875249E-04  0.3558601E-04  0.1203646E-04
Ar   249  0.0000000E+00  0.3094194E+02  0.1031398E+02 -0.2710587E-04 -0.5309518E-04  0.1276430E-03
Ar   250  0.2578495E+01  0.3352043E+02  0.1031398E+02 -0.2008658E-04 -0.5170877E-04  0.1400359E-04
Ar   251  0.2578495E+01  0.3094194E+02  0.1289247E+02  0.1799841E-04  0.5294632E-04  0.8018938E-04
Ar   252  0.0000000E+00  0.3352043E+02  0.1289247E+02  0.5867006E-04 -0.3154423E-05 -0.7826225E-04
Ar   253  0.0000000E+00  0.3094194E+02  0.1547097E+02  0.9245210E-04  0.6182276E-04 -0.2403402E-05
Ar   254  0.2578495E+01  0.3352043E+02  0.1547097E+02 -0.7298264E-04 -0.1037021E-03  0.2218180E-04
Ar   255  0.2578495E+01  0.3094194E+02  0.1804946E+02 -0.9804824E-04 -0.5739755E-04  0.1220317E-04
Ar   256  0.0000000E+00  0.3352043E+02  0.1804946E+02  0.3022135E-04  0.6299129E-04  0.1540634E-04
Ar   257  0.0000000E+00  0.3094194E+02  0.2062796E+02  0.4257337E-04  0.8017453E-04 -0.1053956E-04
Ar   258  0.2578495E+01  0.3352043E+02  0.2062796E+02  0.9676248E-04 -0.3248439E-04  0.1013004E-03
Ar   259  0.2578495E+01  0.3094194E+02  0.2320645E+02  0.5512497E-05 -0.4459551E-04  0.5842847E-04
Ar   260  0.0000000E+00  0.3352043E+02  0.2320645E+02  0.4530154E-04 -0.6437418E-04  0.2758092E-04
Ar   261  0.0000000E+00  0.3094194E+02  0.2578495E+02 -0.6669264E-04 -0.1106391E-04 -0.1540297E-03
Ar   262  0.2578495E+01  0.3352043E+02  0.2578495E+02  0.6780146E-04  0.1673805E-03 -0.1421582E-04
Ar   263  0.2578495E+01  0.3094194E+02  0.2836344E+02 -0.3175940E-04 -0.7744325E-04 -0.6430713E-05
Ar   264  0.0000000E+00  0.3352043E+02  0.2836344E+02 -0.1042732E-03 -0.2742237E-04 -0.4826792E-04
Ar   265  0.0000000E+00  0.3094194E+02  0.3094194E+02  0.1641748E-05  0.3317607E-04  0.4208244E-04
Ar   266  0.2578495E+01  0.3352043E+02  0.3094194E+02 -0.4443883E-04  0.1127096E-03 -0.2744634E-04
Ar   267  0.2578495E+01  0.3094194E+02  0.3352043E+02 -0.3389646E-04 -0.5600415E-04  0.8172031E-04
Ar   268  0.0000000E+00  0.3352043E+02  0.3352043E+02 -0.5048233E-05  0.8062689E-04  0.1111606E-04
Ar   269  0.0000000E+00  0.3094194E+02  0.3609893E+02  0.4109330E-04 -0.3026309E-04  0.6772225E-04
Ar   270  0.2578495E+01  0.3352043E+02  0.3609893E+02  0.3784719E-04  0.8849843E-04  0.4078633E-04
Ar   271  0.2578495E+01  0.3094194E+02  0.3867742E+02 -0.2158197E-04  0.9348586E-04  0.7421583E-04
Ar   272  0.0000000E+00  0.3352043E+02  0.3867742E+02 -0.4786708E-04 -0.1072874E-04  0.3903880E-04
Ar   273  0.0000000E+00  0.3094194E+02  0.4125592E+02  0.1024844E-04  0.5998113E-05  0.3320959E-04
Ar   274  0.2578495E+01  0.3352043E+02  0.4125592E+02  0.1169338E-07  0.7833440E-05  0.2444828E-04
Ar   275  0.2578495E+01  0.3094194E+02  0.4383441E+02 -0.8412806E-04 -0.1201199E-03 -0.1138921E-04
Ar   276  0.0000000E+00  0.3352043E+02  0.4383441E+02 -0.2211706E-04  0.3485657E-04 -0.1803913E-05
Ar   277  0.0000000E+00  0.3094194E+02  0.4641291E+02  0.2612155E-04  0.8598823E-04 -0.7674580E-04
Ar   278  0.2578495E+01  0.3352043E+02  0.4641291E+02  0.1821466E-04  0.5272834E-04  0.7292169E-04
Ar   279  0.2578495E+01  0.3094194E+02  0.4899140E+02  0.6770777E-05 -0.2983493E-04  0.2853100E-04
Ar   280  0.0000000E+00  0.3352043E+02  0.4899140E+02  0.3126899E-04 -0.2105675E-04  0.2679500E-04
Ar   281  0.0000000E+00  0.3609893E+02  0.0000000E+00  0.4472827E-04  0.2160453E-04  0.2904467E-04
Ar   282  0.2578495E+01  0.3867742E+02  0.0000000E+00 -0.1299995E-04  0.1168591E-03 -0.7739296E-04
Ar   283  0.2578495E+01  0.3609893E+02  0.2578495E+01 -0.2900989E-04  0.3501878E-05  0.7374693E-04
Ar   284  0.0000000E+00  0.3867742E+02  0.2578495E+01 -0.1306870E-03  0.9255158E-04  0.1174830E-03
Ar   285  0.0000000E+00  0.3609893E+02  0.5156990E+01  0.3483334E-04  0.1451348E-04  0.3214895E-04
Ar   286  0.2578495E+01  0.3867742E+02  0.5156990E+01 -0.2195873E-04 -0.4910292E-04 -0.1463092E-04
Ar   287  0.2578495E+01  0.3609893E+02  0.7735485E+01 -0.9160414E-04  0.4142832E-05  0.9119169E-05
Ar   288  0.0000000E+00  0.3867742E+02  0.7735485E+01  0.2799823E-04  0.3505267E-04  0.1067319E-03
Ar   289  0.0000000E+00  0.3609893E+02  0.1031398E+02 -0.1347129E-03 -0.2164076E-04  0.3842628E-04
Ar   290  0.2578495E+01  0.3867742E+02  0.1031398E+02  0.5688599E-04  0.9822031E-04 -0.9572800E-04
Ar   291  0.2578495E+01  0.3609893E+02  0.1289247E+02 -0.7004941E-04  0.3794238E-04 -0.6050122E-04
Ar   292  0.0000000E+00  0.3867742E+02  0.1289247E+02  0.2188927E-04 -0.4553501E-04  0.5993167E-04
Ar   293  0.0000000E+00  0.3609893E+02  0.1547097E+02  0.1350626E-05  0.9418974E-05 -0.8768584E-04
Ar   294  0.2578495E+01  0.3867742E+02  0.1547097E+02  0.3750427E-05 -0.4533898E-04  0.8211941E-04
Ar   295  0.2578495E+01  0.3609893E+02  0.1804946E+02  0.5224101E-04 -0.9530652E-04  0.3645735E-04
Ar   296  0.0000000E+00  0.3867742E+02  0.1804946E+02 -0.2811619E-04 -0.5844401E-04  0.1163422E-04
Ar   297  0.0000000E+00  0.3609893E+02  0.2062796E+02  0.7448010E-04  0.9652595E-06 -0.1412571E-03
Ar   298  0.2578495E+01  0.3867742E+02  0.2062796E+02  0.3545926E-04  0.4044473E-04  0.4013352E-04
Ar   299  0.2578495E+01  0.3609893E+02  0.2320645E+02 -0.2873101E-04 -0.2933262E-04  0.4756375E-04
Ar   300  0.0000000E+00  0.3867742E+02  0.2320645E+02 -0.1394601E-04  0.7834614E-04  0.8946731E-04
Ar   301  0.0000000E+00  0.3609893E+02  0.2578495E+02 -0.6125823E-04 -0.4594210E-04 -0.6074098E-04
Ar   302  0.2578495E+01  0.3867742E+02  0.2578495E+02 -0.9232409E-05 -0.6984124E-04 -0.2382121E-04
Ar   303  0.2578495E+01  0.3609893E+02  0.2836344E+02 -0.3260772E-04  0.6839212E-04  0.1856638E-03
Ar   304  0.0000000E+00  0.3867742E+02  0.2836344E+02 -0.1757573E-03  0.6471667E-05 -0.3187913E-05
Ar   305  0.0000000E+00  0.3609893E+02  0.3094194E+02 -0.1575248E-04 -0.3525306E-04  0.6589840E-04
Ar   306  0.2578495E+01  0.3867742E+02  0.3094194E+02 -0.1244309E-04  0.3871769E-05 -0.1089689E-03
Ar   307  0.2578495E+01  0.3609893E+02  0.3352043E+02  0.1514324E-04  0.3342032E-04  0.3346908E-04
Ar   308  0.0000000E+00  0.3867742E+02  0.3352043E+02  0.3937686E-04  0.1082157E-03  0.9160290E-05
Ar   309  0.0000000E+00  0.3609893E+02  0.3609893E+02 -0.2971018E-04 -0.7325333E-04  0.7397629E-04
Ar   310  0.2578495E+01  0.3867742E+02  0.3609893E+02 -0.8423051E-04 -0.6216826E-04  0.1570584E-04
Ar   311  0.2578495E+01  0.3609893E+02  0.3867742E+02  0.4727318E-04 -0.9537443E-04  0.3592254E-04
Ar   312  0.0000000E+00  0.3867742E+02  0.3867742E+02  0.1330435E-03  0.1103604E-04  0.2942495E-04
Ar   313  0.0000000E+00  0.3609893E+02  0.4125592E+02 -0.6391493E-04 -0.9970439E-05 -0.4442443E-04
Ar   314  0.2578495E+01  0.3867742E+02  0.4125592E+02  0.4130109E-05 -0.4382962E-04 -0.7116348E-04
Ar   315  0.2578495E+01  0.3609893E+02  0.4383441E+02  0.5030518E-04  0.7414661E-04 -0.2161762E-04
Ar   316  0.0000000E+00  0.3867742E+02  0.4383441E+02  0.2851392E-04 -0.3172880E-05  0.3933004E-04
Ar   317  0.0000000E+00  0.3609893E+02  0.4641291E+02  0.4061124E-04  0.7057607E-05 -0.5135786E-04
Ar   318  0.2578495E+01  0.3867742E+02  0.4641291E+02  0.5043874E-04 -0.1760140E-04  0.7576790E-05
Ar   319  0.2578495E+01  0.3609893E+02  0.4899140E+02  0.6930993E-04 -0.9846953E-04 -0.6675890E-04
Ar   320  0.0000000E+00  0.3867742E+02  0.4899140E+02  0.2946543E-04 -0.1942225E-04  0.2170817E-04
Ar   321  0.0000000E+00  0.4125592E+02  0.0000000E+00 -0.9367737E-04 -0.2260852E-04 -0.1628199E-05
Ar   322  0.2578495E+01  0.4383441E+02  0.0000000E+00  0.8186800E-05 -0.1605417E-03  0.8993517E-04
Ar   323  0.2578495E+01  0.4125592E+02  0.2578495E+01  0.1399000E-04  0.5296303E-04 -0.7410349E-04
Ar   324  0.0000000E+00  0.4383441E+02  0.2578495E+01  0.4270813E-04 -0.7638259E-04  0.7402119E-04
Ar   325  0.0000000E+00  0.4125592E+02  0.5156990E+01  0.2993043E-04 -0.7536907E-05  0.7496435E-05
Ar   326  0.2578495E+01  0.4383441E+02  0.5156990E+01  0.1369286E-03 -0.8516700E-04 -0.4370066E-04
Ar   327  0.2578495E+01  0.4125592E+02  0.7735485E+01 -0.9031600E-04 -0.5032149E-05 -0.3009255E-04
Ar   328  0.0000000E+00  0.4383441E+02  0.7735485E+01 -0.5261255E-04 -0.8242477E-04 -0.7195059E-05
Ar   329  0.0000000E+00  0.4125592E+02  0.1031398E+02  0.4622686E-04 -0.1817881E-04 -0.5097629E-04
Ar   330  0.2578495E+01  0.4383441E+02  0.1031398E+02 -0.5062233E-06  0.6387664E-04  0.3207323E-04
Ar   331  0.2578495E+01  0.4125592E+02  0.1289247E+02 -0.4499838E-04 -0.4876381E-04 -0.6481424E-04
Ar   332  0.0000000E+00  0.4383441E+02  0.1289247E+02 -0.5836897E-05 -0.3753667E-04 -0.6105997E-04
Ar   333  0.0000000E+00  0.4125592E+02  0.1547097E+02  0.8918563E-05 -0.1089735E-03  0.5969561E-04
Ar   334  0.2578495E+01  0.4383441E+02  0.1547097E+02 -0.5171312E-04  0.5558216E-04  0.7777817E-05
Ar   335  0.2578495E+01  0.4125592E+02  0.1804946E+02 -0.6479621E-04 -0.7087714E-04  0.4527182E-04
Ar   336  0.0000000E+00  0.4383441E+02  0.1804946E+02  0.3321024E-04 -0.1383726E-03  0.1165973E-03
Ar   337  0.0000000E+00  0.4125592E+02  0.2062796E+02 -0.2775432E-04  0.5540425E-04  0.1404960E-05
Ar   338  0.2578495E+01  0.4383441E+02  0.2062796E+02 -0.7169054E-04 -0.6524519E-04 -0.3692847E-04
Ar   339  0.2578495E+01  0.4125592E+02  0.2320645E+02  0.2180470E-04 -0.7253364E-04 -0.1052950E-03
Ar   340  0.0000000E+00  0.4383441E+02  0.2320645E+02  0.2032942E-04 -0.2233243E-04  0.6740106E-04
Ar   341  0.0000000E+00  0.4125592E+02  0.2578495E+02  0.2542282E-04  0.1030644E-03  0.1324252E-03
Ar   342  0.2578495E+01  0.4383441E+02  0.2578495E+02  0.5316857E-04  0.2469436E-04 -0.2061154E-04
Ar   343  0.2578495E+01  0.4125592E+02  0.2836344E+02 -0.1015534E-03 -0.3436528E-04  0.5206236E-04
Ar   344  0.0000000E+00  0.4383441E+02  0.2836344E+02  0.8152687E-04  0.3783222E-04  0.1352669E-04
Ar   345  0.0000000E+00  0.4125592E+02  0.3094194E+02 -0.1739534E-04 -0.3982549E-05  0.8525159E-05
Ar   346  0.2578495E+01  0.4383441E+02  0.3094194E+02  0.6151123E-04 -0.7138606E-05  0.1240817E-03
Ar   347  0.2578495E+01  0.4125592E+02  0.3352043E+02  0.8475349E-04  0.1724691E-03 -0.3371889E-04
Ar   348  0.0000000E+00  0.4383441E+02  0.3352043E+02  0.7316798E-04  0.4955866E-04 -0.3953888E-05
Ar   349  0.0000000E+00  0.4125592E+02  0.3609893E+02  0.4829828E-04 -0.7492198E-04 -0.5404102E-04
Ar   350  0.2578495E+01  0.4383441E+02  0.3609893E+02 -0.1121213E-04 -0.3253520E-05  0.5226422E-04
Ar   351  0.2578495E+01  0.4125592E+02  0.3867742E+02 -0.3740141E-04 -0.1025535E-03 -0.1798258E-03
Ar   352  0.0000000E+00  0.4383441E+02  0.3867742E+02  0.1051624E-03 -0.5546300E-04 -0.1717476E-04
Ar   353  0.0000000E+00  0.4125592E+02  0.4125592E+02 -0.3568250E-04 -0.2894872E-04 -0.3391328E-04
Ar   354  0.2578495E+01  0.4383441E+02  0.4125592E+02  0.7386547E-04 -0.4440245E-04  0.1491198E-04
Ar   355  0.2578495E+01  0.4125592E+02  0.4383441E+02  0.1406162E-05  0.1290734E-03  0.2211664E-04
Ar   356  0.0000000E+00  0.4383441E+02  0.4383441E+02 -0.3437782E-04 -0.4967358E-04  0.3088909E-04
Ar   357  0.0000000E+00  0.4125592E+02  0.4641291E+02 -0.1362281E-04 -0.5918937E-04 -0.1909651E-04
Ar   358  0.2578495E+01  0.4383441E+02  0.4641291E+02 -0.6443493E-04  0.1923619E-04 -0.5558967E-04
Ar   359  0.2578495E+01  0.4125592E+02  0.4899140E+02 -0.6301917E-04 -0.2974856E-04  0.4214706E-05
Ar   360  0.0000000E+00  0.4383441E+02  0.4899140E+02  0.1995099E-04 -0.2154007E-04  0.4440436E-04
Ar   361  0.0000000E+00  0.4641291E+02  0.0000000E+00  0.3526089E-04 -0.8836610E-04  0.4009150E-04
Ar   362  0.2578495E+01  0.4899140E+02  0.0000000E+00 -0.6217249E-04  0.1257087E-05 -0.5867388E-04
Ar   363  0.2578495E+01  0.4641291E+02  0.2578495E+01 -0.4542277E-04  0.5917715E-04 -0.9258783E-04
Ar   364  0.0000000E+00  0.4899140E+02  0.2578495E+01 -0.6033541E-04 -0.2382826E-04  0.1324776E-03
Ar   365  0.0000000E+00  0.4641291E+02  0.5156990E+01 -0.2689189E-04 -0.1628360E-04 -0.1101513E-04
Ar   366  0.2578495E+01  0.4899140E+02  0.5156990E+01 -0.2791511E-04 -0.2865710E-04  0.1514985E-03
Ar   367  0.2578495E+01  0.4641291E+02  0.7735485E+01  0.1589610E-04 -0.8439065E-05 -0.9799982E-04
Ar   368  0.0000000E+00  0.4899140E+02  0.7735485E+01  0.1016811E-03  0.7756081E-04  0.8703824E-04
Ar   369  0.0000000E+00  0.4641291E+02  0.1031398E+02 -0.6608030E-04 -0.5512738E-04 -0.5498743E-04
Ar   370  0.2578495E+01  0.4899140E+02  0.1031398E+02 -0.7680182E-04 -0.7255937E-05 -0.5910435E-04
Ar   371  0.2578495E+01  0.4641291E+02  0.1289247E+02 -0.6935695E-04 -0.5706249E-04  0.4537114E-04
Ar   372  0.0000000E+00  0.4899140E+02  0.1289247E+02 -0.7282857E-04 -0.7653375E-04  0.5150166E-04
Ar   373  0.0000000E+00  0.4641291E+02  0.1547097E+02 -0.4387892E-04 -0.4806333E-04  0.1218251E-03
Ar   374  0.2578495E+01  0.4899140E+02  0.1547097E+02 -0.3039756E-04  0.3188731E-04  0.5920583E-04
Ar   375  0.2578495E+01  0.4641291E+02  0.1804946E+02 -0.6953317E-06  0.9084917E-06 -0.4831086E-04
Ar   376  0.0000000E+00  0.4899140E+02  0.1804946E+02  0.8430490E-06  0.6253655E-04 -0.5281133E-04
Ar   377  0.0000000E+00  0.4641291E+02  0.2062796E+02 -0.3713414E-04  0.4343974E-04 -0.6678680E-05
Ar   378  0.2578495E+01  0.4899140E+02  0.2062796E+02 -0.2343546E-04  0.8306734E-04 -0.2481179E-05
Ar   379  0.2578495E+01  0.4641291E+02  0.2320645E+02 -0.1887601E-05  0.2605370E-04  0.4229786E-04
Ar   380  0.0000000E+00  0.4899140E+02  0.2320645E+02 -0.3302499E-04  0.7377658E-04  0.2221012E-04
Ar   381  0.0000000E+00  0.4641291E+02  0.2578495E+02 -0.6981426E-04  0.5934161E-04 -0.9695185E-04
Ar   382  0.2578495E+01  0.4899140E+02  0.2578495E+02  0.6919787E-04 -0.6276070E-05  0.1319824E-04
Ar   383  0.2578495E+01  0.4641291E+02  0.2836344E+02 -0.9424304E-04  0.1067934E-04 -0.9552488E-05
Ar   384  0.0000000E+00  0.4899140E+02  0.2836344E+02 -0.4823886E-05 -0.3242654E-04 -0.9619992E-04
Ar   385  0.0000000E+00  0.4641291E+02  0.3094194E+02 -0.4482277E-04  0.2504223E-05  0.1900985E-03
Ar   386  0.2578495E+01  0.4899140E+02  0.3094194E+02  0.7913743E-04 -0.2603606E-04 -0.4632809E-04
Ar   387  0.2578495E+01  0.4641291E+02  0.3352043E+02 -0.2812556E-04 -0.5131957E-04 -0.8638696E-04
Ar   388  0.0000000E+00  0.4899140E+02  0.3352043E+02 -0.6996841E-04 -0.5605571E-04 -0.1186016E-03
Ar   389  0.0000000E+00  0.4641291E+02  0.3609893E+02  0.5558231E-04 -0.6174118E-04  0.8944142E-05
Ar   390  0.2578495E+01  0.4899140E+02  0.3609893E+02 -0.8742484E-04 -0.4449696E-04  0.2654766E-04
Ar   391  0.2578495E+01  0.4641291E+02  0.3867742E+02 -0.5567931E-04 -0.8120185E-04  0.3511248E-04
Ar   392  0.0000000E+00  0.4899140E+02  0.3867742E+02  0.3113863E-04 -0.4938542E-04  0.5510416E-04
Ar   393  0.0000000E+00  0.4641291E+02  0.4125592E+02  0.5207305E-04 -0.3234807E-04  0.1064704E-03
Ar   394  0.2578495E+01  0.4899140E+02  0.4125592E+02 -0.2846786E-04  0.4988133E-04 -0.3602591E-04
Ar   395  0.2578495E+01  0.4641291E+02  0.4383441E+02  0.5181652E-04  0.5781695E-04  0.2368953E-04
Ar   396  0.0000000E+00  0.4899140E+02  0.4383441E+02  0.7766114E-04 -0.2847730E-05 -0.1113243E-03
Ar   397  0.0000000E+00  0.4641291E+02  0.4641291E+02 -0.4830393E-04 -0.7389241E-04 -0.1441802E-04
Ar   398  0.2578495E+01  0.4899140E+02  0.4641291E+02 -0.5507548E-04  0.2729681E-04  0.9575288E-04
Ar   399  0.2578495E+01  0.4641291E+02  0.4899140E+02  0.5191997E-04  0.5416452E-04 -0.4008361E-04
Ar   400  0.0000000E+00  0.4899140E+02  0.4899140E+02  0.1374580E-03  0.8222130E-05  0.1337437E-04
Ar   401  0.5156990E+01  0.0000000E+00  0.0000000E+00 -0.7803998E-04 -0.1308749E-03 -0.1765288E-03
Ar   402  0.7735485E+01  0.2578495E+01  0.0000000E+00  0.1084424E-04  0.9181178E-04  0.9685527E-04
Ar   403  0.7735485E+01  0.0000000E+00  0.2578495E+01  0.4721415E-05  0.1577787E-05  0.2583826E-04
Ar   404  0.5156990E+01  0.2578495E+01  0.2578495E+01  0.1275010E-04 -0.1415860E-05 -0.4643577E-05
Ar   405  0.5156990E+01  0.0000000E+00  0.5156990E+01  0.9458868E-04  0.8477976E-04 -0.4968452E-04
Ar   406  0.7735485E+01  0.2578495E+01  0.5156990E+01  0.9691754E-04 -0.9611060E-04 -0.4385588E-04
Ar   407  0.7735485E+01  0.0000000E+00  0.7735485E+01 -0.1382190E-03 -0.4996131E-04  0.3967168E-04
Ar   408  0.5156990E+01  0.2578495E+01  0.7735485E+01  0.5780680E-04 -0.5469272E-04  0.1195053E-04
Ar   409  0.5156990E+01  0.0000000E+00  0.1031398E+02 -0.1917017E-04 -0.7974521E-04  0.2988934E-04
Ar   410  0.7735485E+01  0.2578495E+01  0.1031398E+02  0.2492775E-04  0.6400248E-04  0.7260294E-04
Ar   411  0.7735485E+01  0.0000000E+00  0.1289247E+02  0.5161931E-04 -0.2031564E-04 -0.1489143E-04
Ar   412  0.5156990E+01  0.2578495E+01  0.1289247E+02 -0.2817406E-04 -0.1330276E-03  0.5317520E-04
Ar   413  0.5156990E+01  0.0000000E+00  0.1547097E+02 -0.7818342E-05  0.1192906E-03  0.1197635E-03
Ar   414  0.7735485E+01  0.2578495E+01  0.1547097E+02  0.2336226E-04  0.2914760E-04  0.6050772E-05
Ar   415  0.7735485E+01  0.0000000E+00  0.1804946E+02 -0.1060565E-04  0.8835815E-04  0.1285340E-05
Ar   416  0.5156990E+01  0.2578495E+01  0.1804946E+02 -0.2146685E-04  0.1025509E-03 -0.7444259E-04
Ar   417  0.5156990E+01  0.0000000E+00  0.2062796E+02 -0.2074440E-04  0.3330320E-05  0.1025856E-03
Ar   418  0.7735485E+01  0.2578495E+01  0.2062796E+02 -0.1231325E-03  0.2780585E-04 -0.2554818E-04
Ar   419  0.7735485E+01  0.0000000E+00  0.2320645E+02 -0.2405291E-04 -0.3478992E-04 -0.9485024E-04
Ar   420  0.5156990E+01  0.2578495E+01  0.2320645E+02  0.4518745E-05 -0.8321461E-04 -0.7319254E-04
Ar   421  0.5156990E+01  0.0000000E+00  0.2578495E+02  0.1304306E-03 -0.1004502E-04  0.1800222E-04
Ar   422  0.7735485E+01  0.2578495E+01  0.2578495E+02 -0.1644241E-04  0.4685828E-04 -0.1133426E-03
Ar   423  0.7735485E+01  0.0000000E+00  0.2836344E+02 -0.8764608E-04  0.8278124E-04  0.8577772E-04
Ar   424  0.5156990E+01  0.2578495E+01  0.2836344E+02 -0.3125540E-04  0.1227308E-03  0.2008061E-03
Ar   425  0.5156990E+01  0.0000000E+00  0.3094194E+02 -0.6222838E-05 -0.4690476E-04  0.2795793E-04
Ar   426  0.7735485E+01  0.2578495E+01  0.3094194E+02  0.3617382E-04  0.5532415E-04 -0.1531582E-04
Ar   427  0.7735485E+01  0.0000000E+00  0.3352043E+02  0.4827678E-04  0.9247968E-04  0.8450147E-05
Ar   428  0.5156990E+01  0.2578495E+01  0.3352043E+02 -0.1089479E-04 -0.7082102E-04 -0.1399558E-03
Ar   429  0.5156990E+01  0.0000000E+00  0.3609893E+02  0.6826610E-04  0.2064173E-04  0.4165164E-04
Ar   430  0.7735485E+01  0.2578495E+01  0.3609893E+02  0.2207385E-06  0.1460661E-03  0.3554336E-04
Ar   431  0.7735485E+01  0.0000000E+00  0.3867742E+02 -0.1969644E-04 -0.7838013E-04 -0.1237900E-03
Ar   432  0.5156990E+01  0.2578495E+01  0.3867742E+02 -0.5125410E-04 -0.6651587E-04 -0.2991736E-04
Ar   433  0.5156990E+01  0.0000000E+00  0.4125592E+02 -0.1172605E-03 -0.4915129E-04  0.9885478E-05
Ar   434  0.7735485E+01  0.2578495E+01  0.4125592E+02  0.3283449E-04  0.1017561E-04 -0.4311305E-05
Ar   435  0.7735485E+01  0.0000000E+00  0.4383441E+02 -0.8420983E-04 -0.8007741E-05  0.9013558E-04
Ar   436  0.5156990E+01  0.2578495E+01  0.4383441E+02 -0.6235498E-04 -0.2184204E-04  0.1975273E-04
Ar   437  0.5156990E+01  0.0000000E+00  0.4641291E+02  0.1807732E-03 -0.1113905E-03  0.5885748E-04
Ar   438  0.7735485E+01  0.2578495E+01  0.4641291E+02  0.3378954E-04 -0.3042682E-04  0.5354900E-05
Ar   439  0.7735485E+01  0.0000000E+00  0.4899140E+02 -0.1730913E-04 -0.8809845E-05 -0.4703710E-04
Ar   440  0.5156990E+01  0.2578495E+01  0.4899140E+02 -0.4960577E-04  0.7869958E-04 -0.4499623E-04
Ar   441  0.5156990E+01  0.5156990E+01  0.0000000E+00 -0.1696320E-03  0.2875771E-04 -0.7753251E-04
Ar   442  0.7735485E+01  0.7735485E+01  0.0000000E+00 -0.6474689E-04  0.8228211E-04  0.1677092E-04
Ar   443  0.7735485E+01  0.5156990E+01  0.2578495E+01  0.2168262E-04  0.7498400E-04  0.4769929E-04
Ar   444  0.5156990E+01  0.7735485E+01  0.2578495E+01  0.8303744E-04  0.6048416E-04 -0.1982323E-03
Ar   445  0.5156990E+01  0.5156990E+01  0.5156990E+01  0.6619466E-04  0.1925705E-03 -0.6523927E-04
Ar   446  0.7735485E+01  0.7735485E+01  0.5156990E+01 -0.1022912E-03  0.4158324E-04  0.5821142E-04
Ar   447  0.7735485E+01  0.5156990E+01  0.7735485E+01 -0.9136037E-04  0.5622731E-04  0.9175274E-04
Ar   448  0.5156990E+01  0.7735485E+01  0.7735485E+01 -0.8137308E-04  0.2150038E-05 -0.1802946E-03
Ar   449  0.5156990E+01  0.5156990E+01  0.1031398E+02  0.6535893E-04 -0.3910604E-04 -0.6263354E-04
Ar   450  0.7735485E+01  0.7735485E+01  0.1031398E+02  0.4641432E-04 -0.8101043E-05  0.6292045E-06
Ar   451  0.7735485E+01  0.5156990E+01  0.1289247E+02  0.8472403E-05  0.1331583E-05 -0.4356161E-04
Ar   452  0.5156990E+01  0.7735485E+01  0.1289247E+02 -0.7099274E-04 -0.5979146E-04  0.4225931E-04
Ar   453  0.5156990E+01  0.5156990E+01  0.1547097E+02  0.5751780E-05 -0.7465293E-04 -0.1332376E-04
Ar   454  0.7735485E+01  0.7735485E+01  0.1547097E+02 -0.9446978E-04  0.1153321E-03  0.3458085E-04
Ar   455  0.7735485E+01  0.5156990E+01  0.1804946E+02 -0.1112549E-04  0.1649411E-04 -0.1182785E-03
Ar   456  0.5156990E+01  0.7735485E+01  0.1804946E+02 -0.9887915E-04 -0.2340740E-04  0.1491502E-04
Ar   457  0.5156990E+01  0.5156990E+01  0.2062796E+02 -0.1513155E-04  0.2795331E-04 -0.6568525E-04
Ar   458  0.7735485E+01  0.7735485E+01  0.2062796E+02 -0.8188318E-04  0.2077616E-06 -0.9395519E-05
Ar   459  0.7735485E+01  0.5156990E+01  0.2320645E+02 -0.7544249E-05 -0.1963490E-04 -0.5945816E-04
Ar   460  0.5156990E+01  0.7735485E+01  0.2320645E+02 -0.2998079E-05  0.4696380E-04 -0.4085683E-04
Ar   461  0.5156990E+01  0.5156990E+01  0.2578495E+02 -0.4188011E-04  0.2945810E-04  0.6799251E-04
Ar   462  0.7735485E+01  0.7735485E+01  0.2578495E+02  0.6876308E-04 -0.3537101E-04  0.2274381E-04
Ar   463  0.7735485E+01  0.5156990E+01  0.2836344E+02  0.1035146E-03  0.3122568E-04 -0.9239724E-04
Ar   464  0.5156990E+01  0.7735485E+01  0.2836344E+02 -0.4552314E-04 -0.7409208E-04 -0.4310516E-04
Ar   465  0.5156990E+01  0.5156990E+01  0.3094194E+02  0.5239363E-04  0.3877777E-04 -0.1181179E-03
Ar   466  0.7735485E+01  0.7735485E+01  0.3094194E+02  0.6750475E-04  0.9139369E-04 -0.1775042E-04
Ar   467  0.7735485E+01  0.5156990E+01  0.3352043E+02  0.9347264E-04 -0.1061035E-03 -0.1175511E-03
Ar   468  0.5156990E+01  0.7735485E+01  0.3352043E+02 -0.2695937E-04 -0.7046777E-04 -0.5983117E-04
Ar   469  0.5156990E+01  0.5156990E+01  0.3609893E+02  0.1621384E-04  0.3680464E-04 -0.7967252E-04
Ar   470  0.7735485E+01  0.7735485E+01  0.3609893E+02  0.4579716E-04 -0.1372244E-03 -0.8312677E-04
Ar   471  0.7735485E+01  0.5156990E+01  0.3867742E+02  0.6271566E-04 -0.4398193E-04 -0.5272899E-04
Ar   472  0.5156990E+01  0.7735485E+01  0.3867742E+02 -0.6947818E-05 -0.2126513E-04  0.9511137E-04
Ar   473  0.5156990E+01  0.5156990E+01  0.4125592E+02 -0.9097162E-04 -0.7983382E-04 -0.1167707E-03
Ar   474  0.7735485E+01  0.7735485E+01  0.4125592E+02 -0.1916926E-04  0.7460860E-04  0.2148183E-04
Ar   475  0.7735485E+01  0.5156990E+01  0.4383441E+02  0.7649214E-04 -0.1894501E-04  0.1160238E-03
Ar   476  0.5156990E+01  0.7735485E+01  0.4383441E+02  0.6991531E-04 -0.4167293E-04  0.1239439E-03
Ar   477  0.5156990E+01  0.5156990E+01  0.4641291E+02 -0.6510579E-04  0.6889753E-04  0.5428612E-04
Ar   478  0.7735485E+01  0.7735485E+01  0.4641291E+02  0.5449021E-04 -0.9789739E-04 -0.7124074E-04
Ar   479  0.7735485E+01  0.5156990E+01  0.4899140E+02  0.6223479E-04  0.4104569E-04 -0.4155128E-04
Ar   480  0.5156990E+01  0.7735485E+01  0.4899140E+02 -0.8236700E-04 -0.1959230E-04  0.5010619E-04
Ar   481  0.5156990E+01  0.1031398E+02  0.0000000E+00 -0.1341003E-04 -0.9738089E-04  0.4969502E-04
Ar   482  0.7735485E+01  0.1289247E+02  0.0000000E+00 -0.8350738E-04  0.8037928E-04 -0.2948063E-04
Ar   483  0.7735485E+01  0.1031398E+02  0.2578495E+01 -0.8853759E-04  0.5988203E-04 -0.5885180E-04
Ar   484  0.5156990E+01  0.1289247E+02  0.2578495E+01 -0.3423648E-04  0.3000337E-04 -0.2529524E-04
Ar   485  0.5156990E+01  0.1031398E+02  0.5156990E+01 -0.1065114E-06 -0.9949098E-04  0.4386592E-04
Ar   486  0.7735485E+01  0.1289247E+02  0.5156990E+01 -0.3786591E-04  0.8115301E-04  0.2372567E-04
Ar   487  0.7735485E+01  0.1031398E+02  0.7735485E+01  0.4128860E-04 -0.1471820E-04  0.1751370E-04
Ar   488  0.5156990E+01  0.1289247E+02  0.7735485E+01  0.1810342E-04  0.5906473E-04 -0.7930253E-04
Ar   489  0.5156990E+01  0.1031398E+02  0.1031398E+02 -0.8791323E-04 -0.1013956E-03  0.1429801E-03
Ar   490  0.7735485E+01  0.1289247E+02  0.1031398E+02  0.8011601E-04  0.8617821E-04 -0.7146990E-04
Ar   491  0.7735485E+01  0.1031398E+02  0.1289247E+02 -0.7399755E-05  0.1091958E-03  0.1886307E-04
Ar   492  0.5156990E+01  0.1289247E+02  0.1289247E+02 -0.5496956E-04  0.8994108E-04  0.2994315E-04
Ar   493  0.5156990E+01  0.1031398E+02  0.1547097E+02  0.1037279E-03  0.1583959E-03 -0.1391502E-03
Ar   494  0.7735485E+01  0.1289247E+02  0.1547097E+02  0.1776881E-04  0.2503828E-04 -0.6524137E-04
Ar   495  0.7735485E+01  0.1031398E+02  0.1804946E+02  0.4993667E-04 -0.1387415E-04 -0.4511382E-04
Ar   496  0.5156990E+01  0.1289247E+02  0.1804946E+02 -0.4324188E-04 -0.6525465E-04  0.1580222E-04
Ar   497  0.5156990E+01  0.1031398E+02  0.2062796E+02  0.2488784E-04 -0.7453066E-04  0.6934969E-04
Ar   498  0.7735485E+01  0.1289247E+02  0.2062796E+02 -0.7888510E-04  0.5549626E-04 -0.2935689E-04
Ar   499  0.7735485E+01  0.1031398E+02  0.2320645E+02 -0.2895347E-04  0.5855569E-04 -0.2508315E-04
Ar   500  0.5156990E+01  0.1289247E+02  0.2320645E+02  0.3174394E-04  0.1448371E-03  0.6982036E-04
Ar   501  0.5156990E+01  0.1031398E+02  0.2578495E+02 -0.8833961E-05 -0.7204919E-04  0.3413907E-04
Ar   502  0.7735485E+01  0.1289247E+02  0.2578495E+02  0.2451860E-04 -0.3141240E-04 -0.3022389E-04
Ar   503  0.7735485E+01  0.1031398E+02  0.2836344E+02  0.7593621E-04  0.2995746E-04 -0.2817316E-04
Ar   504  0.5156990E+01  0.1289247E+02  0.2836344E+02  0.1095084E-04  0.2869368E-04 -0.7843698E-04
Ar   505  0.5156990E+01  0.1031398E+02  0.3094194E+02  0.5393118E-04 -0.6382189E-04  0.6964384E-04
Ar   506  0.7735485E+01  0.1289247E+02  0.3094194E+02 -0.3583982E-04 -0.9951494E-05  0.7752331E-04
Ar   507  0.7735485E+01  0.1031398E+02  0.3352043E+02 -0.3852640E-04  0.4035546E-04 -0.1916209E-05
Ar   508  0.5156990E+01  0.1289247E+02  0.3352043E+02  0.4390316E-05  0.8002296E-04  0.1218292E-04
Ar   509  0.5156990E+01  0.1031398E+02  0.3609893E+02  0.6744696E-04 -0.3753792E-04  0.7533748E-04
Ar   510  0.7735485E+01  0.1289247E+02  0.3609893E+02  0.1193129E-05 -0.4456186E-04 -0.3551511E-04
Ar   511  0.7735485E+01  0.1031398E+02  0.3867742E+02  0.4105546E-04 -0.3541937E-04 -0.1119654E-03
Ar   512  0.5156990E+01  0.1289247E+02  0.3867742E+02  0.1537494E-04 -0.2048923E-04  0.9381780E-04
Ar   513  0.5156990E+01  0.1031398E+02  0.4125592E+02 -0.4921667E-04 -0.3785496E-04  0.6611447E-04
Ar   514  0.7735485E+01  0.1289247E+02  0.4125592E+02 -0.4060967E-04  0.2464732E-04  0.1348875E-03
Ar   515  0.7735485E+01  0.1031398E+02  0.4383441E+02  0.3358214E-04 -0.2106460E-04  0.8429803E-05
Ar   516  0.5156990E+01  0.1289247E+02  0.4383441E+02  0.8706946E-04  0.4202096E-04 -0.2833162E-04
Ar   517  0.5156990E+01  0.1031398E+02  0.4641291E+02  0.1429167E-03 -0.5877710E-04 -0.8479506E-04
Ar   518  0.7735485E+01  0.1289247E+02  0.4641291E+02  0.5095305E-05  0.4236439E-05  0.1939270E-04
Ar   519  0.7735485E+01  0.1031398E+02  0.4899140E+02 -0.5301671E-04 -0.1224033E-03  0.1696539E-04
Ar   520  0.5156990E+01  0.1289247E+02  0.4899140E+02  0.2093779E-04  0.1787452E-04 -0.8058232E-04
Ar   521  0.5156990E+01  0.1547097E+02  0.0000000E+00 -0.2894668E-04  0.2577964E-04 -0.5180060E-04
Ar   522  0.7735485E+01  0.1804946E+02  0.0000000E+00  0.7042518E-04 -0.3544305E-04  0.2586344E-05
Ar   523  0.7735485E+01  0.1547097E+02  0.2578495E+01 -0.2989031E-04 -0.1041233E-03  0.3201735E-04
Ar   524  0.5156990E+01  0.1804946E+02  0.2578495E+01 -0.5594930E-04 -0.1441392E-04  0.5320410E-04
Ar   525  0.5156990E+01  0.1547097E+02  0.5156990E+01  0.1069575E-03  0.5356599E-04 -0.5436543E-06
Ar   526  0.7735485E+01  0.1804946E+02  0.5156990E+01 -0.3397541E-04 -0.2086415E-05  0.1659059E-04
Ar   527  0.7735485E+01  0.1547097E+02  0.7735485E+01  0.8752490E-04  0.3922716E-04  0.9534668E-04
Ar   528  0.5156990E+01  0.1804946E+02  0.7735485E+01 -0.3017231E-04 -0.3989960E-04  0.9152270E-05
Ar   529  0.5156990E+01  0.1547097E+02  0.1031398E+02 -0.2658543E-04 -0.9721170E-04  0.5650851E-04
Ar   530  0.7735485E+01  0.1804946E+02  0.1031398E+02  0.6749896E-04  0.5832596E-04 -0.5491878E-04
Ar   531  0.7735485E+01  0.1547097E+02  0.1289247E+02 -0.4912235E-04  0.5558484E-04  0.6342062E-04
Ar   532  0.5156990E+01  0.1804946E+02  0.1289247E+02  0.1067403E-03 -0.4902652E-04 -0.4792417E-04
Ar   533  0.5156990E+01  0.1547097E+02  0.1547097E+02 -0.7168227E-04  0.3893321E-04 -0.1653664E-03
Ar   534  0.7735485E+01  0.1804946E+02  0.1547097E+02 -0.8826027E-04  0.2848184E-04 -0.5197641E-04
Ar   535  0.7735485E+01  0.1547097E+02  0.1804946E+02 -0.1962336E-04 -0.9179109E-04  0.2776532E-04
Ar   536  0.5156990E+01  0.1804946E+02  0.1804946E+02 -0.4637791E-04 -0.3466517E-04  0.3183048E-04
Ar   537  0.5156990E+01  0.1547097E+02  0.2062796E+02 -0.7030814E-04  0.2489612E-04 -0.3740533E-04
Ar   538  0.7735485E+01  0.1804946E+02  0.2062796E+02  0.9967264E-04  0.2881767E-04  0.7997245E-04
Ar   539  0.7735485E+01  0.1547097E+02  0.2320645E+02 -0.1977551E-04  0.3796855E-04  0.5175529E-04
Ar   540  0.5156990E+01  0.1804946E+02  0.2320645E+02  0.1268105E-04  0.1202371E-04  0.7221578E-04
Ar   541  0.5156990E+01  0.1547097E+02  0.2578495E+02 -0.1251440E-03  0.2589780E-04  0.1155549E-03
Ar   542  0.7735485E+01  0.1804946E+02  0.2578495E+02  0.2582779E-04 -0.6672800E-04  0.4582178E-04
Ar   543  0.7735485E+01  0.1547097E+02  0.2836344E+02 -0.9837216E-04  0.2244868E-04  0.7775340E-04
Ar   544  0.5156990E+01  0.1804946E+02  0.2836344E+02 -0.1175433E-03  0.4175865E-04  0.2373779E-04
Ar   545  0.5156990E+01  0.1547097E+02  0.3094194E+02  0.4419307E-04 -0.8949603E-04  0.1111905E-03
Ar   546  0.7735485E+01  0.1804946E+02  0.3094194E+02 -0.4597609E-04  0.9851684E-04 -0.1225419E-03
Ar   547  0.7735485E+01  0.1547097E+02  0.3352043E+02 -0.5819328E-04  0.3136085E-04 -0.5466128E-04
Ar   548  0.5156990E+01  0.1804946E+02  0.3352043E+02 -0.1106532E-03 -0.5917869E-04 -0.4474984E-04
Ar   549  0.5156990E+01  0.1547097E+02  0.3609893E+02 -0.2671547E-04 -0.5038052E-04  0.1234529E-04
Ar   550  0.7735485E+01  0.1804946E+02  0.3609893E+02 -0.2805696E-04 -0.1581300E-04 -0.4653555E-04
Ar   551  0.7735485E+01  0.1547097E+02  0.3867742E+02 -0.4933589E-04  0.3420918E-04 -0.7322214E-04
Ar   552  0.5156990E+01  0.1804946E+02  0.3867742E+02  0.2238911E-04  0.8411406E-04  0.3488591E-04
Ar   553  0.5156990E+01  0.1547097E+02  0.4125592E+02  0.7690108E-04 -0.3031269E-04  0.1252504E-05
Ar   554  0.7735485E+01  0.1804946E+02  0.4125592E+02  0.1298568E-03 -0.1345580E-03 -0.1057642E-04
Ar   555  0.7735485E+01  0.1547097E+02  0.4383441E+02  0.2659689E-04  0.6752697E-04  0.1775796E-04
Ar   556  0.5156990E+01  0.1804946E+02  0.4383441E+02 -0.8933036E-05  0.2269166E-04 -0.2102714E-04
Ar   557  0.5156990E+01  0.1547097E+02  0.4641291E+02 -0.6799107E-04  0.4000007E-05  0.5214292E-04
Ar   558  0.7735485E+01  0.1804946E+02  0.4641291E+02 -0.6648679E-05  0.4654127E-05 -0.1831940E-04
Ar   559  0.7735485E+01  0.1547097E+02  0.4899140E+02  0.4187795E-04  0.5248835E-04 -0.7357592E-04
Ar   560  0.5156990E+01  0.1804946E+02  0.4899140E+02  0.3913489E-04  0.8413944E-04 -0.7228568E-04
Ar   561  0.5156990E+01  0.2062796E+02  0.0000000E+00  0.6862985E-04 -0.4263100E-04 -0.3263589E-04
Ar   562  0.7735485E+01  0.2320645E+02  0.0000000E+00 -0.1093447E-04  0.3756124E-04 -0.9808841E-05
Ar   563  0.7735485E+01  0.2062796E+02  0.2578495E+01  0.6509639E-04 -0.1432867E-04  0.7391452E-04
Ar   564  0.5156990E+01  0.2320645E+02  0.2578495E+01  0.3199951E-04  0.9833061E-04  0.5749800E-04
Ar   565  0.5156990E+01  0.2062796E+02  0.5156990E+01  0.1396020E-04  0.3029061E-04  0.6286745E-04
Ar   566  0.7735485E+01  0.2320645E+02  0.5156990E+01 -0.1091207E-03  0.3472898E-04 -0.4343184E-04
Ar   567  0.7735485E+01  0.2062796E+02  0.7735485E+01  0.1472759E-03 -0.4797908E-05  0.2593997E-04
Ar   568  0.5156990E+01  0.2320645E+02  0.7735485E+01  0.4228244E-04 -0.4957520E-04  0.1687777E-03
Ar   569  0.5156990E+01  0.2062796E+02  0.1031398E+02 -0.3749192E-05 -0.3391941E-04  0.1598550E-05
Ar   570  0.7735485E+01  0.2320645E+02  0.1031398E+02 -0.4851084E-04 -0.5340752E-04  0.3932715E-04
Ar   571  0.7735485E+01  0.2062796E+02  0.1289247E+02  0.1549598E-03  0.5040152E-04 -0.1190421E-03
Ar   572  0.5156990E+01  0.2320645E+02  0.1289247E+02 -0.3258672E-04  0.9003854E-04 -0.8383438E-04
Ar   573  0.5156990E+01  0.2062796E+02  0.1547097E+02  0.2261400E-04  0.5603273E-04 -0.3854764E-04
Ar   574  0.7735485E+01  0.2320645E+02  0.1547097E+02  0.1459030E-04  0.6294524E-04 -0.1664485E-04
Ar   575  0.7735485E+01  0.2062796E+02  0.1804946E+02 -0.1263669E-03 -0.3973772E-04 -0.2886517E-04
Ar   576  0.5156990E+01  0.2320645E+02  0.1804946E+02  0.4126175E-05  0.1716227E-04  0.1126412E-03
Ar   577  0.5156990E+01  0.2062796E+02  0.2062796E+02  0.1053636E-03 -0.1742743E-04  0.7186851E-04
Ar   578  0.7735485E+01  0.2320645E+02  0.2062796E+02  0.1103754E-03  0.2808837E-04 -0.1453797E-04
Ar   579  0.7735485E+01  0.2062796E+02  0.2320645E+02 -0.9982492E-04  0.1495422E-04  0.2957829E-04
Ar   580  0.5156990E+01  0.2320645E+02  0.2320645E+02 -0.1366180E-03  0.3078182E-04 -0.1707444E-06
Ar   581  0.5156990E+01  0.2062796E+02  0.2578495E+02  0.4777974E-04 -0.2071162E-04 -0.4898598E-04
Ar   582  0.7735485E+01  0.2320645E+02  0.2578495E+02  0.7342139E-04  0.1185930E-04 -0.1183651E-03
Ar   583  0.7735485E+01  0.2062796E+02  0.2836344E+02  0.4103020E-04 -0.6307176E-04  0.6613539E-04
Ar   584  0.5156990E+01  0.2320645E+02  0.2836344E+02 -0.3697036E-04 -0.5626726E-04 -0.3673980E-04
Ar   585  0.5156990E+01  0.2062796E+02  0.3094194E+02 -0.2479222E-04  0.6824681E-04  0.3963790E-04
Ar   586  0.7735485E+01  0.2320645E+02  0.3094194E+02 -0.1029844E-03  0.4686141E-04  0.9075913E-04
Ar   587  0.7735485E+01  0.2062796E+02  0.3352043E+02  0.6229670E-04  0.5036648E-04  0.2415816E-04
Ar   588  0.5156990E+01  0.2320645E+02  0.3352043E+02 -0.3203675E-05 -0.5759198E-04 -0.3598620E-04
Ar   589  0.5156990E+01  0.2062796E+02  0.3609893E+02  0.3812310E-04  0.5251074E-04  0.8646171E-04
Ar   590  0.7735485E+01  0.2320645E+02  0.3609893E+02  0.6354982E-04 -0.5850195E-04  0.1506957E-05
Ar   591  0.7735485E+01  0.2062796E+02  0.3867742E+02 -0.8869041E-04 -0.9988530E-04  0.1152485E-04
Ar   592  0.5156990E+01  0.2320645E+02  0.3867742E+02  0.4410915E-04  0.1980719E-04 -0.3712507E-05
Ar   593  0.5156990E+01  0.2062796E+02  0.4125592E+02  0.9612985E-04  0.3259897E-04  0.5201018E-04
Ar   594  0.7735485E+01  0.2320645E+02  0.4125592E+02  0.1284269E-03 -0.3337349E-04 -0.8355253E-04
Ar   595  0.7735485E+01  0.2062796E+02  0.4383441E+02 -0.6674667E-04  0.8847430E-04  0.1278202E-03
Ar   596  0.5156990E+01  0.2320645E+02  0.4383441E+02  0.1617281E-05  0.8854765E-04  0.3887373E-04
Ar   597  0.5156990E+01  0.2062796E+02  0.4641291E+02 -0.1847751E-04 -0.1370394E-03 -0.3779151E-04
Ar   598  0.7735485E+01  0.2320645E+02  0.4641291E+02 -0.8655776E-04  0.1871361E-04  0.1397350E-04
Ar   599  0.7735485E+01  0.2062796E+02  0.4899140E+02 -0.2002378E-04  0.7707236E-04 -0.1237001E-03
Ar   600  0.5156990E+01  0.2320645E+02  0.4899140E+02 -0.4016848E-05 -0.8799906E-04 -0.3974265E-04
Ar   601  0.5156990E+01  0.2578495E+02  0.0000000E+00 -0.1131446E-04 -0.3097392E-04 -0.1418609E-03
Ar   602  0.7735485E+01  0.2836344E+02  0.0000000E+00 -0.4450402E-04 -0.5015632E-04 -0.3694930E-04
Ar   603  0.7735485E+01  0.2578495E+02  0.2578495E+01 -0.2498502E-04 -0.1751037E-04 -0.1489992E-04
Ar   604  0.5156990E+01  0.2836344E+02  0.2578495E+01  0.3340436E-05  0.1041584E-05  0.8815570E-04
Ar   605  0.5156990E+01  0.2578495E+02  0.5156990E+01 -0.1232857E-04 -0.2814869E-04  0.3177115E-04
Ar   606  0.7735485E+01  0.2836344E+02  0.5156990E+01 -0.4478749E-04 -0.1154342E-04 -0.7891784E-04
Ar   607  0.7735485E+01  0.2578495E+02  0.7735485E+01 -0.4963086E-04 -0.6585082E-04 -0.2663799E-04
Ar   608  0.5156990E+01  0.2836344E+02  0.7735485E+01 -0.1980823E-04  0.6492720E-04 -0.1155494E-04
Ar   609  0.5156990E+01  0.2578495E+02  0.1031398E+02 -0.8907725E-04 -0.1180251E-03  0.3106824E-04
Ar   610  0.7735485E+01  0.2836344E+02  0.1031398E+02  0.1192362E-03 -0.1323775E-04 -0.7291862E-04
Ar   611  0.7735485E+01  0.2578495E+02  0.1289247E+02  0.1006571E-03 -0.8098372E-04 -0.1586806E-03
Ar   612  0.5156990E+01  0.2836344E+02  0.1289247E+02  0.6118631E-05  0.4506931E-06  0.2810223E-05
Ar   613  0.5156990E+01  0.2578495E+02  0.1547097E+02  0.2134358E-05 -0.8857408E-04 -0.8934202E-04
Ar   614  0.7735485E+01  0.2836344E+02  0.1547097E+02 -0.6824409E-05  0.9293252E-04 -0.5794354E-05
Ar   615  0.7735485E+01  0.2578495E+02  0.1804946E+02  0.1726458E-04 -0.6820430E-04  0.6531593E-04
Ar   616  0.5156990E+01  0.2836344E+02  0.1804946E+02  0.2126171E-04  0.4197553E-04 -0.2226728E-04
Ar   617  0.5156990E+01  0.2578495E+02  0.2062796E+02  0.8110791E-04 -0.4604039E-04  0.2308079E-05
Ar   618  0.7735485E+01  0.2836344E+02  0.2062796E+02 -0.1811626E-06 -0.2979776E-04  0.5584970E-04
Ar   619  0.7735485E+01  0.2578495E+02  0.2320645E+02  0.1938255E-04  0.2102921E-04 -0.7099725E-04
Ar   620  0.5156990E+01  0.2836344E+02  0.2320645E+02  0.1866772E-04  0.2500069E-04  0.6677178E-04
Ar   621  0.5156990E+01  0.2578495E+02  0.2578495E+02 -0.2774862E-04 -0.6944226E-04 -0.1518119E-04
Ar   622  0.7735485E+01  0.2836344E+02  0.2578495E+02  0.1105386E-04 -0.2177369E-04 -0.2012795E-04
Ar   623  0.7735485E+01  0.2578495E+02  0.2836344E+02  0.2082440E-04 -0.2006342E-04 -0.5939439E-04
Ar   624  0.5156990E+01  0.2836344E+02  0.2836344E+02  0.1096700E-04 -0.1170811E-04 -0.6391495E-05
Ar   625  0.5156990E+01  0.2578495E+02  0.3094194E+02 -0.1093857E-03  0.1313566E-04 -0.9876334E-04
Ar   626  0.7735485E+01  0.2836344E+02  0.3094194E+02  0.7572719E-04 -0.5196507E-04 -0.6793135E-04
Ar   627  0.7735485E+01  0.2578495E+02  0.3352043E+02  0.4627922E-04  0.5177420E-04 -0.5060670E-04
Ar   628  0.5156990E+01  0.2836344E+02  0.3352043E+02 -0.3664387E-04  0.6753669E-04  0.6689062E-04
Ar   629  0.5156990E+01  0.2578495E+02  0.3609893E+02 -0.2180792E-04  0.3849143E-04  0.4493762E-04
Ar   630  0.7735485E+01  0.2836344E+02  0.3609893E+02 -0.1990513E-05 -0.5161510E-04  0.7114991E-05
Ar   631  0.7735485E+01  0.2578495E+02  0.3867742E+02 -0.2546905E-04  0.4006290E-04 -0.1346909E-03
Ar   632  0.5156990E+01  0.2836344E+02  0.3867742E+02 -0.1278155E-03 -0.7911771E-04 -0.5697314E-04
Ar   633  0.5156990E+01  0.2578495E+02  0.4125592E+02 -0.3865684E-04  0.1912369E-04  0.5304733E-04
Ar   634  0.7735485E+01  0.2836344E+02  0.4125592E+02 -0.1754222E-04  0.4926752E-04  0.1106021E-04
Ar   635  0.7735485E+01  0.2578495E+02  0.4383441E+02 -0.1340071E-03  0.2243542E-04 -0.2568215E-04
Ar   636  0.5156990E+01  0.2836344E+02  0.4383441E+02  0.1446427E-04 -0.4336786E-04  0.8825057E-04
Ar   637  0.5156990E+01  0.2578495E+02  0.4641291E+02  0.4833642E-04  0.1964323E-04 -0.9802689E-04
Ar   638  0.7735485E+01  0.2836344E+02  0.4641291E+02 -0.9699096E-05  0.2648717E-04 -0.6728406E-04
Ar   639  0.7735485E+01  0.2578495E+02  0.4899140E+02  0.3150121E-04  0.2024786E-04 -0.5971464E-04
Ar   640  0.5156990E+01  0.2836344E+02  0.4899140E+02  0.1487665E-04 -0.3536548E-04  0.5671953E-04
Ar   641  0.5156990E+01  0.3094194E+02  0.0000000E+00  0.1648277E-03 -0.1031188E-03  0.2763847E-04
Ar   642  0.7735485E+01  0.3352043E+02  0.0000000E+00 -0.2818722E-04 -0.1409241E-03 -0.1862973E-04
Ar   643  0.7735485E+01  0.3094194E+02  0.2578495E+01  0.5754106E-04  0.7057326E-05 -0.5413706E-04
Ar   644  0.5156990E+01  0.3352043E+02  0.2578495E+01 -0.4612294E-04  0.1111468E-03 -0.1050585E-04
Ar   645  0.5156990E+01  0.3094194E+02  0.5156990E+01 -0.3930013E-04  0.1004326E-04 -0.8433547E-04
Ar   646  0.7735485E+01  0.3352043E+02  0.5156990E+01  0.3933809E-04 -0.2939127E-04  0.1762466E-05
Ar   647  0.7735485E+01  0.3094194E+02  0.7735485E+01 -0.3633594E-04 -0.7266956E-05  0.2242691E-04
Ar   648  0.5156990E+01  0.3352043E+02  0.7735485E+01 -0.8729350E-05  0.2781183E-04  0.9925698E-05
Ar   649  0.5156990E+01  0.3094194E+02  0.1031398E+02  0.1031810E-04  0.8518984E-04  0.1685168E-03
Ar   650  0.7735485E+01  0.3352043E+02  0.1031398E+02 -0.1039494E-04 -0.1448207E-03 -0.4432946E-04
Ar   651  0.7735485E+01  0.3094194E+02  0.1289247E+02  0.2252261E-04  0.4567823E-04 -0.4234581E-04
Ar   652  0.5156990E+01  0.3352043E+02  0.1289247E+02 -0.3222388E-04  0.3391722E-04  0.7503570E-04
Ar   653  0.5156990E+01  0.3094194E+02  0.1547097E+02  0.1632520E-04 -0.8350756E-04 -0.8694086E-04
Ar   654  0.7735485E+01  0.3352043E+02  0.1547097E+02 -0.1235155E-03  0.9034575E-05  0.7003045E-04
Ar   655  0.7735485E+01  0.3094194E+02  0.1804946E+02 -0.1137741E-03  0.1025988E-03  0.5277855E-04
Ar   656  0.5156990E+01  0.3352043E+02  0.1804946E+02  0.5813294E-04  0.6762907E-06  0.5420245E-05
Ar   657  0.5156990E+01  0.3094194E+02  0.2062796E+02 -0.6145926E-04  0.1749854E-04 -0.1905351E-04
Ar   658  0.7735485E+01  0.3352043E+02  0.2062796E+02 -0.4447680E-04 -0.2193035E-06  0.3836049E-04
Ar   659  0.7735485E+01  0.3094194E+02  0.2320645E+02 -0.6354817E-04 -0.4860917E-04 -0.4778211E-07
Ar   660  0.5156990E+01  0.3352043E+02  0.2320645E+02  0.4678219E-04 -0.6314847E-04  0.2105420E-04
Ar   661  0.5156990E+01  0.3094194E+02  0.2578495E+02 -0.1311535E-04  0.1120608E-04 -0.5797246E-04
Ar   662  0.7735485E+01  0.3352043E+02  0.2578495E+02 -0.2145854E-04  0.8608570E-04 -0.3436398E-04
Ar   663  0.7735485E+01  0.3094194E+02  0.2836344E+02 -0.5966177E-04 -0.7109655E-04 -0.1472280E-04
Ar   664  0.5156990E+01  0.3352043E+02  0.2836344E+02  0.1964621E-04 -0.3901380E-04 -0.1001296E-03
Ar   665  0.5156990E+01  0.3094194E+02  0.3094194E+02  0.6798527E-04  0.7952022E-04 -0.1895516E-04
Ar   666  0.7735485E+01  0.3352043E+02  0.3094194E+02  0.5148433E-04  0.4659752E-04  0.2148798E-04
Ar   667  0.7735485E+01  0.3094194E+02  0.3352043E+02 -0.2308065E-04  0.4857197E-04 -0.2341508E-04
Ar   668  0.5156990E+01  0.3352043E+02  0.3352043E+02 -0.9997662E-05  0.3529145E-04  0.1222948E-03
Ar   669  0.5156990E+01  0.3094194E+02  0.3609893E+02  0.8597578E-04 -0.2735233E-04  0.1775339E-04
Ar   670  0.7735485E+01  0.3352043E+02  0.3609893E+02  0.3753686E-04 -0.1643449E-04  0.7795619E-04
Ar   671  0.7735485E+01  0.3094194E+02  0.3867742E+02 -0.4781898E-04  0.9711673E-04  0.3366259E-04
Ar   672  0.5156990E+01  0.3352043E+02  0.3867742E+02  0.2458454E-05 -0.4806533E-04  0.7006753E-04
Ar   673  0.5156990E+01  0.3094194E+02  0.4125592E+02  0.1519868E-04 -0.2589046E-03 -0.8441197E-04
Ar   674  0.7735485E+01  0.3352043E+02  0.4125592E+02  0.2276285E-04 -0.2220939E-04 -0.1023018E-04
Ar   675  0.7735485E+01  0.3094194E+02  0.4383441E+02  0.7683125E-04 -0.4577567E-04  0.2838845E-04
Ar   676  0.5156990E+01  0.3352043E+02  0.4383441E+02 -0.2578054E-04 -0.1579985E-04 -0.8804824E-04
Ar   677  0.5156990E+01  0.3094194E+02  0.4641291E+02 -0.2439304E-04  0.3109282E-04 -0.1614509E-03
Ar   678  0.7735485E+01  0.3352043E+02  0.4641291E+02 -0.1256229E-04  0.4086648E-04  0.4374770E-04
Ar   679  0.7735485E+01  0.3094194E+02  0.4899140E+02  0.6285150E-05  0.7995796E-04  0.7366689E-04
Ar   680  0.5156990E+01  0.3352043E+02  0.4899140E+02  0.3764995E-04 -0.1200185E-04  0.8408329E-04
Ar   681  0.5156990E+01  0.3609893E+02  0.0000000E+00  0.7004550E-04 -0.3305963E-04  0.1109739E-03
Ar   682  0.7735485E+01  0.3867742E+02  0.0000000E+00 -0.2308026E-04  0.8134442E-04  0.1570260E-04
Ar   683  0.7735485E+01  0.3609893E+02  0.2578495E+01  0.1821685E-04  0.5898457E-04 -0.9104860E-04
Ar   684  0.5156990E+01  0.3867742E+02  0.2578495E+01  0.5107794E-06  0.1006572E-03  0.5813767E-04
Ar   685  0.5156990E+01  0.3609893E+02  0.5156990E+01  0.2756728E-06  0.1532207E-04  0.4353723E-04
Ar   686  0.7735485E+01  0.3867742E+02  0.5156990E+01  0.2358293E-04 -0.9096258E-04 -0.8683460E-04
Ar   687  0.7735485E+01  0.3609893E+02  0.7735485E+01 -0.8947841E-04  0.3916972E-04  0.2935603E-04
Ar   688  0.5156990E+01  0.3867742E+02  0.7735485E+01  0.1216453E-03  0.1889561E-04 -0.4419206E-04
Ar   689  0.5156990E+01  0.3609893E+02  0.1031398E+02 -0.4434909E-04  0.1326512E-03  0.5650792E-04
Ar   690  0.7735485E+01  0.3867742E+02  0.1031398E+02 -0.2773807E-04  0.2843206E-04  0.1453278E-04
Ar   691  0.7735485E+01  0.3609893E+02  0.1289247E+02  0.1807539E-04  0.4670639E-04 -0.5994468E-04
Ar   692  0.5156990E+01  0.3867742E+02  0.1289247E+02 -0.6605897E-04  0.3200460E-04 -0.3122405E-04
Ar   693  0.5156990E+01  0.3609893E+02  0.1547097E+02 -0.8621651E-05 -0.6077313E-04  0.9938756E-05
Ar   694  0.7735485E+01  0.3867742E+02  0.1547097E+02  0.2965529E-04 -0.2973204E-04 -0.9895179E-04
Ar   695  0.7735485E+01  0.3609893E+02  0.1804946E+02 -0.6481983E-04 -0.3351593E-04 -0.8209470E-05
Ar   696  0.5156990E+01  0.3867742E+02  0.1804946E+02  0.1149780E-04  0.2023554E-04 -0.1523471E-03
Ar   697  0.5156990E+01  0.3609893E+02  0.2062796E+02 -0.4985014E-04 -0.6061291E-04 -0.1812061E-04
Ar   698  0.7735485E+01  0.3867742E+02  0.2062796E+02  0.1153741E-03 -0.5013077E-04 -0.9204906E-06
Ar   699  0.7735485E+01  0.3609893E+02  0.2320645E+02  0.9072101E-04  0.4299025E-05  0.1786818E-04
Ar   700  0.5156990E+01  0.3867742E+02  0.2320645E+02  0.1495027E-05 -0.5868167E-04  0.9486449E-04
Ar   701  0.5156990E+01  0.3609893E+02  0.2578495E+02  0.1075169E-03 -0.2593441E-04 -0.7443811E-04
Ar   702  0.7735485E+01  0.3867742E+02  0.2578495E+02  0.2375683E-04  0.3498033E-04 -0.4175038E-04
Ar   703  0.7735485E+01  0.3609893E+02  0.2836344E+02  0.1664534E-04 -0.3963674E-04  0.1637746E-04
Ar   704  0.5156990E+01  0.3867742E+02  0.2836344E+02  0.1272736E-03  0.6839822E-04 -0.6645573E-04
Ar   705  0.5156990E+01  0.3609893E+02  0.3094194E+02 -0.3451789E-04  0.4999589E-04  0.1071777E-03
Ar   706  0.7735485E+01  0.3867742E+02  0.3094194E+02 -0.2788829E-04 -0.3630395E-04 -0.7321915E-04
Ar   707  0.7735485E+01  0.3609893E+02  0.3352043E+02  0.3897107E-04  0.2789520E-04  0.1652859E-04
Ar   708  0.5156990E+01  0.3867742E+02  0.3352043E+02  0.1028664E-04  0.3876461E-04  0.1100996E-03
Ar   709  0.5156990E+01  0.3609893E+02  0.3609893E+02 -0.2521559E-04  0.3992629E-04  0.1935277E-04
Ar   710  0.7735485E+01  0.3867742E+02  0.3609893E+02  0.2212131E-04  0.4884260E-04 -0.1291647E-03
Ar   711  0.7735485E+01  0.3609893E+02  0.3867742E+02 -0.2016798E-05 -0.1017881E-04  0.2470109E-04
Ar   712  0.5156990E+01  0.3867742E+02  0.3867742E+02  0.6246742E-04  0.9338266E-05 -0.4765465E-04
Ar   713  0.5156990E+01  0.3609893E+02  0.4125592E+02  0.5610147E-04 -0.1170565E-03  0.6381275E-04
Ar   714  0.7735485E+01  0.3867742E+02  0.4125592E+02  0.4745724E-04  0.1046856E-04 -0.8745576E-04
Ar   715  0.7735485E+01  0.3609893E+02  0.4383441E+02  0.2149479E-04 -0.5853275E-04  0.9724867E-04
Ar   716  0.5156990E+01  0.3867742E+02  0.4383441E+02  0.9661483E-04 -0.2616720E-04  0.2316166E-04
Ar   717  0.5156990E+01  0.3609893E+02  0.4641291E+02  0.4238622E-04  0.6092146E-04  0.5449286E-04
Ar   718  0.7735485E+01  0.3867742E+02  0.4641291E+02 -0.1620786E-05 -0.1523211E-04 -0.8125844E-04
Ar   719  0.7735485E+01  0.3609893E+02  0.4899140E+02 -0.2606145E-04  0.9259273E-04 -0.4720723E-04
Ar   720  0.5156990E+01  0.3867742E+02  0.4899140E+02  0.4440694E-04 -0.6841788E-05 -0.2709852E-04
Ar   721  0.5156990E+01  0.4125592E+02  0.0000000E+00 -0.2878651E-04 -0.1413704E-04  0.1929701E-04
Ar   722  0.7735485E+01  0.4383441E+02  0.0000000E+00 -0.5825821E-04 -0.7212777E-04  0.2936972E-04
Ar   723  0.7735485E+01  0.4125592E+02  0.2578495E+01 -0.1015105E-03  0.6534934E-04 -0.3386771E-04
Ar   724  0.5156990E+01  0.4383441E+02  0.2578495E+01 -0.1350825E-03 -0.5419961E-04  0.1604278E-03
Ar   725  0.5156990E+01  0.4125592E+02  0.5156990E+01 -0.2930908E-04 -0.8913196E-04  0.8781013E-05
Ar   726  0.7735485E+01  0.4383441E+02  0.5156990E+01  0.3057609E-04 -0.5838471E-04  0.1089316E-03
Ar   727  0.7735485E+01  0.4125592E+02  0.7735485E+01 -0.2836883E-04  0.6891226E-04 -0.7786585E-05
Ar   728  0.5156990E+01  0.4383441E+02  0.7735485E+01  0.2436469E-04  0.3817866E-04 -0.7469597E-05
Ar   729  0.5156990E+01  0.4125592E+02  0.1031398E+02 -0.1325091E-03  0.7082338E-04 -0.1248460E-04
Ar   730  0.7735485E+01  0.4383441E+02  0.1031398E+02  0.6515583E-04 -0.1455624E-03  0.2281471E-04
Ar   731  0.7735485E+01  0.4125592E+02  0.1289247E+02 -0.5960843E-04  0.7214467E-04 -0.9145851E-04
Ar   732  0.5156990E+01  0.4383441E+02  0.1289247E+02  0.5603671E-04 -0.8715643E-04  0.1683726E-03
Ar   733  0.5156990E+01  0.4125592E+02  0.1547097E+02  0.1519421E-04 -0.1581900E-04 -0.1588355E-05
Ar   734  0.7735485E+01  0.4383441E+02  0.1547097E+02  0.9904209E-04  0.3141626E-04  0.2038437E-04
Ar   735  0.7735485E+01  0.4125592E+02  0.1804946E+02  0.2477468E-04  0.9302820E-04  0.1819093E-04
Ar   736  0.5156990E+01  0.4383441E+02  0.1804946E+02 -0.6411954E-05 -0.5607777E-04 -0.1717351E-04
Ar   737  0.5156990E+01  0.4125592E+02  0.2062796E+02 -0.9294412E-05 -0.5177299E-04  0.3831042E-04
Ar   738  0.7735485E+01  0.4383441E+02  0.2062796E+02  0.4241155E-04 -0.5450947E-05 -0.8709580E-04
Ar   739  0.7735485E+01  0.4125592E+02  0.2320645E+02 -0.9634200E-04  0.1161935E-03  0.8737824E-04
Ar   740  0.5156990E+01  0.4383441E+02  0.2320645E+02 -0.5480720E-04 -0.6392271E-04  0.1677577E-04
Ar   741  0.5156990E+01  0.4125592E+02  0.2578495E+02 -0.1212604E-03  0.4332549E-04  0.1294238E-04
Ar   742  0.7735485E+01  0.4383441E+02  0.2578495E+02  0.1281571E-03 -0.1608082E-04  0.2800971E-04
Ar   743  0.7735485E+01  0.4125592E+02  0.2836344E+02  0.6493243E-04  0.5721331E-04  0.1177498E-03
Ar   744  0.5156990E+01  0.4383441E+02  0.2836344E+02 -0.1173403E-04  0.4585521E-04  0.3975213E-04
Ar   745  0.5156990E+01  0.4125592E+02  0.3094194E+02  0.3037164E-05 -0.9608348E-05  0.1069352E-03
Ar   746  0.7735485E+01  0.4383441E+02  0.3094194E+02  0.1423958E-04 -0.7131195E-05 -0.4966020E-04
Ar   747  0.7735485E+01  0.4125592E+02  0.3352043E+02  0.2017296E-05  0.3738751E-04  0.9417123E-04
Ar   748  0.5156990E+01  0.4383441E+02  0.3352043E+02  0.6893179E-04 -0.5992306E-04 -0.1127859E-03
Ar   749  0.5156990E+01  0.4125592E+02  0.3609893E+02  0.3473183E-04 -0.9859652E-04  0.2966919E-04
Ar   750  0.7735485E+01  0.4383441E+02  0.3609893E+02  0.8423130E-04  0.1425835E-03  0.9247391E-05
Ar   751  0.7735485E+01  0.4125592E+02  0.3867742E+02  0.9128623E-04 -0.6217995E-04  0.7004697E-05
Ar   752  0.5156990E+01  0.4383441E+02  0.3867742E+02 -0.3574473E-04  0.3936348E-04  0.3117438E-04
Ar   753  0.5156990E+01  0.4125592E+02  0.4125592E+02  0.1185864E-04 -0.1098164E-03  0.2754031E-04
Ar   754  0.7735485E+01  0.4383441E+02  0.4125592E+02 -0.1213553E-04 -0.1917038E-03 -0.2422265E-04
Ar   755  0.7735485E+01  0.4125592E+02  0.4383441E+02  0.4562245E-04  0.2437748E-04 -0.1160420E-03
Ar   756  0.5156990E+01  0.4383441E+02  0.4383441E+02  0.6228852E-05  0.3556831E-04 -0.1584940E-04
Ar   757  0.5156990E+01  0.4125592E+02  0.4641291E+02  0.4046814E-05 -0.8050260E-04 -0.4666445E-04
Ar   758  0.7735485E+01  0.4383441E+02  0.4641291E+02 -0.5039845E-05 -0.2683819E-04 -0.5207505E-04
Ar   759  0.7735485E+01  0.4125592E+02  0.4899140E+02 -0.3060236E-04 -0.6644346E-04 -0.4451781E-04
Ar   760  0.5156990E+01  0.4383441E+02  0.4899140E+02  0.3294247E-04  0.1247640E-04 -0.1537094E-04
Ar   761  0.5156990E+01  0.4641291E+02  0.0000000E+00  0.6444458E-04 -0.9326181E-04  0.3823771E-04
Ar   762  0.7735485E+01  0.4899140E+02  0.0000000E+00  0.6462868E-04  0.5145381E-04  0.1347110E-03
Ar   763  0.7735485E+01  0.4641291E+02  0.2578495E+01 -0.7221519E-04 -0.5072636E-04  0.1359241E-03
Ar   764  0.5156990E+01  0.4899140E+02  0.2578495E+01  0.8160180E-04 -0.2648380E-04 -0.8361085E-04
Ar   765  0.5156990E+01  0.4641291E+02  0.5156990E+01  0.5111773E-05 -0.3740668E-04 -0.1182295E-03
Ar   766  0.7735485E+01  0.4899140E+02  0.5156990E+01  0.4540370E-04  0.6475923E-04 -0.5003558E-04
Ar   767  0.7735485E+01  0.4641291E+02  0.7735485E+01  0.5515084E-04  0.1963416E-04  0.5937095E-04
Ar   768  0.5156990E+01  0.4899140E+02  0.7735485E+01 -0.1194524E-03  0.1484614E-03 -0.5813567E-04
Ar   769  0.5156990E+01  0.4641291E+02  0.1031398E+02 -0.6889939E-04 -0.6764904E-04 -0.6438565E-05
Ar   770  0.7735485E+01  0.4899140E+02  0.1031398E+02  0.1231232E-04 -0.1127168E-03 -0.3887203E-04
Ar   771  0.7735485E+01  0.4641291E+02  0.1289247E+02  0.7614728E-04 -0.6802804E-04 -0.1390811E-03
Ar   772  0.5156990E+01  0.4899140E+02  0.1289247E+02  0.1128012E-04 -0.1398554E-03  0.4831459E-05
Ar   773  0.5156990E+01  0.4641291E+02  0.1547097E+02 -0.1116692E-04 -0.2905737E-04  0.4761917E-04
Ar   774  0.7735485E+01  0.4899140E+02  0.1547097E+02  0.7111793E-04 -0.3171971E-04 -0.7550041E-05
Ar   775  0.7735485E+01  0.4641291E+02  0.1804946E+02  0.7413473E-05 -0.7433595E-04  0.2144847E-04
Ar   776  0.5156990E+01  0.4899140E+02  0.1804946E+02 -0.7846571E-04  0.3218684E-04 -0.9433788E-04
Ar   777  0.5156990E+01  0.4641291E+02  0.2062796E+02  0.6645030E-04 -0.1368189E-04  0.1390640E-04
Ar   778  0.7735485E+01  0.4899140E+02  0.2062796E+02  0.1489846E-05 -0.1439626E-04  0.7102239E-04
Ar   779  0.7735485E+01  0.4641291E+02  0.2320645E+02  0.1452845E-04 -0.1524764E-03 -0.6932767E-05
Ar   780  0.5156990E+01  0.4899140E+02  0.2320645E+02 -0.9469492E-05  0.1357559E-03  0.2477648E-06
Ar   781  0.5156990E+01  0.4641291E+02  0.2578495E+02  0.3736188E-04  0.8843823E-04  0.5595600E-04
Ar   782  0.7735485E+01  0.4899140E+02  0.2578495E+02 -0.4234649E-04 -0.3773840E-04  0.1582026E-04
Ar   783  0.7735485E+01  0.4641291E+02  0.2836344E+02 -0.2973089E-04  0.2100151E-04  0.1837044E-05
Ar   784  0.5156990E+01  0.4899140E+02  0.2836344E+02  0.1251814E-04 -0.3575768E-04 -0.8786641E-04
Ar   785  0.5156990E+01  0.4641291E+02  0.3094194E+02  0.4240252E-04  0.3822644E-04  0.1216352E-04
Ar   786  0.7735485E+01  0.4899140E+02  0.3094194E+02 -0.6746304E-04 -0.4494263E-04 -0.3159077E-04
Ar   787  0.7735485E+01  0.4641291E+02  0.3352043E+02 -0.1045868E-03  0.9953406E-04 -0.1492807E-03
Ar   788  0.5156990E+01  0.4899140E+02  0.3352043E+02 -0.2828204E-04 -0.2508803E-04  0.4340983E-04
Ar   789  0.5156990E+01  0.4641291E+02  0.3609893E+02 -0.2244296E-04  0.1553906E-03  0.1505224E-04
Ar   790  0.7735485E+01  0.4899140E+02  0.3609893E+02  0.5649018E-04 -0.4491632E-04  0.1598853E-04
Ar   791  0.7735485E+01  0.4641291E+02  0.3867742E+02 -0.2931300E-04  0.7793093E-05 -0.1503153E-03
Ar   792  0.5156990E+01  0.4899140E+02  0.3867742E+02 -0.1402249E-04  0.6988618E-04 -0.3020683E-04
Ar   793  0.5156990E+01  0.4641291E+02  0.4125592E+02 -0.1617356E-04 -0.6721853E-05 -0.2601740E-04
Ar   794  0.7735485E+01  0.4899140E+02  0.4125592E+02  0.1941354E-04  0.5511443E-04  0.4514993E-04
Ar   795  0.7735485E+01  0.4641291E+02  0.4383441E+02  0.1940790E-04 -0.9245921E-04 -0.8462083E-04
Ar   796  0.5156990E+01  0.4899140E+02  0.4383441E+02  0.5429752E-04 -0.5740431E-04 -0.3395325E-04
Ar   797  0.5156990E+01  0.4641291E+02  0.4641291E+02 -0.9864831E-04  0.2296822E-04  0.2070320E-04
Ar   798  0.7735485E+01  0.4899140E+02  0.4641291E+02 -0.8168070E-04  0.2884462E-04  0.3382606E-04
Ar   799  0.7735485E+01  0.4641291E+02  0.4899140E+02 -0.6615670E-04  0.6717865E-04  0.8209827E-04
Ar   800  0.5156990E+01  0.4899140E+02  0.4899140E+02  0.2101721E-04 -0.9610446E-04  0.9088517E-04
Ar   801  0.1031398E+02  0.0000000E+00  0.0000000E+00  0.6021135E-04 -0.1505191E-04 -0.2583289E-04
Ar   802  0.1289247E+02  0.2578495E+01  0.0000000E+00  0.8426883E-05  0.1046714E-03  0.6947019E-04
Ar   803  0.1289247E+02  0.0000000E+00  0.2578495E+01  0.2531382E-04 -0.6283061E-04  0.1716774E-04
Ar   804  0.1031398E+02  0.2578495E+01  0.2578495E+01 -0.5458377E-04  0.5107685E-04  0.5075070E-04
Ar   805  0.1031398E+02  0.0000000E+00  0.5156990E+01  0.1372744E-04  0.3326105E-04  0.3750405E-04
Ar   806  0.1289247E+02  0.2578495E+01  0.5156990E+01  0.6521340E-04 -0.1474093E-04 -0.7625413E-04
Ar   807  0.1289247E+02  0.0000000E+00  0.7735485E+01  0.3529758E-04 -0.5549242E-04 -0.9978378E-05
Ar   808  0.1031398E+02  0.2578495E+01  0.7735485E+01 -0.1369978E-03  0.2821224E-04 -0.1211247E-04
Ar   809  0.1031398E+02  0.0000000E+00  0.1031398E+02  0.4594959E-04 -0.2181935E-04  0.1429261E-04
Ar   810  0.1289247E+02  0.2578495E+01  0.1031398E+02  0.6537459E-04  0.1430834E-04 -0.7582867E-04
Ar   811  0.1289247E+02  0.0000000E+00  0.1289247E+02 -0.4236569E-04  0.3810930E-05 -0.1045721E-03
Ar   812  0.1031398E+02  0.2578495E+01  0.1289247E+02 -0.1093776E-03 -0.1751739E-04  0.3938307E-05
Ar   813  0.1031398E+02  0.0000000E+00  0.1547097E+02  0.8042922E-04 -0.1502298E-04 -0.2819034E-04
Ar   814  0.1289247E+02  0.2578495E+01  0.1547097E+02  0.1123248E-04  0.2523878E-04 -0.2627189E-04
Ar   815  0.1289247E+02  0.0000000E+00  0.1804946E+02  0.4063763E-04  0.1169601E-03  0.3603878E-04
Ar   816  0.1031398E+02  0.2578495E+01  0.1804946E+02  0.7767793E-04  0.4985464E-04  0.2547338E-03
Ar   817  0.1031398E+02  0.0000000E+00  0.2062796E+02 -0.1884528E-03  0.1610733E-04  0.6756023E-04
Ar   818  0.1289247E+02  0.2578495E+01  0.2062796E+02  0.1894048E-04 -0.1849055E-04  0.6075116E-05
Ar   819  0.1289247E+02  0.0000000E+00  0.2320645E+02 -0.3145541E-04  0.1198897E-03  0.2588578E-05
Ar   820  0.1031398E+02  0.2578495E+01  0.2320645E+02  0.1084657E-04 -0.7609392E-04  0.9385767E-04
Ar   821  0.1031398E+02  0.0000000E+00  0.2578495E+02  0.1132192E-03 -0.1204106E-03  0.1434916E-05
Ar   822  0.1289247E+02  0.2578495E+01  0.2578495E+02  0.8013954E-05  0.2330063E-04 -0.2078278E-04
Ar   823  0.1289247E+02  0.0000000E+00  0.2836344E+02  0.3823633E-05 -0.3486698E-04 -0.1549410E-03
Ar   824  0.1031398E+02  0.2578495E+01  0.2836344E+02 -0.1502425E-04 -0.9153844E-04 -0.2562388E-04
Ar   825  0.1031398E+02  0.0000000E+00  0.3094194E+02 -0.6423414E-04  0.2551362E-04  0.7902524E-04
Ar   826  0.1289247E+02  0.2578495E+01  0.3094194E+02  0.9441989E-04 -0.2134082E-04 -0.7533099E-05
Ar   827  0.1289247E+02  0.0000000E+00  0.3352043E+02 -0.2871526E-04  0.3770439E-04 -0.7990101E-04
Ar   828  0.1031398E+02  0.2578495E+01  0.3352043E+02 -0.3729580E-04  0.5791651E-05  0.6739498E-04
Ar   829  0.1031398E+02  0.0000000E+00  0.3609893E+02  0.5735931E-04  0.2886005E-04 -0.3362710E-04
Ar   830  0.1289247E+02  0.2578495E+01  0.3609893E+02 -0.2515662E-04 -0.2236859E-04 -0.9531897E-05
Ar   831  0.1289247E+02  0.0000000E+00  0.3867742E+02 -0.3336290E-04 -0.3559917E-04  0.4711769E-04
Ar   832  0.1031398E+02  0.2578495E+01  0.3867742E+02  0.2673153E-04  0.3716616E-04  0.2958993E-04
Ar   833  0.1031398E+02  0.0000000E+00  0.4125592E+02  0.5037403E-04  0.8918984E-04  0.2265524E-04
Ar   834  0.1289247E+02  0.2578495E+01  0.4125592E+02  0.1499178E-04 -0.9874142E-04  0.9016570E-05
Ar   835  0.1289247E+02  0.0000000E+00  0.4383441E+02  0.1142384E-03 -0.1764548E-04 -0.3750721E-04
Ar   836  0.1031398E+02  0.2578495E+01  0.4383441E+02 -0.2880128E-04 -0.4250219E-04  0.4872007E-04
Ar   837  0.1031398E+02  0.0000000E+00  0.4641291E+02 -0.5657763E-04  0.1736143E-04 -0.3650513E-04
Ar   838  0.1289247E+02  0.2578495E+01  0.4641291E+02 -0.8480202E-04 -0.6512703E-04 -0.4327286E-04
Ar   839  0.1289247E+02  0.0000000E+00  0.4899140E+02  0.7544729E-04 -0.3609292E-04  0.1451988E-05
Ar   840  0.1031398E+02  0.2578495E+01  0.4899140E+02 -0.9995167E-04  0.9042756E-04 -0.8289532E-04
Ar   841  0.1031398E+02  0.5156990E+01  0.0000000E+00 -0.4587866E-04  0.3467968E-04 -0.2760430E-04
Ar   842  0.1289247E+02  0.7735485E+01  0.0000000E+00  0.3312428E-04  0.7045657E-05  0.4851129E-04
Ar   843  0.1289247E+02  0.5156990E+01  0.2578495E+01  0.4930046E-04 -0.3378074E-04 -0.5477651E-04
Ar   844  0.1031398E+02  0.7735485E+01  0.2578495E+01 -0.5932243E-04 -0.8492178E-04  0.4902285E-04
Ar   845  0.1031398E+02  0.5156990E+01  0.5156990E+01  0.5428748E-04  0.1501934E-04 -0.1385970E-04
Ar   846  0.1289247E+02  0.7735485E+01  0.5156990E+01 -0.2815427E-04 -0.5037049E-04 -0.6515841E-04
Ar   847  0.1289247E+02  0.5156990E+01  0.7735485E+01 -0.7199240E-05  0.3588315E-04  0.9273015E-04
Ar   848  0.1031398E+02  0.7735485E+01  0.7735485E+01 -0.2484170E-04  0.1261780E-03  0.1107689E-04
Ar   849  0.1031398E+02  0.5156990E+01  0.1031398E+02 -0.1979713E-05 -0.5193838E-05  0.1308980E-05
Ar   850  0.1289247E+02  0.7735485E+01  0.1031398E+02  0.4822298E-04  0.6589843E-04 -0.2132592E-04
Ar   851  0.1289247E+02  0.5156990E+01  0.1289247E+02  0.1724092E-04 -0.7491455E-04  0.1038931E-04
Ar   852  0.1031398E+02  0.7735485E+01  0.1289247E+02  0.1973536E-04  0.8050686E-04  0.2676912E-04
Ar   853  0.1031398E+02  0.5156990E+01  0.1547097E+02 -0.4157152E-04  0.5532683E-04 -0.5690412E-04
Ar   854  0.1289247E+02  0.7735485E+01  0.1547097E+02 -0.1887680E-05 -0.5482920E-04  0.5670955E-04
Ar   855  0.1289247E+02  0.5156990E+01  0.1804946E+02 -0.4728466E-06  0.6376538E-05 -0.4779040E-05
Ar   856  0.1031398E+02  0.7735485E+01  0.1804946E+02  0.8490515E-04  0.9592501E-04  0.3824611E-04
Ar   857  0.1031398E+02  0.5156990E+01  0.2062796E+02 -0.1039382E-03  0.1059559E-03 -0.3113064E-04
Ar   858  0.1289247E+02  0.7735485E+01  0.2062796E+02 -0.2948311E-04 -0.3590607E-04  0.2012576E-04
Ar   859  0.1289247E+02  0.5156990E+01  0.2320645E+02  0.1016119E-03 -0.3068550E-04 -0.5323729E-04
Ar   860  0.1031398E+02  0.7735485E+01  0.2320645E+02 -0.7421989E-04 -0.4567636E-04  0.2799617E-04
Ar   861  0.1031398E+02  0.5156990E+01  0.2578495E+02 -0.1729801E-03  0.9689344E-04  0.5334099E-04
Ar   862  0.1289247E+02  0.7735485E+01  0.2578495E+02 -0.3098090E-04 -0.4221207E-04 -0.1570020E-03
Ar   863  0.1289247E+02  0.5156990E+01  0.2836344E+02 -0.1769555E-04  0.6702924E-04  0.2480666E-04
Ar   864  0.1031398E+02  0.7735485E+01  0.2836344E+02  0.5314418E-04 -0.1237270E-03 -0.7288120E-05
Ar   865  0.1031398E+02  0.5156990E+01  0.3094194E+02  0.8856095E-04  0.6425259E-04 -0.8296795E-04
Ar   866  0.1289247E+02  0.7735485E+01  0.3094194E+02 -0.3008320E-04 -0.1432195E-04  0.8440487E-06
Ar   867  0.1289247E+02  0.5156990E+01  0.3352043E+02  0.7445892E-04  0.1513063E-03  0.1139367E-05
Ar   868  0.1031398E+02  0.7735485E+01  0.3352043E+02 -0.4269759E-04  0.1540798E-03 -0.1108094E-03
Ar   869  0.1031398E+02  0.5156990E+01  0.3609893E+02  0.9527755E-04  0.1066039E-04  0.2617168E-04
Ar   870  0.1289247E+02  0.7735485E+01  0.3609893E+02 -0.2035075E-04  0.3212798E-04  0.4630419E-04
Ar   871  0.1289247E+02  0.5156990E+01  0.3867742E+02  0.8311687E-04  0.5143619E-04  0.3878844E-05
Ar   872  0.1031398E+02  0.7735485E+01  0.3867742E+02  0.1904936E-04  0.5341821E-04  0.2964409E-04
Ar   873  0.1031398E+02  0.5156990E+01  0.4125592E+02  0.5900393E-04  0.6288650E-04 -0.2496629E-05
Ar   874  0.1289247E+02  0.7735485E+01  0.4125592E+02 -0.1439210E-04 -0.2069923E-04  0.2552551E-04
Ar   875  0.1289247E+02  0.5156990E+01  0.4383441E+02 -0.1472229E-03  0.4005598E-04 -0.2214624E-05
Ar   876  0.1031398E+02  0.7735485E+01  0.4383441E+02  0.1372031E-03 -0.7984898E-04  0.8660301E-04
Ar   877  0.1031398E+02  0.5156990E+01  0.4641291E+02 -0.6883680E-04  0.8894187E-04 -0.2461488E-04
Ar   878  0.1289247E+02  0.7735485E+01  0.4641291E+02  0.4209258E-04  0.1551010E-04 -0.5234480E-04
Ar   879  0.1289247E+02  0.5156990E+01  0.4899140E+02  0.8311337E-04  0.2742016E-04 -0.3169027E-04
Ar   880  0.1031398E+02  0.7735485E+01  0.4899140E+02 -0.1552708E-04 -0.5188039E-05  0.2423255E-04
Ar   881  0.1031398E+02  0.1031398E+02  0.0000000E+00  0.2344594E-04  0.1934545E-04 -0.1067379E-03
Ar   882  0.1289247E+02  0.1289247E+02  0.0000000E+00  0.1868930E-04 -0.1385197E-03 -0.1717687E-03
Ar   883  0.1289247E+02  0.1031398E+02  0.2578495E+01  0.1649138E-03  0.1883697E-04  0.8902270E-04
Ar   884  0.1031398E+02  0.1289247E+02  0.2578495E+01 -0.3230641E-05  0.1532559E-04 -0.2098251E-04
Ar   885  0.1031398E+02  0.1031398E+02  0.5156990E+01 -0.5608971E-04 -0.1562759E-04  0.3773898E-04
Ar   886  0.1289247E+02  0.1289247E+02  0.5156990E+01 -0.1879114E-04  0.3230360E-04 -0.6563073E-04
Ar   887  0.1289247E+02  0.1031398E+02  0.7735485E+01  0.8794864E-04 -0.5860712E-04 -0.3705756E-04
Ar   888  0.1031398E+02  0.1289247E+02  0.7735485E+01 -0.3050532E-04  0.1579649E-04  0.6343028E-04
Ar   889  0.1031398E+02  0.1031398E+02  0.1031398E+02 -0.2792279E-04 -0.1134654E-03  0.4126640E-04
Ar   890  0.1289247E+02  0.1289247E+02  0.1031398E+02  0.1168373E-04 -0.1123288E-04  0.9231303E-04
Ar   891  0.1289247E+02  0.1031398E+02  0.1289247E+02  0.9491849E-04 -0.9012304E-05  0.2010308E-04
Ar   892  0.1031398E+02  0.1289247E+02  0.1289247E+02  0.1215413E-03  0.3044284E-04 -0.8081113E-04
Ar   893  0.1031398E+02  0.1031398E+02  0.1547097E+02 -0.6481403E-04  0.2055295E-05 -0.1220658E-03
Ar   894  0.1289247E+02  0.1289247E+02  0.1547097E+02 -0.1024853E-03  0.9332467E-04 -0.5228009E-05
Ar   895  0.1289247E+02  0.1031398E+02  0.1804946E+02  0.1914434E-04  0.8320354E-04  0.5748886E-06
Ar   896  0.1031398E+02  0.1289247E+02  0.1804946E+02 -0.1947110E-04  0.1187302E-04  0.1290361E-03
Ar   897  0.1031398E+02  0.1031398E+02  0.2062796E+02  0.8820424E-04  0.4222180E-04  0.4639438E-04
Ar   898  0.1289247E+02  0.1289247E+02  0.2062796E+02  0.1411553E-03 -0.3668982E-04  0.1177677E-05
Ar   899  0.1289247E+02  0.1031398E+02  0.2320645E+02 -0.1095442E-03  0.6912901E-04 -0.1869992E-04
Ar   900  0.1031398E+02  0.1289247E+02  0.2320645E+02  0.1716456E-03  0.5425514E-04 -0.1257889E-04
Ar   901  0.1031398E+02  0.1031398E+02  0.2578495E+02 -0.1241889E-04 -0.4542244E-04  0.8341229E-04
Ar   902  0.1289247E+02  0.1289247E+02  0.2578495E+02  0.7198498E-05  0.2179666E-04  0.3217662E-05
Ar   903  0.1289247E+02  0.1031398E+02  0.2836344E+02 -0.9290256E-05  0.5793848E-04 -0.5568716E-05
Ar   904  0.1031398E+02  0.1289247E+02  0.2836344E+02  0.3443448E-04 -0.1055134E-03 -0.2788765E-04
Ar   905  0.1031398E+02  0.1031398E+02  0.3094194E+02  0.9095547E-04 -0.1629565E-04 -0.1528369E-04
Ar   906  0.1289247E+02  0.1289247E+02  0.3094194E+02 -0.6989980E-05 -0.1004138E-04 -0.3904553E-04
Ar   907  0.1289247E+02  0.1031398E+02  0.3352043E+02 -0.5876120E-04  0.1710399E-04 -0.5153809E-04
Ar   908  0.1031398E+02  0.1289247E+02  0.3352043E+02  0.4838359E-04  0.2372116E-04  0.8263605E-04
Ar   909  0.1031398E+02  0.1031398E+02  0.3609893E+02  0.2814056E-04  0.4840207E-04  0.7883231E-04
Ar   910  0.1289247E+02  0.1289247E+02  0.3609893E+02  0.1526566E-03 -0.5925266E-04 -0.1152620E-04
Ar   911  0.1289247E+02  0.1031398E+02  0.3867742E+02  0.5599692E-04 -0.3800786E-04  0.1269246E-03
Ar   912  0.1031398E+02  0.1289247E+02  0.3867742E+02  0.4001750E-05  0.5133534E-04 -0.1085534E-03
Ar   913  0.1031398E+02  0.1031398E+02  0.4125592E+02  0.8217660E-04 -0.8745940E-04 -0.2478139E-04
Ar   914  0.1289247E+02  0.1289247E+02  0.4125592E+02  0.1584333E-03  0.3581053E-04  0.3224612E-04
Ar   915  0.1289247E+02  0.1031398E+02  0.4383441E+02  0.4593948E-05  0.2887452E-04  0.4183324E-04
Ar   916  0.1031398E+02  0.1289247E+02  0.4383441E+02 -0.2273850E-04 -0.1069117E-03 -0.3410734E-04
Ar   917  0.1031398E+02  0.1031398E+02  0.4641291E+02 -0.7188902E-04  0.3345344E-04  0.2544110E-04
Ar   918  0.1289247E+02  0.1289247E+02  0.4641291E+02 -0.5255400E-04  0.1117294E-04  0.9189656E-04
Ar   919  0.1289247E+02  0.1031398E+02  0.4899140E+02 -0.9263511E-05  0.9952785E-04 -0.1467515E-04
Ar   920  0.1031398E+02  0.1289247E+02  0.4899140E+02 -0.3478278E-04  0.5873619E-04 -0.2841945E-04
Ar   921  0.1031398E+02  0.1547097E+02  0.0000000E+00  0.9766492E-05 -0.1399836E-03 -0.2579693E-04
Ar   922  0.1289247E+02  0.1804946E+02  0.0000000E+00  0.8136251E-04 -0.4992208E-04  0.9396744E-04
Ar   923  0.1289247E+02  0.1547097E+02  0.2578495E+01  0.1097045E-03  0.1226696E-03 -0.1362369E-03
Ar   924  0.1031398E+02  0.1804946E+02  0.2578495E+01 -0.5275070E-04  0.5630804E-04  0.1295061E-04
Ar   925  0.1031398E+02  0.1547097E+02  0.5156990E+01 -0.4786744E-04  0.8087190E-05 -0.4999110E-04
Ar   926  0.1289247E+02  0.1804946E+02  0.5156990E+01 -0.8709533E-04  0.4191469E-04  0.2272796E-04
Ar   927  0.1289247E+02  0.1547097E+02  0.7735485E+01 -0.1112301E-03 -0.4981252E-05  0.2147471E-04
Ar   928  0.1031398E+02  0.1804946E+02  0.7735485E+01 -0.6907738E-04  0.9268413E-04  0.2502153E-04
Ar   929  0.1031398E+02  0.1547097E+02  0.1031398E+02 -0.5751525E-04 -0.7336248E-04 -0.6939236E-04
Ar   930  0.1289247E+02  0.1804946E+02  0.1031398E+02 -0.3256450E-04  0.1227144E-03 -0.1023952E-03
Ar   931  0.1289247E+02  0.1547097E+02  0.1289247E+02  0.1552202E-05  0.4328964E-04  0.9882707E-04
Ar   932  0.1031398E+02  0.1804946E+02  0.1289247E+02 -0.1754166E-04 -0.3811273E-04  0.6339462E-05
Ar   933  0.1031398E+02  0.1547097E+02  0.1547097E+02  0.1943985E-04  0.3193003E-05 -0.4172006E-04
Ar   934  0.1289247E+02  0.1804946E+02  0.1547097E+02 -0.1423412E-04  0.4576937E-04 -0.1944020E-04
Ar   935  0.1289247E+02  0.1547097E+02  0.1804946E+02  0.5011219E-04  0.4237909E-04 -0.6082277E-04
Ar   936  0.1031398E+02  0.1804946E+02  0.1804946E+02  0.1341913E-03  0.9406715E-04  0.9748277E-04
Ar   937  0.1031398E+02  0.1547097E+02  0.2062796E+02 -0.4013070E-04 -0.4263974E-04  0.3421870E-05
Ar   938  0.1289247E+02  0.1804946E+02  0.2062796E+02  0.1599957E-04  0.6415385E-04 -0.8477125E-04
Ar   939  0.1289247E+02  0.1547097E+02  0.2320645E+02  0.5281023E-04 -0.6853701E-04 -0.2113455E-04
Ar   940  0.1031398E+02  0.1804946E+02  0.2320645E+02  0.2740439E-04 -0.4122750E-04  0.1129580E-04
Ar   941  0.1031398E+02  0.1547097E+02  0.2578495E+02 -0.1152903E-03  0.5106078E-04 -0.1206424E-04
Ar   942  0.1289247E+02  0.1804946E+02  0.2578495E+02 -0.5946887E-04  0.1921966E-04  0.3710954E-04
Ar   943  0.1289247E+02  0.1547097E+02  0.2836344E+02 -0.9547938E-04  0.4577112E-05 -0.4639831E-04
Ar   944  0.1031398E+02  0.1804946E+02  0.2836344E+02  0.2964076E-04 -0.7792412E-04  0.3869890E-04
Ar   945  0.1031398E+02  0.1547097E+02  0.3094194E+02  0.3299249E-04  0.3490297E-04 -0.5626125E-04
Ar   946  0.1289247E+02  0.1804946E+02  0.3094194E+02 -0.3471496E-04  0.2500337E-04 -0.5037690E-04
Ar   947  0.1289247E+02  0.1547097E+02  0.3352043E+02 -0.3639696E-04 -0.6492825E-05 -0.1139038E-03
Ar   948  0.1031398E+02  0.1804946E+02  0.3352043E+02 -0.1672680E-04  0.3550085E-05  0.6942363E-04
Ar   949  0.1031398E+02  0.1547097E+02  0.3609893E+02 -0.1251371E-03  0.1102696E-03 -0.1351901E-04
Ar   950  0.1289247E+02  0.1804946E+02  0.3609893E+02  0.7485945E-04 -0.2624777E-04  0.1899647E-04
Ar   951  0.1289247E+02  0.1547097E+02  0.3867742E+02 -0.1710809E-04 -0.3286857E-05  0.1494935E-06
Ar   952  0.1031398E+02  0.1804946E+02  0.3867742E+02  0.7285882E-04  0.9480732E-04  0.2130133E-04
Ar   953  0.1031398E+02  0.1547097E+02  0.4125592E+02  0.2193340E-04 -0.2959156E-04 -0.6159164E-04
Ar   954  0.1289247E+02  0.1804946E+02  0.4125592E+02 -0.1191692E-04  0.1148343E-03 -0.9121690E-07
Ar   955  0.1289247E+02  0.1547097E+02  0.4383441E+02 -0.1477167E-04  0.6622939E-04  0.1092369E-04
Ar   956  0.1031398E+02  0.1804946E+02  0.4383441E+02 -0.1444199E-03 -0.3195419E-04  0.4356425E-04
Ar   957  0.1031398E+02  0.1547097E+02  0.4641291E+02 -0.7859169E-04 -0.2405925E-04  0.4496801E-04
Ar   958  0.1289247E+02  0.1804946E+02  0.4641291E+02 -0.5156054E-04 -0.2755433E-04 -0.1107455E-03
Ar   959  0.1289247E+02  0.1547097E+02  0.4899140E+02  0.1065185E-03  0.4106563E-04 -0.2458155E-04
Ar   960  0.1031398E+02  0.1804946E+02  0.4899140E+02  0.2525623E-05 -0.4938400E-04 -0.1629070E-03
Ar   961  0.1031398E+02  0.2062796E+02  0.0000000E+00 -0.1065511E-03 -0.9286921E-04  0.8086953E-05
Ar   962  0.1289247E+02  0.2320645E+02  0.0000000E+00 -0.6903567E-04  0.9525920E-04 -0.4091378E-04
Ar   963  0.1289247E+02  0.2062796E+02  0.2578495E+01  0.4055574E-04  0.1088080E-03  0.2900703E-04
Ar   964  0.1031398E+02  0.2320645E+02  0.2578495E+01 -0.1672672E-04  0.9975108E-05 -0.7406619E-04
Ar   965  0.1031398E+02  0.2062796E+02  0.5156990E+01 -0.4043743E-04 -0.3954145E-04  0.4198777E-04
Ar   966  0.1289247E+02  0.2320645E+02  0.5156990E+01  0.5071743E-04 -0.1841353E-04 -0.6877163E-04
Ar   967  0.1289247E+02  0.2062796E+02  0.7735485E+01  0.8412745E-04  0.8254662E-05 -0.6101543E-04
Ar   968  0.1031398E+02  0.2320645E+02  0.7735485E+01  0.8398605E-04 -0.1138960E-03  0.2402846E-04
Ar   969  0.1031398E+02  0.2062796E+02  0.1031398E+02  0.8982481E-04 -0.9843121E-04  0.7825549E-04
Ar   970  0.1289247E+02  0.2320645E+02  0.1031398E+02  0.3491932E-04 -0.1396503E-04 -0.1750561E-03
Ar   971  0.1289247E+02  0.2062796E+02  0.1289247E+02  0.5344792E-05 -0.6539298E-04 -0.1240052E-04
Ar   972  0.1031398E+02  0.2320645E+02  0.1289247E+02  0.8133139E-05 -0.1208660E-03  0.1222651E-03
Ar   973  0.1031398E+02  0.2062796E+02  0.1547097E+02 -0.4780420E-04  0.2889190E-04 -0.4374756E-05
Ar   974  0.1289247E+02  0.2320645E+02  0.1547097E+02 -0.4307034E-06  0.2022389E-04  0.3846730E-04
Ar   975  0.1289247E+02  0.2062796E+02  0.1804946E+02 -0.6330878E-04 -0.1917012E-04 -0.2468161E-04
Ar   976  0.1031398E+02  0.2320645E+02  0.1804946E+02  0.9456656E-04  0.7233561E-05 -0.1082311E-03
Ar   977  0.1031398E+02  0.2062796E+02  0.2062796E+02 -0.8430972E-04  0.2283089E-04 -0.5518549E-04
Ar   978  0.1289247E+02  0.2320645E+02  0.2062796E+02  0.1142688E-03  0.8884332E-04  0.1826867E-04
Ar   979  0.1289247E+02  0.2062796E+02  0.2320645E+02 -0.3698475E-04 -0.7834924E-04 -0.3003438E-04
Ar   980  0.1031398E+02  0.2320645E+02  0.2320645E+02 -0.2389397E-04  0.3245542E-05  0.4481551E-04
Ar   981  0.1031398E+02  0.2062796E+02  0.2578495E+02  0.6303138E-04 -0.1346563E-03  0.2738465E-04
Ar   982  0.1289247E+02  0.2320645E+02  0.2578495E+02 -0.3581179E-04  0.1127654E-03  0.1049412E-03
Ar   983  0.1289247E+02  0.2062796E+02  0.2836344E+02 -0.3759304E-04  0.1027601E-04 -0.8645785E-05
Ar   984  0.1031398E+02  0.2320645E+02  0.2836344E+02  0.4742613E-04  0.4802352E-04 -0.7318121E-04
Ar   985  0.1031398E+02  0.2062796E+02  0.3094194E+02 -0.3709287E-04 -0.5456674E-04 -0.3430505E-04
Ar   986  0.1289247E+02  0.2320645E+02  0.3094194E+02  0.3171665E-05  0.1402456E-05  0.3625090E-04
Ar   987  0.1289247E+02  0.2062796E+02  0.3352043E+02  0.6457201E-04 -0.8632543E-04 -0.2311244E-04
Ar   988  0.1031398E+02  0.2320645E+02  0.3352043E+02 -0.1488243E-04  0.5063175E-05  0.1065899E-03
Ar   989  0.1031398E+02  0.2062796E+02  0.3609893E+02  0.1113926E-03  0.8582206E-04 -0.2563066E-05
Ar   990  0.1289247E+02  0.2320645E+02  0.3609893E+02 -0.1253953E-03 -0.1697465E-05  0.7187058E-05
Ar   991  0.1289247E+02  0.2062796E+02  0.3867742E+02 -0.1118972E-03  0.8532560E-04  0.3196884E-04
Ar   992  0.1031398E+02  0.2320645E+02  0.3867742E+02  0.3145295E-05  0.9700709E-04 -0.1059747E-04
Ar   993  0.1031398E+02  0.2062796E+02  0.4125592E+02 -0.7059206E-04  0.6604899E-04  0.5879505E-04
Ar   994  0.1289247E+02  0.2320645E+02  0.4125592E+02 -0.8805069E-04 -0.9378560E-04 -0.4551968E-04
Ar   995  0.1289247E+02  0.2062796E+02  0.4383441E+02 -0.4611681E-04 -0.6453707E-04  0.3862906E-04
Ar   996  0.1031398E+02  0.2320645E+02  0.4383441E+02 -0.6991694E-04  0.2546968E-05 -0.7363571E-04
Ar   997  0.1031398E+02  0.2062796E+02  0.4641291E+02 -0.4114815E-04  0.5339190E-04 -0.1478790E-04
Ar   998  0.1289247E+02  0.2320645E+02  0.4641291E+02  0.1496157E-04  0.4753478E-04 -0.4632736E-04
Ar   999  0.1289247E+02  0.2062796E+02  0.4899140E+02 -0.8113473E-05  0.8313329E-04  0.5762805E-04
Ar  1000  0.1031398E+02  0.2320645E+02  0.4899140E+02 -0.1044172E-03 -0.6313102E-04 -0.1493221E-04
Ar  1001  0.1031398E+02  0.2578495E+02  0.0000000E+00 -0.5680119E-04  0.3410541E-04  0.1735142E-03
Ar  1002  0.1289247E+02  0.2836344E+02  0.0000000E+00 -0.6380269E-04 -0.7530566E-04  0.7263512E-04
Ar  1003  0.1289247E+02  0.2578495E+02  0.2578495E+01 -0.2945930E-04 -0.7983819E-04  0.6449893E-05
Ar  1004  0.1031398E+02  0.2836344E+02  0.2578495E+01 -0.2164999E-04  0.7854739E-04 -0.3073733E-04
Ar  1005  0.1031398E+02  0.2578495E+02  0.5156990E+01  0.4139356E-04 -0.2945930E-04 -0.2759389E-04
Ar  1006  0.1289247E+02  0.2836344E+02  0.5156990E+01 -0.3326493E-04  0.7427548E-05  0.6610616E-04
Ar  1007  0.1289247E+02  0.2578495E+02  0.7735485E+01  0.1012977E-03  0.1038922E-04 -0.2375363E-04
Ar  1008  0.1031398E+02  0.2836344E+02  0.7735485E+01 -0.5843877E-05 -0.1301227E-03  0.1763896E-04
Ar  1009  0.1031398E+02  0.2578495E+02  0.1031398E+02  0.4126103E-04  0.7310264E-04 -0.6657612E-04
Ar  1010  0.1289247E+02  0.2836344E+02  0.1031398E+02  0.4078121E-04 -0.2513896E-04 -0.1710641E-03
Ar  1011  0.1289247E+02  0.2578495E+02  0.1289247E+02  0.6107081E-04  0.2497158E-04  0.6480346E-04
Ar  1012  0.1031398E+02  0.2836344E+02  0.1289247E+02 -0.1304631E-03 -0.1397311E-03  0.4897030E-04
Ar  1013  0.1031398E+02  0.2578495E+02  0.1547097E+02  0.1386532E-04  0.6734499E-04 -0.5483016E-04
Ar  1014  0.1289247E+02  0.2836344E+02  0.1547097E+02 -0.1260724E-03  0.3168471E-04 -0.6817835E-04
Ar  1015  0.1289247E+02  0.2578495E+02  0.1804946E+02  0.1077501E-03  0.3245920E-04  0.4939223E-04
Ar  1016  0.1031398E+02  0.2836344E+02  0.1804946E+02  0.5837300E-04 -0.2120214E-04  0.1145340E-06
Ar  1017  0.1031398E+02  0.2578495E+02  0.2062796E+02 -0.8166400E-04 -0.2868822E-04 -0.9429519E-05
Ar  1018  0.1289247E+02  0.2836344E+02  0.2062796E+02 -0.1335525E-04 -0.1408854E-04 -0.2823370E-04
Ar  1019  0.1289247E+02  0.2578495E+02  0.2320645E+02  0.1114792E-03  0.6225163E-04 -0.1726486E-04
Ar  1020  0.1031398E+02  0.2836344E+02  0.2320645E+02  0.3205981E-04  0.1801667E-04 -0.3036620E-04
Ar  1021  0.1031398E+02  0.2578495E+02  0.2578495E+02  0.2272198E-04  0.2682180E-04 -0.3751503E-04
Ar  1022  0.1289247E+02  0.2836344E+02  0.2578495E+02 -0.3371654E-04  0.3984096E-04 -0.1645023E-04
Ar  1023  0.1289247E+02  0.2578495E+02  0.2836344E+02 -0.1987888E-06 -0.3131410E-04  0.1545636E-04
Ar  1024  0.1031398E+02  0.2836344E+02  0.2836344E+02  0.1296558E-04  0.1764728E-03 -0.6568256E-04
Ar  1025  0.1031398E+02  0.2578495E+02  0.3094194E+02  0.2492279E-04  0.3223698E-04 -0.1288472E-04
Ar  1026  0.1289247E+02  0.2836344E+02  0.3094194E+02 -0.2246848E-04 -0.9461446E-04  0.6034756E-04
Ar  1027  0.1289247E+02  0.2578495E+02  0.3352043E+02 -0.1119519E-03 -0.5208055E-04 -0.4450738E-04
Ar  1028  0.1031398E+02  0.2836344E+02  0.3352043E+02  0.1659815E-04  0.5367368E-04 -0.5827216E-04
Ar  1029  0.1031398E+02  0.2578495E+02  0.3609893E+02  0.2670514E-04  0.2701613E-04  0.6590624E-04
Ar  1030  0.1289247E+02  0.2836344E+02  0.3609893E+02  0.2867007E-05  0.1730895E-04  0.3081375E-04
Ar  1031  0.1289247E+02  0.2578495E+02  0.3867742E+02  0.6117443E-04 -0.8761166E-05  0.4771616E-04
Ar  1032  0.1031398E+02  0.2836344E+02  0.3867742E+02  0.3484600E-04 -0.5015441E-04  0.1829593E-04
Ar  1033  0.1031398E+02  0.2578495E+02  0.4125592E+02  0.4248929E-04  0.5875642E-05 -0.4781424E-04
Ar  1034  0.1289247E+02  0.2836344E+02  0.4125592E+02  0.1068702E-03 -0.6788797E-04  0.2171306E-03
Ar  1035  0.1289247E+02  0.2578495E+02  0.4383441E+02  0.7407743E-04 -0.2152998E-04 -0.6958217E-04
Ar  1036  0.1031398E+02  0.2836344E+02  0.4383441E+02 -0.1175057E-04  0.4933980E-04  0.1637673E-04
Ar  1037  0.1031398E+02  0.2578495E+02  0.4641291E+02 -0.9401272E-04 -0.4711733E-04 -0.1139020E-03
Ar  1038  0.1289247E+02  0.2836344E+02  0.4641291E+02 -0.1250621E-04  0.4000127E-04  0.3375919E-04
Ar  1039  0.1289247E+02  0.2578495E+02  0.4899140E+02 -0.2034517E-04  0.1003717E-04  0.1255279E-04
Ar  1040  0.1031398E+02  0.2836344E+02  0.4899140E+02  0.9557705E-04 -0.1953305E-03 -0.1070832E-03
Ar  1041  0.1031398E+02  0.3094194E+02  0.0000000E+00  0.1354143E-04  0.1753899E-04 -0.7051000E-04
Ar  1042  0.1289247E+02  0.3352043E+02  0.0000000E+00 -0.7582904E-04  0.8516792E-04  0.1197216E-03
Ar  1043  0.1289247E+02  0.3094194E+02  0.2578495E+01  0.4903566E-04  0.1769326E-04 -0.6030660E-04
Ar  1044  0.1031398E+02  0.3352043E+02  0.2578495E+01 -0.2079800E-04 -0.3055431E-04 -0.1340760E-04
Ar  1045  0.1031398E+02  0.3094194E+02  0.5156990E+01  0.1379514E-04  0.8650023E-04  0.1663544E-04
Ar  1046  0.1289247E+02  0.3352043E+02  0.5156990E+01  0.2415160E-04 -0.4117646E-04  0.6239063E-05
Ar  1047  0.1289247E+02  0.3094194E+02  0.7735485E+01  0.6851143E-04  0.1033678E-03  0.3108306E-04
Ar  1048  0.1031398E+02  0.3352043E+02  0.7735485E+01 -0.1423108E-04 -0.3635519E-04 -0.3728823E-04
Ar  1049  0.1031398E+02  0.3094194E+02  0.1031398E+02  0.7208668E-04  0.3692976E-04 -0.2638662E-04
Ar  1050  0.1289247E+02  0.3352043E+02  0.1031398E+02 -0.1648520E-04 -0.4130895E-04 -0.1099997E-04
Ar  1051  0.1289247E+02  0.3094194E+02  0.1289247E+02 -0.2289671E-04 -0.4689917E-04 -0.6560468E-04
Ar  1052  0.1031398E+02  0.3352043E+02  0.1289247E+02  0.2719079E-04 -0.4466063E-04  0.5779341E-04
Ar  1053  0.1031398E+02  0.3094194E+02  0.1547097E+02  0.1357203E-03 -0.2106361E-04 -0.2301940E-04
Ar  1054  0.1289247E+02  0.3352043E+02  0.1547097E+02  0.3905615E-04 -0.5246992E-04 -0.3241527E-04
Ar  1055  0.1289247E+02  0.3094194E+02  0.1804946E+02 -0.4549984E-04 -0.1278961E-03 -0.8536483E-04
Ar  1056  0.1031398E+02  0.3352043E+02  0.1804946E+02 -0.6395493E-04 -0.3240546E-05  0.6708063E-04
Ar  1057  0.1031398E+02  0.3094194E+02  0.2062796E+02  0.1010436E-03 -0.3927494E-04  0.4050062E-04
Ar  1058  0.1289247E+02  0.3352043E+02  0.2062796E+02  0.1823943E-04  0.1421031E-04 -0.3237438E-04
Ar  1059  0.1289247E+02  0.3094194E+02  0.2320645E+02  0.8619263E-04 -0.1417078E-04  0.2091730E-04
Ar  1060  0.1031398E+02  0.3352043E+02  0.2320645E+02  0.2910295E-04 -0.1098984E-03  0.6826977E-04
Ar  1061  0.1031398E+02  0.3094194E+02  0.2578495E+02  0.4700610E-04 -0.7426174E-04 -0.2494172E-04
Ar  1062  0.1289247E+02  0.3352043E+02  0.2578495E+02 -0.3462649E-04  0.1319958E-03  0.5280211E-05
Ar  1063  0.1289247E+02  0.3094194E+02  0.2836344E+02 -0.1951034E-04 -0.7394796E-04  0.3548067E-05
Ar  1064  0.1031398E+02  0.3352043E+02  0.2836344E+02 -0.2677097E-04  0.2581197E-04  0.1043804E-03
Ar  1065  0.1031398E+02  0.3094194E+02  0.3094194E+02 -0.4279189E-04  0.7820524E-04 -0.9690052E-04
Ar  1066  0.1289247E+02  0.3352043E+02  0.3094194E+02  0.5992246E-04 -0.4007472E-04 -0.5465439E-04
Ar  1067  0.1289247E+02  0.3094194E+02  0.3352043E+02 -0.4857046E-04  0.2746405E-04  0.6712871E-04
Ar  1068  0.1031398E+02  0.3352043E+02  0.3352043E+02  0.3923525E-04 -0.6092039E-05 -0.5825746E-04
Ar  1069  0.1031398E+02  0.3094194E+02  0.3609893E+02  0.8431329E-04  0.1263686E-03 -0.5802247E-04
Ar  1070  0.1289247E+02  0.3352043E+02  0.3609893E+02 -0.2354789E-04 -0.4321548E-04 -0.2534778E-04
Ar  1071  0.1289247E+02  0.3094194E+02  0.3867742E+02 -0.6928803E-04 -0.4729306E-04 -0.2787465E-04
Ar  1072  0.1031398E+02  0.3352043E+02  0.3867742E+02  0.7447401E-04 -0.3017096E-05  0.1716511E-04
Ar  1073  0.1031398E+02  0.3094194E+02  0.4125592E+02  0.4423227E-04 -0.7696875E-05  0.2192966E-04
Ar  1074  0.1289247E+02  0.3352043E+02  0.4125592E+02  0.3741798E-04  0.1005733E-03 -0.1535549E-04
Ar  1075  0.1289247E+02  0.3094194E+02  0.4383441E+02 -0.7600685E-05 -0.1536268E-04  0.4077953E-04
Ar  1076  0.1031398E+02  0.3352043E+02  0.4383441E+02  0.3442517E-04  0.3910961E-04 -0.5094986E-04
Ar  1077  0.1031398E+02  0.3094194E+02  0.4641291E+02  0.7772474E-04 -0.4631828E-04 -0.7789841E-04
Ar  1078  0.1289247E+02  0.3352043E+02  0.4641291E+02  0.9249213E-04  0.9855649E-04 -0.2092437E-04
Ar  1079  0.1289247E+02  0.3094194E+02  0.4899140E+02  0.2470671E-04 -0.6181007E-04  0.1769167E-03
Ar  1080  0.1031398E+02  0.3352043E+02  0.4899140E+02  0.1957386E-03 -0.8584703E-04  0.3149294E-04
Ar  1081  0.1031398E+02  0.3609893E+02  0.0000000E+00 -0.2212333E-04  0.9026746E-05 -0.2170039E-04
Ar  1082  0.1289247E+02  0.3867742E+02  0.0000000E+00  0.5845738E-04 -0.1792787E-04 -0.4104419E-04
Ar  1083  0.1289247E+02  0.3609893E+02  0.2578495E+01 -0.4135281E-04  0.9902339E-04  0.1619331E-04
Ar  1084  0.1031398E+02  0.3867742E+02  0.2578495E+01  0.2578304E-05  0.2583675E-04  0.2019511E-04
Ar  1085  0.1031398E+02  0.3609893E+02  0.5156990E+01 -0.5419429E-04  0.6293523E-05 -0.5031846E-04
Ar  1086  0.1289247E+02  0.3867742E+02  0.5156990E+01  0.2792764E-05  0.8052738E-04 -0.3192263E-04
Ar  1087  0.1289247E+02  0.3609893E+02  0.7735485E+01  0.2736156E-04  0.8592089E-04  0.4047232E-04
Ar  1088  0.1031398E+02  0.3867742E+02  0.7735485E+01  0.5663561E-04  0.5665215E-04 -0.2361961E-04
Ar  1089  0.1031398E+02  0.3609893E+02  0.1031398E+02 -0.1876086E-04 -0.1233452E-04  0.4173816E-04
Ar  1090  0.1289247E+02  0.3867742E+02  0.1031398E+02 -0.2016230E-04  0.7576014E-04  0.1093664E-03
Ar  1091  0.1289247E+02  0.3609893E+02  0.1289247E+02  0.5103312E-05  0.6612261E-05  0.4823415E-04
Ar  1092  0.1031398E+02  0.3867742E+02  0.1289247E+02  0.1821895E-04  0.7082366E-04  0.4274756E-04
Ar  1093  0.1031398E+02  0.3609893E+02  0.1547097E+02 -0.1022572E-04  0.9390736E-04 -0.4500603E-04
Ar  1094  0.1289247E+02  0.3867742E+02  0.1547097E+02  0.9815318E-04 -0.7824346E-04 -0.4515632E-04
Ar  1095  0.1289247E+02  0.3609893E+02  0.1804946E+02  0.8198690E-05 -0.8320735E-05  0.3412502E-04
Ar  1096  0.1031398E+02  0.3867742E+02  0.1804946E+02 -0.6883777E-04  0.5639206E-05  0.2738512E-04
Ar  1097  0.1031398E+02  0.3609893E+02  0.2062796E+02  0.9707748E-05 -0.4074565E-04 -0.2701608E-05
Ar  1098  0.1289247E+02  0.3867742E+02  0.2062796E+02 -0.9589399E-04  0.4347041E-04  0.8901035E-04
Ar  1099  0.1289247E+02  0.3609893E+02  0.2320645E+02 -0.3265968E-04 -0.5888281E-04  0.9849941E-04
Ar  1100  0.1031398E+02  0.3867742E+02  0.2320645E+02  0.8686640E-05 -0.7031537E-04  0.8377888E-04
Ar  1101  0.1031398E+02  0.3609893E+02  0.2578495E+02 -0.8162653E-04 -0.3482911E-04  0.9103563E-04
Ar  1102  0.1289247E+02  0.3867742E+02  0.2578495E+02  0.7937184E-04  0.2156369E-04  0.4328073E-04
Ar  1103  0.1289247E+02  0.3609893E+02  0.2836344E+02 -0.4373602E-04 -0.1091006E-03  0.1148558E-03
Ar  1104  0.1031398E+02  0.3867742E+02  0.2836344E+02  0.1553224E-04  0.5878760E-05 -0.1302138E-04
Ar  1105  0.1031398E+02  0.3609893E+02  0.3094194E+02  0.1459755E-04 -0.1182216E-03  0.7376687E-04
Ar  1106  0.1289247E+02  0.3867742E+02  0.3094194E+02  0.1015329E-03 -0.8119572E-04  0.2794418E-04
Ar  1107  0.1289247E+02  0.3609893E+02  0.3352043E+02 -0.6287148E-04  0.2402312E-04 -0.6760305E-04
Ar  1108  0.1031398E+02  0.3867742E+02  0.3352043E+02  0.8365803E-04 -0.4395382E-04  0.5238235E-04
Ar  1109  0.1031398E+02  0.3609893E+02  0.3609893E+02 -0.3078556E-04  0.3973786E-04  0.1189261E-04
Ar  1110  0.1289247E+02  0.3867742E+02  0.3609893E+02 -0.4295597E-05  0.1608070E-04  0.1053536E-03
Ar  1111  0.1289247E+02  0.3609893E+02  0.3867742E+02  0.1351153E-04 -0.9601725E-05 -0.1259001E-05
Ar  1112  0.1031398E+02  0.3867742E+02  0.3867742E+02 -0.2125556E-04 -0.6562212E-04  0.5484854E-05
Ar  1113  0.1031398E+02  0.3609893E+02  0.4125592E+02 -0.3329782E-04 -0.5062731E-04  0.1794387E-04
Ar  1114  0.1289247E+02  0.3867742E+02  0.4125592E+02  0.2043374E-04  0.5945290E-04 -0.8159299E-04
Ar  1115  0.1289247E+02  0.3609893E+02  0.4383441E+02  0.1891769E-04  0.2840900E-04 -0.3170200E-04
Ar  1116  0.1031398E+02  0.3867742E+02  0.4383441E+02 -0.1325802E-04  0.2038237E-04 -0.4896472E-04
Ar  1117  0.1031398E+02  0.3609893E+02  0.4641291E+02 -0.3403954E-04  0.6702377E-05  0.1964480E-04
Ar  1118  0.1289247E+02  0.3867742E+02  0.4641291E+02  0.4406208E-04 -0.2041083E-04 -0.4644547E-04
Ar  1119  0.1289247E+02  0.3609893E+02  0.4899140E+02 -0.6765491E-04 -0.1449490E-04 -0.5972576E-04
Ar  1120  0.1031398E+02  0.3867742E+02  0.4899140E+02 -0.5002748E-04 -0.9761204E-04  0.4685666E-04
Ar  1121  0.1031398E+02  0.4125592E+02  0.0000000E+00  0.2904871E-04 -0.7717423E-04 -0.5719560E-04
Ar  1122  0.1289247E+02  0.4383441E+02  0.0000000E+00 -0.8943073E-06  0.1378433E-03  0.1229358E-04
Ar  1123  0.1289247E+02  0.4125592E+02  0.2578495E+01  0.7537917E-05 -0.1608741E-04 -0.9855502E-05
Ar  1124  0.1031398E+02  0.4383441E+02  0.2578495E+01 -0.1070424E-04 -0.8787165E-05 -0.1384943E-05
Ar  1125  0.1031398E+02  0.4125592E+02  0.5156990E+01 -0.5084817E-04 -0.1921526E-04  0.4950457E-05
Ar  1126  0.1289247E+02  0.4383441E+02  0.5156990E+01 -0.5043454E-04 -0.4923870E-04  0.1145337E-04
Ar  1127  0.1289247E+02  0.4125592E+02  0.7735485E+01  0.1325353E-03  0.3750770E-04 -0.7077930E-04
Ar  1128  0.1031398E+02  0.4383441E+02  0.7735485E+01 -0.8077029E-04 -0.2916753E-05 -0.2483188E-04
Ar  1129  0.1031398E+02  0.4125592E+02  0.1031398E+02  0.2811005E-04 -0.4613036E-04 -0.7823736E-04
Ar  1130  0.1289247E+02  0.4383441E+02  0.1031398E+02 -0.3016894E-04 -0.4217319E-04 -0.1113691E-03
Ar  1131  0.1289247E+02  0.4125592E+02  0.1289247E+02 -0.6593760E-04  0.1854171E-04 -0.7722715E-04
Ar  1132  0.1031398E+02  0.4383441E+02  0.1289247E+02 -0.5051186E-04 -0.1145773E-03 -0.3395948E-05
Ar  1133  0.1031398E+02  0.4125592E+02  0.1547097E+02  0.1327511E-03  0.6262245E-04  0.1563491E-04
Ar  1134  0.1289247E+02  0.4383441E+02  0.1547097E+02  0.8133476E-04  0.1479148E-04  0.1836506E-03
Ar  1135  0.1289247E+02  0.4125592E+02  0.1804946E+02  0.7448965E-04  0.7793502E-04 -0.2754354E-04
Ar  1136  0.1031398E+02  0.4383441E+02  0.1804946E+02 -0.4365532E-04 -0.1891295E-04  0.1129859E-03
Ar  1137  0.1031398E+02  0.4125592E+02  0.2062796E+02  0.9618948E-04 -0.1292078E-03  0.2404187E-04
Ar  1138  0.1289247E+02  0.4383441E+02  0.2062796E+02  0.8095503E-05 -0.7790326E-04  0.9623080E-05
Ar  1139  0.1289247E+02  0.4125592E+02  0.2320645E+02  0.5786901E-04 -0.2733247E-05  0.8647249E-04
Ar  1140  0.1031398E+02  0.4383441E+02  0.2320645E+02 -0.6663088E-04  0.2252727E-04  0.8646580E-04
Ar  1141  0.1031398E+02  0.4125592E+02  0.2578495E+02  0.1216991E-03 -0.2721428E-04 -0.4852756E-04
Ar  1142  0.1289247E+02  0.4383441E+02  0.2578495E+02 -0.3529501E-04 -0.3121006E-04  0.7428792E-04
Ar  1143  0.1289247E+02  0.4125592E+02  0.2836344E+02  0.5046638E-04  0.4448713E-04  0.1120531E-03
Ar  1144  0.1031398E+02  0.4383441E+02  0.2836344E+02 -0.1005204E-03 -0.1420334E-04  0.4780024E-04
Ar  1145  0.1031398E+02  0.4125592E+02  0.3094194E+02  0.8692237E-04 -0.3401825E-04 -0.5273815E-04
Ar  1146  0.1289247E+02  0.4383441E+02  0.3094194E+02  0.1001972E-03  0.4235730E-04  0.1274975E-04
Ar  1147  0.1289247E+02  0.4125592E+02  0.3352043E+02  0.9192022E-05  0.6571361E-04  0.4172029E-04
Ar  1148  0.1031398E+02  0.4383441E+02  0.3352043E+02  0.1269839E-03  0.1692613E-05 -0.2267176E-04
Ar  1149  0.1031398E+02  0.4125592E+02  0.3609893E+02 -0.7423308E-04  0.1247923E-03 -0.6240550E-04
Ar  1150  0.1289247E+02  0.4383441E+02  0.3609893E+02  0.4749800E-05  0.9157588E-04  0.7775239E-04
Ar  1151  0.1289247E+02  0.4125592E+02  0.3867742E+02  0.5336182E-04  0.2616012E-04  0.5826878E-05
Ar  1152  0.1031398E+02  0.4383441E+02  0.3867742E+02  0.1187012E-03  0.3602308E-05  0.7823027E-04
Ar  1153  0.1031398E+02  0.4125592E+02  0.4125592E+02 -0.1605142E-04  0.1428533E-04  0.5192934E-04
Ar  1154  0.1289247E+02  0.4383441E+02  0.4125592E+02  0.9154488E-04  0.8480623E-05 -0.3431426E-04
Ar  1155  0.1289247E+02  0.4125592E+02  0.4383441E+02  0.5550032E-04  0.9408295E-05 -0.6805487E-04
Ar  1156  0.1031398E+02  0.4383441E+02  0.4383441E+02 -0.6354012E-04  0.1141230E-03  0.8806161E-04
Ar  1157  0.1031398E+02  0.4125592E+02  0.4641291E+02  0.9117580E-04  0.1624679E-04  0.4864649E-04
Ar  1158  0.1289247E+02  0.4383441E+02  0.4641291E+02  0.2663835E-04  0.8544543E-04 -0.3431994E-04
Ar  1159  0.1289247E+02  0.4125592E+02  0.4899140E+02  0.6966983E-04  0.2124862E-04  0.3804458E-04
Ar  1160  0.1031398E+02  0.4383441E+02  0.4899140E+02 -0.7490705E-04  0.3897953E-04 -0.1986523E-04
Ar  1161  0.1031398E+02  0.4641291E+02  0.0000000E+00 -0.2923468E-05 -0.2546281E-05  0.1376926E-03
Ar  1162  0.1289247E+02  0.4899140E+02  0.0000000E+00 -0.5378994E-04 -0.5794215E-04  0.9027711E-05
Ar  1163  0.1289247E+02  0.4641291E+02  0.2578495E+01 -0.2916102E-04 -0.3663430E-04  0.3425851E-04
Ar  1164  0.1031398E+02  0.4899140E+02  0.2578495E+01  0.4440858E-05  0.2026555E-04 -0.6841494E-04
Ar  1165  0.1031398E+02  0.4641291E+02  0.5156990E+01 -0.1997492E-04  0.9959680E-04  0.1629042E-04
Ar  1166  0.1289247E+02  0.4899140E+02  0.5156990E+01 -0.4943828E-05  0.3143137E-04  0.9921476E-05
Ar  1167  0.1289247E+02  0.4641291E+02  0.7735485E+01  0.9663955E-04  0.1803350E-04  0.2888255E-04
Ar  1168  0.1031398E+02  0.4899140E+02  0.7735485E+01  0.6822688E-04  0.9220364E-04  0.4437883E-04
Ar  1169  0.1031398E+02  0.4641291E+02  0.1031398E+02  0.1320796E-03  0.1442191E-04  0.3776938E-04
Ar  1170  0.1289247E+02  0.4899140E+02  0.1031398E+02 -0.3084360E-05 -0.4407065E-04  0.5192928E-04
Ar  1171  0.1289247E+02  0.4641291E+02  0.1289247E+02  0.7684555E-05  0.1531531E-04 -0.1720246E-03
Ar  1172  0.1031398E+02  0.4899140E+02  0.1289247E+02  0.2793651E-04  0.7657138E-04 -0.5686205E-04
Ar  1173  0.1031398E+02  0.4641291E+02  0.1547097E+02  0.5223637E-04  0.2271922E-05 -0.4103583E-04
Ar  1174  0.1289247E+02  0.4899140E+02  0.1547097E+02  0.1249208E-04 -0.2033034E-04 -0.2063445E-04
Ar  1175  0.1289247E+02  0.4641291E+02  0.1804946E+02  0.1773972E-04 -0.9607346E-05  0.1234615E-03
Ar  1176  0.1031398E+02  0.4899140E+02  0.1804946E+02 -0.4182782E-04  0.7595965E-04  0.1348929E-03
Ar  1177  0.1031398E+02  0.4641291E+02  0.2062796E+02  0.3794342E-04 -0.2179409E-04 -0.9187930E-05
Ar  1178  0.1289247E+02  0.4899140E+02  0.2062796E+02 -0.3372612E-04 -0.4521215E-04  0.3124504E-04
Ar  1179  0.1289247E+02  0.4641291E+02  0.2320645E+02 -0.5052599E-04 -0.1177649E-03 -0.2501217E-04
Ar  1180  0.1031398E+02  0.4899140E+02  0.2320645E+02  0.1340389E-04 -0.1568838E-04  0.1344796E-04
Ar  1181  0.1031398E+02  0.4641291E+02  0.2578495E+02  0.2285254E-04 -0.6308100E-04  0.4135802E-04
Ar  1182  0.1289247E+02  0.4899140E+02  0.2578495E+02 -0.4237347E-04 -0.6208114E-04 -0.6850006E-04
Ar  1183  0.1289247E+02  0.4641291E+02  0.2836344E+02  0.4504071E-04 -0.1210058E-04  0.3873219E-05
Ar  1184  0.1031398E+02  0.4899140E+02  0.2836344E+02  0.7136026E-05 -0.1077881E-03  0.2868049E-04
Ar  1185  0.1031398E+02  0.4641291E+02  0.3094194E+02  0.1195228E-03  0.1435445E-04  0.5090582E-04
Ar  1186  0.1289247E+02  0.4899140E+02  0.3094194E+02  0.2059548E-04 -0.1317233E-03 -0.2985774E-04
Ar  1187  0.1289247E+02  0.4641291E+02  0.3352043E+02  0.5375873E-04 -0.5471128E-05  0.2732914E-05
Ar  1188  0.1031398E+02  0.4899140E+02  0.3352043E+02 -0.1812707E-04  0.3525299E-04 -0.4685188E-04
Ar  1189  0.1031398E+02  0.4641291E+02  0.3609893E+02  0.4359437E-04  0.1723465E-04 -0.6001730E-04
Ar  1190  0.1289247E+02  0.4899140E+02  0.3609893E+02 -0.3597805E-04 -0.1357846E-04 -0.1088756E-04
Ar  1191  0.1289247E+02  0.4641291E+02  0.3867742E+02  0.3211226E-04 -0.4163171E-04 -0.7180037E-05
Ar  1192  0.1031398E+02  0.4899140E+02  0.3867742E+02  0.2311577E-04 -0.1008418E-04  0.3710347E-04
Ar  1193  0.1031398E+02  0.4641291E+02  0.4125592E+02 -0.2021214E-05 -0.1069721E-03 -0.1545700E-03
Ar  1194  0.1289247E+02  0.4899140E+02  0.4125592E+02 -0.2809274E-04 -0.4433323E-04  0.1398242E-04
Ar  1195  0.1289247E+02  0.4641291E+02  0.4383441E+02 -0.7578502E-04 -0.5398821E-04  0.1661006E-04
Ar  1196  0.1031398E+02  0.4899140E+02  0.4383441E+02 -0.5347723E-05 -0.7835136E-04  0.8824145E-04
Ar  1197  0.1031398E+02  0.4641291E+02  0.4641291E+02  0.2989517E-05 -0.9608182E-04 -0.1459077E-04
Ar  1198  0.1289247E+02  0.4899140E+02  0.4641291E+02  0.2885814E-04  0.1230475E-03 -0.3334142E-04
Ar  1199  0.1289247E+02  0.4641291E+02  0.4899140E+02 -0.1603310E-03  0.3973492E-04 -0.1185908E-04
Ar  1200  0.1031398E+02  0.4899140E+02  0.4899140E+02 -0.3422137E-04 -0.1641339E-04  0.5057505E-04
Ar  1201  0.1547097E+02  0.0000000E+00  0.0000000E+00  0.5295509E-04 -0.4858484E-04  0.1032235E-04
Ar  1202  0.1804946E+02  0.2578495E+01  0.0000000E+00 -0.1235246E-04 -0.6794187E-04  0.7673167E-04
Ar  1203  0.1804946E+02  0.0000000E+00  0.2578495E+01 -0.2409555E-04 -0.5937828E-04  0.6292249E-04
Ar  1204  0.1547097E+02  0.2578495E+01  0.2578495E+01 -0.1034850E-03 -0.1205145E-03 -0.1275871E-03
Ar  1205  0.1547097E+02  0.0000000E+00  0.5156990E+01 -0.2100847E-04 -0.1213754E-03  0.5109543E-04
Ar  1206  0.1804946E+02  0.2578495E+01  0.5156990E+01 -0.3963999E-05 -0.7280469E-04 -0.5216134E-06
Ar  1207  0.1804946E+02  0.0000000E+00  0.7735485E+01 -0.7788514E-04 -0.7853116E-04  0.1234585E-03
Ar  1208  0.1547097E+02  0.2578495E+01  0.7735485E+01  0.3858029E-04 -0.1313793E-03  0.1222446E-03
Ar  1209  0.1547097E+02  0.0000000E+00  0.1031398E+02  0.3866577E-04  0.7780087E-04  0.3902776E-04
Ar  1210  0.1804946E+02  0.2578495E+01  0.1031398E+02 -0.4698184E-04 -0.2805183E-04  0.3552549E-04
Ar  1211  0.1804946E+02  0.0000000E+00  0.1289247E+02  0.5900847E-04  0.4821186E-04 -0.3336016E-05
Ar  1212  0.1547097E+02  0.2578495E+01  0.1289247E+02  0.6595138E-05  0.3886762E-05  0.2651317E-04
Ar  1213  0.1547097E+02  0.0000000E+00  0.1547097E+02  0.5266640E-04 -0.8609232E-05 -0.7511349E-04
Ar  1214  0.1804946E+02  0.2578495E+01  0.1547097E+02  0.7764312E-04 -0.7060445E-05 -0.2050298E-04
Ar  1215  0.1804946E+02  0.0000000E+00  0.1804946E+02  0.1123315E-04  0.7156469E-05 -0.8660837E-04
Ar  1216  0.1547097E+02  0.2578495E+01  0.1804946E+02  0.5287543E-04 -0.7598995E-05 -0.1342299E-03
Ar  1217  0.1547097E+02  0.0000000E+00  0.2062796E+02  0.3668069E-04  0.6000232E-04 -0.2680716E-04
Ar  1218  0.1804946E+02  0.2578495E+01  0.2062796E+02 -0.8978879E-05  0.6955069E-04 -0.1299597E-03
Ar  1219  0.1804946E+02  0.0000000E+00  0.2320645E+02  0.2744027E-04 -0.1769365E-04 -0.5938507E-04
Ar  1220  0.1547097E+02  0.2578495E+01  0.2320645E+02  0.2423124E-04  0.7247153E-04  0.2841621E-04
Ar  1221  0.1547097E+02  0.0000000E+00  0.2578495E+02 -0.1680756E-04 -0.3078915E-04 -0.4710025E-04
Ar  1222  0.1804946E+02  0.2578495E+01  0.2578495E+02 -0.5059618E-04 -0.6405741E-05  0.1308391E-03
Ar  1223  0.1804946E+02  0.0000000E+00  0.2836344E+02  0.1430070E-04 -0.2872555E-04 -0.1085346E-04
Ar  1224  0.1547097E+02  0.2578495E+01  0.2836344E+02 -0.3130801E-04 -0.1694918E-04  0.1334516E-04
Ar  1225  0.1547097E+02  0.0000000E+00  0.3094194E+02 -0.6720946E-04 -0.1084018E-04 -0.4813571E-04
Ar  1226  0.1804946E+02  0.2578495E+01  0.3094194E+02  0.9521399E-04  0.5293307E-04 -0.5162656E-04
Ar  1227  0.1804946E+02  0.0000000E+00  0.3352043E+02 -0.1706323E-04 -0.1427748E-04  0.1234119E-04
Ar  1228  0.1547097E+02  0.2578495E+01  0.3352043E+02  0.3248898E-04  0.9029458E-04  0.4053368E-04
Ar  1229  0.1547097E+02  0.0000000E+00  0.3609893E+02 -0.1949116E-04 -0.6873022E-04  0.9768763E-04
Ar  1230  0.1804946E+02  0.2578495E+01  0.3609893E+02 -0.9967612E-04 -0.1848215E-04 -0.1042066E-03
Ar  1231  0.1804946E+02  0.0000000E+00  0.3867742E+02 -0.2585889E-04  0.8618938E-04  0.5325776E-04
Ar  1232  0.1547097E+02  0.2578495E+01  0.3867742E+02 -0.4395316E-04  0.7999185E-05 -0.2169622E-04
Ar  1233  0.1547097E+02  0.0000000E+00  0.4125592E+02 -0.1177940E-03 -0.4835150E-04 -0.6736068E-04
Ar  1234  0.1804946E+02  0.2578495E+01  0.4125592E+02 -0.6769559E-05  0.3314106E-04 -0.9892884E-04
Ar  1235  0.1804946E+02  0.0000000E+00  0.4383441E+02  0.2097218E-04  0.2912017E-04  0.9755934E-04
Ar  1236  0.1547097E+02  0.2578495E+01  0.4383441E+02  0.8851612E-04  0.9468609E-04 -0.2103868E-04
Ar  1237  0.1547097E+02  0.0000000E+00  0.4641291E+02  0.5312410E-04  0.2008800E-04  0.2313271E-04
Ar  1238  0.1804946E+02  0.2578495E+01  0.4641291E+02 -0.3672525E-04 -0.2137331E-04  0.7980174E-04
Ar  1239  0.1804946E+02  0.0000000E+00  0.4899140E+02 -0.3220371E-04 -0.6184108E-04 -0.1341075E-03
Ar  1240  0.1547097E+02  0.2578495E+01  0.4899140E+02 -0.9512391E-04  0.4400560E-04  0.2504013E-04
Ar  1241  0.1547097E+02  0.5156990E+01  0.0000000E+00  0.4072064E-04 -0.7285056E-04 -0.1020683E-03
Ar  1242  0.1804946E+02  0.7735485E+01  0.0000000E+00 -0.8878743E-08  0.1629002E-04 -0.5736813E-04
Ar  1243  0.1804946E+02  0.5156990E+01  0.2578495E+01  0.8124226E-04  0.2883597E-05  0.3085204E-04
Ar  1244  0.1547097E+02  0.7735485E+01  0.2578495E+01 -0.1341632E-04  0.2375097E-04 -0.1454039E-04
Ar  1245  0.1547097E+02  0.5156990E+01  0.5156990E+01 -0.1297356E-04  0.2658383E-05 -0.7083866E-04
Ar  1246  0.1804946E+02  0.7735485E+01  0.5156990E+01  0.5821935E-04 -0.1082864E-03 -0.6483459E-05
Ar  1247  0.1804946E+02  0.5156990E+01  0.7735485E+01 -0.2063561E-04 -0.9124017E-04  0.1055101E-03
Ar  1248  0.1547097E+02  0.7735485E+01  0.7735485E+01  0.2082464E-04 -0.9980342E-04 -0.7136546E-04
Ar  1249  0.1547097E+02  0.5156990E+01  0.1031398E+02  0.2261125E-04 -0.4601622E-04  0.4617579E-04
Ar  1250  0.1804946E+02  0.7735485E+01  0.1031398E+02  0.4441915E-05  0.1200994E-04 -0.6598112E-04
Ar  1251  0.1804946E+02  0.5156990E+01  0.1289247E+02 -0.5527059E-04 -0.1994398E-04  0.5366719E-04
Ar  1252  0.1547097E+02  0.7735485E+01  0.1289247E+02  0.5207417E-04 -0.1395745E-03  0.7567509E-04
Ar  1253  0.1547097E+02  0.5156990E+01  0.1547097E+02  0.1469990E-03 -0.5070153E-04 -0.5354603E-04
Ar  1254  0.1804946E+02  0.7735485E+01  0.1547097E+02 -0.9307960E-04  0.4713161E-04  0.8360825E-04
Ar  1255  0.1804946E+02  0.5156990E+01  0.1804946E+02  0.1978376E-04 -0.9824029E-05  0.6229364E-04
Ar  1256  0.1547097E+02  0.7735485E+01  0.1804946E+02  0.1554064E-03  0.3012384E-04 -0.3140030E-04
Ar  1257  0.1547097E+02  0.5156990E+01  0.2062796E+02  0.6275076E-04  0.1584458E-05  0.5133576E-04
Ar  1258  0.1804946E+02  0.7735485E+01  0.2062796E+02  0.9151803E-04  0.1739144E-04  0.7470643E-04
Ar  1259  0.1804946E+02  0.5156990E+01  0.2320645E+02  0.8020688E-04 -0.4527401E-04 -0.7662659E-04
Ar  1260  0.1547097E+02  0.7735485E+01  0.2320645E+02  0.1046524E-05 -0.3517398E-04 -0.1779195E-03
Ar  1261  0.1547097E+02  0.5156990E+01  0.2578495E+02 -0.9494113E-04 -0.1844867E-04 -0.1509657E-04
Ar  1262  0.1804946E+02  0.7735485E+01  0.2578495E+02 -0.1068139E-04  0.1131673E-05  0.4663484E-04
Ar  1263  0.1804946E+02  0.5156990E+01  0.2836344E+02  0.8926201E-04  0.9465221E-04 -0.3257743E-04
Ar  1264  0.1547097E+02  0.7735485E+01  0.2836344E+02  0.4568301E-04 -0.2520154E-04  0.1680479E-03
Ar  1265  0.1547097E+02  0.5156990E+01  0.3094194E+02 -0.1497024E-04 -0.1440171E-04 -0.6444717E-04
Ar  1266  0.1804946E+02  0.7735485E+01  0.3094194E+02 -0.4362525E-05  0.2259155E-04  0.1005457E-03
Ar  1267  0.1804946E+02  0.5156990E+01  0.3352043E+02  0.1396491E-03  0.3106947E-04  0.4829549E-04
Ar  1268  0.1547097E+02  0.7735485E+01  0.3352043E+02  0.4226420E-04  0.3824369E-04 -0.1284350E-03
Ar  1269  0.1547097E+02  0.5156990E+01  0.3609893E+02 -0.4313295E-04  0.2810002E-04 -0.1450128E-04
Ar  1270  0.1804946E+02  0.7735485E+01  0.3609893E+02  0.3368960E-04 -0.4406976E-05 -0.9865955E-05
Ar  1271  0.1804946E+02  0.5156990E+01  0.3867742E+02  0.8819254E-04  0.6414344E-04  0.2535709E-04
Ar  1272  0.1547097E+02  0.7735485E+01  0.3867742E+02 -0.3430735E-04  0.8017334E-04  0.4592182E-04
Ar  1273  0.1547097E+02  0.5156990E+01  0.4125592E+02 -0.3522195E-04  0.3019137E-04  0.2689290E-04
Ar  1274  0.1804946E+02  0.7735485E+01  0.4125592E+02 -0.4862908E-04 -0.8940026E-05  0.5525415E-04
Ar  1275  0.1804946E+02  0.5156990E+01  0.4383441E+02 -0.7833830E-04 -0.1454770E-04 -0.3912214E-04
Ar  1276  0.1547097E+02  0.7735485E+01  0.4383441E+02  0.1012406E-03 -0.1572689E-04  0.1169852E-03
Ar  1277  0.1547097E+02  0.5156990E+01  0.4641291E+02 -0.7277519E-04  0.4604454E-04 -0.1117829E-03
Ar  1278  0.1804946E+02  0.7735485E+01  0.4641291E+02 -0.4291570E-05 -0.9015253E-04  0.2064731E-05
Ar  1279  0.1804946E+02  0.5156990E+01  0.4899140E+02 -0.2017290E-04 -0.2827671E-04  0.3394889E-04
Ar  1280  0.1547097E+02  0.7735485E+01  0.4899140E+02  0.3085749E-04 -0.4327531E-04  0.1570915E-03
Ar  1281  0.1547097E+02  0.1031398E+02  0.0000000E+00 -0.1069067E-03  0.4221292E-04 -0.2148321E-04
Ar  1282  0.1804946E+02  0.1289247E+02  0.0000000E+00  0.6660986E-04  0.3153854E-04  0.3038490E-05
Ar  1283  0.1804946E+02  0.1031398E+02  0.2578495E+01 -0.9391000E-04 -0.1691581E-03  0.9694943E-05
Ar  1284  0.1547097E+02  0.1289247E+02  0.2578495E+01 -0.1207827E-03 -0.9305353E-04  0.3028101E-04
Ar  1285  0.1547097E+02  0.1031398E+02  0.5156990E+01  0.1431737E-03 -0.2526276E-04  0.1251841E-03
Ar  1286  0.1804946E+02  0.1289247E+02  0.5156990E+01  0.1419140E-03  0.5973316E-04  0.5023383E-05
Ar  1287  0.1804946E+02  0.1031398E+02  0.7735485E+01  0.2409134E-04  0.1448954E-04  0.1980864E-04
Ar  1288  0.1547097E+02  0.1289247E+02  0.7735485E+01 -0.1034675E-03 -0.6032710E-04  0.2513457E-04
Ar  1289  0.1547097E+02  0.1031398E+02  0.1031398E+02  0.1139292E-03  0.9683018E-04 -0.3851949E-04
Ar  1290  0.1804946E+02  0.1289247E+02  0.1031398E+02  0.4525126E-04  0.7311212E-04 -0.1061263E-03
Ar  1291  0.1804946E+02  0.1031398E+02  0.1289247E+02  0.6908567E-04  0.5418566E-04  0.6709167E-05
Ar  1292  0.1547097E+02  0.1289247E+02  0.1289247E+02  0.2798474E-04  0.9108016E-04  0.3934302E-04
Ar  1293  0.1547097E+02  0.1031398E+02  0.1547097E+02 -0.8909398E-04 -0.9231421E-06  0.3608103E-04
Ar  1294  0.1804946E+02  0.1289247E+02  0.1547097E+02 -0.2428033E-05 -0.4852623E-04  0.5328584E-05
Ar  1295  0.1804946E+02  0.1031398E+02  0.1804946E+02  0.3182408E-04 -0.5542620E-04  0.1515469E-03
Ar  1296  0.1547097E+02  0.1289247E+02  0.1804946E+02  0.5487786E-04 -0.7508340E-05 -0.3719515E-04
Ar  1297  0.1547097E+02  0.1031398E+02  0.2062796E+02  0.2825319E-04 -0.4499877E-04  0.7550181E-04
Ar  1298  0.1804946E+02  0.1289247E+02  0.2062796E+02  0.8756711E-04  0.1423760E-04 -0.5223031E-04
Ar  1299  0.1804946E+02  0.1031398E+02  0.2320645E+02 -0.2269596E-04 -0.3295456E-04  0.5110150E-04
Ar  1300  0.1547097E+02  0.1289247E+02  0.2320645E+02 -0.7296797E-04 -0.1831781E-04 -0.1197561E-03
Ar  1301  0.1547097E+02  0.1031398E+02  0.2578495E+02  0.2470215E-04  0.3314648E-04  0.8262948E-04
Ar  1302  0.1804946E+02  0.1289247E+02  0.2578495E+02  0.4768590E-04 -0.5291269E-04  0.7601988E-04
Ar  1303  0.1804946E+02  0.1031398E+02  0.2836344E+02  0.3276720E-04  0.1106220E-03 -0.7056975E-04
Ar  1304  0.1547097E+02  0.1289247E+02  0.2836344E+02  0.6088234E-04 -0.3432253E-04 -0.4857595E-04
Ar  1305  0.1547097E+02  0.1031398E+02  0.3094194E+02  0.3886616E-04 -0.9750526E-04 -0.7533072E-04
Ar  1306  0.1804946E+02  0.1289247E+02  0.3094194E+02 -0.1487170E-04  0.1075889E-03 -0.6817138E-04
Ar  1307  0.1804946E+02  0.1031398E+02  0.3352043E+02 -0.1405215E-03  0.7813329E-04  0.1362758E-04
Ar  1308  0.1547097E+02  0.1289247E+02  0.3352043E+02  0.4983155E-04 -0.6811620E-04 -0.2747257E-04
Ar  1309  0.1547097E+02  0.1031398E+02  0.3609893E+02  0.1924366E-03 -0.2115591E-05  0.1142589E-03
Ar  1310  0.1804946E+02  0.1289247E+02  0.3609893E+02 -0.9445104E-04 -0.8618905E-04  0.4489510E-04
Ar  1311  0.1804946E+02  0.1031398E+02  0.3867742E+02  0.2710940E-04 -0.4525700E-04  0.1007705E-03
Ar  1312  0.1547097E+02  0.1289247E+02  0.3867742E+02 -0.2332348E-06 -0.2603731E-04  0.5871950E-04
Ar  1313  0.1547097E+02  0.1031398E+02  0.4125592E+02 -0.2698928E-04  0.4004766E-04  0.2833582E-04
Ar  1314  0.1804946E+02  0.1289247E+02  0.4125592E+02  0.1017544E-04  0.1487809E-04  0.1147464E-03
Ar  1315  0.1804946E+02  0.1031398E+02  0.4383441E+02 -0.1884087E-03 -0.1451335E-04  0.1974416E-04
Ar  1316  0.1547097E+02  0.1289247E+02  0.4383441E+02 -0.9660857E-04 -0.8376994E-04 -0.9350680E-04
Ar  1317  0.1547097E+02  0.1031398E+02  0.4641291E+02  0.6044553E-04  0.4050325E-04 -0.6382393E-04
Ar  1318  0.1804946E+02  0.1289247E+02  0.4641291E+02  0.1110110E-03 -0.7663889E-04  0.2001637E-04
Ar  1319  0.1804946E+02  0.1031398E+02  0.4899140E+02  0.1260877E-04  0.3482520E-04 -0.7875729E-04
Ar  1320  0.1547097E+02  0.1289247E+02  0.4899140E+02 -0.3479687E-04 -0.2840879E-04  0.2358218E-04
Ar  1321  0.1547097E+02  0.1547097E+02  0.0000000E+00 -0.1043435E-03  0.1443239E-03  0.2225557E-03
Ar  1322  0.1804946E+02  0.1804946E+02  0.0000000E+00 -0.4939774E-05 -0.6084066E-05  0.1621288E-03
Ar  1323  0.1804946E+02  0.1547097E+02  0.2578495E+01 -0.5155388E-04 -0.1180091E-04 -0.3669916E-04
Ar  1324  0.1547097E+02  0.1804946E+02  0.2578495E+01 -0.8022830E-04 -0.2537706E-04 -0.5096780E-04
Ar  1325  0.1547097E+02  0.1547097E+02  0.5156990E+01 -0.1559139E-03 -0.1716072E-04 -0.5694417E-04
Ar  1326  0.1804946E+02  0.1804946E+02  0.5156990E+01 -0.3764321E-04  0.1363933E-03 -0.1987959E-03
Ar  1327  0.1804946E+02  0.1547097E+02  0.7735485E+01 -0.1118698E-03  0.1177214E-04 -0.7081783E-04
Ar  1328  0.1547097E+02  0.1804946E+02  0.7735485E+01 -0.8142122E-04  0.4120051E-05 -0.2718710E-04
Ar  1329  0.1547097E+02  0.1547097E+02  0.1031398E+02 -0.4196191E-04 -0.1348095E-03  0.6059087E-04
Ar  1330  0.1804946E+02  0.1804946E+02  0.1031398E+02 -0.1654634E-04 -0.1700135E-04 -0.9784818E-04
Ar  1331  0.1804946E+02  0.1547097E+02  0.1289247E+02  0.3075202E-04  0.7737941E-04  0.4889235E-04
Ar  1332  0.1547097E+02  0.1804946E+02  0.1289247E+02  0.3300376E-04  0.7238760E-04  0.9862824E-04
Ar  1333  0.1547097E+02  0.1547097E+02  0.1547097E+02  0.1482534E-03 -0.4596943E-04  0.3603126E-04
Ar  1334  0.1804946E+02  0.1804946E+02  0.1547097E+02 -0.6648403E-04 -0.4897660E-04 -0.3030150E-05
Ar  1335  0.1804946E+02  0.1547097E+02  0.1804946E+02  0.6899450E-04  0.1545572E-03  0.3034247E-04
Ar  1336  0.1547097E+02  0.1804946E+02  0.1804946E+02 -0.4685219E-04 -0.6319221E-04  0.1235832E-03
Ar  1337  0.1547097E+02  0.1547097E+02  0.2062796E+02  0.1022380E-04  0.7256954E-04  0.2954824E-05
Ar  1338  0.1804946E+02  0.1804946E+02  0.2062796E+02 -0.3506682E-04  0.1137680E-03 -0.3786463E-04
Ar  1339  0.1804946E+02  0.1547097E+02  0.2320645E+02 -0.2691407E-04  0.5954716E-04  0.1205709E-03
Ar  1340  0.1547097E+02  0.1804946E+02  0.2320645E+02 -0.3883530E-04 -0.2418894E-04  0.3132322E-04
Ar  1341  0.1547097E+02  0.1547097E+02  0.2578495E+02 -0.9930583E-04 -0.2008189E-04  0.5937642E-04
Ar  1342  0.1804946E+02  0.1804946E+02  0.2578495E+02  0.6789475E-04 -0.3823520E-04 -0.2770255E-04
Ar  1343  0.1804946E+02  0.1547097E+02  0.2836344E+02  0.5777476E-04  0.7179277E-04 -0.7531486E-04
Ar  1344  0.1547097E+02  0.1804946E+02  0.2836344E+02  0.5469264E-04 -0.1934659E-04 -0.6867894E-04
Ar  1345  0.1547097E+02  0.1547097E+02  0.3094194E+02 -0.3837862E-04  0.1050551E-04  0.6936371E-04
Ar  1346  0.1804946E+02  0.1804946E+02  0.3094194E+02 -0.7453004E-05 -0.4621233E-04  0.1102082E-03
Ar  1347  0.1804946E+02  0.1547097E+02  0.3352043E+02 -0.3549952E-05 -0.1424957E-04  0.1005828E-03
Ar  1348  0.1547097E+02  0.1804946E+02  0.3352043E+02 -0.3233817E-04  0.8509060E-04 -0.1023823E-03
Ar  1349  0.1547097E+02  0.1547097E+02  0.3609893E+02 -0.1342620E-03 -0.2775943E-04  0.3883958E-04
Ar  1350  0.1804946E+02  0.1804946E+02  0.3609893E+02 -0.2970812E-04 -0.1187714E-04  0.3886758E-05
Ar  1351  0.1804946E+02  0.1547097E+02  0.3867742E+02 -0.9947526E-04  0.2390312E-05 -0.4455589E-04
Ar  1352  0.1547097E+02  0.1804946E+02  0.3867742E+02 -0.2820701E-04  0.5029568E-04 -0.5664516E-04
Ar  1353  0.1547097E+02  0.1547097E+02  0.4125592E+02  0.1786838E-04 -0.2651487E-04 -0.1537803E-03
Ar  1354  0.1804946E+02  0.1804946E+02  0.4125592E+02 -0.6939818E-04  0.9160946E-05  0.4767835E-04
Ar  1355  0.1804946E+02  0.1547097E+02  0.4383441E+02 -0.8336433E-04  0.1902350E-04  0.4313040E-04
Ar  1356  0.1547097E+02  0.1804946E+02  0.4383441E+02 -0.5944968E-04 -0.6452596E-04 -0.5630002E-04
Ar  1357  0.1547097E+02  0.1547097E+02  0.4641291E+02  0.1428756E-03 -0.1117485E-04  0.6841443E-04
Ar  1358  0.1804946E+02  0.1804946E+02  0.4641291E+02  0.2875104E-04  0.5417193E-04  0.8604867E-04
Ar  1359  0.1804946E+02  0.1547097E+02  0.4899140E+02  0.4827576E-04 -0.8730116E-04  0.1046111E-03
Ar  1360  0.1547097E+02  0.1804946E+02  0.4899140E+02 -0.2299130E-04  0.1246744E-03 -0.4142709E-04
Ar  1361  0.1547097E+02  0.2062796E+02  0.0000000E+00  0.2160507E-04 -0.7597349E-04 -0.1183428E-03
Ar  1362  0.1804946E+02  0.2320645E+02  0.0000000E+00 -0.1240728E-04 -0.6309168E-04  0.1091805E-05
Ar  1363  0.1804946E+02  0.2062796E+02  0.2578495E+01  0.6999547E-04  0.2299622E-04 -0.4923042E-04
Ar  1364  0.1547097E+02  0.2320645E+02  0.2578495E+01  0.2035435E-04  0.8253644E-04  0.4799343E-04
Ar  1365  0.1547097E+02  0.2062796E+02  0.5156990E+01 -0.1396308E-04 -0.9266856E-04  0.2951506E-04
Ar  1366  0.1804946E+02  0.2320645E+02  0.5156990E+01 -0.4604232E-04 -0.7407231E-04 -0.4979760E-04
Ar  1367  0.1804946E+02  0.2062796E+02  0.7735485E+01 -0.5055879E-05 -0.1223254E-03 -0.5283403E-04
Ar  1368  0.1547097E+02  0.2320645E+02  0.7735485E+01 -0.4916127E-04 -0.8646493E-04  0.1112098E-04
Ar  1369  0.1547097E+02  0.2062796E+02  0.1031398E+02 -0.3542206E-04  0.2856629E-04  0.6529180E-04
Ar  1370  0.1804946E+02  0.2320645E+02  0.1031398E+02  0.1503475E-05 -0.7685104E-04 -0.5063145E-04
Ar  1371  0.1804946E+02  0.2062796E+02  0.1289247E+02  0.3783835E-05 -0.4497267E-05 -0.1073678E-04
Ar  1372  0.1547097E+02  0.2320645E+02  0.1289247E+02 -0.5749796E-04  0.2352713E-04 -0.6556485E-04
Ar  1373  0.1547097E+02  0.2062796E+02  0.1547097E+02 -0.7891829E-04 -0.6268319E-04 -0.3184931E-04
Ar  1374  0.1804946E+02  0.2320645E+02  0.1547097E+02  0.8574176E-04 -0.5013969E-04 -0.3281850E-04
Ar  1375  0.1804946E+02  0.2062796E+02  0.1804946E+02  0.1159467E-05 -0.2918702E-04 -0.3110332E-04
Ar  1376  0.1547097E+02  0.2320645E+02  0.1804946E+02 -0.3272151E-04  0.5418332E-04  0.3038644E-04
Ar  1377  0.1547097E+02  0.2062796E+02  0.2062796E+02  0.1051454E-03  0.8572005E-04 -0.9979733E-04
Ar  1378  0.1804946E+02  0.2320645E+02  0.2062796E+02  0.1592538E-03 -0.5172314E-04  0.4573493E-04
Ar  1379  0.1804946E+02  0.2062796E+02  0.2320645E+02 -0.4865265E-05  0.1176000E-04  0.9479837E-05
Ar  1380  0.1547097E+02  0.2320645E+02  0.2320645E+02 -0.4482291E-04 -0.5955965E-04 -0.6074706E-04
Ar  1381  0.1547097E+02  0.2062796E+02  0.2578495E+02 -0.6435350E-06  0.4551387E-04 -0.7841207E-04
Ar  1382  0.1804946E+02  0.2320645E+02  0.2578495E+02  0.1012792E-03  0.8558007E-04  0.9479919E-04
Ar  1383  0.1804946E+02  0.2062796E+02  0.2836344E+02 -0.1289672E-03 -0.6304255E-04 -0.2363406E-05
Ar  1384  0.1547097E+02  0.2320645E+02  0.2836344E+02 -0.3469589E-04 -0.4665464E-04 -0.3058329E-04
Ar  1385  0.1547097E+02  0.2062796E+02  0.3094194E+02 -0.9722823E-04 -0.8502518E-04  0.8181615E-04
Ar  1386  0.1804946E+02  0.2320645E+02  0.3094194E+02  0.7353686E-04  0.3385010E-05  0.4523961E-04
Ar  1387  0.1804946E+02  0.2062796E+02  0.3352043E+02 -0.2329372E-04  0.2563371E-04  0.6042419E-05
Ar  1388  0.1547097E+02  0.2320645E+02  0.3352043E+02 -0.1121684E-03  0.6510071E-04 -0.1145308E-04
Ar  1389  0.1547097E+02  0.2062796E+02  0.3609893E+02  0.4973924E-04 -0.4216189E-04  0.2896521E-04
Ar  1390  0.1804946E+02  0.2320645E+02  0.3609893E+02 -0.8805121E-04  0.2807858E-04 -0.2044266E-04
Ar  1391  0.1804946E+02  0.2062796E+02  0.3867742E+02  0.1438963E-04 -0.2277384E-04 -0.7350489E-04
Ar  1392  0.1547097E+02  0.2320645E+02  0.3867742E+02 -0.1101105E-04  0.8244544E-05  0.1563310E-04
Ar  1393  0.1547097E+02  0.2062796E+02  0.4125592E+02 -0.2945404E-04  0.3970590E-04 -0.3212959E-04
Ar  1394  0.1804946E+02  0.2320645E+02  0.4125592E+02 -0.7068080E-05 -0.1366931E-03  0.9594715E-04
Ar  1395  0.1804946E+02  0.2062796E+02  0.4383441E+02 -0.1129713E-03  0.1507604E-04 -0.6369645E-04
Ar  1396  0.1547097E+02  0.2320645E+02  0.4383441E+02 -0.7720413E-04  0.2501968E-04 -0.6317046E-04
Ar  1397  0.1547097E+02  0.2062796E+02  0.4641291E+02 -0.9047478E-04 -0.4643836E-04  0.9515380E-05
Ar  1398  0.1804946E+02  0.2320645E+02  0.4641291E+02  0.4372047E-04 -0.4132476E-04  0.7954955E-04
Ar  1399  0.1804946E+02  0.2062796E+02  0.4899140E+02  0.2665352E-05 -0.5216753E-04 -0.4267834E-04
Ar  1400  0.1547097E+02  0.2320645E+02  0.4899140E+02 -0.7111105E-04 -0.2084059E-04 -0.3998328E-04
Ar  1401  0.1547097E+02  0.2578495E+02  0.0000000E+00 -0.1628221E-03  0.1280521E-04 -0.1140584E-05
Ar  1402  0.1804946E+02  0.2836344E+02  0.0000000E+00  0.2646297E-04 -0.4820369E-04  0.4918873E-04
Ar  1403  0.1804946E+02  0.2578495E+02  0.2578495E+01 -0.4025755E-04  0.5280563E-04 -0.9540613E-05
Ar  1404  0.1547097E+02  0.2836344E+02  0.2578495E+01  0.3082436E-04  0.4038899E-04 -0.6640782E-04
Ar  1405  0.1547097E+02  0.2578495E+02  0.5156990E+01  0.2354620E-03 -0.8459223E-05 -0.9308219E-04
Ar  1406  0.1804946E+02  0.2836344E+02  0.5156990E+01  0.5831968E-04  0.1869401E-04 -0.5334431E-04
Ar  1407  0.1804946E+02  0.2578495E+02  0.7735485E+01  0.4660842E-04  0.6380746E-06 -0.2652030E-04
Ar  1408  0.1547097E+02  0.2836344E+02  0.7735485E+01  0.6612249E-04  0.6195933E-04 -0.1388872E-04
Ar  1409  0.1547097E+02  0.2578495E+02  0.1031398E+02 -0.4492954E-04 -0.4635585E-04 -0.5903942E-04
Ar  1410  0.1804946E+02  0.2836344E+02  0.1031398E+02  0.3632559E-04  0.1164220E-03  0.2402046E-04
Ar  1411  0.1804946E+02  0.2578495E+02  0.1289247E+02 -0.6327180E-04 -0.4997800E-04 -0.8731971E-04
Ar  1412  0.1547097E+02  0.2836344E+02  0.1289247E+02  0.9529957E-05 -0.4354646E-04  0.4854643E-05
Ar  1413  0.1547097E+02  0.2578495E+02  0.1547097E+02 -0.8907895E-06  0.8798506E-04  0.9810731E-04
Ar  1414  0.1804946E+02  0.2836344E+02  0.1547097E+02 -0.1242528E-03  0.1057008E-03 -0.1044076E-03
Ar  1415  0.1804946E+02  0.2578495E+02  0.1804946E+02 -0.3464745E-05 -0.2992235E-04  0.4176862E-04
Ar  1416  0.1547097E+02  0.2836344E+02  0.1804946E+02  0.1240947E-04 -0.9789220E-04 -0.3807729E-04
Ar  1417  0.1547097E+02  0.2578495E+02  0.2062796E+02 -0.2955742E-04  0.9149918E-04 -0.5855366E-05
Ar  1418  0.1804946E+02  0.2836344E+02  0.2062796E+02  0.8168359E-05 -0.4971050E-06  0.1055843E-03
Ar  1419  0.1804946E+02  0.2578495E+02  0.2320645E+02  0.4220947E-04  0.9916887E-04 -0.2544718E-04
Ar  1420  0.1547097E+02  0.2836344E+02  0.2320645E+02 -0.8707369E-04 -0.5047178E-05 -0.8728533E-05
Ar  1421  0.1547097E+02  0.2578495E+02  0.2578495E+02 -0.5032888E-04  0.1455675E-04  0.1326628E-04
Ar  1422  0.1804946E+02  0.2836344E+02  0.2578495E+02  0.3341130E-04  0.3576363E-04 -0.2747934E-05
Ar  1423  0.1804946E+02  0.2578495E+02  0.2836344E+02 -0.8284038E-04 -0.3993992E-04 -0.1006928E-04
Ar  1424  0.1547097E+02  0.2836344E+02  0.2836344E+02 -0.9621108E-04 -0.5352876E-04 -0.1878393E-04
Ar  1425  0.1547097E+02  0.2578495E+02  0.3094194E+02 -0.6744683E-04  0.1652834E-03 -0.1550095E-04
Ar  1426  0.1804946E+02  0.2836344E+02  0.3094194E+02 -0.6258247E-04  0.7104508E-04 -0.2190194E-04
Ar  1427  0.1804946E+02  0.2578495E+02  0.3352043E+02 -0.5467848E-04 -0.6738473E-04  0.3440679E-04
Ar  1428  0.1547097E+02  0.2836344E+02  0.3352043E+02  0.9163769E-04  0.9856206E-04  0.2439286E-04
Ar  1429  0.1547097E+02  0.2578495E+02  0.3609893E+02 -0.1893698E-04  0.1323953E-03  0.5647775E-04
Ar  1430  0.1804946E+02  0.2836344E+02  0.3609893E+02  0.1706086E-03  0.3377286E-04  0.1710271E-03
Ar  1431  0.1804946E+02  0.2578495E+02  0.3867742E+02 -0.2581633E-04 -0.4058105E-05  0.2757736E-04
Ar  1432  0.1547097E+02  0.2836344E+02  0.3867742E+02  0.4455004E-04  0.3866572E-04  0.7320053E-04
Ar  1433  0.1547097E+02  0.2578495E+02  0.4125592E+02  0.1151512E-03  0.3941622E-04 -0.3978276E-04
Ar  1434  0.1804946E+02  0.2836344E+02  0.4125592E+02 -0.1079033E-03 -0.7986082E-05  0.5247080E-05
Ar  1435  0.1804946E+02  0.2578495E+02  0.4383441E+02 -0.8914678E-04  0.9557625E-04  0.1371959E-03
Ar  1436  0.1547097E+02  0.2836344E+02  0.4383441E+02  0.2352544E-04 -0.3120303E-05  0.5144793E-04
Ar  1437  0.1547097E+02  0.2578495E+02  0.4641291E+02 -0.4208045E-05 -0.1921887E-04  0.1029552E-03
Ar  1438  0.1804946E+02  0.2836344E+02  0.4641291E+02  0.9924298E-04  0.4265169E-04 -0.1089480E-03
Ar  1439  0.1804946E+02  0.2578495E+02  0.4899140E+02 -0.3530994E-04  0.3266822E-04  0.2545047E-05
Ar  1440  0.1547097E+02  0.2836344E+02  0.4899140E+02 -0.8533368E-04  0.6991949E-04  0.6715247E-04
Ar  1441  0.1547097E+02  0.3094194E+02  0.0000000E+00  0.2307997E-04 -0.2365765E-04  0.2345877E-04
Ar  1442  0.1804946E+02  0.3352043E+02  0.0000000E+00 -0.1799230E-03  0.1272800E-04 -0.1229734E-03
Ar  1443  0.1804946E+02  0.3094194E+02  0.2578495E+01  0.1075340E-04 -0.9802440E-05 -0.4926411E-04
Ar  1444  0.1547097E+02  0.3352043E+02  0.2578495E+01 -0.4194662E-04  0.1242742E-03 -0.6351849E-04
Ar  1445  0.1547097E+02  0.3094194E+02  0.5156990E+01  0.7776387E-04 -0.7476821E-04 -0.6678686E-04
Ar  1446  0.1804946E+02  0.3352043E+02  0.5156990E+01  0.1346958E-03 -0.1863366E-03  0.3273834E-04
Ar  1447  0.1804946E+02  0.3094194E+02  0.7735485E+01  0.4319590E-04  0.2336296E-04 -0.2133478E-05
Ar  1448  0.1547097E+02  0.3352043E+02  0.7735485E+01 -0.3249723E-04  0.3462395E-04 -0.6907110E-04
Ar  1449  0.1547097E+02  0.3094194E+02  0.1031398E+02 -0.3589374E-04 -0.2544585E-04 -0.2720365E-04
Ar  1450  0.1804946E+02  0.3352043E+02  0.1031398E+02  0.5092058E-04  0.8327567E-04  0.2214854E-04
Ar  1451  0.1804946E+02  0.3094194E+02  0.1289247E+02 -0.2052933E-04  0.7186598E-04 -0.2833058E-04
Ar  1452  0.1547097E+02  0.3352043E+02  0.1289247E+02 -0.7993061E-04 -0.1245475E-03 -0.1025797E-03
Ar  1453  0.1547097E+02  0.3094194E+02  0.1547097E+02 -0.8063877E-04  0.1388319E-03 -0.8704518E-04
Ar  1454  0.1804946E+02  0.3352043E+02  0.1547097E+02  0.5953401E-04  0.5380465E-04  0.1127807E-04
Ar  1455  0.1804946E+02  0.3094194E+02  0.1804946E+02  0.5740963E-04  0.2515654E-04 -0.5125860E-04
Ar  1456  0.1547097E+02  0.3352043E+02  0.1804946E+02 -0.2098297E-03 -0.9607342E-05 -0.8148167E-04
Ar  1457  0.1547097E+02  0.3094194E+02  0.2062796E+02 -0.7770149E-04  0.5579264E-05 -0.1114188E-04
Ar  1458  0.1804946E+02  0.3352043E+02  0.2062796E+02  0.7214601E-04 -0.4183106E-04  0.1358067E-05
Ar  1459  0.1804946E+02  0.3094194E+02  0.2320645E+02 -0.9929095E-04  0.4593044E-04 -0.3721063E-04
Ar  1460  0.1547097E+02  0.3352043E+02  0.2320645E+02 -0.1141876E-04  0.3404356E-04 -0.5061148E-04
Ar  1461  0.1547097E+02  0.3094194E+02  0.2578495E+02 -0.1009289E-03  0.9777235E-05 -0.1210865E-03
Ar  1462  0.1804946E+02  0.3352043E+02  0.2578495E+02  0.1037527E-03 -0.3442126E-05 -0.4670755E-04
Ar  1463  0.1804946E+02  0.3094194E+02  0.2836344E+02 -0.1263434E-03  0.5660905E-04 -0.8215883E-04
Ar  1464  0.1547097E+02  0.3352043E+02  0.2836344E+02 -0.1870734E-05  0.1039159E-03 -0.6293835E-04
Ar  1465  0.1547097E+02  0.3094194E+02  0.3094194E+02 -0.2473918E-04  0.2763026E-04 -0.2781227E-04
Ar  1466  0.1804946E+02  0.3352043E+02  0.3094194E+02  0.4722967E-04  0.3999870E-04  0.1183282E-04
Ar  1467  0.1804946E+02  0.3094194E+02  0.3352043E+02  0.7529285E-04 -0.1656071E-03  0.9365187E-04
Ar  1468  0.1547097E+02  0.3352043E+02  0.3352043E+02 -0.5825726E-04  0.4052137E-04 -0.4456740E-05
Ar  1469  0.1547097E+02  0.3094194E+02  0.3609893E+02 -0.2692824E-04  0.1714550E-04 -0.3390076E-04
Ar  1470  0.1804946E+02  0.3352043E+02  0.3609893E+02 -0.7713778E-04  0.4853461E-04 -0.6833222E-05
Ar  1471  0.1804946E+02  0.3094194E+02  0.3867742E+02 -0.5318139E-04 -0.1910847E-04  0.2923826E-04
Ar  1472  0.1547097E+02  0.3352043E+02  0.3867742E+02 -0.4309121E-04 -0.1993460E-04 -0.2985206E-04
Ar  1473  0.1547097E+02  0.3094194E+02  0.4125592E+02  0.1129930E-03  0.1190827E-03  0.9557060E-04
Ar  1474  0.1804946E+02  0.3352043E+02  0.4125592E+02  0.4771769E-04  0.2866885E-04 -0.4284429E-04
Ar  1475  0.1804946E+02  0.3094194E+02  0.4383441E+02 -0.3471749E-04 -0.7611904E-04 -0.9092768E-04
Ar  1476  0.1547097E+02  0.3352043E+02  0.4383441E+02 -0.8111098E-04  0.3404824E-04 -0.2479116E-04
Ar  1477  0.1547097E+02  0.3094194E+02  0.4641291E+02  0.2038430E-04 -0.2077839E-04 -0.1093975E-03
Ar  1478  0.1804946E+02  0.3352043E+02  0.4641291E+02  0.1092118E-03 -0.4010035E-04 -0.7127458E-04
Ar  1479  0.1804946E+02  0.3094194E+02  0.4899140E+02  0.9672122E-04  0.1358621E-05  0.4338998E-04
Ar  1480  0.1547097E+02  0.3352043E+02  0.4899140E+02 -0.4299673E-04 -0.1080932E-03  0.4488140E-04
Ar  1481  0.1547097E+02  0.3609893E+02  0.0000000E+00 -0.1326641E-05  0.7382003E-04  0.5019890E-04
Ar  1482  0.1804946E+02  0.3867742E+02  0.0000000E+00  0.7682407E-04  0.4147384E-05 -0.2271396E-04
Ar  1483  0.1804946E+02  0.3609893E+02  0.2578495E+01  0.7561871E-04 -0.2166700E-04 -0.2270479E-04
Ar  1484  0.1547097E+02  0.3867742E+02  0.2578495E+01  0.1912813E-03  0.5778626E-04 -0.4465337E-04
Ar  1485  0.1547097E+02  0.3609893E+02  0.5156990E+01 -0.5297222E-05 -0.2678242E-04  0.2549789E-04
Ar  1486  0.1804946E+02  0.3867742E+02  0.5156990E+01 -0.4037304E-05 -0.6978903E-04  0.1075326E-03
Ar  1487  0.1804946E+02  0.3609893E+02  0.7735485E+01  0.4429457E-04 -0.1155461E-04  0.3173441E-04
Ar  1488  0.1547097E+02  0.3867742E+02  0.7735485E+01 -0.3594511E-04 -0.1207279E-03 -0.2871824E-04
Ar  1489  0.1547097E+02  0.3609893E+02  0.1031398E+02 -0.6930106E-05 -0.1362507E-04  0.3341419E-04
Ar  1490  0.1804946E+02  0.3867742E+02  0.1031398E+02 -0.7194459E-04 -0.1047707E-03  0.2894707E-04
Ar  1491  0.1804946E+02  0.3609893E+02  0.1289247E+02 -0.8256765E-04  0.1205707E-03  0.4661514E-04
Ar  1492  0.1547097E+02  0.3867742E+02  0.1289247E+02 -0.2136474E-04  0.6654611E-04  0.3548952E-04
Ar  1493  0.1547097E+02  0.3609893E+02  0.1547097E+02  0.1405773E-04 -0.5864850E-04  0.4939550E-05
Ar  1494  0.1804946E+02  0.3867742E+02  0.1547097E+02  0.2190059E-05 -0.5739034E-04 -0.2311267E-04
Ar  1495  0.1804946E+02  0.3609893E+02  0.1804946E+02  0.8669202E-04  0.1332089E-03  0.7798089E-04
Ar  1496  0.1547097E+02  0.3867742E+02  0.1804946E+02  0.5661242E-04 -0.5122017E-04 -0.4839345E-04
Ar  1497  0.1547097E+02  0.3609893E+02  0.2062796E+02  0.8603389E-04 -0.1100647E-03 -0.6434324E-04
Ar  1498  0.1804946E+02  0.3867742E+02  0.2062796E+02 -0.7321540E-05  0.7942268E-04  0.1553676E-04
Ar  1499  0.1804946E+02  0.3609893E+02  0.2320645E+02  0.3319785E-04 -0.4831879E-04 -0.5748702E-04
Ar  1500  0.1547097E+02  0.3867742E+02  0.2320645E+02  0.1040828E-03  0.3466786E-04 -0.1510145E-04
Ar  1501  0.1547097E+02  0.3609893E+02  0.2578495E+02  0.2212214E-04  0.9933674E-05 -0.9592243E-04
Ar  1502  0.1804946E+02  0.3867742E+02  0.2578495E+02  0.1299553E-04 -0.6157026E-04 -0.5706024E-04
Ar  1503  0.1804946E+02  0.3609893E+02  0.2836344E+02 -0.4327706E-04 -0.6940837E-04 -0.1554463E-05
Ar  1504  0.1547097E+02  0.3867742E+02  0.2836344E+02  0.1944511E-04  0.2192433E-04  0.5017303E-05
Ar  1505  0.1547097E+02  0.3609893E+02  0.3094194E+02 -0.3038283E-04 -0.2259774E-04  0.6872993E-04
Ar  1506  0.1804946E+02  0.3867742E+02  0.3094194E+02 -0.9494218E-04  0.6842581E-04 -0.9322789E-04
Ar  1507  0.1804946E+02  0.3609893E+02  0.3352043E+02 -0.5742448E-04  0.1441385E-05 -0.6128870E-04
Ar  1508  0.1547097E+02  0.3867742E+02  0.3352043E+02 -0.1643101E-04 -0.2707716E-04 -0.6766175E-04
Ar  1509  0.1547097E+02  0.3609893E+02  0.3609893E+02 -0.1321922E-04 -0.3280473E-04  0.6006102E-04
Ar  1510  0.1804946E+02  0.3867742E+02  0.3609893E+02 -0.9261464E-04  0.2203151E-04 -0.8654218E-04
Ar  1511  0.1804946E+02  0.3609893E+02  0.3867742E+02 -0.5310387E-04  0.2710463E-04 -0.1622113E-04
Ar  1512  0.1547097E+02  0.3867742E+02  0.3867742E+02 -0.1513989E-03 -0.6579784E-04 -0.5832245E-04
Ar  1513  0.1547097E+02  0.3609893E+02  0.4125592E+02  0.7347283E-05 -0.1618640E-03  0.9714207E-04
Ar  1514  0.1804946E+02  0.3867742E+02  0.4125592E+02 -0.4887737E-04  0.1210628E-05  0.7368985E-04
Ar  1515  0.1804946E+02  0.3609893E+02  0.4383441E+02  0.1938903E-04 -0.1021471E-03  0.5690123E-04
Ar  1516  0.1547097E+02  0.3867742E+02  0.4383441E+02  0.1218162E-03  0.2006598E-04  0.3431668E-04
Ar  1517  0.1547097E+02  0.3609893E+02  0.4641291E+02  0.3667909E-04 -0.2565542E-04 -0.1630397E-04
Ar  1518  0.1804946E+02  0.3867742E+02  0.4641291E+02  0.4381666E-04  0.6241523E-04  0.3084598E-04
Ar  1519  0.1804946E+02  0.3609893E+02  0.4899140E+02 -0.5592183E-04 -0.1226065E-04  0.6122050E-04
Ar  1520  0.1547097E+02  0.3867742E+02  0.4899140E+02 -0.1077397E-04 -0.7914312E-04 -0.7375021E-04
Ar  1521  0.1547097E+02  0.4125592E+02  0.0000000E+00  0.4456618E-04 -0.6489323E-04  0.8255458E-04
Ar  1522  0.1804946E+02  0.4383441E+02  0.0000000E+00  0.5405491E-04  0.9684541E-04 -0.4046931E-05
Ar  1523  0.1804946E+02  0.4125592E+02  0.2578495E+01 -0.1319768E-04 -0.1604193E-04 -0.2307401E-04
Ar  1524  0.1547097E+02  0.4383441E+02  0.2578495E+01  0.2139723E-04  0.5452069E-04 -0.1582250E-04
Ar  1525  0.1547097E+02  0.4125592E+02  0.5156990E+01  0.3843974E-04 -0.6695599E-04 -0.8757679E-05
Ar  1526  0.1804946E+02  0.4383441E+02  0.5156990E+01  0.7764297E-05  0.1663487E-04 -0.6812191E-05
Ar  1527  0.1804946E+02  0.4125592E+02  0.7735485E+01  0.4073763E-05 -0.8550912E-04  0.8047337E-04
Ar  1528  0.1547097E+02  0.4383441E+02  0.7735485E+01  0.5180876E-04 -0.2518406E-04  0.6790965E-04
Ar  1529  0.1547097E+02  0.4125592E+02  0.1031398E+02  0.1713670E-04 -0.9562235E-05  0.4671548E-05
Ar  1530  0.1804946E+02  0.4383441E+02  0.1031398E+02  0.1205175E-05  0.8987978E-05  0.3280135E-05
Ar  1531  0.1804946E+02  0.4125592E+02  0.1289247E+02 -0.2189627E-04  0.7274854E-04  0.3622517E-04
Ar  1532  0.1547097E+02  0.4383441E+02  0.1289247E+02  0.1699877E-04 -0.3633451E-04 -0.2187658E-05
Ar  1533  0.1547097E+02  0.4125592E+02  0.1547097E+02  0.2784281E-04  0.3881418E-04 -0.1239711E-03
Ar  1534  0.1804946E+02  0.4383441E+02  0.1547097E+02 -0.1490236E-04 -0.2617016E-04 -0.3187854E-07
Ar  1535  0.1804946E+02  0.4125592E+02  0.1804946E+02 -0.9304215E-04 -0.3387966E-04  0.8831758E-04
Ar  1536  0.1547097E+02  0.4383441E+02  0.1804946E+02 -0.7458717E-04  0.2184305E-03 -0.1565509E-04
Ar  1537  0.1547097E+02  0.4125592E+02  0.2062796E+02 -0.3923185E-04  0.3576115E-04  0.5380015E-05
Ar  1538  0.1804946E+02  0.4383441E+02  0.2062796E+02 -0.1336281E-03 -0.1264970E-03  0.7627817E-04
Ar  1539  0.1804946E+02  0.4125592E+02  0.2320645E+02 -0.4429718E-04  0.8422244E-05  0.1862489E-04
Ar  1540  0.1547097E+02  0.4383441E+02  0.2320645E+02 -0.2471200E-04 -0.9590240E-04 -0.6348551E-04
Ar  1541  0.1547097E+02  0.4125592E+02  0.2578495E+02 -0.7791159E-04 -0.1945487E-04 -0.6404338E-04
Ar  1542  0.1804946E+02  0.4383441E+02  0.2578495E+02 -0.1497636E-04  0.8961442E-04  0.4192223E-04
Ar  1543  0.1804946E+02  0.4125592E+02  0.2836344E+02  0.5201330E-04 -0.1645262E-04 -0.1064662E-03
Ar  1544  0.1547097E+02  0.4383441E+02  0.2836344E+02  0.1256531E-03  0.9399780E-04 -0.1855808E-03
Ar  1545  0.1547097E+02  0.4125592E+02  0.3094194E+02  0.6651284E-04 -0.2237488E-04 -0.1077541E-03
Ar  1546  0.1804946E+02  0.4383441E+02  0.3094194E+02 -0.4689775E-04 -0.3938237E-04  0.3101288E-04
Ar  1547  0.1804946E+02  0.4125592E+02  0.3352043E+02 -0.2926431E-04  0.6797968E-04  0.1166625E-04
Ar  1548  0.1547097E+02  0.4383441E+02  0.3352043E+02 -0.5472049E-04 -0.9357731E-05 -0.3638213E-04
Ar  1549  0.1547097E+02  0.4125592E+02  0.3609893E+02  0.5528399E-04  0.7495540E-04 -0.4784654E-05
Ar  1550  0.1804946E+02  0.4383441E+02  0.3609893E+02  0.1365290E-04  0.1620025E-04 -0.4510000E-05
Ar  1551  0.1804946E+02  0.4125592E+02  0.3867742E+02  0.3586172E-04  0.3623623E-04 -0.5267783E-04
Ar  1552  0.1547097E+02  0.4383441E+02  0.3867742E+02 -0.6528915E-04 -0.4654491E-04 -0.1014666E-03
Ar  1553  0.1547097E+02  0.4125592E+02  0.4125592E+02 -0.4427600E-04  0.3362664E-04  0.7500791E-04
Ar  1554  0.1804946E+02  0.4383441E+02  0.4125592E+02 -0.1117289E-03  0.6326452E-04 -0.8174885E-04
Ar  1555  0.1804946E+02  0.4125592E+02  0.4383441E+02 -0.1130940E-04  0.5507957E-04 -0.6029638E-04
Ar  1556  0.1547097E+02  0.4383441E+02  0.4383441E+02  0.7616858E-04 -0.1363898E-04 -0.1637198E-03
Ar  1557  0.1547097E+02  0.4125592E+02  0.4641291E+02  0.3843846E-04  0.6137474E-04 -0.1180659E-04
Ar  1558  0.1804946E+02  0.4383441E+02  0.4641291E+02 -0.8287562E-05 -0.4227379E-04 -0.7172804E-05
Ar  1559  0.1804946E+02  0.4125592E+02  0.4899140E+02 -0.7187070E-04  0.8066416E-04  0.5073563E-04
Ar  1560  0.1547097E+02  0.4383441E+02  0.4899140E+02  0.6774649E-04  0.9894630E-05 -0.3047641E-04
Ar  1561  0.1547097E+02  0.4641291E+02  0.0000000E+00 -0.4760989E-04  0.4844841E-06 -0.1665450E-03
Ar  1562  0.1804946E+02  0.4899140E+02  0.0000000E+00  0.2470744E-04  0.2623699E-04 -0.1137910E-03
Ar  1563  0.1804946E+02  0.4641291E+02  0.2578495E+01 -0.4496698E-04  0.2379823E-04  0.1315561E-03
Ar  1564  0.1547097E+02  0.4899140E+02  0.2578495E+01  0.9989803E-04  0.5740794E-04  0.1522338E-03
Ar  1565  0.1547097E+02  0.4641291E+02  0.5156990E+01 -0.3289457E-04 -0.6744986E-04  0.1122594E-04
Ar  1566  0.1804946E+02  0.4899140E+02  0.5156990E+01  0.1234181E-03 -0.2778657E-04 -0.3182960E-04
Ar  1567  0.1804946E+02  0.4641291E+02  0.7735485E+01  0.1309510E-04 -0.1347074E-04  0.9351189E-04
Ar  1568  0.1547097E+02  0.4899140E+02  0.7735485E+01  0.2784899E-06 -0.2499628E-04  0.3221363E-04
Ar  1569  0.1547097E+02  0.4641291E+02  0.1031398E+02 -0.4749847E-04 -0.9476775E-04 -0.4802678E-04
Ar  1570  0.1804946E+02  0.4899140E+02  0.1031398E+02 -0.4788676E-04  0.1129222E-03  0.1287869E-04
Ar  1571  0.1804946E+02  0.4641291E+02  0.1289247E+02 -0.1380528E-03 -0.1722746E-04 -0.2459423E-04
Ar  1572  0.1547097E+02  0.4899140E+02  0.1289247E+02 -0.5792123E-04  0.4312184E-04  0.2584893E-04
Ar  1573  0.1547097E+02  0.4641291E+02  0.1547097E+02  0.3335233E-04 -0.6982715E-04  0.2946382E-04
Ar  1574  0.1804946E+02  0.4899140E+02  0.1547097E+02  0.3898155E-04  0.9493875E-05  0.6284976E-04
Ar  1575  0.1804946E+02  0.4641291E+02  0.1804946E+02 -0.2712491E-04 -0.5189429E-04  0.2508217E-04
Ar  1576  0.1547097E+02  0.4899140E+02  0.1804946E+02  0.5975867E-04  0.1434424E-04 -0.4802387E-04
Ar  1577  0.1547097E+02  0.4641291E+02  0.2062796E+02 -0.2046662E-05  0.7490015E-04 -0.2736065E-04
Ar  1578  0.1804946E+02  0.4899140E+02  0.2062796E+02  0.9401475E-04 -0.2926634E-05 -0.1305207E-04
Ar  1579  0.1804946E+02  0.4641291E+02  0.2320645E+02  0.3214026E-05 -0.1891629E-04 -0.1803894E-03
Ar  1580  0.1547097E+02  0.4899140E+02  0.2320645E+02 -0.3135743E-04 -0.3036359E-04  0.1605094E-05
Ar  1581  0.1547097E+02  0.4641291E+02  0.2578495E+02  0.4363290E-04 -0.4197812E-05  0.8764159E-04
Ar  1582  0.1804946E+02  0.4899140E+02  0.2578495E+02  0.9192755E-05 -0.7516597E-04 -0.5605886E-05
Ar  1583  0.1804946E+02  0.4641291E+02  0.2836344E+02  0.7086315E-05  0.3348171E-05  0.4163661E-04
Ar  1584  0.1547097E+02  0.4899140E+02  0.2836344E+02 -0.4033641E-04  0.1099281E-03 -0.9148824E-05
Ar  1585  0.1547097E+02  0.4641291E+02  0.3094194E+02  0.3078421E-04  0.1490183E-04  0.1778755E-04
Ar  1586  0.1804946E+02  0.4899140E+02  0.3094194E+02  0.5070582E-04 -0.5680939E-04  0.2595290E-04
Ar  1587  0.1804946E+02  0.4641291E+02  0.3352043E+02  0.8383531E-04 -0.5893937E-04 -0.8242341E-05
Ar  1588  0.1547097E+02  0.4899140E+02  0.3352043E+02  0.7960249E-05  0.3828603E-04 -0.3764669E-05
Ar  1589  0.1547097E+02  0.4641291E+02  0.3609893E+02  0.2449611E-04 -0.1031633E-03 -0.7907432E-04
Ar  1590  0.1804946E+02  0.4899140E+02  0.3609893E+02  0.3529150E-05  0.5767765E-04 -0.6777720E-04
Ar  1591  0.1804946E+02  0.4641291E+02  0.3867742E+02  0.1400313E-04  0.7874431E-04 -0.4716779E-04
Ar  1592  0.1547097E+02  0.4899140E+02  0.3867742E+02 -0.6353305E-04 -0.2890380E-04 -0.5535517E-04
Ar  1593  0.1547097E+02  0.4641291E+02  0.4125592E+02  0.3858596E-04 -0.4140918E-04 -0.4327607E-04
Ar  1594  0.1804946E+02  0.4899140E+02  0.4125592E+02  0.3104478E-04  0.1176787E-03  0.6281151E-04
Ar  1595  0.1804946E+02  0.4641291E+02  0.4383441E+02 -0.1424288E-04 -0.6574963E-04  0.5418599E-05
Ar  1596  0.1547097E+02  0.4899140E+02  0.4383441E+02  0.8626212E-04 -0.7160477E-05 -0.6019221E-04
Ar  1597  0.1547097E+02  0.4641291E+02  0.4641291E+02  0.5631212E-04 -0.4076069E-04 -0.1404250E-04
Ar  1598  0.1804946E+02  0.4899140E+02  0.4641291E+02 -0.1491137E-04 -0.7941736E-04  0.2113452E-04
Ar  1599  0.1804946E+02  0.4641291E+02  0.4899140E+02 -0.4362940E-04 -0.2962687E-04  0.1245677E-04
Ar  1600  0.1547097E+02  0.4899140E+02  0.4899140E+02  0.3633654E-04  0.5275072E-04  0.3357751E-05
Ar  1601  0.2062796E+02  0.0000000E+00  0.0000000E+00 -0.5478207E-04 -0.5517331E-04  0.7527145E-04
Ar  1602  0.2320645E+02  0.2578495E+01  0.0000000E+00  0.3052042E-04  0.9731667E-04  0.1460001E-04
Ar  1603  0.2320645E+02  0.0000000E+00  0.2578495E+01  0.4568295E-04  0.5359919E-04  0.1788200E-04
Ar  1604  0.2062796E+02  0.2578495E+01  0.2578495E+01  0.2462615E-04  0.4476896E-04  0.1461336E-05
Ar  1605  0.2062796E+02  0.0000000E+00  0.5156990E+01  0.4139558E-04 -0.3602972E-04 -0.2544708E-04
Ar  1606  0.2320645E+02  0.2578495E+01  0.5156990E+01  0.1766320E-04 -0.6876218E-04  0.1359001E-03
Ar  1607  0.2320645E+02  0.0000000E+00  0.7735485E+01 -0.4993060E-04 -0.9362723E-05  0.7188039E-04
Ar  1608  0.2062796E+02  0.2578495E+01  0.7735485E+01 -0.9885212E-04 -0.9754188E-05 -0.2735862E-04
Ar  1609  0.2062796E+02  0.0000000E+00  0.1031398E+02  0.3249760E-05  0.3471064E-04  0.7311926E-06
Ar  1610  0.2320645E+02  0.2578495E+01  0.1031398E+02 -0.4326660E-04  0.3715729E-04 -0.4858157E-04
Ar  1611  0.2320645E+02  0.0000000E+00  0.1289247E+02  0.8305468E-04 -0.2254161E-04 -0.2023390E-04
Ar  1612  0.2062796E+02  0.2578495E+01  0.1289247E+02  0.8826779E-05  0.9608646E-06 -0.9356932E-04
Ar  1613  0.2062796E+02  0.0000000E+00  0.1547097E+02  0.5407178E-04 -0.6223480E-04 -0.1559908E-04
Ar  1614  0.2320645E+02  0.2578495E+01  0.1547097E+02  0.2848235E-04 -0.3612389E-04 -0.8066420E-05
Ar  1615  0.2320645E+02  0.0000000E+00  0.1804946E+02 -0.1028250E-03 -0.2276560E-04  0.3596704E-04
Ar  1616  0.2062796E+02  0.2578495E+01  0.1804946E+02 -0.1416244E-03  0.1045200E-03 -0.2385007E-04
Ar  1617  0.2062796E+02  0.0000000E+00  0.2062796E+02  0.1395124E-03  0.3390442E-04 -0.4943205E-04
Ar  1618  0.2320645E+02  0.2578495E+01  0.2062796E+02  0.5413306E-04  0.6972071E-06  0.3915627E-04
Ar  1619  0.2320645E+02  0.0000000E+00  0.2320645E+02 -0.3983987E-04  0.7088788E-04  0.6837710E-04
Ar  1620  0.2062796E+02  0.2578495E+01  0.2320645E+02  0.7515176E-04  0.1481625E-04  0.1234349E-04
Ar  1621  0.2062796E+02  0.0000000E+00  0.2578495E+02 -0.4164263E-05  0.1940200E-05 -0.5093538E-04
Ar  1622  0.2320645E+02  0.2578495E+01  0.2578495E+02  0.3282584E-04  0.3102511E-05  0.4818952E-04
Ar  1623  0.2320645E+02  0.0000000E+00  0.2836344E+02 -0.1700321E-04 -0.1334475E-04  0.1496970E-03
Ar  1624  0.2062796E+02  0.2578495E+01  0.2836344E+02 -0.9458886E-05 -0.7378617E-04  0.9734123E-04
Ar  1625  0.2062796E+02  0.0000000E+00  0.3094194E+02 -0.7247662E-04 -0.8786789E-04  0.6406315E-04
Ar  1626  0.2320645E+02  0.2578495E+01  0.3094194E+02  0.4803903E-05  0.7322249E-05 -0.1733577E-04
Ar  1627  0.2320645E+02  0.0000000E+00  0.3352043E+02  0.8764553E-04  0.5712219E-05  0.3204452E-04
Ar  1628  0.2062796E+02  0.2578495E+01  0.3352043E+02 -0.1071817E-05  0.4559056E-04 -0.3768285E-04
Ar  1629  0.2062796E+02  0.0000000E+00  0.3609893E+02 -0.7424319E-04 -0.1034888E-03  0.2673178E-04
Ar  1630  0.2320645E+02  0.2578495E+01  0.3609893E+02  0.1374473E-03 -0.2928837E-04  0.2139837E-04
Ar  1631  0.2320645E+02  0.0000000E+00  0.3867742E+02 -0.7312687E-04 -0.7007183E-04 -0.6391665E-04
Ar  1632  0.2062796E+02  0.2578495E+01  0.3867742E+02 -0.7848512E-04  0.6097485E-04  0.6033180E-04
Ar  1633  0.2062796E+02  0.0000000E+00  0.4125592E+02  0.1180123E-04  0.6161163E-04  0.2030614E-05
Ar  1634  0.2320645E+02  0.2578495E+01  0.4125592E+02  0.2029084E-04  0.5072853E-04 -0.2338145E-04
Ar  1635  0.2320645E+02  0.0000000E+00  0.4383441E+02  0.4459366E-04  0.4515101E-04 -0.4606781E-04
Ar  1636  0.2062796E+02  0.2578495E+01  0.4383441E+02  0.4976999E-04 -0.5173778E-04  0.3006666E-04
Ar  1637  0.2062796E+02  0.0000000E+00  0.4641291E+02  0.2074088E-04 -0.2092285E-04 -0.2190463E-04
Ar  1638  0.2320645E+02  0.2578495E+01  0.4641291E+02  0.2026121E-04 -0.1344641E-04  0.1242943E-04
Ar  1639  0.2320645E+02  0.0000000E+00  0.4899140E+02 -0.9719413E-04  0.2868187E-04 -0.5044553E-04
Ar  1640  0.2062796E+02  0.2578495E+01  0.4899140E+02 -0.6671123E-04  0.6521018E-04 -0.5026432E-04
Ar  1641  0.2062796E+02  0.5156990E+01  0.0000000E+00  0.5992661E-04 -0.2005632E-03 -0.1049735E-03
Ar  1642  0.2320645E+02  0.7735485E+01  0.0000000E+00  0.6765567E-04 -0.9840076E-04  0.2362639E-04
Ar  1643  0.2320645E+02  0.5156990E+01  0.2578495E+01 -0.3012329E-04 -0.3980867E-04  0.9337760E-04
Ar  1644  0.2062796E+02  0.7735485E+01  0.2578495E+01  0.2873798E-04 -0.6146109E-06  0.2267710E-04
Ar  1645  0.2062796E+02  0.5156990E+01  0.5156990E+01 -0.2483121E-04 -0.6552151E-05 -0.1292987E-04
Ar  1646  0.2320645E+02  0.7735485E+01  0.5156990E+01 -0.5190551E-04 -0.4647194E-04  0.1395059E-03
Ar  1647  0.2320645E+02  0.5156990E+01  0.7735485E+01  0.2192751E-04  0.2759869E-04  0.5865844E-04
Ar  1648  0.2062796E+02  0.7735485E+01  0.7735485E+01  0.7804833E-05 -0.3558061E-04 -0.3387833E-05
Ar  1649  0.2062796E+02  0.5156990E+01  0.1031398E+02 -0.9912534E-05 -0.2463653E-04  0.1565478E-03
Ar  1650  0.2320645E+02  0.7735485E+01  0.1031398E+02  0.8276274E-04 -0.5749276E-04 -0.4199429E-04
Ar  1651  0.2320645E+02  0.5156990E+01  0.1289247E+02 -0.2356395E-04  0.1954656E-04 -0.1098035E-03
Ar  1652  0.2062796E+02  0.7735485E+01  0.1289247E+02 -0.8439117E-04 -0.1060448E-03 -0.2772915E-05
Ar  1653  0.2062796E+02  0.5156990E+01  0.1547097E+02  0.6313974E-04 -0.6687780E-04 -0.1016443E-03
Ar  1654  0.2320645E+02  0.7735485E+01  0.1547097E+02  0.3559135E-04  0.5064459E-04  0.1546593E-04
Ar  1655  0.2320645E+02  0.5156990E+01  0.1804946E+02  0.6948309E-04  0.3612572E-04  0.1101861E-04
Ar  1656  0.2062796E+02  0.7735485E+01  0.1804946E+02 -0.1115565E-04  0.5370638E-04 -0.6673608E-04
Ar  1657  0.2062796E+02  0.5156990E+01  0.2062796E+02  0.5436184E-04  0.3673145E-04 -0.1595020E-03
Ar  1658  0.2320645E+02  0.7735485E+01  0.2062796E+02 -0.5854945E-04 -0.9283912E-04  0.3574818E-04
Ar  1659  0.2320645E+02  0.5156990E+01  0.2320645E+02 -0.1015325E-03  0.6658200E-04 -0.3872779E-04
Ar  1660  0.2062796E+02  0.7735485E+01  0.2320645E+02  0.4763714E-04 -0.1696197E-03 -0.4910642E-04
Ar  1661  0.2062796E+02  0.5156990E+01  0.2578495E+02  0.2850127E-04 -0.3061231E-04  0.1566170E-03
Ar  1662  0.2320645E+02  0.7735485E+01  0.2578495E+02  0.1627080E-04 -0.1852215E-03 -0.6012865E-04
Ar  1663  0.2320645E+02  0.5156990E+01  0.2836344E+02  0.3903083E-04  0.5530849E-04 -0.7650961E-04
Ar  1664  0.2062796E+02  0.7735485E+01  0.2836344E+02 -0.1607831E-04  0.7252722E-04  0.4675770E-04
Ar  1665  0.2062796E+02  0.5156990E+01  0.3094194E+02  0.7829015E-04 -0.3309143E-05 -0.1170242E-03
Ar  1666  0.2320645E+02  0.7735485E+01  0.3094194E+02  0.2675798E-05  0.2989075E-04 -0.2625293E-04
Ar  1667  0.2320645E+02  0.5156990E+01  0.3352043E+02  0.3091697E-04  0.1606664E-04  0.6972594E-05
Ar  1668  0.2062796E+02  0.7735485E+01  0.3352043E+02  0.3344801E-04 -0.1080799E-04  0.3491395E-04
Ar  1669  0.2062796E+02  0.5156990E+01  0.3609893E+02  0.1907826E-04 -0.1282072E-03  0.3719174E-04
Ar  1670  0.2320645E+02  0.7735485E+01  0.3609893E+02 -0.7836759E-04 -0.3134015E-04 -0.6656988E-04
Ar  1671  0.2320645E+02  0.5156990E+01  0.3867742E+02 -0.4994993E-04 -0.3944421E-04  0.9080089E-04
Ar  1672  0.2062796E+02  0.7735485E+01  0.3867742E+02  0.7406332E-04 -0.3131993E-04  0.9924240E-04
Ar  1673  0.2062796E+02  0.5156990E+01  0.4125592E+02 -0.8014248E-04  0.4443733E-04 -0.5974309E-04
Ar  1674  0.2320645E+02  0.7735485E+01  0.4125592E+02  0.1153233E-03  0.1063307E-03  0.8021703E-04
Ar  1675  0.2320645E+02  0.5156990E+01  0.4383441E+02  0.3218116E-04  0.1727585E-04 -0.3105117E-04
Ar  1676  0.2062796E+02  0.7735485E+01  0.4383441E+02 -0.3627268E-04 -0.2454598E-04  0.8142571E-04
Ar  1677  0.2062796E+02  0.5156990E+01  0.4641291E+02 -0.1051623E-04 -0.7979994E-04  0.2070073E-04
Ar  1678  0.2320645E+02  0.7735485E+01  0.4641291E+02 -0.1592065E-05 -0.3102749E-04 -0.7801450E-04
Ar  1679  0.2320645E+02  0.5156990E+01  0.4899140E+02 -0.1884983E-04 -0.6971537E-05 -0.9095312E-04
Ar  1680  0.2062796E+02  0.7735485E+01  0.4899140E+02  0.2259658E-03 -0.1532728E-03 -0.6856830E-04
Ar  1681  0.2062796E+02  0.1031398E+02  0.0000000E+00  0.1297743E-04  0.6255604E-04  0.3479883E-04
Ar  1682  0.2320645E+02  0.1289247E+02  0.0000000E+00 -0.1170711E-03 -0.3331228E-04 -0.9490778E-04
Ar  1683  0.2320645E+02  0.1031398E+02  0.2578495E+01  0.5727321E-04 -0.2888379E-04  0.2951156E-04
Ar  1684  0.2062796E+02  0.1289247E+02  0.2578495E+01 -0.1493904E-04  0.4833472E-04  0.7544969E-04
Ar  1685  0.2062796E+02  0.1031398E+02  0.5156990E+01  0.4391951E-04  0.4382740E-04  0.9399634E-05
Ar  1686  0.2320645E+02  0.1289247E+02  0.5156990E+01 -0.2483450E-04  0.2812258E-04 -0.1768416E-03
Ar  1687  0.2320645E+02  0.1031398E+02  0.7735485E+01 -0.4104768E-05 -0.2769588E-04 -0.2672034E-04
Ar  1688  0.2062796E+02  0.1289247E+02  0.7735485E+01 -0.6904284E-04 -0.3296231E-04 -0.7941842E-04
Ar  1689  0.2062796E+02  0.1031398E+02  0.1031398E+02 -0.1531223E-04 -0.9135662E-04 -0.2281191E-04
Ar  1690  0.2320645E+02  0.1289247E+02  0.1031398E+02 -0.6866523E-04 -0.3019100E-04 -0.4455249E-04
Ar  1691  0.2320645E+02  0.1031398E+02  0.1289247E+02 -0.3985927E-04  0.1077630E-04 -0.1886432E-05
Ar  1692  0.2062796E+02  0.1289247E+02  0.1289247E+02  0.8062073E-04 -0.4369855E-04 -0.1444475E-04
Ar  1693  0.2062796E+02  0.1031398E+02  0.1547097E+02  0.1372885E-03  0.1620314E-04  0.2623355E-04
Ar  1694  0.2320645E+02  0.1289247E+02  0.1547097E+02  0.4734995E-04 -0.1117205E-03 -0.9165944E-04
Ar  1695  0.2320645E+02  0.1031398E+02  0.1804946E+02 -0.1543385E-04  0.3841781E-04  0.5619688E-04
Ar  1696  0.2062796E+02  0.1289247E+02  0.1804946E+02 -0.1392123E-03  0.1687830E-03 -0.1124816E-03
Ar  1697  0.2062796E+02  0.1031398E+02  0.2062796E+02  0.9671756E-04  0.1569837E-04  0.2481565E-04
Ar  1698  0.2320645E+02  0.1289247E+02  0.2062796E+02 -0.1248617E-03 -0.1010872E-03  0.3818591E-04
Ar  1699  0.2320645E+02  0.1031398E+02  0.2320645E+02  0.7591470E-04  0.9596986E-04 -0.9173303E-04
Ar  1700  0.2062796E+02  0.1289247E+02  0.2320645E+02  0.2160513E-04  0.6402796E-04 -0.5950223E-04
Ar  1701  0.2062796E+02  0.1031398E+02  0.2578495E+02 -0.3831558E-04  0.2609993E-04  0.6836884E-04
Ar  1702  0.2320645E+02  0.1289247E+02  0.2578495E+02  0.4897514E-04  0.2872708E-04  0.5300671E-04
Ar  1703  0.2320645E+02  0.1031398E+02  0.2836344E+02 -0.3261685E-04 -0.1448577E-04 -0.1905300E-04
Ar  1704  0.2062796E+02  0.1289247E+02  0.2836344E+02  0.3747298E-04 -0.6239643E-04  0.9963016E-04
Ar  1705  0.2062796E+02  0.1031398E+02  0.3094194E+02 -0.1880507E-04  0.4955306E-04 -0.2562061E-04
Ar  1706  0.2320645E+02  0.1289247E+02  0.3094194E+02 -0.1608132E-04  0.4769768E-04 -0.1029165E-03
Ar  1707  0.2320645E+02  0.1031398E+02  0.3352043E+02 -0.9779819E-04 -0.5709393E-04 -0.1628952E-03
Ar  1708  0.2062796E+02  0.1289247E+02  0.3352043E+02 -0.1362113E-03  0.6092017E-05  0.6184422E-04
Ar  1709  0.2062796E+02  0.1031398E+02  0.3609893E+02  0.3812550E-04  0.7534068E-04 -0.5203676E-04
Ar  1710  0.2320645E+02  0.1289247E+02  0.3609893E+02  0.9009873E-04  0.7101850E-04 -0.6697076E-05
Ar  1711  0.2320645E+02  0.1031398E+02  0.3867742E+02  0.1185228E-04  0.3772507E-04 -0.2776304E-04
Ar  1712  0.2062796E+02  0.1289247E+02  0.3867742E+02  0.7473172E-05 -0.1771905E-04 -0.1741204E-03
Ar  1713  0.2062796E+02  0.1031398E+02  0.4125592E+02  0.8856091E-05 -0.7094954E-05 -0.6013564E-04
Ar  1714  0.2320645E+02  0.1289247E+02  0.4125592E+02  0.4391390E-05 -0.4250967E-04 -0.4216433E-04
Ar  1715  0.2320645E+02  0.1031398E+02  0.4383441E+02 -0.4581210E-04 -0.3394227E-04  0.9293245E-04
Ar  1716  0.2062796E+02  0.1289247E+02  0.4383441E+02  0.5792569E-04  0.4514139E-04 -0.1284952E-03
Ar  1717  0.2062796E+02  0.1031398E+02  0.4641291E+02 -0.8598529E-04 -0.2387852E-04 -0.3030690E-04
Ar  1718  0.2320645E+02  0.1289247E+02  0.4641291E+02  0.1221659E-04  0.2988702E-04 -0.3664208E-04
Ar  1719  0.2320645E+02  0.1031398E+02  0.4899140E+02  0.5563691E-04  0.2401616E-04  0.5120617E-05
Ar  1720  0.2062796E+02  0.1289247E+02  0.4899140E+02 -0.9732114E-04 -0.1037716E-04 -0.1334080E-04
Ar  1721  0.2062796E+02  0.1547097E+02  0.0000000E+00  0.1490298E-03  0.1203181E-04  0.6521852E-04
Ar  1722  0.2320645E+02  0.1804946E+02  0.0000000E+00  0.7342248E-04 -0.1521018E-04  0.3501864E-04
Ar  1723  0.2320645E+02  0.1547097E+02  0.2578495E+01  0.2010495E-04  0.5675241E-04 -0.1319035E-03
Ar  1724  0.2062796E+02  0.1804946E+02  0.2578495E+01  0.3256448E-04  0.3568508E-04 -0.9117167E-04
Ar  1725  0.2062796E+02  0.1547097E+02  0.5156990E+01 -0.1224953E-04  0.5280395E-04 -0.1093656E-03
Ar  1726  0.2320645E+02  0.1804946E+02  0.5156990E+01  0.2520940E-05 -0.4423550E-04  0.1627112E-04
Ar  1727  0.2320645E+02  0.1547097E+02  0.7735485E+01 -0.9897402E-04  0.2859783E-04  0.1416973E-04
Ar  1728  0.2062796E+02  0.1804946E+02  0.7735485E+01 -0.5327881E-04 -0.1744643E-05 -0.3730725E-04
Ar  1729  0.2062796E+02  0.1547097E+02  0.1031398E+02  0.1586889E-04 -0.9750544E-04 -0.5402721E-04
Ar  1730  0.2320645E+02  0.1804946E+02  0.1031398E+02 -0.3233974E-04  0.4893237E-04 -0.1164593E-03
Ar  1731  0.2320645E+02  0.1547097E+02  0.1289247E+02  0.1569797E-04  0.1194933E-04 -0.2384686E-05
Ar  1732  0.2062796E+02  0.1804946E+02  0.1289247E+02 -0.2400291E-04  0.6953848E-04 -0.1383092E-03
Ar  1733  0.2062796E+02  0.1547097E+02  0.1547097E+02 -0.6705042E-04  0.1651746E-04 -0.1050378E-04
Ar  1734  0.2320645E+02  0.1804946E+02  0.1547097E+02  0.2860872E-04  0.6154847E-05  0.9453727E-05
Ar  1735  0.2320645E+02  0.1547097E+02  0.1804946E+02 -0.1237635E-03  0.2030331E-04  0.2958488E-04
Ar  1736  0.2062796E+02  0.1804946E+02  0.1804946E+02  0.3917060E-04 -0.3419234E-04 -0.4125410E-04
Ar  1737  0.2062796E+02  0.1547097E+02  0.2062796E+02  0.9043517E-04  0.2998281E-04 -0.3106578E-04
Ar  1738  0.2320645E+02  0.1804946E+02  0.2062796E+02  0.1105573E-03  0.1065548E-03  0.6772299E-04
Ar  1739  0.2320645E+02  0.1547097E+02  0.2320645E+02  0.4545562E-04  0.3481632E-06  0.1360353E-03
Ar  1740  0.2062796E+02  0.1804946E+02  0.2320645E+02  0.4359295E-05 -0.5788313E-05  0.1238043E-03
Ar  1741  0.2062796E+02  0.1547097E+02  0.2578495E+02  0.2736865E-04  0.5399635E-04 -0.3366691E-04
Ar  1742  0.2320645E+02  0.1804946E+02  0.2578495E+02  0.8111856E-05  0.2600088E-04  0.1008069E-03
Ar  1743  0.2320645E+02  0.1547097E+02  0.2836344E+02 -0.4302503E-04 -0.5573409E-04 -0.4126620E-04
Ar  1744  0.2062796E+02  0.1804946E+02  0.2836344E+02  0.1919630E-04 -0.5015319E-04 -0.2376568E-04
Ar  1745  0.2062796E+02  0.1547097E+02  0.3094194E+02  0.6236230E-04  0.5892485E-05 -0.9618463E-04
Ar  1746  0.2320645E+02  0.1804946E+02  0.3094194E+02  0.2304508E-04  0.5180847E-05  0.9162789E-04
Ar  1747  0.2320645E+02  0.1547097E+02  0.3352043E+02  0.3219970E-04 -0.1135888E-03 -0.1699470E-04
Ar  1748  0.2062796E+02  0.1804946E+02  0.3352043E+02  0.7620189E-05 -0.5375508E-04 -0.7021384E-04
Ar  1749  0.2062796E+02  0.1547097E+02  0.3609893E+02 -0.8525635E-04 -0.5774990E-04 -0.4993343E-05
Ar  1750  0.2320645E+02  0.1804946E+02  0.3609893E+02 -0.8161766E-04 -0.1019358E-03  0.2559783E-04
Ar  1751  0.2320645E+02  0.1547097E+02  0.3867742E+02  0.4434828E-04  0.3089103E-04 -0.2646721E-05
Ar  1752  0.2062796E+02  0.1804946E+02  0.3867742E+02  0.5072495E-05 -0.2468975E-04  0.7923140E-06
Ar  1753  0.2062796E+02  0.1547097E+02  0.4125592E+02 -0.8337255E-04 -0.2841382E-04  0.7082807E-04
Ar  1754  0.2320645E+02  0.1804946E+02  0.4125592E+02 -0.1289600E-04  0.7262757E-05 -0.1081946E-04
Ar  1755  0.2320645E+02  0.1547097E+02  0.4383441E+02  0.4241759E-04  0.9567917E-04  0.8228825E-04
Ar  1756  0.2062796E+02  0.1804946E+02  0.4383441E+02 -0.5135307E-05 -0.7385621E-04  0.9543158E-05
Ar  1757  0.2062796E+02  0.1547097E+02  0.4641291E+02 -0.6265940E-04 -0.4953210E-04  0.7142109E-04
Ar  1758  0.2320645E+02  0.1804946E+02  0.4641291E+02  0.6145951E-04  0.1387094E-03  0.1433035E-03
Ar  1759  0.2320645E+02  0.1547097E+02  0.4899140E+02  0.8166399E-05  0.4606792E-04  0.1007564E-03
Ar  1760  0.2062796E+02  0.1804946E+02  0.4899140E+02 -0.4978316E-04  0.3831206E-04 -0.6708226E-04
Ar  1761  0.2062796E+02  0.2062796E+02  0.0000000E+00 -0.7249692E-04 -0.2534372E-04  0.4029262E-05
Ar  1762  0.2320645E+02  0.2320645E+02  0.0000000E+00 -0.7086586E-04  0.3338556E-04  0.2634943E-04
Ar  1763  0.2320645E+02  0.2062796E+02  0.2578495E+01  0.1978918E-05  0.2105702E-04 -0.2454625E-04
Ar  1764  0.2062796E+02  0.2320645E+02  0.2578495E+01 -0.6431542E-04  0.4363788E-06  0.1280685E-03
Ar  1765  0.2062796E+02  0.2062796E+02  0.5156990E+01  0.9496015E-04 -0.1418284E-04 -0.7017443E-04
Ar  1766  0.2320645E+02  0.2320645E+02  0.5156990E+01 -0.6305454E-04  0.6575363E-04 -0.2450166E-04
Ar  1767  0.2320645E+02  0.2062796E+02  0.7735485E+01  0.5999554E-04 -0.3329632E-05  0.3852002E-04
Ar  1768  0.2062796E+02  0.2320645E+02  0.7735485E+01 -0.1086154E-04 -0.2322561E-04 -0.5754763E-04
Ar  1769  0.2062796E+02  0.2062796E+02  0.1031398E+02 -0.3106143E-04 -0.1599732E-03 -0.3167390E-04
Ar  1770  0.2320645E+02  0.2320645E+02  0.1031398E+02 -0.1444201E-03  0.7006408E-04  0.5911815E-04
Ar  1771  0.2320645E+02  0.2062796E+02  0.1289247E+02 -0.3724841E-04  0.2202092E-04 -0.1864646E-04
Ar  1772  0.2062796E+02  0.2320645E+02  0.1289247E+02  0.3918403E-04 -0.7976441E-04 -0.8082126E-04
Ar  1773  0.2062796E+02  0.2062796E+02  0.1547097E+02  0.1820550E-05  0.3759902E-04  0.1261595E-04
Ar  1774  0.2320645E+02  0.2320645E+02  0.1547097E+02 -0.3045880E-04 -0.1421171E-03  0.6407262E-04
Ar  1775  0.2320645E+02  0.2062796E+02  0.1804946E+02 -0.5572870E-05  0.3633161E-04  0.1932140E-04
Ar  1776  0.2062796E+02  0.2320645E+02  0.1804946E+02  0.6032887E-04  0.5570191E-04 -0.3974103E-04
Ar  1777  0.2062796E+02  0.2062796E+02  0.2062796E+02  0.6056027E-04 -0.2831889E-04  0.1214916E-04
Ar  1778  0.2320645E+02  0.2320645E+02  0.2062796E+02 -0.5681836E-04 -0.2938872E-04 -0.2749431E-04
Ar  1779  0.2320645E+02  0.2062796E+02  0.2320645E+02 -0.5084440E-04 -0.7662782E-04 -0.6618755E-04
Ar  1780  0.2062796E+02  0.2320645E+02  0.2320645E+02 -0.1199362E-04  0.1263679E-03 -0.7148245E-04
Ar  1781  0.2062796E+02  0.2062796E+02  0.2578495E+02 -0.7850083E-05 -0.8483723E-04  0.2897306E-04
Ar  1782  0.2320645E+02  0.2320645E+02  0.2578495E+02  0.4733109E-04 -0.1666840E-04 -0.1123339E-04
Ar  1783  0.2320645E+02  0.2062796E+02  0.2836344E+02  0.2844792E-04  0.3192078E-04 -0.1936526E-04
Ar  1784  0.2062796E+02  0.2320645E+02  0.2836344E+02  0.2194060E-04  0.2174237E-04 -0.3997100E-04
Ar  1785  0.2062796E+02  0.2062796E+02  0.3094194E+02 -0.9408187E-04 -0.2073063E-04  0.9501141E-04
Ar  1786  0.2320645E+02  0.2320645E+02  0.3094194E+02 -0.8898366E-04 -0.9335138E-05 -0.1897056E-04
Ar  1787  0.2320645E+02  0.2062796E+02  0.3352043E+02 -0.2538073E-04  0.5912518E-04  0.8006068E-04
Ar  1788  0.2062796E+02  0.2320645E+02  0.3352043E+02 -0.4168678E-04  0.6394563E-04  0.1294802E-03
Ar  1789  0.2062796E+02  0.2062796E+02  0.3609893E+02 -0.7715645E-04  0.2102047E-04 -0.5611234E-04
Ar  1790  0.2320645E+02  0.2320645E+02  0.3609893E+02  0.1029795E-03  0.3877563E-05 -0.1184088E-03
Ar  1791  0.2320645E+02  0.2062796E+02  0.3867742E+02 -0.7146346E-04 -0.1756335E-04 -0.6026294E-05
Ar  1792  0.2062796E+02  0.2320645E+02  0.3867742E+02 -0.6357699E-04 -0.1357495E-04  0.9043044E-04
Ar  1793  0.2062796E+02  0.2062796E+02  0.4125592E+02  0.5476390E-04 -0.1091609E-03 -0.2295270E-04
Ar  1794  0.2320645E+02  0.2320645E+02  0.4125592E+02 -0.2520696E-04 -0.1200039E-04  0.3439116E-04
Ar  1795  0.2320645E+02  0.2062796E+02  0.4383441E+02 -0.7431852E-04 -0.5255424E-04  0.4466284E-04
Ar  1796  0.2062796E+02  0.2320645E+02  0.4383441E+02  0.4919710E-05 -0.3528376E-04 -0.1781590E-04
Ar  1797  0.2062796E+02  0.2062796E+02  0.4641291E+02 -0.6147078E-04 -0.1871912E-04 -0.6533142E-04
Ar  1798  0.2320645E+02  0.2320645E+02  0.4641291E+02  0.5242494E-05  0.1602761E-04  0.7493509E-04
Ar  1799  0.2320645E+02  0.2062796E+02  0.4899140E+02 -0.2553784E-04 -0.3830901E-04 -0.9244099E-04
Ar  1800  0.2062796E+02  0.2320645E+02  0.4899140E+02  0.6572449E-04 -0.9964332E-04 -0.3869266E-04
Ar  1801  0.2062796E+02  0.2578495E+02  0.0000000E+00 -0.6910678E-04  0.2913733E-04 -0.1549346E-03
Ar  1802  0.2320645E+02  0.2836344E+02  0.0000000E+00  0.1755882E-04 -0.2784602E-05  0.3596024E-05
Ar  1803  0.2320645E+02  0.2578495E+02  0.2578495E+01 -0.9250795E-06 -0.1812340E-04 -0.6611034E-04
Ar  1804  0.2062796E+02  0.2836344E+02  0.2578495E+01  0.1401946E-04 -0.2530422E-04  0.3648492E-04
Ar  1805  0.2062796E+02  0.2578495E+02  0.5156990E+01  0.1002897E-03 -0.2084858E-04  0.1398182E-04
Ar  1806  0.2320645E+02  0.2836344E+02  0.5156990E+01  0.4989105E-04  0.6191642E-04  0.1295197E-03
Ar  1807  0.2320645E+02  0.2578495E+02  0.7735485E+01 -0.4987610E-04 -0.5098657E-04 -0.8547362E-04
Ar  1808  0.2062796E+02  0.2836344E+02  0.7735485E+01  0.3717607E-04  0.4710398E-04  0.3923685E-04
Ar  1809  0.2062796E+02  0.2578495E+02  0.1031398E+02  0.4703264E-04 -0.3728340E-04 -0.2591767E-04
Ar  1810  0.2320645E+02  0.2836344E+02  0.1031398E+02  0.2961704E-04 -0.2825074E-04  0.5488652E-04
Ar  1811  0.2320645E+02  0.2578495E+02  0.1289247E+02 -0.5079281E-04 -0.6539631E-04 -0.4654199E-04
Ar  1812  0.2062796E+02  0.2836344E+02  0.1289247E+02 -0.1394261E-04 -0.3824258E-04 -0.2628710E-04
Ar  1813  0.2062796E+02  0.2578495E+02  0.1547097E+02  0.9840805E-04 -0.1030439E-04 -0.4973988E-04
Ar  1814  0.2320645E+02  0.2836344E+02  0.1547097E+02 -0.6852137E-04  0.1388551E-03  0.2765186E-05
Ar  1815  0.2320645E+02  0.2578495E+02  0.1804946E+02 -0.7314898E-04  0.1568639E-03  0.5689366E-05
Ar  1816  0.2062796E+02  0.2836344E+02  0.1804946E+02  0.1751492E-04 -0.2493585E-04  0.8936486E-04
Ar  1817  0.2062796E+02  0.2578495E+02  0.2062796E+02  0.1143031E-03 -0.6500376E-04 -0.3847279E-04
Ar  1818  0.2320645E+02  0.2836344E+02  0.2062796E+02  0.8777109E-04  0.1837807E-03  0.6524634E-04
Ar  1819  0.2320645E+02  0.2578495E+02  0.2320645E+02  0.8392741E-04 -0.6333529E-04  0.7113889E-04
Ar  1820  0.2062796E+02  0.2836344E+02  0.2320645E+02 -0.5504350E-04 -0.5211777E-04 -0.3334521E-04
Ar  1821  0.2062796E+02  0.2578495E+02  0.2578495E+02 -0.2959580E-04 -0.2373742E-04 -0.1832029E-03
Ar  1822  0.2320645E+02  0.2836344E+02  0.2578495E+02 -0.1099602E-04 -0.3087731E-04  0.7139577E-04
Ar  1823  0.2320645E+02  0.2578495E+02  0.2836344E+02 -0.4735665E-04  0.1294098E-03 -0.9092167E-04
Ar  1824  0.2062796E+02  0.2836344E+02  0.2836344E+02 -0.9350046E-05  0.4573850E-04 -0.1731168E-03
Ar  1825  0.2062796E+02  0.2578495E+02  0.3094194E+02 -0.4921272E-04  0.8207229E-04  0.1289486E-03
Ar  1826  0.2320645E+02  0.2836344E+02  0.3094194E+02  0.1526653E-04 -0.2026206E-04  0.4654827E-05
Ar  1827  0.2320645E+02  0.2578495E+02  0.3352043E+02 -0.9727403E-04  0.6115923E-04  0.4697320E-04
Ar  1828  0.2062796E+02  0.2836344E+02  0.3352043E+02 -0.1361955E-04  0.3812881E-04  0.7120901E-04
Ar  1829  0.2062796E+02  0.2578495E+02  0.3609893E+02  0.1182938E-03  0.7475378E-04 -0.7316596E-05
Ar  1830  0.2320645E+02  0.2836344E+02  0.3609893E+02 -0.3485732E-04 -0.1034458E-04  0.5181921E-04
Ar  1831  0.2320645E+02  0.2578495E+02  0.3867742E+02 -0.4401276E-04  0.1342223E-03 -0.2692476E-04
Ar  1832  0.2062796E+02  0.2836344E+02  0.3867742E+02  0.3521109E-04 -0.7975741E-05  0.1054768E-03
Ar  1833  0.2062796E+02  0.2578495E+02  0.4125592E+02 -0.6967513E-04 -0.4167205E-04  0.5157160E-04
Ar  1834  0.2320645E+02  0.2836344E+02  0.4125592E+02 -0.4757215E-04 -0.9423635E-04  0.5445647E-04
Ar  1835  0.2320645E+02  0.2578495E+02  0.4383441E+02  0.7933768E-04  0.2076738E-04 -0.1091051E-03
Ar  1836  0.2062796E+02  0.2836344E+02  0.4383441E+02 -0.1158344E-04  0.2669329E-04 -0.2737525E-04
Ar  1837  0.2062796E+02  0.2578495E+02  0.4641291E+02 -0.1168209E-04 -0.1205199E-03 -0.1866633E-04
Ar  1838  0.2320645E+02  0.2836344E+02  0.4641291E+02  0.5511966E-04  0.2376863E-04 -0.1352302E-03
Ar  1839  0.2320645E+02  0.2578495E+02  0.4899140E+02 -0.7347594E-04  0.6139317E-04  0.1131193E-03
Ar  1840  0.2062796E+02  0.2836344E+02  0.4899140E+02 -0.4228690E-04  0.4476496E-04  0.1919832E-04
Ar  1841  0.2062796E+02  0.3094194E+02  0.0000000E+00 -0.5762782E-04  0.1055890E-04 -0.2158959E-04
Ar  1842  0.2320645E+02  0.3352043E+02  0.0000000E+00  0.8311340E-05  0.3158212E-04  0.7229127E-04
Ar  1843  0.2320645E+02  0.3094194E+02  0.2578495E+01 -0.6904422E-04 -0.1720662E-04  0.4811798E-04
Ar  1844  0.2062796E+02  0.3352043E+02  0.2578495E+01 -0.9905020E-04  0.2362916E-04 -0.1273238E-03
Ar  1845  0.2062796E+02  0.3094194E+02  0.5156990E+01 -0.3489289E-05  0.1672956E-05  0.4519074E-04
Ar  1846  0.2320645E+02  0.3352043E+02  0.5156990E+01  0.4882305E-04 -0.5097543E-04  0.9003946E-04
Ar  1847  0.2320645E+02  0.3094194E+02  0.7735485E+01 -0.7349670E-04  0.4773270E-04  0.5108318E-04
Ar  1848  0.2062796E+02  0.3352043E+02  0.7735485E+01 -0.7030592E-05  0.2284418E-04 -0.1581600E-05
Ar  1849  0.2062796E+02  0.3094194E+02  0.1031398E+02  0.2633562E-04 -0.5882484E-04  0.7910403E-05
Ar  1850  0.2320645E+02  0.3352043E+02  0.1031398E+02 -0.1862945E-04  0.8836266E-04 -0.3622035E-05
Ar  1851  0.2320645E+02  0.3094194E+02  0.1289247E+02  0.4075873E-04 -0.5758859E-04  0.4823021E-04
Ar  1852  0.2062796E+02  0.3352043E+02  0.1289247E+02 -0.4765236E-04 -0.2994593E-04 -0.7666079E-04
Ar  1853  0.2062796E+02  0.3094194E+02  0.1547097E+02  0.2954382E-04 -0.7142076E-04  0.4067363E-04
Ar  1854  0.2320645E+02  0.3352043E+02  0.1547097E+02 -0.7259876E-04 -0.3883577E-04 -0.5655530E-04
Ar  1855  0.2320645E+02  0.3094194E+02  0.1804946E+02  0.3667239E-05  0.1553691E-04 -0.3415089E-04
Ar  1856  0.2062796E+02  0.3352043E+02  0.1804946E+02  0.1179220E-04  0.1704721E-05  0.7286719E-04
Ar  1857  0.2062796E+02  0.3094194E+02  0.2062796E+02  0.9095717E-07 -0.3165866E-05 -0.4624876E-04
Ar  1858  0.2320645E+02  0.3352043E+02  0.2062796E+02  0.3371258E-04  0.3711282E-05  0.1168130E-03
Ar  1859  0.2320645E+02  0.3094194E+02  0.2320645E+02  0.5886513E-04  0.4408395E-04 -0.1247955E-03
Ar  1860  0.2062796E+02  0.3352043E+02  0.2320645E+02  0.3884113E-04 -0.2377283E-04 -0.2921592E-05
Ar  1861  0.2062796E+02  0.3094194E+02  0.2578495E+02  0.8140915E-04  0.2253459E-04  0.2281607E-03
Ar  1862  0.2320645E+02  0.3352043E+02  0.2578495E+02  0.5532915E-04 -0.6271329E-04  0.2751878E-04
Ar  1863  0.2320645E+02  0.3094194E+02  0.2836344E+02 -0.7676547E-04  0.8873094E-04 -0.3826033E-04
Ar  1864  0.2062796E+02  0.3352043E+02  0.2836344E+02 -0.2063888E-04 -0.2942607E-04  0.7946333E-05
Ar  1865  0.2062796E+02  0.3094194E+02  0.3094194E+02 -0.1506126E-03 -0.1168317E-03  0.1339270E-03
Ar  1866  0.2320645E+02  0.3352043E+02  0.3094194E+02  0.1389305E-04  0.3678093E-05 -0.2318804E-04
Ar  1867  0.2320645E+02  0.3094194E+02  0.3352043E+02 -0.2547182E-05  0.1637436E-04  0.3995611E-04
Ar  1868  0.2062796E+02  0.3352043E+02  0.3352043E+02  0.2538063E-04  0.5577342E-05  0.4124221E-04
Ar  1869  0.2062796E+02  0.3094194E+02  0.3609893E+02  0.8208449E-04 -0.7619560E-05 -0.9525534E-04
Ar  1870  0.2320645E+02  0.3352043E+02  0.3609893E+02  0.1375315E-04 -0.4311697E-04 -0.1035508E-03
Ar  1871  0.2320645E+02  0.3094194E+02  0.3867742E+02 -0.1162836E-04  0.4312142E-04  0.1960862E-04
Ar  1872  0.2062796E+02  0.3352043E+02  0.3867742E+02  0.3076449E-04 -0.3758785E-04  0.1073738E-04
Ar  1873  0.2062796E+02  0.3094194E+02  0.4125592E+02  0.1005860E-03  0.1922143E-04 -0.2940993E-04
Ar  1874  0.2320645E+02  0.3352043E+02  0.4125592E+02  0.1165506E-03 -0.5963889E-05  0.7216296E-04
Ar  1875  0.2320645E+02  0.3094194E+02  0.4383441E+02  0.1092864E-03  0.6700828E-05 -0.1312788E-04
Ar  1876  0.2062796E+02  0.3352043E+02  0.4383441E+02  0.3595008E-04  0.7610114E-04  0.7797538E-04
Ar  1877  0.2062796E+02  0.3094194E+02  0.4641291E+02  0.1470919E-03  0.4519132E-04  0.3287150E-05
Ar  1878  0.2320645E+02  0.3352043E+02  0.4641291E+02  0.9781216E-04  0.9781252E-04  0.4724828E-04
Ar  1879  0.2320645E+02  0.3094194E+02  0.4899140E+02 -0.1730191E-04  0.5594860E-04 -0.9811482E-04
Ar  1880  0.2062796E+02  0.3352043E+02  0.4899140E+02  0.1197458E-03  0.6867230E-04  0.3752988E-04
Ar  1881  0.2062796E+02  0.3609893E+02  0.0000000E+00  0.2997651E-04 -0.3335268E-04 -0.2327229E-04
Ar  1882  0.2320645E+02  0.3867742E+02  0.0000000E+00  0.1142054E-04  0.5488273E-04 -0.3467650E-04
Ar  1883  0.2320645E+02  0.3609893E+02  0.2578495E+01 -0.3321373E-04 -0.6584218E-04 -0.1843685E-04
Ar  1884  0.2062796E+02  0.3867742E+02  0.2578495E+01  0.2588297E-04 -0.7936376E-04  0.7198610E-04
Ar  1885  0.2062796E+02  0.3609893E+02  0.5156990E+01 -0.6729441E-05  0.4592708E-04 -0.2075256E-04
Ar  1886  0.2320645E+02  0.3867742E+02  0.5156990E+01 -0.1725800E-04  0.7768520E-04  0.8743585E-04
Ar  1887  0.2320645E+02  0.3609893E+02  0.7735485E+01 -0.5233246E-04 -0.5636508E-04  0.3022571E-04
Ar  1888  0.2062796E+02  0.3867742E+02  0.7735485E+01  0.1246594E-03 -0.2605810E-04  0.2913910E-04
Ar  1889  0.2062796E+02  0.3609893E+02  0.1031398E+02 -0.2434699E-04 -0.1733091E-04 -0.5680521E-04
Ar  1890  0.2320645E+02  0.3867742E+02  0.1031398E+02  0.3271566E-04 -0.3514218E-04 -0.2285536E-04
Ar  1891  0.2320645E+02  0.3609893E+02  0.1289247E+02 -0.3536241E-05  0.4619329E-04  0.3053645E-04
Ar  1892  0.2062796E+02  0.3867742E+02  0.1289247E+02 -0.5830027E-04  0.8561714E-04 -0.3185401E-05
Ar  1893  0.2062796E+02  0.3609893E+02  0.1547097E+02 -0.9498688E-04  0.4492437E-04  0.1573772E-03
Ar  1894  0.2320645E+02  0.3867742E+02  0.1547097E+02  0.3158516E-04  0.9794580E-05  0.1055608E-03
Ar  1895  0.2320645E+02  0.3609893E+02  0.1804946E+02 -0.1316513E-03  0.2230476E-04 -0.1531046E-03
Ar  1896  0.2062796E+02  0.3867742E+02  0.1804946E+02 -0.3526616E-04  0.5822925E-05 -0.2958326E-04
Ar  1897  0.2062796E+02  0.3609893E+02  0.2062796E+02  0.3738215E-04 -0.2665447E-04 -0.5399174E-05
Ar  1898  0.2320645E+02  0.3867742E+02  0.2062796E+02 -0.2695792E-04  0.7065607E-05 -0.6468154E-05
Ar  1899  0.2320645E+02  0.3609893E+02  0.2320645E+02 -0.3380068E-04  0.1912171E-04  0.5723937E-04
Ar  1900  0.2062796E+02  0.3867742E+02  0.2320645E+02 -0.2600769E-04  0.1298486E-03 -0.8820335E-04
Ar  1901  0.2062796E+02  0.3609893E+02  0.2578495E+02  0.5104506E-04 -0.7831437E-04 -0.5796797E-05
Ar  1902  0.2320645E+02  0.3867742E+02  0.2578495E+02 -0.5112818E-04 -0.4650538E-05  0.1542150E-05
Ar  1903  0.2320645E+02  0.3609893E+02  0.2836344E+02 -0.7244093E-04 -0.3183127E-05 -0.8045855E-05
Ar  1904  0.2062796E+02  0.3867742E+02  0.2836344E+02 -0.1490164E-04 -0.6209482E-04  0.3827542E-04
Ar  1905  0.2062796E+02  0.3609893E+02  0.3094194E+02  0.4729650E-04  0.1994468E-04  0.3277903E-04
Ar  1906  0.2320645E+02  0.3867742E+02  0.3094194E+02  0.1240740E-03 -0.4982712E-04 -0.3454169E-04
Ar  1907  0.2320645E+02  0.3609893E+02  0.3352043E+02  0.6565145E-04  0.4558932E-04  0.1951122E-04
Ar  1908  0.2062796E+02  0.3867742E+02  0.3352043E+02  0.1122981E-03  0.6731728E-04 -0.5287896E-04
Ar  1909  0.2062796E+02  0.3609893E+02  0.3609893E+02  0.1031802E-03 -0.6765189E-05  0.1111411E-04
Ar  1910  0.2320645E+02  0.3867742E+02  0.3609893E+02 -0.4011937E-04  0.8250489E-04  0.3052723E-05
Ar  1911  0.2320645E+02  0.3609893E+02  0.3867742E+02 -0.2076896E-04 -0.4145738E-04  0.7987246E-04
Ar  1912  0.2062796E+02  0.3867742E+02  0.3867742E+02 -0.8996990E-04  0.6337546E-04  0.6122190E-04
Ar  1913  0.2062796E+02  0.3609893E+02  0.4125592E+02  0.3452932E-04 -0.4232691E-04  0.3590149E-04
Ar  1914  0.2320645E+02  0.3867742E+02  0.4125592E+02 -0.1911139E-03  0.5000851E-04  0.1325461E-04
Ar  1915  0.2320645E+02  0.3609893E+02  0.4383441E+02 -0.5573279E-04  0.6457036E-04 -0.2808752E-04
Ar  1916  0.2062796E+02  0.3867742E+02  0.4383441E+02  0.2365907E-04  0.4417700E-04 -0.2082684E-04
Ar  1917  0.2062796E+02  0.3609893E+02  0.4641291E+02 -0.4255299E-04  0.8992108E-04 -0.6289495E-04
Ar  1918  0.2320645E+02  0.3867742E+02  0.4641291E+02 -0.4466333E-04  0.1442966E-04  0.5020659E-04
Ar  1919  0.2320645E+02  0.3609893E+02  0.4899140E+02 -0.1051081E-03 -0.1380728E-04  0.5902139E-04
Ar  1920  0.2062796E+02  0.3867742E+02  0.4899140E+02  0.3058537E-04 -0.1667239E-03 -0.8686175E-04
Ar  1921  0.2062796E+02  0.4125592E+02  0.0000000E+00 -0.1910195E-04  0.9765328E-04 -0.4213170E-04
Ar  1922  0.2320645E+02  0.4383441E+02  0.0000000E+00  0.6934827E-04 -0.8738166E-04  0.2704437E-04
Ar  1923  0.2320645E+02  0.4125592E+02  0.2578495E+01  0.4167203E-04  0.7983775E-04  0.1102374E-03
Ar  1924  0.2062796E+02  0.4383441E+02  0.2578495E+01 -0.6253836E-04 -0.4260501E-04  0.1845102E-04
Ar  1925  0.2062796E+02  0.4125592E+02  0.5156990E+01  0.2712130E-04  0.4017681E-04  0.2511896E-04
Ar  1926  0.2320645E+02  0.4383441E+02  0.5156990E+01  0.3280479E-04  0.8816628E-04 -0.5430589E-04
Ar  1927  0.2320645E+02  0.4125592E+02  0.7735485E+01  0.6255354E-04 -0.2339422E-04 -0.1010556E-03
Ar  1928  0.2062796E+02  0.4383441E+02  0.7735485E+01 -0.3019623E-04  0.4733565E-05 -0.5050949E-04
Ar  1929  0.2062796E+02  0.4125592E+02  0.1031398E+02 -0.1473344E-04  0.4189692E-04 -0.9668028E-04
Ar  1930  0.2320645E+02  0.4383441E+02  0.1031398E+02  0.4496189E-04  0.6764288E-04  0.9853397E-05
Ar  1931  0.2320645E+02  0.4125592E+02  0.1289247E+02 -0.8258327E-04  0.7739342E-04 -0.2087516E-04
Ar  1932  0.2062796E+02  0.4383441E+02  0.1289247E+02 -0.1040069E-04  0.1219045E-03  0.5815710E-05
Ar  1933  0.2062796E+02  0.4125592E+02  0.1547097E+02  0.3658342E-05  0.1136733E-03  0.2189454E-04
Ar  1934  0.2320645E+02  0.4383441E+02  0.1547097E+02 -0.8054017E-04  0.1254208E-03  0.3646582E-05
Ar  1935  0.2320645E+02  0.4125592E+02  0.1804946E+02  0.4095762E-04 -0.5313496E-04  0.1131535E-03
Ar  1936  0.2062796E+02  0.4383441E+02  0.1804946E+02  0.6870082E-04 -0.1326438E-04  0.6102279E-04
Ar  1937  0.2062796E+02  0.4125592E+02  0.2062796E+02 -0.9134271E-04  0.2174874E-04  0.9770968E-04
Ar  1938  0.2320645E+02  0.4383441E+02  0.2062796E+02 -0.7499943E-04 -0.8875715E-05 -0.1225681E-03
Ar  1939  0.2320645E+02  0.4125592E+02  0.2320645E+02  0.1355003E-04  0.2444012E-06 -0.3328572E-04
Ar  1940  0.2062796E+02  0.4383441E+02  0.2320645E+02 -0.5818695E-04 -0.2525533E-04  0.3596532E-04
Ar  1941  0.2062796E+02  0.4125592E+02  0.2578495E+02 -0.3348177E-04 -0.1335371E-03  0.2533711E-04
Ar  1942  0.2320645E+02  0.4383441E+02  0.2578495E+02  0.1217762E-03  0.3564875E-04 -0.1238562E-03
Ar  1943  0.2320645E+02  0.4125592E+02  0.2836344E+02 -0.6915525E-04  0.9292532E-04 -0.3946507E-04
Ar  1944  0.2062796E+02  0.4383441E+02  0.2836344E+02 -0.5327505E-04  0.5672622E-04  0.6080258E-04
Ar  1945  0.2062796E+02  0.4125592E+02  0.3094194E+02  0.2154156E-04 -0.6583292E-04  0.8897852E-04
Ar  1946  0.2320645E+02  0.4383441E+02  0.3094194E+02  0.3514365E-04 -0.3664015E-04  0.1014280E-04
Ar  1947  0.2320645E+02  0.4125592E+02  0.3352043E+02  0.5847130E-04 -0.3643176E-04 -0.3241266E-04
Ar  1948  0.2062796E+02  0.4383441E+02  0.3352043E+02  0.1634834E-04 -0.9245713E-04 -0.2586841E-04
Ar  1949  0.2062796E+02  0.4125592E+02  0.3609893E+02  0.5301711E-04 -0.6238739E-04  0.3157171E-04
Ar  1950  0.2320645E+02  0.4383441E+02  0.3609893E+02 -0.9238545E-04  0.1440185E-03  0.1086078E-03
Ar  1951  0.2320645E+02  0.4125592E+02  0.3867742E+02  0.9586610E-04 -0.2590126E-05  0.6925066E-04
Ar  1952  0.2062796E+02  0.4383441E+02  0.3867742E+02  0.3318404E-04  0.3829031E-04  0.3655620E-04
Ar  1953  0.2062796E+02  0.4125592E+02  0.4125592E+02  0.3124711E-04 -0.5614339E-04 -0.6292935E-04
Ar  1954  0.2320645E+02  0.4383441E+02  0.4125592E+02 -0.4505555E-04  0.2440015E-04 -0.7881127E-04
Ar  1955  0.2320645E+02  0.4125592E+02  0.4383441E+02 -0.1072119E-04  0.2178247E-04  0.5894217E-04
Ar  1956  0.2062796E+02  0.4383441E+02  0.4383441E+02 -0.6298965E-04 -0.2194763E-04 -0.6033847E-04
Ar  1957  0.2062796E+02  0.4125592E+02  0.4641291E+02 -0.8566470E-04 -0.6498256E-04  0.1854827E-04
Ar  1958  0.2320645E+02  0.4383441E+02  0.4641291E+02  0.4850310E-04 -0.5143718E-04 -0.1478328E-04
Ar  1959  0.2320645E+02  0.4125592E+02  0.4899140E+02  0.5396273E-04 -0.8497532E-04 -0.4835289E-04
Ar  1960  0.2062796E+02  0.4383441E+02  0.4899140E+02  0.5860065E-04 -0.7692089E-04 -0.5357638E-05
Ar  1961  0.2062796E+02  0.4641291E+02  0.0000000E+00 -0.3187516E-04  0.8929452E-04 -0.1071529E-03
Ar  1962  0.2320645E+02  0.4899140E+02  0.0000000E+00 -0.6019809E-04 -0.2469153E-04 -0.8515793E-04
Ar  1963  0.2320645E+02  0.4641291E+02  0.2578495E+01 -0.1127246E-04  0.6063154E-04  0.7055615E-04
Ar  1964  0.2062796E+02  0.4899140E+02  0.2578495E+01  0.4459604E-05 -0.1800153E-04 -0.5216309E-04
Ar  1965  0.2062796E+02  0.4641291E+02  0.5156990E+01  0.7350938E-04  0.1004365E-03  0.8089831E-04
Ar  1966  0.2320645E+02  0.4899140E+02  0.5156990E+01  0.8975085E-04  0.2958435E-04 -0.6564341E-05
Ar  1967  0.2320645E+02  0.4641291E+02  0.7735485E+01  0.3272212E-06  0.1683757E-03 -0.7725829E-04
Ar  1968  0.2062796E+02  0.4899140E+02  0.7735485E+01  0.5915057E-04 -0.1065177E-03  0.3820509E-04
Ar  1969  0.2062796E+02  0.4641291E+02  0.1031398E+02  0.4875362E-04  0.1131425E-03  0.5604424E-05
Ar  1970  0.2320645E+02  0.4899140E+02  0.1031398E+02 -0.1492483E-04 -0.4215363E-04 -0.2957413E-05
Ar  1971  0.2320645E+02  0.4641291E+02  0.1289247E+02  0.7456551E-04  0.7286548E-04 -0.5392623E-05
Ar  1972  0.2062796E+02  0.4899140E+02  0.1289247E+02  0.5092746E-04  0.7722801E-04 -0.5325090E-04
Ar  1973  0.2062796E+02  0.4641291E+02  0.1547097E+02  0.3872065E-04  0.3428477E-04 -0.1808423E-04
Ar  1974  0.2320645E+02  0.4899140E+02  0.1547097E+02 -0.1393219E-04 -0.7844316E-04  0.3406307E-04
Ar  1975  0.2320645E+02  0.4641291E+02  0.1804946E+02  0.1293921E-03 -0.1266625E-05  0.6679707E-04
Ar  1976  0.2062796E+02  0.4899140E+02  0.1804946E+02  0.1603041E-04  0.4490989E-04 -0.7782791E-04
Ar  1977  0.2062796E+02  0.4641291E+02  0.2062796E+02  0.4479791E-04  0.1619373E-03 -0.6640599E-04
Ar  1978  0.2320645E+02  0.4899140E+02  0.2062796E+02  0.3694825E-05  0.4675892E-04 -0.1901766E-04
Ar  1979  0.2320645E+02  0.4641291E+02  0.2320645E+02  0.3125859E-04  0.3770397E-04 -0.8186326E-04
Ar  1980  0.2062796E+02  0.4899140E+02  0.2320645E+02 -0.5580957E-04  0.2687029E-05 -0.1540955E-03
Ar  1981  0.2062796E+02  0.4641291E+02  0.2578495E+02  0.7929027E-04 -0.4097925E-04  0.1409406E-03
Ar  1982  0.2320645E+02  0.4899140E+02  0.2578495E+02 -0.3391469E-04 -0.4468790E-04 -0.3030100E-04
Ar  1983  0.2320645E+02  0.4641291E+02  0.2836344E+02 -0.2615656E-04  0.8641005E-04 -0.3420890E-04
Ar  1984  0.2062796E+02  0.4899140E+02  0.2836344E+02  0.1332349E-03  0.2755554E-04 -0.1220777E-04
Ar  1985  0.2062796E+02  0.4641291E+02  0.3094194E+02 -0.5535183E-04 -0.3097914E-04 -0.4138535E-04
Ar  1986  0.2320645E+02  0.4899140E+02  0.3094194E+02 -0.1630341E-04 -0.6720087E-04  0.7285925E-04
Ar  1987  0.2320645E+02  0.4641291E+02  0.3352043E+02  0.1969684E-05 -0.9211252E-04  0.4224507E-04
Ar  1988  0.2062796E+02  0.4899140E+02  0.3352043E+02 -0.1682866E-03 -0.7443599E-04 -0.6106233E-04
Ar  1989  0.2062796E+02  0.4641291E+02  0.3609893E+02 -0.1259930E-03 -0.3544907E-04  0.3891317E-04
Ar  1990  0.2320645E+02  0.4899140E+02  0.3609893E+02  0.5251810E-04 -0.2209936E-04 -0.2253642E-04
Ar  1991  0.2320645E+02  0.4641291E+02  0.3867742E+02 -0.1368940E-04  0.9207738E-04 -0.7309167E-04
Ar  1992  0.2062796E+02  0.4899140E+02  0.3867742E+02  0.1173312E-03  0.3858648E-04  0.7340274E-04
Ar  1993  0.2062796E+02  0.4641291E+02  0.4125592E+02 -0.7402352E-04 -0.1045034E-03  0.3686348E-04
Ar  1994  0.2320645E+02  0.4899140E+02  0.4125592E+02  0.4447313E-04 -0.6719872E-04  0.1359575E-04
Ar  1995  0.2320645E+02  0.4641291E+02  0.4383441E+02 -0.1550148E-04 -0.6999632E-04  0.3712053E-04
Ar  1996  0.2062796E+02  0.4899140E+02  0.4383441E+02 -0.8707128E-04 -0.1344227E-04 -0.7241094E-04
Ar  1997  0.2062796E+02  0.4641291E+02  0.4641291E+02 -0.4578711E-04  0.7278021E-05  0.5908259E-04
Ar  1998  0.2320645E+02  0.4899140E+02  0.4641291E+02 -0.2040039E-04 -0.6077092E-04 -0.2896142E-04
Ar  1999  0.2320645E+02  0.4641291E+02  0.4899140E+02 -0.8531852E-04 -0.1003425E-03 -0.7729647E-04
Ar  2000  0.2062796E+02  0.4899140E+02  0.4899140E+02  0.1875190E-04  0.5638964E-04 -0.7686951E-04
Ar  2001  0.2578495E+02  0.0000000E+00  0.0000000E+00 -0.2144070E-03  0.1205120E-04  0.2510932E-04
Ar  2002  0.2836344E+02  0.2578495E+01  0.0000000E+00 -0.1070267E-03 -0.1500689E-04  0.8181073E-04
Ar  2003  0.2836344E+02  0.0000000E+00  0.2578495E+01 -0.8566642E-04 -0.7920615E-04 -0.2311419E-04
Ar  2004  0.2578495E+02  0.2578495E+01  0.2578495E+01 -0.5771484E-04 -0.2679683E-04 -0.3017017E-04
Ar  2005  0.2578495E+02  0.0000000E+00  0.5156990E+01 -0.4460786E-04  0.9381332E-04  0.8460006E-05
Ar  2006  0.2836344E+02  0.2578495E+01  0.5156990E+01 -0.7875069E-04  0.3176570E-04 -0.4052847E-04
Ar  2007  0.2836344E+02  0.0000000E+00  0.7735485E+01  0.1537420E-04 -0.1032040E-03 -0.4167381E-04
Ar  2008  0.2578495E+02  0.2578495E+01  0.7735485E+01  0.6213875E-04 -0.8082503E-05  0.4443082E-04
Ar  2009  0.2578495E+02  0.0000000E+00  0.1031398E+02  0.1389893E-03 -0.5521560E-04 -0.1059783E-04
Ar  2010  0.2836344E+02  0.2578495E+01  0.1031398E+02 -0.3030306E-04  0.3313863E-04 -0.4540638E-05
Ar  2011  0.2836344E+02  0.0000000E+00  0.1289247E+02  0.5865149E-04 -0.3813853E-04  0.5972191E-04
Ar  2012  0.2578495E+02  0.2578495E+01  0.1289247E+02  0.3619158E-04 -0.1424926E-03  0.1769327E-04
Ar  2013  0.2578495E+02  0.0000000E+00  0.1547097E+02  0.5259389E-04 -0.3944619E-04  0.8673352E-04
Ar  2014  0.2836344E+02  0.2578495E+01  0.1547097E+02  0.1677497E-03 -0.2304021E-04  0.5348130E-04
Ar  2015  0.2836344E+02  0.0000000E+00  0.1804946E+02  0.5748293E-04 -0.1002373E-05  0.1494608E-03
Ar  2016  0.2578495E+02  0.2578495E+01  0.1804946E+02 -0.9962792E-04  0.4447958E-04  0.1193877E-04
Ar  2017  0.2578495E+02  0.0000000E+00  0.2062796E+02 -0.5507256E-04  0.4262126E-04 -0.1072527E-03
Ar  2018  0.2836344E+02  0.2578495E+01  0.2062796E+02  0.5896296E-04 -0.7019054E-04  0.7729572E-05
Ar  2019  0.2836344E+02  0.0000000E+00  0.2320645E+02 -0.3436713E-04  0.5267226E-04 -0.1843540E-04
Ar  2020  0.2578495E+02  0.2578495E+01  0.2320645E+02  0.4154949E-06  0.1035600E-04  0.6979229E-04
Ar  2021  0.2578495E+02  0.0000000E+00  0.2578495E+02  0.2415522E-04 -0.3595832E-04  0.4590544E-05
Ar  2022  0.2836344E+02  0.2578495E+01  0.2578495E+02 -0.1840040E-04 -0.4206926E-04  0.1907964E-04
Ar  2023  0.2836344E+02  0.0000000E+00  0.2836344E+02  0.1121764E-04  0.1060080E-03 -0.3864037E-04
Ar  2024  0.2578495E+02  0.2578495E+01  0.2836344E+02 -0.2180627E-04  0.1990502E-04 -0.1326910E-05
Ar  2025  0.2578495E+02  0.0000000E+00  0.3094194E+02 -0.2844091E-04 -0.8474262E-05 -0.7576326E-04
Ar  2026  0.2836344E+02  0.2578495E+01  0.3094194E+02 -0.7800939E-04  0.1159246E-03  0.1800441E-05
Ar  2027  0.2836344E+02  0.0000000E+00  0.3352043E+02  0.9745552E-04  0.4002169E-04 -0.1127051E-03
Ar  2028  0.2578495E+02  0.2578495E+01  0.3352043E+02  0.7192049E-04 -0.3927872E-04 -0.9805767E-04
Ar  2029  0.2578495E+02  0.0000000E+00  0.3609893E+02  0.1759787E-05  0.3562972E-04  0.9816839E-04
Ar  2030  0.2836344E+02  0.2578495E+01  0.3609893E+02 -0.6726205E-04  0.7075965E-04 -0.1039126E-03
Ar  2031  0.2836344E+02  0.0000000E+00  0.3867742E+02  0.1478755E-04 -0.8029005E-04 -0.2147075E-04
Ar  2032  0.2578495E+02  0.2578495E+01  0.3867742E+02 -0.5427729E-04 -0.1819075E-03 -0.4127382E-04
Ar  2033  0.2578495E+02  0.0000000E+00  0.4125592E+02 -0.5288978E-04 -0.1446764E-04 -0.1882549E-04
Ar  2034  0.2836344E+02  0.2578495E+01  0.4125592E+02 -0.4458845E-04 -0.7124452E-04  0.5031028E-05
Ar  2035  0.2836344E+02  0.0000000E+00  0.4383441E+02 -0.4340772E-04 -0.5615263E-04 -0.8580217E-04
Ar  2036  0.2578495E+02  0.2578495E+01  0.4383441E+02 -0.2803133E-04  0.5753242E-04  0.7007176E-05
Ar  2037  0.2578495E+02  0.0000000E+00  0.4641291E+02 -0.2466270E-04 -0.7642557E-04 -0.4280815E-04
Ar  2038  0.2836344E+02  0.2578495E+01  0.4641291E+02 -0.5434116E-04 -0.2585597E-04 -0.1268763E-04
Ar  2039  0.2836344E+02  0.0000000E+00  0.4899140E+02  0.5550203E-04 -0.2424878E-04 -0.6991900E-04
Ar  2040  0.2578495E+02  0.2578495E+01  0.4899140E+02 -0.3176110E-04  0.1443056E-04  0.2164405E-04
Ar  2041  0.2578495E+02  0.5156990E+01  0.0000000E+00 -0.7853226E-04 -0.1244919E-03 -0.8708574E-04
Ar  2042  0.2836344E+02  0.7735485E+01  0.0000000E+00  0.1704407E-03 -0.1357030E-03 -0.1347256E-03
Ar  2043  0.2836344E+02  0.5156990E+01  0.2578495E+01 -0.2780796E-04  0.6193472E-04  0.7227946E-04
Ar  2044  0.2578495E+02  0.7735485E+01  0.2578495E+01  0.1991282E-04  0.1330928E-04  0.6249898E-05
Ar  2045  0.2578495E+02  0.5156990E+01  0.5156990E+01 -0.7126592E-04  0.2684154E-04  0.1561851E-03
Ar  2046  0.2836344E+02  0.7735485E+01  0.5156990E+01 -0.1244854E-03 -0.2282427E-04  0.6373179E-04
Ar  2047  0.2836344E+02  0.5156990E+01  0.7735485E+01 -0.1036640E-03 -0.3940109E-04  0.1999845E-04
Ar  2048  0.2578495E+02  0.7735485E+01  0.7735485E+01 -0.3194169E-05  0.1621012E-04 -0.1890070E-03
Ar  2049  0.2578495E+02  0.5156990E+01  0.1031398E+02  0.3954631E-04 -0.5418305E-05 -0.2243034E-04
Ar  2050  0.2836344E+02  0.7735485E+01  0.1031398E+02 -0.3476491E-04 -0.1104959E-04  0.5575419E-04
Ar  2051  0.2836344E+02  0.5156990E+01  0.1289247E+02 -0.2422289E-04  0.5074687E-04 -0.9172134E-04
Ar  2052  0.2578495E+02  0.7735485E+01  0.1289247E+02  0.7463481E-04  0.4311044E-04  0.1067834E-04
Ar  2053  0.2578495E+02  0.5156990E+01  0.1547097E+02 -0.4850005E-04  0.4668085E-04  0.1627805E-04
Ar  2054  0.2836344E+02  0.7735485E+01  0.1547097E+02 -0.2866347E-04  0.1523538E-03 -0.9635397E-04
Ar  2055  0.2836344E+02  0.5156990E+01  0.1804946E+02 -0.6471297E-05 -0.2253501E-04 -0.8253624E-04
Ar  2056  0.2578495E+02  0.7735485E+01  0.1804946E+02  0.2626839E-04  0.2675805E-04  0.1412536E-04
Ar  2057  0.2578495E+02  0.5156990E+01  0.2062796E+02  0.1867826E-04 -0.3468428E-04  0.3138859E-04
Ar  2058  0.2836344E+02  0.7735485E+01  0.2062796E+02 -0.3945619E-04 -0.8530999E-04  0.2966049E-04
Ar  2059  0.2836344E+02  0.5156990E+01  0.2320645E+02 -0.1865782E-04 -0.9218765E-04  0.1260949E-03
Ar  2060  0.2578495E+02  0.7735485E+01  0.2320645E+02 -0.1038305E-04  0.5855940E-04 -0.1870735E-04
Ar  2061  0.2578495E+02  0.5156990E+01  0.2578495E+02 -0.1923496E-05 -0.3545137E-04 -0.2814317E-04
Ar  2062  0.2836344E+02  0.7735485E+01  0.2578495E+02  0.6116002E-04  0.3590801E-04  0.1244618E-04
Ar  2063  0.2836344E+02  0.5156990E+01  0.2836344E+02 -0.4870039E-04 -0.9159533E-04  0.2459502E-04
Ar  2064  0.2578495E+02  0.7735485E+01  0.2836344E+02  0.7218393E-04  0.9344361E-04 -0.5939855E-04
Ar  2065  0.2578495E+02  0.5156990E+01  0.3094194E+02  0.1376413E-04 -0.1641724E-04  0.2921701E-04
Ar  2066  0.2836344E+02  0.7735485E+01  0.3094194E+02 -0.1529057E-03  0.4473778E-04  0.1774348E-03
Ar  2067  0.2836344E+02  0.5156990E+01  0.3352043E+02  0.3903123E-04  0.6443384E-04 -0.1698619E-04
Ar  2068  0.2578495E+02  0.7735485E+01  0.3352043E+02 -0.9447652E-04 -0.2036753E-04 -0.9346870E-04
Ar  2069  0.2578495E+02  0.5156990E+01  0.3609893E+02 -0.8290112E-04  0.2697968E-04 -0.9310083E-05
Ar  2070  0.2836344E+02  0.7735485E+01  0.3609893E+02 -0.1787873E-05 -0.2613607E-04 -0.4746194E-04
Ar  2071  0.2836344E+02  0.5156990E+01  0.3867742E+02 -0.2159739E-05  0.8527785E-05  0.1672059E-04
Ar  2072  0.2578495E+02  0.7735485E+01  0.3867742E+02  0.1901155E-03 -0.5316230E-05 -0.7910738E-04
Ar  2073  0.2578495E+02  0.5156990E+01  0.4125592E+02  0.1177801E-03  0.5491706E-04  0.7481528E-04
Ar  2074  0.2836344E+02  0.7735485E+01  0.4125592E+02 -0.5654491E-04  0.2322918E-04 -0.9669396E-06
Ar  2075  0.2836344E+02  0.5156990E+01  0.4383441E+02  0.1414061E-03  0.3572385E-04  0.6741654E-04
Ar  2076  0.2578495E+02  0.7735485E+01  0.4383441E+02 -0.1951046E-04 -0.2534877E-04 -0.4280081E-04
Ar  2077  0.2578495E+02  0.5156990E+01  0.4641291E+02 -0.4885486E-04 -0.7750665E-04 -0.9057114E-04
Ar  2078  0.2836344E+02  0.7735485E+01  0.4641291E+02  0.4949405E-04 -0.1019613E-04  0.3615583E-04
Ar  2079  0.2836344E+02  0.5156990E+01  0.4899140E+02 -0.2930124E-04 -0.1063341E-03  0.6245454E-04
Ar  2080  0.2578495E+02  0.7735485E+01  0.4899140E+02  0.3817708E-04  0.5915652E-04  0.3134194E-04
Ar  2081  0.2578495E+02  0.1031398E+02  0.0000000E+00  0.1489162E-04  0.3649702E-04  0.4253047E-04
Ar  2082  0.2836344E+02  0.1289247E+02  0.0000000E+00 -0.4472041E-04  0.1262095E-04 -0.2999906E-04
Ar  2083  0.2836344E+02  0.1031398E+02  0.2578495E+01  0.9811701E-04  0.9700887E-04 -0.7204473E-04
Ar  2084  0.2578495E+02  0.1289247E+02  0.2578495E+01  0.3652308E-04 -0.3185110E-04 -0.9795800E-04
Ar  2085  0.2578495E+02  0.1031398E+02  0.5156990E+01 -0.1198811E-04  0.8056772E-04  0.3836194E-04
Ar  2086  0.2836344E+02  0.1289247E+02  0.5156990E+01  0.1782426E-03  0.5717704E-04  0.7153366E-04
Ar  2087  0.2836344E+02  0.1031398E+02  0.7735485E+01 -0.2858723E-04 -0.2719329E-04  0.4113045E-04
Ar  2088  0.2578495E+02  0.1289247E+02  0.7735485E+01  0.1295986E-03 -0.1268068E-04 -0.4467605E-04
Ar  2089  0.2578495E+02  0.1031398E+02  0.1031398E+02 -0.3010416E-04  0.5167765E-04  0.5709424E-04
Ar  2090  0.2836344E+02  0.1289247E+02  0.1031398E+02 -0.9493521E-04  0.3608926E-04  0.1734437E-04
Ar  2091  0.2836344E+02  0.1031398E+02  0.1289247E+02 -0.5307361E-05  0.6871125E-04 -0.3795794E-04
Ar  2092  0.2578495E+02  0.1289247E+02  0.1289247E+02 -0.1016877E-04 -0.9212917E-04 -0.1294471E-04
Ar  2093  0.2578495E+02  0.1031398E+02  0.1547097E+02 -0.9736900E-04 -0.7439774E-04 -0.1432387E-05
Ar  2094  0.2836344E+02  0.1289247E+02  0.1547097E+02  0.2073829E-04  0.1628192E-04 -0.1893340E-04
Ar  2095  0.2836344E+02  0.1031398E+02  0.1804946E+02  0.1134589E-04 -0.7220409E-04 -0.3668547E-05
Ar  2096  0.2578495E+02  0.1289247E+02  0.1804946E+02  0.4326923E-04  0.4695244E-04  0.1611115E-05
Ar  2097  0.2578495E+02  0.1031398E+02  0.2062796E+02 -0.1831903E-04 -0.1338424E-03 -0.1404166E-04
Ar  2098  0.2836344E+02  0.1289247E+02  0.2062796E+02  0.2456226E-04 -0.1382404E-03  0.5894903E-05
Ar  2099  0.2836344E+02  0.1031398E+02  0.2320645E+02  0.1870413E-04 -0.6562415E-04 -0.1376415E-03
Ar  2100  0.2578495E+02  0.1289247E+02  0.2320645E+02  0.8359191E-04  0.1662242E-04  0.5423751E-05
Ar  2101  0.2578495E+02  0.1031398E+02  0.2578495E+02 -0.6310535E-04 -0.1393324E-04  0.1170800E-04
Ar  2102  0.2836344E+02  0.1289247E+02  0.2578495E+02  0.9573781E-04 -0.8711983E-05 -0.1858680E-04
Ar  2103  0.2836344E+02  0.1031398E+02  0.2836344E+02 -0.9043620E-05 -0.4039955E-04  0.4949885E-04
Ar  2104  0.2578495E+02  0.1289247E+02  0.2836344E+02  0.3695105E-04  0.2007208E-04 -0.1329606E-04
Ar  2105  0.2578495E+02  0.1031398E+02  0.3094194E+02  0.8158667E-04 -0.4278227E-05  0.2578802E-04
Ar  2106  0.2836344E+02  0.1289247E+02  0.3094194E+02  0.4253584E-04 -0.1276146E-04 -0.9561993E-04
Ar  2107  0.2836344E+02  0.1031398E+02  0.3352043E+02  0.2137194E-04 -0.1326507E-04  0.5030727E-04
Ar  2108  0.2578495E+02  0.1289247E+02  0.3352043E+02 -0.3693215E-04 -0.5600480E-04  0.1898235E-05
Ar  2109  0.2578495E+02  0.1031398E+02  0.3609893E+02  0.3071730E-05  0.1153240E-04  0.8766697E-04
Ar  2110  0.2836344E+02  0.1289247E+02  0.3609893E+02  0.1711684E-04  0.6541906E-04 -0.4418639E-04
Ar  2111  0.2836344E+02  0.1031398E+02  0.3867742E+02 -0.1590010E-04 -0.1337042E-04  0.1145856E-03
Ar  2112  0.2578495E+02  0.1289247E+02  0.3867742E+02  0.9196472E-04 -0.1357220E-03 -0.7073229E-04
Ar  2113  0.2578495E+02  0.1031398E+02  0.4125592E+02 -0.9816177E-04 -0.2386510E-05  0.4235975E-04
Ar  2114  0.2836344E+02  0.1289247E+02  0.4125592E+02  0.7603670E-04  0.5038891E-04  0.1093126E-04
Ar  2115  0.2836344E+02  0.1031398E+02  0.4383441E+02  0.2598205E-04  0.8630290E-04  0.6572886E-04
Ar  2116  0.2578495E+02  0.1289247E+02  0.4383441E+02 -0.2605378E-04  0.5199947E-04 -0.3145235E-04
Ar  2117  0.2578495E+02  0.1031398E+02  0.4641291E+02  0.3648884E-04 -0.1725289E-04 -0.2175982E-04
Ar  2118  0.2836344E+02  0.1289247E+02  0.4641291E+02 -0.6959908E-04  0.6845976E-04  0.3854843E-04
Ar  2119  0.2836344E+02  0.1031398E+02  0.4899140E+02  0.2373189E-04  0.1224896E-03 -0.6117804E-04
Ar  2120  0.2578495E+02  0.1289247E+02  0.4899140E+02 -0.5176687E-05 -0.2141899E-05  0.4314775E-04
Ar  2121  0.2578495E+02  0.1547097E+02  0.0000000E+00 -0.3977477E-04  0.2579427E-04  0.1512143E-03
Ar  2122  0.2836344E+02  0.1804946E+02  0.0000000E+00 -0.9335552E-04  0.4842604E-04  0.1738899E-04
Ar  2123  0.2836344E+02  0.1547097E+02  0.2578495E+01 -0.8473163E-04  0.2781443E-05  0.1084592E-03
Ar  2124  0.2578495E+02  0.1804946E+02  0.2578495E+01 -0.3030160E-04  0.3951977E-04 -0.1271412E-04
Ar  2125  0.2578495E+02  0.1547097E+02  0.5156990E+01 -0.1519963E-04 -0.5155114E-04 -0.4401179E-04
Ar  2126  0.2836344E+02  0.1804946E+02  0.5156990E+01  0.1245845E-03  0.5314940E-04  0.5901722E-04
Ar  2127  0.2836344E+02  0.1547097E+02  0.7735485E+01  0.4558067E-04  0.9171858E-04  0.6085221E-05
Ar  2128  0.2578495E+02  0.1804946E+02  0.7735485E+01  0.5209218E-04  0.3218234E-04 -0.3802074E-04
Ar  2129  0.2578495E+02  0.1547097E+02  0.1031398E+02  0.6430440E-05  0.3690316E-04  0.7313062E-04
Ar  2130  0.2836344E+02  0.1804946E+02  0.1031398E+02  0.7202010E-04  0.7890899E-04  0.6233110E-04
Ar  2131  0.2836344E+02  0.1547097E+02  0.1289247E+02 -0.9452460E-04 -0.9852355E-05  0.1842402E-04
Ar  2132  0.2578495E+02  0.1804946E+02  0.1289247E+02 -0.8937118E-04 -0.1811235E-04 -0.1959143E-04
Ar  2133  0.2578495E+02  0.1547097E+02  0.1547097E+02  0.4709709E-04 -0.5684286E-04  0.1152191E-03
Ar  2134  0.2836344E+02  0.1804946E+02  0.1547097E+02 -0.1181009E-04 -0.2628097E-04  0.3694556E-04
Ar  2135  0.2836344E+02  0.1547097E+02  0.1804946E+02 -0.2041533E-04  0.5849860E-04 -0.4777027E-04
Ar  2136  0.2578495E+02  0.1804946E+02  0.1804946E+02 -0.6062006E-05  0.9023107E-04  0.1038218E-03
Ar  2137  0.2578495E+02  0.1547097E+02  0.2062796E+02  0.2732519E-04  0.9615609E-05  0.7964020E-04
Ar  2138  0.2836344E+02  0.1804946E+02  0.2062796E+02 -0.5588910E-04 -0.1085856E-04  0.2191287E-04
Ar  2139  0.2836344E+02  0.1547097E+02  0.2320645E+02 -0.4349785E-05 -0.6521459E-04 -0.4671004E-05
Ar  2140  0.2578495E+02  0.1804946E+02  0.2320645E+02 -0.1746995E-04  0.2624565E-04 -0.4614506E-04
Ar  2141  0.2578495E+02  0.1547097E+02  0.2578495E+02 -0.4564154E-04  0.5846664E-04 -0.8806249E-04
Ar  2142  0.2836344E+02  0.1804946E+02  0.2578495E+02 -0.5658556E-05 -0.3677725E-04  0.1585796E-05
Ar  2143  0.2836344E+02  0.1547097E+02  0.2836344E+02  0.8848456E-04  0.7035128E-04  0.1563074E-04
Ar  2144  0.2578495E+02  0.1804946E+02  0.2836344E+02  0.1176568E-03  0.7638853E-04 -0.1460726E-05
Ar  2145  0.2578495E+02  0.1547097E+02  0.3094194E+02  0.6447736E-05  0.2585101E-04 -0.6184891E-05
Ar  2146  0.2836344E+02  0.1804946E+02  0.3094194E+02  0.3969199E-04  0.3705950E-04 -0.6403721E-04
Ar  2147  0.2836344E+02  0.1547097E+02  0.3352043E+02 -0.1777508E-03  0.1309612E-05  0.5482097E-04
Ar  2148  0.2578495E+02  0.1804946E+02  0.3352043E+02  0.1057727E-03 -0.1332777E-03  0.1116755E-04
Ar  2149  0.2578495E+02  0.1547097E+02  0.3609893E+02  0.3896838E-04 -0.3292684E-04 -0.2476563E-05
Ar  2150  0.2836344E+02  0.1804946E+02  0.3609893E+02 -0.5910551E-04  0.4461421E-04  0.5766017E-04
Ar  2151  0.2836344E+02  0.1547097E+02  0.3867742E+02 -0.6615157E-04  0.4699242E-04  0.1481816E-03
Ar  2152  0.2578495E+02  0.1804946E+02  0.3867742E+02  0.5485176E-04  0.6591217E-04  0.3928809E-04
Ar  2153  0.2578495E+02  0.1547097E+02  0.4125592E+02 -0.3386692E-04 -0.1040183E-04  0.5179951E-04
Ar  2154  0.2836344E+02  0.1804946E+02  0.4125592E+02 -0.2661105E-04 -0.1449823E-04 -0.1291273E-04
Ar  2155  0.2836344E+02  0.1547097E+02  0.4383441E+02 -0.6186756E-04  0.6205545E-04  0.1079097E-03
Ar  2156  0.2578495E+02  0.1804946E+02  0.4383441E+02  0.1789209E-04 -0.2571340E-04 -0.5848776E-04
Ar  2157  0.2578495E+02  0.1547097E+02  0.4641291E+02 -0.6434835E-04 -0.6312855E-04  0.8135362E-05
Ar  2158  0.2836344E+02  0.1804946E+02  0.4641291E+02 -0.6745275E-04 -0.6112929E-04  0.7257933E-04
Ar  2159  0.2836344E+02  0.1547097E+02  0.4899140E+02 -0.1766106E-04 -0.4454126E-04  0.1620813E-04
Ar  2160  0.2578495E+02  0.1804946E+02  0.4899140E+02 -0.1316139E-03 -0.4973525E-04  0.3493642E-04
Ar  2161  0.2578495E+02  0.2062796E+02  0.0000000E+00 -0.1755526E-04 -0.1810201E-04 -0.6822632E-07
Ar  2162  0.2836344E+02  0.2320645E+02  0.0000000E+00  0.2790989E-04 -0.5412171E-04 -0.7209504E-04
Ar  2163  0.2836344E+02  0.2062796E+02  0.2578495E+01  0.5108077E-04 -0.1107435E-04  0.1478596E-04
Ar  2164  0.2578495E+02  0.2320645E+02  0.2578495E+01 -0.2703748E-04  0.8270342E-05 -0.9637689E-04
Ar  2165  0.2578495E+02  0.2062796E+02  0.5156990E+01 -0.7666517E-04 -0.5904358E-04  0.8105267E-04
Ar  2166  0.2836344E+02  0.2320645E+02  0.5156990E+01 -0.8452302E-04  0.4767841E-04 -0.1141482E-03
Ar  2167  0.2836344E+02  0.2062796E+02  0.7735485E+01 -0.5404954E-04 -0.6443517E-04 -0.1117106E-03
Ar  2168  0.2578495E+02  0.2320645E+02  0.7735485E+01 -0.7380506E-04  0.7222757E-04 -0.5714471E-04
Ar  2169  0.2578495E+02  0.2062796E+02  0.1031398E+02 -0.4198653E-04 -0.7620510E-04  0.2652121E-04
Ar  2170  0.2836344E+02  0.2320645E+02  0.1031398E+02  0.4159142E-04  0.5007818E-04  0.1206477E-04
Ar  2171  0.2836344E+02  0.2062796E+02  0.1289247E+02 -0.1422534E-03  0.5330351E-04  0.5563134E-04
Ar  2172  0.2578495E+02  0.2320645E+02  0.1289247E+02  0.1730905E-04  0.1634160E-04 -0.5100740E-05
Ar  2173  0.2578495E+02  0.2062796E+02  0.1547097E+02  0.1147372E-04 -0.8038274E-04 -0.8692482E-04
Ar  2174  0.2836344E+02  0.2320645E+02  0.1547097E+02  0.4532604E-04  0.1390030E-03  0.6052713E-04
Ar  2175  0.2836344E+02  0.2062796E+02  0.1804946E+02 -0.4010047E-04  0.1110512E-04  0.2180596E-04
Ar  2176  0.2578495E+02  0.2320645E+02  0.1804946E+02 -0.2859499E-04 -0.3793050E-04 -0.9302630E-05
Ar  2177  0.2578495E+02  0.2062796E+02  0.2062796E+02  0.7999708E-05 -0.3708270E-04  0.3256416E-04
Ar  2178  0.2836344E+02  0.2320645E+02  0.2062796E+02 -0.3694474E-04 -0.7075637E-04 -0.7925600E-05
Ar  2179  0.2836344E+02  0.2062796E+02  0.2320645E+02  0.9004614E-04  0.6095645E-04 -0.4871245E-04
Ar  2180  0.2578495E+02  0.2320645E+02  0.2320645E+02 -0.5550381E-04  0.1025107E-03 -0.4803480E-04
Ar  2181  0.2578495E+02  0.2062796E+02  0.2578495E+02 -0.4415345E-04  0.4843271E-04 -0.3472826E-05
Ar  2182  0.2836344E+02  0.2320645E+02  0.2578495E+02  0.2397008E-05 -0.5181179E-04 -0.8239964E-05
Ar  2183  0.2836344E+02  0.2062796E+02  0.2836344E+02  0.7703789E-04  0.1635446E-03 -0.3192774E-04
Ar  2184  0.2578495E+02  0.2320645E+02  0.2836344E+02  0.3592138E-05  0.8809378E-04  0.4178970E-04
Ar  2185  0.2578495E+02  0.2062796E+02  0.3094194E+02  0.5368963E-04 -0.5377236E-04 -0.5455880E-04
Ar  2186  0.2836344E+02  0.2320645E+02  0.3094194E+02 -0.3840362E-04 -0.4716324E-04 -0.5056961E-04
Ar  2187  0.2836344E+02  0.2062796E+02  0.3352043E+02 -0.3990042E-04  0.8226373E-04  0.5164908E-04
Ar  2188  0.2578495E+02  0.2320645E+02  0.3352043E+02  0.6794604E-04 -0.2606130E-04  0.5789784E-05
Ar  2189  0.2578495E+02  0.2062796E+02  0.3609893E+02 -0.3226226E-04 -0.4168241E-04  0.3898515E-04
Ar  2190  0.2836344E+02  0.2320645E+02  0.3609893E+02 -0.2792387E-04 -0.1224433E-04  0.5098231E-04
Ar  2191  0.2836344E+02  0.2062796E+02  0.3867742E+02 -0.7559423E-04  0.9522200E-05  0.9251602E-04
Ar  2192  0.2578495E+02  0.2320645E+02  0.3867742E+02 -0.7370771E-04 -0.1092149E-03  0.4649482E-04
Ar  2193  0.2578495E+02  0.2062796E+02  0.4125592E+02 -0.1011365E-03 -0.1812665E-04  0.1362228E-03
Ar  2194  0.2836344E+02  0.2320645E+02  0.4125592E+02  0.1448700E-04 -0.6316683E-04 -0.4558970E-04
Ar  2195  0.2836344E+02  0.2062796E+02  0.4383441E+02 -0.6603613E-04 -0.5222667E-04  0.3342906E-04
Ar  2196  0.2578495E+02  0.2320645E+02  0.4383441E+02  0.7566620E-04  0.5823617E-04  0.8139819E-04
Ar  2197  0.2578495E+02  0.2062796E+02  0.4641291E+02  0.5124966E-04 -0.4642689E-04  0.6199173E-04
Ar  2198  0.2836344E+02  0.2320645E+02  0.4641291E+02  0.1128609E-04 -0.3762703E-04  0.6667070E-04
Ar  2199  0.2836344E+02  0.2062796E+02  0.4899140E+02  0.5516034E-04  0.3402914E-04  0.2075834E-05
Ar  2200  0.2578495E+02  0.2320645E+02  0.4899140E+02 -0.4152485E-04 -0.1436473E-04  0.4339745E-04
Ar  2201  0.2578495E+02  0.2578495E+02  0.0000000E+00 -0.5393803E-04 -0.2722438E-04 -0.6694195E-05
Ar  2202  0.2836344E+02  0.2836344E+02  0.0000000E+00 -0.1546422E-03  0.6570858E-04  0.1287594E-03
Ar  2203  0.2836344E+02  0.2578495E+02  0.2578495E+01  0.3921885E-04 -0.7847738E-04 -0.2204316E-04
Ar  2204  0.2578495E+02  0.2836344E+02  0.2578495E+01 -0.1811472E-04 -0.1687211E-04  0.1209017E-03
Ar  2205  0.2578495E+02  0.2578495E+02  0.5156990E+01 -0.3877746E-04  0.2175213E-04 -0.1798852E-03
Ar  2206  0.2836344E+02  0.2836344E+02  0.5156990E+01 -0.6270183E-04 -0.1234282E-03  0.5787525E-04
Ar  2207  0.2836344E+02  0.2578495E+02  0.7735485E+01 -0.1577059E-04 -0.5531787E-04  0.9935010E-04
Ar  2208  0.2578495E+02  0.2836344E+02  0.7735485E+01 -0.5406283E-04 -0.1261598E-04 -0.6310309E-04
Ar  2209  0.2578495E+02  0.2578495E+02  0.1031398E+02 -0.1156134E-04 -0.9658239E-05 -0.1499035E-04
Ar  2210  0.2836344E+02  0.2836344E+02  0.1031398E+02 -0.2340994E-03  0.1063651E-03 -0.1718637E-04
Ar  2211  0.2836344E+02  0.2578495E+02  0.1289247E+02  0.5188312E-05  0.6152989E-04 -0.1307682E-03
Ar  2212  0.2578495E+02  0.2836344E+02  0.1289247E+02 -0.8023019E-04 -0.5259693E-04  0.1236268E-03
Ar  2213  0.2578495E+02  0.2578495E+02  0.1547097E+02 -0.7744442E-04  0.6759350E-04  0.1191215E-04
Ar  2214  0.2836344E+02  0.2836344E+02  0.1547097E+02 -0.1206205E-04  0.9626693E-04  0.2905686E-04
Ar  2215  0.2836344E+02  0.2578495E+02  0.1804946E+02  0.9339039E-04  0.1221198E-03 -0.1149151E-04
Ar  2216  0.2578495E+02  0.2836344E+02  0.1804946E+02  0.5990908E-05  0.1257991E-03  0.6476094E-04
Ar  2217  0.2578495E+02  0.2578495E+02  0.2062796E+02 -0.2187450E-04 -0.2943441E-04 -0.6894805E-04
Ar  2218  0.2836344E+02  0.2836344E+02  0.2062796E+02 -0.5370518E-04  0.2508596E-04 -0.9432702E-04
Ar  2219  0.2836344E+02  0.2578495E+02  0.2320645E+02  0.2219195E-04 -0.1625046E-04 -0.5125324E-04
Ar  2220  0.2578495E+02  0.2836344E+02  0.2320645E+02  0.7026542E-04 -0.5767197E-04  0.2045283E-04
Ar  2221  0.2578495E+02  0.2578495E+02  0.2578495E+02  0.8857994E-05  0.4158812E-04  0.3848914E-05
Ar  2222  0.2836344E+02  0.2836344E+02  0.2578495E+02  0.9719056E-05  0.1314375E-04  0.3387987E-04
Ar  2223  0.2836344E+02  0.2578495E+02  0.2836344E+02  0.6216857E-04 -0.2975583E-04 -0.8034352E-04
Ar  2224  0.2578495E+02  0.2836344E+02  0.2836344E+02  0.8471614E-04  0.5923177E-04  0.5283431E-04
Ar  2225  0.2578495E+02  0.2578495E+02  0.3094194E+02 -0.2575548E-04 -0.3940905E-04 -0.3332244E-04
Ar  2226  0.2836344E+02  0.2836344E+02  0.3094194E+02 -0.1438177E-04 -0.2578870E-04 -0.2574290E-04
Ar  2227  0.2836344E+02  0.2578495E+02  0.3352043E+02  0.2201956E-04 -0.8922625E-04 -0.3157526E-04
Ar  2228  0.2578495E+02  0.2836344E+02  0.3352043E+02  0.4565513E-04  0.2560349E-04  0.5716786E-04
Ar  2229  0.2578495E+02  0.2578495E+02  0.3609893E+02 -0.1227089E-03  0.2280500E-04 -0.6695575E-04
Ar  2230  0.2836344E+02  0.2836344E+02  0.3609893E+02  0.1261537E-03 -0.9968972E-04 -0.4572204E-04
Ar  2231  0.2836344E+02  0.2578495E+02  0.3867742E+02 -0.1530174E-04 -0.6276846E-04  0.2420722E-04
Ar  2232  0.2578495E+02  0.2836344E+02  0.3867742E+02  0.1898756E-04 -0.1384634E-05  0.5904398E-04
Ar  2233  0.2578495E+02  0.2578495E+02  0.4125592E+02 -0.1230647E-04 -0.4868723E-04 -0.4013444E-04
Ar  2234  0.2836344E+02  0.2836344E+02  0.4125592E+02  0.6637489E-04  0.2317698E-04 -0.5495893E-04
Ar  2235  0.2836344E+02  0.2578495E+02  0.4383441E+02  0.9075465E-04  0.6305813E-04 -0.9691409E-04
Ar  2236  0.2578495E+02  0.2836344E+02  0.4383441E+02  0.5416591E-04 -0.6471781E-04 -0.6553058E-05
Ar  2237  0.2578495E+02  0.2578495E+02  0.4641291E+02  0.4119054E-04 -0.6415076E-04 -0.2553220E-04
Ar  2238  0.2836344E+02  0.2836344E+02  0.4641291E+02 -0.1094173E-03  0.5359007E-04 -0.2443454E-04
Ar  2239  0.2836344E+02  0.2578495E+02  0.4899140E+02 -0.7733675E-04 -0.4023267E-04 -0.8838716E-04
Ar  2240  0.2578495E+02  0.2836344E+02  0.4899140E+02 -0.7195295E-04 -0.3268188E-04 -0.7942844E-04
Ar  2241  0.2578495E+02  0.3094194E+02  0.0000000E+00 -0.1075049E-03 -0.2010452E-04 -0.8814556E-04
Ar  2242  0.2836344E+02  0.3352043E+02  0.0000000E+00 -0.3065651E-04  0.1837124E-04 -0.1284873E-05
Ar  2243  0.2836344E+02  0.3094194E+02  0.2578495E+01  0.3024169E-04  0.4081552E-04 -0.7179667E-04
Ar  2244  0.2578495E+02  0.3352043E+02  0.2578495E+01  0.1083602E-03  0.2017803E-03 -0.8080679E-05
Ar  2245  0.2578495E+02  0.3094194E+02  0.5156990E+01  0.4693170E-04 -0.2083495E-06 -0.6845861E-04
Ar  2246  0.2836344E+02  0.3352043E+02  0.5156990E+01  0.3008252E-04 -0.6118644E-04  0.1108363E-03
Ar  2247  0.2836344E+02  0.3094194E+02  0.7735485E+01  0.9751449E-04 -0.8635574E-04 -0.8586267E-04
Ar  2248  0.2578495E+02  0.3352043E+02  0.7735485E+01  0.1270668E-04 -0.9745990E-04 -0.6055043E-04
Ar  2249  0.2578495E+02  0.3094194E+02  0.1031398E+02 -0.9714264E-04  0.1666768E-04 -0.8368902E-05
Ar  2250  0.2836344E+02  0.3352043E+02  0.1031398E+02 -0.5193804E-04  0.4608936E-04  0.1873726E-04
Ar  2251  0.2836344E+02  0.3094194E+02  0.1289247E+02 -0.4340284E-04 -0.3148241E-04 -0.7923661E-04
Ar  2252  0.2578495E+02  0.3352043E+02  0.1289247E+02 -0.1013709E-03 -0.3627208E-04  0.4877595E-04
Ar  2253  0.2578495E+02  0.3094194E+02  0.1547097E+02 -0.9922522E-05  0.3650402E-04 -0.4700208E-04
Ar  2254  0.2836344E+02  0.3352043E+02  0.1547097E+02 -0.8492785E-05  0.6107207E-04  0.2757154E-04
Ar  2255  0.2836344E+02  0.3094194E+02  0.1804946E+02 -0.8815258E-04 -0.5611482E-04 -0.1048873E-03
Ar  2256  0.2578495E+02  0.3352043E+02  0.1804946E+02 -0.2036525E-04 -0.3662007E-04  0.9887589E-04
Ar  2257  0.2578495E+02  0.3094194E+02  0.2062796E+02 -0.3926131E-04 -0.2065906E-04  0.5457609E-04
Ar  2258  0.2836344E+02  0.3352043E+02  0.2062796E+02 -0.3361702E-04 -0.3433949E-05 -0.1798125E-03
Ar  2259  0.2836344E+02  0.3094194E+02  0.2320645E+02 -0.1238411E-04 -0.4134848E-04 -0.1297035E-03
Ar  2260  0.2578495E+02  0.3352043E+02  0.2320645E+02  0.2178059E-05  0.9492767E-05  0.2949853E-04
Ar  2261  0.2578495E+02  0.3094194E+02  0.2578495E+02  0.1075770E-03 -0.7670814E-04 -0.5722510E-04
Ar  2262  0.2836344E+02  0.3352043E+02  0.2578495E+02  0.4246907E-04  0.6176181E-04 -0.5682083E-04
Ar  2263  0.2836344E+02  0.3094194E+02  0.2836344E+02  0.8750437E-04 -0.3393692E-04  0.3149627E-04
Ar  2264  0.2578495E+02  0.3352043E+02  0.2836344E+02  0.1300069E-04  0.5482418E-04 -0.9847002E-05
Ar  2265  0.2578495E+02  0.3094194E+02  0.3094194E+02  0.3270917E-04 -0.4242246E-05 -0.9755328E-04
Ar  2266  0.2836344E+02  0.3352043E+02  0.3094194E+02  0.1385541E-03 -0.1308904E-04 -0.3941597E-05
Ar  2267  0.2836344E+02  0.3094194E+02  0.3352043E+02 -0.4420805E-04  0.4314737E-04  0.6806224E-04
Ar  2268  0.2578495E+02  0.3352043E+02  0.3352043E+02 -0.8092420E-04  0.5312278E-04  0.2877296E-05
Ar  2269  0.2578495E+02  0.3094194E+02  0.3609893E+02  0.4654156E-04  0.2175183E-04 -0.7548671E-04
Ar  2270  0.2836344E+02  0.3352043E+02  0.3609893E+02 -0.5812660E-04  0.7460700E-04 -0.3081138E-04
Ar  2271  0.2836344E+02  0.3094194E+02  0.3867742E+02 -0.2208659E-04  0.1642038E-03 -0.1169685E-03
Ar  2272  0.2578495E+02  0.3352043E+02  0.3867742E+02  0.6337612E-04 -0.2519423E-04 -0.4324683E-04
Ar  2273  0.2578495E+02  0.3094194E+02  0.4125592E+02  0.3665356E-04  0.2786971E-04  0.1638964E-03
Ar  2274  0.2836344E+02  0.3352043E+02  0.4125592E+02 -0.1394084E-03  0.1017172E-04  0.2646592E-05
Ar  2275  0.2836344E+02  0.3094194E+02  0.4383441E+02  0.1166270E-03  0.7080692E-05  0.3505716E-04
Ar  2276  0.2578495E+02  0.3352043E+02  0.4383441E+02 -0.6693976E-04  0.2465702E-04 -0.6575828E-04
Ar  2277  0.2578495E+02  0.3094194E+02  0.4641291E+02  0.1448227E-03 -0.7609699E-04 -0.1324280E-03
Ar  2278  0.2836344E+02  0.3352043E+02  0.4641291E+02 -0.1578984E-03  0.4065670E-05 -0.9526943E-04
Ar  2279  0.2836344E+02  0.3094194E+02  0.4899140E+02  0.2754798E-05 -0.8237463E-04  0.5227165E-04
Ar  2280  0.2578495E+02  0.3352043E+02  0.4899140E+02  0.9801192E-05  0.4991664E-04 -0.1793300E-05
Ar  2281  0.2578495E+02  0.3609893E+02  0.0000000E+00  0.1034684E-03 -0.9355906E-04 -0.1199091E-03
Ar  2282  0.2836344E+02  0.3867742E+02  0.0000000E+00 -0.6200628E-04  0.8878850E-04  0.6658512E-04
Ar  2283  0.2836344E+02  0.3609893E+02  0.2578495E+01 -0.5205532E-04 -0.1646257E-03  0.2702920E-04
Ar  2284  0.2578495E+02  0.3867742E+02  0.2578495E+01  0.2386474E-04  0.6071419E-04  0.1463611E-04
Ar  2285  0.2578495E+02  0.3609893E+02  0.5156990E+01 -0.6037238E-04  0.3917634E-04 -0.3350337E-04
Ar  2286  0.2836344E+02  0.3867742E+02  0.5156990E+01 -0.1381420E-03 -0.6817898E-05  0.7495367E-04
Ar  2287  0.2836344E+02  0.3609893E+02  0.7735485E+01 -0.3331671E-04  0.2471129E-04 -0.4421713E-04
Ar  2288  0.2578495E+02  0.3867742E+02  0.7735485E+01  0.2982610E-04  0.7060743E-04 -0.7859187E-04
Ar  2289  0.2578495E+02  0.3609893E+02  0.1031398E+02  0.7210017E-04  0.1769407E-04  0.1834524E-04
Ar  2290  0.2836344E+02  0.3867742E+02  0.1031398E+02 -0.1855160E-04  0.8527861E-04 -0.1033079E-03
Ar  2291  0.2836344E+02  0.3609893E+02  0.1289247E+02  0.3663585E-04  0.2510776E-04 -0.6754801E-05
Ar  2292  0.2578495E+02  0.3867742E+02  0.1289247E+02 -0.5093195E-04  0.3472999E-04  0.3507056E-04
Ar  2293  0.2578495E+02  0.3609893E+02  0.1547097E+02 -0.1007357E-03  0.5748907E-04 -0.1275888E-04
Ar  2294  0.2836344E+02  0.3867742E+02  0.1547097E+02  0.6613652E-04  0.3965697E-04  0.2532403E-04
Ar  2295  0.2836344E+02  0.3609893E+02  0.1804946E+02 -0.5480445E-04 -0.1637975E-03 -0.5906651E-04
Ar  2296  0.2578495E+02  0.3867742E+02  0.1804946E+02 -0.2112005E-04 -0.4472287E-04 -0.9162034E-04
Ar  2297  0.2578495E+02  0.3609893E+02  0.2062796E+02  0.6168173E-04  0.9321691E-04  0.2087219E-04
Ar  2298  0.2836344E+02  0.3867742E+02  0.2062796E+02 -0.5721020E-04  0.6976866E-04  0.5472993E-04
Ar  2299  0.2836344E+02  0.3609893E+02  0.2320645E+02 -0.4446203E-04  0.2349456E-04 -0.1993469E-04
Ar  2300  0.2578495E+02  0.3867742E+02  0.2320645E+02  0.4473915E-04  0.4997775E-04 -0.8515370E-05
Ar  2301  0.2578495E+02  0.3609893E+02  0.2578495E+02 -0.4867716E-04 -0.6505703E-04 -0.4755581E-04
Ar  2302  0.2836344E+02  0.3867742E+02  0.2578495E+02  0.8977851E-04  0.7436886E-04  0.6523775E-04
Ar  2303  0.2836344E+02  0.3609893E+02  0.2836344E+02  0.8489693E-05 -0.3438553E-04  0.3489854E-04
Ar  2304  0.2578495E+02  0.3867742E+02  0.2836344E+02 -0.2530246E-04 -0.1631377E-04 -0.3814164E-04
Ar  2305  0.2578495E+02  0.3609893E+02  0.3094194E+02 -0.9083466E-04 -0.2160748E-04  0.1897096E-04
Ar  2306  0.2836344E+02  0.3867742E+02  0.3094194E+02 -0.1066561E-03  0.1953450E-04 -0.6416060E-04
Ar  2307  0.2836344E+02  0.3609893E+02  0.3352043E+02  0.1284258E-03  0.1908665E-04  0.1316168E-03
Ar  2308  0.2578495E+02  0.3867742E+02  0.3352043E+02 -0.4118858E-04 -0.1199945E-03  0.7643752E-04
Ar  2309  0.2578495E+02  0.3609893E+02  0.3609893E+02 -0.4101805E-04  0.2159061E-04  0.1848906E-04
Ar  2310  0.2836344E+02  0.3867742E+02  0.3609893E+02 -0.1364517E-03 -0.7661679E-04  0.9250675E-05
Ar  2311  0.2836344E+02  0.3609893E+02  0.3867742E+02  0.1258266E-04 -0.4289558E-04  0.2634497E-04
Ar  2312  0.2578495E+02  0.3867742E+02  0.3867742E+02  0.6360142E-04  0.6350055E-04 -0.5946665E-04
Ar  2313  0.2578495E+02  0.3609893E+02  0.4125592E+02 -0.2039399E-04 -0.1263830E-03 -0.5925482E-04
Ar  2314  0.2836344E+02  0.3867742E+02  0.4125592E+02  0.3679733E-04 -0.6038857E-04 -0.2738706E-04
Ar  2315  0.2836344E+02  0.3609893E+02  0.4383441E+02  0.9483542E-04  0.1068754E-03  0.3108216E-04
Ar  2316  0.2578495E+02  0.3867742E+02  0.4383441E+02 -0.1179322E-03 -0.1386910E-04 -0.8144449E-05
Ar  2317  0.2578495E+02  0.3609893E+02  0.4641291E+02 -0.2000139E-03  0.1196777E-03 -0.6822908E-04
Ar  2318  0.2836344E+02  0.3867742E+02  0.4641291E+02 -0.1352390E-03 -0.3339585E-04  0.1693615E-04
Ar  2319  0.2836344E+02  0.3609893E+02  0.4899140E+02  0.1761835E-04 -0.2096197E-04 -0.4565263E-04
Ar  2320  0.2578495E+02  0.3867742E+02  0.4899140E+02 -0.2122124E-04  0.6731469E-04 -0.4541867E-04
Ar  2321  0.2578495E+02  0.4125592E+02  0.0000000E+00 -0.5509475E-04  0.5094458E-04  0.2391608E-04
Ar  2322  0.2836344E+02  0.4383441E+02  0.0000000E+00  0.2837353E-04 -0.2300921E-04 -0.7933188E-04
Ar  2323  0.2836344E+02  0.4125592E+02  0.2578495E+01 -0.1094713E-03 -0.3761440E-04  0.2991241E-04
Ar  2324  0.2578495E+02  0.4383441E+02  0.2578495E+01  0.1882378E-04  0.2625130E-04 -0.1253093E-03
Ar  2325  0.2578495E+02  0.4125592E+02  0.5156990E+01 -0.5373330E-04  0.1281047E-03  0.4563471E-04
Ar  2326  0.2836344E+02  0.4383441E+02  0.5156990E+01 -0.6399893E-04 -0.7781618E-04 -0.1152545E-03
Ar  2327  0.2836344E+02  0.4125592E+02  0.7735485E+01  0.7890731E-04  0.9011601E-04 -0.3642690E-04
Ar  2328  0.2578495E+02  0.4383441E+02  0.7735485E+01 -0.7045179E-04  0.8485440E-04  0.1003303E-03
Ar  2329  0.2578495E+02  0.4125592E+02  0.1031398E+02  0.7107410E-04 -0.6443647E-04 -0.1772873E-04
Ar  2330  0.2836344E+02  0.4383441E+02  0.1031398E+02 -0.1325531E-03 -0.2043513E-04  0.2699147E-04
Ar  2331  0.2836344E+02  0.4125592E+02  0.1289247E+02 -0.3974699E-04  0.1057987E-03  0.1440868E-03
Ar  2332  0.2578495E+02  0.4383441E+02  0.1289247E+02  0.3241232E-04 -0.8311323E-04 -0.3780381E-04
Ar  2333  0.2578495E+02  0.4125592E+02  0.1547097E+02 -0.2199517E-04 -0.1074554E-03 -0.1710849E-04
Ar  2334  0.2836344E+02  0.4383441E+02  0.1547097E+02 -0.3185976E-04  0.6372399E-04 -0.2237181E-04
Ar  2335  0.2836344E+02  0.4125592E+02  0.1804946E+02 -0.2221227E-04 -0.9882910E-04 -0.1416585E-04
Ar  2336  0.2578495E+02  0.4383441E+02  0.1804946E+02  0.1302151E-04 -0.4917474E-05  0.1345141E-03
Ar  2337  0.2578495E+02  0.4125592E+02  0.2062796E+02 -0.5549705E-04 -0.6657605E-04  0.8001459E-04
Ar  2338  0.2836344E+02  0.4383441E+02  0.2062796E+02  0.1010488E-04 -0.6818618E-05 -0.7198117E-04
Ar  2339  0.2836344E+02  0.4125592E+02  0.2320645E+02 -0.4899951E-04  0.4884535E-04  0.9771053E-04
Ar  2340  0.2578495E+02  0.4383441E+02  0.2320645E+02 -0.7370550E-04  0.2878990E-04 -0.9060410E-04
Ar  2341  0.2578495E+02  0.4125592E+02  0.2578495E+02  0.7666414E-04 -0.1913929E-04  0.2864992E-04
Ar  2342  0.2836344E+02  0.4383441E+02  0.2578495E+02 -0.4704978E-04 -0.8877359E-04 -0.1154099E-04
Ar  2343  0.2836344E+02  0.4125592E+02  0.2836344E+02  0.3457073E-05  0.8096414E-05 -0.2796688E-04
Ar  2344  0.2578495E+02  0.4383441E+02  0.2836344E+02  0.3809453E-04 -0.1132398E-03 -0.1067201E-03
Ar  2345  0.2578495E+02  0.4125592E+02  0.3094194E+02  0.3640042E-04 -0.1568128E-03 -0.6512365E-04
Ar  2346  0.2836344E+02  0.4383441E+02  0.3094194E+02  0.9584776E-04  0.2074396E-03  0.5727673E-04
Ar  2347  0.2836344E+02  0.4125592E+02  0.3352043E+02  0.8590962E-05 -0.1280467E-04  0.5987046E-04
Ar  2348  0.2578495E+02  0.4383441E+02  0.3352043E+02  0.3137302E-04 -0.5565526E-04  0.1063234E-03
Ar  2349  0.2578495E+02  0.4125592E+02  0.3609893E+02  0.1763732E-04  0.2298192E-04  0.7649090E-04
Ar  2350  0.2836344E+02  0.4383441E+02  0.3609893E+02 -0.1885331E-03 -0.4052043E-04  0.4597406E-04
Ar  2351  0.2836344E+02  0.4125592E+02  0.3867742E+02  0.1456009E-04 -0.2977300E-04 -0.1019156E-03
Ar  2352  0.2578495E+02  0.4383441E+02  0.3867742E+02  0.4795515E-05 -0.1049178E-03  0.4897839E-04
Ar  2353  0.2578495E+02  0.4125592E+02  0.4125592E+02  0.2091342E-04 -0.5319114E-04 -0.2777060E-07
Ar  2354  0.2836344E+02  0.4383441E+02  0.4125592E+02  0.9263256E-04  0.6012211E-04 -0.5879116E-04
Ar  2355  0.2836344E+02  0.4125592E+02  0.4383441E+02 -0.5908600E-04 -0.8348296E-04 -0.4702878E-05
Ar  2356  0.2578495E+02  0.4383441E+02  0.4383441E+02  0.8233614E-04  0.5130828E-04  0.1726370E-05
Ar  2357  0.2578495E+02  0.4125592E+02  0.4641291E+02 -0.1020436E-03  0.4580643E-04  0.6140872E-04
Ar  2358  0.2836344E+02  0.4383441E+02  0.4641291E+02 -0.8317246E-06  0.1513755E-04  0.4132296E-05
Ar  2359  0.2836344E+02  0.4125592E+02  0.4899140E+02  0.8776804E-04 -0.9504637E-05 -0.3489653E-04
Ar  2360  0.2578495E+02  0.4383441E+02  0.4899140E+02 -0.2083833E-03  0.8988945E-04 -0.1302351E-05
Ar  2361  0.2578495E+02  0.4641291E+02  0.0000000E+00 -0.9267890E-05  0.5867284E-04 -0.2373649E-04
Ar  2362  0.2836344E+02  0.4899140E+02  0.0000000E+00  0.5527369E-04 -0.4190278E-04 -0.3549336E-04
Ar  2363  0.2836344E+02  0.4641291E+02  0.2578495E+01  0.1155092E-04 -0.8443284E-04  0.1401132E-03
Ar  2364  0.2578495E+02  0.4899140E+02  0.2578495E+01  0.8057210E-04 -0.3355150E-04 -0.3576409E-04
Ar  2365  0.2578495E+02  0.4641291E+02  0.5156990E+01  0.1061105E-05 -0.1042712E-04  0.4057155E-04
Ar  2366  0.2836344E+02  0.4899140E+02  0.5156990E+01 -0.3682341E-04 -0.3938507E-04 -0.1774356E-04
Ar  2367  0.2836344E+02  0.4641291E+02  0.7735485E+01 -0.1958598E-05 -0.2064372E-04 -0.8792157E-04
Ar  2368  0.2578495E+02  0.4899140E+02  0.7735485E+01 -0.1214711E-03 -0.7224467E-04  0.1090233E-03
Ar  2369  0.2578495E+02  0.4641291E+02  0.1031398E+02  0.3778139E-04 -0.5150488E-04  0.4469036E-05
Ar  2370  0.2836344E+02  0.4899140E+02  0.1031398E+02 -0.5900711E-05 -0.1355996E-04  0.1588898E-03
Ar  2371  0.2836344E+02  0.4641291E+02  0.1289247E+02 -0.1142175E-07 -0.1622508E-04 -0.5373190E-04
Ar  2372  0.2578495E+02  0.4899140E+02  0.1289247E+02  0.6474982E-04  0.1018064E-03 -0.1985143E-04
Ar  2373  0.2578495E+02  0.4641291E+02  0.1547097E+02 -0.3874829E-04 -0.1899683E-04 -0.1377102E-03
Ar  2374  0.2836344E+02  0.4899140E+02  0.1547097E+02 -0.1068266E-03 -0.2330129E-04  0.7931091E-04
Ar  2375  0.2836344E+02  0.4641291E+02  0.1804946E+02  0.7000147E-04 -0.7811281E-04  0.6494365E-04
Ar  2376  0.2578495E+02  0.4899140E+02  0.1804946E+02 -0.1596898E-04 -0.1120782E-03 -0.3369475E-04
Ar  2377  0.2578495E+02  0.4641291E+02  0.2062796E+02 -0.4030393E-04  0.1711922E-04 -0.1063999E-05
Ar  2378  0.2836344E+02  0.4899140E+02  0.2062796E+02  0.3567603E-04 -0.1699682E-04 -0.1263619E-03
Ar  2379  0.2836344E+02  0.4641291E+02  0.2320645E+02 -0.2238532E-04 -0.8458645E-04  0.1652203E-04
Ar  2380  0.2578495E+02  0.4899140E+02  0.2320645E+02  0.7359814E-04  0.6184164E-04  0.1112090E-03
Ar  2381  0.2578495E+02  0.4641291E+02  0.2578495E+02 -0.1846577E-03  0.1000294E-03  0.1596374E-04
Ar  2382  0.2836344E+02  0.4899140E+02  0.2578495E+02 -0.1319616E-04 -0.1043407E-03  0.7147153E-05
Ar  2383  0.2836344E+02  0.4641291E+02  0.2836344E+02 -0.9642980E-04 -0.9051147E-04  0.2768481E-05
Ar  2384  0.2578495E+02  0.4899140E+02  0.2836344E+02 -0.1270310E-04  0.7300059E-04 -0.9066926E-04
Ar  2385  0.2578495E+02  0.4641291E+02  0.3094194E+02  0.7130650E-04 -0.6948831E-04 -0.3226440E-04
Ar  2386  0.2836344E+02  0.4899140E+02  0.3094194E+02  0.3116511E-04 -0.1674498E-04 -0.1655564E-03
Ar  2387  0.2836344E+02  0.4641291E+02  0.3352043E+02  0.1031825E-04  0.5584841E-04  0.4700759E-06
Ar  2388  0.2578495E+02  0.4899140E+02  0.3352043E+02 -0.5887321E-04 -0.4985513E-04 -0.1435043E-04
Ar  2389  0.2578495E+02  0.4641291E+02  0.3609893E+02  0.1590519E-03  0.6822862E-04  0.1927423E-04
Ar  2390  0.2836344E+02  0.4899140E+02  0.3609893E+02  0.6524633E-04 -0.2661511E-04 -0.8093508E-04
Ar  2391  0.2836344E+02  0.4641291E+02  0.3867742E+02  0.1243234E-03  0.1255372E-03  0.5777980E-04
Ar  2392  0.2578495E+02  0.4899140E+02  0.3867742E+02 -0.7618637E-04  0.6786634E-04 -0.8202725E-04
Ar  2393  0.2578495E+02  0.4641291E+02  0.4125592E+02  0.7868082E-05  0.1841153E-04  0.7718803E-05
Ar  2394  0.2836344E+02  0.4899140E+02  0.4125592E+02  0.4561932E-05  0.4221115E-04  0.1157621E-03
Ar  2395  0.2836344E+02  0.4641291E+02  0.4383441E+02  0.3148969E-04  0.2718322E-04  0.4725817E-04
Ar  2396  0.2578495E+02  0.4899140E+02  0.4383441E+02  0.1630734E-05  0.9737511E-04 -0.2487705E-04
Ar  2397  0.2578495E+02  0.4641291E+02  0.4641291E+02  0.1341655E-04 -0.2156468E-04  0.3732988E-04
Ar  2398  0.2836344E+02  0.4899140E+02  0.4641291E+02  0.5438511E-04 -0.2332787E-04 -0.5291693E-04
Ar  2399  0.2836344E+02  0.4641291E+02  0.4899140E+02 -0.1001146E-03 -0.8945120E-04  0.4137727E-04
Ar  2400  0.2578495E+02  0.4899140E+02  0.4899140E+02  0.3193714E-04  0.1210860E-04 -0.1108899E-03
Ar  2401  0.3094194E+02  0.0000000E+00  0.0000000E+00  0.9250883E-04 -0.9381578E-05 -0.7200862E-04
Ar  2402  0.3352043E+02  0.2578495E+01  0.0000000E+00  0.7750284E-04  0.5338415E-04  0.5419998E-04
Ar  2403  0.3352043E+02  0.0000000E+00  0.2578495E+01 -0.4907950E-04 -0.1169319E-04  0.4818057E-04
Ar  2404  0.3094194E+02  0.2578495E+01  0.2578495E+01  0.5018274E-04 -0.3375914E-04  0.7083836E-04
Ar  2405  0.3094194E+02  0.0000000E+00  0.5156990E+01  0.8307316E-05  0.1105156E-03  0.5006323E-06
Ar  2406  0.3352043E+02  0.2578495E+01  0.5156990E+01 -0.1178906E-03  0.1062940E-04  0.2660237E-05
Ar  2407  0.3352043E+02  0.0000000E+00  0.7735485E+01 -0.5927380E-04 -0.8445192E-04  0.1100141E-03
Ar  2408  0.3094194E+02  0.2578495E+01  0.7735485E+01 -0.3425315E-04 -0.1172186E-03  0.5880327E-05
Ar  2409  0.3094194E+02  0.0000000E+00  0.1031398E+02  0.8739484E-04 -0.8693811E-04  0.7158805E-04
Ar  2410  0.3352043E+02  0.2578495E+01  0.1031398E+02 -0.6365651E-05 -0.4848402E-04 -0.7850462E-06
Ar  2411  0.3352043E+02  0.0000000E+00  0.1289247E+02  0.8900110E-04  0.3306825E-04 -0.2070210E-04
Ar  2412  0.3094194E+02  0.2578495E+01  0.1289247E+02  0.3652568E-04  0.3304638E-04  0.3591576E-04
Ar  2413  0.3094194E+02  0.0000000E+00  0.1547097E+02 -0.4698938E-04 -0.2464282E-04 -0.4022719E-04
Ar  2414  0.3352043E+02  0.2578495E+01  0.1547097E+02  0.1118277E-03  0.9039232E-04  0.6102157E-04
Ar  2415  0.3352043E+02  0.0000000E+00  0.1804946E+02 -0.3263697E-04  0.1671013E-04 -0.1855203E-04
Ar  2416  0.3094194E+02  0.2578495E+01  0.1804946E+02 -0.2350517E-04  0.1728617E-03  0.2321149E-04
Ar  2417  0.3094194E+02  0.0000000E+00  0.2062796E+02  0.4371371E-04 -0.9588606E-04  0.7290641E-04
Ar  2418  0.3352043E+02  0.2578495E+01  0.2062796E+02  0.5560985E-06  0.3310673E-04 -0.5243832E-04
Ar  2419  0.3352043E+02  0.0000000E+00  0.2320645E+02  0.8542549E-04 -0.2964296E-04  0.3927976E-04
Ar  2420  0.3094194E+02  0.2578495E+01  0.2320645E+02 -0.5061569E-04 -0.9000619E-04  0.1208534E-03
Ar  2421  0.3094194E+02  0.0000000E+00  0.2578495E+02  0.1993320E-04  0.9925067E-05  0.4045968E-04
Ar  2422  0.3352043E+02  0.2578495E+01  0.2578495E+02 -0.1569683E-05  0.5031536E-04  0.8628654E-04
Ar  2423  0.3352043E+02  0.0000000E+00  0.2836344E+02 -0.3135719E-04 -0.2404294E-04  0.1205409E-03
Ar  2424  0.3094194E+02  0.2578495E+01  0.2836344E+02  0.1401834E-04 -0.1103684E-04 -0.4892911E-05
Ar  2425  0.3094194E+02  0.0000000E+00  0.3094194E+02 -0.2751327E-04 -0.3655571E-04  0.4188251E-04
Ar  2426  0.3352043E+02  0.2578495E+01  0.3094194E+02 -0.1623110E-03  0.1218027E-03  0.9814388E-04
Ar  2427  0.3352043E+02  0.0000000E+00  0.3352043E+02 -0.3786649E-04 -0.8975058E-05  0.1154270E-04
Ar  2428  0.3094194E+02  0.2578495E+01  0.3352043E+02  0.4990114E-04 -0.4447839E-04 -0.2128821E-04
Ar  2429  0.3094194E+02  0.0000000E+00  0.3609893E+02 -0.3202745E-05  0.7145353E-04  0.4173080E-04
Ar  2430  0.3352043E+02  0.2578495E+01  0.3609893E+02 -0.7647110E-05 -0.4093186E-04  0.5091449E-04
Ar  2431  0.3352043E+02  0.0000000E+00  0.3867742E+02  0.4613295E-04 -0.1773731E-04  0.7096897E-04
Ar  2432  0.3094194E+02  0.2578495E+01  0.3867742E+02  0.3953278E-04 -0.7019184E-04  0.4716262E-04
Ar  2433  0.3094194E+02  0.0000000E+00  0.4125592E+02  0.1078120E-03  0.1531948E-04  0.6841528E-04
Ar  2434  0.3352043E+02  0.2578495E+01  0.4125592E+02 -0.3604717E-04  0.8534623E-04 -0.5284833E-04
Ar  2435  0.3352043E+02  0.0000000E+00  0.4383441E+02 -0.1223350E-03  0.2235966E-04  0.3713231E-04
Ar  2436  0.3094194E+02  0.2578495E+01  0.4383441E+02 -0.3956138E-04 -0.4645990E-04  0.6491364E-04
Ar  2437  0.3094194E+02  0.0000000E+00  0.4641291E+02 -0.1097715E-03  0.4386253E-04  0.7272194E-05
Ar  2438  0.3352043E+02  0.2578495E+01  0.4641291E+02 -0.4934287E-04  0.6409516E-04 -0.7893679E-05
Ar  2439  0.3352043E+02  0.0000000E+00  0.4899140E+02  0.6037573E-04 -0.1354062E-03  0.5661889E-04
Ar  2440  0.3094194E+02  0.2578495E+01  0.4899140E+02 -0.9769615E-05 -0.5102960E-04  0.5046206E-04
Ar  2441  0.3094194E+02  0.5156990E+01  0.0000000E+00  0.8477347E-04  0.5911563E-04  0.2828065E-04
Ar  2442  0.3352043E+02  0.7735485E+01  0.0000000E+00  0.8772379E-04  0.2146738E-03 -0.4243611E-04
Ar  2443  0.3352043E+02  0.5156990E+01  0.2578495E+01  0.1435026E-03 -0.7881165E-04 -0.9576290E-05
Ar  2444  0.3094194E+02  0.7735485E+01  0.2578495E+01 -0.1459134E-04  0.1056578E-03 -0.8719182E-04
Ar  2445  0.3094194E+02  0.5156990E+01  0.5156990E+01  0.1697667E-04 -0.7431529E-04 -0.9740542E-04
Ar  2446  0.3352043E+02  0.7735485E+01  0.5156990E+01  0.9184260E-05  0.7369326E-04  0.3355308E-05
Ar  2447  0.3352043E+02  0.5156990E+01  0.7735485E+01  0.1092176E-04 -0.1055028E-03  0.7948668E-04
Ar  2448  0.3094194E+02  0.7735485E+01  0.7735485E+01 -0.1150327E-03 -0.1107270E-04  0.1312597E-04
Ar  2449  0.3094194E+02  0.5156990E+01  0.1031398E+02  0.2416106E-04 -0.5928424E-04  0.3578972E-04
Ar  2450  0.3352043E+02  0.7735485E+01  0.1031398E+02  0.9170401E-04  0.2606289E-04  0.6336355E-04
Ar  2451  0.3352043E+02  0.5156990E+01  0.1289247E+02 -0.2556271E-04 -0.6274343E-04 -0.1056695E-03
Ar  2452  0.3094194E+02  0.7735485E+01  0.1289247E+02  0.1409901E-03  0.1113282E-03 -0.2596624E-04
Ar  2453  0.3094194E+02  0.5156990E+01  0.1547097E+02 -0.9132638E-05  0.2668554E-04 -0.1076756E-04
Ar  2454  0.3352043E+02  0.7735485E+01  0.1547097E+02 -0.5819107E-04 -0.4863114E-04  0.2133495E-04
Ar  2455  0.3352043E+02  0.5156990E+01  0.1804946E+02 -0.2402633E-04 -0.8579894E-04  0.1609362E-03
Ar  2456  0.3094194E+02  0.7735485E+01  0.1804946E+02  0.5448928E-05 -0.1873124E-04  0.3320527E-04
Ar  2457  0.3094194E+02  0.5156990E+01  0.2062796E+02  0.2073208E-04  0.5575540E-04 -0.7191287E-04
Ar  2458  0.3352043E+02  0.7735485E+01  0.2062796E+02  0.1042157E-04 -0.4534734E-04 -0.5728128E-04
Ar  2459  0.3352043E+02  0.5156990E+01  0.2320645E+02 -0.2003728E-04  0.3030683E-04 -0.6667997E-04
Ar  2460  0.3094194E+02  0.7735485E+01  0.2320645E+02  0.1309936E-04 -0.4445797E-04 -0.6596618E-05
Ar  2461  0.3094194E+02  0.5156990E+01  0.2578495E+02 -0.1435095E-03  0.2787545E-04 -0.6393714E-05
Ar  2462  0.3352043E+02  0.7735485E+01  0.2578495E+02  0.9129472E-04  0.1035767E-03  0.4162887E-04
Ar  2463  0.3352043E+02  0.5156990E+01  0.2836344E+02  0.2143297E-04 -0.2462887E-04  0.1179953E-03
Ar  2464  0.3094194E+02  0.7735485E+01  0.2836344E+02  0.1940871E-04 -0.8133458E-04 -0.1189997E-03
Ar  2465  0.3094194E+02  0.5156990E+01  0.3094194E+02 -0.7661976E-04  0.3324900E-04  0.6233003E-04
Ar  2466  0.3352043E+02  0.7735485E+01  0.3094194E+02  0.5188314E-04  0.6043841E-04  0.4522482E-04
Ar  2467  0.3352043E+02  0.5156990E+01  0.3352043E+02  0.7196443E-04 -0.1582262E-04 -0.3325190E-04
Ar  2468  0.3094194E+02  0.7735485E+01  0.3352043E+02  0.5789817E-04  0.1280602E-03  0.4616272E-05
Ar  2469  0.3094194E+02  0.5156990E+01  0.3609893E+02  0.3455235E-04 -0.1702678E-04 -0.8524451E-04
Ar  2470  0.3352043E+02  0.7735485E+01  0.3609893E+02 -0.3606586E-04  0.2598889E-04 -0.5562174E-04
Ar  2471  0.3352043E+02  0.5156990E+01  0.3867742E+02  0.1351164E-03 -0.5640138E-04  0.6415431E-04
Ar  2472  0.3094194E+02  0.7735485E+01  0.3867742E+02 -0.2654354E-04 -0.1187952E-04 -0.2785042E-04
Ar  2473  0.3094194E+02  0.5156990E+01  0.4125592E+02 -0.1085870E-03 -0.5890372E-04 -0.1754266E-04
Ar  2474  0.3352043E+02  0.7735485E+01  0.4125592E+02  0.1512713E-04  0.1065884E-04  0.4385569E-04
Ar  2475  0.3352043E+02  0.5156990E+01  0.4383441E+02  0.6051441E-04 -0.5165437E-04  0.7359080E-04
Ar  2476  0.3094194E+02  0.7735485E+01  0.4383441E+02  0.1299145E-04 -0.1050460E-03 -0.5209626E-04
Ar  2477  0.3094194E+02  0.5156990E+01  0.4641291E+02  0.2967847E-04  0.4592703E-04  0.1058278E-04
Ar  2478  0.3352043E+02  0.7735485E+01  0.4641291E+02 -0.4670870E-04  0.8604383E-05  0.4848796E-04
Ar  2479  0.3352043E+02  0.5156990E+01  0.4899140E+02  0.5048972E-04 -0.4499492E-04 -0.6965508E-04
Ar  2480  0.3094194E+02  0.7735485E+01  0.4899140E+02  0.9343748E-04 -0.3640466E-04 -0.7467879E-04
Ar  2481  0.3094194E+02  0.1031398E+02  0.0000000E+00  0.9202754E-05 -0.1388966E-04 -0.6736702E-04
Ar  2482  0.3352043E+02  0.1289247E+02  0.0000000E+00  0.2044392E-05  0.7761710E-04  0.6570459E-04
Ar  2483  0.3352043E+02  0.1031398E+02  0.2578495E+01  0.5312433E-04 -0.1365566E-04 -0.7188465E-04
Ar  2484  0.3094194E+02  0.1289247E+02  0.2578495E+01 -0.7341310E-04  0.5150838E-04  0.9848376E-05
Ar  2485  0.3094194E+02  0.1031398E+02  0.5156990E+01 -0.2500228E-04 -0.7814238E-04  0.7373615E-04
Ar  2486  0.3352043E+02  0.1289247E+02  0.5156990E+01 -0.7154487E-04  0.4680116E-05 -0.4501861E-04
Ar  2487  0.3352043E+02  0.1031398E+02  0.7735485E+01  0.6983645E-04  0.9668179E-05 -0.1231952E-05
Ar  2488  0.3094194E+02  0.1289247E+02  0.7735485E+01  0.4286949E-04  0.5228769E-04 -0.4154479E-04
Ar  2489  0.3094194E+02  0.1031398E+02  0.1031398E+02  0.3070603E-04  0.5120282E-04 -0.1623666E-04
Ar  2490  0.3352043E+02  0.1289247E+02  0.1031398E+02  0.5201085E-04  0.1365274E-03 -0.1805393E-05
Ar  2491  0.3352043E+02  0.1031398E+02  0.1289247E+02 -0.1604919E-04  0.3325663E-04  0.6754340E-04
Ar  2492  0.3094194E+02  0.1289247E+02  0.1289247E+02  0.1212367E-03  0.1337648E-04  0.5434631E-04
Ar  2493  0.3094194E+02  0.1031398E+02  0.1547097E+02  0.1288631E-03  0.1426524E-03 -0.1437365E-04
Ar  2494  0.3352043E+02  0.1289247E+02  0.1547097E+02  0.2111224E-04 -0.1324434E-04  0.3660651E-04
Ar  2495  0.3352043E+02  0.1031398E+02  0.1804946E+02 -0.8229903E-04 -0.4985769E-04 -0.6310348E-04
Ar  2496  0.3094194E+02  0.1289247E+02  0.1804946E+02  0.3754944E-04  0.3831233E-04 -0.4306183E-05
Ar  2497  0.3094194E+02  0.1031398E+02  0.2062796E+02  0.8843901E-04 -0.1248932E-03 -0.1670676E-04
Ar  2498  0.3352043E+02  0.1289247E+02  0.2062796E+02 -0.1197915E-04  0.1135122E-04  0.5847873E-04
Ar  2499  0.3352043E+02  0.1031398E+02  0.2320645E+02  0.8951149E-04  0.1278532E-04  0.1669285E-03
Ar  2500  0.3094194E+02  0.1289247E+02  0.2320645E+02  0.9564740E-04 -0.1051951E-03 -0.4305243E-05
Ar  2501  0.3094194E+02  0.1031398E+02  0.2578495E+02 -0.7368242E-04  0.1154334E-04 -0.8942138E-04
Ar  2502  0.3352043E+02  0.1289247E+02  0.2578495E+02  0.7564151E-04  0.3862086E-04  0.3716832E-04
Ar  2503  0.3352043E+02  0.1031398E+02  0.2836344E+02 -0.5359295E-04  0.1923665E-04  0.1105061E-03
Ar  2504  0.3094194E+02  0.1289247E+02  0.2836344E+02  0.8344451E-04 -0.5394998E-04  0.6809634E-04
Ar  2505  0.3094194E+02  0.1031398E+02  0.3094194E+02  0.1442096E-04  0.1599589E-04 -0.1112599E-04
Ar  2506  0.3352043E+02  0.1289247E+02  0.3094194E+02 -0.2426626E-04 -0.1986790E-04 -0.2733057E-05
Ar  2507  0.3352043E+02  0.1031398E+02  0.3352043E+02 -0.2686082E-05 -0.1155026E-03  0.1973797E-04
Ar  2508  0.3094194E+02  0.1289247E+02  0.3352043E+02  0.2416571E-04 -0.4300080E-04 -0.1396651E-03
Ar  2509  0.3094194E+02  0.1031398E+02  0.3609893E+02 -0.6509674E-04 -0.3532508E-04 -0.1301261E-05
Ar  2510  0.3352043E+02  0.1289247E+02  0.3609893E+02  0.4547100E-04 -0.5848303E-04  0.3260128E-04
Ar  2511  0.3352043E+02  0.1031398E+02  0.3867742E+02  0.7253297E-05  0.6549173E-04 -0.1562747E-04
Ar  2512  0.3094194E+02  0.1289247E+02  0.3867742E+02  0.9712193E-05  0.5432589E-04 -0.2207334E-04
Ar  2513  0.3094194E+02  0.1031398E+02  0.4125592E+02 -0.4178831E-04  0.3106219E-04  0.3815263E-04
Ar  2514  0.3352043E+02  0.1289247E+02  0.4125592E+02 -0.4629167E-04  0.5887118E-05  0.2717490E-04
Ar  2515  0.3352043E+02  0.1031398E+02  0.4383441E+02  0.6252681E-04 -0.4148061E-04  0.4920955E-04
Ar  2516  0.3094194E+02  0.1289247E+02  0.4383441E+02  0.1010964E-03  0.7708983E-04 -0.5477376E-04
Ar  2517  0.3094194E+02  0.1031398E+02  0.4641291E+02 -0.7090643E-04 -0.1054842E-03 -0.3762824E-04
Ar  2518  0.3352043E+02  0.1289247E+02  0.4641291E+02 -0.1016828E-04  0.2294596E-04  0.6173425E-04
Ar  2519  0.3352043E+02  0.1031398E+02  0.4899140E+02 -0.8908453E-04  0.7788198E-05  0.3038166E-04
Ar  2520  0.3094194E+02  0.1289247E+02  0.4899140E+02 -0.6561590E-04 -0.4818541E-04  0.1397162E-04
Ar  2521  0.3094194E+02  0.1547097E+02  0.0000000E+00 -0.3473747E-04  0.5087080E-04  0.1334997E-03
Ar  2522  0.3352043E+02  0.1804946E+02  0.0000000E+00  0.9159895E-04 -0.3557357E-04 -0.6881463E-04
Ar  2523  0.3352043E+02  0.1547097E+02  0.2578495E+01  0.3345536E-04 -0.5170195E-05  0.4035893E-05
Ar  2524  0.3094194E+02  0.1804946E+02  0.2578495E+01  0.9443300E-04 -0.1016717E-03  0.3012276E-04
Ar  2525  0.3094194E+02  0.1547097E+02  0.5156990E+01 -0.6668677E-05 -0.9873204E-05  0.4359071E-04
Ar  2526  0.3352043E+02  0.1804946E+02  0.5156990E+01  0.1795728E-05 -0.8245779E-04 -0.8697172E-04
Ar  2527  0.3352043E+02  0.1547097E+02  0.7735485E+01  0.3870645E-04  0.7461345E-04 -0.8255130E-04
Ar  2528  0.3094194E+02  0.1804946E+02  0.7735485E+01  0.1013272E-03 -0.1182906E-04 -0.2047195E-04
Ar  2529  0.3094194E+02  0.1547097E+02  0.1031398E+02  0.7563556E-04  0.1699987E-04 -0.3362487E-04
Ar  2530  0.3352043E+02  0.1804946E+02  0.1031398E+02 -0.1265985E-04 -0.4730667E-04  0.1155983E-03
Ar  2531  0.3352043E+02  0.1547097E+02  0.1289247E+02 -0.8602033E-05  0.5040059E-04  0.6648344E-04
Ar  2532  0.3094194E+02  0.1804946E+02  0.1289247E+02  0.5372500E-04  0.7936982E-04  0.4921321E-04
Ar  2533  0.3094194E+02  0.1547097E+02  0.1547097E+02  0.7015380E-04  0.5965695E-04  0.1082914E-03
Ar  2534  0.3352043E+02  0.1804946E+02  0.1547097E+02  0.5302445E-04  0.2421805E-04 -0.3045496E-04
Ar  2535  0.3352043E+02  0.1547097E+02  0.1804946E+02 -0.6816622E-04  0.8766174E-04 -0.6673959E-04
Ar  2536  0.3094194E+02  0.1804946E+02  0.1804946E+02 -0.4923336E-04 -0.5652722E-05 -0.4287107E-04
Ar  2537  0.3094194E+02  0.1547097E+02  0.2062796E+02 -0.1373879E-03 -0.4007742E-05  0.4820331E-04
Ar  2538  0.3352043E+02  0.1804946E+02  0.2062796E+02 -0.1096793E-03  0.6012298E-04 -0.9078540E-04
Ar  2539  0.3352043E+02  0.1547097E+02  0.2320645E+02  0.5325256E-04  0.8109598E-04  0.5999029E-05
Ar  2540  0.3094194E+02  0.1804946E+02  0.2320645E+02 -0.1185831E-03  0.3354499E-04  0.6313934E-04
Ar  2541  0.3094194E+02  0.1547097E+02  0.2578495E+02 -0.9283487E-05 -0.7864833E-04 -0.2656524E-04
Ar  2542  0.3352043E+02  0.1804946E+02  0.2578495E+02 -0.2321667E-04  0.1655910E-03 -0.1938138E-04
Ar  2543  0.3352043E+02  0.1547097E+02  0.2836344E+02 -0.6613608E-05 -0.7061323E-04 -0.3655720E-04
Ar  2544  0.3094194E+02  0.1804946E+02  0.2836344E+02  0.3048386E-04 -0.1845768E-04  0.6612530E-04
Ar  2545  0.3094194E+02  0.1547097E+02  0.3094194E+02  0.1077619E-05  0.5673477E-04 -0.2954103E-04
Ar  2546  0.3352043E+02  0.1804946E+02  0.3094194E+02 -0.3629565E-04 -0.1488546E-04  0.1276086E-03
Ar  2547  0.3352043E+02  0.1547097E+02  0.3352043E+02 -0.3616723E-04 -0.9963116E-05 -0.7278970E-05
Ar  2548  0.3094194E+02  0.1804946E+02  0.3352043E+02 -0.6992480E-04 -0.7893631E-04  0.1933149E-05
Ar  2549  0.3094194E+02  0.1547097E+02  0.3609893E+02  0.5083573E-04 -0.6846231E-04 -0.6304509E-06
Ar  2550  0.3352043E+02  0.1804946E+02  0.3609893E+02  0.6022626E-04  0.9005136E-04 -0.7415380E-04
Ar  2551  0.3352043E+02  0.1547097E+02  0.3867742E+02  0.1343347E-04  0.4982149E-05 -0.6570728E-04
Ar  2552  0.3094194E+02  0.1804946E+02  0.3867742E+02 -0.3227160E-04  0.6052427E-04  0.1119941E-03
Ar  2553  0.3094194E+02  0.1547097E+02  0.4125592E+02  0.8236219E-04 -0.6877085E-04  0.2547450E-04
Ar  2554  0.3352043E+02  0.1804946E+02  0.4125592E+02 -0.1017656E-03 -0.4268639E-04  0.1169650E-04
Ar  2555  0.3352043E+02  0.1547097E+02  0.4383441E+02 -0.2273264E-04 -0.6201386E-04  0.3752602E-04
Ar  2556  0.3094194E+02  0.1804946E+02  0.4383441E+02  0.2555533E-04  0.5669175E-04 -0.2728305E-04
Ar  2557  0.3094194E+02  0.1547097E+02  0.4641291E+02  0.5835318E-04  0.1095449E-04  0.3171236E-04
Ar  2558  0.3352043E+02  0.1804946E+02  0.4641291E+02 -0.1611515E-03 -0.8171704E-04 -0.1651756E-03
Ar  2559  0.3352043E+02  0.1547097E+02  0.4899140E+02  0.6217808E-04  0.2991466E-04  0.7335700E-04
Ar  2560  0.3094194E+02  0.1804946E+02  0.4899140E+02 -0.3667288E-04  0.5961371E-04 -0.1341825E-04
Ar  2561  0.3094194E+02  0.2062796E+02  0.0000000E+00 -0.1569963E-04  0.2504566E-04  0.1950576E-04
Ar  2562  0.3352043E+02  0.2320645E+02  0.0000000E+00  0.2193347E-04 -0.6436975E-04  0.3003241E-04
Ar  2563  0.3352043E+02  0.2062796E+02  0.2578495E+01  0.1128635E-03 -0.2339333E-04 -0.4081028E-04
Ar  2564  0.3094194E+02  0.2320645E+02  0.2578495E+01  0.5508174E-04  0.4616353E-04 -0.8166932E-04
Ar  2565  0.3094194E+02  0.2062796E+02  0.5156990E+01  0.3152304E-04 -0.3880733E-04  0.1777852E-04
Ar  2566  0.3352043E+02  0.2320645E+02  0.5156990E+01  0.3308997E-04 -0.1023061E-04 -0.5883187E-04
Ar  2567  0.3352043E+02  0.2062796E+02  0.7735485E+01  0.3152593E-04  0.8220733E-04  0.3709960E-04
Ar  2568  0.3094194E+02  0.2320645E+02  0.7735485E+01  0.2690141E-04 -0.7381255E-04  0.1891597E-03
Ar  2569  0.3094194E+02  0.2062796E+02  0.1031398E+02  0.2786633E-04 -0.2785656E-04  0.9779006E-04
Ar  2570  0.3352043E+02  0.2320645E+02  0.1031398E+02  0.3507436E-04  0.6061718E-05 -0.5653669E-04
Ar  2571  0.3352043E+02  0.2062796E+02  0.1289247E+02  0.1641274E-04 -0.1622856E-03 -0.5452650E-04
Ar  2572  0.3094194E+02  0.2320645E+02  0.1289247E+02  0.1371532E-03  0.1192001E-03 -0.1582387E-04
Ar  2573  0.3094194E+02  0.2062796E+02  0.1547097E+02 -0.7619156E-04  0.2243694E-04 -0.1178927E-03
Ar  2574  0.3352043E+02  0.2320645E+02  0.1547097E+02 -0.1322131E-04 -0.1185552E-03  0.7152831E-04
Ar  2575  0.3352043E+02  0.2062796E+02  0.1804946E+02  0.4359094E-04  0.2161973E-04 -0.7973266E-04
Ar  2576  0.3094194E+02  0.2320645E+02  0.1804946E+02 -0.8118169E-05 -0.1324744E-04  0.3477771E-04
Ar  2577  0.3094194E+02  0.2062796E+02  0.2062796E+02  0.8164561E-04  0.3349854E-04 -0.6836871E-04
Ar  2578  0.3352043E+02  0.2320645E+02  0.2062796E+02  0.4588875E-04  0.4234962E-04 -0.5433608E-04
Ar  2579  0.3352043E+02  0.2062796E+02  0.2320645E+02 -0.2357689E-05  0.3297320E-04 -0.8826548E-04
Ar  2580  0.3094194E+02  0.2320645E+02  0.2320645E+02  0.4079908E-04 -0.3297455E-04  0.1455701E-04
Ar  2581  0.3094194E+02  0.2062796E+02  0.2578495E+02  0.6555109E-04 -0.7872228E-04 -0.8342527E-05
Ar  2582  0.3352043E+02  0.2320645E+02  0.2578495E+02 -0.1066176E-03 -0.4338458E-04  0.4735458E-04
Ar  2583  0.3352043E+02  0.2062796E+02  0.2836344E+02 -0.7438198E-04 -0.1243654E-03  0.3667388E-06
Ar  2584  0.3094194E+02  0.2320645E+02  0.2836344E+02  0.6663585E-04  0.2876666E-04  0.1805914E-04
Ar  2585  0.3094194E+02  0.2062796E+02  0.3094194E+02  0.3730797E-04  0.6440779E-04  0.4104799E-04
Ar  2586  0.3352043E+02  0.2320645E+02  0.3094194E+02  0.4304421E-04 -0.2520573E-04  0.6431734E-04
Ar  2587  0.3352043E+02  0.2062796E+02  0.3352043E+02  0.2815323E-04  0.1114366E-05  0.2227150E-04
Ar  2588  0.3094194E+02  0.2320645E+02  0.3352043E+02 -0.3045489E-04  0.7381459E-04  0.7935096E-05
Ar  2589  0.3094194E+02  0.2062796E+02  0.3609893E+02 -0.5473731E-04 -0.7768586E-04 -0.4356824E-04
Ar  2590  0.3352043E+02  0.2320645E+02  0.3609893E+02  0.7730983E-04  0.3232959E-05 -0.4632412E-04
Ar  2591  0.3352043E+02  0.2062796E+02  0.3867742E+02  0.1320497E-03 -0.4029091E-05  0.4426040E-04
Ar  2592  0.3094194E+02  0.2320645E+02  0.3867742E+02  0.1904576E-03 -0.1181516E-04  0.1445426E-03
Ar  2593  0.3094194E+02  0.2062796E+02  0.4125592E+02 -0.4224752E-04 -0.1045023E-03  0.1399901E-04
Ar  2594  0.3352043E+02  0.2320645E+02  0.4125592E+02 -0.4762167E-05  0.1862907E-05  0.1146007E-04
Ar  2595  0.3352043E+02  0.2062796E+02  0.4383441E+02 -0.1760365E-03  0.2774876E-04  0.8912448E-05
Ar  2596  0.3094194E+02  0.2320645E+02  0.4383441E+02  0.4876403E-04 -0.8287949E-04 -0.4961216E-04
Ar  2597  0.3094194E+02  0.2062796E+02  0.4641291E+02  0.3578531E-04  0.1041082E-04 -0.3240748E-04
Ar  2598  0.3352043E+02  0.2320645E+02  0.4641291E+02 -0.1370130E-03  0.3322561E-04  0.7637817E-04
Ar  2599  0.3352043E+02  0.2062796E+02  0.4899140E+02 -0.1382760E-03  0.3311644E-04 -0.2246915E-05
Ar  2600  0.3094194E+02  0.2320645E+02  0.4899140E+02 -0.8409546E-04 -0.5440800E-04 -0.1729010E-05
Ar  2601  0.3094194E+02  0.2578495E+02  0.0000000E+00 -0.6617848E-04  0.1788556E-04  0.5216593E-04
Ar  2602  0.3352043E+02  0.2836344E+02  0.0000000E+00  0.7774706E-04  0.1256749E-03 -0.2085727E-05
Ar  2603  0.3352043E+02  0.2578495E+02  0.2578495E+01 -0.1137210E-03 -0.1027066E-03  0.4633858E-04
Ar  2604  0.3094194E+02  0.2836344E+02  0.2578495E+01  0.5046577E-04 -0.2983155E-04  0.1340746E-03
Ar  2605  0.3094194E+02  0.2578495E+02  0.5156990E+01 -0.2956472E-04 -0.9863614E-04 -0.8311286E-04
Ar  2606  0.3352043E+02  0.2836344E+02  0.5156990E+01 -0.2906419E-04  0.9308305E-04 -0.9567823E-05
Ar  2607  0.3352043E+02  0.2578495E+02  0.7735485E+01  0.6521676E-04  0.6413586E-04 -0.1997852E-04
Ar  2608  0.3094194E+02  0.2836344E+02  0.7735485E+01 -0.1404982E-03  0.2599691E-04 -0.4255208E-04
Ar  2609  0.3094194E+02  0.2578495E+02  0.1031398E+02 -0.3566239E-04  0.3962240E-04  0.1011503E-04
Ar  2610  0.3352043E+02  0.2836344E+02  0.1031398E+02  0.3513410E-04  0.5778376E-04  0.6884293E-04
Ar  2611  0.3352043E+02  0.2578495E+02  0.1289247E+02  0.1468960E-04  0.2354414E-04 -0.4534870E-04
Ar  2612  0.3094194E+02  0.2836344E+02  0.1289247E+02  0.8294635E-05 -0.1326016E-04  0.5617491E-04
Ar  2613  0.3094194E+02  0.2578495E+02  0.1547097E+02  0.1590746E-03 -0.1208187E-04  0.6829518E-04
Ar  2614  0.3352043E+02  0.2836344E+02  0.1547097E+02 -0.2139554E-04 -0.3850808E-04 -0.5567652E-04
Ar  2615  0.3352043E+02  0.2578495E+02  0.1804946E+02 -0.2409164E-04  0.9897193E-04 -0.8041159E-04
Ar  2616  0.3094194E+02  0.2836344E+02  0.1804946E+02  0.1272007E-04  0.2416488E-04 -0.7102782E-04
Ar  2617  0.3094194E+02  0.2578495E+02  0.2062796E+02 -0.3589861E-06 -0.1380695E-04 -0.4521091E-04
Ar  2618  0.3352043E+02  0.2836344E+02  0.2062796E+02 -0.4281293E-04 -0.4102191E-04 -0.6901028E-04
Ar  2619  0.3352043E+02  0.2578495E+02  0.2320645E+02  0.1592647E-04  0.5682188E-04 -0.1052790E-04
Ar  2620  0.3094194E+02  0.2836344E+02  0.2320645E+02  0.6174502E-04  0.4566747E-04  0.4158840E-04
Ar  2621  0.3094194E+02  0.2578495E+02  0.2578495E+02 -0.2061384E-03  0.2374502E-04  0.1403837E-05
Ar  2622  0.3352043E+02  0.2836344E+02  0.2578495E+02 -0.1205153E-04  0.6214882E-05 -0.4235557E-04
Ar  2623  0.3352043E+02  0.2578495E+02  0.2836344E+02  0.3350529E-04  0.5279575E-04 -0.2844752E-04
Ar  2624  0.3094194E+02  0.2836344E+02  0.2836344E+02 -0.2861874E-04 -0.4254948E-04 -0.1973088E-04
Ar  2625  0.3094194E+02  0.2578495E+02  0.3094194E+02 -0.1289712E-03 -0.3344527E-04  0.7224323E-05
Ar  2626  0.3352043E+02  0.2836344E+02  0.3094194E+02  0.1855638E-04 -0.8636475E-04 -0.5444556E-04
Ar  2627  0.3352043E+02  0.2578495E+02  0.3352043E+02 -0.4856961E-04 -0.4365889E-04 -0.1045883E-03
Ar  2628  0.3094194E+02  0.2836344E+02  0.3352043E+02 -0.5207094E-04  0.5794609E-04 -0.3041972E-05
Ar  2629  0.3094194E+02  0.2578495E+02  0.3609893E+02 -0.4945866E-04  0.3538830E-04  0.8223466E-04
Ar  2630  0.3352043E+02  0.2836344E+02  0.3609893E+02 -0.4993992E-04 -0.3992139E-04  0.8346676E-04
Ar  2631  0.3352043E+02  0.2578495E+02  0.3867742E+02  0.1720351E-04  0.7413409E-04  0.1550266E-03
Ar  2632  0.3094194E+02  0.2836344E+02  0.3867742E+02 -0.4643700E-04  0.3640180E-05  0.2118833E-04
Ar  2633  0.3094194E+02  0.2578495E+02  0.4125592E+02  0.9690789E-04 -0.1030188E-04 -0.1245989E-03
Ar  2634  0.3352043E+02  0.2836344E+02  0.4125592E+02  0.1446230E-04 -0.5580500E-04  0.3702569E-04
Ar  2635  0.3352043E+02  0.2578495E+02  0.4383441E+02  0.7326000E-04  0.9656034E-04  0.3525934E-04
Ar  2636  0.3094194E+02  0.2836344E+02  0.4383441E+02 -0.2443738E-04  0.2195503E-04 -0.7943614E-05
Ar  2637  0.3094194E+02  0.2578495E+02  0.4641291E+02 -0.1015850E-03 -0.9039024E-04  0.3905478E-04
Ar  2638  0.3352043E+02  0.2836344E+02  0.4641291E+02  0.5877703E-04  0.5361927E-04  0.6403139E-04
Ar  2639  0.3352043E+02  0.2578495E+02  0.4899140E+02 -0.3705148E-06  0.1075024E-03  0.3343048E-04
Ar  2640  0.3094194E+02  0.2836344E+02  0.4899140E+02 -0.4401314E-04 -0.6248313E-04 -0.1584945E-04
Ar  2641  0.3094194E+02  0.3094194E+02  0.0000000E+00 -0.1589375E-04 -0.8293930E-04  0.1080769E-05
Ar  2642  0.3352043E+02  0.3352043E+02  0.0000000E+00 -0.2142882E-04  0.3607490E-04 -0.4369404E-04
Ar  2643  0.3352043E+02  0.3094194E+02  0.2578495E+01  0.9064503E-04  0.2538298E-04  0.1096789E-04
Ar  2644  0.3094194E+02  0.3352043E+02  0.2578495E+01  0.9703072E-04 -0.4626717E-04  0.7486359E-04
Ar  2645  0.3094194E+02  0.3094194E+02  0.5156990E+01  0.3549205E-04  0.2347687E-04  0.6216268E-05
Ar  2646  0.3352043E+02  0.3352043E+02  0.5156990E+01 -0.7665336E-04 -0.1706386E-04 -0.4874523E-04
Ar  2647  0.3352043E+02  0.3094194E+02  0.7735485E+01 -0.5965899E-04  0.6028954E-04 -0.1203407E-03
Ar  2648  0.3094194E+02  0.3352043E+02  0.7735485E+01  0.7863294E-04  0.4844210E-04  0.1174106E-05
Ar  2649  0.3094194E+02  0.3094194E+02  0.1031398E+02  0.3766605E-04  0.2373726E-04  0.1073645E-03
Ar  2650  0.3352043E+02  0.3352043E+02  0.1031398E+02 -0.3603236E-04 -0.5706811E-04 -0.4295409E-04
Ar  2651  0.3352043E+02  0.3094194E+02  0.1289247E+02  0.8196055E-04 -0.6173199E-04 -0.1538392E-03
Ar  2652  0.3094194E+02  0.3352043E+02  0.1289247E+02 -0.9765150E-04  0.6932756E-04 -0.1067230E-03
Ar  2653  0.3094194E+02  0.3094194E+02  0.1547097E+02  0.3393705E-05  0.8837123E-04 -0.2296011E-05
Ar  2654  0.3352043E+02  0.3352043E+02  0.1547097E+02 -0.5264232E-04  0.2274721E-04  0.5545524E-04
Ar  2655  0.3352043E+02  0.3094194E+02  0.1804946E+02 -0.6679073E-04  0.1188509E-03  0.1822238E-04
Ar  2656  0.3094194E+02  0.3352043E+02  0.1804946E+02  0.5275108E-04 -0.8651497E-05 -0.6867307E-04
Ar  2657  0.3094194E+02  0.3094194E+02  0.2062796E+02 -0.6298779E-04 -0.1885604E-04  0.3873617E-04
Ar  2658  0.3352043E+02  0.3352043E+02  0.2062796E+02 -0.6790637E-04 -0.2659388E-04 -0.1098562E-03
Ar  2659  0.3352043E+02  0.3094194E+02  0.2320645E+02 -0.3596614E-04  0.5274102E-04 -0.1426720E-04
Ar  2660  0.3094194E+02  0.3352043E+02  0.2320645E+02  0.2926220E-04 -0.9611711E-04 -0.4187111E-04
Ar  2661  0.3094194E+02  0.3094194E+02  0.2578495E+02 -0.6455261E-04 -0.7236108E-05 -0.9053073E-04
Ar  2662  0.3352043E+02  0.3352043E+02  0.2578495E+02 -0.3567643E-04 -0.5862735E-04  0.2883819E-04
Ar  2663  0.3352043E+02  0.3094194E+02  0.2836344E+02  0.1024207E-04 -0.4008354E-04  0.1414987E-03
Ar  2664  0.3094194E+02  0.3352043E+02  0.2836344E+02 -0.4296001E-05  0.8808131E-04 -0.9782561E-04
Ar  2665  0.3094194E+02  0.3094194E+02  0.3094194E+02  0.4274878E-04 -0.8994009E-04 -0.1204215E-03
Ar  2666  0.3352043E+02  0.3352043E+02  0.3094194E+02 -0.3264063E-04 -0.1002263E-03 -0.7451930E-04
Ar  2667  0.3352043E+02  0.3094194E+02  0.3352043E+02  0.2952651E-04  0.4250824E-04  0.2466108E-04
Ar  2668  0.3094194E+02  0.3352043E+02  0.3352043E+02  0.4271013E-05  0.2366605E-04  0.5934832E-04
Ar  2669  0.3094194E+02  0.3094194E+02  0.3609893E+02 -0.6203844E-04  0.4694000E-04 -0.7308108E-04
Ar  2670  0.3352043E+02  0.3352043E+02  0.3609893E+02  0.7134305E-04  0.1023512E-03 -0.3191646E-04
Ar  2671  0.3352043E+02  0.3094194E+02  0.3867742E+02 -0.1278211E-03 -0.4365398E-04 -0.6091428E-04
Ar  2672  0.3094194E+02  0.3352043E+02  0.3867742E+02  0.4898200E-04  0.8363032E-05  0.7744829E-04
Ar  2673  0.3094194E+02  0.3094194E+02  0.4125592E+02  0.5390216E-05 -0.5151750E-04 -0.4724138E-04
Ar  2674  0.3352043E+02  0.3352043E+02  0.4125592E+02  0.7467392E-05 -0.2208852E-04  0.2973563E-04
Ar  2675  0.3352043E+02  0.3094194E+02  0.4383441E+02  0.7388127E-04 -0.2746810E-04 -0.5271406E-04
Ar  2676  0.3094194E+02  0.3352043E+02  0.4383441E+02  0.5989812E-04  0.6795684E-04 -0.2380306E-04
Ar  2677  0.3094194E+02  0.3094194E+02  0.4641291E+02  0.9056646E-05 -0.4430199E-05  0.4467457E-04
Ar  2678  0.3352043E+02  0.3352043E+02  0.4641291E+02 -0.2434081E-04  0.2563551E-04 -0.1055157E-03
Ar  2679  0.3352043E+02  0.3094194E+02  0.4899140E+02 -0.1436530E-04  0.5873407E-04  0.2784791E-04
Ar  2680  0.3094194E+02  0.3352043E+02  0.4899140E+02  0.3558023E-04 -0.8361918E-05 -0.7941101E-05
Ar  2681  0.3094194E+02  0.3609893E+02  0.0000000E+00 -0.2117765E-05  0.3311560E-04  0.4088581E-05
Ar  2682  0.3352043E+02  0.3867742E+02  0.0000000E+00 -0.8998554E-04  0.4032424E-04  0.9598229E-04
Ar  2683  0.3352043E+02  0.3609893E+02  0.2578495E+01  0.1112663E-04 -0.5377690E-06 -0.2221993E-04
Ar  2684  0.3094194E+02  0.3867742E+02  0.2578495E+01 -0.4460027E-04 -0.4900835E-04  0.7211292E-04
Ar  2685  0.3094194E+02  0.3609893E+02  0.5156990E+01 -0.1183874E-04  0.3070250E-06  0.2221999E-04
Ar  2686  0.3352043E+02  0.3867742E+02  0.5156990E+01  0.3826595E-04 -0.3932263E-04  0.6172951E-04
Ar  2687  0.3352043E+02  0.3609893E+02  0.7735485E+01 -0.4225536E-04 -0.9991107E-04 -0.3628970E-04
Ar  2688  0.3094194E+02  0.3867742E+02  0.7735485E+01 -0.8864227E-04 -0.6603707E-05 -0.5084045E-04
Ar  2689  0.3094194E+02  0.3609893E+02  0.1031398E+02  0.1207318E-04 -0.3669906E-04 -0.7007111E-05
Ar  2690  0.3352043E+02  0.3867742E+02  0.1031398E+02  0.5890711E-04  0.7415579E-04  0.4462111E-04
Ar  2691  0.3352043E+02  0.3609893E+02  0.1289247E+02 -0.3574014E-05 -0.4967615E-05  0.3586077E-04
Ar  2692  0.3094194E+02  0.3867742E+02  0.1289247E+02  0.3070943E-04 -0.6012339E-04  0.7054768E-04
Ar  2693  0.3094194E+02  0.3609893E+02  0.1547097E+02  0.4725413E-04 -0.6448699E-04 -0.7597945E-04
Ar  2694  0.3352043E+02  0.3867742E+02  0.1547097E+02 -0.1001956E-03  0.7592203E-04  0.1149073E-05
Ar  2695  0.3352043E+02  0.3609893E+02  0.1804946E+02 -0.7185522E-05  0.5068993E-04  0.6004920E-04
Ar  2696  0.3094194E+02  0.3867742E+02  0.1804946E+02 -0.8185427E-05 -0.2950078E-04  0.1059547E-04
Ar  2697  0.3094194E+02  0.3609893E+02  0.2062796E+02 -0.2458117E-04  0.4308019E-05 -0.4203936E-04
Ar  2698  0.3352043E+02  0.3867742E+02  0.2062796E+02 -0.1040772E-03  0.9103589E-04  0.6718640E-04
Ar  2699  0.3352043E+02  0.3609893E+02  0.2320645E+02  0.3900164E-04  0.3884892E-04  0.1102880E-03
Ar  2700  0.3094194E+02  0.3867742E+02  0.2320645E+02  0.1093404E-03  0.6076187E-04 -0.6844048E-04
Ar  2701  0.3094194E+02  0.3609893E+02  0.2578495E+02 -0.1148480E-03 -0.1133016E-03 -0.1032269E-03
Ar  2702  0.3352043E+02  0.3867742E+02  0.2578495E+02  0.2470997E-04 -0.4154911E-04 -0.3358110E-04
Ar  2703  0.3352043E+02  0.3609893E+02  0.2836344E+02 -0.3121612E-04 -0.5345237E-04  0.1023180E-04
Ar  2704  0.3094194E+02  0.3867742E+02  0.2836344E+02  0.6157488E-04  0.1117642E-03  0.1595134E-03
Ar  2705  0.3094194E+02  0.3609893E+02  0.3094194E+02 -0.4160765E-04  0.4415336E-04  0.5839435E-04
Ar  2706  0.3352043E+02  0.3867742E+02  0.3094194E+02 -0.2216706E-04 -0.2660721E-06  0.8654533E-04
Ar  2707  0.3352043E+02  0.3609893E+02  0.3352043E+02  0.1142458E-04 -0.1124767E-04  0.2842455E-04
Ar  2708  0.3094194E+02  0.3867742E+02  0.3352043E+02  0.3620856E-04 -0.6523396E-04  0.4333420E-04
Ar  2709  0.3094194E+02  0.3609893E+02  0.3609893E+02 -0.1944900E-04 -0.1184899E-03  0.5555212E-04
Ar  2710  0.3352043E+02  0.3867742E+02  0.3609893E+02  0.1259723E-04 -0.1822563E-04 -0.7168055E-04
Ar  2711  0.3352043E+02  0.3609893E+02  0.3867742E+02 -0.3408302E-04  0.2121924E-05 -0.1721781E-04
Ar  2712  0.3094194E+02  0.3867742E+02  0.3867742E+02  0.8009496E-04 -0.1301194E-03 -0.7345203E-04
Ar  2713  0.3094194E+02  0.3609893E+02  0.4125592E+02 -0.8523585E-04 -0.8521516E-04 -0.2465250E-05
Ar  2714  0.3352043E+02  0.3867742E+02  0.4125592E+02 -0.8097700E-04  0.7817583E-04 -0.2095861E-04
Ar  2715  0.3352043E+02  0.3609893E+02  0.4383441E+02 -0.7775332E-05 -0.3522543E-04 -0.1197644E-04
Ar  2716  0.3094194E+02  0.3867742E+02  0.4383441E+02  0.3039457E-04 -0.6613658E-04 -0.1093955E-04
Ar  2717  0.3094194E+02  0.3609893E+02  0.4641291E+02 -0.1084245E-04  0.9380903E-04  0.5032044E-04
Ar  2718  0.3352043E+02  0.3867742E+02  0.4641291E+02  0.4129144E-04 -0.5945934E-04  0.1954449E-04
Ar  2719  0.3352043E+02  0.3609893E+02  0.4899140E+02 -0.2899853E-04 -0.7370499E-04  0.4260708E-04
Ar  2720  0.3094194E+02  0.3867742E+02  0.4899140E+02 -0.7253744E-04  0.9392767E-04 -0.1173144E-03
Ar  2721  0.3094194E+02  0.4125592E+02  0.0000000E+00  0.1364916E-03 -0.6383128E-04  0.7197548E-04
Ar  2722  0.3352043E+02  0.4383441E+02  0.0000000E+00  0.8127199E-04  0.5055475E-04  0.1166204E-04
Ar  2723  0.3352043E+02  0.4125592E+02  0.2578495E+01 -0.3473045E-04  0.1291107E-03 -0.4411555E-04
Ar  2724  0.3094194E+02  0.4383441E+02  0.2578495E+01  0.7398003E-04  0.2283889E-04  0.1341071E-04
Ar  2725  0.3094194E+02  0.4125592E+02  0.5156990E+01  0.1664899E-04 -0.9004862E-04  0.9892666E-04
Ar  2726  0.3352043E+02  0.4383441E+02  0.5156990E+01 -0.5803480E-05 -0.3577531E-04 -0.3654431E-04
Ar  2727  0.3352043E+02  0.4125592E+02  0.7735485E+01  0.1923442E-04  0.4116696E-05 -0.3206426E-04
Ar  2728  0.3094194E+02  0.4383441E+02  0.7735485E+01  0.2074059E-05  0.1200045E-03 -0.1504670E-04
Ar  2729  0.3094194E+02  0.4125592E+02  0.1031398E+02  0.4830040E-04  0.3150513E-04  0.2091759E-04
Ar  2730  0.3352043E+02  0.4383441E+02  0.1031398E+02  0.9757825E-05  0.1202745E-04  0.5447396E-04
Ar  2731  0.3352043E+02  0.4125592E+02  0.1289247E+02  0.1389529E-03  0.6895469E-05 -0.1654747E-04
Ar  2732  0.3094194E+02  0.4383441E+02  0.1289247E+02 -0.5492449E-04  0.2702839E-04  0.2525945E-04
Ar  2733  0.3094194E+02  0.4125592E+02  0.1547097E+02  0.6270553E-04  0.1132725E-03 -0.1555841E-04
Ar  2734  0.3352043E+02  0.4383441E+02  0.1547097E+02 -0.8227675E-04  0.6744047E-04 -0.3290071E-04
Ar  2735  0.3352043E+02  0.4125592E+02  0.1804946E+02  0.7992263E-04  0.4260701E-04 -0.7740549E-04
Ar  2736  0.3094194E+02  0.4383441E+02  0.1804946E+02  0.1041694E-04 -0.1003064E-03  0.7138476E-04
Ar  2737  0.3094194E+02  0.4125592E+02  0.2062796E+02 -0.2484886E-04 -0.3061409E-04 -0.5365407E-04
Ar  2738  0.3352043E+02  0.4383441E+02  0.2062796E+02  0.6532404E-04  0.7766699E-04 -0.8232796E-05
Ar  2739  0.3352043E+02  0.4125592E+02  0.2320645E+02 -0.1035147E-03  0.1895839E-04 -0.9186017E-04
Ar  2740  0.3094194E+02  0.4383441E+02  0.2320645E+02 -0.4100470E-04  0.5634333E-04 -0.2219408E-05
Ar  2741  0.3094194E+02  0.4125592E+02  0.2578495E+02  0.4064239E-04  0.8727223E-04 -0.2467173E-04
Ar  2742  0.3352043E+02  0.4383441E+02  0.2578495E+02  0.1435653E-04 -0.4282665E-04 -0.2966463E-05
Ar  2743  0.3352043E+02  0.4125592E+02  0.2836344E+02 -0.6120293E-06 -0.4066631E-04  0.6709010E-04
Ar  2744  0.3094194E+02  0.4383441E+02  0.2836344E+02  0.8088597E-04  0.6209218E-05 -0.1702862E-04
Ar  2745  0.3094194E+02  0.4125592E+02  0.3094194E+02  0.2380425E-04 -0.6292851E-04  0.1397056E-04
Ar  2746  0.3352043E+02  0.4383441E+02  0.3094194E+02 -0.4322946E-04 -0.1837246E-04  0.2334215E-04
Ar  2747  0.3352043E+02  0.4125592E+02  0.3352043E+02 -0.5554155E-04 -0.4536401E-04 -0.4932802E-04
Ar  2748  0.3094194E+02  0.4383441E+02  0.3352043E+02  0.2185636E-04 -0.8611573E-04  0.6305912E-04
Ar  2749  0.3094194E+02  0.4125592E+02  0.3609893E+02 -0.2353100E-07  0.2995364E-04  0.1965117E-04
Ar  2750  0.3352043E+02  0.4383441E+02  0.3609893E+02  0.1206478E-04  0.2954854E-04 -0.7873027E-04
Ar  2751  0.3352043E+02  0.4125592E+02  0.3867742E+02  0.5344543E-04  0.6347103E-04  0.1010380E-04
Ar  2752  0.3094194E+02  0.4383441E+02  0.3867742E+02 -0.6060774E-04  0.2084712E-06 -0.1516398E-03
Ar  2753  0.3094194E+02  0.4125592E+02  0.4125592E+02  0.3474349E-05 -0.8809390E-04 -0.2955569E-04
Ar  2754  0.3352043E+02  0.4383441E+02  0.4125592E+02 -0.1720612E-04 -0.3247346E-04  0.1447450E-04
Ar  2755  0.3352043E+02  0.4125592E+02  0.4383441E+02  0.1012054E-03  0.1276545E-04  0.6653895E-04
Ar  2756  0.3094194E+02  0.4383441E+02  0.4383441E+02 -0.8872896E-04 -0.2692772E-04 -0.7909581E-05
Ar  2757  0.3094194E+02  0.4125592E+02  0.4641291E+02 -0.8733211E-04 -0.8492745E-04 -0.7631002E-04
Ar  2758  0.3352043E+02  0.4383441E+02  0.4641291E+02  0.7753070E-05 -0.2590873E-04  0.8329144E-04
Ar  2759  0.3352043E+02  0.4125592E+02  0.4899140E+02  0.1142720E-05  0.4877659E-06  0.6183703E-04
Ar  2760  0.3094194E+02  0.4383441E+02  0.4899140E+02  0.1307499E-06 -0.8267927E-04  0.3060130E-04
Ar  2761  0.3094194E+02  0.4641291E+02  0.0000000E+00  0.6847829E-04  0.5891620E-04  0.3190949E-04
Ar  2762  0.3352043E+02  0.4899140E+02  0.0000000E+00  0.4463786E-04  0.2529103E-05  0.2394905E-04
Ar  2763  0.3352043E+02  0.4641291E+02  0.2578495E+01  0.1060558E-03  0.4286121E-04  0.2461293E-04
Ar  2764  0.3094194E+02  0.4899140E+02  0.2578495E+01  0.6338002E-04  0.1586555E-04 -0.1075849E-04
Ar  2765  0.3094194E+02  0.4641291E+02  0.5156990E+01 -0.6484070E-04  0.2043472E-04 -0.2753912E-04
Ar  2766  0.3352043E+02  0.4899140E+02  0.5156990E+01  0.7346774E-04 -0.7931095E-04  0.1244452E-05
Ar  2767  0.3352043E+02  0.4641291E+02  0.7735485E+01 -0.2290049E-04 -0.2865414E-04  0.7024198E-05
Ar  2768  0.3094194E+02  0.4899140E+02  0.7735485E+01 -0.2812627E-04  0.2031287E-04  0.2469284E-04
Ar  2769  0.3094194E+02  0.4641291E+02  0.1031398E+02  0.1020728E-03 -0.6592274E-04 -0.8615891E-04
Ar  2770  0.3352043E+02  0.4899140E+02  0.1031398E+02 -0.9633783E-04  0.2017873E-04  0.3381685E-04
Ar  2771  0.3352043E+02  0.4641291E+02  0.1289247E+02 -0.2986239E-04  0.8463375E-04 -0.1749852E-04
Ar  2772  0.3094194E+02  0.4899140E+02  0.1289247E+02 -0.7958804E-04  0.2689166E-04  0.2875170E-04
Ar  2773  0.3094194E+02  0.4641291E+02  0.1547097E+02 -0.2203051E-04  0.5175458E-04 -0.9613858E-04
Ar  2774  0.3352043E+02  0.4899140E+02  0.1547097E+02 -0.6621082E-04 -0.4200131E-04 -0.2721454E-05
Ar  2775  0.3352043E+02  0.4641291E+02  0.1804946E+02 -0.6956487E-05 -0.1577863E-04 -0.1412702E-04
Ar  2776  0.3094194E+02  0.4899140E+02  0.1804946E+02  0.2534939E-04  0.2124182E-04 -0.1284567E-04
Ar  2777  0.3094194E+02  0.4641291E+02  0.2062796E+02 -0.8093395E-04 -0.3999173E-04 -0.3330372E-04
Ar  2778  0.3352043E+02  0.4899140E+02  0.2062796E+02  0.5662196E-04 -0.1077549E-05 -0.9503956E-04
Ar  2779  0.3352043E+02  0.4641291E+02  0.2320645E+02  0.5044455E-04 -0.1041077E-03  0.4292738E-04
Ar  2780  0.3094194E+02  0.4899140E+02  0.2320645E+02 -0.9319688E-04 -0.1533816E-04 -0.1037172E-04
Ar  2781  0.3094194E+02  0.4641291E+02  0.2578495E+02  0.3273723E-04  0.8999445E-04  0.7188011E-06
Ar  2782  0.3352043E+02  0.4899140E+02  0.2578495E+02  0.6470476E-04 -0.4838091E-04  0.5418158E-04
Ar  2783  0.3352043E+02  0.4641291E+02  0.2836344E+02  0.1473225E-04  0.7807161E-04  0.2797039E-04
Ar  2784  0.3094194E+02  0.4899140E+02  0.2836344E+02 -0.5020885E-04 -0.1319910E-03  0.7448758E-04
Ar  2785  0.3094194E+02  0.4641291E+02  0.3094194E+02 -0.5983032E-05  0.1193644E-03  0.5316317E-04
Ar  2786  0.3352043E+02  0.4899140E+02  0.3094194E+02  0.6038201E-05 -0.3251328E-04  0.4544948E-04
Ar  2787  0.3352043E+02  0.4641291E+02  0.3352043E+02 -0.8888312E-05  0.1158590E-04  0.6948325E-04
Ar  2788  0.3094194E+02  0.4899140E+02  0.3352043E+02  0.1026981E-03  0.6213464E-04  0.1357305E-03
Ar  2789  0.3094194E+02  0.4641291E+02  0.3609893E+02  0.2148942E-04 -0.4519347E-05 -0.3751171E-04
Ar  2790  0.3352043E+02  0.4899140E+02  0.3609893E+02 -0.3173524E-04  0.5621391E-04 -0.2288987E-04
Ar  2791  0.3352043E+02  0.4641291E+02  0.3867742E+02 -0.1296737E-04  0.5763986E-04  0.2400908E-04
Ar  2792  0.3094194E+02  0.4899140E+02  0.3867742E+02  0.2631822E-04  0.9107176E-04  0.4773870E-06
Ar  2793  0.3094194E+02  0.4641291E+02  0.4125592E+02 -0.7534430E-04  0.5084518E-04  0.7107243E-04
Ar  2794  0.3352043E+02  0.4899140E+02  0.4125592E+02  0.5459926E-04 -0.1939901E-05 -0.2191862E-04
Ar  2795  0.3352043E+02  0.4641291E+02  0.4383441E+02 -0.1752409E-04 -0.9366493E-04 -0.3663172E-04
Ar  2796  0.3094194E+02  0.4899140E+02  0.4383441E+02 -0.7807646E-04  0.3150395E-04  0.2764683E-05
Ar  2797  0.3094194E+02  0.4641291E+02  0.4641291E+02  0.4481746E-04 -0.1467621E-04 -0.9423253E-04
Ar  2798  0.3352043E+02  0.4899140E+02  0.4641291E+02  0.5057580E-04 -0.2976461E-04 -0.3404723E-04
Ar  2799  0.3352043E+02  0.4641291E+02  0.4899140E+02  0.3934262E-05 -0.3904145E-04  0.9805952E-04
Ar  2800  0.3094194E+02  0.4899140E+02  0.4899140E+02 -0.5873311E-04  0.7001470E-04  0.5071752E-04
Ar  2801  0.3609893E+02  0.0000000E+00  0.0000000E+00 -0.1196340E-04 -0.7692049E-04 -0.5971893E-04
Ar  2802  0.3867742E+02  0.2578495E+01  0.0000000E+00  0.1129991E-03  0.3399114E-04  0.1809357E-04
Ar  2803  0.3867742E+02  0.0000000E+00  0.2578495E+01 -0.5680340E-04 -0.8004750E-04  0.6496511E-04
Ar  2804  0.3609893E+02  0.2578495E+01  0.2578495E+01 -0.1577499E-03 -0.1233732E-03 -0.1222937E-03
Ar  2805  0.3609893E+02  0.0000000E+00  0.5156990E+01  0.9859232E-04  0.3301226E-04  0.3297654E-04
Ar  2806  0.3867742E+02  0.2578495E+01  0.5156990E+01 -0.9538021E-05  0.1476850E-04 -0.1388573E-04
Ar  2807  0.3867742E+02  0.0000000E+00  0.7735485E+01 -0.1249799E-03 -0.1124130E-03  0.3515116E-04
Ar  2808  0.3609893E+02  0.2578495E+01  0.7735485E+01 -0.2711133E-04 -0.1619212E-04  0.5935017E-04
Ar  2809  0.3609893E+02  0.0000000E+00  0.1031398E+02  0.6919515E-05  0.5546553E-04 -0.3175383E-04
Ar  2810  0.3867742E+02  0.2578495E+01  0.1031398E+02 -0.2020721E-04 -0.1019528E-03  0.2046152E-04
Ar  2811  0.3867742E+02  0.0000000E+00  0.1289247E+02  0.5522278E-04 -0.8150368E-04  0.1466713E-03
Ar  2812  0.3609893E+02  0.2578495E+01  0.1289247E+02  0.2095012E-04  0.4023526E-04  0.9895500E-04
Ar  2813  0.3609893E+02  0.0000000E+00  0.1547097E+02  0.1037572E-03  0.2540600E-04  0.1143540E-03
Ar  2814  0.3867742E+02  0.2578495E+01  0.1547097E+02 -0.8401365E-04  0.8913007E-04 -0.7188712E-04
Ar  2815  0.3867742E+02  0.0000000E+00  0.1804946E+02  0.5372077E-04  0.5308456E-04  0.8613668E-04
Ar  2816  0.3609893E+02  0.2578495E+01  0.1804946E+02 -0.1208064E-03  0.1729697E-04  0.3835637E-04
Ar  2817  0.3609893E+02  0.0000000E+00  0.2062796E+02 -0.2656329E-04 -0.2069286E-06 -0.9358772E-04
Ar  2818  0.3867742E+02  0.2578495E+01  0.2062796E+02  0.2980373E-04  0.5116133E-04  0.6620677E-04
Ar  2819  0.3867742E+02  0.0000000E+00  0.2320645E+02 -0.6163024E-04 -0.3949457E-04 -0.5371088E-04
Ar  2820  0.3609893E+02  0.2578495E+01  0.2320645E+02 -0.6262984E-04  0.3054429E-04 -0.8249243E-04
Ar  2821  0.3609893E+02  0.0000000E+00  0.2578495E+02  0.3652401E-04 -0.3577071E-04 -0.3587920E-05
Ar  2822  0.3867742E+02  0.2578495E+01  0.2578495E+02  0.9076893E-04  0.9859298E-04  0.6398571E-04
Ar  2823  0.3867742E+02  0.0000000E+00  0.2836344E+02 -0.1014725E-03  0.3919096E-04  0.7694492E-04
Ar  2824  0.3609893E+02  0.2578495E+01  0.2836344E+02  0.4947696E-04 -0.9920686E-04  0.6891943E-04
Ar  2825  0.3609893E+02  0.0000000E+00  0.3094194E+02  0.2027309E-05  0.1809606E-03  0.1023634E-03
Ar  2826  0.3867742E+02  0.2578495E+01  0.3094194E+02 -0.4918523E-04  0.1795765E-04 -0.5715580E-04
Ar  2827  0.3867742E+02  0.0000000E+00  0.3352043E+02  0.7199363E-04 -0.7727273E-04 -0.4640162E-04
Ar  2828  0.3609893E+02  0.2578495E+01  0.3352043E+02  0.1102808E-03 -0.7997678E-04 -0.8444911E-04
Ar  2829  0.3609893E+02  0.0000000E+00  0.3609893E+02  0.3846572E-05  0.6099516E-04 -0.2272104E-04
Ar  2830  0.3867742E+02  0.2578495E+01  0.3609893E+02 -0.1480057E-04  0.9421568E-04 -0.2940058E-04
Ar  2831  0.3867742E+02  0.0000000E+00  0.3867742E+02  0.8306639E-04 -0.1434793E-03 -0.1158484E-03
Ar  2832  0.3609893E+02  0.2578495E+01  0.3867742E+02 -0.8871476E-04 -0.2092330E-04  0.2854975E-04
Ar  2833  0.3609893E+02  0.0000000E+00  0.4125592E+02  0.7680820E-04 -0.3963733E-04  0.6203931E-04
Ar  2834  0.3867742E+02  0.2578495E+01  0.4125592E+02 -0.8499126E-04 -0.1635627E-04  0.2692312E-04
Ar  2835  0.3867742E+02  0.0000000E+00  0.4383441E+02 -0.3070124E-05  0.3536535E-05  0.3106336E-04
Ar  2836  0.3609893E+02  0.2578495E+01  0.4383441E+02 -0.9214176E-05 -0.4917684E-04 -0.1491714E-04
Ar  2837  0.3609893E+02  0.0000000E+00  0.4641291E+02 -0.1227358E-03  0.2221399E-04  0.1077974E-03
Ar  2838  0.3867742E+02  0.2578495E+01  0.4641291E+02  0.4879222E-04  0.9869706E-04  0.6476508E-04
Ar  2839  0.3867742E+02  0.0000000E+00  0.4899140E+02  0.3725945E-05 -0.4789387E-04  0.1399196E-03
Ar  2840  0.3609893E+02  0.2578495E+01  0.4899140E+02 -0.1229926E-03 -0.7118713E-04  0.2696243E-04
Ar  2841  0.3609893E+02  0.5156990E+01  0.0000000E+00 -0.4263318E-04  0.1964154E-04  0.1528207E-05
Ar  2842  0.3867742E+02  0.7735485E+01  0.0000000E+00 -0.2821225E-04 -0.2247842E-04  0.1099451E-03
Ar  2843  0.3867742E+02  0.5156990E+01  0.2578495E+01  0.6434176E-04 -0.1347578E-04  0.3224101E-04
Ar  2844  0.3609893E+02  0.7735485E+01  0.2578495E+01  0.4202529E-04 -0.7111757E-04 -0.6760672E-04
Ar  2845  0.3609893E+02  0.5156990E+01  0.5156990E+01 -0.1136526E-03 -0.8841746E-04 -0.8668506E-04
Ar  2846  0.3867742E+02  0.7735485E+01  0.5156990E+01 -0.6418966E-04  0.3113708E-04  0.1597137E-04
Ar  2847  0.3867742E+02  0.5156990E+01  0.7735485E+01  0.8246493E-04  0.6988499E-04 -0.8725316E-04
Ar  2848  0.3609893E+02  0.7735485E+01  0.7735485E+01 -0.5684601E-04 -0.1176278E-03 -0.2503852E-04
Ar  2849  0.3609893E+02  0.5156990E+01  0.1031398E+02  0.6388233E-04 -0.9416110E-04 -0.2484267E-04
Ar  2850  0.3867742E+02  0.7735485E+01  0.1031398E+02  0.3363243E-04 -0.3832341E-04 -0.5164970E-04
Ar  2851  0.3867742E+02  0.5156990E+01  0.1289247E+02  0.4022151E-05 -0.7729054E-04 -0.6577678E-06
Ar  2852  0.3609893E+02  0.7735485E+01  0.1289247E+02  0.7896918E-04 -0.7843638E-04 -0.4695247E-04
Ar  2853  0.3609893E+02  0.5156990E+01  0.1547097E+02  0.4039195E-04  0.1768058E-04  0.3649056E-04
Ar  2854  0.3867742E+02  0.7735485E+01  0.1547097E+02 -0.1011220E-03  0.4158901E-04 -0.5027096E-04
Ar  2855  0.3867742E+02  0.5156990E+01  0.1804946E+02 -0.6114817E-04  0.6774834E-04  0.6803693E-04
Ar  2856  0.3609893E+02  0.7735485E+01  0.1804946E+02 -0.3186083E-04  0.1103994E-03  0.2059562E-04
Ar  2857  0.3609893E+02  0.5156990E+01  0.2062796E+02  0.5440625E-04 -0.6510357E-04 -0.3240320E-04
Ar  2858  0.3867742E+02  0.7735485E+01  0.2062796E+02  0.3421316E-04 -0.1998810E-04 -0.8156866E-04
Ar  2859  0.3867742E+02  0.5156990E+01  0.2320645E+02 -0.1117392E-03  0.7738042E-04 -0.5920619E-04
Ar  2860  0.3609893E+02  0.7735485E+01  0.2320645E+02 -0.3392690E-04 -0.1927805E-03  0.6847064E-05
Ar  2861  0.3609893E+02  0.5156990E+01  0.2578495E+02  0.5055699E-04 -0.3588326E-04  0.3966211E-04
Ar  2862  0.3867742E+02  0.7735485E+01  0.2578495E+02  0.4106591E-04 -0.1061488E-03  0.5525011E-04
Ar  2863  0.3867742E+02  0.5156990E+01  0.2836344E+02 -0.3419888E-05  0.3371970E-04  0.2724591E-04
Ar  2864  0.3609893E+02  0.7735485E+01  0.2836344E+02 -0.1036867E-04 -0.1252506E-03  0.1521437E-03
Ar  2865  0.3609893E+02  0.5156990E+01  0.3094194E+02  0.4832278E-04 -0.6145993E-04  0.1410624E-03
Ar  2866  0.3867742E+02  0.7735485E+01  0.3094194E+02  0.7207967E-04  0.5567281E-04  0.3324843E-04
Ar  2867  0.3867742E+02  0.5156990E+01  0.3352043E+02 -0.7683980E-04 -0.3414493E-04  0.1039807E-04
Ar  2868  0.3609893E+02  0.7735485E+01  0.3352043E+02  0.5385560E-04 -0.2983617E-04  0.1295822E-04
Ar  2869  0.3609893E+02  0.5156990E+01  0.3609893E+02 -0.2469884E-04 -0.4803898E-05 -0.9463750E-04
Ar  2870  0.3867742E+02  0.7735485E+01  0.3609893E+02 -0.7851706E-04  0.7538133E-04 -0.3640943E-04
Ar  2871  0.3867742E+02  0.5156990E+01  0.3867742E+02 -0.3969714E-04  0.9255839E-04  0.4186124E-04
Ar  2872  0.3609893E+02  0.7735485E+01  0.3867742E+02 -0.1130119E-03  0.4582749E-04 -0.2032737E-04
Ar  2873  0.3609893E+02  0.5156990E+01  0.4125592E+02 -0.3073810E-04  0.2292383E-04  0.1153754E-04
Ar  2874  0.3867742E+02  0.7735485E+01  0.4125592E+02 -0.1072998E-03 -0.4591445E-04  0.2220923E-05
Ar  2875  0.3867742E+02  0.5156990E+01  0.4383441E+02  0.7817868E-04  0.4320863E-04  0.8360221E-04
Ar  2876  0.3609893E+02  0.7735485E+01  0.4383441E+02  0.1083356E-03 -0.5740645E-04 -0.4222986E-04
Ar  2877  0.3609893E+02  0.5156990E+01  0.4641291E+02  0.7944310E-05  0.1924398E-03 -0.9499771E-04
Ar  2878  0.3867742E+02  0.7735485E+01  0.4641291E+02  0.1248790E-03  0.1187369E-03  0.1053967E-03
Ar  2879  0.3867742E+02  0.5156990E+01  0.4899140E+02  0.2018500E-04  0.8477313E-05 -0.2669739E-04
Ar  2880  0.3609893E+02  0.7735485E+01  0.4899140E+02  0.7432446E-04 -0.1196720E-03  0.4815555E-04
Ar  2881  0.3609893E+02  0.1031398E+02  0.0000000E+00 -0.2175843E-03 -0.8150279E-04  0.1283050E-03
Ar  2882  0.3867742E+02  0.1289247E+02  0.0000000E+00  0.5659257E-04  0.6711861E-04  0.1250774E-03
Ar  2883  0.3867742E+02  0.1031398E+02  0.2578495E+01 -0.4407562E-04 -0.1306809E-04  0.6830672E-04
Ar  2884  0.3609893E+02  0.1289247E+02  0.2578495E+01 -0.8054804E-04 -0.1451719E-03  0.1201470E-05
Ar  2885  0.3609893E+02  0.1031398E+02  0.5156990E+01 -0.1810397E-04  0.1476273E-04 -0.4146827E-04
Ar  2886  0.3867742E+02  0.1289247E+02  0.5156990E+01  0.1047644E-03  0.5085688E-04 -0.3330737E-04
Ar  2887  0.3867742E+02  0.1031398E+02  0.7735485E+01 -0.3158906E-04 -0.1845462E-03 -0.1482295E-04
Ar  2888  0.3609893E+02  0.1289247E+02  0.7735485E+01  0.7942853E-04 -0.1190015E-03 -0.7159163E-04
Ar  2889  0.3609893E+02  0.1031398E+02  0.1031398E+02  0.3129688E-04  0.4066580E-04  0.1968858E-04
Ar  2890  0.3867742E+02  0.1289247E+02  0.1031398E+02 -0.9973697E-04 -0.5442124E-04 -0.1803769E-04
Ar  2891  0.3867742E+02  0.1031398E+02  0.1289247E+02 -0.1351187E-03 -0.2226740E-04 -0.1990033E-04
Ar  2892  0.3609893E+02  0.1289247E+02  0.1289247E+02 -0.5588295E-04 -0.2601495E-04  0.5922263E-04
Ar  2893  0.3609893E+02  0.1031398E+02  0.1547097E+02 -0.4938324E-04 -0.1142265E-04  0.4814724E-04
Ar  2894  0.3867742E+02  0.1289247E+02  0.1547097E+02 -0.8099324E-04 -0.7068037E-04  0.4310413E-05
Ar  2895  0.3867742E+02  0.1031398E+02  0.1804946E+02  0.2761159E-04 -0.2771227E-04 -0.5053749E-04
Ar  2896  0.3609893E+02  0.1289247E+02  0.1804946E+02 -0.1098325E-03  0.9111648E-04  0.2979163E-04
Ar  2897  0.3609893E+02  0.1031398E+02  0.2062796E+02 -0.3520386E-04  0.9598442E-05  0.1502348E-04
Ar  2898  0.3867742E+02  0.1289247E+02  0.2062796E+02 -0.2551282E-04 -0.6779983E-05 -0.1772218E-04
Ar  2899  0.3867742E+02  0.1031398E+02  0.2320645E+02  0.1172843E-04 -0.3379847E-04 -0.5594675E-04
Ar  2900  0.3609893E+02  0.1289247E+02  0.2320645E+02 -0.1020056E-03  0.1117647E-03  0.3950155E-04
Ar  2901  0.3609893E+02  0.1031398E+02  0.2578495E+02  0.1561182E-04 -0.5969019E-04 -0.1992022E-04
Ar  2902  0.3867742E+02  0.1289247E+02  0.2578495E+02  0.7915769E-04 -0.2696873E-04 -0.9929228E-04
Ar  2903  0.3867742E+02  0.1031398E+02  0.2836344E+02  0.1236474E-03 -0.7997095E-04  0.1787255E-04
Ar  2904  0.3609893E+02  0.1289247E+02  0.2836344E+02 -0.6964162E-04 -0.1676841E-05  0.3071815E-04
Ar  2905  0.3609893E+02  0.1031398E+02  0.3094194E+02  0.1167788E-03  0.1045592E-04 -0.7904033E-04
Ar  2906  0.3867742E+02  0.1289247E+02  0.3094194E+02  0.5652153E-04 -0.5991034E-04  0.5202856E-04
Ar  2907  0.3867742E+02  0.1031398E+02  0.3352043E+02  0.1572915E-04 -0.3713569E-04  0.5327668E-04
Ar  2908  0.3609893E+02  0.1289247E+02  0.3352043E+02 -0.3407363E-04  0.4011793E-04  0.2190709E-04
Ar  2909  0.3609893E+02  0.1031398E+02  0.3609893E+02 -0.4142086E-04 -0.2818809E-04  0.1812154E-04
Ar  2910  0.3867742E+02  0.1289247E+02  0.3609893E+02 -0.1556145E-04 -0.1293277E-04 -0.5873909E-04
Ar  2911  0.3867742E+02  0.1031398E+02  0.3867742E+02  0.1249782E-04  0.4541463E-04 -0.1314615E-04
Ar  2912  0.3609893E+02  0.1289247E+02  0.3867742E+02 -0.4826753E-04  0.5207481E-05 -0.7116706E-04
Ar  2913  0.3609893E+02  0.1031398E+02  0.4125592E+02  0.1435962E-03  0.2272547E-04 -0.2309900E-04
Ar  2914  0.3867742E+02  0.1289247E+02  0.4125592E+02  0.7508844E-04 -0.5592542E-04 -0.1591804E-04
Ar  2915  0.3867742E+02  0.1031398E+02  0.4383441E+02 -0.1426384E-03 -0.8445630E-05  0.1291255E-04
Ar  2916  0.3609893E+02  0.1289247E+02  0.4383441E+02 -0.4742269E-06  0.4743167E-04 -0.8028077E-06
Ar  2917  0.3609893E+02  0.1031398E+02  0.4641291E+02  0.1075900E-03 -0.8633196E-04 -0.2201180E-04
Ar  2918  0.3867742E+02  0.1289247E+02  0.4641291E+02  0.9720900E-04 -0.1287801E-04  0.2702775E-04
Ar  2919  0.3867742E+02  0.1031398E+02  0.4899140E+02 -0.9263574E-04 -0.7671064E-05 -0.5516006E-04
Ar  2920  0.3609893E+02  0.1289247E+02  0.4899140E+02 -0.1385282E-03 -0.4959769E-04 -0.3095087E-05
Ar  2921  0.3609893E+02  0.1547097E+02  0.0000000E+00 -0.5896055E-04  0.1205703E-03  0.7288643E-05
Ar  2922  0.3867742E+02  0.1804946E+02  0.0000000E+00  0.1206372E-04  0.7091068E-04 -0.5711844E-04
Ar  2923  0.3867742E+02  0.1547097E+02  0.2578495E+01 -0.7153888E-04  0.2346062E-04 -0.7693331E-04
Ar  2924  0.3609893E+02  0.1804946E+02  0.2578495E+01  0.8016300E-04  0.9874379E-04  0.2073182E-04
Ar  2925  0.3609893E+02  0.1547097E+02  0.5156990E+01  0.8190035E-04 -0.2649268E-04 -0.5039327E-04
Ar  2926  0.3867742E+02  0.1804946E+02  0.5156990E+01  0.2078432E-05 -0.8809110E-05  0.2886614E-05
Ar  2927  0.3867742E+02  0.1547097E+02  0.7735485E+01  0.8101809E-04 -0.1768008E-04  0.9239524E-05
Ar  2928  0.3609893E+02  0.1804946E+02  0.7735485E+01  0.6826199E-04  0.4271040E-04  0.2558244E-04
Ar  2929  0.3609893E+02  0.1547097E+02  0.1031398E+02 -0.3460994E-04 -0.1111027E-03  0.6631819E-04
Ar  2930  0.3867742E+02  0.1804946E+02  0.1031398E+02 -0.4084765E-04 -0.1848357E-03  0.2590695E-04
Ar  2931  0.3867742E+02  0.1547097E+02  0.1289247E+02  0.1176139E-04 -0.8363783E-04 -0.3069862E-04
Ar  2932  0.3609893E+02  0.1804946E+02  0.1289247E+02  0.1259448E-05 -0.9577082E-04  0.4804510E-04
Ar  2933  0.3609893E+02  0.1547097E+02  0.1547097E+02 -0.5918560E-04 -0.1105056E-03  0.3781993E-04
Ar  2934  0.3867742E+02  0.1804946E+02  0.1547097E+02 -0.2532932E-04 -0.6152336E-04 -0.1545884E-03
Ar  2935  0.3867742E+02  0.1547097E+02  0.1804946E+02  0.3473592E-04 -0.2737670E-04 -0.2875500E-04
Ar  2936  0.3609893E+02  0.1804946E+02  0.1804946E+02 -0.1940201E-04  0.4555761E-04  0.1979301E-04
Ar  2937  0.3609893E+02  0.1547097E+02  0.2062796E+02 -0.8906124E-04  0.1074741E-03  0.4468541E-04
Ar  2938  0.3867742E+02  0.1804946E+02  0.2062796E+02  0.2928495E-04  0.6164054E-04  0.1488422E-05
Ar  2939  0.3867742E+02  0.1547097E+02  0.2320645E+02  0.5243613E-05 -0.1335931E-04  0.1701510E-04
Ar  2940  0.3609893E+02  0.1804946E+02  0.2320645E+02  0.3029715E-04  0.3288119E-04 -0.1223786E-06
Ar  2941  0.3609893E+02  0.1547097E+02  0.2578495E+02  0.5442251E-04  0.7036655E-05 -0.4717007E-04
Ar  2942  0.3867742E+02  0.1804946E+02  0.2578495E+02 -0.4216626E-04  0.4461562E-04 -0.9821480E-05
Ar  2943  0.3867742E+02  0.1547097E+02  0.2836344E+02  0.1049937E-03 -0.1080640E-04  0.1326178E-03
Ar  2944  0.3609893E+02  0.1804946E+02  0.2836344E+02  0.7635275E-04  0.3671731E-04  0.1566361E-03
Ar  2945  0.3609893E+02  0.1547097E+02  0.3094194E+02 -0.2189591E-04 -0.1399380E-04 -0.2859583E-04
Ar  2946  0.3867742E+02  0.1804946E+02  0.3094194E+02  0.1669091E-03 -0.7606452E-04  0.6500973E-04
Ar  2947  0.3867742E+02  0.1547097E+02  0.3352043E+02 -0.1091316E-04  0.2987427E-04  0.4399103E-04
Ar  2948  0.3609893E+02  0.1804946E+02  0.3352043E+02  0.3010177E-04 -0.3599843E-04 -0.1563351E-03
Ar  2949  0.3609893E+02  0.1547097E+02  0.3609893E+02 -0.9569346E-04  0.7251706E-04  0.1171713E-03
Ar  2950  0.3867742E+02  0.1804946E+02  0.3609893E+02  0.3074699E-04 -0.5301055E-04 -0.1448351E-03
Ar  2951  0.3867742E+02  0.1547097E+02  0.3867742E+02 -0.8530605E-04 -0.8675643E-04  0.3520987E-04
Ar  2952  0.3609893E+02  0.1804946E+02  0.3867742E+02  0.7468676E-05 -0.2452596E-04  0.6815588E-04
Ar  2953  0.3609893E+02  0.1547097E+02  0.4125592E+02  0.5302346E-04 -0.1034395E-03 -0.1898600E-04
Ar  2954  0.3867742E+02  0.1804946E+02  0.4125592E+02 -0.2443037E-04  0.5338264E-04 -0.6424232E-05
Ar  2955  0.3867742E+02  0.1547097E+02  0.4383441E+02  0.5976377E-04  0.9673318E-04 -0.5998585E-04
Ar  2956  0.3609893E+02  0.1804946E+02  0.4383441E+02 -0.8707465E-04  0.1236585E-04 -0.7634312E-04
Ar  2957  0.3609893E+02  0.1547097E+02  0.4641291E+02  0.5441913E-04 -0.1841488E-04 -0.1838797E-04
Ar  2958  0.3867742E+02  0.1804946E+02  0.4641291E+02 -0.8595140E-04 -0.3410249E-04 -0.3014069E-04
Ar  2959  0.3867742E+02  0.1547097E+02  0.4899140E+02 -0.3119163E-04 -0.1896685E-04  0.5594339E-04
Ar  2960  0.3609893E+02  0.1804946E+02  0.4899140E+02 -0.1292716E-04 -0.7235786E-04 -0.1461836E-04
Ar  2961  0.3609893E+02  0.2062796E+02  0.0000000E+00  0.6502619E-04 -0.1679927E-04 -0.4564235E-04
Ar  2962  0.3867742E+02  0.2320645E+02  0.0000000E+00 -0.6464340E-04  0.2874779E-04 -0.7908876E-04
Ar  2963  0.3867742E+02  0.2062796E+02  0.2578495E+01 -0.7967194E-04 -0.1344628E-03  0.7381154E-04
Ar  2964  0.3609893E+02  0.2320645E+02  0.2578495E+01 -0.2276983E-04  0.1272061E-04  0.5021788E-04
Ar  2965  0.3609893E+02  0.2062796E+02  0.5156990E+01 -0.5236148E-04  0.5177619E-04  0.1885982E-04
Ar  2966  0.3867742E+02  0.2320645E+02  0.5156990E+01 -0.1765196E-04 -0.1695049E-04 -0.1841365E-04
Ar  2967  0.3867742E+02  0.2062796E+02  0.7735485E+01  0.1452375E-04 -0.6095971E-05 -0.2289014E-04
Ar  2968  0.3609893E+02  0.2320645E+02  0.7735485E+01 -0.5344098E-04  0.1976882E-04 -0.4646351E-04
Ar  2969  0.3609893E+02  0.2062796E+02  0.1031398E+02 -0.3410246E-04  0.3279887E-04 -0.6214549E-04
Ar  2970  0.3867742E+02  0.2320645E+02  0.1031398E+02  0.2383733E-04  0.4923919E-04 -0.4649865E-04
Ar  2971  0.3867742E+02  0.2062796E+02  0.1289247E+02  0.1613792E-04  0.8089377E-04 -0.6443941E-06
Ar  2972  0.3609893E+02  0.2320645E+02  0.1289247E+02  0.1354580E-03 -0.5797270E-05  0.3955292E-04
Ar  2973  0.3609893E+02  0.2062796E+02  0.1547097E+02  0.2203168E-04  0.2939400E-04  0.6422701E-04
Ar  2974  0.3867742E+02  0.2320645E+02  0.1547097E+02 -0.4945267E-04  0.4650373E-04 -0.1292578E-03
Ar  2975  0.3867742E+02  0.2062796E+02  0.1804946E+02  0.8290051E-04  0.2375810E-04  0.3819622E-05
Ar  2976  0.3609893E+02  0.2320645E+02  0.1804946E+02  0.8041589E-04  0.2361629E-04  0.4519986E-04
Ar  2977  0.3609893E+02  0.2062796E+02  0.2062796E+02  0.6683198E-04  0.4720916E-04 -0.3734283E-04
Ar  2978  0.3867742E+02  0.2320645E+02  0.2062796E+02  0.4682312E-04  0.7764520E-04 -0.1140152E-04
Ar  2979  0.3867742E+02  0.2062796E+02  0.2320645E+02  0.7814034E-05  0.5037733E-05  0.9439563E-04
Ar  2980  0.3609893E+02  0.2320645E+02  0.2320645E+02 -0.6358867E-04 -0.1818840E-04  0.3136876E-05
Ar  2981  0.3609893E+02  0.2062796E+02  0.2578495E+02  0.1266616E-03 -0.2169907E-04  0.5396536E-04
Ar  2982  0.3867742E+02  0.2320645E+02  0.2578495E+02 -0.4676996E-04  0.9514284E-04  0.1444823E-04
Ar  2983  0.3867742E+02  0.2062796E+02  0.2836344E+02  0.2216258E-04  0.1604554E-04 -0.1020595E-03
Ar  2984  0.3609893E+02  0.2320645E+02  0.2836344E+02  0.1084397E-03  0.7151067E-04  0.1785003E-04
Ar  2985  0.3609893E+02  0.2062796E+02  0.3094194E+02 -0.1472497E-06 -0.1425993E-03  0.4426848E-04
Ar  2986  0.3867742E+02  0.2320645E+02  0.3094194E+02  0.9516705E-05 -0.2074504E-04  0.8300272E-04
Ar  2987  0.3867742E+02  0.2062796E+02  0.3352043E+02  0.8774442E-04 -0.3523553E-04 -0.8500338E-05
Ar  2988  0.3609893E+02  0.2320645E+02  0.3352043E+02  0.4984861E-04 -0.5447142E-04  0.2216061E-04
Ar  2989  0.3609893E+02  0.2062796E+02  0.3609893E+02  0.2246339E-04  0.1873568E-04 -0.3959165E-04
Ar  2990  0.3867742E+02  0.2320645E+02  0.3609893E+02  0.1547283E-04  0.1633389E-04  0.2571273E-04
Ar  2991  0.3867742E+02  0.2062796E+02  0.3867742E+02 -0.1269624E-03  0.3886782E-04 -0.2483733E-04
Ar  2992  0.3609893E+02  0.2320645E+02  0.3867742E+02 -0.7893822E-05 -0.2475403E-04 -0.4816248E-04
Ar  2993  0.3609893E+02  0.2062796E+02  0.4125592E+02 -0.3424422E-04  0.1364164E-04  0.7957283E-04
Ar  2994  0.3867742E+02  0.2320645E+02  0.4125592E+02  0.1617902E-05  0.1380778E-04  0.4386660E-04
Ar  2995  0.3867742E+02  0.2062796E+02  0.4383441E+02  0.6047621E-05  0.4007929E-04  0.3355331E-04
Ar  2996  0.3609893E+02  0.2320645E+02  0.4383441E+02 -0.5728634E-07  0.1293184E-03 -0.3457990E-04
Ar  2997  0.3609893E+02  0.2062796E+02  0.4641291E+02 -0.6064929E-04 -0.6185747E-04  0.1449936E-03
Ar  2998  0.3867742E+02  0.2320645E+02  0.4641291E+02 -0.3206169E-04 -0.3617652E-04  0.7155828E-05
Ar  2999  0.3867742E+02  0.2062796E+02  0.4899140E+02  0.5902839E-04  0.1122933E-03 -0.8381810E-05
Ar  3000  0.3609893E+02  0.2320645E+02  0.4899140E+02 -0.9637783E-04 -0.3235276E-04 -0.4411799E-04
Ar  3001  0.3609893E+02  0.2578495E+02  0.0000000E+00 -0.1269776E-03 -0.9270788E-04 -0.1364665E-04
Ar  3002  0.3867742E+02  0.2836344E+02  0.0000000E+00  0.6289920E-04  0.1304559E-03 -0.6163446E-04
Ar  3003  0.3867742E+02  0.2578495E+02  0.2578495E+01 -0.9938186E-05  0.8434127E-05  0.7981285E-04
Ar  3004  0.3609893E+02  0.2836344E+02  0.2578495E+01  0.3150537E-05 -0.8268668E-05 -0.6291784E-04
Ar  3005  0.3609893E+02  0.2578495E+02  0.5156990E+01 -0.1116136E-05 -0.1397779E-03 -0.2812884E-04
Ar  3006  0.3867742E+02  0.2836344E+02  0.5156990E+01 -0.5905180E-04 -0.3052458E-04 -0.2719552E-04
Ar  3007  0.3867742E+02  0.2578495E+02  0.7735485E+01  0.1488253E-04  0.5266908E-04  0.2352260E-04
Ar  3008  0.3609893E+02  0.2836344E+02  0.7735485E+01 -0.8042621E-04  0.5859666E-04  0.6249235E-04
Ar  3009  0.3609893E+02  0.2578495E+02  0.1031398E+02  0.3905172E-04 -0.4753331E-04  0.4231969E-04
Ar  3010  0.3867742E+02  0.2836344E+02  0.1031398E+02  0.1033337E-04 -0.5540255E-06  0.4350413E-04
Ar  3011  0.3867742E+02  0.2578495E+02  0.1289247E+02  0.4071122E-04 -0.1776729E-04  0.1296324E-03
Ar  3012  0.3609893E+02  0.2836344E+02  0.1289247E+02  0.5932385E-04 -0.5671497E-04  0.7921574E-04
Ar  3013  0.3609893E+02  0.2578495E+02  0.1547097E+02  0.1169424E-04  0.1616462E-03  0.6696035E-04
Ar  3014  0.3867742E+02  0.2836344E+02  0.1547097E+02  0.1085134E-03  0.4491020E-04 -0.1815095E-04
Ar  3015  0.3867742E+02  0.2578495E+02  0.1804946E+02  0.1248065E-04 -0.5534725E-04  0.1736272E-04
Ar  3016  0.3609893E+02  0.2836344E+02  0.1804946E+02  0.4713441E-04 -0.8886908E-04  0.3470158E-04
Ar  3017  0.3609893E+02  0.2578495E+02  0.2062796E+02 -0.4609241E-04 -0.4320193E-05  0.7065682E-05
Ar  3018  0.3867742E+02  0.2836344E+02  0.2062796E+02  0.3074196E-04  0.2434529E-04  0.3149322E-04
Ar  3019  0.3867742E+02  0.2578495E+02  0.2320645E+02 -0.2225566E-04 -0.1232572E-03 -0.1259088E-03
Ar  3020  0.3609893E+02  0.2836344E+02  0.2320645E+02  0.6135267E-05  0.7587288E-04  0.3609990E-04
Ar  3021  0.3609893E+02  0.2578495E+02  0.2578495E+02  0.7332003E-05 -0.5064853E-04 -0.3489381E-04
Ar  3022  0.3867742E+02  0.2836344E+02  0.2578495E+02 -0.1254047E-03 -0.2132718E-04  0.5535344E-04
Ar  3023  0.3867742E+02  0.2578495E+02  0.2836344E+02  0.2161465E-04  0.5955385E-05  0.4593899E-04
Ar  3024  0.3609893E+02  0.2836344E+02  0.2836344E+02 -0.2056086E-04  0.3104154E-04 -0.3782402E-04
Ar  3025  0.3609893E+02  0.2578495E+02  0.3094194E+02 -0.1510563E-03 -0.3521461E-04  0.1731738E-04
Ar  3026  0.3867742E+02  0.2836344E+02  0.3094194E+02 -0.8063990E-05 -0.4859482E-04  0.1384090E-03
Ar  3027  0.3867742E+02  0.2578495E+02  0.3352043E+02  0.6237346E-04  0.5804935E-04  0.5991679E-04
Ar  3028  0.3609893E+02  0.2836344E+02  0.3352043E+02 -0.1048204E-03 -0.1121643E-03  0.4491132E-04
Ar  3029  0.3609893E+02  0.2578495E+02  0.3609893E+02  0.5877270E-04 -0.5128392E-04  0.4190887E-04
Ar  3030  0.3867742E+02  0.2836344E+02  0.3609893E+02  0.4649752E-04  0.1619421E-03  0.5088217E-04
Ar  3031  0.3867742E+02  0.2578495E+02  0.3867742E+02 -0.6096632E-04 -0.9088635E-04  0.2751025E-04
Ar  3032  0.3609893E+02  0.2836344E+02  0.3867742E+02  0.3035709E-04 -0.5558770E-04 -0.8331594E-05
Ar  3033  0.3609893E+02  0.2578495E+02  0.4125592E+02 -0.6868870E-05  0.3411263E-04  0.2305224E-04
Ar  3034  0.3867742E+02  0.2836344E+02  0.4125592E+02 -0.9154054E-04 -0.1773107E-04  0.1725512E-04
Ar  3035  0.3867742E+02  0.2578495E+02  0.4383441E+02 -0.7500270E-07 -0.6962835E-04  0.9668295E-04
Ar  3036  0.3609893E+02  0.2836344E+02  0.4383441E+02  0.4976710E-04  0.2175372E-04 -0.7269867E-04
Ar  3037  0.3609893E+02  0.2578495E+02  0.4641291E+02 -0.8538880E-04  0.2277803E-04  0.2085109E-04
Ar  3038  0.3867742E+02  0.2836344E+02  0.4641291E+02 -0.1234329E-03 -0.4475055E-04  0.1213153E-04
Ar  3039  0.3867742E+02  0.2578495E+02  0.4899140E+02 -0.2347866E-04 -0.1575236E-04 -0.1398849E-04
Ar  3040  0.3609893E+02  0.2836344E+02  0.4899140E+02 -0.6661020E-04 -0.2926689E-04  0.2472077E-04
Ar  3041  0.3609893E+02  0.3094194E+02  0.0000000E+00  0.1560303E-04 -0.2878363E-04 -0.2877419E-04
Ar  3042  0.3867742E+02  0.3352043E+02  0.0000000E+00 -0.7989611E-04 -0.1808566E-05 -0.1855444E-04
Ar  3043  0.3867742E+02  0.3094194E+02  0.2578495E+01  0.8644565E-04  0.2842405E-04 -0.1051371E-04
Ar  3044  0.3609893E+02  0.3352043E+02  0.2578495E+01  0.7009166E-04 -0.6844011E-04  0.6454304E-04
Ar  3045  0.3609893E+02  0.3094194E+02  0.5156990E+01  0.8412887E-05  0.2702434E-04 -0.7481674E-04
Ar  3046  0.3867742E+02  0.3352043E+02  0.5156990E+01  0.7174955E-04 -0.6145478E-04  0.2433853E-04
Ar  3047  0.3867742E+02  0.3094194E+02  0.7735485E+01 -0.4099104E-04  0.8681574E-04 -0.3480222E-04
Ar  3048  0.3609893E+02  0.3352043E+02  0.7735485E+01 -0.1082799E-04 -0.1550505E-04 -0.3083151E-04
Ar  3049  0.3609893E+02  0.3094194E+02  0.1031398E+02  0.4996303E-04 -0.4814118E-04 -0.2227830E-03
Ar  3050  0.3867742E+02  0.3352043E+02  0.1031398E+02 -0.8284138E-04 -0.4829543E-04  0.1831707E-04
Ar  3051  0.3867742E+02  0.3094194E+02  0.1289247E+02 -0.5249838E-05 -0.3131617E-04 -0.2617159E-04
Ar  3052  0.3609893E+02  0.3352043E+02  0.1289247E+02  0.3531569E-04 -0.4065986E-04  0.4015098E-04
Ar  3053  0.3609893E+02  0.3094194E+02  0.1547097E+02 -0.1276786E-03  0.5578448E-04  0.4323930E-04
Ar  3054  0.3867742E+02  0.3352043E+02  0.1547097E+02  0.8450646E-04 -0.1252582E-04 -0.5754807E-04
Ar  3055  0.3867742E+02  0.3094194E+02  0.1804946E+02 -0.7251543E-04 -0.9423994E-04  0.3846147E-04
Ar  3056  0.3609893E+02  0.3352043E+02  0.1804946E+02 -0.4762095E-05  0.3648178E-04 -0.1575900E-03
Ar  3057  0.3609893E+02  0.3094194E+02  0.2062796E+02  0.2409491E-04  0.3659647E-05  0.2259854E-04
Ar  3058  0.3867742E+02  0.3352043E+02  0.2062796E+02 -0.1727017E-05 -0.3922681E-04  0.4089182E-04
Ar  3059  0.3867742E+02  0.3094194E+02  0.2320645E+02  0.1575315E-04  0.8024203E-04  0.1151835E-03
Ar  3060  0.3609893E+02  0.3352043E+02  0.2320645E+02  0.1680966E-04 -0.5764928E-04  0.6474883E-05
Ar  3061  0.3609893E+02  0.3094194E+02  0.2578495E+02 -0.2966049E-05  0.2669376E-04  0.8429469E-04
Ar  3062  0.3867742E+02  0.3352043E+02  0.2578495E+02 -0.6840247E-06 -0.6605207E-04 -0.1511249E-03
Ar  3063  0.3867742E+02  0.3094194E+02  0.2836344E+02 -0.4920355E-04  0.8866455E-04  0.3494761E-04
Ar  3064  0.3609893E+02  0.3352043E+02  0.2836344E+02 -0.1086885E-03  0.6440122E-04  0.6969487E-05
Ar  3065  0.3609893E+02  0.3094194E+02  0.3094194E+02 -0.1153431E-04 -0.4991940E-04  0.1640453E-03
Ar  3066  0.3867742E+02  0.3352043E+02  0.3094194E+02 -0.9693732E-04  0.3325251E-04 -0.2199667E-04
Ar  3067  0.3867742E+02  0.3094194E+02  0.3352043E+02  0.8261164E-05  0.4618415E-04 -0.6118605E-04
Ar  3068  0.3609893E+02  0.3352043E+02  0.3352043E+02  0.6918610E-05 -0.8690687E-04  0.9369059E-04
Ar  3069  0.3609893E+02  0.3094194E+02  0.3609893E+02  0.5839938E-05  0.6913079E-04  0.9392868E-04
Ar  3070  0.3867742E+02  0.3352043E+02  0.3609893E+02 -0.4649831E-04 -0.1664163E-04  0.1216643E-03
Ar  3071  0.3867742E+02  0.3094194E+02  0.3867742E+02 -0.6606016E-04  0.1506076E-03  0.1025553E-03
Ar  3072  0.3609893E+02  0.3352043E+02  0.3867742E+02  0.7228886E-04  0.3912546E-04 -0.1887345E-03
Ar  3073  0.3609893E+02  0.3094194E+02  0.4125592E+02  0.9163870E-04 -0.6859849E-04  0.2965957E-04
Ar  3074  0.3867742E+02  0.3352043E+02  0.4125592E+02  0.3289132E-04 -0.2798404E-04  0.1356539E-03
Ar  3075  0.3867742E+02  0.3094194E+02  0.4383441E+02 -0.1533580E-05 -0.8830471E-04 -0.1323474E-04
Ar  3076  0.3609893E+02  0.3352043E+02  0.4383441E+02  0.3570747E-05 -0.6945148E-05 -0.9232259E-04
Ar  3077  0.3609893E+02  0.3094194E+02  0.4641291E+02 -0.6472663E-04 -0.1919162E-04  0.4238988E-04
Ar  3078  0.3867742E+02  0.3352043E+02  0.4641291E+02 -0.9298261E-04 -0.3942123E-05 -0.9893017E-04
Ar  3079  0.3867742E+02  0.3094194E+02  0.4899140E+02  0.5685519E-04 -0.2109122E-04  0.5256642E-04
Ar  3080  0.3609893E+02  0.3352043E+02  0.4899140E+02 -0.5453264E-04 -0.2732507E-04  0.7062858E-04
Ar  3081  0.3609893E+02  0.3609893E+02  0.0000000E+00  0.3752537E-04  0.5515088E-04 -0.3228491E-04
Ar  3082  0.3867742E+02  0.3867742E+02  0.0000000E+00  0.1109606E-03  0.4351858E-04  0.2339072E-04
Ar  3083  0.3867742E+02  0.3609893E+02  0.2578495E+01  0.2829109E-04 -0.8194984E-04 -0.8100852E-04
Ar  3084  0.3609893E+02  0.3867742E+02  0.2578495E+01  0.3916743E-04  0.1007211E-03  0.1369455E-04
Ar  3085  0.3609893E+02  0.3609893E+02  0.5156990E+01 -0.2295989E-04 -0.4295763E-05 -0.4436429E-05
Ar  3086  0.3867742E+02  0.3867742E+02  0.5156990E+01  0.7007138E-04  0.2689007E-04 -0.8674324E-04
Ar  3087  0.3867742E+02  0.3609893E+02  0.7735485E+01  0.1965260E-04  0.4383160E-04  0.4452075E-04
Ar  3088  0.3609893E+02  0.3867742E+02  0.7735485E+01 -0.2943952E-04  0.2099870E-04 -0.1143553E-04
Ar  3089  0.3609893E+02  0.3609893E+02  0.1031398E+02 -0.6149285E-04 -0.8208345E-04  0.4310420E-04
Ar  3090  0.3867742E+02  0.3867742E+02  0.1031398E+02 -0.5121667E-04 -0.5654814E-04  0.7144651E-04
Ar  3091  0.3867742E+02  0.3609893E+02  0.1289247E+02 -0.5074816E-04  0.4211708E-04 -0.6662312E-04
Ar  3092  0.3609893E+02  0.3867742E+02  0.1289247E+02  0.8416975E-04 -0.6732019E-04  0.2992368E-04
Ar  3093  0.3609893E+02  0.3609893E+02  0.1547097E+02 -0.7699566E-04 -0.1879888E-05  0.1751259E-04
Ar  3094  0.3867742E+02  0.3867742E+02  0.1547097E+02  0.1172600E-03 -0.7336631E-04 -0.4618963E-04
Ar  3095  0.3867742E+02  0.3609893E+02  0.1804946E+02 -0.7373681E-04  0.1061565E-03 -0.1001237E-04
Ar  3096  0.3609893E+02  0.3867742E+02  0.1804946E+02  0.4273597E-04 -0.6714318E-05  0.8705377E-05
Ar  3097  0.3609893E+02  0.3609893E+02  0.2062796E+02 -0.2760622E-04 -0.6279503E-04  0.1473486E-04
Ar  3098  0.3867742E+02  0.3867742E+02  0.2062796E+02 -0.1619421E-04  0.4949391E-04  0.1183042E-03
Ar  3099  0.3867742E+02  0.3609893E+02  0.2320645E+02  0.1467002E-03  0.5308377E-04  0.6834278E-04
Ar  3100  0.3609893E+02  0.3867742E+02  0.2320645E+02  0.4198393E-04 -0.8386012E-04 -0.9966334E-04
Ar  3101  0.3609893E+02  0.3609893E+02  0.2578495E+02 -0.3086932E-04 -0.3181378E-04 -0.3455738E-04
Ar  3102  0.3867742E+02  0.3867742E+02  0.2578495E+02 -0.6721836E-04 -0.1778566E-03 -0.7150935E-05
Ar  3103  0.3867742E+02  0.3609893E+02  0.2836344E+02  0.9022795E-04 -0.2513488E-04 -0.1093368E-03
Ar  3104  0.3609893E+02  0.3867742E+02  0.2836344E+02  0.7412427E-04 -0.1635283E-04 -0.6040866E-04
Ar  3105  0.3609893E+02  0.3609893E+02  0.3094194E+02  0.4955250E-04  0.9769283E-04 -0.9264280E-04
Ar  3106  0.3867742E+02  0.3867742E+02  0.3094194E+02  0.1484607E-03  0.7621190E-04  0.8287767E-04
Ar  3107  0.3867742E+02  0.3609893E+02  0.3352043E+02 -0.1103398E-03  0.3386628E-04 -0.4170966E-04
Ar  3108  0.3609893E+02  0.3867742E+02  0.3352043E+02 -0.5183770E-04 -0.3881465E-04 -0.1074226E-03
Ar  3109  0.3609893E+02  0.3609893E+02  0.3609893E+02 -0.1034209E-03 -0.1439239E-03 -0.2116785E-04
Ar  3110  0.3867742E+02  0.3867742E+02  0.3609893E+02 -0.7011519E-04 -0.1070809E-04 -0.7738293E-04
Ar  3111  0.3867742E+02  0.3609893E+02  0.3867742E+02  0.7641223E-04 -0.1573932E-04 -0.7486851E-04
Ar  3112  0.3609893E+02  0.3867742E+02  0.3867742E+02 -0.9081933E-04 -0.5047291E-04 -0.1219871E-03
Ar  3113  0.3609893E+02  0.3609893E+02  0.4125592E+02  0.5116175E-04 -0.9410263E-05  0.2737315E-04
Ar  3114  0.3867742E+02  0.3867742E+02  0.4125592E+02  0.2279381E-04 -0.3284368E-04 -0.8931313E-04
Ar  3115  0.3867742E+02  0.3609893E+02  0.4383441E+02  0.1132987E-04 -0.3771733E-04  0.3916757E-04
Ar  3116  0.3609893E+02  0.3867742E+02  0.4383441E+02 -0.7809311E-04  0.1231423E-03 -0.6733966E-05
Ar  3117  0.3609893E+02  0.3609893E+02  0.4641291E+02  0.2304069E-04  0.1285497E-03  0.6621359E-04
Ar  3118  0.3867742E+02  0.3867742E+02  0.4641291E+02 -0.5970056E-05  0.3580700E-04 -0.1053975E-04
Ar  3119  0.3867742E+02  0.3609893E+02  0.4899140E+02  0.1372216E-03  0.3735875E-04 -0.1873718E-04
Ar  3120  0.3609893E+02  0.3867742E+02  0.4899140E+02  0.1638388E-04 -0.7164635E-04 -0.6416823E-04
Ar  3121  0.3609893E+02  0.4125592E+02  0.0000000E+00 -0.2839504E-04  0.2101323E-04 -0.1536303E-05
Ar  3122  0.3867742E+02  0.4383441E+02  0.0000000E+00 -0.2691509E-04 -0.1331983E-03  0.4866658E-04
Ar  3123  0.3867742E+02  0.4125592E+02  0.2578495E+01 -0.4004737E-05 -0.3468332E-04 -0.2733725E-04
Ar  3124  0.3609893E+02  0.4383441E+02  0.2578495E+01  0.6764389E-04  0.8284611E-04  0.3566718E-04
Ar  3125  0.3609893E+02  0.4125592E+02  0.5156990E+01  0.2586932E-04 -0.3946195E-04  0.6841999E-04
Ar  3126  0.3867742E+02  0.4383441E+02  0.5156990E+01  0.9359240E-04 -0.5001603E-04  0.6347406E-04
Ar  3127  0.3867742E+02  0.4125592E+02  0.7735485E+01  0.8429832E-05 -0.1002375E-03  0.4681701E-05
Ar  3128  0.3609893E+02  0.4383441E+02  0.7735485E+01 -0.2135748E-04  0.1050035E-03 -0.4508629E-04
Ar  3129  0.3609893E+02  0.4125592E+02  0.1031398E+02  0.9733697E-04 -0.2909297E-04 -0.5729645E-04
Ar  3130  0.3867742E+02  0.4383441E+02  0.1031398E+02  0.6964388E-04  0.6601436E-04 -0.2048166E-04
Ar  3131  0.3867742E+02  0.4125592E+02  0.1289247E+02  0.2881516E-04  0.1885008E-04  0.9733494E-06
Ar  3132  0.3609893E+02  0.4383441E+02  0.1289247E+02  0.4746950E-04 -0.2174609E-04 -0.5880290E-04
Ar  3133  0.3609893E+02  0.4125592E+02  0.1547097E+02 -0.2586446E-04  0.1416659E-03  0.1073672E-03
Ar  3134  0.3867742E+02  0.4383441E+02  0.1547097E+02 -0.2037120E-04 -0.9181765E-05 -0.1076886E-04
Ar  3135  0.3867742E+02  0.4125592E+02  0.1804946E+02  0.2868341E-04  0.9417919E-05 -0.5437696E-05
Ar  3136  0.3609893E+02  0.4383441E+02  0.1804946E+02  0.7688199E-04 -0.1056733E-03 -0.6150011E-04
Ar  3137  0.3609893E+02  0.4125592E+02  0.2062796E+02 -0.2476228E-04 -0.8654299E-04  0.8979160E-04
Ar  3138  0.3867742E+02  0.4383441E+02  0.2062796E+02 -0.5540014E-04 -0.1808525E-04 -0.4758656E-04
Ar  3139  0.3867742E+02  0.4125592E+02  0.2320645E+02  0.7031560E-05  0.4661903E-04 -0.1579154E-04
Ar  3140  0.3609893E+02  0.4383441E+02  0.2320645E+02  0.1933015E-04  0.7981078E-04  0.7839536E-04
Ar  3141  0.3609893E+02  0.4125592E+02  0.2578495E+02 -0.2924133E-04 -0.3901057E-04 -0.6881088E-04
Ar  3142  0.3867742E+02  0.4383441E+02  0.2578495E+02  0.8603004E-05  0.2253909E-04 -0.1341658E-04
Ar  3143  0.3867742E+02  0.4125592E+02  0.2836344E+02 -0.6904109E-04 -0.7030398E-04  0.1204208E-03
Ar  3144  0.3609893E+02  0.4383441E+02  0.2836344E+02 -0.9407386E-04 -0.4595040E-04  0.7335717E-05
Ar  3145  0.3609893E+02  0.4125592E+02  0.3094194E+02  0.6825091E-04  0.1244272E-03 -0.1075563E-03
Ar  3146  0.3867742E+02  0.4383441E+02  0.3094194E+02  0.3527446E-04  0.2339808E-03  0.1249436E-03
Ar  3147  0.3867742E+02  0.4125592E+02  0.3352043E+02  0.4799499E-04 -0.9047154E-04  0.8830527E-04
Ar  3148  0.3609893E+02  0.4383441E+02  0.3352043E+02 -0.2138287E-04  0.3820676E-05 -0.4502157E-04
Ar  3149  0.3609893E+02  0.4125592E+02  0.3609893E+02  0.6787985E-04  0.1138291E-03  0.4093813E-04
Ar  3150  0.3867742E+02  0.4383441E+02  0.3609893E+02  0.8004767E-04 -0.1048621E-03  0.4002233E-04
Ar  3151  0.3867742E+02  0.4125592E+02  0.3867742E+02 -0.7781741E-05 -0.7561565E-04  0.5970083E-05
Ar  3152  0.3609893E+02  0.4383441E+02  0.3867742E+02 -0.1958614E-04 -0.8707517E-05  0.3614184E-04
Ar  3153  0.3609893E+02  0.4125592E+02  0.4125592E+02 -0.1984095E-04  0.1291921E-04  0.4281018E-04
Ar  3154  0.3867742E+02  0.4383441E+02  0.4125592E+02 -0.5030052E-04 -0.5398398E-04 -0.6328099E-04
Ar  3155  0.3867742E+02  0.4125592E+02  0.4383441E+02  0.2051246E-04 -0.4072758E-04  0.5760520E-04
Ar  3156  0.3609893E+02  0.4383441E+02  0.4383441E+02  0.7774274E-04 -0.1119984E-07 -0.2116446E-03
Ar  3157  0.3609893E+02  0.4125592E+02  0.4641291E+02  0.6801650E-04 -0.3178480E-05  0.5880118E-04
Ar  3158  0.3867742E+02  0.4383441E+02  0.4641291E+02  0.6078647E-04 -0.2544986E-04 -0.1550427E-03
Ar  3159  0.3867742E+02  0.4125592E+02  0.4899140E+02 -0.1165874E-04 -0.6142948E-04 -0.5134501E-04
Ar  3160  0.3609893E+02  0.4383441E+02  0.4899140E+02  0.1305057E-04  0.8119057E-04 -0.3857858E-05
Ar  3161  0.3609893E+02  0.4641291E+02  0.0000000E+00  0.4470917E-04  0.6667160E-04 -0.4227277E-04
Ar  3162  0.3867742E+02  0.4899140E+02  0.0000000E+00  0.2277012E-05 -0.6830024E-04 -0.1066937E-03
Ar  3163  0.3867742E+02  0.4641291E+02  0.2578495E+01 -0.8776589E-04 -0.1864898E-04 -0.4101367E-04
Ar  3164  0.3609893E+02  0.4899140E+02  0.2578495E+01 -0.1044609E-03 -0.6393707E-05  0.2937941E-04
Ar  3165  0.3609893E+02  0.4641291E+02  0.5156990E+01 -0.6856289E-04  0.4671544E-04 -0.3511049E-04
Ar  3166  0.3867742E+02  0.4899140E+02  0.5156990E+01  0.1071880E-03 -0.3363980E-04 -0.4765175E-04
Ar  3167  0.3867742E+02  0.4641291E+02  0.7735485E+01 -0.1099989E-04 -0.8162047E-04 -0.1177364E-03
Ar  3168  0.3609893E+02  0.4899140E+02  0.7735485E+01  0.9524219E-04  0.4258379E-04  0.3127985E-04
Ar  3169  0.3609893E+02  0.4641291E+02  0.1031398E+02 -0.4387675E-04 -0.4400070E-04  0.1001750E-03
Ar  3170  0.3867742E+02  0.4899140E+02  0.1031398E+02  0.3123789E-04 -0.7911403E-04  0.7516083E-04
Ar  3171  0.3867742E+02  0.4641291E+02  0.1289247E+02  0.9695960E-04 -0.5760936E-05  0.1960225E-03
Ar  3172  0.3609893E+02  0.4899140E+02  0.1289247E+02  0.3352291E-04 -0.4172018E-04  0.5770723E-04
Ar  3173  0.3609893E+02  0.4641291E+02  0.1547097E+02  0.4947327E-04 -0.2014104E-04 -0.4440093E-04
Ar  3174  0.3867742E+02  0.4899140E+02  0.1547097E+02 -0.5265834E-04  0.1035764E-03 -0.3653826E-04
Ar  3175  0.3867742E+02  0.4641291E+02  0.1804946E+02 -0.8603478E-04  0.6285270E-04  0.7165348E-04
Ar  3176  0.3609893E+02  0.4899140E+02  0.1804946E+02  0.1654485E-04  0.1610783E-03 -0.7419513E-04
Ar  3177  0.3609893E+02  0.4641291E+02  0.2062796E+02 -0.5762971E-04  0.1302581E-03 -0.3040849E-04
Ar  3178  0.3867742E+02  0.4899140E+02  0.2062796E+02  0.2359680E-04 -0.5788541E-04  0.7196927E-04
Ar  3179  0.3867742E+02  0.4641291E+02  0.2320645E+02  0.3521003E-04 -0.8118216E-04 -0.3884241E-04
Ar  3180  0.3609893E+02  0.4899140E+02  0.2320645E+02  0.8040960E-05 -0.4713133E-04  0.5823976E-04
Ar  3181  0.3609893E+02  0.4641291E+02  0.2578495E+02  0.4465213E-04 -0.1532920E-03  0.7294617E-04
Ar  3182  0.3867742E+02  0.4899140E+02  0.2578495E+02 -0.2118160E-04 -0.3658223E-04 -0.7066960E-04
Ar  3183  0.3867742E+02  0.4641291E+02  0.2836344E+02 -0.6564757E-04 -0.1401140E-04  0.2468829E-04
Ar  3184  0.3609893E+02  0.4899140E+02  0.2836344E+02  0.4139209E-04  0.3514525E-05 -0.2026493E-04
Ar  3185  0.3609893E+02  0.4641291E+02  0.3094194E+02 -0.6948849E-04  0.1919025E-04  0.1246304E-03
Ar  3186  0.3867742E+02  0.4899140E+02  0.3094194E+02 -0.8881959E-04 -0.2574883E-04 -0.3457282E-04
Ar  3187  0.3867742E+02  0.4641291E+02  0.3352043E+02 -0.2247768E-04  0.4755269E-04  0.2531197E-04
Ar  3188  0.3609893E+02  0.4899140E+02  0.3352043E+02 -0.3810709E-04  0.6490252E-04 -0.3147705E-04
Ar  3189  0.3609893E+02  0.4641291E+02  0.3609893E+02 -0.1744685E-05  0.1097287E-04  0.5197269E-04
Ar  3190  0.3867742E+02  0.4899140E+02  0.3609893E+02  0.2906490E-04 -0.4890496E-04 -0.6243900E-04
Ar  3191  0.3867742E+02  0.4641291E+02  0.3867742E+02 -0.2915643E-04  0.5730379E-04  0.4336737E-04
Ar  3192  0.3609893E+02  0.4899140E+02  0.3867742E+02 -0.8195520E-04  0.1186902E-04 -0.9414046E-04
Ar  3193  0.3609893E+02  0.4641291E+02  0.4125592E+02  0.1176261E-04 -0.3995300E-04 -0.1276052E-04
Ar  3194  0.3867742E+02  0.4899140E+02  0.4125592E+02 -0.4617719E-04 -0.5620314E-04  0.7692922E-04
Ar  3195  0.3867742E+02  0.4641291E+02  0.4383441E+02 -0.2727175E-04  0.7781134E-04  0.9357533E-04
Ar  3196  0.3609893E+02  0.4899140E+02  0.4383441E+02 -0.9209088E-04  0.3129442E-04 -0.1724402E-04
Ar  3197  0.3609893E+02  0.4641291E+02  0.4641291E+02 -0.1151864E-03  0.5685910E-04 -0.1436205E-04
Ar  3198  0.3867742E+02  0.4899140E+02  0.4641291E+02  0.2584777E-05 -0.6737748E-04  0.1979809E-04
Ar  3199  0.3867742E+02  0.4641291E+02  0.4899140E+02 -0.6700572E-04  0.2765990E-04 -0.2471112E-04
Ar  3200  0.3609893E+02  0.4899140E+02  0.4899140E+02 -0.8083360E-04 -0.1640086E-03 -0.1343303E-04
Ar  3201  0.4125592E+02  0.0000000E+00  0.0000000E+00 -0.1543406E-04  0.1145455E-03 -0.8315167E-04
Ar  3202  0.4383441E+02  0.2578495E+01  0.0000000E+00  0.3593601E-04 -0.1281149E-04 -0.4450666E-04
Ar  3203  0.4383441E+02  0.0000000E+00  0.2578495E+01  0.4503020E-05 -0.1654655E-04  0.9975687E-04
Ar  3204  0.4125592E+02  0.2578495E+01  0.2578495E+01  0.1064827E-04  0.8225899E-04 -0.2950964E-04
Ar  3205  0.4125592E+02  0.0000000E+00  0.5156990E+01 -0.4900887E-04 -0.3936734E-04 -0.4482545E-04
Ar  3206  0.4383441E+02  0.2578495E+01  0.5156990E+01 -0.1008203E-03 -0.2373465E-04  0.9215289E-04
Ar  3207  0.4383441E+02  0.0000000E+00  0.7735485E+01 -0.1031685E-03 -0.7024823E-04 -0.4407432E-05
Ar  3208  0.4125592E+02  0.2578495E+01  0.7735485E+01 -0.1265420E-03  0.6972908E-04 -0.1799189E-04
Ar  3209  0.4125592E+02  0.0000000E+00  0.1031398E+02  0.2016110E-04 -0.4295566E-04 -0.6991754E-04
Ar  3210  0.4383441E+02  0.2578495E+01  0.1031398E+02 -0.4634880E-04 -0.9026473E-04  0.1350822E-04
Ar  3211  0.4383441E+02  0.0000000E+00  0.1289247E+02  0.6771134E-04 -0.1173105E-03 -0.2272192E-04
Ar  3212  0.4125592E+02  0.2578495E+01  0.1289247E+02  0.4362351E-05  0.1032140E-03 -0.1647871E-03
Ar  3213  0.4125592E+02  0.0000000E+00  0.1547097E+02  0.1517915E-03 -0.7973400E-04 -0.9399758E-04
Ar  3214  0.4383441E+02  0.2578495E+01  0.1547097E+02  0.3394083E-04 -0.5122487E-04  0.6050693E-04
Ar  3215  0.4383441E+02  0.0000000E+00  0.1804946E+02  0.7475005E-04  0.3446206E-04 -0.2930064E-04
Ar  3216  0.4125592E+02  0.2578495E+01  0.1804946E+02  0.1418672E-04 -0.2531226E-04  0.1733000E-04
Ar  3217  0.4125592E+02  0.0000000E+00  0.2062796E+02  0.3606756E-04  0.4181347E-04 -0.2321067E-04
Ar  3218  0.4383441E+02  0.2578495E+01  0.2062796E+02  0.3832899E-04  0.6685800E-04  0.1281488E-03
Ar  3219  0.4383441E+02  0.0000000E+00  0.2320645E+02  0.9959540E-04  0.2211383E-04  0.2662069E-05
Ar  3220  0.4125592E+02  0.2578495E+01  0.2320645E+02  0.5216856E-04  0.8356407E-04  0.5238862E-05
Ar  3221  0.4125592E+02  0.0000000E+00  0.2578495E+02 -0.8076891E-05  0.2289390E-04  0.8874846E-04
Ar  3222  0.4383441E+02  0.2578495E+01  0.2578495E+02 -0.7597579E-04  0.9043160E-04  0.2756780E-04
Ar  3223  0.4383441E+02  0.0000000E+00  0.2836344E+02  0.5794480E-04  0.6052172E-04 -0.1152297E-03
Ar  3224  0.4125592E+02  0.2578495E+01  0.2836344E+02  0.6650497E-04  0.1732389E-04 -0.3161489E-04
Ar  3225  0.4125592E+02  0.0000000E+00  0.3094194E+02  0.6440753E-04  0.9085122E-04  0.6815856E-04
Ar  3226  0.4383441E+02  0.2578495E+01  0.3094194E+02  0.2075385E-04  0.5448994E-05 -0.2291850E-04
Ar  3227  0.4383441E+02  0.0000000E+00  0.3352043E+02  0.3320417E-04 -0.5429905E-04 -0.8156690E-04
Ar  3228  0.4125592E+02  0.2578495E+01  0.3352043E+02 -0.4689608E-04  0.2340871E-04 -0.4303898E-06
Ar  3229  0.4125592E+02  0.0000000E+00  0.3609893E+02  0.9464793E-04  0.7661440E-04 -0.4175115E-05
Ar  3230  0.4383441E+02  0.2578495E+01  0.3609893E+02  0.5189457E-04 -0.4660147E-05  0.9744687E-04
Ar  3231  0.4383441E+02  0.0000000E+00  0.3867742E+02  0.5825899E-05  0.5813215E-04 -0.1099499E-03
Ar  3232  0.4125592E+02  0.2578495E+01  0.3867742E+02 -0.2937246E-05 -0.4649858E-04 -0.4588857E-04
Ar  3233  0.4125592E+02  0.0000000E+00  0.4125592E+02 -0.7103567E-04 -0.6881899E-04 -0.7190147E-04
Ar  3234  0.4383441E+02  0.2578495E+01  0.4125592E+02 -0.2494067E-04 -0.1413619E-04  0.7623461E-04
Ar  3235  0.4383441E+02  0.0000000E+00  0.4383441E+02 -0.4246291E-04  0.3872299E-04  0.6367830E-04
Ar  3236  0.4125592E+02  0.2578495E+01  0.4383441E+02 -0.1389843E-04  0.2435171E-04 -0.2048788E-04
Ar  3237  0.4125592E+02  0.0000000E+00  0.4641291E+02  0.9166277E-04  0.1454039E-03  0.8732055E-04
Ar  3238  0.4383441E+02  0.2578495E+01  0.4641291E+02  0.1312022E-03  0.2251936E-04  0.7492240E-04
Ar  3239  0.4383441E+02  0.0000000E+00  0.4899140E+02 -0.5369783E-04  0.1236810E-03  0.6171667E-06
Ar  3240  0.4125592E+02  0.2578495E+01  0.4899140E+02  0.3476952E-04  0.4773901E-04  0.1787870E-04
Ar  3241  0.4125592E+02  0.5156990E+01  0.0000000E+00  0.8302524E-05 -0.6713070E-04 -0.9928997E-04
Ar  3242  0.4383441E+02  0.7735485E+01  0.0000000E+00  0.2891816E-04 -0.5686888E-04 -0.5914921E-05
Ar  3243  0.4383441E+02  0.5156990E+01  0.2578495E+01 -0.3157345E-04 -0.3181241E-04 -0.1321504E-03
Ar  3244  0.4125592E+02  0.7735485E+01  0.2578495E+01  0.1269494E-03 -0.1941043E-04 -0.6237382E-04
Ar  3245  0.4125592E+02  0.5156990E+01  0.5156990E+01 -0.3841653E-04  0.2932828E-04 -0.8470591E-04
Ar  3246  0.4383441E+02  0.7735485E+01  0.5156990E+01  0.2233813E-04 -0.1234745E-04 -0.1113043E-03
Ar  3247  0.4383441E+02  0.5156990E+01  0.7735485E+01  0.1133124E-03  0.5093013E-05 -0.1416281E-03
Ar  3248  0.4125592E+02  0.7735485E+01  0.7735485E+01 -0.9807995E-04  0.5958073E-04 -0.8919178E-04
Ar  3249  0.4125592E+02  0.5156990E+01  0.1031398E+02 -0.1359544E-03  0.1135498E-03  0.1197046E-03
Ar  3250  0.4383441E+02  0.7735485E+01  0.1031398E+02  0.2994770E-04 -0.5829006E-04 -0.3446478E-05
Ar  3251  0.4383441E+02  0.5156990E+01  0.1289247E+02 -0.1617795E-04 -0.1090780E-04 -0.7933550E-05
Ar  3252  0.4125592E+02  0.7735485E+01  0.1289247E+02 -0.9391770E-05  0.8483817E-04 -0.2142787E-04
Ar  3253  0.4125592E+02  0.5156990E+01  0.1547097E+02  0.4622648E-04  0.6931014E-04  0.2214814E-04
Ar  3254  0.4383441E+02  0.7735485E+01  0.1547097E+02  0.4698618E-04 -0.8450444E-04  0.4952331E-04
Ar  3255  0.4383441E+02  0.5156990E+01  0.1804946E+02  0.7172123E-04 -0.3784851E-04  0.1407875E-03
Ar  3256  0.4125592E+02  0.7735485E+01  0.1804946E+02 -0.6680767E-04  0.1722443E-04 -0.9886897E-04
Ar  3257  0.4125592E+02  0.5156990E+01  0.2062796E+02  0.1339287E-04  0.4360887E-04 -0.2346307E-04
Ar  3258  0.4383441E+02  0.7735485E+01  0.2062796E+02 -0.4864691E-04 -0.3290206E-04 -0.5811047E-05
Ar  3259  0.4383441E+02  0.5156990E+01  0.2320645E+02  0.3954697E-04  0.4254772E-04 -0.3061511E-04
Ar  3260  0.4125592E+02  0.7735485E+01  0.2320645E+02  0.1217825E-03  0.7336213E-04  0.4272695E-04
Ar  3261  0.4125592E+02  0.5156990E+01  0.2578495E+02  0.8855631E-04 -0.5686792E-04  0.6632667E-06
Ar  3262  0.4383441E+02  0.7735485E+01  0.2578495E+02  0.6971812E-05  0.2432352E-04 -0.5944980E-04
Ar  3263  0.4383441E+02  0.5156990E+01  0.2836344E+02  0.5378918E-04 -0.3930716E-04  0.6521918E-04
Ar  3264  0.4125592E+02  0.7735485E+01  0.2836344E+02  0.4791014E-04  0.9575532E-04 -0.1003343E-04
Ar  3265  0.4125592E+02  0.5156990E+01  0.3094194E+02 -0.5900536E-04 -0.6647989E-05 -0.8374996E-04
Ar  3266  0.4383441E+02  0.7735485E+01  0.3094194E+02 -0.1864818E-04  0.6930948E-04  0.1056996E-03
Ar  3267  0.4383441E+02  0.5156990E+01  0.3352043E+02  0.1270444E-03 -0.7913407E-05  0.2066954E-04
Ar  3268  0.4125592E+02  0.7735485E+01  0.3352043E+02  0.8340228E-04 -0.2965494E-04 -0.3107095E-05
Ar  3269  0.4125592E+02  0.5156990E+01  0.3609893E+02 -0.7373694E-04  0.6790251E-04  0.8227845E-05
Ar  3270  0.4383441E+02  0.7735485E+01  0.3609893E+02 -0.3261521E-04 -0.4287542E-04 -0.3498460E-04
Ar  3271  0.4383441E+02  0.5156990E+01  0.3867742E+02 -0.1613251E-04  0.1517119E-04  0.2936757E-04
Ar  3272  0.4125592E+02  0.7735485E+01  0.3867742E+02  0.5145453E-04  0.1377176E-03 -0.1591037E-03
Ar  3273  0.4125592E+02  0.5156990E+01  0.4125592E+02  0.5018957E-04  0.7505177E-04  0.1252964E-03
Ar  3274  0.4383441E+02  0.7735485E+01  0.4125592E+02 -0.3743406E-04  0.1539892E-05  0.1347625E-04
Ar  3275  0.4383441E+02  0.5156990E+01  0.4383441E+02 -0.6083534E-04 -0.6602002E-04 -0.8797628E-04
Ar  3276  0.4125592E+02  0.7735485E+01  0.4383441E+02 -0.4097486E-04  0.4651056E-04  0.7500693E-04
Ar  3277  0.4125592E+02  0.5156990E+01  0.4641291E+02 -0.7497715E-04 -0.1825853E-03  0.5208098E-04
Ar  3278  0.4383441E+02  0.7735485E+01  0.4641291E+02  0.6393174E-04  0.2320388E-04 -0.9066084E-04
Ar  3279  0.4383441E+02  0.5156990E+01  0.4899140E+02  0.9221908E-04  0.1578341E-03 -0.3479007E-04
Ar  3280  0.4125592E+02  0.7735485E+01  0.4899140E+02  0.4418260E-04  0.5141701E-04 -0.4257401E-04
Ar  3281  0.4125592E+02  0.1031398E+02  0.0000000E+00 -0.3425460E-04  0.5764967E-04 -0.5174012E-05
Ar  3282  0.4383441E+02  0.1289247E+02  0.0000000E+00 -0.7595843E-05  0.1426230E-05 -0.1039058E-03
Ar  3283  0.4383441E+02  0.1031398E+02  0.2578495E+01  0.1107421E-03 -0.9277359E-04  0.5339470E-04
Ar  3284  0.4125592E+02  0.1289247E+02  0.2578495E+01 -0.4564380E-05  0.4172976E-05  0.6599871E-04
Ar  3285  0.4125592E+02  0.1031398E+02  0.5156990E+01 -0.3629802E-04 -0.5500266E-04  0.1002228E-03
Ar  3286  0.4383441E+02  0.1289247E+02  0.5156990E+01  0.7190292E-05  0.9021045E-05  0.4576455E-04
Ar  3287  0.4383441E+02  0.1031398E+02  0.7735485E+01 -0.9997361E-04  0.8745435E-04  0.9083455E-04
Ar  3288  0.4125592E+02  0.1289247E+02  0.7735485E+01 -0.7864468E-04 -0.4286998E-05 -0.5479757E-04
Ar  3289  0.4125592E+02  0.1031398E+02  0.1031398E+02 -0.6135703E-04  0.3283713E-04  0.6634027E-04
Ar  3290  0.4383441E+02  0.1289247E+02  0.1031398E+02 -0.2793689E-06  0.1512655E-03 -0.6804937E-04
Ar  3291  0.4383441E+02  0.1031398E+02  0.1289247E+02 -0.8597428E-04  0.4762331E-04 -0.6458733E-04
Ar  3292  0.4125592E+02  0.1289247E+02  0.1289247E+02  0.1170097E-04 -0.8527841E-04  0.3297816E-04
Ar  3293  0.4125592E+02  0.1031398E+02  0.1547097E+02  0.8402717E-04 -0.7595229E-04  0.1113892E-05
Ar  3294  0.4383441E+02  0.1289247E+02  0.1547097E+02 -0.6137842E-04  0.2386745E-04 -0.1022219E-03
Ar  3295  0.4383441E+02  0.1031398E+02  0.1804946E+02 -0.4130952E-04  0.1077611E-03  0.7560939E-04
Ar  3296  0.4125592E+02  0.1289247E+02  0.1804946E+02  0.1728396E-04 -0.3728515E-04  0.6208938E-04
Ar  3297  0.4125592E+02  0.1031398E+02  0.2062796E+02  0.1426985E-04 -0.6029192E-04  0.4407334E-04
Ar  3298  0.4383441E+02  0.1289247E+02  0.2062796E+02 -0.1110341E-03 -0.1647497E-04  0.8881999E-04
Ar  3299  0.4383441E+02  0.1031398E+02  0.2320645E+02 -0.1660139E-03 -0.1362603E-04 -0.2079734E-04
Ar  3300  0.4125592E+02  0.1289247E+02  0.2320645E+02  0.1096962E-03  0.6659625E-04  0.7442679E-06
Ar  3301  0.4125592E+02  0.1031398E+02  0.2578495E+02  0.1671815E-03  0.6727604E-04  0.4080501E-04
Ar  3302  0.4383441E+02  0.1289247E+02  0.2578495E+02 -0.3107453E-04 -0.7312049E-04  0.2905783E-04
Ar  3303  0.4383441E+02  0.1031398E+02  0.2836344E+02 -0.6606441E-05  0.3125137E-04 -0.5326354E-04
Ar  3304  0.4125592E+02  0.1289247E+02  0.2836344E+02 -0.1690507E-04  0.9277783E-04  0.4487775E-04
Ar  3305  0.4125592E+02  0.1031398E+02  0.3094194E+02  0.3734481E-04 -0.2676590E-04  0.4853625E-04
Ar  3306  0.4383441E+02  0.1289247E+02  0.3094194E+02  0.1217695E-04  0.5885439E-04  0.2278697E-04
Ar  3307  0.4383441E+02  0.1031398E+02  0.3352043E+02  0.7909165E-04  0.2086287E-05  0.1028368E-04
Ar  3308  0.4125592E+02  0.1289247E+02  0.3352043E+02 -0.5661290E-04  0.1762205E-04  0.2583465E-04
Ar  3309  0.4125592E+02  0.1031398E+02  0.3609893E+02  0.4981953E-04 -0.5596860E-04  0.5597336E-04
Ar  3310  0.4383441E+02  0.1289247E+02  0.3609893E+02 -0.1179901E-04 -0.2334604E-04  0.1211596E-04
Ar  3311  0.4383441E+02  0.1031398E+02  0.3867742E+02 -0.1055207E-03  0.5364947E-04  0.2420568E-04
Ar  3312  0.4125592E+02  0.1289247E+02  0.3867742E+02 -0.3790510E-04 -0.6208283E-05 -0.2636075E-04
Ar  3313  0.4125592E+02  0.1031398E+02  0.4125592E+02 -0.9731502E-04 -0.2447123E-04  0.1541175E-04
Ar  3314  0.4383441E+02  0.1289247E+02  0.4125592E+02 -0.2793330E-04  0.1547314E-04  0.3346221E-04
Ar  3315  0.4383441E+02  0.1031398E+02  0.4383441E+02  0.7302747E-04  0.2592869E-04 -0.3790061E-05
Ar  3316  0.4125592E+02  0.1289247E+02  0.4383441E+02 -0.1108473E-04  0.6824861E-04 -0.1187262E-03
Ar  3317  0.4125592E+02  0.1031398E+02  0.4641291E+02  0.1692621E-04 -0.1711452E-05  0.7044428E-04
Ar  3318  0.4383441E+02  0.1289247E+02  0.4641291E+02 -0.6061725E-04  0.5583864E-04  0.6112597E-05
Ar  3319  0.4383441E+02  0.1031398E+02  0.4899140E+02 -0.8418198E-04  0.1317894E-04  0.7671437E-04
Ar  3320  0.4125592E+02  0.1289247E+02  0.4899140E+02  0.2549124E-04 -0.1483263E-03 -0.4457317E-04
Ar  3321  0.4125592E+02  0.1547097E+02  0.0000000E+00  0.2021824E-04 -0.5987211E-04  0.1723508E-05
Ar  3322  0.4383441E+02  0.1804946E+02  0.0000000E+00 -0.4889800E-04 -0.4174312E-04  0.7489259E-04
Ar  3323  0.4383441E+02  0.1547097E+02  0.2578495E+01 -0.3822821E-04 -0.1655537E-04  0.6503289E-04
Ar  3324  0.4125592E+02  0.1804946E+02  0.2578495E+01  0.9199952E-04 -0.3335536E-04  0.3198577E-04
Ar  3325  0.4125592E+02  0.1547097E+02  0.5156990E+01 -0.8494942E-04 -0.4127430E-04  0.7751256E-04
Ar  3326  0.4383441E+02  0.1804946E+02  0.5156990E+01  0.5392359E-05  0.3676551E-04 -0.3550088E-04
Ar  3327  0.4383441E+02  0.1547097E+02  0.7735485E+01 -0.3624771E-04  0.1538204E-04 -0.2333832E-04
Ar  3328  0.4125592E+02  0.1804946E+02  0.7735485E+01 -0.1842998E-04 -0.5895379E-04  0.2880864E-04
Ar  3329  0.4125592E+02  0.1547097E+02  0.1031398E+02 -0.7309195E-04  0.7470578E-04  0.1726487E-04
Ar  3330  0.4383441E+02  0.1804946E+02  0.1031398E+02  0.2680163E-04  0.1015576E-03  0.3343274E-04
Ar  3331  0.4383441E+02  0.1547097E+02  0.1289247E+02 -0.5895538E-05 -0.2132552E-04 -0.3554574E-04
Ar  3332  0.4125592E+02  0.1804946E+02  0.1289247E+02 -0.5719590E-04 -0.1333721E-03 -0.6533947E-04
Ar  3333  0.4125592E+02  0.1547097E+02  0.1547097E+02  0.9265358E-05  0.4308515E-04  0.8630947E-04
Ar  3334  0.4383441E+02  0.1804946E+02  0.1547097E+02  0.8524047E-05  0.2781470E-04  0.8818485E-04
Ar  3335  0.4383441E+02  0.1547097E+02  0.1804946E+02  0.1001672E-03  0.8719315E-04  0.1078293E-03
Ar  3336  0.4125592E+02  0.1804946E+02  0.1804946E+02 -0.4116942E-04  0.1517909E-04  0.1262238E-05
Ar  3337  0.4125592E+02  0.1547097E+02  0.2062796E+02 -0.4261091E-04  0.7231197E-04  0.4121606E-04
Ar  3338  0.4383441E+02  0.1804946E+02  0.2062796E+02  0.7535563E-04  0.1017586E-03 -0.4186063E-04
Ar  3339  0.4383441E+02  0.1547097E+02  0.2320645E+02  0.1129313E-03 -0.1053097E-03  0.8503585E-05
Ar  3340  0.4125592E+02  0.1804946E+02  0.2320645E+02  0.1383681E-03  0.4057009E-04 -0.2707114E-04
Ar  3341  0.4125592E+02  0.1547097E+02  0.2578495E+02  0.1208831E-04  0.5027976E-04  0.3641555E-04
Ar  3342  0.4383441E+02  0.1804946E+02  0.2578495E+02 -0.3632804E-04 -0.7791697E-04 -0.5969362E-04
Ar  3343  0.4383441E+02  0.1547097E+02  0.2836344E+02 -0.1933133E-04  0.2368399E-04 -0.4221761E-05
Ar  3344  0.4125592E+02  0.1804946E+02  0.2836344E+02 -0.3388466E-04 -0.7190605E-04  0.4383198E-04
Ar  3345  0.4125592E+02  0.1547097E+02  0.3094194E+02  0.1978241E-04  0.2117418E-04 -0.1054392E-03
Ar  3346  0.4383441E+02  0.1804946E+02  0.3094194E+02 -0.1265722E-04  0.6021005E-04  0.3421142E-04
Ar  3347  0.4383441E+02  0.1547097E+02  0.3352043E+02 -0.2698639E-04  0.1734140E-04 -0.1030895E-03
Ar  3348  0.4125592E+02  0.1804946E+02  0.3352043E+02 -0.8292091E-05  0.7703429E-04 -0.6983607E-04
Ar  3349  0.4125592E+02  0.1547097E+02  0.3609893E+02 -0.4448318E-04 -0.3196835E-04  0.3564114E-04
Ar  3350  0.4383441E+02  0.1804946E+02  0.3609893E+02 -0.4028304E-04 -0.8272974E-04 -0.1367032E-03
Ar  3351  0.4383441E+02  0.1547097E+02  0.3867742E+02  0.2395794E-05 -0.1577916E-04 -0.6691726E-04
Ar  3352  0.4125592E+02  0.1804946E+02  0.3867742E+02  0.8363632E-04  0.5068672E-04  0.4341322E-04
Ar  3353  0.4125592E+02  0.1547097E+02  0.4125592E+02  0.2083888E-04 -0.1123521E-04 -0.6364394E-04
Ar  3354  0.4383441E+02  0.1804946E+02  0.4125592E+02 -0.4168338E-04  0.7096975E-04 -0.5364606E-05
Ar  3355  0.4383441E+02  0.1547097E+02  0.4383441E+02 -0.1945530E-04  0.2960867E-04 -0.3388316E-04
Ar  3356  0.4125592E+02  0.1804946E+02  0.4383441E+02  0.6019807E-05 -0.3954840E-04  0.5163780E-04
Ar  3357  0.4125592E+02  0.1547097E+02  0.4641291E+02  0.4030292E-04 -0.9439703E-05 -0.5563787E-04
Ar  3358  0.4383441E+02  0.1804946E+02  0.4641291E+02 -0.6930834E-04 -0.1140378E-04 -0.1002115E-03
Ar  3359  0.4383441E+02  0.1547097E+02  0.4899140E+02  0.1001515E-03 -0.2588672E-04  0.9554275E-04
Ar  3360  0.4125592E+02  0.1804946E+02  0.4899140E+02  0.8150868E-04 -0.1495952E-04 -0.1814398E-04
Ar  3361  0.4125592E+02  0.2062796E+02  0.0000000E+00  0.2528981E-04 -0.5686620E-04  0.3059843E-04
Ar  3362  0.4383441E+02  0.2320645E+02  0.0000000E+00  0.4821019E-04  0.8023590E-05 -0.6295062E-05
Ar  3363  0.4383441E+02  0.2062796E+02  0.2578495E+01  0.1308768E-03  0.7063448E-04 -0.4512938E-04
Ar  3364  0.4125592E+02  0.2320645E+02  0.2578495E+01 -0.1223278E-03  0.1576404E-04 -0.6359310E-04
Ar  3365  0.4125592E+02  0.2062796E+02  0.5156990E+01  0.5042978E-04 -0.4444381E-04 -0.1175568E-03
Ar  3366  0.4383441E+02  0.2320645E+02  0.5156990E+01 -0.4768969E-04 -0.1519033E-03  0.1164749E-03
Ar  3367  0.4383441E+02  0.2062796E+02  0.7735485E+01  0.4238530E-04  0.1601864E-05 -0.5896274E-04
Ar  3368  0.4125592E+02  0.2320645E+02  0.7735485E+01  0.2776407E-04  0.1248302E-03  0.4880184E-04
Ar  3369  0.4125592E+02  0.2062796E+02  0.1031398E+02 -0.2500275E-04 -0.7907683E-04 -0.3223266E-04
Ar  3370  0.4383441E+02  0.2320645E+02  0.1031398E+02  0.1236043E-04 -0.2676409E-04  0.2558290E-04
Ar  3371  0.4383441E+02  0.2062796E+02  0.1289247E+02  0.9565478E-04 -0.5446845E-04  0.5630214E-04
Ar  3372  0.4125592E+02  0.2320645E+02  0.1289247E+02  0.4727683E-05  0.6746581E-04 -0.5247873E-04
Ar  3373  0.4125592E+02  0.2062796E+02  0.1547097E+02  0.5880804E-05  0.9483557E-04 -0.3245986E-04
Ar  3374  0.4383441E+02  0.2320645E+02  0.1547097E+02  0.3006142E-04  0.1291753E-03 -0.7688021E-04
Ar  3375  0.4383441E+02  0.2062796E+02  0.1804946E+02  0.5266981E-04  0.8244117E-05 -0.4386665E-04
Ar  3376  0.4125592E+02  0.2320645E+02  0.1804946E+02 -0.1289770E-03  0.2624232E-04  0.5151083E-04
Ar  3377  0.4125592E+02  0.2062796E+02  0.2062796E+02  0.5882570E-04  0.4607841E-04 -0.6778069E-04
Ar  3378  0.4383441E+02  0.2320645E+02  0.2062796E+02 -0.1267915E-03 -0.6521648E-05 -0.9260790E-04
Ar  3379  0.4383441E+02  0.2062796E+02  0.2320645E+02  0.2884102E-04 -0.2753014E-04  0.9823536E-04
Ar  3380  0.4125592E+02  0.2320645E+02  0.2320645E+02  0.9102768E-04  0.3516837E-04 -0.5336203E-04
Ar  3381  0.4125592E+02  0.2062796E+02  0.2578495E+02  0.7465605E-04  0.3402693E-04  0.2147590E-04
Ar  3382  0.4383441E+02  0.2320645E+02  0.2578495E+02  0.1502860E-03  0.3109979E-05  0.1283181E-03
Ar  3383  0.4383441E+02  0.2062796E+02  0.2836344E+02  0.1881986E-04 -0.9957498E-04  0.3844535E-04
Ar  3384  0.4125592E+02  0.2320645E+02  0.2836344E+02 -0.1113703E-03 -0.3678710E-04  0.5512401E-05
Ar  3385  0.4125592E+02  0.2062796E+02  0.3094194E+02  0.1335094E-04 -0.1254299E-04  0.4806535E-04
Ar  3386  0.4383441E+02  0.2320645E+02  0.3094194E+02 -0.1470139E-04 -0.8240375E-04 -0.7045686E-04
Ar  3387  0.4383441E+02  0.2062796E+02  0.3352043E+02 -0.3676036E-04  0.7470480E-04  0.4580552E-04
Ar  3388  0.4125592E+02  0.2320645E+02  0.3352043E+02  0.3520256E-04  0.1760281E-04  0.1629905E-03
Ar  3389  0.4125592E+02  0.2062796E+02  0.3609893E+02 -0.5667016E-04  0.2386757E-04  0.3539305E-04
Ar  3390  0.4383441E+02  0.2320645E+02  0.3609893E+02  0.7843170E-04  0.4810382E-04 -0.1078298E-03
Ar  3391  0.4383441E+02  0.2062796E+02  0.3867742E+02 -0.7979314E-04 -0.7884369E-05  0.1361837E-03
Ar  3392  0.4125592E+02  0.2320645E+02  0.3867742E+02 -0.8927330E-04  0.1389551E-05 -0.6719133E-04
Ar  3393  0.4125592E+02  0.2062796E+02  0.4125592E+02 -0.3297078E-04  0.5383678E-04  0.8574563E-05
Ar  3394  0.4383441E+02  0.2320645E+02  0.4125592E+02  0.3974203E-04 -0.1555278E-03  0.6145412E-04
Ar  3395  0.4383441E+02  0.2062796E+02  0.4383441E+02 -0.7911835E-04  0.4259522E-04  0.2348279E-04
Ar  3396  0.4125592E+02  0.2320645E+02  0.4383441E+02  0.7265620E-04 -0.1942266E-04  0.6736102E-04
Ar  3397  0.4125592E+02  0.2062796E+02  0.4641291E+02 -0.9110152E-05  0.4857947E-04 -0.4256242E-04
Ar  3398  0.4383441E+02  0.2320645E+02  0.4641291E+02  0.3315639E-04  0.1217514E-04  0.6457539E-04
Ar  3399  0.4383441E+02  0.2062796E+02  0.4899140E+02  0.5646844E-04 -0.4444302E-04 -0.4915994E-04
Ar  3400  0.4125592E+02  0.2320645E+02  0.4899140E+02  0.6900700E-04  0.5607379E-04 -0.4888948E-04
Ar  3401  0.4125592E+02  0.2578495E+02  0.0000000E+00  0.9837241E-04 -0.3774937E-05 -0.1660379E-03
Ar  3402  0.4383441E+02  0.2836344E+02  0.0000000E+00 -0.1254049E-03  0.9604777E-05 -0.1254278E-04
Ar  3403  0.4383441E+02  0.2578495E+02  0.2578495E+01  0.2382507E-04  0.4322044E-05 -0.8543987E-04
Ar  3404  0.4125592E+02  0.2836344E+02  0.2578495E+01  0.8993260E-04  0.2746711E-04  0.6603381E-04
Ar  3405  0.4125592E+02  0.2578495E+02  0.5156990E+01 -0.7185590E-04 -0.4386739E-04  0.4403569E-04
Ar  3406  0.4383441E+02  0.2836344E+02  0.5156990E+01 -0.5167400E-04  0.4534833E-04 -0.8215496E-05
Ar  3407  0.4383441E+02  0.2578495E+02  0.7735485E+01  0.6150636E-04 -0.4200464E-04  0.6215529E-04
Ar  3408  0.4125592E+02  0.2836344E+02  0.7735485E+01  0.6403220E-04 -0.9923082E-04 -0.3427947E-04
Ar  3409  0.4125592E+02  0.2578495E+02  0.1031398E+02  0.1844612E-04 -0.4581622E-04 -0.1606342E-04
Ar  3410  0.4383441E+02  0.2836344E+02  0.1031398E+02 -0.2984134E-04 -0.2564509E-04 -0.3535131E-04
Ar  3411  0.4383441E+02  0.2578495E+02  0.1289247E+02  0.4928826E-04  0.1330560E-04  0.1603915E-04
Ar  3412  0.4125592E+02  0.2836344E+02  0.1289247E+02  0.1289175E-04 -0.1360533E-04  0.4713300E-04
Ar  3413  0.4125592E+02  0.2578495E+02  0.1547097E+02  0.7453158E-04  0.3223162E-04 -0.5591315E-04
Ar  3414  0.4383441E+02  0.2836344E+02  0.1547097E+02 -0.1667874E-04  0.6494205E-04 -0.2434629E-05
Ar  3415  0.4383441E+02  0.2578495E+02  0.1804946E+02  0.2640204E-04 -0.9837939E-04 -0.8697157E-04
Ar  3416  0.4125592E+02  0.2836344E+02  0.1804946E+02  0.1885693E-05  0.2078359E-04  0.1813204E-05
Ar  3417  0.4125592E+02  0.2578495E+02  0.2062796E+02  0.6504477E-05 -0.3174812E-04 -0.1629382E-03
Ar  3418  0.4383441E+02  0.2836344E+02  0.2062796E+02 -0.8297561E-04  0.2252231E-04 -0.7695062E-04
Ar  3419  0.4383441E+02  0.2578495E+02  0.2320645E+02  0.6708699E-04  0.2043950E-04  0.2607218E-04
Ar  3420  0.4125592E+02  0.2836344E+02  0.2320645E+02  0.5615103E-04  0.4894419E-05  0.2588104E-04
Ar  3421  0.4125592E+02  0.2578495E+02  0.2578495E+02 -0.5775131E-04 -0.4041065E-04  0.4578046E-04
Ar  3422  0.4383441E+02  0.2836344E+02  0.2578495E+02 -0.2190924E-04  0.4969166E-04  0.4898534E-04
Ar  3423  0.4383441E+02  0.2578495E+02  0.2836344E+02  0.8219611E-04 -0.3581277E-04  0.6229225E-05
Ar  3424  0.4125592E+02  0.2836344E+02  0.2836344E+02  0.2512911E-04 -0.3852488E-04  0.4960781E-05
Ar  3425  0.4125592E+02  0.2578495E+02  0.3094194E+02  0.9924765E-04 -0.3999720E-04 -0.1571953E-03
Ar  3426  0.4383441E+02  0.2836344E+02  0.3094194E+02 -0.1026714E-04 -0.1176584E-03  0.4660427E-04
Ar  3427  0.4383441E+02  0.2578495E+02  0.3352043E+02 -0.2925423E-05  0.3489853E-04  0.7500151E-04
Ar  3428  0.4125592E+02  0.2836344E+02  0.3352043E+02 -0.3966176E-04 -0.4340742E-04  0.4790251E-04
Ar  3429  0.4125592E+02  0.2578495E+02  0.3609893E+02  0.4866013E-04  0.9292390E-05  0.6688513E-04
Ar  3430  0.4383441E+02  0.2836344E+02  0.3609893E+02  0.4062639E-04  0.1160639E-03 -0.6137833E-05
Ar  3431  0.4383441E+02  0.2578495E+02  0.3867742E+02 -0.1449947E-05 -0.6074692E-04 -0.1732941E-03
Ar  3432  0.4125592E+02  0.2836344E+02  0.3867742E+02  0.1242962E-04 -0.3361866E-04 -0.4728703E-04
Ar  3433  0.4125592E+02  0.2578495E+02  0.4125592E+02  0.1047928E-03  0.3979352E-04 -0.3594899E-04
Ar  3434  0.4383441E+02  0.2836344E+02  0.4125592E+02 -0.2319464E-04  0.7047220E-04 -0.3691202E-04
Ar  3435  0.4383441E+02  0.2578495E+02  0.4383441E+02 -0.7572814E-04 -0.4091097E-04  0.6021572E-04
Ar  3436  0.4125592E+02  0.2836344E+02  0.4383441E+02 -0.6004284E-04  0.6202891E-04  0.1533455E-03
Ar  3437  0.4125592E+02  0.2578495E+02  0.4641291E+02  0.4779805E-04  0.1588295E-03  0.4945964E-04
Ar  3438  0.4383441E+02  0.2836344E+02  0.4641291E+02  0.1965311E-04 -0.1491673E-05 -0.4916043E-05
Ar  3439  0.4383441E+02  0.2578495E+02  0.4899140E+02  0.2585978E-04 -0.9307667E-04 -0.7623524E-05
Ar  3440  0.4125592E+02  0.2836344E+02  0.4899140E+02 -0.7894513E-04  0.4995551E-04 -0.8679365E-04
Ar  3441  0.4125592E+02  0.3094194E+02  0.0000000E+00  0.8587122E-04 -0.3057207E-05 -0.4837806E-04
Ar  3442  0.4383441E+02  0.3352043E+02  0.0000000E+00 -0.1029184E-04 -0.1742062E-04  0.7155478E-04
Ar  3443  0.4383441E+02  0.3094194E+02  0.2578495E+01 -0.7150318E-04 -0.1606532E-03 -0.3711222E-04
Ar  3444  0.4125592E+02  0.3352043E+02  0.2578495E+01  0.5061155E-04 -0.2608004E-04 -0.3783563E-04
Ar  3445  0.4125592E+02  0.3094194E+02  0.5156990E+01 -0.4084954E-04 -0.4496159E-04 -0.5823653E-04
Ar  3446  0.4383441E+02  0.3352043E+02  0.5156990E+01 -0.1948519E-04  0.3643806E-04  0.2399033E-05
Ar  3447  0.4383441E+02  0.3094194E+02  0.7735485E+01  0.6523725E-06  0.1451409E-03 -0.1221848E-03
Ar  3448  0.4125592E+02  0.3352043E+02  0.7735485E+01  0.2976530E-04  0.7365569E-04  0.6653446E-04
Ar  3449  0.4125592E+02  0.3094194E+02  0.1031398E+02 -0.2391049E-04  0.7973436E-04 -0.6345122E-05
Ar  3450  0.4383441E+02  0.3352043E+02  0.1031398E+02  0.6062259E-04  0.1150674E-04  0.6142556E-04
Ar  3451  0.4383441E+02  0.3094194E+02  0.1289247E+02 -0.6551269E-04  0.4972256E-04 -0.1766724E-04
Ar  3452  0.4125592E+02  0.3352043E+02  0.1289247E+02 -0.5057598E-05 -0.5089296E-04 -0.7705822E-04
Ar  3453  0.4125592E+02  0.3094194E+02  0.1547097E+02  0.5170491E-04 -0.4049385E-04  0.9003608E-04
Ar  3454  0.4383441E+02  0.3352043E+02  0.1547097E+02  0.1971843E-05 -0.6664082E-04  0.7850084E-04
Ar  3455  0.4383441E+02  0.3094194E+02  0.1804946E+02 -0.7340112E-04 -0.4012788E-04  0.6149650E-04
Ar  3456  0.4125592E+02  0.3352043E+02  0.1804946E+02 -0.1089771E-03  0.4593916E-04  0.5103052E-04
Ar  3457  0.4125592E+02  0.3094194E+02  0.2062796E+02  0.5657157E-05 -0.5111478E-04 -0.7052243E-04
Ar  3458  0.4383441E+02  0.3352043E+02  0.2062796E+02 -0.3976664E-04 -0.3223784E-04 -0.7892890E-04
Ar  3459  0.4383441E+02  0.3094194E+02  0.2320645E+02 -0.6657479E-04  0.3420704E-04 -0.3122754E-05
Ar  3460  0.4125592E+02  0.3352043E+02  0.2320645E+02  0.1904264E-04  0.2932557E-04 -0.2436219E-04
Ar  3461  0.4125592E+02  0.3094194E+02  0.2578495E+02  0.1462845E-04 -0.3302912E-04  0.4418784E-04
Ar  3462  0.4383441E+02  0.3352043E+02  0.2578495E+02  0.2280411E-05 -0.6284218E-04 -0.4372245E-04
Ar  3463  0.4383441E+02  0.3094194E+02  0.2836344E+02  0.2400988E-04 -0.7533226E-05 -0.5757193E-04
Ar  3464  0.4125592E+02  0.3352043E+02  0.2836344E+02  0.1571046E-04  0.4073383E-04  0.2459342E-04
Ar  3465  0.4125592E+02  0.3094194E+02  0.3094194E+02  0.2831991E-04  0.5342877E-04  0.5212794E-04
Ar  3466  0.4383441E+02  0.3352043E+02  0.3094194E+02 -0.4992892E-04 -0.2412454E-04 -0.3131074E-04
Ar  3467  0.4383441E+02  0.3094194E+02  0.3352043E+02 -0.7715240E-05 -0.4331366E-05 -0.2695573E-04
Ar  3468  0.4125592E+02  0.3352043E+02  0.3352043E+02 -0.2017269E-04 -0.4273038E-04 -0.7137361E-04
Ar  3469  0.4125592E+02  0.3094194E+02  0.3609893E+02 -0.2782004E-04 -0.7877783E-05  0.1312896E-03
Ar  3470  0.4383441E+02  0.3352043E+02  0.3609893E+02  0.3838668E-04  0.7134900E-04 -0.4936474E-04
Ar  3471  0.4383441E+02  0.3094194E+02  0.3867742E+02  0.1166591E-03  0.7406855E-04 -0.1406082E-04
Ar  3472  0.4125592E+02  0.3352043E+02  0.3867742E+02 -0.2489163E-04 -0.6517313E-04 -0.6726383E-04
Ar  3473  0.4125592E+02  0.3094194E+02  0.4125592E+02 -0.3642963E-04 -0.9117255E-04  0.6906550E-04
Ar  3474  0.4383441E+02  0.3352043E+02  0.4125592E+02  0.4608793E-04 -0.2669454E-04 -0.2162685E-04
Ar  3475  0.4383441E+02  0.3094194E+02  0.4383441E+02  0.7698030E-05 -0.2784661E-04 -0.6809931E-04
Ar  3476  0.4125592E+02  0.3352043E+02  0.4383441E+02  0.2226599E-04 -0.4048571E-04 -0.1574144E-03
Ar  3477  0.4125592E+02  0.3094194E+02  0.4641291E+02  0.1205252E-03  0.1628324E-04 -0.4115153E-04
Ar  3478  0.4383441E+02  0.3352043E+02  0.4641291E+02  0.2639740E-04 -0.4156967E-04 -0.2608766E-04
Ar  3479  0.4383441E+02  0.3094194E+02  0.4899140E+02 -0.6490661E-04 -0.1288145E-03  0.4208902E-04
Ar  3480  0.4125592E+02  0.3352043E+02  0.4899140E+02 -0.1289340E-04  0.5806070E-04 -0.1573205E-04
Ar  3481  0.4125592E+02  0.3609893E+02  0.0000000E+00  0.1208527E-04 -0.6299872E-04 -0.8091301E-04
Ar  3482  0.4383441E+02  0.3867742E+02  0.0000000E+00 -0.1953598E-04  0.5442286E-06  0.1344612E-04
Ar  3483  0.4383441E+02  0.3609893E+02  0.2578495E+01  0.5991985E-04 -0.9233175E-05  0.4848562E-04
Ar  3484  0.4125592E+02  0.3867742E+02  0.2578495E+01 -0.2935899E-05  0.1124296E-03  0.9594499E-04
Ar  3485  0.4125592E+02  0.3609893E+02  0.5156990E+01 -0.2680768E-04  0.3901665E-04  0.3240078E-04
Ar  3486  0.4383441E+02  0.3867742E+02  0.5156990E+01  0.9626308E-04  0.7643260E-04  0.3882158E-04
Ar  3487  0.4383441E+02  0.3609893E+02  0.7735485E+01  0.1591570E-03  0.1533967E-04  0.7959247E-04
Ar  3488  0.4125592E+02  0.3867742E+02  0.7735485E+01 -0.2833437E-04  0.4739110E-06  0.2962261E-04
Ar  3489  0.4125592E+02  0.3609893E+02  0.1031398E+02 -0.7708752E-04  0.1147278E-03  0.5258189E-04
Ar  3490  0.4383441E+02  0.3867742E+02  0.1031398E+02  0.1669184E-04  0.7942737E-04 -0.1566789E-04
Ar  3491  0.4383441E+02  0.3609893E+02  0.1289247E+02 -0.2543300E-04 -0.1412727E-03  0.4406264E-05
Ar  3492  0.4125592E+02  0.3867742E+02  0.1289247E+02  0.2827271E-04 -0.1314545E-03  0.1038161E-04
Ar  3493  0.4125592E+02  0.3609893E+02  0.1547097E+02 -0.1171504E-03 -0.5731953E-04  0.3579924E-04
Ar  3494  0.4383441E+02  0.3867742E+02  0.1547097E+02 -0.9880110E-04 -0.2242304E-04  0.4804012E-04
Ar  3495  0.4383441E+02  0.3609893E+02  0.1804946E+02 -0.5918480E-04  0.2769492E-04 -0.6328306E-04
Ar  3496  0.4125592E+02  0.3867742E+02  0.1804946E+02 -0.8197934E-04  0.8079636E-04 -0.4623596E-04
Ar  3497  0.4125592E+02  0.3609893E+02  0.2062796E+02  0.9831673E-04  0.6391161E-04  0.2836260E-04
Ar  3498  0.4383441E+02  0.3867742E+02  0.2062796E+02  0.7207093E-04  0.1052134E-03  0.3070840E-04
Ar  3499  0.4383441E+02  0.3609893E+02  0.2320645E+02 -0.1103195E-04  0.3201385E-04 -0.2141509E-04
Ar  3500  0.4125592E+02  0.3867742E+02  0.2320645E+02  0.4308917E-04  0.1485986E-03  0.8869077E-05
Ar  3501  0.4125592E+02  0.3609893E+02  0.2578495E+02 -0.2871027E-04  0.1751552E-04 -0.8860855E-06
Ar  3502  0.4383441E+02  0.3867742E+02  0.2578495E+02  0.7117903E-04 -0.5203962E-04  0.6021665E-05
Ar  3503  0.4383441E+02  0.3609893E+02  0.2836344E+02 -0.1184174E-03  0.6538740E-04  0.8816474E-04
Ar  3504  0.4125592E+02  0.3867742E+02  0.2836344E+02 -0.3630729E-04 -0.2840276E-04  0.4158229E-04
Ar  3505  0.4125592E+02  0.3609893E+02  0.3094194E+02 -0.1171338E-04 -0.8120828E-04 -0.2298152E-04
Ar  3506  0.4383441E+02  0.3867742E+02  0.3094194E+02 -0.4534053E-04  0.4867734E-04 -0.1087932E-03
Ar  3507  0.4383441E+02  0.3609893E+02  0.3352043E+02 -0.7979856E-04 -0.5373794E-05  0.3166941E-04
Ar  3508  0.4125592E+02  0.3867742E+02  0.3352043E+02 -0.1127612E-03 -0.3227357E-04 -0.2518440E-05
Ar  3509  0.4125592E+02  0.3609893E+02  0.3609893E+02  0.1712181E-04  0.1105698E-03 -0.9032679E-05
Ar  3510  0.4383441E+02  0.3867742E+02  0.3609893E+02  0.2112840E-04  0.1499665E-04  0.1206934E-04
Ar  3511  0.4383441E+02  0.3609893E+02  0.3867742E+02  0.6794567E-04 -0.1763120E-04 -0.2393528E-04
Ar  3512  0.4125592E+02  0.3867742E+02  0.3867742E+02 -0.2180076E-04  0.8394910E-04  0.3141593E-04
Ar  3513  0.4125592E+02  0.3609893E+02  0.4125592E+02  0.1201869E-04  0.2324478E-04  0.2165761E-04
Ar  3514  0.4383441E+02  0.3867742E+02  0.4125592E+02 -0.1631302E-04 -0.1883169E-04 -0.6957813E-05
Ar  3515  0.4383441E+02  0.3609893E+02  0.4383441E+02 -0.1234462E-03  0.2903995E-04  0.1022930E-03
Ar  3516  0.4125592E+02  0.3867742E+02  0.4383441E+02  0.5808940E-04 -0.6602273E-04  0.2165565E-04
Ar  3517  0.4125592E+02  0.3609893E+02  0.4641291E+02  0.2490628E-04 -0.1653052E-04 -0.3304170E-04
Ar  3518  0.4383441E+02  0.3867742E+02  0.4641291E+02  0.3532248E-04 -0.4675797E-04 -0.1284051E-03
Ar  3519  0.4383441E+02  0.3609893E+02  0.4899140E+02  0.1343424E-03 -0.5653309E-04 -0.2086589E-03
Ar  3520  0.4125592E+02  0.3867742E+02  0.4899140E+02  0.2362671E-04 -0.1134209E-04 -0.1259682E-04
Ar  3521  0.4125592E+02  0.4125592E+02  0.0000000E+00  0.1939392E-04  0.1240165E-03 -0.2776765E-05
Ar  3522  0.4383441E+02  0.4383441E+02  0.0000000E+00 -0.3731254E-04 -0.4206430E-04 -0.2226639E-04
Ar  3523  0.4383441E+02  0.4125592E+02  0.2578495E+01  0.2299146E-04 -0.4884218E-04  0.1565119E-04
Ar  3524  0.4125592E+02  0.4383441E+02  0.2578495E+01 -0.7456808E-04  0.5095607E-04 -0.8943368E-04
Ar  3525  0.4125592E+02  0.4125592E+02  0.5156990E+01  0.7794742E-04 -0.5861968E-04  0.1497676E-03
Ar  3526  0.4383441E+02  0.4383441E+02  0.5156990E+01  0.6245530E-04 -0.4926399E-04  0.1693288E-04
Ar  3527  0.4383441E+02  0.4125592E+02  0.7735485E+01  0.1903683E-04  0.3999753E-04 -0.6129902E-04
Ar  3528  0.4125592E+02  0.4383441E+02  0.7735485E+01  0.2715763E-04 -0.2658061E-04  0.1110937E-03
Ar  3529  0.4125592E+02  0.4125592E+02  0.1031398E+02  0.7046946E-05 -0.3134337E-05 -0.5428662E-04
Ar  3530  0.4383441E+02  0.4383441E+02  0.1031398E+02 -0.3934016E-04 -0.1042660E-03  0.7874597E-04
Ar  3531  0.4383441E+02  0.4125592E+02  0.1289247E+02  0.1157202E-03 -0.1721062E-04 -0.1499933E-05
Ar  3532  0.4125592E+02  0.4383441E+02  0.1289247E+02 -0.3239555E-04  0.4784135E-04 -0.5055722E-04
Ar  3533  0.4125592E+02  0.4125592E+02  0.1547097E+02  0.6687096E-04 -0.8248925E-05 -0.6924610E-04
Ar  3534  0.4383441E+02  0.4383441E+02  0.1547097E+02  0.7956042E-04  0.1682412E-03  0.3023193E-04
Ar  3535  0.4383441E+02  0.4125592E+02  0.1804946E+02 -0.6472083E-05 -0.1001785E-03 -0.1395704E-03
Ar  3536  0.4125592E+02  0.4383441E+02  0.1804946E+02  0.1653793E-04  0.1225176E-03 -0.1270758E-03
Ar  3537  0.4125592E+02  0.4125592E+02  0.2062796E+02 -0.6682816E-04 -0.4504324E-04  0.8833982E-05
Ar  3538  0.4383441E+02  0.4383441E+02  0.2062796E+02  0.4071189E-04 -0.3087083E-04 -0.4106790E-04
Ar  3539  0.4383441E+02  0.4125592E+02  0.2320645E+02  0.4149937E-04  0.4446682E-04  0.4835346E-04
Ar  3540  0.4125592E+02  0.4383441E+02  0.2320645E+02  0.8169825E-04  0.5906774E-04  0.2551270E-04
Ar  3541  0.4125592E+02  0.4125592E+02  0.2578495E+02 -0.9606405E-04  0.1023965E-03 -0.5029145E-04
Ar  3542  0.4383441E+02  0.4383441E+02  0.2578495E+02  0.3175393E-04 -0.1408486E-03 -0.1820245E-04
Ar  3543  0.4383441E+02  0.4125592E+02  0.2836344E+02 -0.1058976E-03 -0.1046147E-03 -0.2641785E-04
Ar  3544  0.4125592E+02  0.4383441E+02  0.2836344E+02 -0.1559348E-03  0.7396175E-05  0.1808426E-03
Ar  3545  0.4125592E+02  0.4125592E+02  0.3094194E+02  0.1663064E-04 -0.6055518E-04 -0.1127614E-04
Ar  3546  0.4383441E+02  0.4383441E+02  0.3094194E+02  0.1385669E-03  0.8433754E-04  0.1483070E-04
Ar  3547  0.4383441E+02  0.4125592E+02  0.3352043E+02  0.5030785E-04  0.1207844E-03  0.1053726E-03
Ar  3548  0.4125592E+02  0.4383441E+02  0.3352043E+02  0.5178936E-04 -0.3735051E-04 -0.3541608E-05
Ar  3549  0.4125592E+02  0.4125592E+02  0.3609893E+02 -0.1015386E-03  0.3728181E-04 -0.2008228E-05
Ar  3550  0.4383441E+02  0.4383441E+02  0.3609893E+02  0.1529594E-04 -0.8687422E-04 -0.1874255E-04
Ar  3551  0.4383441E+02  0.4125592E+02  0.3867742E+02  0.2151092E-04  0.7845932E-04  0.9970213E-05
Ar  3552  0.4125592E+02  0.4383441E+02  0.3867742E+02  0.5520843E-04 -0.9461328E-04 -0.2673359E-04
Ar  3553  0.4125592E+02  0.4125592E+02  0.4125592E+02 -0.1046941E-04  0.6840062E-04 -0.2930934E-04
Ar  3554  0.4383441E+02  0.4383441E+02  0.4125592E+02  0.2987737E-04  0.7758868E-05 -0.6912362E-04
Ar  3555  0.4383441E+02  0.4125592E+02  0.4383441E+02  0.3535328E-04 -0.2405493E-05 -0.3324036E-04
Ar  3556  0.4125592E+02  0.4383441E+02  0.4383441E+02  0.8579642E-04 -0.1979659E-04  0.2432793E-03
Ar  3557  0.4125592E+02  0.4125592E+02  0.4641291E+02  0.1311285E-03 -0.1645502E-05  0.1300128E-04
Ar  3558  0.4383441E+02  0.4383441E+02  0.4641291E+02 -0.1601585E-04  0.7176665E-04 -0.2688261E-04
Ar  3559  0.4383441E+02  0.4125592E+02  0.4899140E+02 -0.9699298E-04  0.7516768E-04  0.1198500E-04
Ar  3560  0.4125592E+02  0.4383441E+02  0.4899140E+02 -0.1165143E-04 -0.2626977E-04 -0.7492070E-04
Ar  3561  0.4125592E+02  0.4641291E+02  0.0000000E+00  0.1053834E-03  0.3785880E-04  0.1968552E-03
Ar  3562  0.4383441E+02  0.4899140E+02  0.0000000E+00 -0.1515964E-04 -0.2985758E-04  0.5377184E-04
Ar  3563  0.4383441E+02  0.4641291E+02  0.2578495E+01  0.7864152E-04  0.1255436E-03  0.5551580E-04
Ar  3564  0.4125592E+02  0.4899140E+02  0.2578495E+01 -0.3781246E-04 -0.3607105E-04  0.7524224E-04
Ar  3565  0.4125592E+02  0.4641291E+02  0.5156990E+01  0.8021624E-04  0.3298419E-04  0.4545789E-04
Ar  3566  0.4383441E+02  0.4899140E+02  0.5156990E+01  0.6124112E-04 -0.4175705E-04 -0.3963773E-04
Ar  3567  0.4383441E+02  0.4641291E+02  0.7735485E+01  0.2521226E-04 -0.5799872E-04 -0.5752459E-05
Ar  3568  0.4125592E+02  0.4899140E+02  0.7735485E+01 -0.1086380E-04 -0.1959599E-04  0.1025665E-05
Ar  3569  0.4125592E+02  0.4641291E+02  0.1031398E+02  0.1096112E-04 -0.8894931E-04 -0.2769569E-04
Ar  3570  0.4383441E+02  0.4899140E+02  0.1031398E+02 -0.7394517E-04  0.1573914E-04  0.5687006E-04
Ar  3571  0.4383441E+02  0.4641291E+02  0.1289247E+02 -0.1688444E-04  0.1549756E-04 -0.7230240E-04
Ar  3572  0.4125592E+02  0.4899140E+02  0.1289247E+02  0.2592338E-04 -0.4950729E-04  0.2496073E-04
Ar  3573  0.4125592E+02  0.4641291E+02  0.1547097E+02 -0.3807461E-04  0.2729637E-04 -0.8536064E-04
Ar  3574  0.4383441E+02  0.4899140E+02  0.1547097E+02  0.3552844E-05 -0.2010450E-04  0.5941952E-05
Ar  3575  0.4383441E+02  0.4641291E+02  0.1804946E+02 -0.5392703E-04 -0.2951263E-04  0.1532028E-04
Ar  3576  0.4125592E+02  0.4899140E+02  0.1804946E+02  0.1457235E-03 -0.1987042E-04 -0.9346728E-04
Ar  3577  0.4125592E+02  0.4641291E+02  0.2062796E+02  0.6451296E-04  0.7931477E-04  0.1886532E-04
Ar  3578  0.4383441E+02  0.4899140E+02  0.2062796E+02 -0.6039495E-04  0.2034873E-04  0.7779543E-04
Ar  3579  0.4383441E+02  0.4641291E+02  0.2320645E+02  0.1421373E-03 -0.1112973E-03  0.1066405E-05
Ar  3580  0.4125592E+02  0.4899140E+02  0.2320645E+02  0.1706829E-04  0.1709357E-05  0.2740829E-04
Ar  3581  0.4125592E+02  0.4641291E+02  0.2578495E+02 -0.7545715E-06 -0.2983693E-04 -0.5487042E-04
Ar  3582  0.4383441E+02  0.4899140E+02  0.2578495E+02 -0.1694388E-04  0.2698486E-04  0.2994688E-05
Ar  3583  0.4383441E+02  0.4641291E+02  0.2836344E+02 -0.8801616E-04 -0.6000602E-04  0.3516462E-04
Ar  3584  0.4125592E+02  0.4899140E+02  0.2836344E+02  0.7872425E-04 -0.4510854E-04 -0.6633645E-04
Ar  3585  0.4125592E+02  0.4641291E+02  0.3094194E+02  0.7489785E-04  0.5239511E-04  0.8754215E-04
Ar  3586  0.4383441E+02  0.4899140E+02  0.3094194E+02  0.5418643E-04  0.7659014E-05  0.7445043E-05
Ar  3587  0.4383441E+02  0.4641291E+02  0.3352043E+02  0.4781731E-04 -0.7644535E-05 -0.3336078E-04
Ar  3588  0.4125592E+02  0.4899140E+02  0.3352043E+02  0.6021074E-04  0.5007412E-04  0.1660017E-04
Ar  3589  0.4125592E+02  0.4641291E+02  0.3609893E+02  0.2988155E-04  0.6409436E-04  0.8126407E-04
Ar  3590  0.4383441E+02  0.4899140E+02  0.3609893E+02 -0.5829474E-04  0.1423485E-04  0.2981728E-04
Ar  3591  0.4383441E+02  0.4641291E+02  0.3867742E+02  0.1197310E-03  0.6740295E-04  0.1117744E-04
Ar  3592  0.4125592E+02  0.4899140E+02  0.3867742E+02  0.4658587E-04  0.6165031E-04 -0.6374924E-04
Ar  3593  0.4125592E+02  0.4641291E+02  0.4125592E+02  0.7866507E-04  0.9506009E-05 -0.8741828E-04
Ar  3594  0.4383441E+02  0.4899140E+02  0.4125592E+02  0.1186989E-03 -0.7965397E-04 -0.8578928E-04
Ar  3595  0.4383441E+02  0.4641291E+02  0.4383441E+02 -0.2150663E-04 -0.8077825E-04 -0.4283782E-05
Ar  3596  0.4125592E+02  0.4899140E+02  0.4383441E+02 -0.7225624E-04  0.4182771E-04 -0.3433583E-04
Ar  3597  0.4125592E+02  0.4641291E+02  0.4641291E+02 -0.7818332E-04  0.3087993E-04  0.1149890E-04
Ar  3598  0.4383441E+02  0.4899140E+02  0.4641291E+02 -0.8542675E-04 -0.2256201E-04  0.1211221E-03
Ar  3599  0.4383441E+02  0.4641291E+02  0.4899140E+02  0.5753179E-04  0.5599106E-04 -0.1586021E-04
Ar  3600  0.4125592E+02  0.4899140E+02  0.4899140E+02 -0.3388169E-04 -0.4149551E-04 -0.1397517E-03
Ar  3601  0.4641291E+02  0.0000000E+00  0.0000000E+00 -0.5474516E-04 -0.1766554E-04 -0.6268968E-04
Ar  3602  0.4899140E+02  0.2578495E+01  0.0000000E+00 -0.6668195E-04  0.6044106E-04  0.5400225E-06
Ar  3603  0.4899140E+02  0.0000000E+00  0.2578495E+01  0.8486597E-04 -0.4440541E-04  0.4471328E-05
Ar  3604  0.4641291E+02  0.2578495E+01  0.2578495E+01 -0.6228369E-04  0.1597535E-03  0.2170181E-04
Ar  3605  0.4641291E+02  0.0000000E+00  0.5156990E+01 -0.4608465E-04  0.2109221E-04  0.4616573E-04
Ar  3606  0.4899140E+02  0.2578495E+01  0.5156990E+01  0.2830798E-05  0.3835078E-04  0.9674076E-04
Ar  3607  0.4899140E+02  0.0000000E+00  0.7735485E+01  0.2151137E-03 -0.2033539E-04  0.5952144E-04
Ar  3608  0.4641291E+02  0.2578495E+01  0.7735485E+01 -0.5158838E-05 -0.6500450E-04  0.1502248E-04
Ar  3609  0.4641291E+02  0.0000000E+00  0.1031398E+02 -0.8215794E-04  0.2503095E-04 -0.8494534E-04
Ar  3610  0.4899140E+02  0.2578495E+01  0.1031398E+02  0.1452978E-03  0.1519652E-04 -0.1593105E-04
Ar  3611  0.4899140E+02  0.0000000E+00  0.1289247E+02  0.9726645E-04  0.5226387E-04  0.5435160E-04
Ar  3612  0.4641291E+02  0.2578495E+01  0.1289247E+02 -0.8983326E-04 -0.1114069E-03  0.4835830E-04
Ar  3613  0.4641291E+02  0.0000000E+00  0.1547097E+02 -0.9339708E-04 -0.5362260E-04  0.4940247E-04
Ar  3614  0.4899140E+02  0.2578495E+01  0.1547097E+02 -0.6796717E-04  0.4105694E-04  0.1014438E-03
Ar  3615  0.4899140E+02  0.0000000E+00  0.1804946E+02 -0.6150747E-04  0.3964033E-04 -0.3136177E-04
Ar  3616  0.4641291E+02  0.2578495E+01  0.1804946E+02  0.6944052E-05  0.3445935E-04 -0.4321364E-04
Ar  3617  0.4641291E+02  0.0000000E+00  0.2062796E+02 -0.8486095E-04  0.2116992E-04  0.6526168E-05
Ar  3618  0.4899140E+02  0.2578495E+01  0.2062796E+02 -0.1193978E-03  0.1251334E-04  0.5157930E-04
Ar  3619  0.4899140E+02  0.0000000E+00  0.2320645E+02  0.7058910E-04  0.8973510E-04  0.1135913E-03
Ar  3620  0.4641291E+02  0.2578495E+01  0.2320645E+02 -0.5628727E-04 -0.7943892E-04 -0.7945125E-04
Ar  3621  0.4641291E+02  0.0000000E+00  0.2578495E+02  0.3550188E-05 -0.1238448E-03  0.5046121E-04
Ar  3622  0.4899140E+02  0.2578495E+01  0.2578495E+02 -0.1063107E-04 -0.7058981E-04 -0.8321264E-04
Ar  3623  0.4899140E+02  0.0000000E+00  0.2836344E+02 -0.1438938E-03  0.3335240E-04 -0.3643206E-04
Ar  3624  0.4641291E+02  0.2578495E+01  0.2836344E+02 -0.1329919E-04  0.1432616E-03  0.2163709E-04
Ar  3625  0.4641291E+02  0.0000000E+00  0.3094194E+02  0.4644853E-04  0.7316126E-04  0.6463326E-04
Ar  3626  0.4899140E+02  0.2578495E+01  0.3094194E+02 -0.1595073E-04  0.1070935E-03  0.8216015E-04
Ar  3627  0.4899140E+02  0.0000000E+00  0.3352043E+02  0.1128492E-03  0.2211701E-04  0.6277795E-04
Ar  3628  0.4641291E+02  0.2578495E+01  0.3352043E+02  0.7180553E-04 -0.9940101E-04 -0.3903219E-04
Ar  3629  0.4641291E+02  0.0000000E+00  0.3609893E+02  0.1308708E-04 -0.5460530E-04 -0.9868796E-04
Ar  3630  0.4899140E+02  0.2578495E+01  0.3609893E+02  0.6230620E-04 -0.9484692E-04 -0.2850971E-04
Ar  3631  0.4899140E+02  0.0000000E+00  0.3867742E+02  0.1353596E-03 -0.1448117E-04 -0.3782721E-04
Ar  3632  0.4641291E+02  0.2578495E+01  0.3867742E+02  0.2852862E-04  0.4025901E-04  0.3088869E-04
Ar  3633  0.4641291E+02  0.0000000E+00  0.4125592E+02  0.1192409E-03 -0.9549418E-04 -0.9306645E-04
Ar  3634  0.4899140E+02  0.2578495E+01  0.4125592E+02 -0.4690505E-04  0.1016274E-03  0.5807122E-04
Ar  3635  0.4899140E+02  0.0000000E+00  0.4383441E+02 -0.9346677E-04  0.3306693E-04 -0.4677937E-04
Ar  3636  0.4641291E+02  0.2578495E+01  0.4383441E+02 -0.6657875E-04  0.7939540E-04 -0.8126212E-04
Ar  3637  0.4641291E+02  0.0000000E+00  0.4641291E+02  0.5496563E-04 -0.7491205E-04  0.8457116E-04
Ar  3638  0.4899140E+02  0.2578495E+01  0.4641291E+02 -0.1144510E-03 -0.4649945E-04 -0.2048890E-04
Ar  3639  0.4899140E+02  0.0000000E+00  0.4899140E+02  0.1507468E-03 -0.3561788E-04 -0.1724861E-05
Ar  3640  0.4641291E+02  0.2578495E+01  0.4899140E+02  0.6624619E-04 -0.2421904E-05 -0.8224081E-04
Ar  3641  0.4641291E+02  0.5156990E+01  0.0000000E+00 -0.2965321E-04  0.2750590E-04  0.7555951E-04
Ar  3642  0.4899140E+02  0.7735485E+01  0.0000000E+00  0.8741631E-04  0.2792935E-04 -0.4357298E-04
Ar  3643  0.4899140E+02  0.5156990E+01  0.2578495E+01 -0.1506219E-03  0.4344575E-04  0.4655657E-04
Ar  3644  0.4641291E+02  0.7735485E+01  0.2578495E+01  0.8980336E-04 -0.3800595E-04  0.1472735E-04
Ar  3645  0.4641291E+02  0.5156990E+01  0.5156990E+01 -0.1227402E-03  0.6408559E-04 -0.8177852E-04
Ar  3646  0.4899140E+02  0.7735485E+01  0.5156990E+01 -0.5176507E-04 -0.2055319E-04  0.1154466E-03
Ar  3647  0.4899140E+02  0.5156990E+01  0.7735485E+01 -0.7805998E-04 -0.7188644E-04  0.1025089E-03
Ar  3648  0.4641291E+02  0.7735485E+01  0.7735485E+01  0.2278650E-05  0.2955396E-05 -0.4366451E-04
Ar  3649  0.4641291E+02  0.5156990E+01  0.1031398E+02 -0.1139982E-04 -0.7472533E-04 -0.5442570E-04
Ar  3650  0.4899140E+02  0.7735485E+01  0.1031398E+02 -0.4057346E-04 -0.7531869E-04 -0.5461236E-04
Ar  3651  0.4899140E+02  0.5156990E+01  0.1289247E+02 -0.4124203E-04 -0.2259652E-04 -0.6191498E-04
Ar  3652  0.4641291E+02  0.7735485E+01  0.1289247E+02  0.3698217E-04  0.1453713E-03  0.3188513E-04
Ar  3653  0.4641291E+02  0.5156990E+01  0.1547097E+02  0.1104290E-03  0.2688163E-04  0.5343746E-04
Ar  3654  0.4899140E+02  0.7735485E+01  0.1547097E+02 -0.1049008E-03 -0.4372028E-04 -0.3244553E-04
Ar  3655  0.4899140E+02  0.5156990E+01  0.1804946E+02  0.6056280E-04  0.5489073E-04  0.1014012E-03
Ar  3656  0.4641291E+02  0.7735485E+01  0.1804946E+02  0.2311438E-04  0.9516696E-05 -0.8757888E-04
Ar  3657  0.4641291E+02  0.5156990E+01  0.2062796E+02 -0.6688533E-04 -0.1095309E-04 -0.6109512E-04
Ar  3658  0.4899140E+02  0.7735485E+01  0.2062796E+02 -0.5803749E-04  0.5057411E-04 -0.3169360E-05
Ar  3659  0.4899140E+02  0.5156990E+01  0.2320645E+02 -0.3251693E-05  0.9166852E-04 -0.2606609E-04
Ar  3660  0.4641291E+02  0.7735485E+01  0.2320645E+02 -0.1751873E-04  0.2499398E-04  0.1863515E-04
Ar  3661  0.4641291E+02  0.5156990E+01  0.2578495E+02  0.6993923E-04 -0.2715660E-05  0.1429637E-03
Ar  3662  0.4899140E+02  0.7735485E+01  0.2578495E+02  0.3898347E-04  0.4302569E-04 -0.1684022E-04
Ar  3663  0.4899140E+02  0.5156990E+01  0.2836344E+02 -0.8647554E-04 -0.1225646E-04  0.3547989E-05
Ar  3664  0.4641291E+02  0.7735485E+01  0.2836344E+02 -0.7100099E-04  0.4602502E-04  0.1929498E-05
Ar  3665  0.4641291E+02  0.5156990E+01  0.3094194E+02 -0.1390434E-03  0.3474551E-04  0.2129243E-04
Ar  3666  0.4899140E+02  0.7735485E+01  0.3094194E+02  0.9388635E-04 -0.1490101E-04 -0.5917633E-04
Ar  3667  0.4899140E+02  0.5156990E+01  0.3352043E+02  0.2962960E-05  0.5925399E-04  0.2527713E-04
Ar  3668  0.4641291E+02  0.7735485E+01  0.3352043E+02 -0.3569736E-04 -0.6375873E-04  0.1202211E-03
Ar  3669  0.4641291E+02  0.5156990E+01  0.3609893E+02  0.8868124E-04 -0.8506668E-04 -0.5054778E-04
Ar  3670  0.4899140E+02  0.7735485E+01  0.3609893E+02  0.3856613E-05 -0.4357196E-04 -0.2209489E-05
Ar  3671  0.4899140E+02  0.5156990E+01  0.3867742E+02  0.1031165E-04  0.6377160E-04  0.6917513E-04
Ar  3672  0.4641291E+02  0.7735485E+01  0.3867742E+02 -0.8102437E-04  0.8275385E-04 -0.7522453E-04
Ar  3673  0.4641291E+02  0.5156990E+01  0.4125592E+02 -0.1064318E-05  0.4226932E-04 -0.5806598E-04
Ar  3674  0.4899140E+02  0.7735485E+01  0.4125592E+02  0.3737402E-04 -0.2871413E-04 -0.2579987E-04
Ar  3675  0.4899140E+02  0.5156990E+01  0.4383441E+02  0.4342101E-04 -0.7986267E-04 -0.2951944E-04
Ar  3676  0.4641291E+02  0.7735485E+01  0.4383441E+02 -0.2917047E-04  0.1914262E-04  0.1033023E-04
Ar  3677  0.4641291E+02  0.5156990E+01  0.4641291E+02  0.4918464E-04  0.2334647E-04 -0.6418096E-04
Ar  3678  0.4899140E+02  0.7735485E+01  0.4641291E+02  0.2774959E-04  0.1468739E-05  0.7153934E-05
Ar  3679  0.4899140E+02  0.5156990E+01  0.4899140E+02 -0.7765009E-04 -0.3456851E-04  0.4801908E-04
Ar  3680  0.4641291E+02  0.7735485E+01  0.4899140E+02 -0.1633250E-03 -0.1155430E-03 -0.6032446E-04
Ar  3681  0.4641291E+02  0.1031398E+02  0.0000000E+00 -0.6635899E-05 -0.3138393E-04 -0.6788515E-04
Ar  3682  0.4899140E+02  0.1289247E+02  0.0000000E+00 -0.2703650E-04 -0.1006813E-03 -0.3273138E-05
Ar  3683  0.4899140E+02  0.1031398E+02  0.2578495E+01 -0.8300552E-04  0.3377973E-04 -0.3136647E-04
Ar  3684  0.4641291E+02  0.1289247E+02  0.2578495E+01 -0.4971297E-04 -0.2890015E-04  0.4382040E-04
Ar  3685  0.4641291E+02  0.1031398E+02  0.5156990E+01 -0.1069321E-03 -0.3344849E-04  0.2372832E-04
Ar  3686  0.4899140E+02  0.1289247E+02  0.5156990E+01  0.1136240E-03  0.9165285E-04  0.3414562E-04
Ar  3687  0.4899140E+02  0.1031398E+02  0.7735485E+01  0.7098213E-05  0.4817017E-04  0.3129919E-04
Ar  3688  0.4641291E+02  0.1289247E+02  0.7735485E+01  0.2136899E-04 -0.7702681E-05 -0.3026482E-04
Ar  3689  0.4641291E+02  0.1031398E+02  0.1031398E+02  0.3635206E-04  0.1025846E-03 -0.1058539E-03
Ar  3690  0.4899140E+02  0.1289247E+02  0.1031398E+02  0.1008658E-03  0.1179910E-04 -0.6716947E-04
Ar  3691  0.4899140E+02  0.1031398E+02  0.1289247E+02  0.2426183E-04  0.1856242E-04  0.4785706E-04
Ar  3692  0.4641291E+02  0.1289247E+02  0.1289247E+02 -0.3521182E-04 -0.9178941E-04 -0.3442457E-04
Ar  3693  0.4641291E+02  0.1031398E+02  0.1547097E+02  0.8538643E-05  0.7386623E-04 -0.8528593E-04
Ar  3694  0.4899140E+02  0.1289247E+02  0.1547097E+02  0.5949703E-04 -0.6379345E-04 -0.2130492E-04
Ar  3695  0.4899140E+02  0.1031398E+02  0.1804946E+02 -0.5758127E-04  0.4444256E-04  0.2224404E-04
Ar  3696  0.4641291E+02  0.1289247E+02  0.1804946E+02  0.1573022E-04  0.5867705E-06  0.9293456E-04
Ar  3697  0.4641291E+02  0.1031398E+02  0.2062796E+02 -0.6277475E-04  0.6088826E-04  0.4692375E-04
Ar  3698  0.4899140E+02  0.1289247E+02  0.2062796E+02  0.3229912E-04 -0.6070167E-05 -0.3489761E-04
Ar  3699  0.4899140E+02  0.1031398E+02  0.2320645E+02 -0.1762390E-03  0.5782519E-04  0.3685914E-05
Ar  3700  0.4641291E+02  0.1289247E+02  0.2320645E+02  0.1026831E-03  0.4425579E-04  0.3930729E-05
Ar  3701  0.4641291E+02  0.1031398E+02  0.2578495E+02 -0.6459677E-04  0.2817784E-04  0.6895526E-04
Ar  3702  0.4899140E+02  0.1289247E+02  0.2578495E+02 -0.1119613E-03  0.1654632E-04 -0.2098260E-05
Ar  3703  0.4899140E+02  0.1031398E+02  0.2836344E+02  0.3146524E-05  0.1698101E-04  0.2724860E-04
Ar  3704  0.4641291E+02  0.1289247E+02  0.2836344E+02 -0.6644527E-04  0.6236181E-04  0.7476177E-04
Ar  3705  0.4641291E+02  0.1031398E+02  0.3094194E+02  0.2732642E-04 -0.2011229E-04 -0.5716253E-04
Ar  3706  0.4899140E+02  0.1289247E+02  0.3094194E+02  0.4477517E-04  0.8053437E-04 -0.1018448E-03
Ar  3707  0.4899140E+02  0.1031398E+02  0.3352043E+02 -0.8917629E-04  0.4900007E-04 -0.4934171E-04
Ar  3708  0.4641291E+02  0.1289247E+02  0.3352043E+02  0.9293549E-05 -0.8006170E-05 -0.4477325E-04
Ar  3709  0.4641291E+02  0.1031398E+02  0.3609893E+02  0.1156510E-03  0.1285534E-03  0.3980619E-04
Ar  3710  0.4899140E+02  0.1289247E+02  0.3609893E+02 -0.2268979E-05 -0.1380510E-03 -0.9325526E-04
Ar  3711  0.4899140E+02  0.1031398E+02  0.3867742E+02 -0.7236834E-04 -0.3695126E-04  0.1611680E-03
Ar  3712  0.4641291E+02  0.1289247E+02  0.3867742E+02  0.8856516E-05  0.7392921E-04  0.4673575E-04
Ar  3713  0.4641291E+02  0.1031398E+02  0.4125592E+02 -0.3985921E-04 -0.8082430E-04 -0.8193547E-05
Ar  3714  0.4899140E+02  0.1289247E+02  0.4125592E+02 -0.1128312E-04  0.4418206E-04  0.6795669E-04
Ar  3715  0.4899140E+02  0.1031398E+02  0.4383441E+02  0.1114078E-03 -0.9812439E-04  0.1221018E-03
Ar  3716  0.4641291E+02  0.1289247E+02  0.4383441E+02  0.4667880E-04  0.9451356E-05 -0.2454654E-04
Ar  3717  0.4641291E+02  0.1031398E+02  0.4641291E+02 -0.8613731E-05  0.1159635E-03  0.4708352E-04
Ar  3718  0.4899140E+02  0.1289247E+02  0.4641291E+02  0.7049946E-05  0.9625565E-04 -0.1379365E-04
Ar  3719  0.4899140E+02  0.1031398E+02  0.4899140E+02 -0.2965636E-04  0.7721623E-04  0.4538620E-04
Ar  3720  0.4641291E+02  0.1289247E+02  0.4899140E+02 -0.4206093E-04 -0.1646710E-04  0.4201396E-04
Ar  3721  0.4641291E+02  0.1547097E+02  0.0000000E+00  0.1263322E-03  0.8204151E-05 -0.7133346E-04
Ar  3722  0.4899140E+02  0.1804946E+02  0.0000000E+00 -0.2698669E-04 -0.4048266E-04  0.2222086E-04
Ar  3723  0.4899140E+02  0.1547097E+02  0.2578495E+01  0.1356744E-03  0.1247637E-03  0.1530183E-03
Ar  3724  0.4641291E+02  0.1804946E+02  0.2578495E+01  0.6292318E-04  0.2654585E-04  0.2335745E-04
Ar  3725  0.4641291E+02  0.1547097E+02  0.5156990E+01 -0.6127498E-04 -0.2173252E-04 -0.8707975E-04
Ar  3726  0.4899140E+02  0.1804946E+02  0.5156990E+01 -0.1025277E-03  0.2263472E-04 -0.1159206E-03
Ar  3727  0.4899140E+02  0.1547097E+02  0.7735485E+01 -0.9500770E-04 -0.2656920E-04 -0.1222154E-03
Ar  3728  0.4641291E+02  0.1804946E+02  0.7735485E+01 -0.6151693E-05 -0.5486141E-04  0.1689511E-04
Ar  3729  0.4641291E+02  0.1547097E+02  0.1031398E+02 -0.3232373E-04 -0.1822916E-04  0.7752960E-04
Ar  3730  0.4899140E+02  0.1804946E+02  0.1031398E+02 -0.4072526E-04  0.1131630E-05  0.1296395E-03
Ar  3731  0.4899140E+02  0.1547097E+02  0.1289247E+02 -0.1118262E-03 -0.3741889E-04 -0.5693264E-04
Ar  3732  0.4641291E+02  0.1804946E+02  0.1289247E+02 -0.3251086E-04 -0.1559954E-03 -0.2933464E-04
Ar  3733  0.4641291E+02  0.1547097E+02  0.1547097E+02  0.1554217E-04 -0.5468207E-04 -0.1016582E-03
Ar  3734  0.4899140E+02  0.1804946E+02  0.1547097E+02 -0.9198107E-04 -0.7226022E-04  0.1115407E-03
Ar  3735  0.4899140E+02  0.1547097E+02  0.1804946E+02  0.1198017E-04  0.8978362E-04  0.5478649E-05
Ar  3736  0.4641291E+02  0.1804946E+02  0.1804946E+02  0.1197600E-03  0.8991997E-04  0.1582219E-05
Ar  3737  0.4641291E+02  0.1547097E+02  0.2062796E+02 -0.1750129E-05 -0.2537541E-04 -0.3238854E-04
Ar  3738  0.4899140E+02  0.1804946E+02  0.2062796E+02 -0.5515045E-04  0.4696118E-04  0.5134448E-04
Ar  3739  0.4899140E+02  0.1547097E+02  0.2320645E+02 -0.4934684E-05  0.7868912E-04  0.3045024E-04
Ar  3740  0.4641291E+02  0.1804946E+02  0.2320645E+02  0.1198207E-03  0.1643933E-03  0.1245323E-03
Ar  3741  0.4641291E+02  0.1547097E+02  0.2578495E+02 -0.2777286E-04 -0.2679075E-04  0.3451248E-04
Ar  3742  0.4899140E+02  0.1804946E+02  0.2578495E+02  0.6252865E-04 -0.1191282E-03  0.7952944E-04
Ar  3743  0.4899140E+02  0.1547097E+02  0.2836344E+02 -0.2870051E-04 -0.9444504E-04 -0.1244314E-03
Ar  3744  0.4641291E+02  0.1804946E+02  0.2836344E+02  0.6591036E-04  0.1668847E-03 -0.6265073E-04
Ar  3745  0.4641291E+02  0.1547097E+02  0.3094194E+02 -0.2390142E-05 -0.3177876E-04 -0.5775243E-04
Ar  3746  0.4899140E+02  0.1804946E+02  0.3094194E+02 -0.1738149E-06 -0.2033941E-04 -0.1808768E-04
Ar  3747  0.4899140E+02  0.1547097E+02  0.3352043E+02 -0.6125461E-04 -0.3340781E-04  0.6177577E-04
Ar  3748  0.4641291E+02  0.1804946E+02  0.3352043E+02 -0.1837278E-04  0.6419406E-04  0.3403734E-04
Ar  3749  0.4641291E+02  0.1547097E+02  0.3609893E+02  0.2290321E-04 -0.9177868E-05  0.5312018E-04
Ar  3750  0.4899140E+02  0.1804946E+02  0.3609893E+02 -0.4414329E-04  0.5461145E-04  0.7423180E-04
Ar  3751  0.4899140E+02  0.1547097E+02  0.3867742E+02 -0.4054703E-04  0.6488338E-04 -0.3895893E-05
Ar  3752  0.4641291E+02  0.1804946E+02  0.3867742E+02  0.3816007E-04 -0.5311592E-04  0.7385648E-04
Ar  3753  0.4641291E+02  0.1547097E+02  0.4125592E+02  0.4252787E-04 -0.1044063E-04  0.4825348E-04
Ar  3754  0.4899140E+02  0.1804946E+02  0.4125592E+02 -0.1072804E-03 -0.9559765E-04  0.5552383E-04
Ar  3755  0.4899140E+02  0.1547097E+02  0.4383441E+02 -0.1488221E-04  0.4003036E-04 -0.1127649E-03
Ar  3756  0.4641291E+02  0.1804946E+02  0.4383441E+02 -0.4590255E-04 -0.3448444E-04  0.1099460E-03
Ar  3757  0.4641291E+02  0.1547097E+02  0.4641291E+02 -0.4112934E-04  0.3544651E-04 -0.5726003E-04
Ar  3758  0.4899140E+02  0.1804946E+02  0.4641291E+02  0.7468363E-06  0.2889463E-04  0.1143591E-03
Ar  3759  0.4899140E+02  0.1547097E+02  0.4899140E+02  0.1958835E-04  0.4485599E-04 -0.2648844E-04
Ar  3760  0.4641291E+02  0.1804946E+02  0.4899140E+02 -0.7702010E-04  0.4312628E-05 -0.2713346E-04
Ar  3761  0.4641291E+02  0.2062796E+02  0.0000000E+00  0.1377131E-03  0.4469589E-04 -0.7534811E-04
Ar  3762  0.4899140E+02  0.2320645E+02  0.0000000E+00 -0.3732401E-04  0.7149432E-05 -0.1904186E-04
Ar  3763  0.4899140E+02  0.2062796E+02  0.2578495E+01  0.6520236E-04  0.3323466E-04 -0.3938289E-04
Ar  3764  0.4641291E+02  0.2320645E+02  0.2578495E+01  0.5667599E-04  0.4299443E-05 -0.6312340E-04
Ar  3765  0.4641291E+02  0.2062796E+02  0.5156990E+01  0.2156058E-04 -0.9184565E-05  0.1102953E-04
Ar  3766  0.4899140E+02  0.2320645E+02  0.5156990E+01 -0.9552158E-06 -0.2882358E-04  0.4747998E-04
Ar  3767  0.4899140E+02  0.2062796E+02  0.7735485E+01 -0.8116380E-05  0.6907139E-04 -0.3708669E-04
Ar  3768  0.4641291E+02  0.2320645E+02  0.7735485E+01  0.3392828E-04 -0.2255266E-04  0.1030521E-03
Ar  3769  0.4641291E+02  0.2062796E+02  0.1031398E+02 -0.1037447E-04 -0.5296698E-04 -0.3893424E-04
Ar  3770  0.4899140E+02  0.2320645E+02  0.1031398E+02  0.1098387E-03  0.6069910E-04  0.2744162E-04
Ar  3771  0.4899140E+02  0.2062796E+02  0.1289247E+02  0.1803094E-04 -0.1313882E-04 -0.8568437E-04
Ar  3772  0.4641291E+02  0.2320645E+02  0.1289247E+02  0.2174395E-04 -0.2415604E-04  0.4991835E-04
Ar  3773  0.4641291E+02  0.2062796E+02  0.1547097E+02  0.5184700E-04 -0.8159836E-04 -0.6955612E-04
Ar  3774  0.4899140E+02  0.2320645E+02  0.1547097E+02  0.3200374E-04  0.5228686E-04 -0.1439257E-04
Ar  3775  0.4899140E+02  0.2062796E+02  0.1804946E+02  0.6232042E-04 -0.6793610E-04 -0.7196264E-04
Ar  3776  0.4641291E+02  0.2320645E+02  0.1804946E+02  0.2337297E-04  0.4916783E-04  0.1395718E-04
Ar  3777  0.4641291E+02  0.2062796E+02  0.2062796E+02  0.5181377E-04  0.5086883E-04  0.4094288E-04
Ar  3778  0.4899140E+02  0.2320645E+02  0.2062796E+02  0.3158478E-05 -0.5084007E-04  0.3365908E-04
Ar  3779  0.4899140E+02  0.2062796E+02  0.2320645E+02  0.9958075E-04  0.6425401E-04 -0.2911252E-06
Ar  3780  0.4641291E+02  0.2320645E+02  0.2320645E+02 -0.9852086E-05 -0.7175717E-04 -0.6625469E-04
Ar  3781  0.4641291E+02  0.2062796E+02  0.2578495E+02 -0.1067276E-04  0.1592785E-04 -0.1165382E-04
Ar  3782  0.4899140E+02  0.2320645E+02  0.2578495E+02  0.2452161E-04 -0.3088552E-04 -0.7345401E-04
Ar  3783  0.4899140E+02  0.2062796E+02  0.2836344E+02 -0.1133026E-04  0.1921388E-04 -0.5065036E-04
Ar  3784  0.4641291E+02  0.2320645E+02  0.2836344E+02 -0.2239984E-04 -0.2262813E-04 -0.8519004E-04
Ar  3785  0.4641291E+02  0.2062796E+02  0.3094194E+02  0.1039562E-04  0.6277390E-04 -0.1378678E-03
Ar  3786  0.4899140E+02  0.2320645E+02  0.3094194E+02  0.7132415E-04  0.3824018E-04 -0.1078639E-03
Ar  3787  0.4899140E+02  0.2062796E+02  0.3352043E+02  0.8205468E-04 -0.8910977E-04 -0.1412901E-03
Ar  3788  0.4641291E+02  0.2320645E+02  0.3352043E+02  0.2639475E-04 -0.2784195E-04 -0.1000856E-03
Ar  3789  0.4641291E+02  0.2062796E+02  0.3609893E+02  0.6629777E-04 -0.1900851E-03  0.1590838E-03
Ar  3790  0.4899140E+02  0.2320645E+02  0.3609893E+02 -0.4037882E-04  0.1288567E-04  0.1843557E-04
Ar  3791  0.4899140E+02  0.2062796E+02  0.3867742E+02 -0.8064940E-04  0.6505362E-04 -0.8139370E-05
Ar  3792  0.4641291E+02  0.2320645E+02  0.3867742E+02  0.1046236E-03  0.2004485E-05 -0.4877044E-04
Ar  3793  0.4641291E+02  0.2062796E+02  0.4125592E+02  0.2781426E-04  0.3508386E-04 -0.8135024E-04
Ar  3794  0.4899140E+02  0.2320645E+02  0.4125592E+02  0.2663008E-04 -0.6468311E-04  0.5708226E-04
Ar  3795  0.4899140E+02  0.2062796E+02  0.4383441E+02  0.6319256E-04  0.5560755E-04  0.4395414E-04
Ar  3796  0.4641291E+02  0.2320645E+02  0.4383441E+02 -0.6038464E-04 -0.5633514E-04 -0.6537817E-04
Ar  3797  0.4641291E+02  0.2062796E+02  0.4641291E+02  0.3852827E-04 -0.9533355E-04  0.8333318E-04
Ar  3798  0.4899140E+02  0.2320645E+02  0.4641291E+02 -0.1213285E-04  0.4146627E-04 -0.5797221E-04
Ar  3799  0.4899140E+02  0.2062796E+02  0.4899140E+02  0.2245175E-04  0.7053400E-04  0.6926152E-04
Ar  3800  0.4641291E+02  0.2320645E+02  0.4899140E+02  0.5868193E-04  0.3352819E-04 -0.7086158E-04
Ar  3801  0.4641291E+02  0.2578495E+02  0.0000000E+00  0.3860474E-04  0.2173516E-04 -0.5858895E-04
Ar  3802  0.4899140E+02  0.2836344E+02  0.0000000E+00 -0.1020603E-03 -0.6236655E-04  0.4169299E-04
Ar  3803  0.4899140E+02  0.2578495E+02  0.2578495E+01 -0.8069136E-04  0.1020425E-03 -0.7085682E-04
Ar  3804  0.4641291E+02  0.2836344E+02  0.2578495E+01  0.8806765E-05  0.1755125E-03 -0.1654864E-04
Ar  3805  0.4641291E+02  0.2578495E+02  0.5156990E+01 -0.8279351E-04  0.2993924E-04 -0.9508210E-04
Ar  3806  0.4899140E+02  0.2836344E+02  0.5156990E+01 -0.2513690E-04  0.1524792E-04 -0.5617543E-04
Ar  3807  0.4899140E+02  0.2578495E+02  0.7735485E+01  0.4453189E-04  0.2937025E-04  0.5848935E-04
Ar  3808  0.4641291E+02  0.2836344E+02  0.7735485E+01  0.7323383E-05  0.2227795E-04 -0.1808179E-04
Ar  3809  0.4641291E+02  0.2578495E+02  0.1031398E+02 -0.6347098E-04 -0.4204387E-04  0.3981610E-04
Ar  3810  0.4899140E+02  0.2836344E+02  0.1031398E+02 -0.7549670E-04  0.3086896E-04  0.4259278E-04
Ar  3811  0.4899140E+02  0.2578495E+02  0.1289247E+02 -0.1014681E-03  0.4263679E-05 -0.5720779E-04
Ar  3812  0.4641291E+02  0.2836344E+02  0.1289247E+02  0.7291698E-04 -0.5961704E-04  0.1744048E-04
Ar  3813  0.4641291E+02  0.2578495E+02  0.1547097E+02 -0.4888443E-04 -0.5404563E-04 -0.6848736E-05
Ar  3814  0.4899140E+02  0.2836344E+02  0.1547097E+02  0.4216519E-04 -0.1301603E-04  0.2683924E-04
Ar  3815  0.4899140E+02  0.2578495E+02  0.1804946E+02 -0.1236097E-04 -0.3767420E-04 -0.8148190E-04
Ar  3816  0.4641291E+02  0.2836344E+02  0.1804946E+02  0.1640885E-04 -0.3377022E-04  0.6582997E-04
Ar  3817  0.4641291E+02  0.2578495E+02  0.2062796E+02  0.3138075E-04 -0.3270727E-04  0.6861367E-04
Ar  3818  0.4899140E+02  0.2836344E+02  0.2062796E+02 -0.1304818E-04  0.2024518E-05  0.4157239E-05
Ar  3819  0.4899140E+02  0.2578495E+02  0.2320645E+02 -0.1351550E-04  0.8080648E-04 -0.1263803E-03
Ar  3820  0.4641291E+02  0.2836344E+02  0.2320645E+02  0.1248898E-04  0.2965703E-04  0.8306620E-05
Ar  3821  0.4641291E+02  0.2578495E+02  0.2578495E+02 -0.3191258E-04  0.9710928E-04  0.5576482E-04
Ar  3822  0.4899140E+02  0.2836344E+02  0.2578495E+02 -0.3201194E-04  0.7780797E-04 -0.4020216E-04
Ar  3823  0.4899140E+02  0.2578495E+02  0.2836344E+02 -0.3906088E-05 -0.1764265E-04  0.4376039E-04
Ar  3824  0.4641291E+02  0.2836344E+02  0.2836344E+02  0.5776864E-05 -0.7876329E-05  0.8423485E-04
Ar  3825  0.4641291E+02  0.2578495E+02  0.3094194E+02  0.8554306E-04 -0.1021980E-04 -0.5981035E-04
Ar  3826  0.4899140E+02  0.2836344E+02  0.3094194E+02 -0.3320708E-04 -0.3229272E-05 -0.2004996E-04
Ar  3827  0.4899140E+02  0.2578495E+02  0.3352043E+02 -0.1885160E-04 -0.3454354E-04 -0.1169875E-04
Ar  3828  0.4641291E+02  0.2836344E+02  0.3352043E+02  0.5635997E-04 -0.9489429E-04  0.3649303E-04
Ar  3829  0.4641291E+02  0.2578495E+02  0.3609893E+02 -0.8504881E-04  0.3948609E-04  0.3452970E-05
Ar  3830  0.4899140E+02  0.2836344E+02  0.3609893E+02  0.3296958E-04  0.1473730E-04  0.3481736E-04
Ar  3831  0.4899140E+02  0.2578495E+02  0.3867742E+02  0.3010433E-04 -0.1528955E-04 -0.1847213E-05
Ar  3832  0.4641291E+02  0.2836344E+02  0.3867742E+02 -0.9263740E-04  0.4910641E-05 -0.3768885E-04
Ar  3833  0.4641291E+02  0.2578495E+02  0.4125592E+02  0.5373482E-04 -0.1430382E-03  0.2858045E-04
Ar  3834  0.4899140E+02  0.2836344E+02  0.4125592E+02  0.5166994E-04 -0.7055997E-04  0.1258141E-03
Ar  3835  0.4899140E+02  0.2578495E+02  0.4383441E+02  0.7008726E-04 -0.1680061E-04  0.8211954E-04
Ar  3836  0.4641291E+02  0.2836344E+02  0.4383441E+02 -0.7679525E-04 -0.8963370E-04  0.4772468E-04
Ar  3837  0.4641291E+02  0.2578495E+02  0.4641291E+02 -0.4527613E-04  0.1302601E-03  0.1608180E-03
Ar  3838  0.4899140E+02  0.2836344E+02  0.4641291E+02  0.3150783E-04 -0.1146201E-04  0.3368794E-04
Ar  3839  0.4899140E+02  0.2578495E+02  0.4899140E+02 -0.4070061E-04  0.6223259E-04  0.8550011E-04
Ar  3840  0.4641291E+02  0.2836344E+02  0.4899140E+02  0.7179801E-04  0.3131878E-04 -0.2174247E-04
Ar  3841  0.4641291E+02  0.3094194E+02  0.0000000E+00  0.1067665E-03 -0.5662695E-04  0.1006083E-03
Ar  3842  0.4899140E+02  0.3352043E+02  0.0000000E+00  0.1291909E-03  0.6968717E-04  0.2021701E-04
Ar  3843  0.4899140E+02  0.3094194E+02  0.2578495E+01 -0.1111969E-03 -0.1075729E-03  0.2952879E-04
Ar  3844  0.4641291E+02  0.3352043E+02  0.2578495E+01  0.3852063E-05 -0.1389401E-04 -0.7412252E-04
Ar  3845  0.4641291E+02  0.3094194E+02  0.5156990E+01  0.1050887E-03  0.5206763E-04  0.4413027E-05
Ar  3846  0.4899140E+02  0.3352043E+02  0.5156990E+01 -0.4684940E-04  0.8726108E-04  0.8034215E-04
Ar  3847  0.4899140E+02  0.3094194E+02  0.7735485E+01 -0.1726274E-04  0.5865026E-04 -0.5679060E-04
Ar  3848  0.4641291E+02  0.3352043E+02  0.7735485E+01  0.2148719E-04 -0.1103213E-03  0.7483984E-04
Ar  3849  0.4641291E+02  0.3094194E+02  0.1031398E+02  0.1138588E-03  0.4745348E-04 -0.6830993E-04
Ar  3850  0.4899140E+02  0.3352043E+02  0.1031398E+02 -0.1561130E-04  0.3662431E-04 -0.9579853E-04
Ar  3851  0.4899140E+02  0.3094194E+02  0.1289247E+02  0.7550980E-04 -0.4542953E-04 -0.4077692E-04
Ar  3852  0.4641291E+02  0.3352043E+02  0.1289247E+02 -0.5050846E-04 -0.2769166E-04  0.1281975E-03
Ar  3853  0.4641291E+02  0.3094194E+02  0.1547097E+02 -0.1093050E-04 -0.9591514E-05  0.1446102E-03
Ar  3854  0.4899140E+02  0.3352043E+02  0.1547097E+02 -0.7266067E-04  0.6236706E-05  0.1926764E-04
Ar  3855  0.4899140E+02  0.3094194E+02  0.1804946E+02  0.5388515E-04  0.1393017E-03 -0.1131935E-03
Ar  3856  0.4641291E+02  0.3352043E+02  0.1804946E+02  0.6261153E-04 -0.1431231E-03 -0.5565940E-04
Ar  3857  0.4641291E+02  0.3094194E+02  0.2062796E+02  0.2459159E-04  0.3090667E-04  0.5300177E-04
Ar  3858  0.4899140E+02  0.3352043E+02  0.2062796E+02 -0.5519083E-04 -0.1357303E-04  0.2091994E-04
Ar  3859  0.4899140E+02  0.3094194E+02  0.2320645E+02 -0.6914538E-04 -0.7387356E-04 -0.3139539E-04
Ar  3860  0.4641291E+02  0.3352043E+02  0.2320645E+02 -0.1938275E-04 -0.1380866E-04 -0.4029518E-04
Ar  3861  0.4641291E+02  0.3094194E+02  0.2578495E+02 -0.7359551E-04  0.1146524E-03  0.3057844E-04
Ar  3862  0.4899140E+02  0.3352043E+02  0.2578495E+02 -0.5510422E-04 -0.1387657E-03  0.5367536E-04
Ar  3863  0.4899140E+02  0.3094194E+02  0.2836344E+02 -0.1488166E-04 -0.1352570E-04  0.1475363E-03
Ar  3864  0.4641291E+02  0.3352043E+02  0.2836344E+02  0.8101881E-04  0.4890078E-04 -0.3896048E-04
Ar  3865  0.4641291E+02  0.3094194E+02  0.3094194E+02 -0.6738164E-05 -0.1161964E-03  0.2251250E-04
Ar  3866  0.4899140E+02  0.3352043E+02  0.3094194E+02 -0.9807198E-04 -0.6459681E-04 -0.4442116E-05
Ar  3867  0.4899140E+02  0.3094194E+02  0.3352043E+02  0.5351012E-04 -0.3677906E-04  0.9206606E-04
Ar  3868  0.4641291E+02  0.3352043E+02  0.3352043E+02 -0.1467959E-04 -0.5609603E-04 -0.1302548E-04
Ar  3869  0.4641291E+02  0.3094194E+02  0.3609893E+02 -0.6358236E-04  0.8678366E-04 -0.8886043E-04
Ar  3870  0.4899140E+02  0.3352043E+02  0.3609893E+02  0.7415559E-04 -0.1663718E-04  0.1687791E-03
Ar  3871  0.4899140E+02  0.3094194E+02  0.3867742E+02 -0.5049110E-04  0.1707169E-04  0.1843568E-03
Ar  3872  0.4641291E+02  0.3352043E+02  0.3867742E+02  0.6158528E-04  0.3840944E-04  0.3258224E-04
Ar  3873  0.4641291E+02  0.3094194E+02  0.4125592E+02 -0.2280381E-04  0.6720329E-05 -0.1028537E-03
Ar  3874  0.4899140E+02  0.3352043E+02  0.4125592E+02 -0.7176871E-04  0.1761926E-04  0.1068448E-04
Ar  3875  0.4899140E+02  0.3094194E+02  0.4383441E+02  0.7033696E-04  0.7955383E-04 -0.1277454E-04
Ar  3876  0.4641291E+02  0.3352043E+02  0.4383441E+02  0.7121300E-05 -0.5012500E-04  0.1546143E-04
Ar  3877  0.4641291E+02  0.3094194E+02  0.4641291E+02 -0.7299306E-04  0.4528375E-04 -0.1911715E-04
Ar  3878  0.4899140E+02  0.3352043E+02  0.4641291E+02  0.2836788E-04 -0.1031365E-04  0.1789575E-04
Ar  3879  0.4899140E+02  0.3094194E+02  0.4899140E+02  0.3334144E-04  0.7450812E-04 -0.4534972E-04
Ar  3880  0.4641291E+02  0.3352043E+02  0.4899140E+02  0.6041063E-05 -0.6937840E-05  0.1607602E-03
Ar  3881  0.4641291E+02  0.3609893E+02  0.0000000E+00  0.1926778E-03 -0.4047876E-04  0.7345363E-04
Ar  3882  0.4899140E+02  0.3867742E+02  0.0000000E+00  0.6717739E-04  0.3762592E-04 -0.1391549E-04
Ar  3883  0.4899140E+02  0.3609893E+02  0.2578495E+01  0.8727875E-04  0.4066060E-05 -0.4421160E-04
Ar  3884  0.4641291E+02  0.3867742E+02  0.2578495E+01  0.7292836E-04  0.1252568E-03 -0.7740410E-05
Ar  3885  0.4641291E+02  0.3609893E+02  0.5156990E+01  0.8783533E-05 -0.4566478E-04  0.5281808E-04
Ar  3886  0.4899140E+02  0.3867742E+02  0.5156990E+01 -0.1439983E-03  0.4731688E-05 -0.5850611E-04
Ar  3887  0.4899140E+02  0.3609893E+02  0.7735485E+01  0.1528699E-03  0.2448208E-04  0.3130479E-04
Ar  3888  0.4641291E+02  0.3867742E+02  0.7735485E+01 -0.5415593E-04 -0.7696224E-04  0.4947115E-05
Ar  3889  0.4641291E+02  0.3609893E+02  0.1031398E+02  0.7005081E-04 -0.2864947E-04  0.4713400E-04
Ar  3890  0.4899140E+02  0.3867742E+02  0.1031398E+02 -0.2176550E-04  0.7707866E-05  0.1420204E-04
Ar  3891  0.4899140E+02  0.3609893E+02  0.1289247E+02  0.5416984E-04  0.2660103E-04  0.1970957E-04
Ar  3892  0.4641291E+02  0.3867742E+02  0.1289247E+02 -0.4744983E-04  0.1528553E-03  0.8217725E-05
Ar  3893  0.4641291E+02  0.3609893E+02  0.1547097E+02 -0.8528660E-04  0.3433810E-04  0.6594762E-04
Ar  3894  0.4899140E+02  0.3867742E+02  0.1547097E+02 -0.9133654E-04 -0.1426029E-04 -0.1956964E-05
Ar  3895  0.4899140E+02  0.3609893E+02  0.1804946E+02  0.2437417E-04  0.4616039E-04  0.3211723E-04
Ar  3896  0.4641291E+02  0.3867742E+02  0.1804946E+02  0.4244194E-04  0.1213388E-03  0.9528009E-06
Ar  3897  0.4641291E+02  0.3609893E+02  0.2062796E+02  0.2104867E-04 -0.4064552E-04  0.2846927E-04
Ar  3898  0.4899140E+02  0.3867742E+02  0.2062796E+02 -0.4895422E-04 -0.7491238E-05 -0.1437594E-04
Ar  3899  0.4899140E+02  0.3609893E+02  0.2320645E+02  0.9190734E-05 -0.1022490E-03  0.7209313E-04
Ar  3900  0.4641291E+02  0.3867742E+02  0.2320645E+02  0.6369190E-04  0.5234460E-04  0.8162873E-04
Ar  3901  0.4641291E+02  0.3609893E+02  0.2578495E+02 -0.7107362E-04 -0.1085724E-03  0.7518788E-04
Ar  3902  0.4899140E+02  0.3867742E+02  0.2578495E+02  0.5235235E-04  0.4168480E-04  0.2982559E-04
Ar  3903  0.4899140E+02  0.3609893E+02  0.2836344E+02  0.6892866E-05 -0.6319667E-04  0.1332923E-04
Ar  3904  0.4641291E+02  0.3867742E+02  0.2836344E+02  0.7588528E-04 -0.2429718E-04 -0.6205547E-04
Ar  3905  0.4641291E+02  0.3609893E+02  0.3094194E+02 -0.4707879E-06 -0.8377510E-04 -0.1361443E-03
Ar  3906  0.4899140E+02  0.3867742E+02  0.3094194E+02 -0.3297648E-04 -0.2849937E-04  0.4147337E-04
Ar  3907  0.4899140E+02  0.3609893E+02  0.3352043E+02 -0.6393529E-04  0.8417059E-04  0.1997005E-04
Ar  3908  0.4641291E+02  0.3867742E+02  0.3352043E+02 -0.7021023E-04 -0.2058030E-05  0.1602445E-03
Ar  3909  0.4641291E+02  0.3609893E+02  0.3609893E+02 -0.6526910E-04 -0.1050818E-03 -0.5648618E-04
Ar  3910  0.4899140E+02  0.3867742E+02  0.3609893E+02  0.2977128E-04 -0.4686027E-04  0.2976794E-04
Ar  3911  0.4899140E+02  0.3609893E+02  0.3867742E+02  0.7138280E-04 -0.2606464E-04  0.9863715E-05
Ar  3912  0.4641291E+02  0.3867742E+02  0.3867742E+02  0.2025812E-05  0.3650990E-04  0.1321429E-03
Ar  3913  0.4641291E+02  0.3609893E+02  0.4125592E+02  0.8000324E-04 -0.1767381E-03  0.6748774E-06
Ar  3914  0.4899140E+02  0.3867742E+02  0.4125592E+02  0.1128331E-04 -0.2312027E-04  0.9581240E-04
Ar  3915  0.4899140E+02  0.3609893E+02  0.4383441E+02 -0.3787768E-04  0.1122093E-04  0.1246338E-03
Ar  3916  0.4641291E+02  0.3867742E+02  0.4383441E+02 -0.8737967E-06 -0.1626480E-04 -0.3821396E-04
Ar  3917  0.4641291E+02  0.3609893E+02  0.4641291E+02  0.6210890E-04 -0.1357537E-04  0.1128048E-04
Ar  3918  0.4899140E+02  0.3867742E+02  0.4641291E+02 -0.1135781E-04 -0.1612976E-03  0.7190689E-04
Ar  3919  0.4899140E+02  0.3609893E+02  0.4899140E+02 -0.5359282E-04  0.6446588E-04 -0.1956955E-04
Ar  3920  0.4641291E+02  0.3867742E+02  0.4899140E+02 -0.2407824E-04  0.2161636E-04 -0.6092904E-04
Ar  3921  0.4641291E+02  0.4125592E+02  0.0000000E+00 -0.1884680E-05  0.1155041E-04 -0.1661355E-04
Ar  3922  0.4899140E+02  0.4383441E+02  0.0000000E+00  0.1201379E-03  0.1043184E-03  0.5477872E-04
Ar  3923  0.4899140E+02  0.4125592E+02  0.2578495E+01 -0.5233278E-05 -0.6452423E-05 -0.3597453E-04
Ar  3924  0.4641291E+02  0.4383441E+02  0.2578495E+01 -0.9135284E-04  0.1612404E-03  0.1002657E-04
Ar  3925  0.4641291E+02  0.4125592E+02  0.5156990E+01 -0.1151811E-04  0.3244077E-04  0.6840239E-05
Ar  3926  0.4899140E+02  0.4383441E+02  0.5156990E+01 -0.2073630E-04  0.5622009E-04  0.2495439E-04
Ar  3927  0.4899140E+02  0.4125592E+02  0.7735485E+01  0.2662149E-04 -0.3087019E-04 -0.1756931E-04
Ar  3928  0.4641291E+02  0.4383441E+02  0.7735485E+01 -0.9230026E-05  0.1993347E-04 -0.7647241E-04
Ar  3929  0.4641291E+02  0.4125592E+02  0.1031398E+02  0.2333728E-04 -0.1231201E-04 -0.3398657E-04
Ar  3930  0.4899140E+02  0.4383441E+02  0.1031398E+02  0.8802512E-04 -0.2924159E-04 -0.4644491E-04
Ar  3931  0.4899140E+02  0.4125592E+02  0.1289247E+02 -0.7560795E-06  0.3187477E-04 -0.4280713E-04
Ar  3932  0.4641291E+02  0.4383441E+02  0.1289247E+02  0.2470472E-04 -0.3257332E-04  0.4413625E-04
Ar  3933  0.4641291E+02  0.4125592E+02  0.1547097E+02 -0.2833701E-04 -0.3561241E-05 -0.9978335E-04
Ar  3934  0.4899140E+02  0.4383441E+02  0.1547097E+02 -0.6801622E-05  0.7345551E-04 -0.1780692E-04
Ar  3935  0.4899140E+02  0.4125592E+02  0.1804946E+02 -0.2055986E-05 -0.1636545E-04  0.5413850E-04
Ar  3936  0.4641291E+02  0.4383441E+02  0.1804946E+02  0.4920369E-05  0.9334422E-04 -0.2165644E-04
Ar  3937  0.4641291E+02  0.4125592E+02  0.2062796E+02 -0.5922569E-05  0.1249491E-03 -0.8619124E-04
Ar  3938  0.4899140E+02  0.4383441E+02  0.2062796E+02  0.5731132E-04  0.4144893E-04  0.7549771E-04
Ar  3939  0.4899140E+02  0.4125592E+02  0.2320645E+02  0.1879034E-04 -0.3065903E-04  0.3074227E-04
Ar  3940  0.4641291E+02  0.4383441E+02  0.2320645E+02  0.4300526E-04 -0.1073186E-03  0.5856542E-04
Ar  3941  0.4641291E+02  0.4125592E+02  0.2578495E+02 -0.7093799E-04 -0.1044272E-03 -0.2112789E-04
Ar  3942  0.4899140E+02  0.4383441E+02  0.2578495E+02  0.1398186E-04  0.1884719E-04 -0.1022201E-03
Ar  3943  0.4899140E+02  0.4125592E+02  0.2836344E+02  0.9027628E-04  0.1006867E-03 -0.3007489E-04
Ar  3944  0.4641291E+02  0.4383441E+02  0.2836344E+02  0.3810341E-04 -0.1709079E-04  0.9120556E-04
Ar  3945  0.4641291E+02  0.4125592E+02  0.3094194E+02  0.3787586E-04  0.1141937E-04 -0.6192574E-05
Ar  3946  0.4899140E+02  0.4383441E+02  0.3094194E+02 -0.5666650E-04 -0.4406815E-04  0.2839657E-04
Ar  3947  0.4899140E+02  0.4125592E+02  0.3352043E+02  0.5829945E-04 -0.4852872E-04 -0.1998525E-06
Ar  3948  0.4641291E+02  0.4383441E+02  0.3352043E+02 -0.1124828E-04 -0.5198770E-04  0.5580120E-04
Ar  3949  0.4641291E+02  0.4125592E+02  0.3609893E+02 -0.5292598E-04  0.7003166E-04  0.1050922E-03
Ar  3950  0.4899140E+02  0.4383441E+02  0.3609893E+02  0.3245115E-04 -0.1802897E-04 -0.1245442E-04
Ar  3951  0.4899140E+02  0.4125592E+02  0.3867742E+02 -0.1839530E-04 -0.1574955E-03  0.6619624E-04
Ar  3952  0.4641291E+02  0.4383441E+02  0.3867742E+02  0.4839196E-04  0.8847003E-04  0.8329332E-04
Ar  3953  0.4641291E+02  0.4125592E+02  0.4125592E+02  0.4386920E-04 -0.9247802E-04 -0.7333891E-04
Ar  3954  0.4899140E+02  0.4383441E+02  0.4125592E+02 -0.5802287E-04  0.1271574E-04  0.1195908E-03
Ar  3955  0.4899140E+02  0.4125592E+02  0.4383441E+02 -0.1404493E-03  0.8142194E-04 -0.6462204E-04
Ar  3956  0.4641291E+02  0.4383441E+02  0.4383441E+02  0.7569873E-04 -0.1720929E-04  0.5539576E-04
Ar  3957  0.4641291E+02  0.4125592E+02  0.4641291E+02 -0.1277698E-03 -0.1305213E-03  0.7697291E-04
Ar  3958  0.4899140E+02  0.4383441E+02  0.4641291E+02  0.2706717E-04  0.5974959E-05  0.2196847E-05
Ar  3959  0.4899140E+02  0.4125592E+02  0.4899140E+02 -0.9957865E-04 -0.1925126E-03  0.2757639E-04
Ar  3960  0.4641291E+02  0.4383441E+02  0.4899140E+02  0.2301242E-04  0.3736667E-04  0.7175688E-04
Ar  3961  0.4641291E+02  0.4641291E+02  0.0000000E+00 -0.1352507E-03 -0.2129085E-05  0.7388815E-04
Ar  3962  0.4899140E+02  0.4899140E+02  0.0000000E+00 -0.1450944E-04  0.8860885E-04 -0.1976921E-04
Ar  3963  0.4899140E+02  0.4641291E+02  0.2578495E+01 -0.6351659E-04 -0.3168184E-04 -0.3362036E-04
Ar  3964  0.4641291E+02  0.4899140E+02  0.2578495E+01 -0.2307683E-04 -0.2756839E-04 -0.3992724E-04
Ar  3965  0.4641291E+02  0.4641291E+02  0.5156990E+01  0.8678674E-04  0.2370069E-04  0.3387029E-04
Ar  3966  0.4899140E+02  0.4899140E+02  0.5156990E+01  0.1974522E-05 -0.4808041E-04  0.2207592E-04
Ar  3967  0.4899140E+02  0.4641291E+02  0.7735485E+01 -0.2104871E-04  0.2575095E-04 -0.4144248E-04
Ar  3968  0.4641291E+02  0.4899140E+02  0.7735485E+01  0.3085201E-04 -0.5779543E-04 -0.6520798E-04
Ar  3969  0.4641291E+02  0.4641291E+02  0.1031398E+02 -0.2170872E-04 -0.3584593E-04  0.2467821E-04
Ar  3970  0.4899140E+02  0.4899140E+02  0.1031398E+02 -0.5226739E-04  0.4920761E-04  0.1095781E-04
Ar  3971  0.4899140E+02  0.4641291E+02  0.1289247E+02  0.1220991E-04  0.1495446E-04 -0.9942474E-04
Ar  3972  0.4641291E+02  0.4899140E+02  0.1289247E+02 -0.6360887E-04  0.9813212E-04  0.1395592E-04
Ar  3973  0.4641291E+02  0.4641291E+02  0.1547097E+02  0.3826990E-04  0.1601400E-03 -0.1224052E-03
Ar  3974  0.4899140E+02  0.4899140E+02  0.1547097E+02  0.7622718E-04  0.7291631E-04  0.5891552E-04
Ar  3975  0.4899140E+02  0.4641291E+02  0.1804946E+02 -0.1925526E-04  0.5385065E-04  0.5631160E-04
Ar  3976  0.4641291E+02  0.4899140E+02  0.1804946E+02  0.4460356E-04 -0.4781916E-04  0.7467063E-04
Ar  3977  0.4641291E+02  0.4641291E+02  0.2062796E+02 -0.6645271E-04 -0.5579569E-04 -0.5645360E-04
Ar  3978  0.4899140E+02  0.4899140E+02  0.2062796E+02 -0.1622426E-04 -0.5241064E-05 -0.1561511E-04
Ar  3979  0.4899140E+02  0.4641291E+02  0.2320645E+02 -0.4197026E-04  0.1008651E-03  0.6219510E-04
Ar  3980  0.4641291E+02  0.4899140E+02  0.2320645E+02 -0.4863206E-04 -0.2487009E-04  0.2569823E-04
Ar  3981  0.4641291E+02  0.4641291E+02  0.2578495E+02 -0.9105620E-04 -0.4142702E-04  0.4820547E-04
Ar  3982  0.4899140E+02  0.4899140E+02  0.2578495E+02 -0.1167816E-03  0.1606487E-04  0.3471109E-04
Ar  3983  0.4899140E+02  0.4641291E+02  0.2836344E+02  0.4694807E-04  0.1483147E-04  0.2709092E-04
Ar  3984  0.4641291E+02  0.4899140E+02  0.2836344E+02  0.2614941E-04  0.6319647E-04  0.3284638E-04
Ar  3985  0.4641291E+02  0.4641291E+02  0.3094194E+02  0.6522492E-04 -0.1058912E-03  0.1728794E-03
Ar  3986  0.4899140E+02  0.4899140E+02  0.3094194E+02 -0.1218039E-03  0.2699003E-06 -0.2247605E-04
Ar  3987  0.4899140E+02  0.4641291E+02  0.3352043E+02  0.5476520E-04  0.4656308E-04  0.1050620E-04
Ar  3988  0.4641291E+02  0.4899140E+02  0.3352043E+02  0.1511886E-03 -0.2819501E-04  0.7566420E-04
Ar  3989  0.4641291E+02  0.4641291E+02  0.3609893E+02 -0.1841366E-05  0.7671055E-04  0.1193552E-03
Ar  3990  0.4899140E+02  0.4899140E+02  0.3609893E+02 -0.4520515E-04  0.3184702E-05  0.1056509E-03
Ar  3991  0.4899140E+02  0.4641291E+02  0.3867742E+02  0.3209649E-04 -0.8021378E-04 -0.7960782E-04
Ar  3992  0.4641291E+02  0.4899140E+02  0.3867742E+02  0.3616994E-04  0.6459045E-05  0.1382670E-03
Ar  3993  0.4641291E+02  0.4641291E+02  0.4125592E+02  0.6027039E-04  0.5690487E-04 -0.1877614E-04
Ar  3994  0.4899140E+02  0.4899140E+02  0.4125592E+02  0.4175132E-05 -0.2124955E-04  0.1143784E-03
Ar  3995  0.4899140E+02  0.4641291E+02  0.4383441E+02  0.2497262E-06 -0.5546795E-04 -0.1200847E-03
Ar  3996  0.4641291E+02  0.4899140E+02  0.4383441E+02 -0.5331052E-04 -0.3440819E-04 -0.3784814E-04
Ar  3997  0.4641291E+02  0.4641291E+02  0.4641291E+02 -0.5397584E-04  0.3433839E-05  0.5044617E-04
Ar  3998  0.4899140E+02  0.4899140E+02  0.4641291E+02 -0.1941250E-04  0.6583184E-04  0.4756582E-04
Ar  3999  0.4899140E+02  0.4641291E+02  0.4899140E+02  0.8553349E-04 -0.5825599E-04  0.1861515E-04
Ar  4000  0.4641291E+02  0.4899140E+02  0.4899140E+02  0.2059792E-05 -0.1541305E-03 -0.3679778E-04
   0.515698989789825E+02   0.000000000000000E+00   0.000000000000000E+00
   0.000000000000000E+00   0.515698989789825E+02   0.000000000000000E+00
   0.000000000000000E+00   0.000000000000000E+00   0.515698989789825E+02
