   3.2682686169183378E-002   8.2528307185065141E-011   149.15630632864455        3.2682686169183378E-002  -41.548666016576583     
   3.2682686166991555E-002   3.2913790729380729E-010   149.15630632864455        3.2682686168087463E-002  -41.548666016568475     
   3.2682686163427385E-002   7.3691530102111003E-010   149.15630632864455        3.2682686166534101E-002  -41.548666016562272     
   3.2682686158540947E-002   1.3010460374209254E-009   149.15630632864455        3.2682686164535818E-002  -41.548666016604749     
   3.2682686152379452E-002   2.0148761975100892E-009   149.15630632864455        3.2682686162104548E-002  -41.548666016571012     
   3.2682686145021525E-002   2.8699973030500393E-009   149.15630632864455        3.2682686159257374E-002  -41.548666016573385     
   3.2682686136547727E-002   3.8563535025068123E-009   149.15630632864455        3.2682686156013142E-002  -41.548666016602191     
   3.2682686127061426E-002   4.9623695858431963E-009   149.15630632864455        3.2682686152394176E-002  -41.548666016579261     
   3.2682686116669725E-002   6.1750980992398398E-009   149.15630632864455        3.2682686148424796E-002  -41.548666016553518     
   3.2682686105496170E-002   7.4803835763405066E-009   149.15630632864455        3.2682686144131931E-002  -41.548666016566770     
   3.2682686093665293E-002   8.8630416753943626E-009   149.15630632864455        3.2682686139544059E-002  -41.548666016566536     
   3.2682686081319849E-002   1.0307050813659125E-008   149.15630632864455        3.2682686134692045E-002  -41.548666016570728     
   3.2682686068597262E-002   1.1795753728389856E-008   149.15630632864455        3.2682686129607827E-002  -41.548666016567076     
   3.2682686055639669E-002   1.3312066267531879E-008   149.15630632864455        3.2682686124324387E-002  -41.548666016569420     
   3.2682686042598635E-002   1.4838690623490011E-008   149.15630632864455        3.2682686118876009E-002  -41.548666016584257     
   3.2682686029616916E-002   1.6358330172979228E-008   149.15630632864455        3.2682686113297311E-002  -41.548666016564447     
   3.2682686016845049E-002   1.7853903075970363E-008   149.15630632864455        3.2682686107623649E-002  -41.548666016569435     
   3.2682686004413992E-002   1.9308751815187818E-008   149.15630632864455        3.2682686101889784E-002  -41.548666016585038     
   3.2682685992470019E-002   2.0706845925248974E-008   149.15630632864455        3.2682686096130849E-002  -41.548666016580043     
   3.2682685981135433E-002   2.2032975266376372E-008   149.15630632864455        3.2682686090381080E-002  -41.548666016571261     
   3.2682685970533074E-002   2.3272931340465119E-008   149.15630632864455        3.2682686084674027E-002  -41.548666016576739     
   3.2682685960773110E-002   2.4413674322543818E-008   149.15630632864455        3.2682686079042171E-002  -41.548666016557739     
   3.2682685951957592E-002   2.5443483688750316E-008   149.15630632864455        3.2682686073516751E-002  -41.548666016565726     
   3.2682685944168809E-002   2.6352090559244264E-008   149.15630632864455        3.2682686068127249E-002  -41.548666016578544     
   3.2682685937480790E-002   2.7130790134366424E-008   149.15630632864455        3.2682686062901395E-002  -41.548666016574160     
   3.2682685931958215E-002   2.7772532884908131E-008   149.15630632864455        3.2682686057865118E-002  -41.548666016585344     
   3.2682685927641696E-002   2.8271993458629355E-008   149.15630632864455        3.2682686053042025E-002  -41.548666016575048     
   3.2682685924564185E-002   2.8625616576607734E-008   149.15630632864455        3.2682686048453528E-002  -41.548666016594275     
   3.2682685922739874E-002   2.8831639513091975E-008   149.15630632864455        3.2682686044118579E-002  -41.548666016568781     
   3.2682685922170357E-002   2.8890091077861087E-008   149.15630632864455        3.2682686040053636E-002  -41.548666016581343     
   3.2682685922839468E-002   2.8802767342495832E-008   149.15630632864455        3.2682686036272536E-002  -41.548666016582104     
   3.2682685924720033E-002   2.8573184670266779E-008   149.15630632864455        3.2682686032786519E-002  -41.548666016567218     
   3.2682685927765742E-002   2.8206510917785912E-008   149.15630632864455        3.2682686029604072E-002  -41.548666016575616     
   3.2682685931921418E-002   2.7709475968840923E-008   149.15630632864455        3.2682686026731050E-002  -41.548666016562265     
   3.2682685937119635E-002   2.7090263035316573E-008   149.15630632864455        3.2682686024170723E-002  -41.548666016580547     
   3.2682685943279756E-002   2.6358382413554267E-008   149.15630632864455        3.2682686021923757E-002  -41.548666016590133     
   3.2682685950313151E-002   2.5524529610679769E-008   149.15630632864455        3.2682686019988333E-002  -41.548666016587696     
   3.2682685958117935E-002   2.4600429952792872E-008   149.15630632864455        3.2682686018360163E-002  -41.548666016571417     
   3.2682685966590748E-002   2.3598671953612316E-008   149.15630632864455        3.2682686017032746E-002  -41.548666016595909     
   3.2682685975618755E-002   2.2532531853927918E-008   149.15630632864455        3.2682686015997400E-002  -41.548666016572639     
   3.2682685985088479E-002   2.1415791840087840E-008   149.15630632864455        3.2682686015243517E-002  -41.548666016573037     
   3.2682685994878190E-002   2.0262554509881704E-008   149.15630632864455        3.2682686014758627E-002  -41.548666016600045     
   3.2682686004867199E-002   1.9087056177320606E-008   149.15630632864455        3.2682686014528596E-002  -41.548666016578530     
   3.2682686014938081E-002   1.7903481594069555E-008   149.15630632864455        3.2682686014537901E-002  -41.548666016568689     
   3.2682686024971257E-002   1.6725782615069676E-008   149.15630632864455        3.2682686014769750E-002  -41.548666016570486     
   3.2682686034852582E-002   1.5567503249290404E-008   149.15630632864455        3.2682686015206339E-002  -41.548666016581414     
   3.2682686044473316E-002   1.4441613416371165E-008   149.15630632864455        3.2682686015829035E-002  -41.548666016572625     
   3.2682686053727802E-002   1.3360353577155871E-008   149.15630632864455        3.2682686016618591E-002  -41.548666016569236     
   3.2682686062519749E-002   1.2335092223648562E-008   149.15630632864455        3.2682686017555355E-002  -41.548666016587639     
   3.2682686070764209E-002   1.1376198005892003E-008   149.15630632864455        3.2682686018619532E-002  -41.548666016570813     
   3.2682686078375947E-002   1.0492928039814106E-008   149.15630632864455        3.2682686019791227E-002  -41.548666016566415     
   3.2682686085291207E-002   9.6933336882172886E-009   149.15630632864455        3.2682686021050837E-002  -41.548666016561896     
   3.2682686091449399E-002   8.9841848386676816E-009   149.15630632864455        3.2682686022379115E-002  -41.548666016573996     
   3.2682686096805066E-002   8.3709134219425703E-009   149.15630632864455        3.2682686023757374E-002  -41.548666016571303     
   3.2682686101320406E-002   7.8575766267712032E-009   149.15630632864455        3.2682686025167607E-002  -41.548666016579062     
   3.2682686104972450E-002   7.4468399750293106E-009   149.15630632864455        3.2682686026592696E-002  -41.548666016575751     
   3.2682686107750110E-002   7.1399801315599422E-009   149.15630632864455        3.2682686028016508E-002  -41.548666016557782     
   3.2682686109649785E-002   6.9369070375211554E-009   149.15630632864455        3.2682686029423980E-002  -41.548666016570458     
   3.2682686110684332E-002   6.8362046804542621E-009   149.15630632864455        3.2682686030801274E-002  -41.548666016580540     
   3.2682686110874395E-002   6.8351895522631377E-009   149.15630632864455        3.2682686032135824E-002  -41.548666016581400     
   3.2682686110250568E-002   6.9299856011619193E-009   149.15630632864455        3.2682686033416390E-002  -41.548666016573129     
   3.2682686108851645E-002   7.1156142589136182E-009   149.15630632864455        3.2682686034633097E-002  -41.548666016581556     
   3.2682686106728531E-002   7.3860979250513854E-009   149.15630632864455        3.2682686035777467E-002  -41.548666016573044     
   3.2682686103936126E-002   7.7345751151724939E-009   149.15630632864455        3.2682686036842448E-002  -41.548666016581528     
   3.2682686100537303E-002   8.1534253358226614E-009   149.15630632864455        3.2682686037822366E-002  -41.548666016587610     
   3.2682686096600293E-002   8.6344016346726505E-009   149.15630632864455        3.2682686038712938E-002  -41.548666016579254     
   3.2682686092196614E-002   9.1687686925887165E-009   149.15630632864455        3.2682686039511209E-002  -41.548666016583034     
   3.2682686087403622E-002   9.7474442761709818E-009   149.15630632864455        3.2682686040215507E-002  -41.548666016585678     
   3.2682686082295208E-002   1.0361141854191095E-008   149.15630632864455        3.2682686040825359E-002  -41.548666016571460     
   3.2682686076952398E-002   1.1000512200173455E-008   149.15630632864455        3.2682686041341460E-002  -41.548666016565967     
   3.2682686071451222E-002   1.1656281854888814E-008   149.15630632864455        3.2682686041765538E-002  -41.548666016565285     
   3.2682686065866579E-002   1.2319386406013959E-008   149.15630632864455        3.2682686042100277E-002  -41.548666016576384     
   3.2682686060273899E-002   1.2981096655770322E-008   149.15630632864455        3.2682686042349231E-002  -41.548666016579702     
   3.2682686054740985E-002   1.3633135889307444E-008   149.15630632864455        3.2682686042516687E-002  -41.548666016573712     
   3.2682686049332284E-002   1.4267786624030823E-008   149.15630632864455        3.2682686042607559E-002  -41.548666016572206     
   3.2682686044109052E-002   1.4877985410591844E-008   149.15630632864455        3.2682686042627314E-002  -41.548666016566145     
   3.2682686039125115E-002   1.5457404466655842E-008   149.15630632864455        3.2682686042581829E-002  -41.548666016581009     
   3.2682686034426096E-002   1.6000519151117237E-008   149.15630632864455        3.2682686042477267E-002  -41.548666016571453     
   3.2682686030055016E-002   1.6502660525457292E-008   149.15630632864455        3.2682686042320025E-002  -41.548666016569094     
   3.2682686026042330E-002   1.6960052497632847E-008   149.15630632864455        3.2682686042116556E-002  -41.548666016564731     
   3.2682686022414309E-002   1.7369833296433585E-008   149.15630632864455        3.2682686041873320E-002  -41.548666016576362     
   3.2682686019189083E-002   1.7730061278124089E-008   149.15630632864455        3.2682686041596680E-002  -41.548666016567836     
   3.2682686016376958E-002   1.8039705318665941E-008   149.15630632864455        3.2682686041292826E-002  -41.548666016577585     
   3.2682686013981395E-002   1.8298620288422959E-008   149.15630632864455        3.2682686040967690E-002  -41.548666016576213     
   3.2682686011997822E-002   1.8507508339262379E-008   149.15630632864455        3.2682686040626865E-002  -41.548666016559828     
   3.2682686010416559E-002   1.8667866953207094E-008   149.15630632864455        3.2682686040275584E-002  -41.548666016573272     
   3.2682686009220363E-002   1.8781924903415310E-008   149.15630632864455        3.2682686039918626E-002  -41.548666016575879     
   3.2682686008388147E-002   1.8852567458266001E-008   149.15630632864455        3.2682686039560323E-002  -41.548666016572618     
   3.2682686007892668E-002   1.8883252317246574E-008   149.15630632864455        3.2682686039204510E-002  -41.548666016573641     
   3.2682686007702126E-002   1.8877917898941279E-008   149.15630632864455        3.2682686038854485E-002  -41.548666016578174     
   3.2682686007785761E-002   1.8840885705421131E-008   149.15630632864455        3.2682686038513063E-002  -41.548666016577137     
   3.2682686008104450E-002   1.8776758562937431E-008   149.15630632864455        3.2682686038182536E-002  -41.548666016575162     
   3.2682686008621981E-002   1.8690316583677704E-008   149.15630632864455        3.2682686037864679E-002  -41.548666016578281     
   3.2682686009296961E-002   1.8586412708473055E-008   149.15630632864455        3.2682686037560763E-002  -41.548666016577180     
   3.2682686010095767E-002   1.8469869674517205E-008   149.15630632864455        3.2682686037271660E-002  -41.548666016576227     
   3.2682686010976944E-002   1.8345380206230707E-008   149.15630632864455        3.2682686036997755E-002  -41.548666016577180     
   3.2682686011905888E-002   1.8217412152947448E-008   149.15630632864455        3.2682686036739073E-002  -41.548666016578153     
   3.2682686012849842E-002   1.8090120194264257E-008   149.15630632864455        3.2682686036495309E-002  -41.548666016583908     
   3.2682686013778217E-002   1.7967265605271572E-008   149.15630632864455        3.2682686036265840E-002  -41.548666016570692     
   3.2682686014664682E-002   1.7852145422131439E-008   149.15630632864455        3.2682686036049825E-002  -41.548666016576838     
   3.2682686015486961E-002   1.7747532174802855E-008   149.15630632864455        3.2682686035846238E-002  -41.548666016587596     
   3.2682686016228153E-002   1.7655625162214710E-008   149.15630632864455        3.2682686035653899E-002  -41.548666016582565     
   3.2682686016874254E-002   1.7578014038807048E-008   149.15630632864455        3.2682686035471573E-002  -41.548666016571843     
   3.2682686017416807E-002   1.7515655263080617E-008   149.15630632864455        3.2682686035297975E-002  -41.548666016592172     
   3.2682686017855893E-002   1.7468861732820177E-008   149.15630632864455        3.2682686035131858E-002  -41.548666016576796     
   3.2682686018191028E-002   1.7437305700770938E-008   149.15630632864455        3.2682686034972035E-002  -41.548666016574472     
   3.2682686018431766E-002   1.7420034833782944E-008   149.15630632864455        3.2682686034817457E-002  -41.548666016569420     
   3.2682686018588515E-002   1.7415501050454022E-008   149.15630632864455        3.2682686034667188E-002  -41.548666016580434     
   3.2682686018679893E-002   1.7421601551086955E-008   149.15630632864455        3.2682686034520514E-002  -41.548666016569705     
   3.2682686018724802E-002   1.7435731243415307E-008   149.15630632864455        3.2682686034376920E-002  -41.548666016576455     
   3.2682686018747686E-002   1.7454845570561466E-008   149.15630632864455        3.2682686034236116E-002  -41.548666016571701     
   3.2682686018775796E-002   1.7475532568080573E-008   149.15630632864455        3.2682686034098081E-002  -41.548666016575950     
   3.2682686018838274E-002   1.7494092817175559E-008   149.15630632864455        3.2682686033963036E-002  -41.548666016570301     
   3.2682686018966102E-002   1.7506625823510289E-008   149.15630632864455        3.2682686033831482E-002  -41.548666016568497     
   3.2682686019188792E-002   1.7509121238694073E-008   149.15630632864455        3.2682686033704153E-002  -41.548666016565328     
   3.2682686019540233E-002   1.7497553255231553E-008   149.15630632864455        3.2682686033582049E-002  -41.548666016579929     
   3.2682686020048549E-002   1.7467976447168718E-008   149.15630632864455        3.2682686033466378E-002  -41.548666016582480     
   3.2682686020744103E-002   1.7416621299606844E-008   149.15630632864455        3.2682686033358561E-002  -41.548666016576725     
   3.2682686021653855E-002   1.7339987669840528E-008   149.15630632864455        3.2682686033260210E-002  -41.548666016567331     
   3.2682686022801402E-002   1.7234934451887866E-008   149.15630632864455        3.2682686033173050E-002  -41.548666016575311     
   3.2682686024205598E-002   1.7098763774493102E-008   149.15630632864455        3.2682686033098943E-002  -41.548666016576057     
   3.2682686025883319E-002   1.6929298148458248E-008   149.15630632864455        3.2682686033039796E-002  -41.548666016577805     
   3.2682686027845360E-002   1.6724949091532041E-008   149.15630632864455        3.2682686032997565E-002  -41.548666016580910     
   3.2682686030095574E-002   1.6484775896490966E-008   149.15630632864455        3.2682686032974161E-002  -41.548666016566976     
   3.2682686032635314E-002   1.6208533368316031E-008   149.15630632864455        3.2682686032971454E-002  -41.548666016568404     
   3.2682686035457813E-002   1.5896707535735481E-008   149.15630632864455        3.2682686032991189E-002  -41.548666016578551     
   3.2682686038550408E-002   1.5550538539995183E-008   149.15630632864455        3.2682686033034966E-002  -41.548666016563892     
   3.2682686041895448E-002   1.5172030114986067E-008   149.15630632864455        3.2682686033104189E-002  -41.548666016577855     
   3.2682686045465030E-002   1.4763945294506487E-008   149.15630632864455        3.2682686033200008E-002  -41.548666016575019     
   3.2682686049231698E-002   1.4329788211936542E-008   149.15630632864455        3.2682686033323333E-002  -41.548666016580540     
   3.2682686053157564E-002   1.3873772089918191E-008   149.15630632864455        3.2682686033474739E-002  -41.548666016584150     
   3.2682686057200379E-002   1.3400773750004034E-008   149.15630632864455        3.2682686033654484E-002  -41.548666016570806     
   3.2682686061314872E-002   1.2916275200654932E-008   149.15630632864455        3.2682686033862457E-002  -41.548666016583404     
   3.2682686065448233E-002   1.2426293082618744E-008   149.15630632864455        3.2682686034098171E-002  -41.548666016572078     
   3.2682686069546982E-002   1.1937296960399757E-008   149.15630632864455        3.2682686034360753E-002  -41.548666016577300     
   3.2682686073554242E-002   1.1456117643354794E-008   149.15630632864455        3.2682686034648939E-002  -41.548666016578125     
   3.2682686077409762E-002   1.0989846896912572E-008   149.15630632864455        3.2682686034961064E-002  -41.548666016569896     
   3.2682686081054770E-002   1.0545730061186006E-008   149.15630632864455        3.2682686035295075E-002  -41.548666016570053     
   3.2682686084428342E-002   1.0131053227286129E-008   149.15630632864455        3.2682686035648549E-002  -41.548666016568042     
   3.2682686087472781E-002   9.7530267294004011E-009   149.15630632864455        3.2682686036018725E-002  -41.548666016571026     
   3.2682686090127262E-002   9.4186667911759064E-009   149.15630632864455        3.2682686036402467E-002  -41.548666016579354     
   3.2682686092339625E-002   9.1346772165124772E-009   149.15630632864455        3.2682686036796395E-002  -41.548666016576419     
   3.2682686094058770E-002   8.9073330369981942E-009   149.15630632864455        3.2682686037196824E-002  -41.548666016571310     
   3.2682686095237092E-002   8.7423680200447812E-009   149.15630632864455        3.2682686037599884E-002  -41.548666016579126     
   3.2682686095836452E-002   8.6448679031515547E-009   149.15630632864455        3.2682686038001514E-002  -41.548666016573435     
   3.2682686095820514E-002   8.6191711518314044E-009   149.15630632864455        3.2682686038397538E-002  -41.548666016580320     
   3.2682686095164178E-002   8.6687789415472510E-009   149.15630632864455        3.2682686038783701E-002  -41.548666016576689     
   3.2682686093845871E-002   8.7962759391891805E-009   149.15630632864455        3.2682686039155744E-002  -41.548666016573286     
   3.2682686091855456E-002   9.0032633095636149E-009   149.15630632864455        3.2682686039509440E-002  -41.548666016571715     
   3.2682686089192614E-002   9.2903051985039947E-009   149.15630632864455        3.2682686039840661E-002  -41.548666016572298     
   3.2682686085860321E-002   9.6568897491987602E-009   149.15630632864455        3.2682686040145424E-002  -41.548666016575901     
   3.2682686081879284E-002   1.0101405495406129E-008   149.15630632864455        3.2682686040419996E-002  -41.548666016577108     
   3.2682686077270595E-002   1.0621133747671442E-008   149.15630632864455        3.2682686040660852E-002  -41.548666016572724     
   3.2682686072070588E-002   1.1212257349304892E-008   149.15630632864455        3.2682686040864807E-002  -41.548666016578274     
   3.2682686066322054E-002   1.1869885931848483E-008   149.15630632864455        3.2682686041029051E-002  -41.548666016578188     
   3.2682686060076807E-002   1.2588097548803346E-008   149.15630632864455        3.2682686041151147E-002  -41.548666016571048     
   3.2682686053394173E-002   1.3359996315005512E-008   149.15630632864455        3.2682686041229127E-002  -41.548666016570131     
   3.2682686046341759E-002   1.4177785431460095E-008   149.15630632864455        3.2682686041261490E-002  -41.548666016568859     
   3.2682686038993582E-002   1.5032854735270685E-008   149.15630632864455        3.2682686041247230E-002  -41.548666016571943     
   3.2682686031428480E-002   1.5915881685361943E-008   149.15630632864455        3.2682686041185863E-002  -41.548666016574842     
   3.2682686023732518E-002   1.6816944480317467E-008   149.15630632864455        3.2682686041077456E-002  -41.548666016575567     
   3.2682686015991599E-002   1.7725645808653096E-008   149.15630632864455        3.2682686040922601E-002  -41.548666016582516     
   3.2682686008297546E-002   1.8631245556697140E-008   149.15630632864455        3.2682686040722449E-002  -41.548666016572554     
   3.2682686000743935E-002   1.9522800648233671E-008   149.15630632864455        3.2682686040478678E-002  -41.548666016570870     
   3.2682685993421272E-002   2.0389310065484879E-008   149.15630632864455        3.2682686040193483E-002  -41.548666016563196     
   3.2682685986422329E-002   2.1219863004487495E-008   149.15630632864455        3.2682686039869562E-002  -41.548666016573172     
   3.2682685979836430E-002   2.2003788051820012E-008   149.15630632864455        3.2682686039510085E-002  -41.548666016572184     
   3.2682685973748779E-002   2.2730801234490424E-008   149.15630632864455        3.2682686039118648E-002  -41.548666016575595     
   3.2682685968241885E-002   2.3391150791268440E-008   149.15630632864455        3.2682686038699255E-002  -41.548666016565761     
   3.2682685963389316E-002   2.3975756542750966E-008   149.15630632864455        3.2682686038256255E-002  -41.548666016580221     
   3.2682685959261625E-002   2.4476341797905870E-008   149.15630632864455        3.2682686037794298E-002  -41.548666016572689     
   3.2682685955919014E-002   2.4885555826374729E-008   149.15630632864455        3.2682686037318276E-002  -41.548666016572021     
   3.2682685953411013E-002   2.5197085047253805E-008   149.15630632864455        3.2682686036833261E-002  -41.548666016565612     
   3.2682685951782468E-002   2.5405751234526442E-008   149.15630632864455        3.2682686036344472E-002  -41.548666016576306     
   3.2682685951063696E-002   2.5507595214854363E-008   149.15630632864455        3.2682686035857146E-002  -41.548666016569953     
   3.2682685951276130E-002   2.5499944732483102E-008   149.15630632864455        3.2682686035376579E-002  -41.548666016575048     
   3.2682685952429361E-002   2.5381465375727864E-008   149.15630632864455        3.2682686034907947E-002  -41.548666016572859     
   3.2682685954520771E-002   2.5152193696625798E-008   149.15630632864455        3.2682686034456336E-002  -41.548666016580448     
   3.2682685957536886E-002   2.4813551906699793E-008   149.15630632864455        3.2682686034026624E-002  -41.548666016579055     
   3.2682685961452289E-002   2.4368343793145334E-008   149.15630632864455        3.2682686033623433E-002  -41.548666016571694     
   3.2682685966230876E-002   2.3820731767902493E-008   149.15630632864455        3.2682686033251099E-002  -41.548666016578359     
   3.2682685971824700E-002   2.3176195232610690E-008   149.15630632864455        3.2682686032913591E-002  -41.548666016574757     
   3.2682685978175106E-002   2.2441470711737486E-008   149.15630632864455        3.2682686032614469E-002  -41.548666016575915     
   3.2682685985215995E-002   2.1624474469990575E-008   149.15630632864455        3.2682686032356870E-002  -41.548666016580817     
   3.2682685992867722E-002   2.0734208584566831E-008   149.15630632864455        3.2682686032143408E-002  -41.548666016575929     
   3.2682686001047158E-002   1.9780651684064584E-008   149.15630632864455        3.2682686031976230E-002  -41.548666016570401     
   3.2682686009660594E-002   1.8774635790634083E-008   149.15630632864455        3.2682686031856895E-002  -41.548666016575076     
   3.2682686018611171E-002   1.7727710906664959E-008   149.15630632864455        3.2682686031786437E-002  -41.548666016576597     
   3.2682686027794311E-002   1.6651999168679817E-008   149.15630632864455        3.2682686031765315E-002  -41.548666016573925     
   3.2682686037105113E-002   1.5560040546913356E-008   149.15630632864455        3.2682686031793418E-002  -41.548666016572625     
   3.2682686046436184E-002   1.4464632196525872E-008   149.15630632864455        3.2682686031870078E-002  -41.548666016582423     
   3.2682686055677174E-002   1.3378663663773131E-008   149.15630632864455        3.2682686031994077E-002  -41.548666016577116     
   3.2682686064720516E-002   1.2314950216266173E-008   149.15630632864455        3.2682686032163642E-002  -41.548666016570714     
   3.2682686073459435E-002   1.1286066599654436E-008   149.15630632864455        3.2682686032376514E-002  -41.548666016578750     
   3.2682686081793470E-002   1.0304183523015020E-008   149.15630632864455        3.2682686032629929E-002  -41.548666016568639     
   3.2682686089621604E-002   9.3809091421014638E-009   149.15630632864455        3.2682686032920710E-002  -41.548666016568482     
   3.2682686096855436E-002   8.5271377435083073E-009   149.15630632864455        3.2682686033245249E-002  -41.548666016579276     
   3.2682686103409943E-002   7.7529077349380051E-009   149.15630632864455        3.2682686033599619E-002  -41.548666016572675     
   3.2682686109208804E-002   7.0672709186093660E-009   149.15630632864455        3.2682686033979565E-002  -41.548666016573037     
   3.2682686114185532E-002   6.4781748677288683E-009   149.15630632864455        3.2682686034380591E-002  -41.548666016571573     
   3.2682686118283483E-002   5.9923600427047035E-009   149.15630632864455        3.2682686034798014E-002  -41.548666016561924     
   3.2682686121458540E-002   5.6152730768783790E-009   149.15630632864455        3.2682686035227032E-002  -41.548666016573122     
   3.2682686123677605E-002   5.3509974338321398E-009   149.15630632864455        3.2682686035662746E-002  -41.548666016564859     
   3.2682686124913964E-002   5.2022023933071460E-009   149.15630632864455        3.2682686036100250E-002  -41.548666016570060     
   3.2682686125163736E-002   5.1701110639196439E-009   149.15630632864455        3.2682686036534708E-002  -41.548666016575986     
   3.2682686124426256E-002   5.2544878521017959E-009   149.15630632864455        3.2682686036961367E-002  -41.548666016578629     
   3.2682686122716881E-002   5.4536455416167833E-009   149.15630632864455        3.2682686037375647E-002  -41.548666016574550     
   3.2682686120062782E-002   5.7644718610631918E-009   149.15630632864455        3.2682686037773176E-002  -41.548666016576547     
   3.2682686116502248E-002   6.1824751416031891E-009   149.15630632864455        3.2682686038149875E-002  -41.548666016566834     
   3.2682686112084303E-002   6.7018483979991004E-009   149.15630632864455        3.2682686038501940E-002  -41.548666016572874     
   3.2682686106867899E-002   7.3155509068191958E-009   149.15630632864455        3.2682686038825945E-002  -41.548666016565797     
   3.2682686100923675E-002   8.0154061099645218E-009   149.15630632864455        3.2682686039118863E-002  -41.548666016584903     
   3.2682686094328887E-002   8.7922144431781471E-009   149.15630632864455        3.2682686039378066E-002  -41.548666016579347     
   3.2682686087168476E-002   9.6358794813995261E-009   149.15630632864455        3.2682686039601387E-002  -41.548666016569960     
   3.2682686079534888E-002   1.0535545608259847E-008   149.15630632864455        3.2682686039787127E-002  -41.548666016576995     
   3.2682686071522950E-002   1.1479745258770565E-008   149.15630632864455        3.2682686039934045E-002  -41.548666016573812     
   3.2682686063235052E-002   1.2456553654508569E-008   149.15630632864455        3.2682686040041424E-002  -41.548666016579809     
   3.2682686054774972E-002   1.3453748850924976E-008   149.15630632864455        3.2682686040109009E-002  -41.548666016575325     
   3.2682686046244649E-002   1.4458974848534372E-008   149.15630632864455        3.2682686040137028E-002  -41.548666016573584     
   3.2682686037748265E-002   1.5459905484402330E-008   149.15630632864455        3.2682686040126169E-002  -41.548666016575432     
   3.2682686029389951E-002   1.6444406818130590E-008   149.15630632864455        3.2682686040077590E-002  -41.548666016578849     
   3.2682686021266817E-002   1.7400695757033546E-008   149.15630632864455        3.2682686039992859E-002  -41.548666016573954     
   3.2682686013474280E-002   1.8317492728489713E-008   149.15630632864455        3.2682686039873940E-002  -41.548666016572675     
   3.2682686006102683E-002   1.9184166301901189E-008   149.15630632864455        3.2682686039723172E-002  -41.548666016575204     
   3.2682685999235565E-002   1.9990867787308857E-008   149.15630632864455        3.2682686039543225E-002  -41.548666016568554     
   3.2682685992945493E-002   2.0728653990310372E-008   149.15630632864455        3.2682686039337043E-002  -41.548666016571211     
   3.2682685987302465E-002   2.1389596481146175E-008   149.15630632864455        3.2682686039107817E-002  -41.548666016578487     
   3.2682685982363527E-002   2.1966875937169148E-008   149.15630632864455        3.2682686038858939E-002  -41.548666016581876     
   3.2682685978173094E-002   2.2454860339403640E-008   149.15630632864455        3.2682686038593936E-002  -41.548666016572930     
   3.2682685974772835E-002   2.2849166042217798E-008   149.15630632864455        3.2682686038316450E-002  -41.548666016573186     
   3.2682685972186210E-002   2.3146700985848124E-008   149.15630632864455        3.2682686038030172E-002  -41.548666016579332     
   3.2682685970428969E-002   2.3345689582495002E-008   149.15630632864455        3.2682686037738787E-002  -41.548666016571850     
   3.2682685969504841E-002   2.3445679073079747E-008   149.15630632864455        3.2682686037445938E-002  -41.548666016570941     
   3.2682685969409493E-002   2.3447527419305864E-008   149.15630632864455        3.2682686037155184E-002  -41.548666016581237     
   3.2682685970121500E-002   2.3353373061469883E-008   149.15630632864455        3.2682686036869940E-002  -41.548666016573371     
   3.2682685971616672E-002   2.3166587131491011E-008   149.15630632864455        3.2682686036593439E-002  -41.548666016577563     
   3.2682685973854694E-002   2.2891708960180575E-008   149.15630632864455        3.2682686036328720E-002  -41.548666016573314     
   3.2682685976790797E-002   2.2534365953313138E-008   149.15630632864455        3.2682686036078559E-002  -41.548666016575652     
   3.2682685980368824E-002   2.2101179129696879E-008   149.15630632864455        3.2682686035845468E-002  -41.548666016572284     
   3.2682685984525825E-002   2.1599655812789067E-008   149.15630632864455        3.2682686035631632E-002  -41.548666016570984     
   3.2682685989193459E-002   2.1038071142876382E-008   149.15630632864455        3.2682686035438946E-002  -41.548666016579375     
   3.2682685994297370E-002   2.0425340226567776E-008   149.15630632864455        3.2682686035268936E-002  -41.548666016577492     
   3.2682685999758730E-002   1.9770882862495554E-008   149.15630632864455        3.2682686035122803E-002  -41.548666016583411     
   3.2682686005495690E-002   1.9084482875280664E-008   149.15630632864455        3.2682686035001379E-002  -41.548666016582061     
   3.2682686011425363E-002   1.8376144151983613E-008   149.15630632864455        3.2682686034905151E-002  -41.548666016576028     
   3.2682686017463894E-002   1.7655945506451665E-008   149.15630632864455        3.2682686034834256E-002  -41.548666016575794     
   3.2682686023525538E-002   1.6933896496313190E-008   149.15630632864455        3.2682686034788473E-002  -41.548666016586928     
   3.2682686029529839E-002   1.6219796285548488E-008   149.15630632864455        3.2682686034767268E-002  -41.548666016577712     
   3.2682686035396723E-002   1.5523097582968071E-008   149.15630632864455        3.2682686034769794E-002  -41.548666016563956     
   3.2682686041052282E-002   1.4852777594222475E-008   149.15630632864455        3.2682686034794926E-002  -41.548666016576469     
   3.2682686046425387E-002   1.4217217804490804E-008   149.15630632864455        3.2682686034841264E-002  -41.548666016573215     
   3.2682686051452102E-002   1.3624094262319341E-008   149.15630632864455        3.2682686034907177E-002  -41.548666016573044     
   3.2682686056073877E-002   1.3080279864224675E-008   149.15630632864455        3.2682686034990839E-002  -41.548666016569356     
   3.2682686060240114E-002   1.2591759947921901E-008   149.15630632864455        3.2682686035090253E-002  -41.548666016570500     
   3.2682686063909741E-002   1.2163562292101979E-008   149.15630632864455        3.2682686035203266E-002  -41.548666016565655     
   3.2682686067047939E-002   1.1799702395624928E-008   149.15630632864455        3.2682686035327660E-002  -41.548666016573407     
   3.2682686069627355E-002   1.1503144672467396E-008   149.15630632864455        3.2682686035461123E-002  -41.548666016572433     
   3.2682686071635159E-002   1.1275779954531292E-008   149.15630632864455        3.2682686035601330E-002  -41.548666016578714     
   3.2682686073061858E-002   1.1118419445978413E-008   149.15630632864455        3.2682686035745964E-002  -41.548666016575702     
   3.2682686073908049E-002   1.1030805023792420E-008   149.15630632864455        3.2682686035892743E-002  -41.548666016579531     
   3.2682686074185979E-002   1.1011635533832207E-008   149.15630632864455        3.2682686036039459E-002  -41.548666016575559     
   3.2682686073913197E-002   1.1058608493224819E-008   149.15630632864455        3.2682686036184017E-002  -41.548666016578139     
   3.2682686073114725E-002   1.1168476382092106E-008   149.15630632864455        3.2682686036324439E-002  -41.548666016580732     
   3.2682686071824618E-002   1.1337116493839667E-008   149.15630632864455        3.2682686036458908E-002  -41.548666016575176     
   3.2682686070084399E-002   1.1559613116476213E-008   149.15630632864455        3.2682686036585792E-002  -41.548666016579531     
   3.2682686067938803E-002   1.1830350640900726E-008   149.15630632864455        3.2682686036703663E-002  -41.548666016576142     
   3.2682686065439032E-002   1.2143116038082203E-008   149.15630632864455        3.2682686036811286E-002  -41.548666016573328     
   3.2682686062639542E-002   1.2491209017746215E-008   149.15630632864455        3.2682686036907660E-002  -41.548666016582452     
   3.2682686059600015E-002   1.2867558078667207E-008   149.15630632864455        3.2682686036992016E-002  -41.548666016578835     
   3.2682686056379653E-002   1.3264840586257627E-008   149.15630632864455        3.2682686037063820E-002  -41.548666016569648     
   3.2682686053039520E-002   1.3675604967496897E-008   149.15630632864455        3.2682686037122773E-002  -41.548666016574764     
   3.2682686049641752E-002   1.4092393097315375E-008   149.15630632864455        3.2682686037168791E-002  -41.548666016584356     
   3.2682686046246634E-002   1.4507860964474859E-008   149.15630632864455        3.2682686037202049E-002  -41.548666016561789     
   3.2682686042912447E-002   1.4914895747768132E-008   149.15630632864455        3.2682686037222887E-002  -41.548666016573115     
   3.2682686039695680E-002   1.5306727504836055E-008   149.15630632864455        3.2682686037231880E-002  -41.548666016572966     
   3.2682686036648458E-002   1.5677033774681725E-008   149.15630632864455        3.2682686037229770E-002  -41.548666016576092     
   3.2682686033817361E-002   1.6020035518958910E-008   149.15630632864455        3.2682686037217454E-002  -41.548666016580178     
   3.2682686031247271E-002   1.6330582974961976E-008   149.15630632864455        3.2682686037195978E-002  -41.548666016571111     
   3.2682686028972258E-002   1.6604230162104859E-008   149.15630632864455        3.2682686037166495E-002  -41.548666016577279     
   3.2682686027025655E-002   1.6837296970783646E-008   149.15630632864455        3.2682686037130280E-002  -41.548666016571815     
   3.2682686025429897E-002   1.7026917965321543E-008   149.15630632864455        3.2682686037088640E-002  -41.548666016575901     
   3.2682686024199749E-002   1.7171077247614022E-008   149.15630632864455        3.2682686037042934E-002  -41.548666016579460     
   3.2682686023348735E-002   1.7268628951920883E-008   149.15630632864455        3.2682686036994549E-002  -41.548666016567331     
   3.2682686022877244E-002   1.7319303170500379E-008   149.15630632864455        3.2682686036944839E-002  -41.548666016581912     
   3.2682686022779669E-002   1.7323697340555806E-008   149.15630632864455        3.2682686036895135E-002  -41.548666016575851     
   3.2682686023047018E-002   1.7283253352569726E-008   149.15630632864455        3.2682686036846716E-002  -41.548666016576249     
   3.2682686023658106E-002   1.7200220864004380E-008   149.15630632864455        3.2682686036800766E-002  -41.548666016571346     
   3.2682686024591297E-002   1.7077607517272158E-008   149.15630632864455        3.2682686036758370E-002  -41.548666016574103     
   3.2682686025814443E-002   1.6919116964562750E-008   149.15630632864455        3.2682686036720504E-002  -41.548666016574238     
   3.2682686027294038E-002   1.6729075789834094E-008   149.15630632864455        3.2682686036688002E-002  -41.548666016561086     
   3.2682686028988252E-002   1.6512350588589667E-008   149.15630632864455        3.2682686036661544E-002  -41.548666016571133     
   3.2682686030855203E-002   1.6274256615728644E-008   149.15630632864455        3.2682686036641657E-002  -41.548666016572426     
   3.2682686032847824E-002   1.6020459538401466E-008   149.15630632864455        3.2682686036628709E-002  -41.548666016573058     
   3.2682686034918522E-002   1.5756871933084128E-008   149.15630632864455        3.2682686036622895E-002  -41.548666016577727     
   3.2682686037018356E-002   1.5489546242097848E-008   149.15630632864455        3.2682686036624234E-002  -41.548666016577030     
   3.2682686039097270E-002   1.5224565953561468E-008   149.15630632864455        3.2682686036632588E-002  -41.548666016569307     
   3.2682686041105913E-002   1.4967936789863201E-008   149.15630632864455        3.2682686036647653E-002  -41.548666016571737     
   3.2682686042997823E-002   1.4725479682293925E-008   149.15630632864455        3.2682686036668962E-002  -41.548666016565846     
   3.2682686044728897E-002   1.4502727274413666E-008   149.15630632864455        3.2682686036695913E-002  -41.548666016591476     
   3.2682686046254898E-002   1.4304825634471154E-008   149.15630632864455        3.2682686036727776E-002  -41.548666016570301     
   3.2682686047540495E-002   1.4136442768491412E-008   149.15630632864455        3.2682686036763699E-002  -41.548666016574607     
   3.2682686048551450E-002   1.4001685412278097E-008   149.15630632864455        3.2682686036802730E-002  -41.548666016579126     
   3.2682686049260466E-002   1.3904025444174492E-008   149.15630632864455        3.2682686036843843E-002  -41.548666016573534     
   3.2682686049644631E-002   1.3846237103628042E-008   149.15630632864455        3.2682686036885955E-002  -41.548666016576995     
   3.2682686049689304E-002   1.3830346025130640E-008   149.15630632864455        3.2682686036927935E-002  -41.548666016572334     
   3.2682686049384645E-002   1.3857590906308851E-008   149.15630632864455        3.2682686036968639E-002  -41.548666016579539     
   3.2682686048727927E-002   1.3928398425952292E-008   149.15630632864455        3.2682686037006942E-002  -41.548666016567495     
   3.2682686047722211E-002   1.4042371815123879E-008   149.15630632864455        3.2682686037041733E-002  -41.548666016581137     
   3.2682686046379049E-002   1.4198293266112119E-008   149.15630632864455        3.2682686037071952E-002  -41.548666016574430     
   3.2682686044716185E-002   1.4394140143149670E-008   149.15630632864455        3.2682686037096606E-002  -41.548666016579801     
   3.2682686042757002E-002   1.4627114738618612E-008   149.15630632864455        3.2682686037114807E-002  -41.548666016566379     
   3.2682686040531976E-002   1.4893687103009628E-008   149.15630632864455        3.2682686037125763E-002  -41.548666016571978     
   3.2682686038073838E-002   1.5189650268693065E-008   149.15630632864455        3.2682686037128789E-002  -41.548666016577819     
   3.2682686035425318E-002   1.5510186990709244E-008   149.15630632864455        3.2682686037123362E-002  -41.548666016567118     
   3.2682686032629089E-002   1.5849946944482902E-008   149.15630632864455        3.2682686037109096E-002  -41.548666016577691     
   3.2682686029734551E-002   1.6203133154047376E-008   149.15630632864455        3.2682686037085761E-002  -41.548666016560510     
   3.2682686026792709E-002   1.6563596277535324E-008   149.15630632864455        3.2682686037053287E-002  -41.548666016574956     
   3.2682686023854511E-002   1.6924935251075961E-008   149.15630632864455        3.2682686037011778E-002  -41.548666016576242     
   3.2682686020976029E-002   1.7280602690423315E-008   149.15630632864455        3.2682686036961513E-002  -41.548666016577961     
   3.2682686018209846E-002   1.7624013373039736E-008   149.15630632864455        3.2682686036902914E-002  -41.548666016580832     
   3.2682686015610862E-002   1.7948654072515936E-008   149.15630632864455        3.2682686036836578E-002  -41.548666016575218     
   3.2682686013228830E-002   1.8248192993730147E-008   149.15630632864455        3.2682686036763269E-002  -41.548666016570031     
   3.2682686011114556E-002   1.8516587061082458E-008   149.15630632864455        3.2682686036683860E-002  -41.548666016575261     
   3.2682686009313289E-002   1.8748185342953155E-008   149.15630632864455        3.2682686036599379E-002  -41.548666016570543     
   3.2682686007867744E-002   1.8937826953500861E-008   149.15630632864455        3.2682686036510977E-002  -41.548666016579773     
   3.2682686006814066E-002   1.9080931856387184E-008   149.15630632864455        3.2682686036419883E-002  -41.548666016573129     
   3.2682686006184347E-002   1.9173583103246407E-008   149.15630632864455        3.2682686036327416E-002  -41.548666016572000     
   3.2682686006001896E-002   1.9212599170694972E-008   149.15630632864455        3.2682686036234962E-002  -41.548666016575204     
   3.2682686006287792E-002   1.9195595211559378E-008   149.15630632864455        3.2682686036143938E-002  -41.548666016574970     
   3.2682686007051945E-002   1.9121032206162115E-008   149.15630632864455        3.2682686036055779E-002  -41.548666016575737     
   3.2682686008298635E-002   1.8988253185471617E-008   149.15630632864455        3.2682686035971915E-002  -41.548666016582466     
   3.2682686010023852E-002   1.8797505897241869E-008   149.15630632864455        3.2682686035893763E-002  -41.548666016579936     
   3.2682686012219082E-002   1.8549951494881006E-008   149.15630632864455        3.2682686035822667E-002  -41.548666016570870     
   3.2682686014863169E-002   1.8247659044377263E-008   149.15630632864455        3.2682686035759911E-002  -41.548666016572305     
   3.2682686017931617E-002   1.7893585863671392E-008   149.15630632864455        3.2682686035706697E-002  -41.548666016579489     
   3.2682686021391294E-002   1.7491543927345559E-008   149.15630632864455        3.2682686035664092E-002  -41.548666016575979     
   3.2682686025202509E-002   1.7046152785229580E-008   149.15630632864455        3.2682686035633048E-002  -41.548666016576632     
   3.2682686029319973E-002   1.6562779652129015E-008   149.15630632864455        3.2682686035614368E-002  -41.548666016580910     
   3.2682686033692253E-002   1.6047467524728382E-008   149.15630632864455        3.2682686035608699E-002  -41.548666016573684     
   3.2682686038264207E-002   1.5506852367570719E-008   149.15630632864455        3.2682686035616505E-002  -41.548666016572554     
   3.2682686042973232E-002   1.4948070580236417E-008   149.15630632864455        3.2682686035638078E-002  -41.548666016581365     
   3.2682686047759826E-002   1.4378658109248962E-008   149.15630632864455        3.2682686035673522E-002  -41.548666016572916     
   3.2682686052555039E-002   1.3806442699465676E-008   149.15630632864455        3.2682686035722740E-002  -41.548666016574394     
   3.2682686057294102E-002   1.3239430887868538E-008   149.15630632864455        3.2682686035785447E-002  -41.548666016574622     
   3.2682686061909286E-002   1.2685691426505778E-008   149.15630632864455        3.2682686035861171E-002  -41.548666016586957     
   3.2682686066333615E-002   1.2153236879856533E-008   149.15630632864455        3.2682686035949239E-002  -41.548666016570117     
   3.2682686070501073E-002   1.1649905173231585E-008   149.15630632864455        3.2682686036048812E-002  -41.548666016574593     
   3.2682686074349689E-002   1.1183242874050270E-008   149.15630632864455        3.2682686036158877E-002  -41.548666016579133     
   3.2682686077821793E-002   1.0760391965131446E-008   149.15630632864455        3.2682686036278254E-002  -41.548666016575808     
   3.2682686080860189E-002   1.0387981820357495E-008   149.15630632864455        3.2682686036405631E-002  -41.548666016581272     
   3.2682686083417428E-002   1.0072028018143624E-008   149.15630632864455        3.2682686036539565E-002  -41.548666016570600     
   3.2682686085448880E-002   9.8178395282733732E-009   149.15630632864455        3.2682686036678517E-002  -41.548666016564589     
   3.2682686086918107E-002   9.6299356846829909E-009   149.15630632864455        3.2682686036820841E-002  -41.548666016572191     
   3.2682686087795128E-002   9.5119742123689470E-009   149.15630632864455        3.2682686036964836E-002  -41.548666016572582     
   3.2682686088059083E-002   9.4666914129476949E-009   149.15630632864455        3.2682686037108763E-002  -41.548666016581500     
   3.2682686087694819E-002   9.4958554330769341E-009   149.15630632864455        3.2682686037250858E-002  -41.548666016571119     
   3.2682686086698165E-002   9.6002333456997584E-009   149.15630632864455        3.2682686037389365E-002  -41.548666016579517     
   3.2682686085071515E-002   9.7795725687691259E-009   149.15630632864455        3.2682686037522550E-002  -41.548666016579013     
   3.2682686082827823E-002   1.0032596932979086E-008   149.15630632864455        3.2682686037648748E-002  -41.548666016576810     
   3.2682686079985278E-002   1.0357017492089067E-008   149.15630632864455        3.2682686037766348E-002  -41.548666016566919     
   3.2682686076574097E-002   1.0749557950316902E-008   149.15630632864455        3.2682686037873852E-002  -41.548666016585706     
   3.2682686072629849E-002   1.1205994363997463E-008   149.15630632864455        3.2682686037969859E-002  -41.548666016574678     
   3.2682686068196479E-002   1.1721208562712868E-008   149.15630632864455        3.2682686038053133E-002  -41.548666016579588     
   3.2682686063325278E-002   1.2289254531400858E-008   149.15630632864455        3.2682686038122556E-002  -41.548666016576732     
   3.2682686058072286E-002   1.2903436802933520E-008   149.15630632864455        3.2682686038177214E-002  -41.548666016574217     
   3.2682686052499986E-002   1.3556399732893238E-008   149.15630632864455        3.2682686038216349E-002  -41.548666016576320     
   3.2682686046674736E-002   1.4240226367474366E-008   149.15630632864455        3.2682686038239393E-002  -41.548666016572263     
   3.2682686040668298E-002   1.4946545474223104E-008   149.15630632864455        3.2682686038245999E-002  -41.548666016574039     
   3.2682686034552808E-002   1.5666645185512706E-008   149.15630632864455        3.2682686038235986E-002  -41.548666016580860     
   3.2682686028405759E-002   1.6391591608171288E-008   149.15630632864455        3.2682686038209417E-002  -41.548666016580036     
   3.2682686022300567E-002   1.7112350680858633E-008   149.15630632864455        3.2682686038166535E-002  -41.548666016571367     
   3.2682686016314265E-002   1.7819911514833466E-008   149.15630632864455        3.2682686038107790E-002  -41.548666016582203     
   3.2682686010521586E-002   1.8505409434033116E-008   149.15630632864455        3.2682686038033829E-002  -41.548666016574742     
   3.2682686004992273E-002   1.9160246937330335E-008   149.15630632864455        3.2682686037945489E-002  -41.548666016577549     
   3.2682685999798990E-002   1.9776210839364270E-008   149.15630632864455        3.2682686037843758E-002  -41.548666016560603     
   3.2682685995003284E-002   2.0345583905637928E-008   149.15630632864455        3.2682686037729822E-002  -41.548666016580910     
   3.2682685990665178E-002   2.0861249381884282E-008   149.15630632864455        3.2682686037604977E-002  -41.548666016571602     
   3.2682685986839606E-002   2.1316786925616696E-008   149.15630632864455        3.2682686037470682E-002  -41.548666016579162     
   3.2682685983571887E-002   2.1706558577700182E-008   149.15630632864455        3.2682686037328469E-002  -41.548666016571836     
   3.2682685980903244E-002   2.2025783561674210E-008   149.15630632864455        3.2682686037179984E-002  -41.548666016575169     
   3.2682685978865415E-002   2.2270600865833637E-008   149.15630632864455        3.2682686037026926E-002  -41.548666016575140     
   3.2682685977481231E-002   2.2438118745775350E-008   149.15630632864455        3.2682686036871043E-002  -41.548666016567957     
   3.2682685976767475E-002   2.2526450479845029E-008   149.15630632864455        3.2682686036714120E-002  -41.548666016581699     
   3.2682685976730866E-002   2.2534735914098096E-008   149.15630632864455        3.2682686036557912E-002  -41.548666016573328     
   3.2682685977369327E-002   2.2463148543719444E-008   149.15630632864455        3.2682686036404174E-002  -41.548666016570579     
   3.2682685978672084E-002   2.2312888091233105E-008   149.15630632864455        3.2682686036254606E-002  -41.548666016574742     
   3.2682685980621233E-002   2.2086158754913572E-008   149.15630632864455        3.2682686036110853E-002  -41.548666016576760     
   3.2682685983189720E-002   2.1786133510818634E-008   149.15630632864455        3.2682686035974462E-002  -41.548666016577570     
   3.2682685986342400E-002   2.1416905054915993E-008   149.15630632864455        3.2682686035846870E-002  -41.548666016569356     
   3.2682685990038013E-002   2.0983424165623935E-008   149.15630632864455        3.2682686035729408E-002  -41.548666016570529     
   3.2682685994227176E-002   2.0491426448185966E-008   149.15630632864455        3.2682686035623271E-002  -41.548666016581770     
   3.2682685998857333E-002   1.9947348588371924E-008   149.15630632864455        3.2682686035529478E-002  -41.548666016574032     
   3.2682686003868110E-002   1.9358235391694110E-008   149.15630632864455        3.2682686035448917E-002  -41.548666016575538     
   3.2682686009195765E-002   1.8731639012676234E-008   149.15630632864455        3.2682686035382283E-002  -41.548666016573364     
   3.2682686014774004E-002   1.8075511886166963E-008   149.15630632864455        3.2682686035330109E-002  -41.548666016578558     
   3.2682686020534042E-002   1.7398094956517549E-008   149.15630632864455        3.2682686035292743E-002  -41.548666016574060     
   3.2682686026403847E-002   1.6707802860030343E-008   149.15630632864455        3.2682686035270352E-002  -41.548666016572135     
   3.2682686032312044E-002   1.6013107750734946E-008   149.15630632864455        3.2682686035262920E-002  -41.548666016588939     
   3.2682686038191112E-002   1.5322423468446167E-008   149.15630632864455        3.2682686035270254E-002  -41.548666016571687     
   3.2682686043967256E-002   1.4643991731496137E-008   149.15630632864455        3.2682686035292001E-002  -41.548666016579602     
   3.2682686049576103E-002   1.3985771994875224E-008   149.15630632864455        3.2682686035327618E-002  -41.548666016577627     
   3.2682686054952885E-002   1.3355336548323194E-008   149.15630632864455        3.2682686035376440E-002  -41.548666016580022     
   3.2682686060038206E-002   1.2759772339396482E-008   149.15630632864455        3.2682686035437634E-002  -41.548666016573002     
   3.2682686064777713E-002   1.2205590895274548E-008   149.15630632864455        3.2682686035510257E-002  -41.548666016581890     
   3.2682686069122079E-002   1.1698647585579932E-008   149.15630632864455        3.2682686035593253E-002  -41.548666016576348     
   3.2682686073027246E-002   1.1244071319195352E-008   149.15630632864455        3.2682686035685450E-002  -41.548666016572888     
   3.2682686076456427E-002   1.0846205603305497E-008   149.15630632864455        3.2682686035785627E-002  -41.548666016580562     
   3.2682686079381025E-002   1.0508561714757715E-008   149.15630632864455        3.2682686035892479E-002  -41.548666016583653     
   3.2682686081776435E-002   1.0233784545692165E-008   149.15630632864455        3.2682686036004667E-002  -41.548666016576988     
   3.2682686083627642E-002   1.0023631490114447E-008   149.15630632864455        3.2682686036120824E-002  -41.548666016583496     
   3.2682686084928587E-002   9.8789645381785069E-009   149.15630632864455        3.2682686036239576E-002  -41.548666016578466     
   3.2682686085677350E-002   9.7997555441101456E-009   149.15630632864455        3.2682686036359571E-002  -41.548666016585010     
   3.2682686085881624E-002   9.7851044346503756E-009   149.15630632864455        3.2682686036479475E-002  -41.548666016569541     
   3.2682686085555940E-002   9.8332699307765396E-009   149.15630632864455        3.2682686036598019E-002  -41.548666016568141     
   3.2682686084719949E-002   9.9417121690920571E-009   149.15630632864455        3.2682686036713968E-002  -41.548666016569648     
   3.2682686083400039E-002   1.0107146433699796E-008   149.15630632864455        3.2682686036826197E-002  -41.548666016573129     
   3.2682686081630344E-002   1.0325607047370036E-008   149.15630632864455        3.2682686036933639E-002  -41.548666016585749     
   3.2682686079447611E-002   1.0592520323971668E-008   149.15630632864455        3.2682686037035343E-002  -41.548666016583226     
   3.2682686076894965E-002   1.0902785355787892E-008   149.15630632864455        3.2682686037130475E-002  -41.548666016574337     
   3.2682686074015525E-002   1.1250861300426018E-008   149.15630632864455        3.2682686037218293E-002  -41.548666016575282     
   3.2682686070860861E-002   1.1630859744677740E-008   149.15630632864455        3.2682686037298202E-002  -41.548666016579936     
   3.2682686067479712E-002   1.2036640658067641E-008   149.15630632864455        3.2682686037369721E-002  -41.548666016567871     
   3.2682686063926464E-002   1.2461910407291677E-008   149.15630632864455        3.2682686037432504E-002  -41.548666016581322     
   3.2682686060252764E-002   1.2900320285675335E-008   149.15630632864455        3.2682686037486329E-002  -41.548666016579354     
   3.2682686056511340E-002   1.3345564018639853E-008   149.15630632864455        3.2682686037531092E-002  -41.548666016575872     
   3.2682686052752173E-002   1.3791472736885407E-008   149.15630632864455        3.2682686037566820E-002  -41.548666016567758     
   3.2682686049026625E-002   1.4232105963314034E-008   149.15630632864455        3.2682686037593660E-002  -41.548666016572888     
   3.2682686045380258E-002   1.4661837235986076E-008   149.15630632864455        3.2682686037611854E-002  -41.548666016572462     
   3.2682686041857589E-002   1.5075433087015648E-008   149.15630632864455        3.2682686037621748E-002  -41.548666016577876     
   3.2682686038498963E-002   1.5468124214345181E-008   149.15630632864455        3.2682686037623788E-002  -41.548666016579745     
   3.2682686035339262E-002   1.5835667817462104E-008   149.15630632864455        3.2682686037618487E-002  -41.548666016573314     
   3.2682686032410042E-002   1.6174400218285517E-008   149.15630632864455        3.2682686037606434E-002  -41.548666016571964     
   3.2682686029737090E-002   1.6481279050681396E-008   149.15630632864455        3.2682686037588261E-002  -41.548666016581365     
   3.2682686027339758E-002   1.6753914474998476E-008   149.15630632864455        3.2682686037564641E-002  -41.548666016578665     
   3.2682686025234241E-002   1.6990589054645260E-008   149.15630632864455        3.2682686037536296E-002  -41.548666016573392     
   3.2682686023431301E-002   1.7190266116447041E-008   149.15630632864455        3.2682686037503947E-002  -41.548666016573314     
   3.2682686021931924E-002   1.7352586603392265E-008   149.15630632864455        3.2682686037468316E-002  -41.548666016571445     
   3.2682686020735617E-002   1.7477854613914554E-008   149.15630632864455        3.2682686037430110E-002  -41.548666016577528     
   3.2682686019835323E-002   1.7567012002988016E-008   149.15630632864455        3.2682686037390031E-002  -41.548666016579958     
   3.2682686019219725E-002   1.7621602594773380E-008   149.15630632864455        3.2682686037348738E-002  -41.548666016569143     
   3.2682686018872337E-002   1.7643726721147130E-008   149.15630632864455        3.2682686037306841E-002  -41.548666016566685     
   3.2682686018772104E-002   1.7635986952661809E-008   149.15630632864455        3.2682686037264902E-002  -41.548666016574344     
   3.2682686018895617E-002   1.7601426026034391E-008   149.15630632864455        3.2682686037223442E-002  -41.548666016571666     
   3.2682686019215944E-002   1.7543458093268827E-008   149.15630632864455        3.2682686037182884E-002  -41.548666016570614     
   3.2682686019701535E-002   1.7465794519603940E-008   149.15630632864455        3.2682686037143596E-002  -41.548666016584917     
   3.2682686020324002E-002   1.7372365539296235E-008   149.15630632864455        3.2682686037105890E-002  -41.548666016572220     
   3.2682686021047083E-002   1.7267239139090964E-008   149.15630632864455        3.2682686037069961E-002  -41.548666016567005     
   3.2682686021840386E-002   1.7154538577163289E-008   149.15630632864455        3.2682686037035967E-002  -41.548666016566180     
   3.2682686022669299E-002   1.7038359960571492E-008   149.15630632864455        3.2682686037003972E-002  -41.548666016584626     
   3.2682686023503910E-002   1.6922691296635887E-008   149.15630632864455        3.2682686036973968E-002  -41.548666016580327     
   3.2682686024312735E-002   1.6811334402858486E-008   149.15630632864455        3.2682686036945893E-002  -41.548666016572753     
   3.2682686025066444E-002   1.6707831006892898E-008   149.15630632864455        3.2682686036919616E-002  -41.548666016576057     
   3.2682686025740815E-002   1.6615394293680527E-008   149.15630632864455        3.2682686036894934E-002  -41.548666016579681     
   3.2682686026312212E-002   1.6536847062054668E-008   149.15630632864455        3.2682686036871626E-002  -41.548666016577506     
   3.2682686026762414E-002   1.6474567539700371E-008   149.15630632864455        3.2682686036849408E-002  -41.548666016579283     
   3.2682686027075851E-002   1.6430443774957211E-008   149.15630632864455        3.2682686036827974E-002  -41.548666016575133     
   3.2682686027241864E-002   1.6405837379017316E-008   149.15630632864455        3.2682686036806997E-002  -41.548666016578977     
   3.2682686027254916E-002   1.6401557234595312E-008   149.15630632864455        3.2682686036786146E-002  -41.548666016584271     
   3.2682686027113696E-002   1.6417843619774025E-008   149.15630632864455        3.2682686036765073E-002  -41.548666016580768     
   3.2682686026819591E-002   1.6454363021061887E-008   149.15630632864455        3.2682686036743451E-002  -41.548666016572774     
   3.2682686026382003E-002   1.6510213730787100E-008   149.15630632864455        3.2682686036720976E-002  -41.548666016583461     
   3.2682686025812216E-002   1.6583942143379057E-008   149.15630632864455        3.2682686036697363E-002  -41.548666016573058     
   3.2682686025126889E-002   1.6673569485814489E-008   149.15630632864455        3.2682686036672369E-002  -41.548666016571538     
   3.2682686024345500E-002   1.6776628542472539E-008   149.15630632864455        3.2682686036645807E-002  -41.548666016578515     
   3.2682686023492405E-002   1.6890209766493542E-008   149.15630632864455        3.2682686036617517E-002  -41.548666016578771     
   3.2682686022595074E-002   1.7011016011360652E-008   149.15630632864455        3.2682686036587423E-002  -41.548666016566898     
   3.2682686021681277E-002   1.7135424970118783E-008   149.15630632864455        3.2682686036555504E-002  -41.548666016574494     
   3.2682686020782975E-002   1.7259558277961980E-008   149.15630632864455        3.2682686036521802E-002  -41.548666016578601     
   3.2682686019934251E-002   1.7379356119053271E-008   149.15630632864455        3.2682686036486434E-002  -41.548666016569541     
   3.2682686019166837E-002   1.7490656081646691E-008   149.15630632864455        3.2682686036449582E-002  -41.548666016568220     
   3.2682686018515740E-002   1.7589274929198764E-008   149.15630632864455        3.2682686036411508E-002  -41.548666016582004     
   3.2682686018013565E-002   1.7671091900170959E-008   149.15630632864455        3.2682686036372532E-002  -41.548666016570934     
   3.2682686017690699E-002   1.7732132116072616E-008   149.15630632864455        3.2682686036333029E-002  -41.548666016572646     
   3.2682686017577928E-002   1.7768648667443820E-008   149.15630632864455        3.2682686036293464E-002  -41.548666016568149     
   3.2682686017701072E-002   1.7777201960299237E-008   149.15630632864455        3.2682686036254321E-002  -41.548666016574458     
   3.2682686018085987E-002   1.7754734941326174E-008   149.15630632864455        3.2682686036216151E-002  -41.548666016583603     
   3.2682686018750157E-002   1.7698642878509575E-008   149.15630632864455        3.2682686036179541E-002  -41.548666016571055     
   3.2682686019710902E-002   1.7606836453349246E-008   149.15630632864455        3.2682686036145089E-002  -41.548666016582153     
   3.2682686020979353E-002   1.7477797020861165E-008   149.15630632864455        3.2682686036113427E-002  -41.548666016575538     
   3.2682686022559262E-002   1.7310623012528019E-008   149.15630632864455        3.2682686036085186E-002  -41.548666016580590     
   3.2682686024451950E-002   1.7105066593031375E-008   149.15630632864455        3.2682686036061004E-002  -41.548666016577933     
   3.2682686026652454E-002   1.6861559832321494E-008   149.15630632864455        3.2682686036041485E-002  -41.548666016578970     
   3.2682686029150025E-002   1.6581229817988166E-008   149.15630632864455        3.2682686036027211E-002  -41.548666016581059     
   3.2682686031927408E-002   1.6265902306191422E-008   149.15630632864455        3.2682686036018746E-002  -41.548666016564702     
   3.2682686034961876E-002   1.5918093690316527E-008   149.15630632864455        3.2682686036016560E-002  -41.548666016564582     
   3.2682686038225939E-002   1.5540991251812930E-008   149.15630632864455        3.2682686036021112E-002  -41.548666016571268     
   3.2682686041686858E-002   1.5138421844813008E-008   149.15630632864455        3.2682686036032742E-002  -41.548666016566756     
   3.2682686045306421E-002   1.4714809352107975E-008   149.15630632864455        3.2682686036051747E-002  -41.548666016579901     
   3.2682686049040933E-002   1.4275121431853836E-008   149.15630632864455        3.2682686036078309E-002  -41.548666016575964     
   3.2682686052846327E-002   1.3824806249400909E-008   149.15630632864455        3.2682686036112532E-002  -41.548666016575034     
   3.2682686056671489E-002   1.3369720053691385E-008   149.15630632864455        3.2682686036154401E-002  -41.548666016570721     
   3.2682686060467370E-002   1.2916046610728876E-008   149.15630632864455        3.2682686036203820E-002  -41.548666016575972     
   3.2682686064176819E-002   1.2470209644811485E-008   149.15630632864455        3.2682686036260560E-002  -41.548666016573094     
   3.2682686067747192E-002   1.2038779559574107E-008   149.15630632864455        3.2682686036324300E-002  -41.548666016574508     
   3.2682686071122499E-002   1.1628375813404841E-008   149.15630632864455        3.2682686036394598E-002  -41.548666016567942     
   3.2682686074249283E-002   1.1245566405600747E-008   149.15630632864455        3.2682686036470919E-002  -41.548666016580732     
   3.2682686077073773E-002   1.0896765989899813E-008   149.15630632864455        3.2682686036552618E-002  -41.548666016579112     
   3.2682686079545560E-002   1.0588134169101978E-008   149.15630632864455        3.2682686036638951E-002  -41.548666016579851     
   3.2682686081617687E-002   1.0325475538022373E-008   149.15630632864455        3.2682686036729088E-002  -41.548666016576107     
   3.2682686083246031E-002   1.0114143031922428E-008   149.15630632864455        3.2682686036822117E-002  -41.548666016577037     
   3.2682686084391212E-002   9.9589461032800055E-009   149.15630632864455        3.2682686036917069E-002  -41.548666016564155     
   3.2682686085022214E-002   9.8640651921866711E-009   149.15630632864455        3.2682686037012895E-002  -41.548666016574295     
   3.2682686085108159E-002   9.8329738754843298E-009   149.15630632864455        3.2682686037108506E-002  -41.548666016581834     
   3.2682686084631513E-002   9.8683699778081983E-009   149.15630632864455        3.2682686037202799E-002  -41.548666016569022     
   3.2682686083576044E-002   9.9721168058426983E-009   149.15630632864455        3.2682686037294621E-002  -41.548666016580533     
   3.2682686081936564E-002   1.0145195526880536E-008   149.15630632864455        3.2682686037382849E-002  -41.548666016578288     
   3.2682686079713967E-002   1.0387669555854685E-008   149.15630632864455        3.2682686037466345E-002  -41.548666016566550     
   3.2682686076917739E-002   1.0698661644532325E-008   149.15630632864455        3.2682686037544005E-002  -41.548666016583930     
   3.2682686073565059E-002   1.1076344184245659E-008   149.15630632864455        3.2682686037614768E-002  -41.548666016581642     
   3.2682686069681242E-002   1.1517943042388180E-008   149.15630632864455        3.2682686037677641E-002  -41.548666016576156     
   3.2682686065298436E-002   1.2019755055825003E-008   149.15630632864455        3.2682686037731695E-002  -41.548666016566486     
   3.2682686060457419E-002   1.2577179103984722E-008   149.15630632864455        3.2682686037776083E-002  -41.548666016582430     
   3.2682686055205142E-002   1.3184760484175947E-008   149.15630632864455        3.2682686037810063E-002  -41.548666016577364     
   3.2682686049596094E-002   1.3836248113971334E-008   149.15630632864455        3.2682686037832996E-002  -41.548666016575346     
   3.2682686043690672E-002   1.4524663893765482E-008   149.15630632864455        3.2682686037844369E-002  -41.548666016581336     
   3.2682686037552200E-002   1.5242383379625994E-008   149.15630632864455        3.2682686037843807E-002  -41.548666016580967     
   3.2682686031251955E-002   1.5981226744841842E-008   149.15630632864455        3.2682686037831053E-002  -41.548666016575339     
   3.2682686024862663E-002   1.6732558850891692E-008   149.15630632864455        3.2682686037806018E-002  -41.548666016571389     
   3.2682686018461082E-002   1.7487397107368120E-008   149.15630632864455        3.2682686037768749E-002  -41.548666016571076     
   3.2682686012124998E-002   1.8236525677587190E-008   149.15630632864455        3.2682686037719434E-002  -41.548666016580199     
   3.2682686005932514E-002   1.8970614484242771E-008   149.15630632864455        3.2682686037658427E-002  -41.548666016566997     
   3.2682685999961943E-002   1.9680341389158158E-008   149.15630632864455        3.2682686037586207E-002  -41.548666016573932     
   3.2682685994291291E-002   2.0356515863981854E-008   149.15630632864455        3.2682686037503426E-002  -41.548666016575524     
   3.2682685988995895E-002   2.0990202435667895E-008   149.15630632864455        3.2682686037410855E-002  -41.548666016576341     
   3.2682685984144748E-002   2.1572842182202111E-008   149.15630632864455        3.2682686037309401E-002  -41.548666016577570     
   3.2682685979808654E-002   2.2096370570388109E-008   149.15630632864455        3.2682686037200079E-002  -41.548666016577684     
   3.2682685976047059E-002   2.2553329968837760E-008   149.15630632864455        3.2682686037084040E-002  -41.548666016581379     
   3.2682685972916778E-002   2.2936975234698808E-008   149.15630632864455        3.2682686036962512E-002  -41.548666016570280     
   3.2682685970466092E-002   2.3241370861020570E-008   149.15630632864455        3.2682686036836814E-002  -41.548666016578437     
   3.2682685968737954E-002   2.3461478282264883E-008   149.15630632864455        3.2682686036708319E-002  -41.548666016577990     
   3.2682685967763823E-002   2.3593232066452785E-008   149.15630632864455        3.2682686036578479E-002  -41.548666016578508     
   3.2682685967568084E-002   2.3633603872084497E-008   149.15630632864455        3.2682686036448763E-002  -41.548666016573343     
   3.2682685968165752E-002   2.3580653213935379E-008   149.15630632864455        3.2682686036320650E-002  -41.548666016581876     
   3.2682685969563204E-002   2.3433564261780591E-008   149.15630632864455        3.2682686036195632E-002  -41.548666016574330     
   3.2682685971754097E-002   2.3192668087641729E-008   149.15630632864455        3.2682686036075180E-002  -41.548666016577620     
   3.2682685974727239E-002   2.2859449977482629E-008   149.15630632864455        3.2682686035960730E-002  -41.548666016572199     
   3.2682685978456673E-002   2.2436541629252058E-008   149.15630632864455        3.2682686035853642E-002  -41.548666016579737     
   3.2682685982911255E-002   2.1927698268040581E-008   149.15630632864455        3.2682686035755242E-002  -41.548666016574309     
   3.2682685988047751E-002   2.1337760918033295E-008   149.15630632864455        3.2682686035666729E-002  -41.548666016570245     
   3.2682685993815262E-002   2.0672604276554737E-008   149.15630632864455        3.2682686035589228E-002  -41.548666016574515     
   3.2682686000154934E-002   1.9939070835083049E-008   149.15630632864455        3.2682686035523725E-002  -41.548666016574060     
   3.2682686007000077E-002   1.9144892082652478E-008   149.15630632864455        3.2682686035471101E-002  -41.548666016580128     
   3.2682686014278879E-002   1.8298597806230091E-008   149.15630632864455        3.2682686035432069E-002  -41.548666016571040     
   3.2682686021911878E-002   1.7409414667184817E-008   149.15630632864455        3.2682686035407214E-002  -41.548666016575446     
   3.2682686029814459E-002   1.6487155381106699E-008   149.15630632864455        3.2682686035396959E-002  -41.548666016585102     
   3.2682686037900956E-002   1.5542099958103954E-008   149.15630632864455        3.2682686035401545E-002  -41.548666016584235     
   3.2682686046079538E-002   1.4584870569134817E-008   149.15630632864455        3.2682686035421064E-002  -41.548666016561448     
   3.2682686054257663E-002   1.3626301691366556E-008   149.15630632864455        3.2682686035455440E-002  -41.548666016569136     
   3.2682686062344403E-002   1.2677307249356929E-008   149.15630632864455        3.2682686035504414E-002  -41.548666016576576     
   3.2682686070247498E-002   1.1748746508214949E-008   149.15630632864455        3.2682686035567586E-002  -41.548666016582565     
   3.2682686077875750E-002   1.0851290490321308E-008   149.15630632864455        3.2682686035644372E-002  -41.548666016567211     
   3.2682686085142049E-002   9.9952906775057757E-009   149.15630632864455        3.2682686035734043E-002  -41.548666016574742     
   3.2682686091961864E-002   9.1906517264760588E-009   149.15630632864455        3.2682686035835726E-002  -41.548666016569825     
   3.2682686098257509E-002   8.4467098672072531E-009   149.15630632864455        3.2682686035948399E-002  -41.548666016570415     
   3.2682686103954868E-002   7.7721185727968353E-009   149.15630632864455        3.2682686036070933E-002  -41.548666016570643     
   3.2682686108989591E-002   7.1747429863501117E-009   149.15630632864455        3.2682686036202085E-002  -41.548666016567012     
   3.2682686113302134E-002   6.6615644672118977E-009   149.15630632864455        3.2682686036340503E-002  -41.548666016574295     
   3.2682686116839908E-002   6.2385964770566370E-009   149.15630632864455        3.2682686036484762E-002  -41.548666016569619     
   3.2682686119563584E-002   5.9108128684624205E-009   149.15630632864455        3.2682686036633386E-002  -41.548666016568241     
   3.2682686121440215E-002   5.6820894664564981E-009   149.15630632864455        3.2682686036784828E-002  -41.548666016576554     
   3.2682686122446888E-002   5.5551596497487219E-009   149.15630632864455        3.2682686036937518E-002  -41.548666016581869     
   3.2682686122571240E-002   5.5315844460989197E-009   149.15630632864455        3.2682686037089889E-002  -41.548666016576760     
   3.2682686121810009E-002   5.6117374576083187E-009   149.15630632864455        3.2682686037240366E-002  -41.548666016577791     
   3.2682686120171257E-002   5.7948047299672379E-009   149.15630632864455        3.2682686037387408E-002  -41.548666016585578     
   3.2682686117671861E-002   6.0787994776587988E-009   149.15630632864455        3.2682686037529503E-002  -41.548666016576483     
   3.2682686114338930E-002   6.4605913774075116E-009   149.15630632864455        3.2682686037665207E-002  -41.548666016580164     
   3.2682686110209247E-002   6.9359499480889702E-009   149.15630632864455        3.2682686037793153E-002  -41.548666016581251     
   3.2682686105326222E-002   7.4996013490851354E-009   149.15630632864455        3.2682686037912044E-002  -41.548666016573485     
   3.2682686099745145E-002   8.1452977535488870E-009   149.15630632864455        3.2682686038020714E-002  -41.548666016574110     
   3.2682686093525863E-002   8.8658982908051104E-009   149.15630632864455        3.2682686038118094E-002  -41.548666016587028     
   3.2682686086736711E-002   9.6534604048965039E-009   149.15630632864455        3.2682686038203242E-002  -41.548666016574884     
   3.2682686079451087E-002   1.0499340346488150E-008   149.15630632864455        3.2682686038275351E-002  -41.548666016574323     
   3.2682686071747839E-002   1.1394301404514210E-008   149.15630632864455        3.2682686038333769E-002  -41.548666016571367     
   3.2682686063709068E-002   1.2328628393545036E-008   149.15630632864455        3.2682686038377970E-002  -41.548666016569229     
   3.2682686055421392E-002   1.3292246843841610E-008   149.15630632864455        3.2682686038407613E-002  -41.548666016581876     
   3.2682686046971381E-002   1.4274845294566413E-008   149.15630632864455        3.2682686038422476E-002  -41.548666016573101     
   3.2682686038448920E-002   1.5265999066622637E-008   149.15630632864455        3.2682686038422525E-002  -41.548666016572440     
   3.2682686029942912E-002   1.6255293890787519E-008   149.15630632864455        3.2682686038407856E-002  -41.548666016567068     
   3.2682686021539842E-002   1.7232447788534157E-008   149.15630632864455        3.2682686038378726E-002  -41.548666016570579     
   3.2682686013325940E-002   1.8187429646563023E-008   149.15630632864455        3.2682686038335532E-002  -41.548666016573442     
   3.2682686005383023E-002   1.9110572991601924E-008   149.15630632864455        3.2682686038278813E-002  -41.548666016572462     
   3.2682685997790117E-002   1.9992683557047374E-008   149.15630632864455        3.2682686038209251E-002  -41.548666016574728     
   3.2682685990621275E-002   2.0825139337014760E-008   149.15630632864455        3.2682686038127622E-002  -41.548666016575254     
   3.2682685983944901E-002   2.1599981944323660E-008   149.15630632864455        3.2682686038034849E-002  -41.548666016570550     
   3.2682685977821327E-002   2.2309998225052282E-008   149.15630632864455        3.2682686037931917E-002  -41.548666016573591     
   3.2682685972305614E-002   2.2948791230941669E-008   149.15630632864455        3.2682686037819930E-002  -41.548666016579418     
   3.2682685967445682E-002   2.3510839810468642E-008   149.15630632864455        3.2682686037700040E-002  -41.548666016577265     
   3.2682685963281721E-002   2.3991546247011349E-008   149.15630632864455        3.2682686037573475E-002  -41.548666016576206     
   3.2682685959845463E-002   2.4387271545681126E-008   149.15630632864455        3.2682686037441504E-002  -41.548666016572248     
   3.2682685957158286E-002   2.4695358146820114E-008   149.15630632864455        3.2682686037305432E-002  -41.548666016578103     
   3.2682685955237802E-002   2.4914140020546411E-008   149.15630632864455        3.2682686037166571E-002  -41.548666016588911     
   3.2682685954088790E-002   2.5042940271321857E-008   149.15630632864455        3.2682686037026239E-002  -41.548666016577464     
   3.2682685953708955E-002   2.5082056551337117E-008   149.15630632864455        3.2682686036885733E-002  -41.548666016570117     
   3.2682685954090226E-002   2.5032734744172060E-008   149.15630632864455        3.2682686036746345E-002  -41.548666016575474     
   3.2682685955214084E-002   2.4897131533389991E-008   149.15630632864455        3.2682686036609322E-002  -41.548666016573129     
   3.2682685957056465E-002   2.4678266612571653E-008   149.15630632864455        3.2682686036475846E-002  -41.548666016578935     
   3.2682685959583818E-002   2.4379965421556313E-008   149.15630632864455        3.2682686036347046E-002  -41.548666016571218     
   3.2682685962758501E-002   2.4006793406785156E-008   149.15630632864455        3.2682686036223992E-002  -41.548666016576149     
   3.2682685966537742E-002   2.3563982900240211E-008   149.15630632864455        3.2682686036107654E-002  -41.548666016583326     
   3.2682685970871365E-002   2.3057353790291123E-008   149.15630632864455        3.2682686035998929E-002  -41.548666016567324     
   3.2682685975706796E-002   2.2493229217905527E-008   149.15630632864455        3.2682686035676464E-002  -41.548666016576092     
   3.2682685980986226E-002   2.1878347572542816E-008   149.15630632864455        3.2682686035366455E-002  -41.548666016572817     
   3.2682685986650563E-002   2.1219772083260401E-008   149.15630632864455        3.2682686035071830E-002  -41.548666016576369     
   3.2682685992638121E-002   2.0524799302397666E-008   149.15630632864455        3.2682686034795322E-002  -41.548666016579581     
   3.2682685998885054E-002   1.9800867761611415E-008   149.15630632864455        3.2682686034539499E-002  -41.548666016577144     
   3.2682686005327935E-002   1.9055468043778962E-008   149.15630632864455        3.2682686034306671E-002  -41.548666016576476     
   3.2682686011902232E-002   1.8296055460288571E-008   149.15630632864455        3.2682686034098928E-002  -41.548666016564532     
   3.2682686018546077E-002   1.7529966452535384E-008   149.15630632864455        3.2682686033918072E-002  -41.548666016573051     
   3.2682686025196084E-002   1.6764339750418777E-008   149.15630632864455        3.2682686033765618E-002  -41.548666016576504     
   3.2682686031796714E-002   1.6006043220755300E-008   149.15630632864455        3.2682686033642792E-002  -41.548666016572632     
   3.2682686038287917E-002   1.5261607227026543E-008   149.15630632864455        3.2682686033550498E-002  -41.548666016572064     
   3.2682686044618200E-002   1.4537165200163821E-008   149.15630632864455        3.2682686033489332E-002  -41.548666016575716     
   3.2682686050739131E-002   1.3838401990410970E-008   149.15630632864455        3.2682686033459564E-002  -41.548666016571680     
   3.2682686056602336E-002   1.3170510435074245E-008   149.15630632864455        3.2682686033461167E-002  -41.548666016578551     
   3.2682686062168655E-002   1.2538156438093058E-008   149.15630632864455        3.2682686033493787E-002  -41.548666016573151     
   3.2682686067401379E-002   1.1945452717271153E-008   149.15630632864455        3.2682686033556764E-002  -41.548666016576206     
   3.2682686072268902E-002   1.1395941235856717E-008   149.15630632864455        3.2682686033649141E-002  -41.548666016576632     
   3.2682686076742601E-002   1.0892584199134445E-008   149.15630632864455        3.2682686033769691E-002  -41.548666016571467     
   3.2682686080802582E-002   1.0437763366130148E-008   149.15630632864455        3.2682686033916913E-002  -41.548666016576071     
   3.2682686084430743E-002   1.0033287303127931E-008   149.15630632864455        3.2682686034089074E-002  -41.548666016575979     
   3.2682686087614682E-002   9.6804060914144890E-009   149.15630632864455        3.2682686034284210E-002  -41.548666016572973     
   3.2682686090346323E-002   9.3798328983755926E-009   149.15630632864455        3.2682686034500169E-002  -41.548666016569776     
   3.2682686092621899E-002   9.1317717298019050E-009   149.15630632864455        3.2682686034734607E-002  -41.548666016579475     
   3.2682686094441783E-002   8.9359506039722343E-009   149.15630632864455        3.2682686034985059E-002  -41.548666016566827     
   3.2682686095811396E-002   8.7916593251449729E-009   149.15630632864455        3.2682686035248945E-002  -41.548666016570401     
   3.2682686096737606E-002   8.6977909866388981E-009   149.15630632864455        3.2682686035523573E-002  -41.548666016567118     
   3.2682686097231350E-002   8.6528863021763783E-009   149.15630632864455        3.2682686035806222E-002  -41.548666016563473     
   3.2682686097306471E-002   8.6551798487526851E-009   149.15630632864455        3.2682686036094130E-002  -41.548666016567203     
   3.2682686096978136E-002   8.7026473051409526E-009   149.15630632864455        3.2682686036384530E-002  -41.548666016575915     
   3.2682686096266601E-002   8.7930527867953139E-009   149.15630632864455        3.2682686036674680E-002  -41.548666016565782     
   3.2682686095189199E-002   8.9239954099737248E-009   149.15630632864455        3.2682686036961929E-002  -41.548666016570330     
   3.2682686093766462E-002   9.0929542642369978E-009   149.15630632864455        3.2682686037243676E-002  -41.548666016571588     
   3.2682686092021455E-002   9.2973310327753328E-009   149.15630632864455        3.2682686037517436E-002  -41.548666016581400     
   3.2682686089975266E-002   9.5344895722041954E-009   149.15630632864455        3.2682686037780857E-002  -41.548666016578331     
   3.2682686087651840E-002   9.8017918464335774E-009   149.15630632864455        3.2682686038031740E-002  -41.548666016571190     
   3.2682686085072001E-002   1.0096629701836499E-008   149.15630632864455        3.2682686038268065E-002  -41.548666016570195     
   3.2682686082258584E-002   1.0416452070713284E-008   149.15630632864455        3.2682686038487972E-002  -41.548666016571836     
   3.2682686079232283E-002   1.0758787295496083E-008   149.15630632864455        3.2682686038689832E-002  -41.548666016586147     
   3.2682686076015426E-002   1.1121260375398090E-008   149.15630632864455        3.2682686038872200E-002  -41.548666016579659     
   3.2682686072627989E-002   1.1501605048082542E-008   149.15630632864455        3.2682686039033883E-002  -41.548666016572838     
   3.2682686069089792E-002   1.1897670729645426E-008   149.15630632864455        3.2682686039173896E-002  -41.548666016574359     
   3.2682686065419651E-002   1.2307424444762381E-008   149.15630632864455        3.2682686039291461E-002  -41.548666016575851     
   3.2682686061636539E-002   1.2728947982950478E-008   149.15630632864455        3.2682686039386080E-002  -41.548666016576924     
   3.2682686057754443E-002   1.3160430615430920E-008   149.15630632864455        3.2682686039457440E-002  -41.548666016567850     
   3.2682686053793070E-002   1.3600157797580134E-008   149.15630632864455        3.2682686039505478E-002  -41.548666016572398     
   3.2682686049768116E-002   1.4046496363249259E-008   149.15630632864455        3.2682686039530333E-002  -41.548666016578537     
   3.2682686045694610E-002   1.4497876788173553E-008   149.15630632864455        3.2682686039532373E-002  -41.548666016576881     
   3.2682686041588235E-002   1.4952773158093378E-008   149.15630632864455        3.2682686039512139E-002  -41.548666016574920     
   3.2682686037464298E-002   1.5409681523141966E-008   149.15630632864455        3.2682686039470381E-002  -41.548666016569491     
   3.2682686033336579E-002   1.5867097352460763E-008   149.15630632864455        3.2682686039408007E-002  -41.548666016572682     
   3.2682686029223154E-002   1.6323492820491793E-008   149.15630632864455        3.2682686039326080E-002  -41.548666016586978     
   3.2682686025137443E-002   1.6777294659928051E-008   149.15630632864455        3.2682686039225819E-002  -41.548666016587376     
   3.2682686021096960E-002   1.7226863305084061E-008   149.15630632864455        3.2682686039108573E-002  -41.548666016580412     
   3.2682686017118115E-002   1.7670474023718604E-008   149.15630632864455        3.2682686038975756E-002  -41.548666016574501     
   3.2682686013218769E-002   1.8106300695943584E-008   149.15630632864455        3.2682686038828915E-002  -41.548666016575162     
   3.2682686009418468E-002   1.8532402845990050E-008   149.15630632864455        3.2682686038669660E-002  -41.548666016579254     
   3.2682686005734360E-002   1.8946716467549984E-008   149.15630632864455        3.2682686038499636E-002  -41.548666016572213     
   3.2682686002188155E-002   1.9347049107249747E-008   149.15630632864455        3.2682686038320537E-002  -41.548666016572803     
   3.2682685998801059E-002   1.9731079584853015E-008   149.15630632864455        3.2682686038134061E-002  -41.548666016579901     
   3.2682685995595526E-002   2.0096362634340446E-008   149.15630632864455        3.2682686037941930E-002  -41.548666016583354     
   3.2682685992593441E-002   2.0440338649064514E-008   149.15630632864455        3.2682686037745837E-002  -41.548666016578863     
   3.2682685989818279E-002   2.0760348608320776E-008   149.15630632864455        3.2682686037547447E-002  -41.548666016577066     
   3.2682685987293646E-002   2.1053654153923237E-008   149.15630632864455        3.2682686037348391E-002  -41.548666016582288     
   3.2682685985044292E-002   2.1317462675313438E-008   149.15630632864455        3.2682686037150237E-002  -41.548666016571779     
   3.2682685983095081E-002   2.1548957152644234E-008   149.15630632864455        3.2682686036954497E-002  -41.548666016575616     
   3.2682685981466369E-002   2.1745330401065786E-008   149.15630632864455        3.2682686036762609E-002  -41.548666016569825     
   3.2682685980183680E-002   2.1903823257955015E-008   149.15630632864455        3.2682686036575925E-002  -41.548666016579269     
   3.2682685979269668E-002   2.2021766159796456E-008   149.15630632864455        3.2682686036395701E-002  -41.548666016570429     
   3.2682685978742493E-002   2.2096623468911988E-008   149.15630632864455        3.2682686036223110E-002  -41.548666016576590     
   3.2682685978622207E-002   2.2126039833500449E-008   149.15630632864455        3.2682686036059221E-002  -41.548666016577855     
   3.2682685978924597E-002   2.2107887799166889E-008   149.15630632864455        3.2682686035905011E-002  -41.548666016576291     
   3.2682685979665622E-002   2.2040315837643778E-008   149.15630632864455        3.2682686035761348E-002  -41.548666016574600     
   3.2682685980853492E-002   2.1921795919520277E-008   149.15630632864455        3.2682686035628974E-002  -41.548666016583816     
   3.2682685982498731E-002   2.1751169733640092E-008   149.15630632864455        3.2682686035508578E-002  -41.548666016573115     
   3.2682685984603596E-002   2.1527692646851335E-008   149.15630632864455        3.2682686035400699E-002  -41.548666016576519     
   3.2682685987169252E-002   2.1251074504546904E-008   149.15630632864455        3.2682686035305795E-002  -41.548666016576213     
   3.2682685990192015E-002   2.0921516394834917E-008   149.15630632864455        3.2682686035224243E-002  -41.548666016584491     
   3.2682685993662045E-002   2.0539742537149750E-008   149.15630632864455        3.2682686035156304E-002  -41.548666016582679     
   3.2682685997568156E-002   2.0107026509533825E-008   149.15630632864455        3.2682686035102160E-002  -41.548666016580505     
   3.2682686001890428E-002   1.9625211096438241E-008   149.15630632864455        3.2682686035061907E-002  -41.548666016577258     
   3.2682686006607113E-002   1.9096721120418164E-008   149.15630632864455        3.2682686035035560E-002  -41.548666016571950     
   3.2682686011688521E-002   1.8524568715156707E-008   149.15630632864455        3.2682686035023063E-002  -41.548666016575716     
   3.2682686017103314E-002   1.7912350602304870E-008   149.15630632864455        3.2682686035024278E-002  -41.548666016578032     
   3.2682686022813393E-002   1.7264237049683496E-008   149.15630632864455        3.2682686035038995E-002  -41.548666016558037     
   3.2682686028777434E-002   1.6584952310987307E-008   149.15630632864455        3.2682686035066959E-002  -41.548666016570792     
   3.2682686034947207E-002   1.5879746476204893E-008   149.15630632864455        3.2682686035107843E-002  -41.548666016574387     
   3.2682686041273466E-002   1.5154358794921246E-008   149.15630632864455        3.2682686035161265E-002  -41.548666016576149     
   3.2682686047702456E-002   1.4414972669763040E-008   149.15630632864455        3.2682686035226789E-002  -41.548666016576284     
   3.2682686054176444E-002   1.3668162652261017E-008   149.15630632864455        3.2682686035303929E-002  -41.548666016574963     
   3.2682686060635117E-002   1.2920833906412299E-008   149.15630632864455        3.2682686035392150E-002  -41.548666016572724     
   3.2682686067017630E-002   1.2180154733671780E-008   149.15630632864455        3.2682686035490863E-002  -41.548666016576171     
   3.2682686073259685E-002   1.1453482875153758E-008   149.15630632864455        3.2682686035599456E-002  -41.548666016566102     
   3.2682686079298001E-002   1.0748286420796164E-008   149.15630632864455        3.2682686035717244E-002  -41.548666016577776     
   3.2682686085068871E-002   1.0072060258631617E-008   149.15630632864455        3.2682686035843525E-002  -41.548666016579887     
   3.2682686090508187E-002   9.4322390886647154E-009   149.15630632864455        3.2682686035977543E-002  -41.548666016570529     
   3.2682686095556905E-002   8.8361081036680599E-009   149.15630632864455        3.2682686036118520E-002  -41.548666016574110     
   3.2682686100152056E-002   8.2907125020161243E-009   149.15630632864455        3.2682686036265590E-002  -41.548666016581770     
   3.2682686104239668E-002   7.8027670441203951E-009   149.15630632864455        3.2682686036417913E-002  -41.548666016571289     
   3.2682686107767082E-002   7.3785668934154615E-009   149.15630632864455        3.2682686036574558E-002  -41.548666016574217     
   3.2682686110684769E-002   7.0239009944247593E-009   149.15630632864455        3.2682686036734590E-002  -41.548666016562770     
   3.2682686112950658E-002   6.7439692337178306E-009   149.15630632864455        3.2682686036897030E-002  -41.548666016579951     
   3.2682686114528327E-002   6.5433046042633606E-009   149.15630632864455        3.2682686037060864E-002  -41.548666016580427     
   3.2682686115386356E-002   6.4257015503181601E-009   149.15630632864455        3.2682686037225052E-002  -41.548666016578039     
   3.2682686115500813E-002   6.3941516085685038E-009   149.15630632864455        3.2682686037388525E-002  -41.548666016573662     
   3.2682686114855308E-002   6.4507873827058837E-009   149.15630632864455        3.2682686037550188E-002  -41.548666016566656     
   3.2682686113441273E-002   6.5968357936657702E-009   149.15630632864455        3.2682686037708943E-002  -41.548666016569037     
   3.2682686111258671E-002   6.8325814378338545E-009   149.15630632864455        3.2682686037863652E-002  -41.548666016580164     
   3.2682686108314950E-002   7.1573407617869509E-009   149.15630632864455        3.2682686038013199E-002  -41.548666016582359     
   3.2682686104626713E-002   7.5694476265025047E-009   149.15630632864455        3.2682686038156439E-002  -41.548666016572277     
   3.2682686100216581E-002   8.0662506882333886E-009   149.15630632864455        3.2682686038292254E-002  -41.548666016574288     
   3.2682686095120241E-002   8.6441228690750759E-009   149.15630632864455        3.2682686038419548E-002  -41.548666016574195     
   3.2682686089376065E-002   9.2984830301852599E-009   149.15630632864455        3.2682686038537211E-002  -41.548666016577812     
   3.2682686083032458E-002   1.0023829796730216E-008   149.15630632864455        3.2682686038644201E-002  -41.548666016582338     
   3.2682686076147417E-002   1.0813787318345503E-008   149.15630632864455        3.2682686038739500E-002  -41.548666016574757     
   3.2682686068781809E-002   1.1661162584452566E-008   149.15630632864455        3.2682686038822156E-002  -41.548666016578018     
   3.2682686061003961E-002   1.2558013752438253E-008   149.15630632864455        3.2682686038891261E-002  -41.548666016563836     
   3.2682686052891256E-002   1.3495728791146428E-008   149.15630632864455        3.2682686038945995E-002  -41.548666016566479     
   3.2682686044519280E-002   1.4465113594369877E-008   149.15630632864455        3.2682686038985623E-002  -41.548666016576718     
   3.2682686035974122E-002   1.5456488581281624E-008   149.15630632864455        3.2682686039009486E-002  -41.548666016578601     
   3.2682686027341090E-002   1.6459792675061343E-008   149.15630632864455        3.2682686039017049E-002  -41.548666016585088     
   3.2682686018708260E-002   1.7464693439147328E-008   149.15630632864455        3.2682686039007890E-002  -41.548666016573215     
   3.2682686010165246E-002   1.8460702054572804E-008   149.15630632864455        3.2682686038981695E-002  -41.548666016583205     
   3.2682686001803643E-002   1.9437291742830928E-008   149.15630632864455        3.2682686038938293E-002  -41.548666016584647     
   3.2682685993710762E-002   2.0384018177960251E-008   149.15630632864455        3.2682686038877647E-002  -41.548666016581123     
   3.2682685985974555E-002   2.1290640390319029E-008   149.15630632864455        3.2682686038799882E-002  -41.548666016576234     
   3.2682685978677496E-002   2.2147240643205437E-008   149.15630632864455        3.2682686038705250E-002  -41.548666016579801     
   3.2682685971901861E-002   2.2944341762532378E-008   149.15630632864455        3.2682686038594165E-002  -41.548666016572540     
   3.2682685965722012E-002   2.3673020419655707E-008   149.15630632864455        3.2682686038467211E-002  -41.548666016572341     
   3.2682685960208367E-002   2.4325014907642435E-008   149.15630632864455        3.2682686038325116E-002  -41.548666016578935     
   3.2682685955423514E-002   2.4892826011249538E-008   149.15630632864455        3.2682686038168769E-002  -41.548666016576661     
   3.2682685951423381E-002   2.5369809650404019E-008   149.15630632864455        3.2682686037999217E-002  -41.548666016566976     
   3.2682685948255623E-002   2.5750260074683136E-008   149.15630632864455        3.2682686037817647E-002  -41.548666016577400     
   3.2682685945959050E-002   2.6029482500826662E-008   149.15630632864455        3.2682686037625391E-002  -41.548666016570891     
   3.2682685944564235E-002   2.6203854215412126E-008   149.15630632864455        3.2682686037423914E-002  -41.548666016575609     
   3.2682685944090600E-002   2.6270873308500464E-008   149.15630632864455        3.2682686037214824E-002  -41.548666016572739     
   3.2682685944548977E-002   2.6229194359736033E-008   149.15630632864455        3.2682686036999822E-002  -41.548666016573577     
   3.2682685945940010E-002   2.6078650563518886E-008   149.15630632864455        3.2682686036780699E-002  -41.548666016572817     
   3.2682685948253125E-002   2.5820261952562776E-008   149.15630632864455        3.2682686036559362E-002  -41.548666016579801     
   3.2682685951469240E-002   2.5456229556915904E-008   149.15630632864455        3.2682686036337762E-002  -41.548666016577883     
   3.2682685955557872E-002   2.4989915515752231E-008   149.15630632864455        3.2682686036117903E-002  -41.548666016579055     
   3.2682685960481267E-002   2.4425809339902803E-008   149.15630632864455        3.2682686035901826E-002  -41.548666016576114     
   3.2682685966189701E-002   2.3769480701297610E-008   149.15630632864455        3.2682686035691577E-002  -41.548666016564454     
   3.2682685972626413E-002   2.3027519299167291E-008   149.15630632864455        3.2682686035489190E-002  -41.548666016567189     
   3.2682685979727205E-002   2.2207462519141431E-008   149.15630632864455        3.2682686035296671E-002  -41.548666016577727     
   3.2682685987418983E-002   2.1317711758489185E-008   149.15630632864455        3.2682686035115968E-002  -41.548666016575460     
   3.2682685995623129E-002   2.0367438436365487E-008   149.15630632864455        3.2682686034948977E-002  -41.548666016583887     
   3.2682686004255015E-002   1.9366480839995702E-008   149.15630632864455        3.2682686034797459E-002  -41.548666016577243     
   3.2682686013226367E-002   1.8325233074438842E-008   149.15630632864455        3.2682686034663094E-002  -41.548666016574010     
   3.2682686022442536E-002   1.7254527483543762E-008   149.15630632864455        3.2682686034547409E-002  -41.548666016571481     
   3.2682686031811792E-002   1.6165511991699935E-008   149.15630632864455        3.2682686034451770E-002  -41.548666016574799     
   3.2682686041234039E-002   1.5069523878253095E-008   149.15630632864455        3.2682686034377399E-002  -41.548666016569605     
   3.2682686050612073E-002   1.3977961539004954E-008   149.15630632864455        3.2682686034325288E-002  -41.548666016578210     
   3.2682686059850100E-002   1.2902155811138308E-008   149.15630632864455        3.2682686034296256E-002  -41.548666016572923     
   3.2682686068854279E-002   1.1853242438837524E-008   149.15630632864455        3.2682686034290892E-002  -41.548666016582231     
   3.2682686077529617E-002   1.0842037237289825E-008   149.15630632864455        3.2682686034309565E-002  -41.548666016575652     
   3.2682686085790037E-002   9.8789154726359073E-009   149.15630632864455        3.2682686034352419E-002  -41.548666016578217     
   3.2682686093549129E-002   8.9736969152975465E-009   149.15630632864455        3.2682686034419338E-002  -41.548666016581087     
   3.2682686100732591E-002   8.1355379454150371E-009   149.15630632864455        3.2682686034509988E-002  -41.548666016561370     
   3.2682686107266212E-002   7.3728319925479293E-009   149.15630632864455        3.2682686034623772E-002  -41.548666016572326     
   3.2682686113085876E-002   6.6931194787424873E-009   149.15630632864455        3.2682686034759871E-002  -41.548666016575218     
   3.2682686118136219E-002   6.1030083065061265E-009   149.15630632864455        3.2682686034917210E-002  -41.548666016572888     
   3.2682686122368812E-002   5.6081057926317575E-009   149.15630632864455        3.2682686035094499E-002  -41.548666016574003     
   3.2682686125745306E-002   5.2129627972612462E-009   149.15630632864455        3.2682686035290252E-002  -41.548666016571943     
   3.2682686128236188E-002   4.9210306372920777E-009   149.15630632864455        3.2682686035502735E-002  -41.548666016570749     
   3.2682686129822808E-002   4.7346312064384825E-009   149.15630632864455        3.2682686035730074E-002  -41.548666016581173     
   3.2682686130492349E-002   4.6549405530148469E-009   149.15630632864455        3.2682686035970195E-002  -41.548666016579674     
   3.2682686130247017E-002   4.6819859934943931E-009   149.15630632864455        3.2682686036220876E-002  -41.548666016569015     
   3.2682686129096451E-002   4.8146566673917538E-009   149.15630632864455        3.2682686036479787E-002  -41.548666016575005     
   3.2682686127058359E-002   5.0507272692108205E-009   149.15630632864455        3.2682686036744478E-002  -41.548666016578949     
   3.2682686124160337E-002   5.3868945284628878E-009   149.15630632864455        3.2682686037012430E-002  -41.548666016568504     
   3.2682686120441139E-002   5.8188258513966107E-009   149.15630632864455        3.2682686037281063E-002  -41.548666016570706     
   3.2682686115945790E-002   6.3412193899655026E-009   149.15630632864455        3.2682686037547773E-002  -41.548666016571772     
   3.2682686110725945E-002   6.9478746668488594E-009   149.15630632864455        3.2682686037809966E-002  -41.548666016585045     
   3.2682686104841797E-002   7.6317727615285267E-009   149.15630632864455        3.2682686038065061E-002  -41.548666016573470     
   3.2682686098360253E-002   8.3851649531606844E-009   149.15630632864455        3.2682686038310559E-002  -41.548666016574494     
   3.2682686091351061E-002   9.1996686227636629E-009   149.15630632864455        3.2682686038544018E-002  -41.548666016563999     
   3.2682686083892458E-002   1.0066369140953180E-008   149.15630632864455        3.2682686038763120E-002  -41.548666016583809     
   3.2682686076062360E-002   1.0975926408919055E-008   149.15630632864455        3.2682686038965694E-002  -41.548666016574600     
   3.2682686067944326E-002   1.1918684680421122E-008   149.15630632864455        3.2682686039149707E-002  -41.548666016574280     
   3.2682686059622081E-002   1.2884784271332817E-008   149.15630632864455        3.2682686039313326E-002  -41.548666016580555     
   3.2682686051182089E-002   1.3864273760552568E-008   149.15630632864455        3.2682686039454907E-002  -41.548666016564589     
   3.2682686042706487E-002   1.4847221302596834E-008   149.15630632864455        3.2682686039573042E-002  -41.548666016580754     
   3.2682686034282267E-002   1.5823823706245367E-008   149.15630632864455        3.2682686039666550E-002  -41.548666016574686     
   3.2682686025989574E-002   1.6784511985191046E-008   149.15630632864455        3.2682686039734503E-002  -41.548666016578395     
   3.2682686017907935E-002   1.7720052154952140E-008   149.15630632864455        3.2682686039776240E-002  -41.548666016576298     
   3.2682686010113662E-002   1.8621640133432072E-008   149.15630632864455        3.2682686039791346E-002  -41.548666016581144     
   3.2682686002676715E-002   1.9480989699946242E-008   149.15630632864455        3.2682686039779710E-002  -41.548666016577798     
   3.2682685995664873E-002   2.0290412576880432E-008   149.15630632864455        3.2682686039741463E-002  -41.548666016572739     
   3.2682685989136942E-002   2.1042889818459237E-008   149.15630632864455        3.2682686039677035E-002  -41.548666016583120     
   3.2682685983148843E-002   2.1732133819934036E-008   149.15630632864455        3.2682686039587107E-002  -41.548666016569761     
   3.2682685977747067E-002   2.2352640396132725E-008   149.15630632864455        3.2682686039472629E-002  -41.548666016572156     
   3.2682685972974766E-002   2.2899730519175709E-008   149.15630632864455        3.2682686039334795E-002  -41.548666016574167     
   3.2682685968862417E-002   2.3369581448128117E-008   149.15630632864455        3.2682686039175027E-002  -41.548666016571858     
   3.2682685965438149E-002   2.3759247127412840E-008   149.15630632864455        3.2682686038994990E-002  -41.548666016575602     
   3.2682685962719164E-002   2.4066667873718733E-008   149.15630632864455        3.2682686038796538E-002  -41.548666016577258     
   3.2682685960717509E-002   2.4290669510226773E-008   149.15630632864455        3.2682686038581696E-002  -41.548666016571026     
   3.2682685959436547E-002   2.4430952241318688E-008   149.15630632864455        3.2682686038352664E-002  -41.548666016571623     
   3.2682685958871277E-002   2.4488069687890358E-008   149.15630632864455        3.2682686038111766E-002  -41.548666016581606     
   3.2682685959013101E-002   2.4463398621870765E-008   149.15630632864455        3.2682686037861446E-002  -41.548666016576284     
   3.2682685959842694E-002   2.4359100046865038E-008   149.15630632864455        3.2682686037604200E-002  -41.548666016577378     
   3.2682685961337270E-002   2.4178072368368583E-008   149.15630632864455        3.2682686037342625E-002  -41.548666016573328     
   3.2682685963466337E-002   2.3923897481168352E-008   149.15630632864455        3.2682686037079300E-002  -41.548666016566649     
   3.2682685966194364E-002   2.3600780671940351E-008   149.15630632864455        3.2682686036816830E-002  -41.548666016572497     
   3.2682685969482123E-002   2.3213485290890811E-008   149.15630632864455        3.2682686036557773E-002  -41.548666016575694     
   3.2682685973284456E-002   2.2767263187719729E-008   149.15630632864455        3.2682686036304642E-002  -41.548666016572561     
   3.2682685977555297E-002   2.2267781933365183E-008   149.15630632864455        3.2682686036059859E-002  -41.548666016578217     
   3.2682685982241493E-002   2.1721049859663471E-008   149.15630632864455        3.2682686035825734E-002  -41.548666016575766     
   3.2682685987290495E-002   2.1133339945338734E-008   149.15630632864455        3.2682686035604445E-002  -41.548666016565960     
   3.2682685992647557E-002   2.0511113558235466E-008   149.15630632864455        3.2682686035398020E-002  -41.548666016574209     
   3.2682685998256633E-002   1.9860945031035079E-008   149.15630632864455        3.2682686035208304E-002  -41.548666016569285     
   3.2682686004060858E-002   1.9189448002422300E-008   149.15630632864455        3.2682686035036962E-002  -41.548666016577648     
   3.2682686010002376E-002   1.8503204397957273E-008   149.15630632864455        3.2682686034885430E-002  -41.548666016568752     
   3.2682686016027848E-002   1.7808696856149103E-008   149.15630632864455        3.2682686034754924E-002  -41.548666016570884     
   3.2682686022079729E-002   1.7112245327311553E-008   149.15630632864455        3.2682686034646448E-002  -41.548666016571921     
   3.2682686028107685E-002   1.6419948486147685E-008   149.15630632864455        3.2682686034560732E-002  -41.548666016570948     
   3.2682686034059487E-002   1.5737630505904215E-008   149.15630632864455        3.2682686034498296E-002  -41.548666016577492     
   3.2682686039888255E-002   1.5070793643858367E-008   149.15630632864455        3.2682686034459382E-002  -41.548666016567012     
   3.2682686045548470E-002   1.4424576986193422E-008   149.15630632864455        3.2682686034444006E-002  -41.548666016566678     
   3.2682686050998284E-002   1.3803721596927373E-008   149.15630632864455        3.2682686034451930E-002  -41.548666016563303     
   3.2682686056198958E-002   1.3212542211876147E-008   149.15630632864455        3.2682686034482676E-002  -41.548666016577094     
   3.2682686061116545E-002   1.2654905516679551E-008   149.15630632864455        3.2682686034535550E-002  -41.548666016581109     
   3.2682686065720890E-002   1.2134214948851995E-008   149.15630632864455        3.2682686034609637E-002  -41.548666016578295     
   3.2682686069985277E-002   1.1653401869232790E-008   149.15630632864455        3.2682686034703826E-002  -41.548666016575822     
   3.2682686073887343E-002   1.1214922859700227E-008   149.15630632864455        3.2682686034816805E-002  -41.548666016567054     
   3.2682686077407062E-002   1.0820762822471688E-008   149.15630632864455        3.2682686034947089E-002  -41.548666016570415     
   3.2682686080531972E-002   1.0472443483150071E-008   149.15630632864455        3.2682686035093063E-002  -41.548666016570728     
   3.2682686083250388E-002   1.0171036835653990E-008   149.15630632864455        3.2682686035252977E-002  -41.548666016573002     
   3.2682686085554379E-002   9.9171830132300169E-009   149.15630632864455        3.2682686035424964E-002  -41.548666016590197     
   3.2682686087442445E-002   9.7111120263966033E-009   149.15630632864455        3.2682686035607082E-002  -41.548666016570337     
   3.2682686088912727E-002   9.5526687761114986E-009   149.15630632864455        3.2682686035797312E-002  -41.548666016573137     
   3.2682686089969264E-002   9.4413407294929206E-009   149.15630632864455        3.2682686035993613E-002  -41.548666016574465     
   3.2682686090617814E-002   9.3762876355004294E-009   149.15630632864455        3.2682686036193932E-002  -41.548666016572746     
   3.2682686090867143E-002   9.3563726592592100E-009   149.15630632864455        3.2682686036396201E-002  -41.548666016579645     
   3.2682686090728941E-002   9.3801943257353551E-009   149.15630632864455        3.2682686036598407E-002  -41.548666016570522     
   3.2682686090216032E-002   9.4461186857711125E-009   149.15630632864455        3.2682686036798560E-002  -41.548666016578544     
   3.2682686089342695E-002   9.5523111494045698E-009   149.15630632864455        3.2682686036994771E-002  -41.548666016577201     
   3.2682686088126453E-002   9.6967674720270027E-009   149.15630632864455        3.2682686037185223E-002  -41.548666016573137     
   3.2682686086585581E-002   9.8773434275712417E-009   149.15630632864455        3.2682686037368215E-002  -41.548666016578842     
   3.2682686084738580E-002   1.0091782757919493E-008   149.15630632864455        3.2682686037542159E-002  -41.548666016578764     
   3.2682686082606993E-002   1.0337743048689787E-008   149.15630632864455        3.2682686037705626E-002  -41.548666016573321     
   3.2682686080209432E-002   1.0612819246586455E-008   149.15630632864455        3.2682686037857324E-002  -41.548666016567850     
   3.2682686077569530E-002   1.0914564601541253E-008   149.15630632864455        3.2682686037996109E-002  -41.548666016572739     
   3.2682686074707729E-002   1.1240508886835098E-008   149.15630632864455        3.2682686038121023E-002  -41.548666016564397     
   3.2682686071646740E-002   1.1588173820530633E-008   149.15630632864455        3.2682686038231268E-002  -41.548666016574359     
   3.2682686068408698E-002   1.1955085680638059E-008   149.15630632864455        3.2682686038326240E-002  -41.548666016576419     
   3.2682686065015620E-002   1.2338785173399053E-008   149.15630632864455        3.2682686038405497E-002  -41.548666016579105     
   3.2682686061488150E-002   1.2736834677766749E-008   149.15630632864455        3.2682686038468758E-002  -41.548666016574487     
   3.2682686057850380E-002   1.3146823047769674E-008   149.15630632864455        3.2682686038515957E-002  -41.548666016584846     
   3.2682686054123979E-002   1.3566368207772507E-008   149.15630632864455        3.2682686038547168E-002  -41.548666016578295     
   3.2682686050329819E-002   1.3993117822267664E-008   149.15630632864455        3.2682686038562628E-002  -41.548666016581869     
   3.2682686046489433E-002   1.4424748361142551E-008   149.15630632864455        3.2682686038562739E-002  -41.548666016574508     
   3.2682686042624469E-002   1.4858962912361444E-008   149.15630632864455        3.2682686038548021E-002  -41.548666016569570     
   3.2682686038755272E-002   1.5293488116816812E-008   149.15630632864455        3.2682686038519156E-002  -41.548666016572746     
   3.2682686034904221E-002   1.5726070613999592E-008   149.15630632864455        3.2682686038476925E-002  -41.548666016580043     
   3.2682686031091861E-002   1.6154473391682642E-008   149.15630632864455        3.2682686038422226E-002  -41.548666016573051     
   3.2682686027337114E-002   1.6576472428501779E-008   149.15630632864455        3.2682686038356043E-002  -41.548666016570927     
   3.2682686023662241E-002   1.6989854005178007E-008   149.15630632864455        3.2682686038279431E-002  -41.548666016575446     
   3.2682686020086893E-002   1.7392413038354364E-008   149.15630632864455        3.2682686038193520E-002  -41.548666016577897     
   3.2682686016631456E-002   1.7781952761060908E-008   149.15630632864455        3.2682686038099470E-002  -41.548666016576853     
   3.2682686013315955E-002   1.8156286036440002E-008   149.15630632864455        3.2682686037998482E-002  -41.548666016582935     
   3.2682686010160403E-002   1.8513238547338848E-008   149.15630632864455        3.2682686037891776E-002  -41.548666016575609     
   3.2682686007183562E-002   1.8850654054523713E-008   149.15630632864455        3.2682686037780566E-002  -41.548666016574089     
   3.2682686004405312E-002   1.9166401861451982E-008   149.15630632864455        3.2682686037666046E-002  -41.548666016572355     
   3.2682686001843611E-002   1.9458386565040686E-008   149.15630632864455        3.2682686037549417E-002  -41.548666016574408     
   3.2682685999516785E-002   1.9724560110758847E-008   149.15630632864455        3.2682686037431803E-002  -41.548666016579283     
   3.2682685997441563E-002   1.9962936107919096E-008   149.15630632864455        3.2682686037314307E-002  -41.548666016570849     
   3.2682685995636014E-002   2.0171606298207320E-008   149.15630632864455        3.2682686037197969E-002  -41.548666016575226     
   3.2682685994113753E-002   2.0348759008868827E-008   149.15630632864455        3.2682686037083762E-002  -41.548666016576831     
   3.2682685992891168E-002   2.0492699362497259E-008   149.15630632864455        3.2682686036972580E-002  -41.548666016576846     
   3.2682685991979502E-002   2.0601870959250476E-008   149.15630632864455        3.2682686036865242E-002  -41.548666016575019     
   3.2682685991389966E-002   2.0674878695900305E-008   149.15630632864455        3.2682686036762491E-002  -41.548666016575432     
   3.2682685991134636E-002   2.0710512340345524E-008   149.15630632864455        3.2682686036664979E-002  -41.548666016575034     
   3.2682685991218895E-002   2.0707770440714887E-008   149.15630632864455        3.2682686036573268E-002  -41.548666016572902     
   3.2682685991649141E-002   2.0665884116218556E-008   149.15630632864455        3.2682686036487829E-002  -41.548666016568284     
   3.2682685992428413E-002   2.0584340253150100E-008   149.15630632864455        3.2682686036409045E-002  -41.548666016572007     
   3.2682685993558988E-002   2.0462903614214740E-008   149.15630632864455        3.2682686036337234E-002  -41.548666016579411     
   3.2682685995036528E-002   2.0301637363170441E-008   149.15630632864455        3.2682686036272605E-002  -41.548666016576675     
   3.2682685996858536E-002   2.0100921510193442E-008   149.15630632864455        3.2682686036215290E-002  -41.548666016581699     
   3.2682685999017309E-002   1.9861468796024655E-008   149.15630632864455        3.2682686036165358E-002  -41.548666016572064     
   3.2682686001501975E-002   1.9584337555094161E-008   149.15630632864455        3.2682686036122816E-002  -41.548666016566393     
   3.2682686004298439E-002   1.9270941129334833E-008   149.15630632864455        3.2682686036087594E-002  -41.548666016576099     
   3.2682686007391736E-002   1.8923053444270667E-008   149.15630632864455        3.2682686036059581E-002  -41.548666016582814     
   3.2682686010760457E-002   1.8542810407600273E-008   149.15630632864455        3.2682686036038598E-002  -41.548666016571588     
   3.2682686014382525E-002   1.8132706846521720E-008   149.15630632864455        3.2682686036024443E-002  -41.548666016566536     
   3.2682686018232383E-002   1.7695588762458057E-008   149.15630632864455        3.2682686036016866E-002  -41.548666016569626     
   3.2682686022281388E-002   1.7234640750635479E-008   149.15630632864455        3.2682686036015582E-002  -41.548666016575396     
   3.2682686026498875E-002   1.6753368505093776E-008   149.15630632864455        3.2682686036020314E-002  -41.548666016577208     
   3.2682686030850512E-002   1.6255576406328915E-008   149.15630632864455        3.2682686036030743E-002  -41.548666016580036     
   3.2682686035301903E-002   1.5745340268165372E-008   149.15630632864455        3.2682686036046550E-002  -41.548666016577826     
   3.2682686039812822E-002   1.5226975400406123E-008   149.15630632864455        3.2682686036067415E-002  -41.548666016566507     
   3.2682686044345606E-002   1.4705000223640795E-008   149.15630632864455        3.2682686036093013E-002  -41.548666016579269     
   3.2682686048860508E-002   1.4184095750973444E-008   149.15630632864455        3.2682686036123024E-002  -41.548666016581144     
   3.2682686053314237E-002   1.3669061326750913E-008   149.15630632864455        3.2682686036157128E-002  -41.548666016573776     
   3.2682686057665139E-002   1.3164767083459871E-008   149.15630632864455        3.2682686036195042E-002  -41.548666016581969     
   3.2682686061871816E-002   1.2676103643560605E-008   149.15630632864455        3.2682686036236468E-002  -41.548666016576824     
   3.2682686065892502E-002   1.2207929652160732E-008   149.15630632864455        3.2682686036281126E-002  -41.548666016575147     
   3.2682686069687758E-002   1.1765017777716936E-008   149.15630632864455        3.2682686036328762E-002  -41.548666016575041     
   3.2682686073215089E-002   1.1351999860600030E-008   149.15630632864455        3.2682686036379124E-002  -41.548666016572177     
   3.2682686076439794E-002   1.0973311922611715E-008   149.15630632864455        3.2682686036431978E-002  -41.548666016574757     
   3.2682686079325736E-002   1.0633139773522028E-008   149.15630632864455        3.2682686036487101E-002  -41.548666016567893     
   3.2682686081839010E-002   1.0335365963054870E-008   149.15630632864455        3.2682686036544263E-002  -41.548666016574188     
   3.2682686083952341E-002   1.0083518827792369E-008   149.15630632864455        3.2682686036603265E-002  -41.548666016582075     
   3.2682686085638256E-002   9.8807243724792452E-009   149.15630632864455        3.2682686036663897E-002  -41.548666016576789     
   3.2682686086875488E-002   9.7296617037885433E-009   149.15630632864455        3.2682686036725951E-002  -41.548666016579944     
   3.2682686087645275E-002   9.6325227019761156E-009   149.15630632864455        3.2682686036789213E-002  -41.548666016573200     
   3.2682686087934613E-002   9.5909765723530717E-009   149.15630632864455        3.2682686036853460E-002  -41.548666016572092     
   3.2682686087736029E-002   9.6061398647407399E-009   149.15630632864455        3.2682686036918478E-002  -41.548666016577648     
   3.2682686087044416E-002   9.6785524856007954E-009   149.15630632864455        3.2682686036984016E-002  -41.548666016568660     
   3.2682686085861147E-002   9.8081601551228418E-009   149.15630632864455        3.2682686037049817E-002  -41.548666016569200     
   3.2682686084193453E-002   9.9943036813193675E-009   149.15630632864455        3.2682686037115619E-002  -41.548666016577300     
   3.2682686082054095E-002   1.0235715336106199E-008   149.15630632864455        3.2682686037181108E-002  -41.548666016576163     
   3.2682686079458415E-002   1.0530522525743284E-008   149.15630632864455        3.2682686037245987E-002  -41.548666016569783     
   3.2682686076428401E-002   1.0876258850975577E-008   149.15630632864455        3.2682686037309908E-002  -41.548666016570927     
   3.2682686072991594E-002   1.1269882552604273E-008   149.15630632864455        3.2682686037372517E-002  -41.548666016573620     
   3.2682686069178950E-002   1.1707802236918776E-008   149.15630632864455        3.2682686037433434E-002  -41.548666016574110     
   3.2682686065027541E-002   1.2185909674141078E-008   149.15630632864455        3.2682686037492255E-002  -41.548666016579759     
   3.2682686060575054E-002   1.2699619363520158E-008   149.15630632864455        3.2682686037548564E-002  -41.548666016574273     
   3.2682686055866404E-002   1.3243914462033628E-008   149.15630632864455        3.2682686037601917E-002  -41.548666016569413     
   3.2682686050946728E-002   1.3813398581506542E-008   149.15630632864455        3.2682686037651870E-002  -41.548666016579318     
   3.2682686045867000E-002   1.4402352872792401E-008   149.15630632864455        3.2682686037697965E-002  -41.548666016576057     
   3.2682686040676916E-002   1.5004797736419268E-008   149.15630632864455        3.2682686037739737E-002  -41.548666016568262     
   3.2682686035430966E-002   1.5614558428516039E-008   149.15630632864455        3.2682686037776749E-002  -41.548666016575304     
   3.2682686030182033E-002   1.6225333769804104E-008   149.15630632864455        3.2682686037808523E-002  -41.548666016567722     
   3.2682686024984794E-002   1.6830767114619611E-008   149.15630632864455        3.2682686037834641E-002  -41.548666016576121     
   3.2682686019892472E-002   1.7424518697522299E-008   149.15630632864455        3.2682686037854687E-002  -41.548666016572056     
   3.2682686014959342E-002   1.8000338447874568E-008   149.15630632864455        3.2682686037868260E-002  -41.548666016584093     
   3.2682686010236425E-002   1.8552138347818506E-008   149.15630632864455        3.2682686037875011E-002  -41.548666016572781     
   3.2682686005773946E-002   1.9074063406693893E-008   149.15630632864455        3.2682686037874636E-002  -41.548666016571623     
   3.2682686001619478E-002   1.9560560335890608E-008   149.15630632864455        3.2682686037866858E-002  -41.548666016575538     
   3.2682685997816402E-002   2.0006443031676831E-008   149.15630632864455        3.2682686037851461E-002  -41.548666016574074     
   3.2682685994404839E-002   2.0406954009412446E-008   149.15630632864455        3.2682686037828305E-002  -41.548666016580633     
   3.2682685991421268E-002   2.0757820980833020E-008   149.15630632864455        3.2682686037797296E-002  -41.548666016571680     
   3.2682685988896308E-002   2.1055307825946731E-008   149.15630632864455        3.2682686037758424E-002  -41.548666016566983     
   3.2682685986858036E-002   2.1296259281286183E-008   149.15630632864455        3.2682686037711753E-002  -41.548666016575602     
   3.2682685985326178E-002   2.1478138746337303E-008   149.15630632864455        3.2682686037657407E-002  -41.548666016578984     
   3.2682685984317165E-002   2.1599058698844542E-008   149.15630632864455        3.2682686037595617E-002  -41.548666016569520     
   3.2682685983841435E-002   2.1657803305741811E-008   149.15630632864455        3.2682686037526679E-002  -41.548666016577620     
   3.2682685983901630E-002   2.1653842918687622E-008   149.15630632864455        3.2682686037450975E-002  -41.548666016574408     
   3.2682685984497604E-002   2.1587340250116963E-008   149.15630632864455        3.2682686037368985E-002  -41.548666016569349     
   3.2682685985621511E-002   2.1459148135644582E-008   149.15630632864455        3.2682686037281243E-002  -41.548666016576064     
   3.2682685987258590E-002   2.1270798900131779E-008   149.15630632864455        3.2682686037188380E-002  -41.548666016576121     
   3.2682685989392328E-002   2.1024485456473823E-008   149.15630632864455        3.2682686037091103E-002  -41.548666016578849     
   3.2682685991995621E-002   2.0723034376021726E-008   149.15630632864455        3.2682686036990170E-002  -41.548666016572717     
   3.2682685995041282E-002   2.0369871276297606E-008   149.15630632864455        3.2682686036886413E-002  -41.548666016575346     
   3.2682685998493874E-002   1.9968978973948752E-008   149.15630632864455        3.2682686036780720E-002  -41.548666016574522     
   3.2682686002315747E-002   1.9524848946940989E-008   149.15630632864455        3.2682686036674027E-002  -41.548666016567857     
   3.2682686006463853E-002   1.9042426738483084E-008   149.15630632864455        3.2682686036567293E-002  -41.548666016575368     
   3.2682686010894038E-002   1.8527052014913211E-008   149.15630632864455        3.2682686036461538E-002  -41.548666016569364     
   3.2682686015556406E-002   1.7984394059977666E-008   149.15630632864455        3.2682686036357760E-002  -41.548666016567054     
   3.2682686020401114E-002   1.7420383546850532E-008   149.15630632864455        3.2682686036256993E-002  -41.548666016571048     
   3.2682686025375982E-002   1.6841141476765137E-008   149.15630632864455        3.2682686036160251E-002  -41.548666016582075     
   3.2682686030428253E-002   1.6252906208237213E-008   149.15630632864455        3.2682686036068546E-002  -41.548666016581187     
   3.2682686035503554E-002   1.5661959523050308E-008   149.15630632864455        3.2682686035982858E-002  -41.548666016572426     
   3.2682686040549323E-002   1.5074552684505242E-008   149.15630632864455        3.2682686035904109E-002  -41.548666016571737     
   3.2682686045513137E-002   1.4496833439253230E-008   149.15630632864455        3.2682686035833200E-002  -41.548666016582402     
   3.2682686050342885E-002   1.3934774896953164E-008   149.15630632864455        3.2682686035770944E-002  -41.548666016574941     
   3.2682686054992166E-002   1.3394107191919585E-008   149.15630632864455        3.2682686035718105E-002  -41.548666016589969     
   3.2682686059413213E-002   1.2880252788652615E-008   149.15630632864455        3.2682686035675340E-002  -41.548666016582374     
   3.2682686063562984E-002   1.2398266238921348E-008   149.15630632864455        3.2682686035643227E-002  -41.548666016571083     
   3.2682686067401580E-002   1.1952779132951991E-008   149.15630632864455        3.2682686035622258E-002  -41.548666016567587     
   3.2682686070894536E-002   1.1547950912440053E-008   149.15630632864455        3.2682686035612793E-002  -41.548666016571289     
   3.2682686074009662E-002   1.1187426129114325E-008   149.15630632864455        3.2682686035615097E-002  -41.548666016562805     
   3.2682686076721153E-002   1.0874298641062355E-008   149.15630632864455        3.2682686035629308E-002  -41.548666016574813     
   3.2682686079006637E-002   1.0611083141302610E-008   149.15630632864455        3.2682686035655446E-002  -41.548666016571680     
   3.2682686080850808E-002   1.0399694310477198E-008   149.15630632864455        3.2682686035693402E-002  -41.548666016566507     
   3.2682686082240793E-002   1.0241433779556883E-008   149.15630632864455        3.2682686035742974E-002  -41.548666016576831     
   3.2682686083171320E-002   1.0136984980532192E-008   149.15630632864455        3.2682686035803800E-002  -41.548666016576725     
   3.2682686083641305E-002   1.0086415855049628E-008   149.15630632864455        3.2682686035875423E-002  -41.548666016583319     
   3.2682686083654919E-002   1.0089189284087764E-008   149.15630632864455        3.2682686035957260E-002  -41.548666016579183     
   3.2682686083221453E-002   1.0144180997749095E-008   149.15630632864455        3.2682686036048618E-002  -41.548666016572227     
   3.2682686082354778E-002   1.0249704624470242E-008   149.15630632864455        3.2682686036148705E-002  -41.548666016569982     
   3.2682686081073012E-002   1.0403543444772875E-008   149.15630632864455        3.2682686036256632E-002  -41.548666016570557     
   3.2682686079399462E-002   1.0602988327742440E-008   149.15630632864455        3.2682686036371436E-002  -41.548666016571502     
   3.2682686077359704E-002   1.0844881249384270E-008   149.15630632864455        3.2682686036492048E-002  -41.548666016578082     
   3.2682686074984771E-002   1.1125663722311275E-008   149.15630632864455        3.2682686036617357E-002  -41.548666016567772     
   3.2682686072306337E-002   1.1441429406941901E-008   149.15630632864455        3.2682686036746199E-002  -41.548666016571033     
   3.2682686069360090E-002   1.1787980125879381E-008   149.15630632864455        3.2682686036877358E-002  -41.548666016567459     
   3.2682686066182610E-002   1.2160884466158099E-008   149.15630632864455        3.2682686037009599E-002  -41.548666016572689     
   3.2682686062814270E-002   1.2555538129391170E-008   149.15630632864455        3.2682686037141660E-002  -41.548666016570181     
   3.2682686059293170E-002   1.2967225177239452E-008   149.15630632864455        3.2682686037272313E-002  -41.548666016573470     
   3.2682686055662304E-002   1.3391179319464436E-008   149.15630632864455        3.2682686037400308E-002  -41.548666016575545     
   3.2682686051959210E-002   1.3822644403988185E-008   149.15630632864455        3.2682686037524437E-002  -41.548666016569598     
   3.2682686048225509E-002   1.4256933292450197E-008   149.15630632864455        3.2682686037643537E-002  -41.548666016566571     
   3.2682686044499351E-002   1.4689484340306730E-008   149.15630632864455        3.2682686037756481E-002  -41.548666016578380     
   3.2682686040817623E-002   1.5115914746925667E-008   149.15630632864455        3.2682686037862230E-002  -41.548666016565512     
   3.2682686037215754E-002   1.5532070097901969E-008   149.15630632864455        3.2682686037959804E-002  -41.548666016578032     
   3.2682686033726975E-002   1.5934069487310586E-008   149.15630632864455        3.2682686038048317E-002  -41.548666016566941     
   3.2682686030384045E-002   1.6318345681445939E-008   149.15630632864455        3.2682686038126969E-002  -41.548666016580306     
   3.2682686027211687E-002   1.6681679866599521E-008   149.15630632864455        3.2682686038195088E-002  -41.548666016576213     
   3.2682686024235540E-002   1.7021230609458736E-008   149.15630632864455        3.2682686038252085E-002  -41.548666016566614     
   3.2682686021478856E-002   1.7334556749652577E-008   149.15630632864455        3.2682686038297500E-002  -41.548666016573172     
   3.2682686018956228E-002   1.7619634037651297E-008   149.15630632864455        3.2682686038330994E-002  -41.548666016572639     
   3.2682686016684004E-002   1.7874865426125467E-008   149.15630632864455        3.2682686038352358E-002  -41.548666016578423     
   3.2682686014672606E-002   1.8099085018293145E-008   149.15630632864455        3.2682686038361490E-002  -41.548666016572732     
   3.2682686012928376E-002   1.8291555770512672E-008   149.15630632864455        3.2682686038358416E-002  -41.548666016569641     
   3.2682686011455624E-002   1.8451961137472239E-008   149.15630632864455        3.2682686038343282E-002  -41.548666016564347     
   3.2682686010254834E-002   1.8580390935180090E-008   149.15630632864455        3.2682686038316359E-002  -41.548666016573719     
   3.2682686009321643E-002   1.8677321778634079E-008   149.15630632864455        3.2682686038278043E-002  -41.548666016577734     
   3.2682686008650375E-002   1.8743592526114820E-008   149.15630632864455        3.2682686038228805E-002  -41.548666016570394     
   3.2682686008233097E-002   1.8780375229337645E-008   149.15630632864455        3.2682686038169248E-002  -41.548666016570493     
   3.2682686008057321E-002   1.8789142147757386E-008   149.15630632864455        3.2682686038100053E-002  -41.548666016575147     
   3.2682686008109092E-002   1.8771629434727297E-008   149.15630632864455        3.2682686038021977E-002  -41.548666016572724     
   3.2682686008373124E-002   1.8729798142722231E-008   149.15630632864455        3.2682686037935872E-002  -41.548666016574501     
   3.2682686008832160E-002   1.8665793223845691E-008   149.15630632864455        3.2682686037842634E-002  -41.548666016583461     
   3.2682686009467631E-002   1.8581901220105140E-008   149.15630632864455        3.2682686037743207E-002  -41.548666016577528     
   3.2682686010260566E-002   1.8480507345051041E-008   149.15630632864455        3.2682686037638596E-002  -41.548666016578835     
   3.2682686011190142E-002   1.8364052654692208E-008   149.15630632864455        3.2682686037529822E-002  -41.548666016565285     
   3.2682686012236409E-002   1.8234991990848075E-008   149.15630632864455        3.2682686037417918E-002  -41.548666016578181     
   3.2682686013380376E-002   1.8095753355095785E-008   149.15630632864455        3.2682686037303919E-002  -41.548666016572184     
   3.2682686014601330E-002   1.7948699336596580E-008   149.15630632864455        3.2682686037188879E-002  -41.548666016572533     
   3.2682686015879939E-002   1.7796091172489778E-008   149.15630632864455        3.2682686037073798E-002  -41.548666016566521     
   3.2682686017200854E-002   1.7640055966894630E-008   149.15630632864455        3.2682686036959667E-002  -41.548666016574337     
   3.2682686018544842E-002   1.7482557533976657E-008   149.15630632864455        3.2682686036847437E-002  -41.548666016575339     
   3.2682686019898516E-002   1.7325371263483012E-008   149.15630632864455        3.2682686036738011E-002  -41.548666016574003     
   3.2682686021248533E-002   1.7170063334631081E-008   149.15630632864455        3.2682686036632227E-002  -41.548666016571616     
   3.2682686022583222E-002   1.7017974527397804E-008   149.15630632864455        3.2682686036530864E-002  -41.548666016580242     
   3.2682686023891842E-002   1.6870208800363812E-008   149.15630632864455        3.2682686036434629E-002  -41.548666016571140     
   3.2682686025169022E-002   1.6727626722755799E-008   149.15630632864455        3.2682686036344166E-002  -41.548666016569307     
   3.2682686026405901E-002   1.6590843766194484E-008   149.15630632864455        3.2682686036260018E-002  -41.548666016574025     
   3.2682686027601916E-002   1.6460233380525592E-008   149.15630632864455        3.2682686036182663E-002  -41.548666016572213     
   3.2682686028753752E-002   1.6335934699096225E-008   149.15630632864455        3.2682686036112484E-002  -41.548666016570934     
   3.2682686029860811E-002   1.6217864643057672E-008   149.15630632864455        3.2682686036049784E-002  -41.548666016573421     
   3.2682686030924724E-002   1.6105734123222267E-008   149.15630632864455        3.2682686035994779E-002  -41.548666016580668     
   3.2682686031949737E-002   1.5999067972466666E-008   149.15630632864455        3.2682686035947615E-002  -41.548666016572838     
   3.2682686032938758E-002   1.5897228182844760E-008   149.15630632864455        3.2682686035908327E-002  -41.548666016572831     
   3.2682686033898477E-002   1.5799439970212934E-008   149.15630632864455        3.2682686035876901E-002  -41.548666016580988     
   3.2682686034834860E-002   1.5704820145971407E-008   149.15630632864455        3.2682686035853253E-002  -41.548666016575964     
   3.2682686035754673E-002   1.5612407241491276E-008   149.15630632864455        3.2682686035837211E-002  -41.548666016578011     
   3.2682686036665153E-002   1.5521192805913824E-008   149.15630632864455        3.2682686035828558E-002  -41.548666016577315     
   3.2682686037573988E-002   1.5430153282983407E-008   149.15630632864455        3.2682686035827017E-002  -41.548666016568369     
   3.2682686038488715E-002   1.5338281867357217E-008   149.15630632864455        3.2682686035832263E-002  -41.548666016577997     
   3.2682686039414939E-002   1.5244619745483272E-008   149.15630632864455        3.2682686035843941E-002  -41.548666016580476     
   3.2682686040361349E-002   1.5148286140693247E-008   149.15630632864455        3.2682686035861643E-002  -41.548666016571410     
   3.2682686041331788E-002   1.5048506606108364E-008   149.15630632864455        3.2682686035884971E-002  -41.548666016580967     
   3.2682686042331162E-002   1.4944639041913096E-008   149.15630632864455        3.2682686035913469E-002  -41.548666016576732     
   3.2682686043362136E-002   1.4836196955106274E-008   149.15630632864455        3.2682686035946686E-002  -41.548666016570685     
   3.2682686044426777E-002   1.4722869528974336E-008   149.15630632864455        3.2682686035984176E-002  -41.548666016571261     
   3.2682686045525093E-002   1.4604538125710490E-008   149.15630632864455        3.2682686036025498E-002  -41.548666016576135     
   3.2682686046655772E-002   1.4481288907863874E-008   149.15630632864455        3.2682686036070191E-002  -41.548666016571460     
   3.2682686047815650E-002   1.4353421331150005E-008   149.15630632864455        3.2682686036117854E-002  -41.548666016574010     
   3.2682686048998544E-002   1.4221452332394610E-008   149.15630632864455        3.2682686036168064E-002  -41.548666016574209     
   3.2682686050199888E-002   1.4086116110031446E-008   149.15630632864455        3.2682686036220446E-002  -41.548666016577407     
   3.2682686051409768E-002   1.3948359469885705E-008   149.15630632864455        3.2682686036274639E-002  -41.548666016569854     
   3.2682686052618794E-002   1.3809332784437052E-008   149.15630632864455        3.2682686036330309E-002  -41.548666016578586     
   3.2682686053815642E-002   1.3670376688549581E-008   149.15630632864455        3.2682686036387167E-002  -41.548666016576398     
   3.2682686054986865E-002   1.3533004707312316E-008   149.15630632864455        3.2682686036444940E-002  -41.548666016582004     
   3.2682686056118980E-002   1.3398882080952504E-008   149.15630632864455        3.2682686036503393E-002  -41.548666016574010     
   3.2682686057197603E-002   1.3269801117025334E-008   149.15630632864455        3.2682686036562325E-002  -41.548666016573833     
   3.2682686058205672E-002   1.3147653459709119E-008   149.15630632864455        3.2682686036621549E-002  -41.548666016571104     
   3.2682686059128295E-002   1.3034399719486937E-008   149.15630632864455        3.2682686036680925E-002  -41.548666016583525     
   3.2682686059947931E-002   1.2932036952941534E-008   149.15630632864455        3.2682686036740322E-002  -41.548666016567879     
   3.2682686060649481E-002   1.2842564520781417E-008   149.15630632864455        3.2682686036799628E-002  -41.548666016569769     
   3.2682686061215070E-002   1.2767948882325750E-008   149.15630632864455        3.2682686036858748E-002  -41.548666016577315     
   3.2682686061631772E-002   1.2710087905811821E-008   149.15630632864455        3.2682686036917610E-002  -41.548666016573392     
   3.2682686061883515E-002   1.2670775285718896E-008   149.15630632864455        3.2682686036976140E-002  -41.548666016573463     
   3.2682686061958045E-002   1.2651665660952407E-008   149.15630632864455        3.2682686037034274E-002  -41.548666016573314     
   3.2682686061842943E-002   1.2654241020808557E-008   149.15630632864455        3.2682686037091943E-002  -41.548666016589827     
   3.2682686061528979E-002   1.2679778969241938E-008   149.15630632864455        3.2682686037149071E-002  -41.548666016570628     
   3.2682686061007965E-002   1.2729323392768977E-008   149.15630632864455        3.2682686037205561E-002  -41.548666016579013     
   3.2682686060275412E-002   1.2803658043351092E-008   149.15630632864455        3.2682686037261321E-002  -41.548666016574813     
   3.2682686059326692E-002   1.2903283505509738E-008   149.15630632864455        3.2682686037316229E-002  -41.548666016575361     
   3.2682686058160028E-002   1.3028397967366518E-008   149.15630632864455        3.2682686037370137E-002  -41.548666016571325     
   3.2682686056780527E-002   1.3178882159014419E-008   149.15630632864455        3.2682686037422894E-002  -41.548666016576057     
   3.2682686055190105E-002   1.3354288759620099E-008   149.15630632864455        3.2682686037474304E-002  -41.548666016571723     
   3.2682686053398712E-002   1.3553836507627099E-008   149.15630632864455        3.2682686037524146E-002  -41.548666016578011     
   3.2682686051414458E-002   1.3776409177731104E-008   149.15630632864455        3.2682686037572184E-002  -41.548666016565114     
   3.2682686049251966E-002   1.4020559514804161E-008   149.15630632864455        3.2682686037618133E-002  -41.548666016567154     
   3.2682686046925882E-002   1.4284518139738822E-008   149.15630632864455        3.2682686037661703E-002  -41.548666016578736     
   3.2682686044455456E-002   1.4566207366716584E-008   149.15630632864455        3.2682686037702573E-002  -41.548666016577819     
   3.2682686041860400E-002   1.4863259796493549E-008   149.15630632864455        3.2682686037740390E-002  -41.548666016570756     
   3.2682686039163161E-002   1.5173041477265253E-008   149.15630632864455        3.2682686037774807E-002  -41.548666016571289     
   3.2682686036389526E-002   1.5492679354610716E-008   149.15630632864455        3.2682686037805428E-002  -41.548666016579730     
   3.2682686033566506E-002   1.5819092665880450E-008   149.15630632864455        3.2682686037831893E-002  -41.548666016579972     
   3.2682686030721102E-002   1.6149027873452758E-008   149.15630632864455        3.2682686037853799E-002  -41.548666016577592     
   3.2682686027882366E-002   1.6479096676019373E-008   149.15630632864455        3.2682686037870771E-002  -41.548666016574074     
   3.2682686025080336E-002   1.6805816588766711E-008   149.15630632864455        3.2682686037882429E-002  -41.548666016571772     
   3.2682686022343609E-002   1.7125653542410193E-008   149.15630632864455        3.2682686037888417E-002  -41.548666016574607     
   3.2682686019703665E-002   1.7435065918196504E-008   149.15630632864455        3.2682686037888410E-002  -41.548666016573357     
   3.2682686017190488E-002   1.7730549411786282E-008   149.15630632864455        3.2682686037882089E-002  -41.548666016573485     
   3.2682686014830764E-002   1.8008682103515520E-008   149.15630632864455        3.2682686037869203E-002  -41.548666016573016     
   3.2682686012653728E-002   1.8266169106395558E-008   149.15630632864455        3.2682686037849538E-002  -41.548666016568326     
   3.2682686010685927E-002   1.8499886166212329E-008   149.15630632864455        3.2682686037822935E-002  -41.548666016574238     
   3.2682686008949295E-002   1.8706921600241677E-008   149.15630632864455        3.2682686037789260E-002  -41.548666016584150     
   3.2682686007469382E-002   1.8884615982142405E-008   149.15630632864455        3.2682686037748501E-002  -41.548666016582935     
   3.2682686006263180E-002   1.9030599010436324E-008   149.15630632864455        3.2682686037700671E-002  -41.548666016570998     
   3.2682686005350618E-002   1.9142823035747131E-008   149.15630632864455        3.2682686037645882E-002  -41.548666016583759     
   3.2682686004742070E-002   1.9219592767418605E-008   149.15630632864455        3.2682686037584306E-002  -41.548666016572085     
   3.2682686004449568E-002   1.9259590732628191E-008   149.15630632864455        3.2682686037516215E-002  -41.548666016576398     
   3.2682686004480578E-002   1.9261898119363550E-008   149.15630632864455        3.2682686037441948E-002  -41.548666016576455     
   3.2682686004838625E-002   1.9226010698429430E-008   149.15630632864455        3.2682686037361935E-002  -41.548666016581393     
   3.2682686005524236E-002   1.9151849587606264E-008   149.15630632864455        3.2682686037276698E-002  -41.548666016582118     
   3.2682686006533374E-002   1.9039766692198582E-008   149.15630632864455        3.2682686037186805E-002  -41.548666016573094     
   3.2682686007859320E-002   1.8890544729675507E-008   149.15630632864455        3.2682686037092942E-002  -41.548666016574373     
   3.2682686009490959E-002   1.8705391820669192E-008   149.15630632864455        3.2682686036995846E-002  -41.548666016576774     
   3.2682686011412714E-002   1.8485930703099330E-008   149.15630632864455        3.2682686036896329E-002  -41.548666016577528     
   3.2682686013609116E-002   1.8234182699883788E-008   149.15630632864455        3.2682686036795264E-002  -41.548666016580555     
   3.2682686016058282E-002   1.7952546642172612E-008   149.15630632864455        3.2682686036693574E-002  -41.548666016575915     
   3.2682686018737597E-002   1.7643773018207476E-008   149.15630632864455        3.2682686036592225E-002  -41.548666016567900     
   3.2682686021619133E-002   1.7310933682324645E-008   149.15630632864455        3.2682686036492228E-002  -41.548666016563594     
   3.2682686024674577E-002   1.6957387517763671E-008   149.15630632864455        3.2682686036394612E-002  -41.548666016568511     
   3.2682686027871638E-002   1.6586742500451204E-008   149.15630632864455        3.2682686036300410E-002  -41.548666016587632     
   3.2682686031179888E-002   1.6202814657828776E-008   149.15630632864455        3.2682686036210676E-002  -41.548666016557981     
   3.2682686034563847E-002   1.5809584456507176E-008   149.15630632864455        3.2682686036126438E-002  -41.548666016573613     
   3.2682686037989413E-002   1.5411151184479038E-008   149.15630632864455        3.2682686036048708E-002  -41.548666016568475     
   3.2682686041419148E-002   1.5011685917640861E-008   149.15630632864455        3.2682686035978445E-002  -41.548666016575112     
   3.2682686044818603E-002   1.4615383675986395E-008   149.15630632864455        3.2682686035916578E-002  -41.548666016569641     
   3.2682686048152526E-002   1.4226415381775907E-008   149.15630632864455        3.2682686035863974E-002  -41.548666016571964     
   3.2682686051385919E-002   1.3848880230529968E-008   149.15630632864455        3.2682686035821425E-002  -41.548666016577847     
   3.2682686054482692E-002   1.3486759075783286E-008   149.15630632864455        3.2682686035789624E-002  -41.548666016568234     
   3.2682686057412709E-002   1.3143869410316946E-008   149.15630632864455        3.2682686035769182E-002  -41.548666016576874     
   3.2682686060144871E-002   1.2823822500601024E-008   149.15630632864455        3.2682686035760584E-002  -41.548666016573584     
   3.2682686062649693E-002   1.2529983197654524E-008   149.15630632864455        3.2682686035764241E-002  -41.548666016571673     
   3.2682686064901281E-002   1.2265432907181532E-008   149.15630632864455        3.2682686035780402E-002  -41.548666016577137     
   3.2682686066876042E-002   1.2032936155467920E-008   149.15630632864455        3.2682686035809198E-002  -41.548666016571488     
   3.2682686068553908E-002   1.1834911135309200E-008   149.15630632864455        3.2682686035850637E-002  -41.548666016566671     
   3.2682686069917415E-002   1.1673404559568760E-008   149.15630632864455        3.2682686035904580E-002  -41.548666016581450     
   3.2682686070952177E-002   1.1550071089579743E-008   149.15630632864455        3.2682686035970750E-002  -41.548666016577258     
   3.2682686071647864E-002   1.1466157542247825E-008   149.15630632864455        3.2682686036048722E-002  -41.548666016565356     
   3.2682686071996835E-002   1.1422492014336662E-008   149.15630632864455        3.2682686036137949E-002  -41.548666016565228     
   3.2682686071996876E-002   1.1419477996216611E-008   149.15630632864455        3.2682686036237737E-002  -41.548666016569584     
   3.2682686071647489E-002   1.1457093480980805E-008   149.15630632864455        3.2682686036347261E-002  -41.548666016571623     
   3.2682686070952954E-002   1.1534895009542590E-008   149.15630632864455        3.2682686036465576E-002  -41.548666016569605     
   3.2682686069919857E-002   1.1652026528860650E-008   149.15630632864455        3.2682686036591621E-002  -41.548666016566294     
   3.2682686068559695E-002   1.1807232879570742E-008   149.15630632864455        3.2682686036724230E-002  -41.548666016572064     
   3.2682686066886402E-002   1.1998877672265964E-008   149.15630632864455        3.2682686036862134E-002  -41.548666016578636     
   3.2682686064916894E-002   1.2224965258690970E-008   149.15630632864455        3.2682686037003986E-002  -41.548666016574089     
   3.2682686062670697E-002   1.2483166456289126E-008   149.15630632864455        3.2682686037148356E-002  -41.548666016572852     
   3.2682686060171849E-002   1.2770847642338978E-008   149.15630632864455        3.2682686037293782E-002  -41.548666016575012     
   3.2682686057443948E-002   1.3085102797779393E-008   149.15630632864455        3.2682686037438749E-002  -41.548666016576604     
   3.2682686054514166E-002   1.3422788051343257E-008   149.15630632864455        3.2682686037581711E-002  -41.548666016576661     
   3.2682686051411822E-002   1.3780558251764251E-008   149.15630632864455        3.2682686037721120E-002  -41.548666016575176     
   3.2682686048165537E-002   1.4154905080146757E-008   149.15630632864455        3.2682686037855450E-002  -41.548666016573904     
   3.2682686044809145E-002   1.4542196206083467E-008   149.15630632864455        3.2682686037983188E-002  -41.548666016575126     
   3.2682686041372151E-002   1.4938714989476523E-008   149.15630632864455        3.2682686038102871E-002  -41.548666016585059     
   3.2682686037888292E-002   1.5340700235590473E-008   149.15630632864455        3.2682686038213095E-002  -41.548666016574792     
   3.2682686034389619E-002   1.5744385523019339E-008   149.15630632864455        3.2682686038312536E-002  -41.548666016588228     
   3.2682686030907550E-002   1.6146037642864598E-008   149.15630632864455        3.2682686038399952E-002  -41.548666016573939     
   3.2682686027474768E-002   1.6541993712098469E-008   149.15630632864455        3.2682686038474219E-002  -41.548666016573328     
   3.2682686024121659E-002   1.6928696554013263E-008   149.15630632864455        3.2682686038534345E-002  -41.548666016572952     
   3.2682686020877982E-002   1.7302727973746507E-008   149.15630632864455        3.2682686038579448E-002  -41.548666016578842     
   3.2682686017771342E-002   1.7660839596068156E-008   149.15630632864455        3.2682686038608806E-002  -41.548666016565583     
   3.2682686014828724E-002   1.7999980975421509E-008   149.15630632864455        3.2682686038621858E-002  -41.548666016577769     
   3.2682686012074358E-002   1.8317324733963305E-008   149.15630632864455        3.2682686038618181E-002  -41.548666016582921     
   3.2682686009531156E-002   1.8610288530979344E-008   149.15630632864455        3.2682686038597544E-002  -41.548666016576021     
   3.2682686007219165E-002   1.8876553716017693E-008   149.15630632864455        3.2682686038559887E-002  -41.548666016577769     
   3.2682686005155490E-002   1.9114080567804097E-008   149.15630632864455        3.2682686038505313E-002  -41.548666016578288     
   3.2682686003358094E-002   1.9321120070257489E-008   149.15630632864455        3.2682686038434113E-002  -41.548666016578096     
   3.2682686001836901E-002   1.9496222225113550E-008   149.15630632864455        3.2682686038346745E-002  -41.548666016570770     
   3.2682686000604512E-002   1.9638240947361105E-008   149.15630632864455        3.2682686038243848E-002  -41.548666016576490     
   3.2682685999666686E-002   1.9746335633852732E-008   149.15630632864455        3.2682686038126206E-002  -41.548666016569832     
   3.2682685999029792E-002   1.9819969536712628E-008   149.15630632864455        3.2682686037994797E-002  -41.548666016573371     
   3.2682685998695428E-002   1.9858905110626069E-008   149.15630632864455        3.2682686037850718E-002  -41.548666016573286     
   3.2682685998663814E-002   1.9863196536887212E-008   149.15630632864455        3.2682686037695224E-002  -41.548666016572625     
   3.2682685998932405E-002   1.9833179656167430E-008   149.15630632864455        3.2682686037529676E-002  -41.548666016581450     
   3.2682685999496044E-002   1.9769459566198460E-008   149.15630632864455        3.2682686037355586E-002  -41.548666016584747     
   3.2682686000346850E-002   1.9672896160068816E-008   149.15630632864455        3.2682686037174509E-002  -41.548666016575922     
   3.2682686001477841E-002   1.9544587894942929E-008   149.15630632864455        3.2682686036988137E-002  -41.548666016568291     
   3.2682686002876320E-002   1.9385854090051185E-008   149.15630632864455        3.2682686036798199E-002  -41.548666016582274     
   3.2682686004529060E-002   1.9198216056458862E-008   149.15630632864455        3.2682686036606477E-002  -41.548666016574451     
   3.2682686006421838E-002   1.8983377359885142E-008   149.15630632864455        3.2682686036414776E-002  -41.548666016572497     
   3.2682686008539054E-002   1.8743203511778643E-008   149.15630632864455        3.2682686036224935E-002  -41.548666016567942     
   3.2682686010861862E-002   1.8479701372798002E-008   149.15630632864455        3.2682686036038751E-002  -41.548666016575119     
   3.2682686013373173E-002   1.8194998538081916E-008   149.15630632864455        3.2682686035858027E-002  -41.548666016577855     
   3.2682686016052877E-002   1.7891322954750307E-008   149.15630632864455        3.2682686035684493E-002  -41.548666016576405     
   3.2682686018881461E-002   1.7570982999738409E-008   149.15630632864455        3.2682686035519846E-002  -41.548666016571701     
   3.2682686021836681E-002   1.7236348221052033E-008   149.15630632864455        3.2682686035365671E-002  -41.548666016572056     
   3.2682686024898953E-002   1.6889830918230116E-008   149.15630632864455        3.2682686035223486E-002  -41.548666016577428     
   3.2682686028045249E-002   1.6533868708543119E-008   149.15630632864455        3.2682686035094693E-002  -41.548666016577762     
   3.2682686031255799E-002   1.6170908195328640E-008   149.15630632864455        3.2682686034980542E-002  -41.548666016568944     
   3.2682686034506601E-002   1.5803389824313777E-008   149.15630632864455        3.2682686034882176E-002  -41.548666016572241     
   3.2682686037777291E-002   1.5433733982791145E-008   149.15630632864455        3.2682686034800575E-002  -41.548666016582018     
   3.2682686041047307E-002   1.5064328366868562E-008   149.15630632864455        3.2682686034736563E-002  -41.548666016576348     
   3.2682686044293988E-002   1.4697516613254363E-008   149.15630632864455        3.2682686034690808E-002  -41.548666016579105     
   3.2682686047498369E-002   1.4335588165063679E-008   149.15630632864455        3.2682686034663788E-002  -41.548666016566699     
   3.2682686050639148E-002   1.3980769316481837E-008   149.15630632864455        3.2682686034655815E-002  -41.548666016575147     
   3.2682686053696751E-002   1.3635215359069492E-008   149.15630632864455        3.2682686034667029E-002  -41.548666016574394     
   3.2682686056654635E-002   1.3301003733609135E-008   149.15630632864455        3.2682686034697372E-002  -41.548666016577954     
   3.2682686059492316E-002   1.2980128075764763E-008   149.15630632864455        3.2682686034746618E-002  -41.548666016576398     
   3.2682686062192823E-002   1.2674493031835076E-008   149.15630632864455        3.2682686034814369E-002  -41.548666016569612     
   3.2682686064741825E-002   1.2385909712626808E-008   149.15630632864455        3.2682686034900058E-002  -41.548666016575886     
   3.2682686067121665E-002   1.2116091649156629E-008   149.15630632864455        3.2682686035002961E-002  -41.548666016577883     
   3.2682686069317894E-002   1.1866651113256794E-008   149.15630632864455        3.2682686035122172E-002  -41.548666016579269     
   3.2682686071318683E-002   1.1639095669580423E-008   149.15630632864455        3.2682686035256661E-002  -41.548666016566713     
   3.2682686073109528E-002   1.1434824832387081E-008   149.15630632864455        3.2682686035405271E-002  -41.548666016560958     
   3.2682686074678738E-002   1.1255126710894253E-008   149.15630632864455        3.2682686035566698E-002  -41.548666016583141     
   3.2682686076017882E-002   1.1101174540663710E-008   149.15630632864455        3.2682686035739553E-002  -41.548666016565114     
   3.2682686077115310E-002   1.0974023014862441E-008   149.15630632864455        3.2682686035922344E-002  -41.548666016569342     
   3.2682686077963007E-002   1.0874604348348944E-008   149.15630632864455        3.2682686036113476E-002  -41.548666016572056     
   3.2682686078555165E-002   1.0803724028356608E-008   149.15630632864455        3.2682686036311331E-002  -41.548666016577037     
   3.2682686078885796E-002   1.0762056228149072E-008   149.15630632864455        3.2682686036514204E-002  -41.548666016579240     
   3.2682686078949474E-002   1.0750138883718056E-008   149.15630632864455        3.2682686036720393E-002  -41.548666016569612     
   3.2682686078743500E-002   1.0768368457658576E-008   149.15630632864455        3.2682686036928150E-002  -41.548666016569975     
   3.2682686078265265E-002   1.0816994438545920E-008   149.15630632864455        3.2682686037135741E-002  -41.548666016573321     
   3.2682686077516052E-002   1.0896113647767128E-008   149.15630632864455        3.2682686037341459E-002  -41.548666016571147     
   3.2682686076494806E-002   1.1005664448338142E-008   149.15630632864455        3.2682686037543589E-002  -41.548666016571744     
   3.2682686075205802E-002   1.1145420971188911E-008   149.15630632864455        3.2682686037740501E-002  -41.548666016572852     
   3.2682686073652392E-002   1.1314987493424179E-008   149.15630632864455        3.2682686037930612E-002  -41.548666016577506     
   3.2682686071839939E-002   1.1513793119391466E-008   149.15630632864455        3.2682686038112418E-002  -41.548666016579318     
   3.2682686069776409E-002   1.1741086929034397E-008   149.15630632864455        3.2682686038284482E-002  -41.548666016576398     
   3.2682686067469775E-002   1.1995933768311118E-008   149.15630632864455        3.2682686038445478E-002  -41.548666016574956     
   3.2682686064931930E-002   1.2277210863061577E-008   149.15630632864455        3.2682686038594186E-002  -41.548666016573655     
   3.2682686062174816E-002   1.2583605440807589E-008   149.15630632864455        3.2682686038729494E-002  -41.548666016575474     
   3.2682686059212047E-002   1.2913613543933198E-008   149.15630632864455        3.2682686038850432E-002  -41.548666016578252     
   3.2682686056060180E-002   1.3265540212777593E-008   149.15630632864455        3.2682686038956132E-002  -41.548666016569854     
   3.2682686052734111E-002   1.3637501208051368E-008   149.15630632864455        3.2682686039045880E-002  -41.548666016570266     
   3.2682686049255810E-002   1.4027426429028776E-008   149.15630632864455        3.2682686039119099E-002  -41.548666016574494     
   3.2682686045644185E-002   1.4433065167101831E-008   149.15630632864455        3.2682686039175332E-002  -41.548666016569818     
   3.2682686041921524E-002   1.4851993313690096E-008   149.15630632864455        3.2682686039214294E-002  -41.548666016572319     
   3.2682686038111704E-002   1.5281622617732575E-008   149.15630632864455        3.2682686039235818E-002  -41.548666016575488     
   3.2682686034238378E-002   1.5719212060967603E-008   149.15630632864455        3.2682686039239885E-002  -41.548666016570799     
   3.2682686030327597E-002   1.6161881389622584E-008   149.15630632864455        3.2682686039226617E-002  -41.548666016578089     
   3.2682686026405401E-002   1.6606626809386096E-008   149.15630632864455        3.2682686039196260E-002  -41.548666016575496     
   3.2682686022500809E-002   1.7050338817081014E-008   149.15630632864455        3.2682686039149193E-002  -41.548666016573115     
   3.2682686018640938E-002   1.7489822107722523E-008   149.15630632864455        3.2682686039085924E-002  -41.548666016581066     
   3.2682686014855099E-002   1.7921817460350239E-008   149.15630632864455        3.2682686039007071E-002  -41.548666016572469     
   3.2682686011171497E-002   1.8343025470886075E-008   149.15630632864455        3.2682686038913354E-002  -41.548666016571218     
   3.2682686007620761E-002   1.8750131965358687E-008   149.15630632864455        3.2682686038805607E-002  -41.548666016567736     
   3.2682686004230611E-002   1.9139834893278128E-008   149.15630632864455        3.2682686038684745E-002  -41.548666016578281     
   3.2682686001028124E-002   1.9508872469166171E-008   149.15630632864455        3.2682686038551789E-002  -41.548666016580199     
   3.2682685998042631E-002   1.9854052300573311E-008   149.15630632864455        3.2682686038407807E-002  -41.548666016581947     
   3.2682685995300879E-002   2.0172281214259588E-008   149.15630632864455        3.2682686038253951E-002  -41.548666016578728     
   3.2682685992826484E-002   2.0460595468738974E-008   149.15630632864455        3.2682686038091421E-002  -41.548666016571062     
   3.2682685990646124E-002   2.0716191021878364E-008   149.15630632864455        3.2682686037921467E-002  -41.548666016572724     
   3.2682685988779131E-002   2.0936453506698208E-008   149.15630632864455        3.2682686037745358E-002  -41.548666016574160     
   3.2682685987248584E-002   2.1118987557629577E-008   149.15630632864455        3.2682686037564419E-002  -41.548666016574295     
   3.2682685986069625E-002   2.1261645123432749E-008   149.15630632864455        3.2682686037379977E-002  -41.548666016578508     
   3.2682685985260779E-002   2.1362552401763496E-008   149.15630632864455        3.2682686037193355E-002  -41.548666016571296     
   3.2682685984833100E-002   2.1420135034432878E-008   149.15630632864455        3.2682686037005901E-002  -41.548666016570024     
   3.2682685984797143E-002   2.1433141211552579E-008   149.15630632864455        3.2682686036818925E-002  -41.548666016574032     
   3.2682685985160033E-002   2.1400662347123388E-008   149.15630632864455        3.2682686036633754E-002  -41.548666016571239     
   3.2682685985925330E-002   2.1322151007939633E-008   149.15630632864455        3.2682686036451650E-002  -41.548666016575275     
   3.2682685987093507E-002   2.1197435801940100E-008   149.15630632864455        3.2682686036273861E-002  -41.548666016571772     
   3.2682685988662780E-002   2.1026732960953963E-008   149.15630632864455        3.2682686036101603E-002  -41.548666016568816     
   3.2682685990626945E-002   2.0810654385869375E-008   149.15630632864455        3.2682686035936021E-002  -41.548666016580249     
   3.2682685992975628E-002   2.0550211959228959E-008   149.15630632864455        3.2682686035778223E-002  -41.548666016568511     
   3.2682685995695175E-002   2.0246817970613632E-008   149.15630632864455        3.2682686035629266E-002  -41.548666016573186     
   3.2682685998770951E-002   1.9902281543378301E-008   149.15630632864455        3.2682686035490127E-002  -41.548666016572518     
   3.2682686002181972E-002   1.9518800997025006E-008   149.15630632864455        3.2682686035361709E-002  -41.548666016574003     
   3.2682686005904883E-002   1.9098952126755948E-008   149.15630632864455        3.2682686035244858E-002  -41.548666016575318     
   3.2682686009913760E-002   1.8645672430151440E-008   149.15630632864455        3.2682686035140331E-002  -41.548666016571595     
   3.2682686014179986E-002   1.8162241359888416E-008   149.15630632864455        3.2682686035048814E-002  -41.548666016572085     
   3.2682686018670505E-002   1.7652256730148052E-008   149.15630632864455        3.2682686034970897E-002  -41.548666016571545     
   3.2682686023353079E-002   1.7119607452022746E-008   149.15630632864455        3.2682686034907087E-002  -41.548666016576071     
   3.2682686028189578E-002   1.6568442819611551E-008   149.15630632864455        3.2682686034857814E-002  -41.548666016577705     
   3.2682686033142505E-002   1.6003138612695134E-008   149.15630632864455        3.2682686034823390E-002  -41.548666016572099     
   3.2682686038171503E-002   1.5428260323225391E-008   149.15630632864455        3.2682686034804065E-002  -41.548666016576568     
   3.2682686043236556E-002   1.4848523850838692E-008   149.15630632864455        3.2682686034799971E-002  -41.548666016576426     
   3.2682686048293171E-002   1.4268754046817282E-008   149.15630632864455        3.2682686034811143E-002  -41.548666016569847     
   3.2682686053300818E-002   1.3693841515829225E-008   149.15630632864455        3.2682686034837538E-002  -41.548666016573058     
   3.2682686058217440E-002   1.3128698109671668E-008   149.15630632864455        3.2682686034879005E-002  -41.548666016574550     
   3.2682686062998983E-002   1.2578211567459485E-008   149.15630632864455        3.2682686034935300E-002  -41.548666016574195     
   3.2682686067605167E-002   1.2047199771166882E-008   149.15630632864455        3.2682686035006077E-002  -41.548666016571367     
   3.2682686071993976E-002   1.1540365094343307E-008   149.15630632864455        3.2682686035090905E-002  -41.548666016581159     
   3.2682686076127260E-002   1.1062249325302810E-008   149.15630632864455        3.2682686035189257E-002  -41.548666016585436     
   3.2682686079968146E-002   1.0617189643475247E-008   149.15630632864455        3.2682686035300508E-002  -41.548666016576192     
   3.2682686083479955E-002   1.0209276119365373E-008   149.15630632864455        3.2682686035423944E-002  -41.548666016577300     
   3.2682686086631503E-002   9.8423111947567466E-009   149.15630632864455        3.2682686035558767E-002  -41.548666016573648     
   3.2682686089392822E-002   9.5197715805141776E-009   149.15630632864455        3.2682686035704109E-002  -41.548666016572938     
   3.2682686091737002E-002   9.2447729846635866E-009   149.15630632864455        3.2682686035859006E-002  -41.548666016581535     
   3.2682686093640050E-002   9.0200380541347736E-009   149.15630632864455        3.2682686036022410E-002  -41.548666016573769     
   3.2682686095083666E-002   8.8478678795157921E-009   149.15630632864455        3.2682686036193224E-002  -41.548666016578011     
   3.2682686096052384E-002   8.7301173742929922E-009   149.15630632864455        3.2682686036370277E-002  -41.548666016570515     
   3.2682686096534519E-002   8.6681747985288491E-009   149.15630632864455        3.2682686036552354E-002  -41.548666016569243     
   3.2682686096522411E-002   8.6629456522195502E-009   149.15630632864455        3.2682686036738143E-002  -41.548666016573279     
   3.2682686096012617E-002   8.7148411166329639E-009   149.15630632864455        3.2682686036926346E-002  -41.548666016579283     
   3.2682686095006991E-002   8.8237711730377204E-009   149.15630632864455        3.2682686037115577E-002  -41.548666016568532     
   3.2682686093512159E-002   8.9891424780796652E-009   149.15630632864455        3.2682686037304461E-002  -41.548666016578565     
   3.2682686091536579E-002   9.2098610243014495E-009   149.15630632864455        3.2682686037491568E-002  -41.548666016576533     
   3.2682686089094325E-002   9.4843395634744088E-009   149.15630632864455        3.2682686037675497E-002  -41.548666016571460     
   3.2682686086205531E-002   9.8105097203341544E-009   149.15630632864455        3.2682686037854798E-002  -41.548666016578650     
   3.2682686082890586E-002   1.0185838675380821E-008   149.15630632864455        3.2682686038028076E-002  -41.548666016565427     
   3.2682686079177042E-002   1.0607350248231645E-008   149.15630632864455        3.2682686038193930E-002  -41.548666016574778     
   3.2682686075094461E-002   1.1071650168205941E-008   149.15630632864455        3.2682686038350998E-002  -41.548666016566870     
   3.2682686070676321E-002   1.1574955276817344E-008   149.15630632864455        3.2682686038497957E-002  -41.548666016568120     
   3.2682686065958873E-002   1.2113126368254862E-008   149.15630632864455        3.2682686038633550E-002  -41.548666016582722     
   3.2682686060979890E-002   1.2681704338824916E-008   149.15630632864455        3.2682686038756570E-002  -41.548666016565264     
   3.2682686055782388E-002   1.3275949285353066E-008   149.15630632864455        3.2682686038865885E-002  -41.548666016571957     
   3.2682686050409152E-002   1.3890882166069310E-008   149.15630632864455        3.2682686038960462E-002  -41.548666016569626     
   3.2682686044905269E-002   1.4521328615217233E-008   149.15630632864455        3.2682686039039358E-002  -41.548666016567388     
   3.2682686039316566E-002   1.5161964485376050E-008   149.15630632864455        3.2682686039101731E-002  -41.548666016561818     
   3.2682686033690997E-002   1.5807362678948318E-008   149.15630632864455        3.2682686039146876E-002  -41.548666016565825     
   3.2682686028076426E-002   1.6452040822499819E-008   149.15630632864455        3.2682686039174180E-002  -41.548666016581542     
   3.2682686022520550E-002   1.7090509334864569E-008   149.15630632864455        3.2682686039183215E-002  -41.548666016572696     
   3.2682686017070063E-002   1.7717319441618883E-008   149.15630632864455        3.2682686039173639E-002  -41.548666016573591     
   3.2682686011772072E-002   1.8327110695138613E-008   149.15630632864455        3.2682686039145294E-002  -41.548666016569861     
   3.2682686006671700E-002   1.8914657570246615E-008   149.15630632864455        3.2682686039098172E-002  -41.548666016576284     
   3.2682686001813697E-002   1.9474914720322330E-008   149.15630632864455        3.2682686039032405E-002  -41.548666016576639     
   3.2682685997237830E-002   2.0003060497650160E-008   149.15630632864455        3.2682686038948298E-002  -41.548666016573961     
   3.2682685992986175E-002   2.0494538364165114E-008   149.15630632864455        3.2682686038846311E-002  -41.548666016571488     
   3.2682685989093511E-002   2.0945095844018801E-008   149.15630632864455        3.2682686038727073E-002  -41.548666016569818     
   3.2682685985593762E-002   2.1350820697850486E-008   149.15630632864455        3.2682686038591369E-002  -41.548666016570316     
   3.2682685982518632E-002   2.1708174029177877E-008   149.15630632864455        3.2682686038440135E-002  -41.548666016572390     
   3.2682685979895119E-002   2.2014020065796438E-008   149.15630632864455        3.2682686038274469E-002  -41.548666016577300     
   3.2682685977745429E-002   2.2265652393277434E-008   149.15630632864455        3.2682686038095606E-002  -41.548666016570664     
   3.2682685976090163E-002   2.2460816452627731E-008   149.15630632864455        3.2682686037904911E-002  -41.548666016565505     
   3.2682685974942831E-002   2.2597728150130536E-008   149.15630632864455        3.2682686037703884E-002  -41.548666016577450     
   3.2682685974316276E-002   2.2675088463511041E-008   149.15630632864455        3.2682686037494156E-002  -41.548666016576860     
   3.2682685974215614E-002   2.2692093964540742E-008   149.15630632864455        3.2682686037277447E-002  -41.548666016573300     
   3.2682685974645985E-002   2.2648443213724489E-008   149.15630632864455        3.2682686037055583E-002  -41.548666016572206     
   3.2682685975601491E-002   2.2544339017409712E-008   149.15630632864455        3.2682686036830437E-002  -41.548666016566898     
   3.2682685977077866E-002   2.2380486571453781E-008   149.15630632864455        3.2682686036603986E-002  -41.548666016566898     
   3.2682685979063243E-002   2.2158087547805989E-008   149.15630632864455        3.2682686036378215E-002  -41.548666016569818     
   3.2682685981544266E-002   2.1878830210945948E-008   149.15630632864455        3.2682686036155144E-002  -41.548666016575659     
   3.2682685984499908E-002   2.1544875680132965E-008   149.15630632864455        3.2682686035936812E-002  -41.548666016581784     
   3.2682685987907141E-002   2.1158840480365066E-008   149.15630632864455        3.2682686035725231E-002  -41.548666016570493     
   3.2682685991740047E-002   2.0723775549744237E-008   149.15630632864455        3.2682686035522393E-002  -41.548666016578508     
   3.2682685995968533E-002   2.0243141893735561E-008   149.15630632864455        3.2682686035330248E-002  -41.548666016574515     
   3.2682686000556363E-002   1.9720783097384111E-008   149.15630632864455        3.2682686035150649E-002  -41.548666016581770     
   3.2682686005468711E-002   1.9160894924756665E-008   149.15630632864455        3.2682686034985385E-002  -41.548666016576291     
   3.2682686010665263E-002   1.8567992251121025E-008   149.15630632864455        3.2682686034836136E-002  -41.548666016572852     
   3.2682686016103669E-002   1.7946873587251781E-008   149.15630632864455        3.2682686034704436E-002  -41.548666016571424     
   3.2682686021739030E-002   1.7302583467160623E-008   149.15630632864455        3.2682686034591707E-002  -41.548666016577350     
   3.2682686027527184E-002   1.6640372980437210E-008   149.15630632864455        3.2682686034499205E-002  -41.548666016571346     
   3.2682686033418583E-002   1.5965658738285913E-008   149.15630632864455        3.2682686034427991E-002  -41.548666016566735     
   3.2682686039366728E-002   1.5283980568488290E-008   149.15630632864455        3.2682686034378960E-002  -41.548666016571907     
   3.2682686045321464E-002   1.4600958239013561E-008   149.15630632864455        3.2682686034352822E-002  -41.548666016575780     
   3.2682686051232424E-002   1.3922247512866515E-008   149.15630632864455        3.2682686034350060E-002  -41.548666016566493     
   3.2682686057051068E-002   1.3253495838078274E-008   149.15630632864455        3.2682686034370946E-002  -41.548666016573314     
   3.2682686062728221E-002   1.2600297976929975E-008   149.15630632864455        3.2682686034415535E-002  -41.548666016571353     
   3.2682686068216796E-002   1.1968151877169533E-008   149.15630632864455        3.2682686034483661E-002  -41.548666016574082     
   3.2682686073469490E-002   1.1362415085650034E-008   149.15630632864455        3.2682686034574929E-002  -41.548666016576284     
   3.2682686078440500E-002   1.0788262001300390E-008   149.15630632864455        3.2682686034688720E-002  -41.548666016572554     
   3.2682686083088629E-002   1.0250642259730461E-008   149.15630632864455        3.2682686034824202E-002  -41.548666016578473     
   3.2682686087372077E-002   9.7542405362699770E-009   149.15630632864455        3.2682686034980306E-002  -41.548666016577641     
   3.2682686091252612E-002   9.3034380476343020E-009   149.15630632864455        3.2682686035155770E-002  -41.548666016581059     
   3.2682686094696239E-002   8.9022760247438817E-009   149.15630632864455        3.2682686035349129E-002  -41.548666016571026     
   3.2682686097670360E-002   8.5544214206483525E-009   149.15630632864455        3.2682686035558739E-002  -41.548666016574522     
   3.2682686100147532E-002   8.2631351078389038E-009   149.15630632864455        3.2682686035782789E-002  -41.548666016580505     
   3.2682686102103294E-002   8.0312428082706916E-009   149.15630632864455        3.2682686036019280E-002  -41.548666016569967     
   3.2682686103517461E-002   7.8611089874634889E-009   149.15630632864455        3.2682686036266097E-002  -41.548666016573250     
   3.2682686104374796E-002   7.7546139308312664E-009   149.15630632864455        3.2682686036521018E-002  -41.548666016572710     
   3.2682686104663551E-002   7.7131342056111374E-009   149.15630632864455        3.2682686036781698E-002  -41.548666016571978     
   3.2682686104376524E-002   7.7375266957507261E-009   149.15630632864455        3.2682686037045723E-002  -41.548666016568156     
   3.2682686103512826E-002   7.8281163795476266E-009   149.15630632864455        3.2682686037310636E-002  -41.548666016576391     
   3.2682686102073456E-002   7.9846880005653100E-009   149.15630632864455        3.2682686037573939E-002  -41.548666016574870     
   3.2682686100066971E-002   8.2064817615574169E-009   149.15630632864455        3.2682686037833135E-002  -41.548666016582928     
   3.2682686097504583E-002   8.4921931485320145E-009   149.15630632864455        3.2682686038085745E-002  -41.548666016574714     
   3.2682686094403723E-002   8.8399769679324867E-009   149.15630632864455        3.2682686038329328E-002  -41.548666016577869     
   3.2682686090785971E-002   9.2474556537318358E-009   149.15630632864455        3.2682686038561531E-002  -41.548666016568795     
   3.2682686086677584E-002   9.7117318735555935E-009   149.15630632864455        3.2682686038780065E-002  -41.548666016579752     
   3.2682686082106935E-002   1.0229405433621425E-008   149.15630632864455        3.2682686038982771E-002  -41.548666016577961     
   3.2682686077110563E-002   1.0796594451228513E-008   149.15630632864455        3.2682686039167637E-002  -41.548666016571659     
   3.2682686071727793E-002   1.1408960731187001E-008   149.15630632864455        3.2682686039332803E-002  -41.548666016575481     
   3.2682686065998313E-002   1.2061739248868241E-008   149.15630632864455        3.2682686039476598E-002  -41.548666016567722     
   3.2682686059968671E-002   1.2749771607767003E-008   149.15630632864455        3.2682686039597515E-002  -41.548666016575027     
   3.2682686053687834E-002   1.3467543303970595E-008   149.15630632864455        3.2682686039694285E-002  -41.548666016570493     
   3.2682686047206227E-002   1.4209224593819100E-008   149.15630632864455        3.2682686039765867E-002  -41.548666016584846     
   3.2682686040578182E-002   1.4968714724560528E-008   149.15630632864455        3.2682686039811448E-002  -41.548666016576668     
   3.2682686033858495E-002   1.5739689251777150E-008   149.15630632864455        3.2682686039830475E-002  -41.548666016575261     
   3.2682686027104023E-002   1.6515650131640118E-008   149.15630632864455        3.2682686039822627E-002  -41.548666016574479     
   3.2682686020372956E-002   1.7289978241268660E-008   149.15630632864455        3.2682686039787863E-002  -41.548666016583105     
   3.2682686013722921E-002   1.8055987947186360E-008   149.15630632864455        3.2682686039726377E-002  -41.548666016576185     
   3.2682686007212906E-002   1.8806983310398872E-008   149.15630632864455        3.2682686039638649E-002  -41.548666016569804     
   3.2682686000900199E-002   1.9536315487415797E-008   149.15630632864455        3.2682686039525392E-002  -41.548666016567914     
   3.2682685994841219E-002   2.0237440860153116E-008   149.15630632864455        3.2682686039387579E-002  -41.548666016573790     
   3.2682685989091055E-002   2.0903979404515215E-008   149.15630632864455        3.2682686039226416E-002  -41.548666016580547     
   3.2682685983704433E-002   2.1529772787958486E-008   149.15630632864455        3.2682686039043347E-002  -41.548666016572923     
   3.2682685978730530E-002   2.2108941671250791E-008   149.15630632864455        3.2682686038840017E-002  -41.548666016569868     
   3.2682685974217293E-002   2.2635941678781455E-008   149.15630632864455        3.2682686038618264E-002  -41.548666016569598     
   3.2682685970208264E-002   2.3105617496033183E-008   149.15630632864455        3.2682686038380135E-002  -41.548666016571559     
   3.2682685966743993E-002   2.3513254552416401E-008   149.15630632864455        3.2682686038127816E-002  -41.548666016570891     
   3.2682685963861723E-002   2.3854627752628509E-008   149.15630632864455        3.2682686037863638E-002  -41.548666016567175     
   3.2682685961590310E-002   2.4126046730633093E-008   149.15630632864455        3.2682686037590045E-002  -41.548666016568873     
   3.2682685959958074E-002   2.4324397117173308E-008   149.15630632864455        3.2682686037309581E-002  -41.548666016579226     
   3.2682685958984284E-002   2.4447177334480517E-008   149.15630632864455        3.2682686037024851E-002  -41.548666016586736     
   3.2682685958685419E-002   2.4492530460775513E-008   149.15630632864455        3.2682686036738511E-002  -41.548666016572000     
   3.2682685959069632E-002   2.4459270742054924E-008   149.15630632864455        3.2682686036453211E-002  -41.548666016572490     
   3.2682685960140727E-002   2.4346904369306959E-008   149.15630632864455        3.2682686036171617E-002  -41.548666016575247     
   3.2682685961895497E-002   2.4155644185699537E-008   149.15630632864455        3.2682686035896351E-002  -41.548666016583105     
   3.2682685964324547E-002   2.3886418039883659E-008   149.15630632864455        3.2682686035629953E-002  -41.548666016575751     
   3.2682685967414866E-002   2.3540870558086931E-008   149.15630632864455        3.2682686035374914E-002  -41.548666016574934     
   3.2682685971141615E-002   2.3121358168658872E-008   149.15630632864455        3.2682686035133572E-002  -41.548666016569385     
   3.2682685975479665E-002   2.2630937277470996E-008   149.15630632864455        3.2682686034908162E-002  -41.548666016571012     
   3.2682685980395178E-002   2.2073345560782070E-008   149.15630632864455        3.2682686034700745E-002  -41.548666016572902     
   3.2682685985849447E-002   2.1452976412743749E-008   149.15630632864455        3.2682686034513228E-002  -41.548666016572085     
   3.2682685991797987E-002   2.0774846657098937E-008   149.15630632864455        3.2682686034347305E-002  -41.548666016569086     
   3.2682685998191373E-002   2.0044557706083352E-008   149.15630632864455        3.2682686034204475E-002  -41.548666016567978     
   3.2682686004975960E-002   1.9268250422959726E-008   149.15630632864455        3.2682686034086000E-002  -41.548666016576533     
   3.2682686012093100E-002   1.8452554017545990E-008   149.15630632864455        3.2682686033992915E-002  -41.548666016587624     
   3.2682686019483369E-002   1.7604529375215492E-008   149.15630632864455        3.2682686033926017E-002  -41.548666016569520     
   3.2682686027080035E-002   1.6731607288227237E-008   149.15630632864455        3.2682686033885848E-002  -41.548666016574614     
   3.2682686034815417E-002   1.5841522123536457E-008   149.15630632864455        3.2682686033872699E-002  -41.548666016578011     
   3.2682686042621957E-002   1.4942241522066077E-008   149.15630632864455        3.2682686033886604E-002  -41.548666016574913     
   3.2682686050429781E-002   1.4041892779760530E-008   149.15630632864455        3.2682686033927336E-002  -41.548666016570913     
   3.2682686058165419E-002   1.3148686610284684E-008   149.15630632864455        3.2682686033994435E-002  -41.548666016571147     
   3.2682686065759414E-002   1.2270839032121549E-008   149.15630632864455        3.2682686034087173E-002  -41.548666016574103     
   3.2682686073142266E-002   1.1416492157821423E-008   149.15630632864455        3.2682686034204614E-002  -41.548666016576426     
   3.2682686080243779E-002   1.0593634690298463E-008   149.15630632864455        3.2682686034345584E-002  -41.548666016571666     
   3.2682686086997523E-002   9.8100229496395806E-009   149.15630632864455        3.2682686034508683E-002  -41.548666016579105     
   3.2682686093340879E-002   9.0731032630752194E-009   149.15630632864455        3.2682686034692335E-002  -41.548666016571318     
   3.2682686099211482E-002   8.3899365507897174E-009   149.15630632864455        3.2682686034894770E-002  -41.548666016570863     
   3.2682686104553556E-002   7.7671259306246447E-009   149.15630632864455        3.2682686035114067E-002  -41.548666016576163     
   3.2682686109315635E-002   7.2107481452464850E-009   149.15630632864455        3.2682686035348157E-002  -41.548666016578160     
   3.2682686113450751E-002   6.7262895863499141E-009   149.15630632864455        3.2682686035594849E-002  -41.548666016578053     
   3.2682686116917575E-002   6.3185876518172698E-009   149.15630632864455        3.2682686035851845E-002  -41.548666016574117     
   3.2682686119681226E-002   5.9917781239036134E-009   149.15630632864455        3.2682686036116786E-002  -41.548666016574622     
   3.2682686121713149E-002   5.7492491997921749E-009   149.15630632864455        3.2682686036387243E-002  -41.548666016577911     
   3.2682686122992667E-002   5.5936027408931230E-009   149.15630632864455        3.2682686036660781E-002  -41.548666016577755     
   3.2682686123502905E-002   5.5266232345659690E-009   149.15630632864455        3.2682686036934930E-002  -41.548666016579098     
   3.2682686123238811E-002   5.5492548822906520E-009   149.15630632864455        3.2682686037207261E-002  -41.548666016579169     
   3.2682686122199135E-002   5.6615871428093367E-009   149.15630632864455        3.2682686037475366E-002  -41.548666016569456     
   3.2682686120391637E-002   5.8628489678882969E-009   149.15630632864455        3.2682686037736906E-002  -41.548666016575957     
   3.2682686117831171E-002   6.1514118736381366E-009   149.15630632864455        3.2682686037989635E-002  -41.548666016576490     
   3.2682686114539207E-002   6.5248018927410222E-009   149.15630632864455        3.2682686038231400E-002  -41.548666016573733     
   3.2682686110545291E-002   6.9797203531918870E-009   149.15630632864455        3.2682686038460161E-002  -41.548666016573939     
   3.2682686105884873E-002   7.5120733292268089E-009   149.15630632864455        3.2682686038674053E-002  -41.548666016578046     
   3.2682686100601606E-002   8.1170095108212931E-009   149.15630632864455        3.2682686038871318E-002  -41.548666016568532     
   3.2682686094742265E-002   8.7889661404085100E-009   149.15630632864455        3.2682686039050404E-002  -41.548666016574984     
   3.2682686088361501E-002   9.5217225711919364E-009   149.15630632864455        3.2682686039209929E-002  -41.548666016571772     
   3.2682686081518496E-002   1.0308460911388959E-008   149.15630632864455        3.2682686039348700E-002  -41.548666016573407     
   3.2682686074276782E-002   1.1141833134150727E-008   149.15630632864455        3.2682686039465725E-002  -41.548666016586118     
   3.2682686066704894E-002   1.2014033955053825E-008   149.15630632864455        3.2682686039560226E-002  -41.548666016575055     
   3.2682686058871716E-002   1.2916878708724724E-008   149.15630632864455        3.2682686039631634E-002  -41.548666016576298     
   3.2682686050852200E-002   1.3841885394453849E-008   149.15630632864455        3.2682686039679588E-002  -41.548666016576725     
   3.2682686042720226E-002   1.4780360008513708E-008   149.15630632864455        3.2682686039703937E-002  -41.548666016580285     
   3.2682686034552620E-002   1.5723484238865352E-008   149.15630632864455        3.2682686039704756E-002  -41.548666016569207     
   3.2682686026424455E-002   1.6662404566665280E-008   149.15630632864455        3.2682686039682322E-002  -41.548666016582729     
   3.2682686018412836E-002   1.7588321798925832E-008   149.15630632864455        3.2682686039637095E-002  -41.548666016573982     
   3.2682686010591815E-002   1.8492580048411626E-008   149.15630632864455        3.2682686039569753E-002  -41.548666016571239     
   3.2682686003033180E-002   1.9366754180311995E-008   149.15630632864455        3.2682686039481143E-002  -41.548666016581770     
   3.2682685995807578E-002   2.0202734760283608E-008   149.15630632864455        3.2682686039372300E-002  -41.548666016568667     
   3.2682685988980976E-002   2.0992809565488917E-008   149.15630632864455        3.2682686039244402E-002  -41.548666016566294     
   3.2682685982614264E-002   2.1729740758431514E-008   149.15630632864455        3.2682686039098782E-002  -41.548666016581308     
   3.2682685976766275E-002   2.2406836872795501E-008   149.15630632864455        3.2682686038936912E-002  -41.548666016580547     
   3.2682685971489892E-002   2.3018018820173017E-008   149.15630632864455        3.2682686038760386E-002  -41.548666016572163     
   3.2682685966829939E-002   2.3557879195834278E-008   149.15630632864455        3.2682686038570885E-002  -41.548666016577180     
   3.2682685962826863E-002   2.4021734240032514E-008   149.15630632864455        3.2682686038370171E-002  -41.548666016576256     
   3.2682685959514936E-002   2.4405667897354791E-008   149.15630632864455        3.2682686038160109E-002  -41.548666016577634     
   3.2682685956920331E-002   2.4706567509539527E-008   149.15630632864455        3.2682686037942568E-002  -41.548666016567431     
   3.2682685955062837E-002   2.4922150775712639E-008   149.15630632864455        3.2682686037719490E-002  -41.548666016570508     
   3.2682685953954398E-002   2.5050983716881919E-008   149.15630632864455        3.2682686037492796E-002  -41.548666016574160     
   3.2682685953599570E-002   2.5092489487591996E-008   149.15630632864455        3.2682686037264430E-002  -41.548666016565313     
   3.2682685953996739E-002   2.5046947985344916E-008   149.15630632864455        3.2682686037036314E-002  -41.548666016575268     
   3.2682685955135987E-002   2.4915486316442871E-008   149.15630632864455        3.2682686036810328E-002  -41.548666016581976     
   3.2682685957000017E-002   2.4700060283975861E-008   149.15630632864455        3.2682686036588297E-002  -41.548666016580540     
   3.2682685959565291E-002   2.4403427168424154E-008   149.15630632864455        3.2682686036372005E-002  -41.548666016582558     
   3.2682685962802209E-002   2.4029110172154326E-008   149.15630632864455        3.2682686036163131E-002  -41.548666016582729     
   3.2682685966673133E-002   2.3581354995069370E-008   149.15630632864455        3.2682686035963276E-002  -41.548666016576547     
   3.2682685971136896E-002   2.3065079098315823E-008   149.15630632864455        3.2682686035773942E-002  -41.548666016573662     
   3.2682685976145508E-002   2.2485814295199695E-008   149.15630632864455        3.2682686035596507E-002  -41.548666016572334     
   3.2682685981646351E-002   2.1849643382380122E-008   149.15630632864455        3.2682686035432236E-002  -41.548666016576675     
   3.2682685987583650E-002   2.1163131588848121E-008   149.15630632864455        3.2682686035282259E-002  -41.548666016570245     
   3.2682685993897460E-002   2.0433253674614841E-008   149.15630632864455        3.2682686035147575E-002  -41.548666016576824     
   3.2682686000524402E-002   1.9667317554571617E-008   149.15630632864455        3.2682686035029038E-002  -41.548666016578970     
   3.2682686007400034E-002   1.8872885355349124E-008   149.15630632864455        3.2682686034927355E-002  -41.548666016573094     
   3.2682686014457493E-002   1.8057692833521187E-008   149.15630632864455        3.2682686034843096E-002  -41.548666016570721     
   3.2682686021629374E-002   1.7229568092333692E-008   149.15630632864455        3.2682686034776663E-002  -41.548666016575517     
   3.2682686028848315E-002   1.6396350531063396E-008   149.15630632864455        3.2682686034728327E-002  -41.548666016577407     
   3.2682686036047182E-002   1.5565810946167041E-008   149.15630632864455        3.2682686034698198E-002  -41.548666016574053     
   3.2682686043160818E-002   1.4745573677146288E-008   149.15630632864455        3.2682686034686249E-002  -41.548666016578437     
   3.2682686050125857E-002   1.3943041652640463E-008   149.15630632864455        3.2682686034692314E-002  -41.548666016578942     
   3.2682686056878747E-002   1.3165325144538364E-008   149.15630632864455        3.2682686034716080E-002  -41.548666016578835     
   3.2682686063362047E-002   1.2419174980446142E-008   149.15630632864455        3.2682686034757095E-002  -41.548666016571033     
   3.2682686069522654E-002   1.1710920898504541E-008   149.15630632864455        3.2682686034814792E-002  -41.548666016572184     
   3.2682686075307929E-002   1.1046415654539395E-008   149.15630632864455        3.2682686034888490E-002  -41.548666016568625     
   3.2682686080672575E-002   1.0430985410489181E-008   149.15630632864455        3.2682686034977385E-002  -41.548666016580533     
   3.2682686085574168E-002   9.8693868465747830E-009   149.15630632864455        3.2682686035080573E-002  -41.548666016575652     
   3.2682686089977840E-002   9.3657713488870054E-009   149.15630632864455        3.2682686035197056E-002  -41.548666016571076     
   3.2682686093852033E-002   8.9236565299458232E-009   149.15630632864455        3.2682686035325759E-002  -41.548666016581485     
   3.2682686097170760E-002   8.5459052442008332E-009   149.15630632864455        3.2682686035465515E-002  -41.548666016573442     
   3.2682686099915759E-002   8.2347121641781444E-009   149.15630632864455        3.2682686035615104E-002  -41.548666016575716     
   3.2682686102072270E-002   7.9915978876826691E-009   149.15630632864455        3.2682686035773248E-002  -41.548666016572653     
   3.2682686103633535E-002   7.8174104534857713E-009   149.15630632864455        3.2682686035938623E-002  -41.548666016573051     
   3.2682686104595113E-002   7.7123340531140881E-009   149.15630632864455        3.2682686036109881E-002  -41.548666016575083     
   3.2682686104963082E-002   7.6759046413411980E-009   149.15630632864455        3.2682686036285616E-002  -41.548666016580171     
   3.2682686104743550E-002   7.7070320688013887E-009   149.15630632864455        3.2682686036464452E-002  -41.548666016577592     
   3.2682686103952023E-002   7.8040282875087992E-009   149.15630632864455        3.2682686036644981E-002  -41.548666016575204     
   3.2682686102606932E-002   7.9646411151267530E-009   149.15630632864455        3.2682686036825802E-002  -41.548666016572902     
   3.2682686100730940E-002   8.1860929874920724E-009   149.15630632864455        3.2682686037005533E-002  -41.548666016574238     
   3.2682686098352003E-002   8.4651240815414513E-009   149.15630632864455        3.2682686037182822E-002  -41.548666016579240     
   3.2682686095501338E-002   8.7980391529370558E-009   149.15630632864455        3.2682686037356343E-002  -41.548666016562287     
   3.2682686092214135E-002   9.1807574051004156E-009   149.15630632864455        3.2682686037524812E-002  -41.548666016566045     
   3.2682686088526591E-002   9.6088646886308559E-009   149.15630632864455        3.2682686037686995E-002  -41.548666016572241     
   3.2682686084480918E-002   1.0077667322640930E-008   149.15630632864455        3.2682686037841711E-002  -41.548666016567893     
   3.2682686080117485E-002   1.0582246832558556E-008   149.15630632864455        3.2682686037987865E-002  -41.548666016566884     
   3.2682686075480659E-002   1.1117514911361177E-008   149.15630632864455        3.2682686038124402E-002  -41.548666016566116     
   3.2682686070615224E-002   1.1678267933472441E-008   149.15630632864455        3.2682686038250364E-002  -41.548666016562940     
   3.2682686065567484E-002   1.2259240381661485E-008   149.15630632864455        3.2682686038364883E-002  -41.548666016578302     
   3.2682686060382216E-002   1.2855156586550321E-008   149.15630632864455        3.2682686038467156E-002  -41.548666016575865     
   3.2682686055104708E-002   1.3460780225347952E-008   149.15630632864455        3.2682686038556494E-002  -41.548666016573080     
   3.2682686049779815E-002   1.4070961080047727E-008   149.15630632864455        3.2682686038632294E-002  -41.548666016578949     
   3.2682686044451500E-002   1.4680678614406772E-008   149.15630632864455        3.2682686038694064E-002  -41.548666016578004     
   3.2682686039163189E-002   1.5285081992848776E-008   149.15630632864455        3.2682686038741401E-002  -41.548666016571190     
   3.2682686033954245E-002   1.5879526231921950E-008   149.15630632864455        3.2682686038774021E-002  -41.548666016580654     
   3.2682686028864323E-002   1.6459604244535208E-008   149.15630632864455        3.2682686038791736E-002  -41.548666016577116     
   3.2682686023929382E-002   1.7021174608175294E-008   149.15630632864455        3.2682686038794484E-002  -41.548666016577918     
   3.2682686019184254E-002   1.7560384959261011E-008   149.15630632864455        3.2682686038782299E-002  -41.548666016575588     
   3.2682686014660713E-002   1.8073690985791407E-008   149.15630632864455        3.2682686038755321E-002  -41.548666016582445     
   3.2682686010386729E-002   1.8557871058040330E-008   149.15630632864455        3.2682686038713792E-002  -41.548666016577485     
   3.2682686006389669E-002   1.9010036601500123E-008   149.15630632864455        3.2682686038658086E-002  -41.548666016570841     
   3.2682686002690794E-002   1.9427638376590237E-008   149.15630632864455        3.2682686038588663E-002  -41.548666016571609     
   3.2682685999312719E-002   1.9808468884531637E-008   149.15630632864455        3.2682686038506076E-002  -41.548666016569392     
   3.2682685996270937E-002   2.0150661168050878E-008   149.15630632864455        3.2682686038411006E-002  -41.548666016578835     
   3.2682685993580950E-002   2.0452684318059786E-008   149.15630632864455        3.2682686038304203E-002  -41.548666016570898     
   3.2682685991253048E-002   2.0713336032618180E-008   149.15630632864455        3.2682686038186505E-002  -41.548666016581684     
   3.2682685989297633E-002   2.0931732602255393E-008   149.15630632864455        3.2682686038058843E-002  -41.548666016577670     
   3.2682685987719236E-002   2.1107296715375880E-008   149.15630632864455        3.2682686037922230E-002  -41.548666016575453     
   3.2682685986521381E-002   2.1239743489009386E-008   149.15630632864455        3.2682686037777742E-002  -41.548666016575496     
   3.2682685985704667E-002   2.1329065133788145E-008   149.15630632864455        3.2682686037626515E-002  -41.548666016575709     
   3.2682685985269390E-002   2.1375514657409405E-008   149.15630632864455        3.2682686037469752E-002  -41.548666016569427     
   3.2682685985211013E-002   2.1379588998579514E-008   149.15630632864455        3.2682686037308707E-002  -41.548666016581826     
   3.2682685985521716E-002   2.1342011963906124E-008   149.15630632864455        3.2682686037144651E-002  -41.548666016579368     
   3.2682685986195871E-002   2.1263717313802414E-008   149.15630632864455        3.2682686036978915E-002  -41.548666016571197     
   3.2682685987224465E-002   2.1145832310791253E-008   149.15630632864455        3.2682686036812833E-002  -41.548666016571168     
   3.2682685988594092E-002   2.0989662005704032E-008   149.15630632864455        3.2682686036647743E-002  -41.548666016572156     
   3.2682685990293926E-002   2.0796674494575927E-008   149.15630632864455        3.2682686036485012E-002  -41.548666016582317     
   3.2682685992308724E-002   2.0568487332699933E-008   149.15630632864455        3.2682686036325966E-002  -41.548666016571829     
   3.2682685994623616E-002   2.0306855243424475E-008   149.15630632864455        3.2682686036171929E-002  -41.548666016567132     
   3.2682685997220684E-002   2.0013659208494933E-008   149.15630632864455        3.2682686036024193E-002  -41.548666016573392     
   3.2682686000081992E-002   1.9690896975359263E-008   149.15630632864455        3.2682686035884007E-002  -41.548666016572554     
   3.2682686003189264E-002   1.9340674965905964E-008   149.15630632864455        3.2682686035752563E-002  -41.548666016574010     
   3.2682686006522986E-002   1.8965201521629437E-008   149.15630632864455        3.2682686035631008E-002  -41.548666016579695     
   3.2682686010059726E-002   1.8566781373138282E-008   149.15630632864455        3.2682686035520395E-002  -41.548666016579752     
   3.2682686013781048E-002   1.8147811178257466E-008   149.15630632864455        3.2682686035421710E-002  -41.548666016582260     
   3.2682686017659814E-002   1.7710775933635813E-008   149.15630632864455        3.2682686035335841E-002  -41.548666016571602     
   3.2682686021677315E-002   1.7258246030525824E-008   149.15630632864455        3.2682686035263593E-002  -41.548666016579247     
   3.2682686025805728E-002   1.6792874697201617E-008   149.15630632864455        3.2682686035205639E-002  -41.548666016569150     
   3.2682686030020787E-002   1.6317395548537253E-008   149.15630632864455        3.2682686035162563E-002  -41.548666016575872     
   3.2682686034296700E-002   1.5834619948298420E-008   149.15630632864455        3.2682686035134814E-002  -41.548666016571836     
   3.2682686038608300E-002   1.5347433882363308E-008   149.15630632864455        3.2682686035122713E-002  -41.548666016574686     
   3.2682686042927379E-002   1.4858794040927793E-008   149.15630632864455        3.2682686035126467E-002  -41.548666016570806     
   3.2682686047227301E-002   1.4371722815559127E-008   149.15630632864455        3.2682686035146125E-002  -41.548666016573044     
   3.2682686051478990E-002   1.3889301932361990E-008   149.15630632864455        3.2682686035181624E-002  -41.548666016579382     
   3.2682686055655025E-002   1.3414664465131892E-008   149.15630632864455        3.2682686035232743E-002  -41.548666016584320     
   3.2682686059726324E-002   1.2950985002200995E-008   149.15630632864455        3.2682686035299134E-002  -41.548666016571090     
   3.2682686063664264E-002   1.2501467777149846E-008   149.15630632864455        3.2682686035380312E-002  -41.548666016570323     
   3.2682686067441437E-002   1.2069332616079991E-008   149.15630632864455        3.2682686035475653E-002  -41.548666016571204     
   3.2682686071027402E-002   1.1657798601704849E-008   149.15630632864455        3.2682686035584406E-002  -41.548666016579070     
   3.2682686074395631E-002   1.1270065406652081E-008   149.15630632864455        3.2682686035705698E-002  -41.548666016575943     
   3.2682686077516759E-002   1.0909292304062720E-008   149.15630632864455        3.2682686035838536E-002  -41.548666016576007     
   3.2682686080365807E-002   1.0578574921655051E-008   149.15630632864455        3.2682686035981803E-002  -41.548666016574032     
   3.2682686082914615E-002   1.0280919864949961E-008   149.15630632864455        3.2682686036134292E-002  -41.548666016570394     
   3.2682686085140467E-002   1.0019217395189485E-008   149.15630632864455        3.2682686036294699E-002  -41.548666016575183     
   3.2682686087017611E-002   9.7962124063773793E-009   149.15630632864455        3.2682686036461635E-002  -41.548666016573577     
   3.2682686088527702E-002   9.6144740028111500E-009   149.15630632864455        3.2682686036633636E-002  -41.548666016572128     
   3.2682686089648146E-002   9.4763640323011814E-009   149.15630632864455        3.2682686036809190E-002  -41.548666016587347     
   3.2682686090363074E-002   9.3840049795748921E-009   149.15630632864455        3.2682686036986729E-002  -41.548666016575567     
   3.2682686090656027E-002   9.3392476686623250E-009   149.15630632864455        3.2682686037164656E-002  -41.548666016572149     
   3.2682686090514952E-002   9.3436392607506952E-009   149.15630632864455        3.2682686037341348E-002  -41.548666016584868     
   3.2682686089932793E-002   9.3983920645492278E-009   149.15630632864455        3.2682686037515209E-002  -41.548666016567985     
   3.2682686088901583E-002   9.5043536987734670E-009   149.15630632864455        3.2682686037684615E-002  -41.548666016568241     
   3.2682686087418956E-002   9.6619791601365441E-009   149.15630632864455        3.2682686037847991E-002  -41.548666016575424     
   3.2682686085486717E-002   9.8713053547505380E-009   149.15630632864455        3.2682686038003804E-002  -41.548666016573755     
   3.2682686083110805E-002   1.0131928645942865E-008   149.15630632864455        3.2682686038150589E-002  -41.548666016575623     
   3.2682686080297882E-002   1.0442985956493079E-008   149.15630632864455        3.2682686038286925E-002  -41.548666016569889     
   3.2682686077063552E-002   1.0803139938254581E-008   149.15630632864455        3.2682686038411506E-002  -41.548666016577641     
   3.2682686073423943E-002   1.1210568687690279E-008   149.15630632864455        3.2682686038523104E-002  -41.548666016574970     
   3.2682686069400078E-002   1.1662960441397801E-008   149.15630632864455        3.2682686038620616E-002  -41.548666016573925     
   3.2682686065019603E-002   1.2157513632195616E-008   149.15630632864455        3.2682686038703057E-002  -41.548666016582210     
   3.2682686060310516E-002   1.2690942624455038E-008   149.15630632864455        3.2682686038769573E-002  -41.548666016566848     
   3.2682686055307247E-002   1.3259489377466628E-008   149.15630632864455        3.2682686038819464E-002  -41.548666016568795     
   3.2682686050047684E-002   1.3858941208807331E-008   149.15630632864455        3.2682686038852167E-002  -41.548666016575126     
   3.2682686044572716E-002   1.4484654747116904E-008   149.15630632864455        3.2682686038867280E-002  -41.548666016581301     
   3.2682686038927128E-002   1.5131586076334553E-008   149.15630632864455        3.2682686038864581E-002  -41.548666016573527     
   3.2682686033157334E-002   1.5794326982564539E-008   149.15630632864455        3.2682686038843993E-002  -41.548666016576263     
   3.2682686027315007E-002   1.6467147121761987E-008   149.15630632864455        3.2682686038805614E-002  -41.548666016582715     
   3.2682686021450927E-002   1.7144041832766756E-008   149.15630632864455        3.2682686038749707E-002  -41.548666016574224     
   3.2682686015621167E-002   1.7818785227201212E-008   149.15630632864455        3.2682686038676724E-002  -41.548666016571410     
   3.2682686009878933E-002   1.8484988097128175E-008   149.15630632864455        3.2682686038587254E-002  -41.548666016581734     
   3.2682686004280738E-002   1.9136160094263635E-008   149.15630632864455        3.2682686038482046E-002  -41.548666016577194     
   3.2682685998882653E-002   1.9765775552588113E-008   149.15630632864455        3.2682686038362024E-002  -41.548666016570792     
   3.2682685993740739E-002   2.0367342251042413E-008   149.15630632864455        3.2682686038228242E-002  -41.548666016572817     
   3.2682685988908243E-002   2.0934472345505555E-008   149.15630632864455        3.2682686038081887E-002  -41.548666016577954     
   3.2682685984439359E-002   2.1460954640926946E-008   149.15630632864455        3.2682686037924277E-002  -41.548666016576888     
   3.2682685980382965E-002   2.1940827326652140E-008   149.15630632864455        3.2682686037756835E-002  -41.548666016590332     
   3.2682685976787813E-002   2.2368450261149333E-008   149.15630632864455        3.2682686037581080E-002  -41.548666016575297     
   3.2682685973697709E-002   2.2738575867843233E-008   149.15630632864455        3.2682686037398628E-002  -41.548666016573328     
   3.2682685971153015E-002   2.3046417692057510E-008   149.15630632864455        3.2682686037211139E-002  -41.548666016572206     
   3.2682685969188073E-002   2.3287715670516097E-008   149.15630632864455        3.2682686037020368E-002  -41.548666016571872     
   3.2682685967833164E-002   2.3458797180183002E-008   149.15630632864455        3.2682686036828057E-002  -41.548666016574963     
   3.2682685967113691E-002   2.3556632961946892E-008   149.15630632864455        3.2682686036635995E-002  -41.548666016573456     
   3.2682685967047778E-002   2.3578887057378147E-008   149.15630632864455        3.2682686036445946E-002  -41.548666016575268     
   3.2682685967647861E-002   2.3523959952621381E-008   149.15630632864455        3.2682686036259692E-002  -41.548666016581677     
   3.2682685968918060E-002   2.3391024192134401E-008   149.15630632864455        3.2682686036078955E-002  -41.548666016576327     
   3.2682685970859007E-002   2.3180051805811552E-008   149.15630632864455        3.2682686035905406E-002  -41.548666016575538     
   3.2682685973462786E-002   2.2891832985147625E-008   149.15630632864455        3.2682686035740670E-002  -41.548666016574025     
   3.2682685976711534E-002   2.2527985546175361E-008   149.15630632864455        3.2682686035586259E-002  -41.548666016576391     
   3.2682685980584790E-002   2.2090954827877596E-008   149.15630632864455        3.2682686035443595E-002  -41.548666016569250     
   3.2682685985052737E-002   2.1584003793297208E-008   149.15630632864455        3.2682686035313990E-002  -41.548666016577776     
   3.2682685990079431E-002   2.1011193224877636E-008   149.15630632864455        3.2682686035198638E-002  -41.548666016573449     
   3.2682685995622698E-002   2.0377352034135346E-008   149.15630632864455        3.2682686035098572E-002  -41.548666016575979     
   3.2682686001633383E-002   1.9688037836898280E-008   149.15630632864455        3.2682686035014695E-002  -41.548666016575126     
   3.2682686008055829E-002   1.8949488076964107E-008   149.15630632864455        3.2682686034947742E-002  -41.548666016583311     
   3.2682686014833130E-002   1.8168562111542399E-008   149.15630632864455        3.2682686034898302E-002  -41.548666016573712     
   3.2682686021900227E-002   1.7352674799424595E-008   149.15630632864455        3.2682686034866772E-002  -41.548666016580334     
   3.2682686029187780E-002   1.6509722255126454E-008   149.15630632864455        3.2682686034853387E-002  -41.548666016565164     
   3.2682686036625518E-002   1.5648000547939293E-008   149.15630632864455        3.2682686034858223E-002  -41.548666016575524     
   3.2682686044138702E-002   1.4776118232315909E-008   149.15630632864455        3.2682686034881149E-002  -41.548666016576185     
   3.2682686051652893E-002   1.3902903692809322E-008   149.15630632864455        3.2682686034921887E-002  -41.548666016578906     
   3.2682686059090048E-002   1.3037308372040032E-008   149.15630632864455        3.2682686034979980E-002  -41.548666016579794     
   3.2682686066374603E-002   1.2188307022726293E-008   149.15630632864455        3.2682686035054802E-002  -41.548666016573534     
   3.2682686073430368E-002   1.1364796182451417E-008   149.15630632864455        3.2682686035145597E-002  -41.548666016560944     
   3.2682686080182349E-002   1.0575492112596733E-008   149.15630632864455        3.2682686035251422E-002  -41.548666016577087     
   3.2682686086560386E-002   9.8288294692996979E-009   149.15630632864455        3.2682686035371236E-002  -41.548666016581109     
   3.2682686092494924E-002   9.1328619838622146E-009   149.15630632864455        3.2682686035503845E-002  -41.548666016559437     
   3.2682686097923699E-002   8.4951664227091810E-009   149.15630632864455        3.2682686035647959E-002  -41.548666016573833     
   3.2682686102785498E-002   7.9227510721211225E-009   149.15630632864455        3.2682686035802176E-002  -41.548666016568873     
   3.2682686107027216E-002   7.4219699511531648E-009   149.15630632864455        3.2682686035965025E-002  -41.548666016581095     
   3.2682686110602856E-002   6.9984438974312726E-009   149.15630632864455        3.2682686036134945E-002  -41.548666016567680     
   3.2682686113471346E-002   6.6569895955283820E-009   149.15630632864455        3.2682686036310339E-002  -41.548666016570962     
   3.2682686115599775E-002   6.4015575274682557E-009   149.15630632864455        3.2682686036489578E-002  -41.548666016568539     
   3.2682686116962865E-002   6.2351797202766853E-009   149.15630632864455        3.2682686036671002E-002  -41.548666016573108     
   3.2682686117544948E-002   6.1599280479466636E-009   149.15630632864455        3.2682686036852954E-002  -41.548666016569051     
   3.2682686117337080E-002   6.1768837161031624E-009   149.15630632864455        3.2682686037033788E-002  -41.548666016573030     
   3.2682686116339156E-002   6.2861184186601595E-009   149.15630632864455        3.2682686037211910E-002  -41.548666016578849     
   3.2682686114561155E-002   6.4866875087585027E-009   149.15630632864455        3.2682686037385743E-002  -41.548666016577045     
   3.2682686112018959E-002   6.7766353731802573E-009   149.15630632864455        3.2682686037553789E-002  -41.548666016579126     
   3.2682686108739166E-002   7.1530130422170969E-009   149.15630632864455        3.2682686037714626E-002  -41.548666016573961     
   3.2682686104756761E-002   7.6119079079910620E-009   149.15630632864455        3.2682686037866920E-002  -41.548666016574288     
   3.2682686100112254E-002   8.1484852654016956E-009   149.15630632864455        3.2682686038009438E-002  -41.548666016570401     
   3.2682686094855279E-002   8.7570412334547708E-009   149.15630632864455        3.2682686038141062E-002  -41.548666016578451     
   3.2682686089042200E-002   9.4310664631768936E-009   149.15630632864455        3.2682686038260807E-002  -41.548666016573129     
   3.2682686082734988E-002   1.0163319893328865E-008   149.15630632864455        3.2682686038367791E-002  -41.548666016578558     
   3.2682686076000493E-002   1.0945911679101035E-008   149.15630632864455        3.2682686038461292E-002  -41.548666016574245     
   3.2682686068911775E-002   1.1770394293692075E-008   149.15630632864455        3.2682686038540729E-002  -41.548666016569399     
   3.2682686061544876E-002   1.2627860689882568E-008   149.15630632864455        3.2682686038605663E-002  -41.548666016585578     
   3.2682686053978130E-002   1.3509048310422958E-008   149.15630632864455        3.2682686038655803E-002  -41.548666016574522     
   3.2682686046294096E-002   1.4404447653129572E-008   149.15630632864455        3.2682686038691011E-002  -41.548666016565114     
   3.2682686038573619E-002   1.5304414030855242E-008   149.15630632864455        3.2682686038711294E-002  -41.548666016565974     
   3.2682686030898994E-002   1.6199281118650352E-008   149.15630632864455        3.2682686038716789E-002  -41.548666016578125     
   3.2682686023351462E-002   1.7079474851119368E-008   149.15630632864455        3.2682686038707789E-002  -41.548666016582175     
   3.2682686016012846E-002   1.7935626223322631E-008   149.15630632864455        3.2682686038684711E-002  -41.548666016575524     
   3.2682686008956296E-002   1.8758681557981651E-008   149.15630632864455        3.2682686038648094E-002  -41.548666016575858     
   3.2682686002258619E-002   1.9540008830709048E-008   149.15630632864455        3.2682686038598606E-002  -41.548666016566230     
   3.2682685995986629E-002   2.0271498693296289E-008   149.15630632864455        3.2682686038537023E-002  -41.548666016569051     
   3.2682685990204567E-002   2.0945658901686224E-008   149.15630632864455        3.2682686038464200E-002  -41.548666016577968     
   3.2682685984969942E-002   2.1555700939708455E-008   149.15630632864455        3.2682686038381092E-002  -41.548666016569470     
   3.2682685980333456E-002   2.2095617730674538E-008   149.15630632864455        3.2682686038288722E-002  -41.548666016576497     
   3.2682685976338992E-002   2.2560251445327759E-008   149.15630632864455        3.2682686038188177E-002  -41.548666016581677     
   3.2682685973022499E-002   2.2945350544662491E-008   149.15630632864455        3.2682686038080590E-002  -41.548666016572582     
   3.2682685970411178E-002   2.3247615338027907E-008   149.15630632864455        3.2682686037967132E-002  -41.548666016573300     
   3.2682685968525936E-002   2.3464731489159528E-008   149.15630632864455        3.2682686037848983E-002  -41.548666016571111     
   3.2682685967377161E-002   2.3595391062764330E-008   149.15630632864455        3.2682686037727345E-002  -41.548666016578125     
   3.2682685966967634E-002   2.3639300869839187E-008   149.15630632864455        3.2682686037603402E-002  -41.548666016568475     
   3.2682685967290896E-002   2.3597178039311583E-008   149.15630632864455        3.2682686037478335E-002  -41.548666016579425     
   3.2682685968332147E-002   2.3470732913805980E-008   149.15630632864455        3.2682686037353290E-002  -41.548666016574828     
   3.2682685970070090E-002   2.3262639536281224E-008   149.15630632864455        3.2682686037229354E-002  -41.548666016575766     
   3.2682685972473216E-002   2.2976494159868372E-008   149.15630632864455        3.2682686037107604E-002  -41.548666016580874     
   3.2682685975503431E-002   2.2616762372541836E-008   149.15630632864455        3.2682686036989018E-002  -41.548666016577684     
   3.2682685979117651E-002   2.2188715579655383E-008   149.15630632864455        3.2682686036874520E-002  -41.548666016573307     
   3.2682685983263585E-002   2.1698357728337570E-008   149.15630632864455        3.2682686036764962E-002  -41.548666016578423     
   3.2682685987885735E-002   2.1152343286425657E-008   149.15630632864455        3.2682686036661107E-002  -41.548666016571346     
   3.2682685992923219E-002   2.0557887603358702E-008   149.15630632864455        3.2682686036563630E-002  -41.548666016569605     
   3.2682685998310465E-002   1.9922670879206974E-008   149.15630632864455        3.2682686036473112E-002  -41.548666016572646     
   3.2682686003979812E-002   1.9254737050066776E-008   149.15630632864455        3.2682686036390060E-002  -41.548666016577648     
   3.2682686009861406E-002   1.8562388961572828E-008   149.15630632864455        3.2682686036314849E-002  -41.548666016578785     
   3.2682686015884130E-002   1.7854081246683468E-008   149.15630632864455        3.2682686036247792E-002  -41.548666016572547     
   3.2682686021975348E-002   1.7138312348797819E-008   149.15630632864455        3.2682686036189089E-002  -41.548666016569435     
   3.2682686028062832E-002   1.6423517135853027E-008   149.15630632864455        3.2682686036138851E-002  -41.548666016575758     
   3.2682686034078173E-002   1.5717961535624980E-008   149.15630632864455        3.2682686036097100E-002  -41.548666016575595     
   3.2682686039953737E-002   1.5029640587115819E-008   149.15630632864455        3.2682686036063772E-002  -41.548666016589898     
   3.2682686045624090E-002   1.4366181248163241E-008   149.15630632864455        3.2682686036038737E-002  -41.548666016582807     
   3.2682686051027449E-002   1.3734751226301139E-008   149.15630632864455        3.2682686036021757E-002  -41.548666016574003     
   3.2682686056109571E-002   1.3141975009106243E-008   149.15630632864455        3.2682686036012557E-002  -41.548666016573705     
   3.2682686060819185E-002   1.2593858163317992E-008   149.15630632864455        3.2682686036010787E-002  -41.548666016567978     
   3.2682686065110024E-002   1.2095720850673528E-008   149.15630632864455        3.2682686036016047E-002  -41.548666016574821     
   3.2682686068943874E-002   1.1652141374017636E-008   149.15630632864455        3.2682686036027885E-002  -41.548666016569491     
   3.2682686072287317E-002   1.1266910421974942E-008   149.15630632864455        3.2682686036045808E-002  -41.548666016575794     
   3.2682686075115645E-002   1.0942996526575093E-008   149.15630632864455        3.2682686036069324E-002  -41.548666016569101     
   3.2682686077410025E-002   1.0682523087572113E-008   149.15630632864455        3.2682686036097884E-002  -41.548666016576846     
   3.2682686079159480E-002   1.0486757152453462E-008   149.15630632864455        3.2682686036130934E-002  -41.548666016568731     
   3.2682686080358826E-002   1.0356109974479422E-008   149.15630632864455        3.2682686036167932E-002  -41.548666016571936     
   3.2682686081013095E-002   1.0290149204973067E-008   149.15630632864455        3.2682686036208324E-002  -41.548666016578387     
   3.2682686081130119E-002   1.0287622412912236E-008   149.15630632864455        3.2682686036251560E-002  -41.548666016575794     
   3.2682686080728024E-002   1.0346491467095194E-008   149.15630632864455        3.2682686036297114E-002  -41.548666016569598     
   3.2682686079827980E-002   1.0463977165749835E-008   149.15630632864455        3.2682686036344465E-002  -41.548666016576306     
   3.2682686078459297E-002   1.0636613357878107E-008   149.15630632864455        3.2682686036393141E-002  -41.548666016574266     
   3.2682686076656246E-002   1.0860309671894066E-008   149.15630632864455        3.2682686036442692E-002  -41.548666016574828     
   3.2682686074455743E-002   1.1130421851544416E-008   149.15630632864455        3.2682686036492686E-002  -41.548666016570401     
   3.2682686071901355E-002   1.1441828599208164E-008   149.15630632864455        3.2682686036542757E-002  -41.548666016568404     
   3.2682686069040075E-002   1.1789013743022107E-008   149.15630632864455        3.2682686036592558E-002  -41.548666016566933     
   3.2682686065918370E-002   1.2166152478412806E-008   149.15630632864455        3.2682686036641775E-002  -41.548666016576689     
   3.2682686062587590E-002   1.2567200387559479E-008   149.15630632864455        3.2682686036690139E-002  -41.548666016573812     
   3.2682686059097812E-002   1.2985983912294077E-008   149.15630632864455        3.2682686036737435E-002  -41.548666016574977     
   3.2682686055502244E-002   1.3416290947745751E-008   149.15630632864455        3.2682686036783468E-002  -41.548666016581464     
   3.2682686051852698E-002   1.3851960235220809E-008   149.15630632864455        3.2682686036828092E-002  -41.548666016567964     
   3.2682686048197969E-002   1.4286968263524864E-008   149.15630632864455        3.2682686036871175E-002  -41.548666016570863     
   3.2682686044588696E-002   1.4715512437528790E-008   149.15630632864455        3.2682686036912649E-002  -41.548666016573208     
   3.2682686041069442E-002   1.5132089340288636E-008   149.15630632864455        3.2682686036952451E-002  -41.548666016575062     
   3.2682686037684379E-002   1.5531566999493376E-008   149.15630632864455        3.2682686036990545E-002  -41.548666016571666     
   3.2682686034473336E-002   1.5909250169302375E-008   149.15630632864455        3.2682686037026912E-002  -41.548666016574870     
   3.2682686031469607E-002   1.6260937752659993E-008   149.15630632864455        3.2682686037061551E-002  -41.548666016574138     
   3.2682686028706914E-002   1.6582971615695955E-008   149.15630632864455        3.2682686037094476E-002  -41.548666016571012     
   3.2682686026210321E-002   1.6872276182895549E-008   149.15630632864455        3.2682686037125715E-002  -41.548666016579695     
   3.2682686024000936E-002   1.7126388346546611E-008   149.15630632864455        3.2682686037155267E-002  -41.548666016575034     
   3.2682686022094183E-002   1.7343477375282366E-008   149.15630632864455        3.2682686037183176E-002  -41.548666016566621     
   3.2682686020501443E-002   1.7522354661455132E-008   149.15630632864455        3.2682686037209446E-002  -41.548666016572497     
   3.2682686019227844E-002   1.7662473303265395E-008   149.15630632864455        3.2682686037234072E-002  -41.548666016580064     
   3.2682686018274842E-002   1.7763917673059867E-008   149.15630632864455        3.2682686037257068E-002  -41.548666016577073     
   3.2682686017634265E-002   1.7827383275208414E-008   149.15630632864455        3.2682686037278391E-002  -41.548666016567033     
   3.2682686017299574E-002   1.7854147343335219E-008   149.15630632864455        3.2682686037298014E-002  -41.548666016571310     
   3.2682686017254270E-002   1.7846030765377435E-008   149.15630632864455        3.2682686037315875E-002  -41.548666016574380     
   3.2682686017480873E-002   1.7805352053785212E-008   149.15630632864455        3.2682686037331911E-002  -41.548666016575758     
   3.2682686017957548E-002   1.7734874195023581E-008   149.15630632864455        3.2682686037346025E-002  -41.548666016579411     
   3.2682686018658771E-002   1.7637745315990647E-008   149.15630632864455        3.2682686037358098E-002  -41.548666016576526     
   3.2682686019555811E-002   1.7517434193508909E-008   149.15630632864455        3.2682686037368014E-002  -41.548666016575318     
   3.2682686020619307E-002   1.7377661704969160E-008   149.15630632864455        3.2682686037375612E-002  -41.548666016577748     
   3.2682686021817231E-002   1.7222329372786869E-008   149.15630632864455        3.2682686037380747E-002  -41.548666016577997     
   3.2682686023117906E-002   1.7055446191848548E-008   149.15630632864455        3.2682686037383245E-002  -41.548666016576774     
   3.2682686024486519E-002   1.6881054946934562E-008   149.15630632864455        3.2682686037382933E-002  -41.548666016578174     
   3.2682686025892894E-002   1.6703159225891321E-008   149.15630632864455        3.2682686037379637E-002  -41.548666016575837     
   3.2682686027303939E-002   1.6525652314401011E-008   149.15630632864455        3.2682686037373176E-002  -41.548666016573421     
   3.2682686028690178E-002   1.6352249119882972E-008   149.15630632864455        3.2682686037363379E-002  -41.548666016574089     
   3.2682686030022473E-002   1.6186422215835786E-008   149.15630632864455        3.2682686037350098E-002  -41.548666016576504     
   3.2682686031275651E-002   1.6031343024771948E-008   149.15630632864455        3.2682686037333195E-002  -41.548666016572177     
   3.2682686032425474E-002   1.5889829069169316E-008   149.15630632864455        3.2682686037312544E-002  -41.548666016577975     
   3.2682686033453284E-002   1.5764298116818169E-008   149.15630632864455        3.2682686037288050E-002  -41.548666016584136     
   3.2682686034343079E-002   1.5656729931108156E-008   149.15630632864455        3.2682686037259635E-002  -41.548666016565392     
   3.2682686035082065E-002   1.5568636210266537E-008   149.15630632864455        3.2682686037227300E-002  -41.548666016570166     
   3.2682686035661664E-002   1.5501039164132294E-008   149.15630632864455        3.2682686037191051E-002  -41.548666016567608     
   3.2682686036078476E-002   1.5454459034881702E-008   149.15630632864455        3.2682686037150945E-002  -41.548666016577378     
   3.2682686036330795E-002   1.5428910721503386E-008   149.15630632864455        3.2682686037107077E-002  -41.548666016580931     
   3.2682686036423922E-002   1.5423909519039050E-008   149.15630632864455        3.2682686037059615E-002  -41.548666016582921     
   3.2682686036365337E-002   1.5438485834941590E-008   149.15630632864455        3.2682686037008760E-002  -41.548666016578657     
   3.2682686036166336E-002   1.5471208598548222E-008   149.15630632864455        3.2682686036954782E-002  -41.548666016583908     
   3.2682686035841020E-002   1.5520216938349057E-008   149.15630632864455        3.2682686036897987E-002  -41.548666016571708     
   3.2682686035408963E-002   1.5583259567142601E-008   149.15630632864455        3.2682686036838750E-002  -41.548666016573399     
   3.2682686034890676E-002   1.5657741189724025E-008   149.15630632864455        3.2682686036777486E-002  -41.548666016582551     
   3.2682686034309627E-002   1.5740775133387731E-008   149.15630632864455        3.2682686036714675E-002  -41.548666016568390     
   3.2682686033690567E-002   1.5829241299817654E-008   149.15630632864455        3.2682686036650831E-002  -41.548666016574217     
   3.2682686033059974E-002   1.5919848449892945E-008   149.15630632864455        3.2682686036586514E-002  -41.548666016572398     
   3.2682686032445361E-002   1.6009199761383366E-008   149.15630632864455        3.2682686036522336E-002  -41.548666016576099     
   3.2682686031874825E-002   1.6093860545097796E-008   149.15630632864455        3.2682686036458936E-002  -41.548666016576249     
   3.2682686031373698E-002   1.6170426968342566E-008   149.15630632864455        3.2682686036396957E-002  -41.548666016570991     
   3.2682686030969674E-002   1.6235594616238995E-008   149.15630632864455        3.2682686036337089E-002  -41.548666016565790     
   3.2682686030687899E-002   1.6286225721585750E-008   149.15630632864455        3.2682686036280044E-002  -41.548666016579666     
   3.2682686030550988E-002   1.6319413913116606E-008   149.15630632864455        3.2682686036226510E-002  -41.548666016578494     
   3.2682686030578473E-002   1.6332545369461993E-008   149.15630632864455        3.2682686036177189E-002  -41.548666016577542     
   3.2682686030789866E-002   1.6323355321170810E-008   149.15630632864455        3.2682686036132766E-002  -41.548666016579595     
   3.2682686031198664E-002   1.6289978915701129E-008   149.15630632864455        3.2682686036093901E-002  -41.548666016568518     
   3.2682686031814297E-002   1.6230995548217720E-008   149.15630632864455        3.2682686036061240E-002  -41.548666016568461     
   3.2682686032644841E-002   1.6145465863891734E-008   149.15630632864455        3.2682686036035372E-002  -41.548666016580306     
   3.2682686033691531E-002   1.6032960753167286E-008   149.15630632864455        3.2682686036016845E-002  -41.548666016577506     
   3.2682686034953563E-002   1.5893581788129868E-008   149.15630632864455        3.2682686036006145E-002  -41.548666016575062     
   3.2682686036423943E-002   1.5727972684422048E-008   149.15630632864455        3.2682686036003702E-002  -41.548666016570138     
   3.2682686038091671E-002   1.5537321516282336E-008   149.15630632864455        3.2682686036009878E-002  -41.548666016578196     
   3.2682686039941643E-002   1.5323353560338176E-008   149.15630632864455        3.2682686036024935E-002  -41.548666016580107     
   3.2682686041955102E-002   1.5088314794556639E-008   149.15630632864455        3.2682686036049076E-002  -41.548666016570422     
   3.2682686044107304E-002   1.4834946229653300E-008   149.15630632864455        3.2682686036082383E-002  -41.548666016570692     
   3.2682686046372166E-002   1.4566449398997681E-008   149.15630632864455        3.2682686036124876E-002  -41.548666016582494     
   3.2682686048718178E-002   1.4286443477390751E-008   149.15630632864455        3.2682686036176453E-002  -41.548666016574359     
   3.2682686051112526E-002   1.3998914636721372E-008   149.15630632864455        3.2682686036236926E-002  -41.548666016574451     
   3.2682686053518595E-002   1.3708158375166693E-008   149.15630632864455        3.2682686036306002E-002  -41.548666016565974     
   3.2682686055899565E-002   1.3418715674383819E-008   149.15630632864455        3.2682686036383288E-002  -41.548666016580484     
   3.2682686058216559E-002   1.3135303944057827E-008   149.15630632864455        3.2682686036468282E-002  -41.548666016574558     
   3.2682686060426611E-002   1.2862743803605024E-008   149.15630632864455        3.2682686036560396E-002  -41.548666016577251     
   3.2682686062492923E-002   1.2605882825334896E-008   149.15630632864455        3.2682686036658956E-002  -41.548666016561896     
   3.2682686064375376E-002   1.2369517420677887E-008   149.15630632864455        3.2682686036763185E-002  -41.548666016576583     
   3.2682686066035166E-002   1.2158314090223934E-008   149.15630632864455        3.2682686036872237E-002  -41.548666016579077     
   3.2682686067435317E-002   1.1976731278635608E-008   149.15630632864455        3.2682686036985181E-002  -41.548666016580903     
   3.2682686068544221E-002   1.1828943076685026E-008   149.15630632864455        3.2682686037101040E-002  -41.548666016568681     
   3.2682686069328906E-002   1.1718765994390129E-008   149.15630632864455        3.2682686037218765E-002  -41.548666016574039     
   3.2682686069763184E-002   1.1649589991949423E-008   149.15630632864455        3.2682686037337261E-002  -41.548666016566983     
   3.2682686069823538E-002   1.1624314899248225E-008   149.15630632864455        3.2682686037455409E-002  -41.548666016569776     
   3.2682686069491949E-002   1.1645293280845315E-008   149.15630632864455        3.2682686037572066E-002  -41.548666016574060     
   3.2682686068755434E-002   1.1714280712848578E-008   149.15630632864455        3.2682686037686086E-002  -41.548666016575197     
   3.2682686067605153E-002   1.1832394332006076E-008   149.15630632864455        3.2682686037796296E-002  -41.548666016567516     
   3.2682686066039551E-002   1.2000080397344772E-008   149.15630632864455        3.2682686037901573E-002  -41.548666016570593     
   3.2682686064061529E-002   1.2217091472707072E-008   149.15630632864455        3.2682686038000792E-002  -41.548666016569314     
   3.2682686061681288E-002   1.2482473696228583E-008   149.15630632864455        3.2682686038092892E-002  -41.548666016567978     
   3.2682686058913231E-002   1.2794564452523363E-008   149.15630632864455        3.2682686038176846E-002  -41.548666016569790     
   3.2682686055778704E-002   1.3151000607388647E-008   149.15630632864455        3.2682686038251710E-002  -41.548666016570159     
   3.2682686052304663E-002   1.3548737305356818E-008   149.15630632864455        3.2682686038316595E-002  -41.548666016575609     
   3.2682686048522952E-002   1.3984077170127199E-008   149.15630632864455        3.2682686038370712E-002  -41.548666016569875     
   3.2682686044471075E-002   1.4452709588931894E-008   149.15630632864455        3.2682686038413365E-002  -41.548666016577613     
   3.2682686040190777E-002   1.4949759606803317E-008   149.15630632864455        3.2682686038443952E-002  -41.548666016577229     
   3.2682686035729373E-002   1.5469845808099491E-008   149.15630632864455        3.2682686038462007E-002  -41.548666016586033     
   3.2682686031132890E-002   1.6007146422366493E-008   149.15630632864455        3.2682686038467149E-002  -41.548666016572412     
   3.2682686026456680E-002   1.6555472762188598E-008   149.15630632864455        3.2682686038459155E-002  -41.548666016573208     
   3.2682686021755003E-002   1.7108348984002362E-008   149.15630632864455        3.2682686038437908E-002  -41.548666016567267     
   3.2682686017084052E-002   1.7659097060650213E-008   149.15630632864455        3.2682686038403415E-002  -41.548666016576760     
   3.2682686012500892E-002   1.8200925768582448E-008   149.15630632864455        3.2682686038355842E-002  -41.548666016564454     
   3.2682686008062664E-002   1.8727022424162525E-008   149.15630632864455        3.2682686038295453E-002  -41.548666016577052     
   3.2682686003826081E-002   1.9230646053794809E-008   149.15630632864455        3.2682686038222671E-002  -41.548666016581485     
   3.2682685999846695E-002   1.9705220652323234E-008   149.15630632864455        3.2682686038138023E-002  -41.548666016576895     
   3.2682685996175603E-002   2.0144427173860727E-008   149.15630632864455        3.2682686038042148E-002  -41.548666016573236     
   3.2682685992865730E-002   2.0542292909270850E-008   149.15630632864455        3.2682686037935837E-002  -41.548666016569214     
   3.2682685989959277E-002   2.0893276934697951E-008   149.15630632864455        3.2682686037819944E-002  -41.548666016577791     
   3.2682685987500501E-002   2.1192350365319782E-008   149.15630632864455        3.2682686037695460E-002  -41.548666016567239     
   3.2682685985524332E-002   2.1435070217732336E-008   149.15630632864455        3.2682686037563427E-002  -41.548666016577037     
   3.2682685984063674E-002   2.1617645771618422E-008   149.15630632864455        3.2682686037424996E-002  -41.548666016577116     
   3.2682685983143271E-002   2.1736996425264439E-008   149.15630632864455        3.2682686037281375E-002  -41.548666016567907     
   3.2682685982778875E-002   2.1790800159077362E-008   149.15630632864455        3.2682686037133805E-002  -41.548666016569086     
   3.2682685982986570E-002   2.1777531854332605E-008   149.15630632864455        3.2682686036983606E-002  -41.548666016575169     
   3.2682685983768479E-002   2.1696490859151165E-008   149.15630632864455        3.2682686036832088E-002  -41.548666016578657     
   3.2682685985124811E-002   2.1547817348098109E-008   149.15630632864455        3.2682686036680599E-002  -41.548666016571772     
   3.2682685987044657E-002   2.1332497183371114E-008   149.15630632864455        3.2682686036530476E-002  -41.548666016569953     
   3.2682685989511739E-002   2.1052355151918303E-008   149.15630632864455        3.2682686036383059E-002  -41.548666016573392     
   3.2682685992503985E-002   2.0710036621694797E-008   149.15630632864455        3.2682686036239639E-002  -41.548666016586353     
   3.2682685995991057E-002   2.0308977829033152E-008   149.15630632864455        3.2682686036101478E-002  -41.548666016578501     
   3.2682685999936567E-002   1.9853365174950364E-008   149.15630632864455        3.2682686035969792E-002  -41.548666016572291     
   3.2682686004300257E-002   1.9348084069239252E-008   149.15630632864455        3.2682686035845725E-002  -41.548666016577549     
   3.2682686009033263E-002   1.8798658014356823E-008   149.15630632864455        3.2682686035730338E-002  -41.548666016572611     
   3.2682686014083882E-002   1.8211178764532521E-008   149.15630632864455        3.2682686035624610E-002  -41.548666016577933     
   3.2682686019397028E-002   1.7592228527003815E-008   149.15630632864455        3.2682686035529450E-002  -41.548666016572618     
   3.2682686024913157E-002   1.6948795289364344E-008   149.15630632864455        3.2682686035445628E-002  -41.548666016571744     
   3.2682686030571069E-002   1.6288182458716743E-008   149.15630632864455        3.2682686035373824E-002  -41.548666016570195     
   3.2682686036305253E-002   1.5617914082414586E-008   149.15630632864455        3.2682686035314601E-002  -41.548666016572412     
   3.2682686042053447E-002   1.4945636985712824E-008   149.15630632864455        3.2682686035268402E-002  -41.548666016569790     
   3.2682686047747926E-002   1.4279021207566756E-008   149.15630632864455        3.2682686035235532E-002  -41.548666016571325     
   3.2682686053326609E-002   1.3625660141283944E-008   149.15630632864455        3.2682686035216194E-002  -41.548666016579844     
   3.2682686058728455E-002   1.2992971791628770E-008   149.15630632864455        3.2682686035210448E-002  -41.548666016568532     
   3.2682686063889195E-002   1.2388102543841359E-008   149.15630632864455        3.2682686035218247E-002  -41.548666016574309     
   3.2682686068755004E-002   1.1817834803402570E-008   149.15630632864455        3.2682686035239404E-002  -41.548666016573954     
   3.2682686073270573E-002   1.1288499808699416E-008   149.15630632864455        3.2682686035273634E-002  -41.548666016565797     
   3.2682686077388744E-002   1.0805896842599928E-008   149.15630632864455        3.2682686035320527E-002  -41.548666016582949     
   3.2682686081064068E-002   1.0375219974892714E-008   149.15630632864455        3.2682686035379556E-002  -41.548666016572326     
   3.2682686084259914E-002   1.0000993356756815E-008   149.15630632864455        3.2682686035450124E-002  -41.548666016587127     
   3.2682686086943927E-002   9.6870159624976852E-009   149.15630632864455        3.2682686035531511E-002  -41.548666016572334     
   3.2682686089090467E-002   9.4363165346403711E-009   149.15630632864455        3.2682686035622924E-002  -41.548666016579887     
   3.2682686090680702E-002   9.2511193383866857E-009   149.15630632864455        3.2682686035723517E-002  -41.548666016566301     
   3.2682686091703265E-002   9.1328211724299485E-009   149.15630632864455        3.2682686035832346E-002  -41.548666016565797     
   3.2682686092153211E-002   9.0819799175670961E-009   149.15630632864455        3.2682686035948434E-002  -41.548666016575716     
   3.2682686092032051E-002   9.0983147352409224E-009   149.15630632864455        3.2682686036070753E-002  -41.548666016579880     
   3.2682686091351602E-002   9.1807178572820844E-009   149.15630632864455        3.2682686036198248E-002  -41.548666016579041     
   3.2682686090124632E-002   9.3272777383306419E-009   149.15630632864455        3.2682686036329837E-002  -41.548666016568561     
   3.2682686088375767E-002   9.5353131765218775E-009   149.15630632864455        3.2682686036464424E-002  -41.548666016573840     
   3.2682686086132971E-002   9.8014178482844501E-009   149.15630632864455        3.2682686036600933E-002  -41.548666016565811     
   3.2682686083430459E-002   1.0121514551780636E-008   149.15630632864455        3.2682686036738268E-002  -41.548666016570721     
   3.2682686080307242E-002   1.0490918313310087E-008   149.15630632864455        3.2682686036875373E-002  -41.548666016578608     
   3.2682686076807708E-002   1.0904407383664796E-008   149.15630632864455        3.2682686037011216E-002  -41.548666016568525     
   3.2682686072979118E-002   1.1356301039003410E-008   149.15630632864455        3.2682686037144804E-002  -41.548666016575183     
   3.2682686068871619E-002   1.1840543004996341E-008   149.15630632864455        3.2682686037275172E-002  -41.548666016580782     
   3.2682686064540160E-002   1.2350789245100861E-008   149.15630632864455        3.2682686037401446E-002  -41.548666016578430     
   3.2682686060038081E-002   1.2880498795168849E-008   149.15630632864455        3.2682686037522765E-002  -41.548666016572454     
   3.2682686055421600E-002   1.3423026288045408E-008   149.15630632864455        3.2682686037638346E-002  -41.548666016571083     
   3.2682686050746763E-002   1.3971714793714744E-008   149.15630632864455        3.2682686037747488E-002  -41.548666016580249     
   3.2682686046068402E-002   1.4519987603313784E-008   149.15630632864455        3.2682686037849545E-002  -41.548666016579837     
   3.2682686041441159E-002   1.5061437609021419E-008   149.15630632864455        3.2682686037943956E-002  -41.548666016572170     
   3.2682686036916687E-002   1.5589912975641412E-008   149.15630632864455        3.2682686038030213E-002  -41.548666016572376     
   3.2682686032543526E-002   1.6099597863344677E-008   149.15630632864455        3.2682686038107915E-002  -41.548666016573421     
   3.2682686028367568E-002   1.6585087043439887E-008   149.15630632864455        3.2682686038176700E-002  -41.548666016574572     
   3.2682686024430398E-002   1.7041453348590621E-008   149.15630632864455        3.2682686038236305E-002  -41.548666016574451     
   3.2682686020769972E-002   1.7464307014387664E-008   149.15630632864455        3.2682686038286550E-002  -41.548666016570017     
   3.2682686017417563E-002   1.7849846098814409E-008   149.15630632864455        3.2682686038327288E-002  -41.548666016571403     
   3.2682686014399803E-002   1.8194897307644112E-008   149.15630632864455        3.2682686038358465E-002  -41.548666016580668     
   3.2682686011740875E-002   1.8496946705228904E-008   149.15630632864455        3.2682686038380072E-002  -41.548666016575467     
   3.2682686009453440E-002   1.8754159948989990E-008   149.15630632864455        3.2682686038392195E-002  -41.548666016582771     
   3.2682686007550761E-002   1.8965391849758997E-008   149.15630632864455        3.2682686038394936E-002  -41.548666016572746     
   3.2682686006035945E-002   1.9130185226679479E-008   149.15630632864455        3.2682686038388475E-002  -41.548666016582473     
   3.2682686004908014E-002   1.9248759191520077E-008   149.15630632864455        3.2682686038373022E-002  -41.548666016578856     
   3.2682686004160910E-002   1.9321987160814894E-008   149.15630632864455        3.2682686038348840E-002  -41.548666016573421     
   3.2682686003783143E-002   1.9351365052885967E-008   149.15630632864455        3.2682686038316228E-002  -41.548666016580306     
   3.2682686003757566E-002   1.9338970277487913E-008   149.15630632864455        3.2682686038275503E-002  -41.548666016582558     
   3.2682686004064133E-002   1.9287412266584233E-008   149.15630632864455        3.2682686038227049E-002  -41.548666016570579     
   3.2682686004677899E-002   1.9199775423507654E-008   149.15630632864455        3.2682686038171219E-002  -41.548666016570884     
   3.2682686005568423E-002   1.9079555482206662E-008   149.15630632864455        3.2682686038108442E-002  -41.548666016572341     
   3.2682686006708012E-002   1.8930590366957924E-008   149.15630632864455        3.2682686038039130E-002  -41.548666016572007     
   3.2682686008061547E-002   1.8756986724008766E-008   149.15630632864455        3.2682686037963732E-002  -41.548666016575680     
   3.2682686009593398E-002   1.8563043359124711E-008   149.15630632864455        3.2682686037882692E-002  -41.548666016580391     
   3.2682686011268704E-002   1.8353172857769402E-008   149.15630632864455        3.2682686037796484E-002  -41.548666016575304     
   3.2682686013051673E-002   1.8131822687105013E-008   149.15630632864455        3.2682686037705556E-002  -41.548666016579404     
   3.2682686014904309E-002   1.7903397081029798E-008   149.15630632864455        3.2682686037610410E-002  -41.548666016573243     
   3.2682686016792854E-002   1.7672180990403288E-008   149.15630632864455        3.2682686037511510E-002  -41.548666016575673     
   3.2682686018683481E-002   1.7442267341379263E-008   149.15630632864455        3.2682686037409370E-002  -41.548666016566351     
   3.2682686020544832E-002   1.7217488786014376E-008   149.15630632864455        3.2682686037304481E-002  -41.548666016565690     
   3.2682686022348188E-002   1.7001355051285577E-008   149.15630632864455        3.2682686037197345E-002  -41.548666016577783     
   3.2682686024067133E-002   1.6796996897285268E-008   149.15630632864455        3.2682686037088467E-002  -41.548666016578601     
   3.2682686025679815E-002   1.6607117583919942E-008   149.15630632864455        3.2682686036978374E-002  -41.548666016584747     
   3.2682686027168256E-002   1.6433952619519386E-008   149.15630632864455        3.2682686036867588E-002  -41.548666016575012     
   3.2682686028516802E-002   1.6279238426526521E-008   149.15630632864455        3.2682686036756642E-002  -41.548666016561540     
   3.2682686029715725E-002   1.6144190411043857E-008   149.15630632864455        3.2682686036646084E-002  -41.548666016575865     
   3.2682686030759245E-002   1.6029490766775273E-008   149.15630632864455        3.2682686036536457E-002  -41.548666016577002     
   3.2682686031646167E-002   1.5935286182192114E-008   149.15630632864455        3.2682686036428328E-002  -41.548666016575545     
   3.2682686032378248E-002   1.5861195455321550E-008   149.15630632864455        3.2682686036322274E-002  -41.548666016570792     
   3.2682686032963766E-002   1.5806326855946018E-008   149.15630632864455        3.2682686036218864E-002  -41.548666016575083     
   3.2682686033411214E-002   1.5769304912610018E-008   149.15630632864455        3.2682686036118694E-002  -41.548666016571431     
   3.2682686033737342E-002   1.5748306144660914E-008   149.15630632864455        3.2682686036022361E-002  -41.548666016573648     
   3.2682686033957783E-002   1.5741103109666846E-008   149.15630632864455        3.2682686035930469E-002  -41.548666016562912     
   3.2682686034094764E-002   1.5745115996711646E-008   149.15630632864455        3.2682686035843622E-002  -41.548666016579446     
   3.2682686034169142E-002   1.5757470868411080E-008   149.15630632864455        3.2682686035762416E-002  -41.548666016576817     
   3.2682686034207292E-002   1.5775063540804161E-008   149.15630632864455        3.2682686035687469E-002  -41.548666016582374     
   3.2682686034233445E-002   1.5794627992970130E-008   149.15630632864455        3.2682686035619364E-002  -41.548666016579062     
   3.2682686034275606E-002   1.5812808118444494E-008   149.15630632864455        3.2682686035558697E-002  -41.548666016575680     
   3.2682686034359032E-002   1.5826231569637168E-008   149.15630632864455        3.2682686035506038E-002  -41.548666016570102     
   3.2682686034510237E-002   1.5831584405857841E-008   149.15630632864455        3.2682686035461914E-002  -41.548666016575261     
   3.2682686034754160E-002   1.5825685235585261E-008   149.15630632864455        3.2682686035426872E-002  -41.548666016567871     
   3.2682686035114497E-002   1.5805557544785500E-008   149.15630632864455        3.2682686035401379E-002  -41.548666016577805     
   3.2682686035610864E-002   1.5768498925603848E-008   149.15630632864455        3.2682686035385891E-002  -41.548666016577421     
   3.2682686036262086E-002   1.5712145963288420E-008   149.15630632864455        3.2682686035380805E-002  -41.548666016570529     
   3.2682686037082360E-002   1.5634533602971829E-008   149.15630632864455        3.2682686035386453E-002  -41.548666016576981     
   3.2682686038083782E-002   1.5534147901264013E-008   149.15630632864455        3.2682686035403134E-002  -41.548666016574721     
   3.2682686039271075E-002   1.5409971169453621E-008   149.15630632864455        3.2682686035431049E-002  -41.548666016571858     
   3.2682686040649694E-002   1.5261518633221893E-008   149.15630632864455        3.2682686035470351E-002  -41.548666016582835     
   3.2682686042215262E-002   1.5088865867260478E-008   149.15630632864455        3.2682686035521095E-002  -41.548666016573563     
   3.2682686043961691E-002   1.4892666409515845E-008   149.15630632864455        3.2682686035583240E-002  -41.548666016580320     
   3.2682686045877672E-002   1.4674159116545623E-008   149.15630632864455        3.2682686035656681E-002  -41.548666016576483     
   3.2682686047946635E-002   1.4435164987023673E-008   149.15630632864455        3.2682686035741197E-002  -41.548666016577421     
   3.2682686050148700E-002   1.4178073351237934E-008   149.15630632864455        3.2682686035836468E-002  -41.548666016568482     
   3.2682686052456791E-002   1.3905817498588213E-008   149.15630632864455        3.2682686035942071E-002  -41.548666016571836     
   3.2682686054843660E-002   1.3621839989464166E-008   149.15630632864455        3.2682686036057486E-002  -41.548666016568241     
   3.2682686057274209E-002   1.3330048069861962E-008   149.15630632864455        3.2682686036182081E-002  -41.548666016568319     
   3.2682686059714132E-002   1.3034759774024157E-008   149.15630632864455        3.2682686036315113E-002  -41.548666016567644     
   3.2682686062123788E-002   1.2740641459415572E-008   149.15630632864455        3.2682686036455744E-002  -41.548666016576071     
   3.2682686064461806E-002   1.2452637667092245E-008   149.15630632864455        3.2682686036603022E-002  -41.548666016575190     
   3.2682686066685278E-002   1.2175894336498528E-008   149.15630632864455        3.2682686036755927E-002  -41.548666016568745     
   3.2682686068752138E-002   1.1915676524779977E-008   149.15630632864455        3.2682686036913322E-002  -41.548666016567743     
   3.2682686070618347E-002   1.1677281884605679E-008   149.15630632864455        3.2682686037073999E-002  -41.548666016572803     
   3.2682686072240424E-002   1.1465951239811319E-008   149.15630632864455        3.2682686037236654E-002  -41.548666016572795     
   3.2682686073578104E-002   1.1286777663204398E-008   149.15630632864455        3.2682686037399954E-002  -41.548666016574543     
   3.2682686074591391E-002   1.1144615504458771E-008   149.15630632864455        3.2682686037562469E-002  -41.548666016569577     
   3.2682686075244223E-002   1.1043990837482316E-008   149.15630632864455        3.2682686037722772E-002  -41.548666016573613     
   3.2682686075504105E-002   1.0989014795075049E-008   149.15630632864455        3.2682686037879369E-002  -41.548666016571524     
   3.2682686075343484E-002   1.0983301234466546E-008   149.15630632864455        3.2682686038030768E-002  -41.548666016570010     
   3.2682686074737489E-002   1.1029890130162079E-008   149.15630632864455        3.2682686038175486E-002  -41.548666016571495     
   3.2682686073668775E-002   1.1131178021100526E-008   149.15630632864455        3.2682686038312037E-002  -41.548666016572930     
   3.2682686072124691E-002   1.1288856748552087E-008   149.15630632864455        3.2682686038438963E-002  -41.548666016565363     
   3.2682686070100518E-002   1.1503861610156832E-008   149.15630632864455        3.2682686038554870E-002  -41.548666016582025     
   3.2682686067596313E-002   1.1776329926114745E-008   149.15630632864455        3.2682686038658412E-002  -41.548666016568866     
   3.2682686064620853E-002   1.2105570867241957E-008   149.15630632864455        3.2682686038748333E-002  -41.548666016572042     
   3.2682686061188619E-002   1.2490047233592425E-008   149.15630632864455        3.2682686038823482E-002  -41.548666016577059     
   3.2682686057321733E-002   1.2927369699014131E-008   149.15630632864455        3.2682686038882781E-002  -41.548666016565555     
   3.2682686053049657E-002   1.3414303853717611E-008   149.15630632864455        3.2682686038925324E-002  -41.548666016568035     
   3.2682686048407836E-002   1.3946790186618067E-008   149.15630632864455        3.2682686038950304E-002  -41.548666016574067     
   3.2682686043439699E-002   1.4519976954536313E-008   149.15630632864455        3.2682686038957097E-002  -41.548666016581478     
   3.2682686038192521E-002   1.5128265689165134E-008   149.15630632864455        3.2682686038945211E-002  -41.548666016574302     
   3.2682686032720822E-002   1.5765368898253275E-008   149.15630632864455        3.2682686038914360E-002  -41.548666016571218     
   3.2682686027083852E-002   1.6424379327412433E-008   149.15630632864455        3.2682686038864414E-002  -41.548666016574600     
   3.2682686021345414E-002   1.7097849966275265E-008   149.15630632864455        3.2682686038795448E-002  -41.548666016573698     
   3.2682686015572400E-002   1.7777883810367552E-008   149.15630632864455        3.2682686038707706E-002  -41.548666016576057     
   3.2682686009835767E-002   1.8456232230393621E-008   149.15630632864455        3.2682686038601645E-002  -41.548666016570841     
   3.2682686004204549E-002   1.9124400656827727E-008   149.15630632864455        3.2682686038477918E-002  -41.548666016578160     
   3.2682685998753139E-002   1.9773760161035060E-008   149.15630632864455        3.2682686038337357E-002  -41.548666016574160     
   3.2682685993554353E-002   2.0395663407498579E-008   149.15630632864455        3.2682686038180989E-002  -41.548666016573037     
   3.2682685988679856E-002   2.0981563366664392E-008   149.15630632864455        3.2682686038010035E-002  -41.548666016569385     
   3.2682685984197442E-002   2.1523133115510759E-008   149.15630632864455        3.2682686037825877E-002  -41.548666016579304     
   3.2682685980174243E-002   2.2012385014904788E-008   149.15630632864455        3.2682686037630047E-002  -41.548666016574067     
   3.2682685976673516E-002   2.2441787539301005E-008   149.15630632864455        3.2682686037424261E-002  -41.548666016568291     
   3.2682685973751763E-002   2.2804378046365966E-008   149.15630632864455        3.2682686037210334E-002  -41.548666016573669     
   3.2682685971460623E-002   2.3093869811066919E-008   149.15630632864455        3.2682686036990247E-002  -41.548666016576512     
   3.2682685969844832E-002   2.3304751710777668E-008   149.15630632864455        3.2682686036766030E-002  -41.548666016578103     
   3.2682685968942631E-002   2.3432379034319243E-008   149.15630632864455        3.2682686036539829E-002  -41.548666016568284     
   3.2682685968782536E-002   2.3473053997033643E-008   149.15630632864455        3.2682686036313836E-002  -41.548666016584264     
   3.2682685969384964E-002   2.3424094674993944E-008   149.15630632864455        3.2682686036090293E-002  -41.548666016575901     
   3.2682685970762473E-002   2.3283891222297220E-008   149.15630632864455        3.2682686035871440E-002  -41.548666016565576     
   3.2682685972917701E-002   2.3051948404288793E-008   149.15630632864455        3.2682686035659526E-002  -41.548666016575837     
   3.2682685975841258E-002   2.2728913663685102E-008   149.15630632864455        3.2682686035456751E-002  -41.548666016574082     
   3.2682685979517449E-002   2.2316590133883767E-008   149.15630632864455        3.2682686035265272E-002  -41.548666016569619     
   3.2682685983919824E-002   2.1817934221148989E-008   149.15630632864455        3.2682686035087165E-002  -41.548666016576689     
   3.2682685989010550E-002   2.1237037591717125E-008   149.15630632864455        3.2682686034924385E-002  -41.548666016570778     
   3.2682685994745310E-002   2.0579093618763956E-008   149.15630632864455        3.2682686034778780E-002  -41.548666016571076     
   3.2682686001069390E-002   1.9850348563780376E-008   149.15630632864455        3.2682686034652055E-002  -41.548666016573563     
   3.2682686007919508E-002   1.9058037984455096E-008   149.15630632864455        3.2682686034545709E-002  -41.548666016578252     
   3.2682686015226031E-002   1.8210309073236879E-008   149.15630632864455        3.2682686034461082E-002  -41.548666016576320     
   3.2682686022911585E-002   1.7316129834341355E-008   149.15630632864455        3.2682686034399326E-002  -41.548666016576334     
   3.2682686030894637E-002   1.6385186199393796E-008   149.15630632864455        3.2682686034361336E-002  -41.548666016580349     
   3.2682686039085924E-002   1.5427768359605528E-008   149.15630632864455        3.2682686034347805E-002  -41.548666016568262     
   3.2682686047394792E-002   1.4454647753560725E-008   149.15630632864455        3.2682686034359164E-002  -41.548666016572014     
   3.2682686055726280E-002   1.3476946291327364E-008   149.15630632864455        3.2682686034395614E-002  -41.548666016575247     
   3.2682686063984182E-002   1.2505999515665151E-008   149.15630632864455        3.2682686034457079E-002  -41.548666016572781     
   3.2682686072071469E-002   1.1553215498142465E-008   149.15630632864455        3.2682686034543246E-002  -41.548666016575758     
   3.2682686079893074E-002   1.0629931339883543E-008   149.15630632864455        3.2682686034653533E-002  -41.548666016578039     
   3.2682686087355306E-002   9.7472691929433529E-009   149.15630632864455        3.2682686034787099E-002  -41.548666016573165     
   3.2682686094367211E-002   8.9159937374741056E-009   149.15630632864455        3.2682686034942884E-002  -41.548666016575361     
   3.2682686100843655E-002   8.1463730421538821E-009   149.15630632864455        3.2682686035119556E-002  -41.548666016579638     
   3.2682686106700394E-002   7.4480447005054587E-009   149.15630632864455        3.2682686035315565E-002  -41.548666016572113     
   3.2682686111867525E-002   6.8298890739641610E-009   149.15630632864455        3.2682686035529172E-002  -41.548666016575801     
   3.2682686116275401E-002   6.2999113849805988E-009   149.15630632864455        3.2682686035758413E-002  -41.548666016565733     
   3.2682686119865488E-002   5.8651342910661356E-009   149.15630632864455        3.2682686036001163E-002  -41.548666016572746     
   3.2682686122590426E-002   5.5315024349265563E-009   149.15630632864455        3.2682686036255133E-002  -41.548666016567971     
   3.2682686124410214E-002   5.3038003087203298E-009   149.15630632864455        3.2682686036517916E-002  -41.548666016582018     
   3.2682686125294777E-002   5.1855845941073531E-009   149.15630632864455        3.2682686036786965E-002  -41.548666016573463     
   3.2682686125227491E-002   5.1791319465050274E-009   149.15630632864455        3.2682686037059698E-002  -41.548666016581322     
   3.2682686124200402E-002   5.2854029847677694E-009   149.15630632864455        3.2682686037333430E-002  -41.548666016575332     
   3.2682686122218370E-002   5.5040230289605188E-009   149.15630632864455        3.2682686037605491E-002  -41.548666016580590     
   3.2682686119296839E-002   5.8332799023166987E-009   149.15630632864455        3.2682686037873172E-002  -41.548666016566685     
   3.2682686115463142E-002   6.2701388820310502E-009   149.15630632864455        3.2682686038133832E-002  -41.548666016572817     
   3.2682686110754172E-002   6.8102746503000582E-009   149.15630632864455        3.2682686038384853E-002  -41.548666016574437     
   3.2682686105220043E-002   7.4481198656483796E-009   149.15630632864455        3.2682686038623725E-002  -41.548666016574096     
   3.2682686098916530E-002   8.1769297479968458E-009   149.15630632864455        3.2682686038848045E-002  -41.548666016573328     
   3.2682686091911307E-002   8.9888618525505569E-009   149.15630632864455        3.2682686039055532E-002  -41.548666016581613     
   3.2682686084281702E-002   9.8750700005224372E-009   149.15630632864455        3.2682686039244097E-002  -41.548666016576739     
   3.2682686076108872E-002   1.0825811141731427E-008   149.15630632864455        3.2682686039411810E-002  -41.548666016572056     
   3.2682686067483771E-002   1.1830563748193235E-008   149.15630632864455        3.2682686039556964E-002  -41.548666016568355     
   3.2682686058501990E-002   1.2878156181238844E-008   149.15630632864455        3.2682686039678055E-002  -41.548666016565782     
   3.2682686049262145E-002   1.3956903339736886E-008   149.15630632864455        3.2682686039773826E-002  -41.548666016578146     
   3.2682686039866599E-002   1.5054749785699130E-008   149.15630632864455        3.2682686039843284E-002  -41.548666016576931     
   3.2682686030420037E-002   1.6159417457300677E-008   149.15630632864455        3.2682686039885687E-002  -41.548666016576668     
   3.2682686021026773E-002   1.7258556019324160E-008   149.15630632864455        3.2682686039900578E-002  -41.548666016579723     
   3.2682686011791647E-002   1.8339893868219061E-008   149.15630632864455        3.2682686039887755E-002  -41.548666016576554     
   3.2682686002815861E-002   1.9391387803879050E-008   149.15630632864455        3.2682686039847315E-002  -41.548666016564113     
   3.2682685994199268E-002   2.0401369402467341E-008   149.15630632864455        3.2682686039779626E-002  -41.548666016577471     
   3.2682685986035992E-002   2.1358686174199862E-008   149.15630632864455        3.2682686039685313E-002  -41.548666016577307     
   3.2682685978414075E-002   2.2252835666229746E-008   149.15630632864455        3.2682686039565291E-002  -41.548666016576362     
   3.2682685971416971E-002   2.3074090772216603E-008   149.15630632864455        3.2682686039420705E-002  -41.548666016569172     
   3.2682685965119432E-002   2.3813614635469879E-008   149.15630632864455        3.2682686039252978E-002  -41.548666016582345     
   3.2682685959586462E-002   2.4463563679909601E-008   149.15630632864455        3.2682686039063720E-002  -41.548666016576327     
   3.2682685954876715E-002   2.5017177470395368E-008   149.15630632864455        3.2682686038854776E-002  -41.548666016569840     
   3.2682685951037287E-002   2.5468854288699875E-008   149.15630632864455        3.2682686038628180E-002  -41.548666016582551     
   3.2682685948104216E-002   2.5814211510807186E-008   149.15630632864455        3.2682686038386116E-002  -41.548666016580064     
   3.2682685946104649E-002   2.6050130082579413E-008   149.15630632864455        3.2682686038130931E-002  -41.548666016568149     
   3.2682685945054926E-002   2.6174782611169292E-008   149.15630632864455        3.2682686037865102E-002  -41.548666016587902     
   3.2682685944956207E-002   2.6187644815416207E-008   149.15630632864455        3.2682686037591169E-002  -41.548666016575112     
   3.2682685945805187E-002   2.6089490306686242E-008   149.15630632864455        3.2682686037311760E-002  -41.548666016573726     
   3.2682685947583015E-002   2.5882368899159151E-008   149.15630632864455        3.2682686037029542E-002  -41.548666016563097     
   3.2682685950262788E-002   2.5569568872157994E-008   149.15630632864455        3.2682686036747177E-002  -41.548666016573364     
   3.2682685953805142E-002   2.5155563823162090E-008   149.15630632864455        3.2682686036467332E-002  -41.548666016576071     
   3.2682685958164405E-002   2.4645944956058843E-008   149.15630632864455        3.2682686036192614E-002  -41.548666016573250     
   3.2682685963283248E-002   2.4047339842046222E-008   149.15630632864455        3.2682686035925584E-002  -41.548666016580654     
   3.2682685969098561E-002   2.3367318867400247E-008   149.15630632864455        3.2682686035668686E-002  -41.548666016574764     
   3.2682685975537445E-002   2.2614290740747273E-008   149.15630632864455        3.2682686035424242E-002  -41.548666016568028     
   3.2682685982524967E-002   2.1797388570701122E-008   149.15630632864455        3.2682686035194468E-002  -41.548666016575396     
   3.2682685989977485E-002   2.0926348140416917E-008   149.15630632864455        3.2682686034981381E-002  -41.548666016576796     
   3.2682685997807832E-002   2.0011380097308698E-008   149.15630632864455        3.2682686034786829E-002  -41.548666016582217     
   3.2682686005927858E-002   1.9063037842992413E-008   149.15630632864455        3.2682686034612468E-002  -41.548666016573172     
   3.2682686014245281E-002   1.8092082949470244E-008   149.15630632864455        3.2682686034459729E-002  -41.548666016577371     
   3.2682686022669744E-002   1.7109349942198922E-008   149.15630632864455        3.2682686034329847E-002  -41.548666016580107     
   3.2682686031108563E-002   1.6125612278889407E-008   149.15630632864455        3.2682686034223793E-002  -41.548666016571055     
   3.2682686039471158E-002   1.5151451315424034E-008   149.15630632864455        3.2682686034142309E-002  -41.548666016569513     
   3.2682686047672341E-002   1.4197129987370070E-008   149.15630632864455        3.2682686034085896E-002  -41.548666016572575     
   3.2682686055625965E-002   1.3272472848571453E-008   149.15630632864455        3.2682686034054810E-002  -41.548666016572859     
   3.2682686063255584E-002   1.2386753998703871E-008   149.15630632864455        3.2682686034049065E-002  -41.548666016580967     
   3.2682686070485800E-002   1.1548594301126732E-008   149.15630632864455        3.2682686034068424E-002  -41.548666016570188     
   3.2682686077250757E-002   1.0765869143043455E-008   149.15630632864455        3.2682686034112424E-002  -41.548666016581983     
   3.2682686083489058E-002   1.0045627824123219E-008   149.15630632864455        3.2682686034180376E-002  -41.548666016582011     
   3.2682686089147421E-002   9.3940254799720097E-009   149.15630632864455        3.2682686034271366E-002  -41.548666016572206     
   3.2682686094181915E-002   8.8162682559079204E-009   149.15630632864455        3.2682686034384296E-002  -41.548666016581883     
   3.2682686098554153E-002   8.3165722473785003E-009   149.15630632864455        3.2682686034517863E-002  -41.548666016580611     
   3.2682686102237332E-002   7.8981365189005256E-009   149.15630632864455        3.2682686034670609E-002  -41.548666016571453     
   3.2682686105211953E-002   7.5631303067658260E-009   149.15630632864455        3.2682686034840910E-002  -41.548666016577670     
   3.2682686107467170E-002   7.3126943051636055E-009   149.15630632864455        3.2682686035027005E-002  -41.548666016580263     
   3.2682686108999749E-002   7.1469557335632589E-009   149.15630632864455        3.2682686035227032E-002  -41.548666016575538     
   3.2682686109816506E-002   7.0650566883879581E-009   149.15630632864455        3.2682686035439036E-002  -41.548666016578160     
   3.2682686109931629E-002   7.0651950970241194E-009   149.15630632864455        3.2682686035660984E-002  -41.548666016576632     
   3.2682686109365151E-002   7.1446774195125953E-009   149.15630632864455        3.2682686035890772E-002  -41.548666016575019     
   3.2682686108147348E-002   7.2999820856262977E-009   149.15630632864455        3.2682686036126299E-002  -41.548666016577634     
   3.2682686106312482E-002   7.5268325144656863E-009   149.15630632864455        3.2682686036365441E-002  -41.548666016574941     
   3.2682686103901723E-002   7.8202784421785260E-009   149.15630632864455        3.2682686036606089E-002  -41.548666016571580     
   3.2682686100960118E-002   8.1747841827496937E-009   149.15630632864455        3.2682686036846147E-002  -41.548666016573279     
   3.2682686097537432E-002   8.5843223681393283E-009   149.15630632864455        3.2682686037083603E-002  -41.548666016568575     
   3.2682686093687956E-002   9.0424716584375382E-009   149.15630632864455        3.2682686037316493E-002  -41.548666016584200     
   3.2682686089467332E-002   9.5425168807611187E-009   149.15630632864455        3.2682686037542936E-002  -41.548666016570557     
   3.2682686084932834E-002   1.0077550047577157E-008   149.15630632864455        3.2682686037761165E-002  -41.548666016577691     
   3.2682686080145538E-002   1.0640570720964278E-008   149.15630632864455        3.2682686037969512E-002  -41.548666016572881     
   3.2682686075159895E-002   1.1224584228467534E-008   149.15630632864455        3.2682686038166445E-002  -41.548666016579197     
   3.2682686070037194E-002   1.1822696297889369E-008   149.15630632864455        3.2682686038350561E-002  -41.548666016576860     
   3.2682686064833169E-002   1.2428202761243674E-008   149.15630632864455        3.2682686038520620E-002  -41.548666016580505     
   3.2682686059603547E-002   1.3034673080932460E-008   149.15630632864455        3.2682686038675503E-002  -41.548666016579013     
   3.2682686054399203E-002   1.3636026572062258E-008   149.15630632864455        3.2682686038814281E-002  -41.548666016566543     
   3.2682686049267280E-002   1.4226600331803437E-008   149.15630632864455        3.2682686038936148E-002  -41.548666016578814     
   3.2682686044255033E-002   1.4801208037167488E-008   149.15630632864455        3.2682686039040496E-002  -41.548666016576234     
   3.2682686039401408E-002   1.5355188934196844E-008   149.15630632864455        3.2682686039126857E-002  -41.548666016584818     
   3.2682686034741712E-002   1.5884446512151455E-008   149.15630632864455        3.2682686039194928E-002  -41.548666016579496     
   3.2682686030307849E-002   1.6385476532249243E-008   149.15630632864455        3.2682686039244575E-002  -41.548666016576284     
   3.2682686026124508E-002   1.6855384259639813E-008   149.15630632864455        3.2682686039275780E-002  -41.548666016564717     
   3.2682686022214621E-002   1.7291890926597272E-008   149.15630632864455        3.2682686039288707E-002  -41.548666016577137     
   3.2682686018593164E-002   1.7693329631171015E-008   149.15630632864455        3.2682686039283648E-002  -41.548666016580889     
   3.2682686015270884E-002   1.8058631046550199E-008   149.15630632864455        3.2682686039261014E-002  -41.548666016576277     
   3.2682686012253659E-002   1.8387299479050793E-008   149.15630632864455        3.2682686039221365E-002  -41.548666016576831     
   3.2682686009544160E-002   1.8679379964427574E-008   149.15630632864455        3.2682686039165333E-002  -41.548666016574501     
   3.2682686007139090E-002   1.8935417231123337E-008   149.15630632864455        3.2682686039093689E-002  -41.548666016568028     
   3.2682686005033379E-002   1.9156407482521196E-008   149.15630632864455        3.2682686039007279E-002  -41.548666016578309     
   3.2682686003217026E-002   1.9343744056520631E-008   149.15630632864455        3.2682686038907033E-002  -41.548666016572206     
   3.2682686001676849E-002   1.9499158108472252E-008   149.15630632864455        3.2682686038793957E-002  -41.548666016581919     
   3.2682686000400016E-002   1.9624655531029076E-008   149.15630632864455        3.2682686038669105E-002  -41.548666016572312     
   3.2682685999368057E-002   1.9722451371018613E-008   149.15630632864455        3.2682686038533595E-002  -41.548666016570493     
   3.2682685998564810E-002   1.9794903028387487E-008   149.15630632864455        3.2682686038388579E-002  -41.548666016575908     
   3.2682685997971250E-002   1.9844443525258843E-008   149.15630632864455        3.2682686038235244E-002  -41.548666016571744     
   3.2682685997567719E-002   1.9873516114327337E-008   149.15630632864455        3.2682686038074768E-002  -41.548666016569875     
   3.2682685997336473E-002   1.9884511455548611E-008   149.15630632864455        3.2682686037908373E-002  -41.548666016575531     
   3.2682685997260125E-002   1.9879708529096311E-008   149.15630632864455        3.2682686037737281E-002  -41.548666016565903     
   3.2682685997322429E-002   1.9861220372307395E-008   149.15630632864455        3.2682686037562698E-002  -41.548666016567481     
   3.2682685997507642E-002   1.9830945629614343E-008   149.15630632864455        3.2682686037385826E-002  -41.548666016580171     
   3.2682685997802885E-002   1.9790526789424529E-008   149.15630632864455        3.2682686037207830E-002  -41.548666016577144     
   3.2682685998198159E-002   1.9741315852502572E-008   149.15630632864455        3.2682686037029895E-002  -41.548666016569086     
   3.2682685998684499E-002   1.9684348034526292E-008   149.15630632864455        3.2682686036853127E-002  -41.548666016570913     
   3.2682685999256549E-002   1.9620323953841089E-008   149.15630632864455        3.2682686036678635E-002  -41.548666016573875     
   3.2682685999911955E-002   1.9549600596460651E-008   149.15630632864455        3.2682686036507473E-002  -41.548666016568689     
   3.2682686000648338E-002   1.9472191186593538E-008   149.15630632864455        3.2682686036340669E-002  -41.548666016572490     
   3.2682686001469480E-002   1.9387773925217498E-008   149.15630632864455        3.2682686036179194E-002  -41.548666016574671     
   3.2682686002379217E-002   1.9295709394574671E-008   149.15630632864455        3.2682686036023992E-002  -41.548666016572291     
   3.2682686003384254E-002   1.9195066264964445E-008   149.15630632864455        3.2682686035875937E-002  -41.548666016576384     
   3.2682686004493998E-002   1.9084654785312119E-008   149.15630632864455        3.2682686035735882E-002  -41.548666016574550     
   3.2682686005716291E-002   1.8963067392729934E-008   149.15630632864455        3.2682686035604612E-002  -41.548666016577144     
   3.2682686007065934E-002   1.8828725641494726E-008   149.15630632864455        3.2682686035482862E-002  -41.548666016580619     
   3.2682686008553133E-002   1.8679932530656626E-008   149.15630632864455        3.2682686035371313E-002  -41.548666016577272     
   3.2682686010191156E-002   1.8514929203703120E-008   149.15630632864455        3.2682686035270601E-002  -41.548666016575808     
   3.2682686011992673E-002   1.8331954905689522E-008   149.15630632864455        3.2682686035181312E-002  -41.548666016573733     
   3.2682686013968676E-002   1.8129309014023410E-008   149.15630632864455        3.2682686035103957E-002  -41.548666016571609     
   3.2682686016130676E-002   1.7905413910012424E-008   149.15630632864455        3.2682686035039002E-002  -41.548666016573428     
   3.2682686018486763E-002   1.7658877430430155E-008   149.15630632864455        3.2682686034986849E-002  -41.548666016567488     
   3.2682686021046750E-002   1.7388553632156783E-008   149.15630632864455        3.2682686034947839E-002  -41.548666016569797     
   3.2682686023811532E-002   1.7093600618465893E-008   149.15630632864455        3.2682686034922255E-002  -41.548666016570770     
   3.2682686026783057E-002   1.6773534212894335E-008   149.15630632864455        3.2682686034910299E-002  -41.548666016562507     
   3.2682686029960738E-002   1.6428276325221793E-008   149.15630632864455        3.2682686034912131E-002  -41.548666016573605     
   3.2682686033337967E-002   1.6058196932985090E-008   149.15630632864455        3.2682686034927806E-002  -41.548666016572618     
   3.2682686036905488E-002   1.5664148700006836E-008   149.15630632864455        3.2682686034957345E-002  -41.548666016571545     
   3.2682686040648098E-002   1.5247493369380241E-008   149.15630632864455        3.2682686035000658E-002  -41.548666016572042     
   3.2682686044548825E-002   1.4810119200127770E-008   149.15630632864455        3.2682686035057591E-002  -41.548666016570969     
   3.2682686048585367E-002   1.4354448862256538E-008   149.15630632864455        3.2682686035127917E-002  -41.548666016580178     
   3.2682686052729622E-002   1.3883437362376815E-008   149.15630632864455        3.2682686035211322E-002  -41.548666016572973     
   3.2682686056951793E-002   1.3400559738363901E-008   149.15630632864455        3.2682686035307384E-002  -41.548666016576959     
   3.2682686061216042E-002   1.2909788434339288E-008   149.15630632864455        3.2682686035415624E-002  -41.548666016577151     
   3.2682686065485203E-002   1.2415560443907328E-008   149.15630632864455        3.2682686035535466E-002  -41.548666016573570     
   3.2682686069715625E-002   1.1922734486989346E-008   149.15630632864455        3.2682686035666236E-002  -41.548666016565683     
   3.2682686073864153E-002   1.1436538661006741E-008   149.15630632864455        3.2682686035807179E-002  -41.548666016585869     
   3.2682686077882286E-002   1.0962509177762149E-008   149.15630632864455        3.2682686035957455E-002  -41.548666016575076     
   3.2682686081722208E-002   1.0506420960336797E-008   149.15630632864455        3.2682686036116119E-002  -41.548666016576711     
   3.2682686085333618E-002   1.0074211026797619E-008   149.15630632864455        3.2682686036282167E-002  -41.548666016577144     
   3.2682686088667680E-002   9.6718957271847022E-009   149.15630632864455        3.2682686036454495E-002  -41.548666016572454     
   3.2682686091672845E-002   9.3054830246496759E-009   149.15630632864455        3.2682686036631929E-002  -41.548666016582096     
   3.2682686094300251E-002   8.9808811183627475E-009   149.15630632864455        3.2682686036813235E-002  -41.548666016572191     
   3.2682686096503911E-002   8.7038047935999336E-009   149.15630632864455        3.2682686036997081E-002  -41.548666016573250     
   3.2682686098238517E-002   8.4796809509805272E-009   149.15630632864455        3.2682686037182100E-002  -41.548666016579965     
   3.2682686099465820E-002   8.3135548111861499E-009   149.15630632864455        3.2682686037366890E-002  -41.548666016577791     
   3.2682686100145936E-002   8.2099983129486488E-009   149.15630632864455        3.2682686037549973E-002  -41.548666016569818     
   3.2682686100249589E-002   8.1730222195157883E-009   149.15630632864455        3.2682686037729870E-002  -41.548666016574785     
   3.2682686099749302E-002   8.2059934224009199E-009   149.15630632864455        3.2682686037905084E-002  -41.548666016575901     
   3.2682686098626582E-002   8.3115588809167781E-009   149.15630632864455        3.2682686038074095E-002  -41.548666016579574     
   3.2682686096866913E-002   8.4915775624460682E-009   149.15630632864455        3.2682686038235403E-002  -41.548666016581102     
   3.2682686094464543E-002   8.7470616523663167E-009   149.15630632864455        3.2682686038387532E-002  -41.548666016572859     
   3.2682686091421879E-002   9.0781281852228996E-009   149.15630632864455        3.2682686038529030E-002  -41.548666016584072     
   3.2682686087747700E-002   9.4839621119398710E-009   149.15630632864455        3.2682686038658509E-002  -41.548666016581706     
   3.2682686083460429E-002   9.9627916632109613E-009   149.15630632864455        3.2682686038774639E-002  -41.548666016574259     
   3.2682686078584038E-002   1.0511876699060274E-008   149.15630632864455        3.2682686038876183E-002  -41.548666016575709     
   3.2682686073154041E-002   1.1127510551210199E-008   149.15630632864455        3.2682686038961982E-002  -41.548666016578103     
   3.2682686067211024E-002   1.1805035671074128E-008   149.15630632864455        3.2682686039030989E-002  -41.548666016566379     
   3.2682686060805897E-002   1.2538873194785816E-008   149.15630632864455        3.2682686039082295E-002  -41.548666016569797     
   3.2682686053993867E-002   1.3322566330547218E-008   149.15630632864455        3.2682686039115130E-002  -41.548666016573421     
   3.2682686046838355E-002   1.4148837265865526E-008   149.15630632864455        3.2682686039128848E-002  -41.548666016572795     
   3.2682686039408958E-002   1.5009657086124884E-008   149.15630632864455        3.2682686039122985E-002  -41.548666016572042     
   3.2682686031781559E-002   1.5896327994406930E-008   149.15630632864455        3.2682686039097235E-002  -41.548666016572334     
   3.2682686024033666E-002   1.6799576928712919E-008   149.15630632864455        3.2682686039051494E-002  -41.548666016583383     
   3.2682686016250059E-002   1.7709659489746296E-008   149.15630632864455        3.2682686038985824E-002  -41.548666016575346     
   3.2682686008516940E-002   1.8616472922905991E-008   149.15630632864455        3.2682686038900476E-002  -41.548666016571865     
   3.2682686000921758E-002   1.9509676745038199E-008   149.15630632864455        3.2682686038795900E-002  -41.548666016573655     
   3.2682685993551973E-002   2.0378819472059107E-008   149.15630632864455        3.2682686038672755E-002  -41.548666016572241     
   3.2682685986498254E-002   2.1213469789900290E-008   149.15630632864455        3.2682686038531868E-002  -41.548666016574252     
   3.2682685979843737E-002   2.2003350420541893E-008   149.15630632864455        3.2682686038374285E-002  -41.548666016563779     
   3.2682685973675518E-002   2.2738472868538968E-008   149.15630632864455        3.2682686038201215E-002  -41.548666016575005     
   3.2682685968071536E-002   2.3409271192613153E-008   149.15630632864455        3.2682686038014053E-002  -41.548666016576341     
   3.2682685963107035E-002   2.4006732932540210E-008   149.15630632864455        3.2682686037814372E-002  -41.548666016575460     
   3.2682685958852535E-002   2.4522525334125081E-008   149.15630632864455        3.2682686037603895E-002  -41.548666016580029     
   3.2682685955370036E-002   2.4949115054595870E-008   149.15630632864455        3.2682686037384480E-002  -41.548666016574622     
   3.2682685952712481E-002   2.5279879596987637E-008   149.15630632864455        3.2682686037158119E-002  -41.548666016577357     
   3.2682685950927423E-002   2.5509208814075776E-008   149.15630632864455        3.2682686036926922E-002  -41.548666016580903     
   3.2682685950049507E-002   2.5632594939449137E-008   149.15630632864455        3.2682686036693061E-002  -41.548666016574096     
   3.2682685950106205E-002   2.5646709743639283E-008   149.15630632864455        3.2682686036458811E-002  -41.548666016580420     
   3.2682685951112914E-002   2.5549467574735551E-008   149.15630632864455        3.2682686036226476E-002  -41.548666016574444     
   3.2682685953073658E-002   2.5340073224304169E-008   149.15630632864455        3.2682686035998373E-002  -41.548666016584022     
   3.2682685955981713E-002   2.5019053757270250E-008   149.15630632864455        3.2682686035776849E-002  -41.548666016574501     
   3.2682685959821434E-002   2.4588273656458345E-008   149.15630632864455        3.2682686035564179E-002  -41.548666016584903     
   3.2682685964561448E-002   2.4050932856154919E-008   149.15630632864455        3.2682686035362639E-002  -41.548666016574948     
   3.2682685970161954E-002   2.3411547470248419E-008   149.15630632864455        3.2682686035174394E-002  -41.548666016573513     
   3.2682685976572853E-002   2.2675913256787573E-008   149.15630632864455        3.2682686035001518E-002  -41.548666016570188     
   3.2682685983731641E-002   2.1851052098659329E-008   149.15630632864455        3.2682686034845969E-002  -41.548666016581521     
   3.2682685991569232E-002   2.0945142015930187E-008   149.15630632864455        3.2682686034709543E-002  -41.548666016574053     
   3.2682686000004721E-002   1.9967431455906882E-008   149.15630632864455        3.2682686034593886E-002  -41.548666016573058     
   3.2682686008949906E-002   1.8928138828986649E-008   149.15630632864455        3.2682686034500440E-002  -41.548666016575304     
   3.2682686018310501E-002   1.7838338468452868E-008   149.15630632864455        3.2682686034430440E-002  -41.548666016580384     
   3.2682686027985484E-002   1.6709834387551721E-008   149.15630632864455        3.2682686034384907E-002  -41.548666016581898     
   3.2682686037868641E-002   1.5555023384826457E-008   149.15630632864455        3.2682686034364611E-002  -41.548666016566443     
   3.2682686047850837E-002   1.4386749205742142E-008   149.15630632864455        3.2682686034370065E-002  -41.548666016571026     
   3.2682686057819613E-002   1.3218149603071354E-008   149.15630632864455        3.2682686034401547E-002  -41.548666016577329     
   3.2682686067663572E-002   1.2062498248264919E-008   149.15630632864455        3.2682686034459056E-002  -41.548666016583923     
   3.2682686077269700E-002   1.0933043529369822E-008   149.15630632864455        3.2682686034542316E-002  -41.548666016576512     
   3.2682686086526760E-002   9.8428463266502537E-009   149.15630632864455        3.2682686034650771E-002  -41.548666016576426     
   3.2682686095328935E-002   8.8046188842394095E-009   149.15630632864455        3.2682686034783616E-002  -41.548666016579212     
   3.2682686103571154E-002   7.8305668940306908E-009   149.15630632864455        3.2682686034939769E-002  -41.548666016572021     
   3.2682686111158023E-002   6.9322368767339346E-009   149.15630632864455        3.2682686035117897E-002  -41.548666016573428     
   3.2682686117998502E-002   6.1203708850215089E-009   149.15630632864455        3.2682686035316419E-002  -41.548666016564439     
   3.2682686124009500E-002   5.4047704653622642E-009   149.15630632864455        3.2682686035533530E-002  -41.548666016572376     
   3.2682686129119086E-002   4.7941717000378749E-009   149.15630632864455        3.2682686035767211E-002  -41.548666016565008     
   3.2682686133262938E-002   4.2961330101480216E-009   149.15630632864455        3.2682686036015249E-002  -41.548666016573392     
   3.2682686136390318E-002   3.9169372362339472E-009   149.15630632864455        3.2682686036275263E-002  -41.548666016575950     
   3.2682686138459038E-002   3.6615093276430558E-009   149.15630632864455        3.2682686036544714E-002  -41.548666016571353     
   3.2682686139441218E-002   3.5333507674373129E-009   149.15630632864455        3.2682686036820952E-002  -41.548666016571481     
   3.2682686139320564E-002   3.5344916395105094E-009   149.15630632864455        3.2682686037101234E-002  -41.548666016578970     
   3.2682686138094788E-002   3.6654610114014553E-009   149.15630632864455        3.2682686037382745E-002  -41.548666016572398     
   3.2682686135771966E-002   3.9252760634932215E-009   149.15630632864455        3.2682686037662639E-002  -41.548666016576455     
   3.2682686132374350E-002   4.3114501462084540E-009   149.15630632864455        3.2682686037938072E-002  -41.548666016563466     
   3.2682686127938086E-002   4.8200196948207591E-009   149.15630632864455        3.2682686038206225E-002  -41.548666016578203     
   3.2682686122508596E-002   5.4455896803252994E-009   149.15630632864455        3.2682686038464331E-002  -41.548666016570238     
   3.2682686116144347E-002   6.1813970277003754E-009   149.15630632864455        3.2682686038709705E-002  -41.548666016574131     
   3.2682686108914137E-002   7.0193911934578935E-009   149.15630632864455        3.2682686038939798E-002  -41.548666016568852     
   3.2682686100897765E-002   7.9503308658933065E-009   149.15630632864455        3.2682686039152191E-002  -41.548666016570593     
   3.2682686092184235E-002   8.9638955370687209E-009   149.15630632864455        3.2682686039344641E-002  -41.548666016571154     
   3.2682686082866695E-002   1.0048810498442315E-008   149.15630632864455        3.2682686039515116E-002  -41.548666016574060     
   3.2682686073052365E-002   1.1192983634591012E-008   149.15630632864455        3.2682686039661783E-002  -41.548666016569605     
   3.2682686062847424E-002   1.2383652234460609E-008   149.15630632864455        3.2682686039783061E-002  -41.548666016569442     
   3.2682686052365927E-002   1.3607537909001834E-008   149.15630632864455        3.2682686039877631E-002  -41.548666016579929     
   3.2682686041722434E-002   1.4851007599628675E-008   149.15630632864455        3.2682686039944453E-002  -41.548666016576242     
   3.2682686031035586E-002   1.6100238585246498E-008   149.15630632864455        3.2682686039982749E-002  -41.548666016573293     
   3.2682686020423138E-002   1.7341385347547587E-008   149.15630632864455        3.2682686039992068E-002  -41.548666016571012     
   3.2682686009999969E-002   1.8560746135424023E-008   149.15630632864455        3.2682686039972229E-002  -41.548666016575133     
   3.2682685999881084E-002   1.9744927080048576E-008   149.15630632864455        3.2682686039923387E-002  -41.548666016564177     
   3.2682685990177006E-002   2.0881001752157614E-008   149.15630632864455        3.2682686039845969E-002  -41.548666016579240     
   3.2682685980989480E-002   2.1956664121615589E-008   149.15630632864455        3.2682686039740720E-002  -41.548666016579183     
   3.2682685972418989E-002   2.2960372975348663E-008   149.15630632864455        3.2682686039608659E-002  -41.548666016575041     
   3.2682685964553981E-002   2.3881485972179752E-008   149.15630632864455        3.2682686039451105E-002  -41.548666016568227     
   3.2682685957476934E-002   2.4710381659576979E-008   149.15630632864455        3.2682686039269611E-002  -41.548666016581180     
   3.2682685951259900E-002   2.5438567946159964E-008   149.15630632864455        3.2682686039066003E-002  -41.548666016574387     
   3.2682685945963685E-002   2.6058775712626073E-008   149.15630632864455        3.2682686038842307E-002  -41.548666016569271     
   3.2682685941640033E-002   2.6565036449184154E-008   149.15630632864455        3.2682686038600778E-002  -41.548666016576249     
   3.2682685938327093E-002   2.6952743027521911E-008   149.15630632864455        3.2682686038343824E-002  -41.548666016575851     
   3.2682685936052128E-002   2.7218692946070509E-008   149.15630632864455        3.2682686038074039E-002  -41.548666016576220     
   3.2682685934830508E-002   2.7361113625887966E-008   149.15630632864455        3.2682686037794111E-002  -41.548666016578771     
   3.2682685934665681E-002   2.7379669577199211E-008   149.15630632864455        3.2682686037506847E-002  -41.548666016575474     
   3.2682685935548655E-002   2.7275451500325100E-008   149.15630632864455        3.2682686037215088E-002  -41.548666016576902     
   3.2682685937456386E-002   2.7050947626056512E-008   149.15630632864455        3.2682686036921725E-002  -41.548666016580007     
   3.2682685940358239E-002   2.6709997835809279E-008   149.15630632864455        3.2682686036629660E-002  -41.548666016578210     
   3.2682685944210414E-002   2.6257731328081393E-008   149.15630632864455        3.2682686036341731E-002  -41.548666016574664     
   3.2682685948959483E-002   2.5700488811676159E-008   149.15630632864455        3.2682686036060754E-002  -41.548666016568539     
   3.2682685954542184E-002   2.5045730404899055E-008   149.15630632864455        3.2682686035789429E-002  -41.548666016571843     
   3.2682685960886762E-002   2.4301930600799817E-008   149.15630632864455        3.2682686035530345E-002  -41.548666016578359     
   3.2682685967915168E-002   2.3478461819225502E-008   149.15630632864455        3.2682686035285929E-002  -41.548666016569953     
   3.2682685975539527E-002   2.2585468204568304E-008   149.15630632864455        3.2682686035058472E-002  -41.548666016574295     
   3.2682685983668767E-002   2.1633731441960888E-008   149.15630632864455        3.2682686034850021E-002  -41.548666016568163     
   3.2682685992208076E-002   2.0634530453240267E-008   149.15630632864455        3.2682686034662435E-002  -41.548666016572724     
   3.2682686001059807E-002   1.9599496895617647E-008   149.15630632864455        3.2682686034497352E-002  -41.548666016579205     
   3.2682686010121809E-002   1.8540468420368541E-008   149.15630632864455        3.2682686034356132E-002  -41.548666016578693     
   3.2682686019293812E-002   1.7469341655729367E-008   149.15630632864455        3.2682686034239877E-002  -41.548666016573769     
   3.2682686028476383E-002   1.6397926857479717E-008   149.15630632864455        3.2682686034149443E-002  -41.548666016573399     
   3.2682686037569089E-002   1.5337806123321031E-008   149.15630632864455        3.2682686034085390E-002  -41.548666016577521     
   3.2682686046479746E-002   1.4300196993512939E-008   149.15630632864455        3.2682686034048003E-002  -41.548666016578224     
   3.2682686055113014E-002   1.3295823162111140E-008   149.15630632864455        3.2682686034037282E-002  -41.548666016578210     
   3.2682686063386208E-002   1.2334793901913785E-008   149.15630632864455        3.2682686034052964E-002  -41.548666016575865     
   3.2682686071216709E-002   1.1426493663810897E-008   149.15630632864455        3.2682686034094501E-002  -41.548666016570699     
   3.2682686078532211E-002   1.0579483150081870E-008   149.15630632864455        3.2682686034161100E-002  -41.548666016573065     
   3.2682686085267962E-002   9.8014129836400306E-009   149.15630632864455        3.2682686034251715E-002  -41.548666016572753     
   3.2682686091365196E-002   9.0989509039914577E-009   149.15630632864455        3.2682686034365069E-002  -41.548666016569967     
   3.2682686096776083E-002   8.4777232187611389E-009   149.15630632864455        3.2682686034499676E-002  -41.548666016577258     
   3.2682686101461210E-002   7.9422710300999887E-009   149.15630632864455        3.2682686034653845E-002  -41.548666016569499     
   3.2682686105390567E-002   7.4960215409815699E-009   149.15630632864455        3.2682686034825735E-002  -41.548666016584711     
   3.2682686108542434E-002   7.1412745307805601E-009   149.15630632864455        3.2682686035013328E-002  -41.548666016572668     
   3.2682686110905988E-002   6.8792038756010352E-009   149.15630632864455        3.2682686035214494E-002  -41.548666016580668     
   3.2682686112480278E-002   6.7098737796414180E-009   149.15630632864455        3.2682686035427011E-002  -41.548666016575318     
   3.2682686113271908E-002   6.6322691825845494E-009   149.15630632864455        3.2682686035648577E-002  -41.548666016575112     
   3.2682686113297041E-002   6.6443396172822230E-009   149.15630632864455        3.2682686035876839E-002  -41.548666016580057     
   3.2682686112580871E-002   6.7430556145722439E-009   149.15630632864455        3.2682686036109437E-002  -41.548666016575062     
   3.2682686111153769E-002   6.9244765904959200E-009   149.15630632864455        3.2682686036344007E-002  -41.548666016576504     
   3.2682686109056183E-002   7.1838290074486614E-009   149.15630632864455        3.2682686036578222E-002  -41.548666016577286     
   3.2682686106333909E-002   7.5155934769222006E-009   149.15630632864455        3.2682686036809815E-002  -41.548666016568731     
   3.2682686103037061E-002   7.9135993691559043E-009   149.15630632864455        3.2682686037036598E-002  -41.548666016572582     
   3.2682686099222244E-002   8.3711254151117523E-009   149.15630632864455        3.2682686037256478E-002  -41.548666016568475     
   3.2682686094949426E-002   8.8810047300399806E-009   149.15630632864455        3.2682686037467511E-002  -41.548666016588463     
   3.2682686090282180E-002   9.4357326559027965E-009   149.15630632864455        3.2682686037667864E-002  -41.548666016569264     
   3.2682686085283845E-002   1.0027575811996830E-008   149.15630632864455        3.2682686037855881E-002  -41.548666016577421     
   3.2682686080020236E-002   1.0648680759356207E-008   149.15630632864455        3.2682686038030075E-002  -41.548666016575815     
   3.2682686074558036E-002   1.1291180724357648E-008   149.15630632864455        3.2682686038189142E-002  -41.548666016575638     
   3.2682686068963775E-002   1.1947298889275920E-008   149.15630632864455        3.2682686038331972E-002  -41.548666016576163     
   3.2682686063301748E-002   1.2609446841249807E-008   149.15630632864455        3.2682686038457663E-002  -41.548666016575488     
   3.2682686057632936E-002   1.3270316874661786E-008   149.15630632864455        3.2682686038565514E-002  -41.548666016572959     
   3.2682686052017157E-002   1.3922966963550618E-008   149.15630632864455        3.2682686038655026E-002  -41.548666016567658     
   3.2682686046509063E-002   1.4560897357875109E-008   149.15630632864455        3.2682686038725907E-002  -41.548666016575034     
   3.2682686041161348E-002   1.5178117908487308E-008   149.15630632864455        3.2682686038778080E-002  -41.548666016573435     
   3.2682686036019877E-002   1.5769205387806454E-008   149.15630632864455        3.2682686038811637E-002  -41.548666016582338     
   3.2682686031127110E-002   1.6329350243441133E-008   149.15630632864455        3.2682686038826889E-002  -41.548666016580185     
   3.2682686026518332E-002   1.6854392398276648E-008   149.15630632864455        3.2682686038824314E-002  -41.548666016569022     
   3.2682686022226549E-002   1.7340845889517072E-008   149.15630632864455        3.2682686038804559E-002  -41.548666016568262     
   3.2682686018274593E-002   1.7785912318233808E-008   149.15630632864455        3.2682686038768428E-002  -41.548666016574721     
   3.2682686014684575E-002   1.8187483257352718E-008   149.15630632864455        3.2682686038716859E-002  -41.548666016569285     
   3.2682686011469585E-002   1.8544131936947145E-008   149.15630632864455        3.2682686038650925E-002  -41.548666016574735     
   3.2682686008635109E-002   1.8855094688522572E-008   149.15630632864455        3.2682686038571801E-002  -41.548666016581308     
   3.2682686006187518E-002   1.9120242782311265E-008   149.15630632864455        3.2682686038480749E-002  -41.548666016577151     
   3.2682686004123461E-002   1.9340045431298345E-008   149.15630632864455        3.2682686038379094E-002  -41.548666016576263     
   3.2682686002437136E-002   1.9515524860382400E-008   149.15630632864455        3.2682686038268252E-002  -41.548666016576661     
   3.2682686001117560E-002   1.9648204447267655E-008   149.15630632864455        3.2682686038149632E-002  -41.548666016575304     
   3.2682686000148564E-002   1.9740051031713764E-008   149.15630632864455        3.2682686038024683E-002  -41.548666016572497     
   3.2682685999514273E-002   1.9793412560533393E-008   149.15630632864455        3.2682686037894856E-002  -41.548666016571801     
   3.2682685999193023E-002   1.9810952286257335E-008   149.15630632864455        3.2682686037761581E-002  -41.548666016570245     
   3.2682685999162069E-002   1.9795580767061300E-008   149.15630632864455        3.2682686037626252E-002  -41.548666016572533     
   3.2682685999397512E-002   1.9750386924237845E-008   149.15630632864455        3.2682686037490229E-002  -41.548666016569712     
   3.2682685999873319E-002   1.9678569401267941E-008   149.15630632864455        3.2682686037354795E-002  -41.548666016577002     
   3.2682686000564051E-002   1.9583369436014798E-008   149.15630632864455        3.2682686037221187E-002  -41.548666016570991     
   3.2682686001442890E-002   1.9468006404986445E-008   149.15630632864455        3.2682686037090548E-002  -41.548666016567900     
   3.2682686002485181E-002   1.9335617127614684E-008   149.15630632864455        3.2682686036963920E-002  -41.548666016573051     
   3.2682686003665584E-002   1.9189199930286801E-008   149.15630632864455        3.2682686036842268E-002  -41.548666016582665     
   3.2682686004962401E-002   1.9031564365818136E-008   149.15630632864455        3.2682686036726444E-002  -41.548666016584690     
   3.2682686006352608E-002   1.8865287366352274E-008   149.15630632864455        3.2682686036617198E-002  -41.548666016562805     
   3.2682686007818276E-002   1.8692676478247646E-008   149.15630632864455        3.2682686036515161E-002  -41.548666016575837     
   3.2682686009341551E-002   1.8515740688604456E-008   149.15630632864455        3.2682686036420862E-002  -41.548666016574352     
   3.2682686010907402E-002   1.8336169207109939E-008   149.15630632864455        3.2682686036334729E-002  -41.548666016571168     
   3.2682686012506422E-002   1.8155318416452068E-008   149.15630632864455        3.2682686036257076E-002  -41.548666016567765     
   3.2682686014126612E-002   1.7974207051960299E-008   149.15630632864455        3.2682686036188117E-002  -41.548666016579844     
   3.2682686015761873E-002   1.7793519519043813E-008   149.15630632864455        3.2682686036127964E-002  -41.548666016572064     
   3.2682686017408327E-002   1.7613617108234031E-008   149.15630632864455        3.2682686036076651E-002  -41.548666016578871     
   3.2682686019063600E-002   1.7434556724098120E-008   149.15630632864455        3.2682686036034116E-002  -41.548666016579467     
   3.2682686020728671E-002   1.7256116608849810E-008   149.15630632864455        3.2682686036000212E-002  -41.548666016582430     
   3.2682686022406662E-002   1.7077828416317121E-008   149.15630632864455        3.2682686035974753E-002  -41.548666016579944     
   3.2682686024098871E-002   1.6899014878684927E-008   149.15630632864455        3.2682686035957462E-002  -41.548666016577364     
   3.2682686025812251E-002   1.6718832209437812E-008   149.15630632864455        3.2682686035948032E-002  -41.548666016572810     
   3.2682686027552567E-002   1.6536316302532248E-008   149.15630632864455        3.2682686035946103E-002  -41.548666016571772     
   3.2682686029326481E-002   1.6350431721446012E-008   149.15630632864455        3.2682686035951300E-002  -41.548666016575659     
   3.2682686031140197E-002   1.6160122423461476E-008   149.15630632864455        3.2682686035963200E-002  -41.548666016572767     
   3.2682686033000952E-002   1.5964363135042158E-008   149.15630632864455        3.2682686035981373E-002  -41.548666016574970     
   3.2682686034913991E-002   1.5762210283902951E-008   149.15630632864455        3.2682686036005396E-002  -41.548666016570316     
   3.2682686036882305E-002   1.5552851402634057E-008   149.15630632864455        3.2682686036034823E-002  -41.548666016570607     
   3.2682686038912237E-002   1.5335651947103491E-008   149.15630632864455        3.2682686036069220E-002  -41.548666016568845     
   3.2682686041002600E-002   1.5110198519976878E-008   149.15630632864455        3.2682686036108168E-002  -41.548666016572597     
   3.2682686043154281E-002   1.4876337554740160E-008   149.15630632864455        3.2682686036151258E-002  -41.548666016576874     
   3.2682686045362230E-002   1.4634208597441238E-008   149.15630632864455        3.2682686036198109E-002  -41.548666016567047     
   3.2682686047623470E-002   1.4384271420526807E-008   149.15630632864455        3.2682686036248347E-002  -41.548666016578807     
   3.2682686049927238E-002   1.4127326314159416E-008   149.15630632864455        3.2682686036301631E-002  -41.548666016561754     
   3.2682686052263224E-002   1.3864527023413920E-008   149.15630632864455        3.2682686036357635E-002  -41.548666016569427     
   3.2682686054618208E-002   1.3597385932474573E-008   149.15630632864455        3.2682686036416067E-002  -41.548666016571318     
   3.2682686056974199E-002   1.3327771237292493E-008   149.15630632864455        3.2682686036476657E-002  -41.548666016570678     
   3.2682686059311919E-002   1.3057895993955317E-008   149.15630632864455        3.2682686036539149E-002  -41.548666016582416     
   3.2682686061610011E-002   1.2790299078574174E-008   149.15630632864455        3.2682686036603299E-002  -41.548666016570991     
   3.2682686063843523E-002   1.2527818243333772E-008   149.15630632864455        3.2682686036668893E-002  -41.548666016574039     
   3.2682686065987426E-002   1.2273555600146100E-008   149.15630632864455        3.2682686036735714E-002  -41.548666016576306     
   3.2682686068011571E-002   1.2030836005507262E-008   149.15630632864455        3.2682686036803556E-002  -41.548666016570635     
   3.2682686069889569E-002   1.1803158955329318E-008   149.15630632864455        3.2682686036872223E-002  -41.548666016575602     
   3.2682686071588175E-002   1.1594144724263309E-008   149.15630632864455        3.2682686036941501E-002  -41.548666016582352     
   3.2682686073080093E-002   1.1407475598388950E-008   149.15630632864455        3.2682686037011181E-002  -41.548666016569626     
   3.2682686074333105E-002   1.1246833151256929E-008   149.15630632864455        3.2682686037081021E-002  -41.548666016573172     
   3.2682686075319455E-002   1.1115832598831812E-008   149.15630632864455        3.2682686037150799E-002  -41.548666016578544     
   3.2682686076010804E-002   1.1017955338037899E-008   149.15630632864455        3.2682686037220250E-002  -41.548666016576163     
   3.2682686076380765E-002   1.0956480824727997E-008   149.15630632864455        3.2682686037289084E-002  -41.548666016578650     
   3.2682686076405704E-002   1.0934418979050908E-008   149.15630632864455        3.2682686037356988E-002  -41.548666016575048     
   3.2682686076064962E-002   1.0954444318813250E-008   149.15630632864455        3.2682686037423629E-002  -41.548666016578615     
   3.2682686075341701E-002   1.1018833014050952E-008   149.15630632864455        3.2682686037488647E-002  -41.548666016565598     
   3.2682686074221694E-002   1.1129404028786014E-008   149.15630632864455        3.2682686037551638E-002  -41.548666016569015     
   3.2682686072696719E-002   1.1287465468835024E-008   149.15630632864455        3.2682686037612194E-002  -41.548666016584583     
   3.2682686070761857E-002   1.1493767188636890E-008   149.15630632864455        3.2682686037669842E-002  -41.548666016569832     
   3.2682686068419092E-002   1.1748460625708072E-008   149.15630632864455        3.2682686037724146E-002  -41.548666016570110     
   3.2682686065674572E-002   1.2051066730186136E-008   149.15630632864455        3.2682686037774585E-002  -41.548666016571325     
   3.2682686062538144E-002   1.2400452740331625E-008   149.15630632864455        3.2682686037820666E-002  -41.548666016581457     
   3.2682686059028562E-002   1.2794818424445668E-008   149.15630632864455        3.2682686037861862E-002  -41.548666016571218     
   3.2682686055168074E-002   1.3231692267614509E-008   149.15630632864455        3.2682686037897660E-002  -41.548666016574600     
   3.2682686050986100E-002   1.3707937929948765E-008   149.15630632864455        3.2682686037927539E-002  -41.548666016578935     
   3.2682686046513934E-002   1.4219771144190269E-008   149.15630632864455        3.2682686037950985E-002  -41.548666016576952     
   3.2682686041792329E-002   1.4762787056749630E-008   149.15630632864455        3.2682686037967507E-002  -41.548666016579524     
   3.2682686036863029E-002   1.5331997850349316E-008   149.15630632864455        3.2682686037976659E-002  -41.548666016571026     
   3.2682686031775536E-002   1.5921880321038993E-008   149.15630632864455        3.2682686037977998E-002  -41.548666016577592     
   3.2682686026581267E-002   1.6526432919741942E-008   149.15630632864455        3.2682686037971156E-002  -41.548666016570415     
   3.2682686021333660E-002   1.7139241611486786E-008   149.15630632864455        3.2682686037955794E-002  -41.548666016576668     
   3.2682686016092352E-002   1.7753553756804640E-008   149.15630632864455        3.2682686037931653E-002  -41.548666016575162     
   3.2682686010915271E-002   1.8362359081370751E-008   149.15630632864455        3.2682686037898527E-002  -41.548666016576668     
   3.2682686005863749E-002   1.8958476674379809E-008   149.15630632864455        3.2682686037856304E-002  -41.548666016580775     
   3.2682686000999189E-002   1.9534646845506192E-008   149.15630632864455        3.2682686037804942E-002  -41.548666016580164     
   3.2682685996382257E-002   2.0083626576230651E-008   149.15630632864455        3.2682686037744504E-002  -41.548666016570863     
   3.2682685992073454E-002   2.0598287225545649E-008   149.15630632864455        3.2682686037675143E-002  -41.548666016575780     
   3.2682685988128971E-002   2.1071713094010155E-008   149.15630632864455        3.2682686037597102E-002  -41.548666016570778     
   3.2682685984605005E-002   2.1497299414665790E-008   149.15630632864455        3.2682686037510740E-002  -41.548666016575702     
   3.2682685981553723E-002   2.1868848325374498E-008   149.15630632864455        3.2682686037416510E-002  -41.548666016579105     
   3.2682685979019688E-002   2.2180661384851500E-008   149.15630632864455        3.2682686037314973E-002  -41.548666016576647     
   3.2682685977046787E-002   2.2427627224344069E-008   149.15630632864455        3.2682686037206789E-002  -41.548666016574806     
   3.2682685975670658E-002   2.2605302978290281E-008   149.15630632864455        3.2682686037092727E-002  -41.548666016573286     
   3.2682685974920973E-002   2.2709988209498991E-008   149.15630632864455        3.2682686036973649E-002  -41.548666016580107     
   3.2682685974820297E-002   2.2738790136813726E-008   149.15630632864455        3.2682686036850483E-002  -41.548666016576448     
   3.2682685975384568E-002   2.2689679084495070E-008   149.15630632864455        3.2682686036724265E-002  -41.548666016570735     
   3.2682685976622244E-002   2.2561533201232043E-008   149.15630632864455        3.2682686036596104E-002  -41.548666016576718     
   3.2682685978532369E-002   2.2354171640779023E-008   149.15630632864455        3.2682686036467158E-002  -41.548666016574970     
   3.2682685981106872E-002   2.2068375553804699E-008   149.15630632864455        3.2682686036338643E-002  -41.548666016570422     
   3.2682685984329420E-002   2.1705896409472925E-008   149.15630632864455        3.2682686036211821E-002  -41.548666016575567     
   3.2682685988174899E-002   2.1269451342895264E-008   149.15630632864455        3.2682686036087955E-002  -41.548666016573208     
   3.2682685992612343E-002   2.0762705408413457E-008   149.15630632864455        3.2682686035968342E-002  -41.548666016571367     
   3.2682685997600096E-002   2.0190240805941567E-008   149.15630632864455        3.2682686035854287E-002  -41.548666016565505     
   3.2682686003090947E-002   1.9557513335701053E-008   149.15630632864455        3.2682686035747047E-002  -41.548666016569094     
   3.2682686009031396E-002   1.8870796522562973E-008   149.15630632864455        3.2682686035647862E-002  -41.548666016582992     
   3.2682686015361131E-002   1.8137114032341927E-008   149.15630632864455        3.2682686035557913E-002  -41.548666016586921     
   3.2682686022012235E-002   1.7364161175943481E-008   149.15630632864455        3.2682686035478331E-002  -41.548666016575297     
   3.2682686028916386E-002   1.6560216460519343E-008   149.15630632864455        3.2682686035410156E-002  -41.548666016576668     
   3.2682686035997083E-002   1.5734044297572751E-008   149.15630632864455        3.2682686035354326E-002  -41.548666016572746     
   3.2682686043176479E-002   1.4894790113579279E-008   149.15630632864455        3.2682686035311694E-002  -41.548666016574728     
   3.2682686050376060E-002   1.4051869227334905E-008   149.15630632864455        3.2682686035282980E-002  -41.548666016574643     
   3.2682686057513552E-002   1.3214850957982191E-008   149.15630632864455        3.2682686035268770E-002  -41.548666016569328     
   3.2682686064507430E-002   1.2393339506959674E-008   149.15630632864455        3.2682686035269512E-002  -41.548666016575503     
   3.2682686071277181E-002   1.1596853214684639E-008   149.15630632864455        3.2682686035285506E-002  -41.548666016572625     
   3.2682686077745736E-002   1.0834703827467906E-008   149.15630632864455        3.2682686035316898E-002  -41.548666016580142     
   3.2682686083835517E-002   1.0115877421735291E-008   149.15630632864455        3.2682686035363652E-002  -41.548666016581386     
   3.2682686089475804E-002   9.4489186205399878E-009   149.15630632864455        3.2682686035425609E-002  -41.548666016571858     
   3.2682686094598783E-002   8.8418197016520644E-009   149.15630632864455        3.2682686035502402E-002  -41.548666016567552     
   3.2682686099143508E-002   8.3019161377834533E-009   149.15630632864455        3.2682686035593524E-002  -41.548666016566152     
   3.2682686103054304E-002   7.8357900283532094E-009   149.15630632864455        3.2682686035698294E-002  -41.548666016567971     
   3.2682686106283859E-002   7.4491827798653235E-009   149.15630632864455        3.2682686035815887E-002  -41.548666016558187     
   3.2682686108791804E-002   7.1469182696784016E-009   149.15630632864455        3.2682686035945319E-002  -41.548666016572213     
   3.2682686110547796E-002   6.9328375875725786E-009   149.15630632864455        3.2682686036085463E-002  -41.548666016575226     
   3.2682686111526728E-002   6.8097462930375733E-009   149.15630632864455        3.2682686036235087E-002  -41.548666016576320     
   3.2682686111717284E-002   6.7793749556072442E-009   149.15630632864455        3.2682686036392808E-002  -41.548666016571666     
   3.2682686111111088E-002   6.8423535635958470E-009   149.15630632864455        3.2682686036557163E-002  -41.548666016573570     
   3.2682686109716884E-002   6.9982001957172030E-009   149.15630632864455        3.2682686036726590E-002  -41.548666016574821     
   3.2682686107547078E-002   7.2453241529186965E-009   149.15630632864455        3.2682686036899451E-002  -41.548666016575950     
   3.2682686104625061E-002   7.5810435474131630E-009   149.15630632864455        3.2682686037074075E-002  -41.548666016574849     
   3.2682686100984064E-002   8.0016171450594014E-009   149.15630632864455        3.2682686037248762E-002  -41.548666016580036     
   3.2682686096663867E-002   8.5022900588507164E-009   149.15630632864455        3.2682686037421756E-002  -41.548666016571993     
   3.2682686091714042E-002   9.0773526983407525E-009   149.15630632864455        3.2682686037591349E-002  -41.548666016569570     
   3.2682686086191480E-002   9.7202121949435609E-009   149.15630632864455        3.2682686037755836E-002  -41.548666016580590     
   3.2682686080157848E-002   1.0423475349053431E-008   149.15630632864455        3.2682686037913557E-002  -41.548666016576966     
   3.2682686073682458E-002   1.1179041984257023E-008   149.15630632864455        3.2682686038062916E-002  -41.548666016575950     
   3.2682686066839897E-002   1.1978207448947655E-008   149.15630632864455        3.2682686038202409E-002  -41.548666016568511     
   3.2682686059707561E-002   1.2811772878514518E-008   149.15630632864455        3.2682686038330626E-002  -41.548666016576284     
   3.2682686052366829E-002   1.3670161723720553E-008   149.15630632864455        3.2682686038446263E-002  -41.548666016567253     
   3.2682686044900863E-002   1.4543540964621408E-008   149.15630632864455        3.2682686038548146E-002  -41.548666016578146     
   3.2682686037395305E-002   1.5421945365473263E-008   149.15630632864455        3.2682686038635264E-002  -41.548666016575012     
   3.2682686029933114E-002   1.6295403085607771E-008   149.15630632864455        3.2682686038706749E-002  -41.548666016576789     
   3.2682686022598599E-002   1.7154060944681352E-008   149.15630632864455        3.2682686038761892E-002  -41.548666016569101     
   3.2682686015472077E-002   1.7988307648413734E-008   149.15630632864455        3.2682686038800174E-002  -41.548666016578004     
   3.2682686008632576E-002   1.8788893312575575E-008   149.15630632864455        3.2682686038821247E-002  -41.548666016568866     
   3.2682686002154161E-002   1.9547043678301321E-008   149.15630632864455        3.2682686038824939E-002  -41.548666016574273     
   3.2682685996106513E-002   2.0254567489842332E-008   149.15630632864455        3.2682686038811283E-002  -41.548666016575808     
   3.2682685990552220E-002   2.0903955605422432E-008   149.15630632864455        3.2682686038780481E-002  -41.548666016578238     
   3.2682685985548285E-002   2.1488470531708863E-008   149.15630632864455        3.2682686038732922E-002  -41.548666016570465     
   3.2682685981145994E-002   2.2002225210485047E-008   149.15630632864455        3.2682686038669174E-002  -41.548666016566528     
   3.2682685977385398E-002   2.2440250040612250E-008   149.15630632864455        3.2682686038589960E-002  -41.548666016579084     
   3.2682685974301878E-002   2.2798547286844560E-008   149.15630632864455        3.2682686038496174E-002  -41.548666016575133     
   3.2682685971919007E-002   2.3074132207142130E-008   149.15630632864455        3.2682686038388864E-002  -41.548666016577108     
   3.2682685970255899E-002   2.3265060419286698E-008   149.15630632864455        3.2682686038269203E-002  -41.548666016581059     
   3.2682685969317699E-002   2.3370441222863975E-008   149.15630632864455        3.2682686038138481E-002  -41.548666016573932     
   3.2682685969103772E-002   2.3390436791180164E-008   149.15630632864455        3.2682686037998107E-002  -41.548666016576576     
   3.2682685969607210E-002   2.3326247346885594E-008   149.15630632864455        3.2682686037849573E-002  -41.548666016574330     
   3.2682685970805841E-002   2.3180082631631333E-008   149.15630632864455        3.2682686037694426E-002  -41.548666016574963     
   3.2682685972674444E-002   2.2955120171350316E-008   149.15630632864455        3.2682686037534298E-002  -41.548666016570508     
   3.2682685975178850E-002   2.2655451022209205E-008   149.15630632864455        3.2682686037370810E-002  -41.548666016577435     
   3.2682685978277705E-002   2.2286013854726954E-008   149.15630632864455        3.2682686037205616E-002  -41.548666016569577     
   3.2682685981924489E-002   2.1852518392841376E-008   149.15630632864455        3.2682686037040387E-002  -41.548666016574707     
   3.2682685986062415E-002   2.1361359368934501E-008   149.15630632864455        3.2682686036876726E-002  -41.548666016573904     
   3.2682685990635417E-002   2.0819522282007997E-008   149.15630632864455        3.2682686036716216E-002  -41.548666016581372     
   3.2682685995580246E-002   2.0234482353445795E-008   149.15630632864455        3.2682686036560368E-002  -41.548666016570820     
   3.2682686000830456E-002   1.9614098161289963E-008   149.15630632864455        3.2682686036410613E-002  -41.548666016571204     
   3.2682686006316623E-002   1.8966501498322562E-008   149.15630632864455        3.2682686036268303E-002  -41.548666016582494     
   3.2682686011971079E-002   1.8299985040951347E-008   149.15630632864455        3.2682686036134667E-002  -41.548666016574941     
   3.2682686017722874E-002   1.7622889434273030E-008   149.15630632864455        3.2682686036010815E-002  -41.548666016571879     
   3.2682686023502709E-002   1.6943491393582252E-008   149.15630632864455        3.2682686035897732E-002  -41.548666016575169     
   3.2682686029241369E-002   1.6269894394251673E-008   149.15630632864455        3.2682686035796257E-002  -41.548666016575602     
   3.2682686034872399E-002   1.5609923470752157E-008   149.15630632864455        3.2682686035707086E-002  -41.548666016567239     
   3.2682686040334620E-002   1.4971025572624395E-008   149.15630632864455        3.2682686035630751E-002  -41.548666016571744     
   3.2682686045568371E-002   1.4360176831492110E-008   149.15630632864455        3.2682686035567649E-002  -41.548666016574991     
   3.2682686050518640E-002   1.3783797980269603E-008   149.15630632864455        3.2682686035518001E-002  -41.548666016579112     
   3.2682686055137071E-002   1.3247679035425834E-008   149.15630632864455        3.2682686035481884E-002  -41.548666016567729     
   3.2682686059380094E-002   1.2756914207342034E-008   149.15630632864455        3.2682686035459221E-002  -41.548666016578416     
   3.2682686063210585E-002   1.2315847844919736E-008   149.15630632864455        3.2682686035449791E-002  -41.548666016571687     
   3.2682686066599111E-002   1.1928032050871501E-008   149.15630632864455        3.2682686035453226E-002  -41.548666016572795     
   3.2682686069519455E-002   1.1596196426303354E-008   149.15630632864455        3.2682686035469026E-002  -41.548666016578636     
   3.2682686071956929E-002   1.1322230219908663E-008   149.15630632864455        3.2682686035496594E-002  -41.548666016575623     
   3.2682686073900791E-002   1.1107176971023398E-008   149.15630632864455        3.2682686035535181E-002  -41.548666016580981     
   3.2682686075350117E-002   1.0951241549941704E-008   149.15630632864455        3.2682686035583983E-002  -41.548666016573925     
   3.2682686076307116E-002   1.0853809315776842E-008   149.15630632864455        3.2682686035642089E-002  -41.548666016576227     
   3.2682686076784977E-002   1.0813476934647911E-008   149.15630632864455        3.2682686035708543E-002  -41.548666016569463     
   3.2682686076798091E-002   1.0828094231819482E-008   149.15630632864455        3.2682686035782296E-002  -41.548666016580064     
   3.2682686076371738E-002   1.0894816292808583E-008   149.15630632864455        3.2682686035862302E-002  -41.548666016579929     
   3.2682686075531701E-002   1.1010164882897753E-008   149.15630632864455        3.2682686035947470E-002  -41.548666016577521     
   3.2682686074313100E-002   1.1170098124220176E-008   149.15630632864455        3.2682686036036711E-002  -41.548666016581322     
   3.2682686072751155E-002   1.1370087256208607E-008   149.15630632864455        3.2682686036128936E-002  -41.548666016572732     
   3.2682686070888124E-002   1.1605199210403404E-008   149.15630632864455        3.2682686036223083E-002  -41.548666016577499     
   3.2682686068765496E-002   1.1870183655878959E-008   149.15630632864455        3.2682686036318118E-002  -41.548666016577947     
   3.2682686066428872E-002   1.2159563117832661E-008   149.15630632864455        3.2682686036413076E-002  -41.548666016576909     
   3.2682686063924965E-002   1.2467724739624704E-008   149.15630632864455        3.2682686036507036E-002  -41.548666016576028     
   3.2682686061299288E-002   1.2789012248463951E-008   149.15630632864455        3.2682686036599143E-002  -41.548666016573179     
   3.2682686058600377E-002   1.3117816696913791E-008   149.15630632864455        3.2682686036688627E-002  -41.548666016577720     
   3.2682686055870366E-002   1.3448664586076529E-008   149.15630632864455        3.2682686036774808E-002  -41.548666016574131     
   3.2682686053155954E-002   1.3776302031055345E-008   149.15630632864455        3.2682686036857096E-002  -41.548666016579702     
   3.2682686050495777E-002   1.4095773704212205E-008   149.15630632864455        3.2682686036934999E-002  -41.548666016581087     
   3.2682686047928684E-002   1.4402495385638966E-008   149.15630632864455        3.2682686037008100E-002  -41.548666016576504     
   3.2682686045489392E-002   1.4692319061368274E-008   149.15630632864455        3.2682686037076122E-002  -41.548666016575574     
   3.2682686043209175E-002   1.4961589636594219E-008   149.15630632864455        3.2682686037138857E-002  -41.548666016577641     
   3.2682686041112380E-002   1.5207192471450197E-008   149.15630632864455        3.2682686037196200E-002  -41.548666016573996     
   3.2682686039223675E-002   1.5426591098344616E-008   149.15630632864455        3.2682686037248131E-002  -41.548666016570145     
   3.2682686037555232E-002   1.5617854640416063E-008   149.15630632864455        3.2682686037294739E-002  -41.548666016574870     
   3.2682686036120692E-002   1.5779674617473891E-008   149.15630632864455        3.2682686037336157E-002  -41.548666016574970     
   3.2682686034926439E-002   1.5911370996381421E-008   149.15630632864455        3.2682686037372621E-002  -41.548666016572831     
   3.2682686033972924E-002   1.6012887514648298E-008   149.15630632864455        3.2682686037404401E-002  -41.548666016573101     
   3.2682686033256636E-002   1.6084776476109397E-008   149.15630632864455        3.2682686037431845E-002  -41.548666016578956     
   3.2682686032768388E-002   1.6128173383850354E-008   149.15630632864455        3.2682686037455312E-002  -41.548666016577315     
   3.2682686032495536E-002   1.6144761934709761E-008   149.15630632864455        3.2682686037475227E-002  -41.548666016567147     
   3.2682686032420298E-002   1.6136730050010679E-008   149.15630632864455        3.2682686037492012E-002  -41.548666016567388     
   3.2682686032522362E-002   1.6106717756013330E-008   149.15630632864455        3.2682686037506105E-002  -41.548666016580668     
   3.2682686032776742E-002   1.6057757852675271E-008   149.15630632864455        3.2682686037517936E-002  -41.548666016580853     
   3.2682686033157132E-002   1.5993210419287857E-008   149.15630632864455        3.2682686037527921E-002  -41.548666016577549     
   3.2682686033634355E-002   1.5916692298230981E-008   149.15630632864455        3.2682686037536456E-002  -41.548666016563018     
   3.2682686034177601E-002   1.5832002772371866E-008   149.15630632864455        3.2682686037543887E-002  -41.548666016565278     
   3.2682686034756464E-002   1.5743046706414121E-008   149.15630632864455        3.2682686037550548E-002  -41.548666016569733     
   3.2682686035338929E-002   1.5653756456826482E-008   149.15630632864455        3.2682686037556710E-002  -41.548666016576128     
   3.2682686035893596E-002   1.5568013868792454E-008   149.15630632864455        3.2682686037562574E-002  -41.548666016576036     
   3.2682686036390934E-002   1.5489573671245858E-008   149.15630632864455        3.2682686037568284E-002  -41.548666016569825     
   3.2682686036802182E-002   1.5421989552891221E-008   149.15630632864455        3.2682686037573939E-002  -41.548666016580874     
   3.2682686037101026E-002   1.5368544153943534E-008   149.15630632864455        3.2682686037579546E-002  -41.548666016565967     
   3.2682686037265145E-002   1.5332184140567067E-008   149.15630632864455        3.2682686037585063E-002  -41.548666016576327     
   3.2682686037272764E-002   1.5315461442856744E-008   149.15630632864455        3.2682686037590350E-002  -41.548666016572845     
   3.2682686037109374E-002   1.5320481634184002E-008   149.15630632864455        3.2682686037595256E-002  -41.548666016578309     
   3.2682686036760666E-002   1.5348860311521945E-008   149.15630632864455        3.2682686037599516E-002  -41.548666016577535     
   3.2682686036219342E-002   1.5401688204681536E-008   149.15630632864455        3.2682686037602826E-002  -41.548666016575744     
   3.2682686035482834E-002   1.5479505599295015E-008   149.15630632864455        3.2682686037604838E-002  -41.548666016576099     
   3.2682686034550247E-002   1.5582286506399278E-008   149.15630632864455        3.2682686037605158E-002  -41.548666016578515     
   3.2682686033427180E-002   1.5709432852767176E-008   149.15630632864455        3.2682686037603353E-002  -41.548666016569854     
   3.2682686032125499E-002   1.5859778803286263E-008   149.15630632864455        3.2682686037598975E-002  -41.548666016571374     
   3.2682686030659984E-002   1.6031605162216071E-008   149.15630632864455        3.2682686037591550E-002  -41.548666016569371     
   3.2682686029047128E-002   1.6222663636665308E-008   149.15630632864455        3.2682686037580615E-002  -41.548666016578757     
   3.2682686027313328E-002   1.6430210585597306E-008   149.15630632864455        3.2682686037565696E-002  -41.548666016577890     
   3.2682686025481564E-002   1.6651049723835420E-008   149.15630632864455        3.2682686037546364E-002  -41.548666016572305     
   3.2682686023585338E-002   1.6881583104975951E-008   149.15630632864455        3.2682686037522203E-002  -41.548666016575133     
   3.2682686021655354E-002   1.7117869572243362E-008   149.15630632864455        3.2682686037492838E-002  -41.548666016581869     
   3.2682686019726508E-002   1.7355689744354982E-008   149.15630632864455        3.2682686037457963E-002  -41.548666016578402     
   3.2682686017835992E-002   1.7590616496081229E-008   149.15630632864455        3.2682686037417329E-002  -41.548666016572213     
   3.2682686016020132E-002   1.7818089802225655E-008   149.15630632864455        3.2682686037370762E-002  -41.548666016569932     
   3.2682686014318590E-002   1.8033494740546895E-008   149.15630632864455        3.2682686037318165E-002  -41.548666016584392     
   3.2682686012766457E-002   1.8232241394843086E-008   149.15630632864455        3.2682686037259531E-002  -41.548666016574735     
   3.2682686011401806E-002   1.8409845364862861E-008   149.15630632864455        3.2682686037194951E-002  -41.548666016571190     
   3.2682686010258137E-002   1.8562007575530998E-008   149.15630632864455        3.2682686037124625E-002  -41.548666016578231     
   3.2682686009369508E-002   1.8684692084227060E-008   149.15630632864455        3.2682686037048832E-002  -41.548666016577641     
   3.2682686008764998E-002   1.8774200611609388E-008   149.15630632864455        3.2682686036967980E-002  -41.548666016576810     
   3.2682686008470845E-002   1.8827242568220629E-008   149.15630632864455        3.2682686036882576E-002  -41.548666016577847     
   3.2682686008508009E-002   1.8840999415205333E-008   149.15630632864455        3.2682686036793210E-002  -41.548666016576966     
   3.2682686008895921E-002   1.8813182281752016E-008   149.15630632864455        3.2682686036700603E-002  -41.548666016577521     
   3.2682686009646758E-002   1.8742081863312807E-008   149.15630632864455        3.2682686036605541E-002  -41.548666016577315     
   3.2682686010768035E-002   1.8626609741430166E-008   149.15630632864455        3.2682686036508903E-002  -41.548666016575339     
   3.2682686012263075E-002   1.8466330396422630E-008   149.15630632864455        3.2682686036411640E-002  -41.548666016568902     
   3.2682686014127500E-002   1.8261483326324203E-008   149.15630632864455        3.2682686036314780E-002  -41.548666016569015     
   3.2682686016351790E-002   1.8012994837000479E-008   149.15630632864455        3.2682686036219405E-002  -41.548666016568845     
   3.2682686018922484E-002   1.7722479227011330E-008   149.15630632864455        3.2682686036126625E-002  -41.548666016575474     
   3.2682686021818286E-002   1.7392229254228090E-008   149.15630632864455        3.2682686036037578E-002  -41.548666016574401     
   3.2682686025013154E-002   1.7025195936725568E-008   149.15630632864455        3.2682686035953430E-002  -41.548666016574714     
   3.2682686028476862E-002   1.6624957905614359E-008   149.15630632864455        3.2682686035875319E-002  -41.548666016572255     
   3.2682686032174058E-002   1.6195680689888280E-008   149.15630632864455        3.2682686035804383E-002  -41.548666016576419     
   3.2682686036063412E-002   1.5742066470181161E-008   149.15630632864455        3.2682686035741704E-002  -41.548666016572376     
   3.2682686040101189E-002   1.5269294987308393E-008   149.15630632864455        3.2682686035688330E-002  -41.548666016578252     
   3.2682686044241391E-002   1.4782956430628268E-008   149.15630632864455        3.2682686035645239E-002  -41.548666016573627     
   3.2682686048431539E-002   1.4288977257893813E-008   149.15630632864455        3.2682686035613299E-002  -41.548666016575567     
   3.2682686052621271E-002   1.3793540010714760E-008   149.15630632864455        3.2682686035593295E-002  -41.548666016567751     
   3.2682686056756796E-002   1.3302998286599793E-008   149.15630632864455        3.2682686035585905E-002  -41.548666016571268     
   3.2682686060784796E-002   1.2823788107560224E-008   149.15630632864455        3.2682686035591678E-002  -41.548666016567161     
   3.2682686064649455E-002   1.2362336985820998E-008   149.15630632864455        3.2682686035611010E-002  -41.548666016579084     
   3.2682686068300680E-002   1.1924972028252700E-008   149.15630632864455        3.2682686035644171E-002  -41.548666016568490     
   3.2682686071685133E-002   1.1517828441767947E-008   149.15630632864455        3.2682686035691244E-002  -41.548666016573364     
   3.2682686074756134E-002   1.1146759802128025E-008   149.15630632864455        3.2682686035752188E-002  -41.548666016574245     
   3.2682686077467153E-002   1.0817251428185241E-008   149.15630632864455        3.2682686035826761E-002  -41.548666016574266     
   3.2682686079776764E-002   1.0534338162910999E-008   149.15630632864455        3.2682686035914586E-002  -41.548666016576213     
   3.2682686081647289E-002   1.0302527802121144E-008   149.15630632864455        3.2682686036015089E-002  -41.548666016574025     
   3.2682686083048272E-002   1.0125731332505542E-008   149.15630632864455        3.2682686036127548E-002  -41.548666016573868     
   3.2682686083951848E-002   1.0007201043844984E-008   149.15630632864455        3.2682686036251074E-002  -41.548666016585358     
   3.2682686084339115E-002   9.9494774673239127E-009   149.15630632864455        3.2682686036384634E-002  -41.548666016574494     
   3.2682686084194765E-002   9.9543459643186234E-009   149.15630632864455        3.2682686036527034E-002  -41.548666016576689     
   3.2682686083512984E-002   1.0022803650039568E-008   149.15630632864455        3.2682686036676963E-002  -41.548666016574941     
   3.2682686082290885E-002   1.0155037186026156E-008   149.15630632864455        3.2682686036832984E-002  -41.548666016577677     
   3.2682686080536261E-002   1.0350411816716007E-008   149.15630632864455        3.2682686036993550E-002  -41.548666016569371     
   3.2682686078262323E-002   1.0607471860975882E-008   149.15630632864455        3.2682686037157037E-002  -41.548666016574877     
   3.2682686075488951E-002   1.0923952701697931E-008   149.15630632864455        3.2682686037321725E-002  -41.548666016576497     
   3.2682686072242714E-002   1.1296804147940724E-008   149.15630632864455        3.2682686037485878E-002  -41.548666016574174     
   3.2682686068556323E-002   1.1722224877313200E-008   149.15630632864455        3.2682686037647707E-002  -41.548666016577080     
   3.2682686064467795E-002   1.2195707503570596E-008   149.15630632864455        3.2682686037805414E-002  -41.548666016571616     
   3.2682686060023329E-002   1.2712093658505492E-008   149.15630632864455        3.2682686037957209E-002  -41.548666016581464     
   3.2682686055269944E-002   1.3265638330273133E-008   149.15630632864455        3.2682686038101358E-002  -41.548666016574856     
   3.2682686050261436E-002   1.3850082564500808E-008   149.15630632864455        3.2682686038236153E-002  -41.548666016572639     
   3.2682686045055198E-002   1.4458733511966979E-008   149.15630632864455        3.2682686038359977E-002  -41.548666016572611     
   3.2682686039709703E-002   1.5084550699211756E-008   149.15630632864455        3.2682686038471298E-002  -41.548666016577116     
   3.2682686034287638E-002   1.5720237307564801E-008   149.15630632864455        3.2682686038568706E-002  -41.548666016571616     
   3.2682686028851902E-002   1.6358335173198939E-008   149.15630632864455        3.2682686038650932E-002  -41.548666016578203     
   3.2682686023465288E-002   1.6991322167124249E-008   149.15630632864455        3.2682686038716845E-002  -41.548666016574892     
   3.2682686018192283E-002   1.7611710579989333E-008   149.15630632864455        3.2682686038765479E-002  -41.548666016565740     
   3.2682686013094722E-002   1.8212145122917191E-008   149.15630632864455        3.2682686038796059E-002  -41.548666016573698     
   3.2682686008231224E-002   1.8785499162528374E-008   149.15630632864455        3.2682686038808001E-002  -41.548666016572973     
   3.2682686003660241E-002   1.9324967835487973E-008   149.15630632864455        3.2682686038800896E-002  -41.548666016569612     
   3.2682685999435003E-002   1.9824156735017998E-008   149.15630632864455        3.2682686038774583E-002  -41.548666016582231     
   3.2682685995605594E-002   2.0277164928149831E-008   149.15630632864455        3.2682686038729078E-002  -41.548666016574508     
   3.2682685992216319E-002   2.0678661146958923E-008   149.15630632864455        3.2682686038664609E-002  -41.548666016584775     
   3.2682685989305911E-002   2.1023952098287944E-008   149.15630632864455        3.2682686038581647E-002  -41.548666016568575     
   3.2682685986908960E-002   2.1309041953034683E-008   149.15630632864455        3.2682686038480839E-002  -41.548666016575922     
   3.2682685985051606E-002   2.1530682206269381E-008   149.15630632864455        3.2682686038363051E-002  -41.548666016568951     
   3.2682685983755892E-002   2.1686411241048618E-008   149.15630632864455        3.2682686038229332E-002  -41.548666016572739     
   3.2682685983033873E-002   2.1774583079806883E-008   149.15630632864455        3.2682686038080937E-002  -41.548666016570920     
   3.2682685982892701E-002   2.1794384965339015E-008   149.15630632864455        3.2682686037919260E-002  -41.548666016584306     
   3.2682685983332141E-002   2.1745843576259835E-008   149.15630632864455        3.2682686037745892E-002  -41.548666016578039     
   3.2682685984344331E-002   2.1629819847007005E-008   149.15630632864455        3.2682686037562518E-002  -41.548666016573691     
   3.2682685985914971E-002   2.1447992527308631E-008   149.15630632864455        3.2682686037370970E-002  -41.548666016580455     
   3.2682685988023361E-002   2.1202830778215047E-008   149.15630632864455        3.2682686037173177E-002  -41.548666016581457     
   3.2682685990642654E-002   2.0897556259144569E-008   149.15630632864455        3.2682686036971130E-002  -41.548666016570657     
   3.2682685993738601E-002   2.0536095309919426E-008   149.15630632864455        3.2682686036766904E-002  -41.548666016571474     
   3.2682685997273385E-002   2.0123021971885469E-008   149.15630632864455        3.2682686036562582E-002  -41.548666016569150     
   3.2682686001202242E-002   1.9663492720602768E-008   149.15630632864455        3.2682686036360264E-002  -41.548666016570031     
   3.2682686005478467E-002   1.9163173897275831E-008   149.15630632864455        3.2682686036162048E-002  -41.548666016583311     
   3.2682686010050067E-002   1.8628162925708374E-008   149.15630632864455        3.2682686035969979E-002  -41.548666016573073     
   3.2682686014863523E-002   1.8064904484274480E-008   149.15630632864455        3.2682686035786036E-002  -41.548666016567857     
   3.2682686019860949E-002   1.7480102867411271E-008   149.15630632864455        3.2682686035612134E-002  -41.548666016567516     
   3.2682686024985773E-002   1.6880631817331223E-008   149.15630632864455        3.2682686035450083E-002  -41.548666016575041     
   3.2682686030177481E-002   1.6273443133400107E-008   149.15630632864455        3.2682686035301556E-002  -41.548666016575197     
   3.2682686035378841E-002   1.5665475373972922E-008   149.15630632864455        3.2682686035168079E-002  -41.548666016577698     
   3.2682686040530720E-002   1.5063563952763161E-008   149.15630632864455        3.2682686035051041E-002  -41.548666016571794     
   3.2682686045578870E-002   1.4474353899951742E-008   149.15630632864455        3.2682686034951641E-002  -41.548666016566592     
   3.2682686050467723E-002   1.3904216507535167E-008   149.15630632864455        3.2682686034870893E-002  -41.548666016570678     
   3.2682686055146869E-002   1.3359171009618728E-008   149.15630632864455        3.2682686034809623E-002  -41.548666016571623     
   3.2682686059569567E-002   1.2844812363019235E-008   149.15630632864455        3.2682686034768434E-002  -41.548666016576263     
   3.2682686063690007E-002   1.2366246092437662E-008   149.15630632864455        3.2682686034747735E-002  -41.548666016569875     
   3.2682686067472440E-002   1.1928031049855262E-008   149.15630632864455        3.2682686034747714E-002  -41.548666016577620     
   3.2682686070881602E-002   1.1534130811155066E-008   149.15630632864455        3.2682686034768343E-002  -41.548666016575417     
   3.2682686073888058E-002   1.1187874296207890E-008   149.15630632864455        3.2682686034809387E-002  -41.548666016576611     
   3.2682686076469666E-002   1.0891926054232923E-008   149.15630632864455        3.2682686034870387E-002  -41.548666016575119     
   3.2682686078609920E-002   1.0648266506268207E-008   149.15630632864455        3.2682686034950705E-002  -41.548666016573385     
   3.2682686080296626E-002   1.0458182283264600E-008   149.15630632864455        3.2682686035049487E-002  -41.548666016578089     
   3.2682686081522277E-002   1.0322266644173566E-008   149.15630632864455        3.2682686035165706E-002  -41.548666016578785     
   3.2682686082290135E-002   1.0240429805897866E-008   149.15630632864455        3.2682686035298163E-002  -41.548666016571758     
   3.2682686082603940E-002   1.0211918868168601E-008   149.15630632864455        3.2682686035445503E-002  -41.548666016573264     
   3.2682686082474051E-002   1.0235346873887559E-008   149.15630632864455        3.2682686035606236E-002  -41.548666016579439     
   3.2682686081917406E-002   1.0308730411165352E-008   149.15630632864455        3.2682686035778737E-002  -41.548666016584612     
   3.2682686080954794E-002   1.0429535039357029E-008   149.15630632864455        3.2682686035961299E-002  -41.548666016575766     
   3.2682686079610841E-002   1.0594727709696271E-008   149.15630632864455        3.2682686036152112E-002  -41.548666016566763     
   3.2682686077912089E-002   1.0800835253296225E-008   149.15630632864455        3.2682686036349322E-002  -41.548666016575993     
   3.2682686075893211E-002   1.1044007926704552E-008   149.15630632864455        3.2682686036551022E-002  -41.548666016565001     
   3.2682686073586334E-002   1.1320086939189967E-008   149.15630632864455        3.2682686036755261E-002  -41.548666016571985     
   3.2682686071028734E-002   1.1624674837398409E-008   149.15630632864455        3.2682686036960139E-002  -41.548666016575922     
   3.2682686068258332E-002   1.1953207592529836E-008   149.15630632864455        3.2682686037163733E-002  -41.548666016570024     
   3.2682686065313826E-002   1.2301027223205971E-008   149.15630632864455        3.2682686037364163E-002  -41.548666016574103     
   3.2682686062234373E-002   1.2663453793769186E-008   149.15630632864455        3.2682686037559631E-002  -41.548666016567282     
   3.2682686059057886E-002   1.3035855652742285E-008   149.15630632864455        3.2682686037748383E-002  -41.548666016585877     
   3.2682686055822967E-002   1.3413716818952295E-008   149.15630632864455        3.2682686037928781E-002  -41.548666016562926     
   3.2682686052565468E-002   1.3792700482739409E-008   149.15630632864455        3.2682686038099283E-002  -41.548666016577045     
   3.2682686049320189E-002   1.4168707665620913E-008   149.15630632864455        3.2682686038258475E-002  -41.548666016573648     
   3.2682686046119819E-002   1.4537930172483005E-008   149.15630632864455        3.2682686038405066E-002  -41.548666016575062     
   3.2682686042992765E-002   1.4896897074316018E-008   149.15630632864455        3.2682686038537918E-002  -41.548666016577620     
   3.2682686039966394E-002   1.5242514074961311E-008   149.15630632864455        3.2682686038656025E-002  -41.548666016569740     
   3.2682686037063993E-002   1.5572095240446911E-008   149.15630632864455        3.2682686038758568E-002  -41.548666016569577     
   3.2682686034304638E-002   1.5883386702147434E-008   149.15630632864455        3.2682686038844867E-002  -41.548666016578494     
   3.2682686031704093E-002   1.6174582083026957E-008   149.15630632864455        3.2682686038914416E-002  -41.548666016579801     
   3.2682686029274988E-002   1.6444329537453189E-008   149.15630632864455        3.2682686038966860E-002  -41.548666016569932     
   3.2682686027027119E-002   1.6691730437194737E-008   149.15630632864455        3.2682686039002026E-002  -41.548666016577492     
   3.2682686024964637E-002   1.6916329876910727E-008   149.15630632864455        3.2682686039019894E-002  -41.548666016578473     
   3.2682686023088721E-002   1.7118099309451559E-008   149.15630632864455        3.2682686039020595E-002  -41.548666016571239     
   3.2682686021398170E-002   1.7297411752314938E-008   149.15630632864455        3.2682686039004413E-002  -41.548666016577471     
   3.2682686019887316E-002   1.7455010129851305E-008   149.15630632864455        3.2682686038971766E-002  -41.548666016570557     
   3.2682686018550254E-002   1.7591969428919832E-008   149.15630632864455        3.2682686038923228E-002  -41.548666016572049     
   3.2682686017375916E-002   1.7709653446978763E-008   149.15630632864455        3.2682686038859481E-002  -41.548666016577002     
   3.2682686016352658E-002   1.7809666999583649E-008   149.15630632864455        3.2682686038781314E-002  -41.548666016567154     
   3.2682686015468830E-002   1.7893804527439953E-008   149.15630632864455        3.2682686038689616E-002  -41.548666016570259     
   3.2682686014707515E-002   1.7963996100219913E-008   149.15630632864455        3.2682686038585373E-002  -41.548666016574103     
   3.2682686014054392E-002   1.8022251854594322E-008   149.15630632864455        3.2682686038469647E-002  -41.548666016580583     
   3.2682686013494659E-002   1.8070605926609558E-008   149.15630632864455        3.2682686038343567E-002  -41.548666016579688     
   3.2682686013011476E-002   1.8111060943325650E-008   149.15630632864455        3.2682686038208279E-002  -41.548666016564944     
   3.2682686012592187E-002   1.8145534125436043E-008   149.15630632864455        3.2682686038065005E-002  -41.548666016579048     
   3.2682686012222947E-002   1.8175806021555266E-008   149.15630632864455        3.2682686037914979E-002  -41.548666016577769     
   3.2682686011890720E-002   1.8203472846709307E-008   149.15630632864455        3.2682686037759451E-002  -41.548666016577023     
   3.2682686011586110E-002   1.8229903332791219E-008   149.15630632864455        3.2682686037599648E-002  -41.548666016571588     
   3.2682686011300338E-002   1.8256200918605910E-008   149.15630632864455        3.2682686037436820E-002  -41.548666016574259     
   3.2682686011027764E-002   1.8283172012806226E-008   149.15630632864455        3.2682686037272174E-002  -41.548666016578188     
   3.2682686010765329E-002   1.8311300956106410E-008   149.15630632864455        3.2682686037106896E-002  -41.548666016574572     
   3.2682686010513447E-002   1.8340732191310242E-008   149.15630632864455        3.2682686036942139E-002  -41.548666016582573     
   3.2682686010272376E-002   1.8371260022916737E-008   149.15630632864455        3.2682686036779020E-002  -41.548666016571119     
   3.2682686010047882E-002   1.8402326214291944E-008   149.15630632864455        3.2682686036618579E-002  -41.548666016571879     
   3.2682686009848048E-002   1.8433025531871564E-008   149.15630632864455        3.2682686036461829E-002  -41.548666016572049     
   3.2682686009683333E-002   1.8462119204913805E-008   149.15630632864455        3.2682686036309701E-002  -41.548666016580270     
   3.2682686009565642E-002   1.8488056128011018E-008   149.15630632864455        3.2682686036163082E-002  -41.548666016580199     
   3.2682686009509618E-002   1.8509001494586800E-008   149.15630632864455        3.2682686036022784E-002  -41.548666016572078     
   3.2682686009533744E-002   1.8522872414827324E-008   149.15630632864455        3.2682686035889565E-002  -41.548666016577755     
   3.2682686009654245E-002   1.8527379943418967E-008   149.15630632864455        3.2682686035764096E-002  -41.548666016564212     
   3.2682686009891659E-002   1.8520076823166792E-008   149.15630632864455        3.2682686035647009E-002  -41.548666016576995     
   3.2682686010265694E-002   1.8498410141937347E-008   149.15630632864455        3.2682686035538852E-002  -41.548666016573108     
   3.2682686010798066E-002   1.8459778004475530E-008   149.15630632864455        3.2682686035440119E-002  -41.548666016566528     
   3.2682686011506049E-002   1.8401589238811374E-008   149.15630632864455        3.2682686035351238E-002  -41.548666016577272     
   3.2682686012411102E-002   1.8321325090841190E-008   149.15630632864455        3.2682686035272579E-002  -41.548666016576767     
   3.2682686013531630E-002   1.8216601811404471E-008   149.15630632864455        3.2682686035204460E-002  -41.548666016575609     
   3.2682686014882549E-002   1.8085233008663249E-008   149.15630632864455        3.2682686035147158E-002  -41.548666016570067     
   3.2682686016478876E-002   1.7925290625487043E-008   149.15630632864455        3.2682686035100869E-002  -41.548666016573783     
   3.2682686018331145E-002   1.7735163406999442E-008   149.15630632864455        3.2682686035065744E-002  -41.548666016578380     
   3.2682686020448951E-002   1.7513611747942314E-008   149.15630632864455        3.2682686035041923E-002  -41.548666016568333     
   3.2682686022834459E-002   1.7259817852578308E-008   149.15630632864455        3.2682686035029468E-002  -41.548666016582331     
   3.2682686025490522E-002   1.6973430200753499E-008   149.15630632864455        3.2682686035028413E-002  -41.548666016577009     
   3.2682686028413045E-002   1.6654601392006138E-008   149.15630632864455        3.2682686035038738E-002  -41.548666016579205     
   3.2682686031593813E-002   1.6304018533919963E-008   149.15630632864455        3.2682686035060415E-002  -41.548666016575247     
   3.2682686035018907E-002   1.5922925450043841E-008   149.15630632864455        3.2682686035093327E-002  -41.548666016575048     
   3.2682686038674337E-002   1.5513136104980597E-008   149.15630632864455        3.2682686035137361E-002  -41.548666016568944     
   3.2682686042535061E-002   1.5077038777838434E-008   149.15630632864455        3.2682686035192351E-002  -41.548666016568077     
   3.2682686046574427E-002   1.4617590658091019E-008   149.15630632864455        3.2682686035258077E-002  -41.548666016580732     
   3.2682686050763722E-002   1.4138302688037924E-008   149.15630632864455        3.2682686035334294E-002  -41.548666016569335     
   3.2682686055066232E-002   1.3643214631076943E-008   149.15630632864455        3.2682686035420704E-002  -41.548666016577862     
   3.2682686059441267E-002   1.3136860502342158E-008   149.15630632864455        3.2682686035516981E-002  -41.548666016572703     
   3.2682686063847166E-002   1.2624224655738479E-008   149.15630632864455        3.2682686035622723E-002  -41.548666016581009     
   3.2682686068238168E-002   1.2110688976472102E-008   149.15630632864455        3.2682686035737506E-002  -41.548666016580540     
   3.2682686072563367E-002   1.1601971778388215E-008   149.15630632864455        3.2682686035860831E-002  -41.548666016570614     
   3.2682686076773951E-002   1.1104059148290833E-008   149.15630632864455        3.2682686035992170E-002  -41.548666016567680     
   3.2682686080817140E-002   1.0623129612728647E-008   149.15630632864455        3.2682686036130920E-002  -41.548666016574600     
   3.2682686084640693E-002   1.0165473124405316E-008   149.15630632864455        3.2682686036276429E-002  -41.548666016572554     
   3.2682686088190832E-002   9.7374054732817502E-009   149.15630632864455        3.2682686036427981E-002  -41.548666016573343     
   3.2682686091415621E-002   9.3451793197850398E-009   149.15630632864455        3.2682686036584807E-002  -41.548666016586438     
   3.2682686094263926E-002   8.9948931227548133E-009   149.15630632864455        3.2682686036746067E-002  -41.548666016573357     
   3.2682686096690387E-002   8.6923992915847534E-009   149.15630632864455        3.2682686036910887E-002  -41.548666016567132     
   3.2682686098646122E-002   8.4432129292871005E-009   149.15630632864455        3.2682686037078294E-002  -41.548666016569697     
   3.2682686100092145E-002   8.2524225501886219E-009   149.15630632864455        3.2682686037247312E-002  -41.548666016585351     
   3.2682686100989532E-002   8.1246041521610113E-009   149.15630632864455        3.2682686037416871E-002  -41.548666016569292     
   3.2682686101308298E-002   8.0637399985704914E-009   149.15630632864455        3.2682686037585860E-002  -41.548666016573954     
   3.2682686101020902E-002   8.0731434196488217E-009   149.15630632864455        3.2682686037753150E-002  -41.548666016574956     
   3.2682686100108334E-002   8.1553908771757276E-009   149.15630632864455        3.2682686037917554E-002  -41.548666016567161     
   3.2682686098557366E-002   8.3122624509964436E-009   149.15630632864455        3.2682686038077849E-002  -41.548666016574842     
   3.2682686096363017E-002   8.5446918020734464E-009   149.15630632864455        3.2682686038232815E-002  -41.548666016576924     
   3.2682686093527445E-002   8.8527265459817680E-009   149.15630632864455        3.2682686038381197E-002  -41.548666016577094     
   3.2682686090059018E-002   9.2354998342815378E-009   149.15630632864455        3.2682686038521765E-002  -41.548666016565100     
   3.2682686085975528E-002   9.6912137912703470E-009   149.15630632864455        3.2682686038653284E-002  -41.548666016574288     
   3.2682686081301898E-002   1.0217135292239999E-008   149.15630632864455        3.2682686038774535E-002  -41.548666016576689     
   3.2682686076072234E-002   1.0809604398566059E-008   149.15630632864455        3.2682686038884336E-002  -41.548666016580647     
   3.2682686070325803E-002   1.1464055587592654E-008   149.15630632864455        3.2682686038981563E-002  -41.548666016568816     
   3.2682686064110365E-002   1.2175051733526419E-008   149.15630632864455        3.2682686039065129E-002  -41.548666016575659     
   3.2682686057482528E-002   1.2936330612194811E-008   149.15630632864455        3.2682686039134046E-002  -41.548666016568937     
   3.2682686050501723E-002   1.3740863520349900E-008   149.15630632864455        3.2682686039187413E-002  -41.548666016568284     
   3.2682686043234703E-002   1.4580925421625429E-008   149.15630632864455        3.2682686039224390E-002  -41.548666016575552     
   3.2682686035753153E-002   1.5448175859136244E-008   149.15630632864455        3.2682686039244291E-002  -41.548666016575041     
   3.2682686028134518E-002   1.6333749711603968E-008   149.15630632864455        3.2682686039246546E-002  -41.548666016586395     
   3.2682686020457097E-002   1.7228356718059715E-008   149.15630632864455        3.2682686039230704E-002  -41.548666016571062     
   3.2682686012803629E-002   1.8122388558139956E-008   149.15630632864455        3.2682686039196489E-002  -41.548666016570031     
   3.2682686005256166E-002   1.9006032152811499E-008   149.15630632864455        3.2682686039143732E-002  -41.548666016575496     
   3.2682685997899807E-002   1.9869387745845794E-008   149.15630632864455        3.2682686039072491E-002  -41.548666016574153     
   3.2682685990817160E-002   2.0702590241153749E-008   149.15630632864455        3.2682686038982937E-002  -41.548666016578849     
   3.2682685984091325E-002   2.1495932206796755E-008   149.15630632864455        3.2682686038875454E-002  -41.548666016584747     
   3.2682685977800774E-002   2.2239986914057405E-008   149.15630632864455        3.2682686038750568E-002  -41.548666016570358     
   3.2682685972022930E-002   2.2925729759874973E-008   149.15630632864455        3.2682686038609021E-002  -41.548666016573463     
   3.2682685966826511E-002   2.3544656424265859E-008   149.15630632864455        3.2682686038451710E-002  -41.548666016579929     
   3.2682685962278767E-002   2.4088896140674615E-008   149.15630632864455        3.2682686038279701E-002  -41.548666016578906     
   3.2682685958439782E-002   2.4551318506600633E-008   149.15630632864455        3.2682686038094239E-002  -41.548666016571609     
   3.2682685955360953E-002   2.4925632333614845E-008   149.15630632864455        3.2682686037896730E-002  -41.548666016574110     
   3.2682685953085565E-002   2.5206475129274532E-008   149.15630632864455        3.2682686037688737E-002  -41.548666016579439     
   3.2682685951650775E-002   2.5389491917216470E-008   149.15630632864455        3.2682686037471952E-002  -41.548666016571403     
   3.2682685951081474E-002   2.5471402234324603E-008   149.15630632864455        3.2682686037248200E-002  -41.548666016571389     
   3.2682685951394813E-002   2.5450054293697796E-008   149.15630632864455        3.2682686037019411E-002  -41.548666016571772     
   3.2682685952597990E-002   2.5324465467049065E-008   149.15630632864455        3.2682686036787624E-002  -41.548666016574145     
   3.2682685954687166E-002   2.5094848417916678E-008   149.15630632864455        3.2682686036554935E-002  -41.548666016572703     
   3.2682685957649907E-002   2.4762622405294155E-008   149.15630632864455        3.2682686036323509E-002  -41.548666016569982     
   3.2682685961460796E-002   2.4330409473425125E-008   149.15630632864455        3.2682686036095546E-002  -41.548666016576817     
   3.2682685966086610E-002   2.3802015444551576E-008   149.15630632864455        3.2682686035873251E-002  -41.548666016576057     
   3.2682685971485194E-002   2.3182395835024587E-008   149.15630632864455        3.2682686035658812E-002  -41.548666016562791     
   3.2682685977602814E-002   2.2477607018270165E-008   149.15630632864455        3.2682686035454406E-002  -41.548666016574415     
   3.2682685984377687E-002   2.1694743157547874E-008   149.15630632864455        3.2682686035262115E-002  -41.548666016575048     
   3.2682685991740984E-002   2.0841859625026764E-008   149.15630632864455        3.2682686035083966E-002  -41.548666016575666     
   3.2682685999616559E-002   1.9927883808387923E-008   149.15630632864455        3.2682686034921887E-002  -41.548666016572462     
   3.2682686007920077E-002   1.8962514379104319E-008   149.15630632864455        3.2682686034777648E-002  -41.548666016569385     
   3.2682686016563642E-002   1.7956110255701490E-008   149.15630632864455        3.2682686034652880E-002  -41.548666016575034     
   3.2682686025453565E-002   1.6919570638344319E-008   149.15630632864455        3.2682686034549061E-002  -41.548666016569882     
   3.2682686034494229E-002   1.5864207615720782E-008   149.15630632864455        3.2682686034467445E-002  -41.548666016568582     
   3.2682686043585908E-002   1.4801612949870408E-008   149.15630632864455        3.2682686034409117E-002  -41.548666016569079     
   3.2682686052628820E-002   1.3743520727722215E-008   149.15630632864455        3.2682686034374901E-002  -41.548666016570429     
   3.2682686061524462E-002   1.2701667628609822E-008   149.15630632864455        3.2682686034365423E-002  -41.548666016572383     
   3.2682686070173460E-002   1.1687652593804788E-008   149.15630632864455        3.2682686034381042E-002  -41.548666016572589     
   3.2682686078479080E-002   1.0712797696713236E-008   149.15630632864455        3.2682686034421850E-002  -41.548666016576199     
   3.2682686086350610E-002   9.7880120008613533E-009   149.15630632864455        3.2682686034487700E-002  -41.548666016573776     
   3.2682686093698489E-002   8.9236601567108280E-009   149.15630632864455        3.2682686034578176E-002  -41.548666016568511     
   3.2682686100442504E-002   8.1294374287892337E-009   149.15630632864455        3.2682686034692619E-002  -41.548666016577414     
   3.2682686106505793E-002   7.4142527620462492E-009   149.15630632864455        3.2682686034830065E-002  -41.548666016571595     
   3.2682686111823463E-002   6.7861213918256045E-009   149.15630632864455        3.2682686034989354E-002  -41.548666016568504     
   3.2682686116332932E-002   6.2520683772037756E-009   149.15630632864455        3.2682686035169044E-002  -41.548666016571914     
   3.2682686119986891E-002   5.8180442939962623E-009   149.15630632864455        3.2682686035367482E-002  -41.548666016578224     
   3.2682686122743776E-002   5.4888541636761462E-009   149.15630632864455        3.2682686035582803E-002  -41.548666016572575     
   3.2682686124574901E-002   5.2681005199974373E-009   149.15630632864455        3.2682686035812931E-002  -41.548666016568667     
   3.2682686125458431E-002   5.1581413285647263E-009   149.15630632864455        3.2682686036055619E-002  -41.548666016570102     
   3.2682686125388632E-002   5.1600632787044939E-009   149.15630632864455        3.2682686036308473E-002  -41.548666016575261     
   3.2682686124366034E-002   5.2736707643932420E-009   149.15630632864455        3.2682686036568966E-002  -41.548666016571381     
   3.2682686122404866E-002   5.4974906643504028E-009   149.15630632864455        3.2682686036834468E-002  -41.548666016579674     
   3.2682686119527453E-002   5.8287928238994455E-009   149.15630632864455        3.2682686037102254E-002  -41.548666016576618     
   3.2682686115769098E-002   6.2636259354053524E-009   149.15630632864455        3.2682686037369596E-002  -41.548666016571957     
   3.2682686111173753E-002   6.7968683128806205E-009   149.15630632864455        3.2682686037633697E-002  -41.548666016572078     
   3.2682686105793377E-002   7.4222928626967634E-009   149.15630632864455        3.2682686037891810E-002  -41.548666016569307     
   3.2682686099691001E-002   8.1326453686133069E-009   149.15630632864455        3.2682686038141208E-002  -41.548666016575915     
   3.2682686092936654E-002   8.9197350381590292E-009   149.15630632864455        3.2682686038379254E-002  -41.548666016574813     
   3.2682686085606399E-002   9.7745361012062668E-009   149.15630632864455        3.2682686038603415E-002  -41.548666016583567     
   3.2682686077785170E-002   1.0687299112183065E-008   149.15630632864455        3.2682686038811269E-002  -41.548666016571552     
   3.2682686069559583E-002   1.1647670486872704E-008   149.15630632864455        3.2682686039000562E-002  -41.548666016576782     
   3.2682686061022148E-002   1.2644818704776166E-008   149.15630632864455        3.2682686039169233E-002  -41.548666016579261     
   3.2682686052268609E-002   1.3667565529508802E-008   149.15630632864455        3.2682686039315408E-002  -41.548666016570493     
   3.2682686043394533E-002   1.4704520543984294E-008   149.15630632864455        3.2682686039437463E-002  -41.548666016572561     
   3.2682686034499121E-002   1.5744217264723424E-008   149.15630632864455        3.2682686039534004E-002  -41.548666016581862     
   3.2682686025678732E-002   1.6775249090929367E-008   149.15630632864455        3.2682686039603913E-002  -41.548666016569747     
   3.2682686017028728E-002   1.7786403358803852E-008   149.15630632864455        3.2682686039646344E-002  -41.548666016567068     
   3.2682686008640847E-002   1.8766791809741241E-008   149.15630632864455        3.2682686039660735E-002  -41.548666016570444     
   3.2682686000605372E-002   1.9705975841877240E-008   149.15630632864455        3.2682686039646830E-002  -41.548666016567182     
   3.2682685993005244E-002   2.0594084996855863E-008   149.15630632864455        3.2682686039604655E-002  -41.548666016564702     
   3.2682685985918905E-002   2.1421927236521008E-008   149.15630632864455        3.2682686039534538E-002  -41.548666016568404     
   3.2682685979419084E-002   2.2181089685790876E-008   149.15630632864455        3.2682686039437123E-002  -41.548666016578721     
   3.2682685973569110E-002   2.2864028656477677E-008   149.15630632864455        3.2682686039313326E-002  -41.548666016575368     
   3.2682685968425537E-002   2.3464147920313739E-008   149.15630632864455        3.2682686039164334E-002  -41.548666016568440     
   3.2682685964035202E-002   2.3975864365519968E-008   149.15630632864455        3.2682686038991618E-002  -41.548666016570017     
   3.2682685960437961E-002   2.4394660347580233E-008   149.15630632864455        3.2682686038796899E-002  -41.548666016577052     
   3.2682685957664083E-002   2.4717122229067224E-008   149.15630632864455        3.2682686038582126E-002  -41.548666016577371     
   3.2682685955729721E-002   2.4940964792401248E-008   149.15630632864455        3.2682686038349465E-002  -41.548666016574025     
   3.2682685954649141E-002   2.5065041400920208E-008   149.15630632864455        3.2682686038101268E-002  -41.548666016570323     
   3.2682685954420566E-002   2.5089339974894307E-008   149.15630632864455        3.2682686037840039E-002  -41.548666016582615     
   3.2682685955035123E-002   2.5014965037300953E-008   149.15630632864455        3.2682686037568430E-002  -41.548666016578096     
   3.2682685956475825E-002   2.4844106266767632E-008   149.15630632864455        3.2682686037289216E-002  -41.548666016572803     
   3.2682685958714860E-002   2.4579994169574408E-008   149.15630632864455        3.2682686037005207E-002  -41.548666016585436     
   3.2682685961716279E-002   2.4226843646494822E-008   149.15630632864455        3.2682686036719297E-002  -41.548666016579482     
   3.2682685965438336E-002   2.3789786381621626E-008   149.15630632864455        3.2682686036434379E-002  -41.548666016567005     
   3.2682685969829671E-002   2.3274793116903046E-008   149.15630632864455        3.2682686036153326E-002  -41.548666016582423     
   3.2682685974833009E-002   2.2688586996085563E-008   149.15630632864455        3.2682686035878983E-002  -41.548666016577137     
   3.2682685980387954E-002   2.2038549263928698E-008   149.15630632864455        3.2682686035614091E-002  -41.548666016570856     
   3.2682685986425507E-002   2.1332618689329449E-008   149.15630632864455        3.2682686035361307E-002  -41.548666016572938     
   3.2682685992875750E-002   2.0579186143650731E-008   149.15630632864455        3.2682686035123150E-002  -41.548666016581002     
   3.2682685999662911E-002   1.9786985807252543E-008   149.15630632864455        3.2682686034901959E-002  -41.548666016572810     
   3.2682686006713937E-002   1.8964984497756459E-008   149.15630632864455        3.2682686034699919E-002  -41.548666016578323     
   3.2682686013948317E-002   1.8122270612852513E-008   149.15630632864455        3.2682686034518987E-002  -41.548666016584107     
   3.2682686021290534E-002   1.7267944158633463E-008   149.15630632864455        3.2682686034360892E-002  -41.548666016569406     
   3.2682686028663692E-002   1.6411009292425966E-008   149.15630632864455        3.2682686034227144E-002  -41.548666016572817     
   3.2682686035992309E-002   1.5560270747298969E-008   149.15630632864455        3.2682686034118974E-002  -41.548666016580256     
   3.2682686043203367E-002   1.4724235425325925E-008   149.15630632864455        3.2682686034037338E-002  -41.548666016578601     
   3.2682686050228296E-002   1.3911020349612891E-008   149.15630632864455        3.2682686033982937E-002  -41.548666016561917     
   3.2682686057000546E-002   1.3128268052579227E-008   149.15630632864455        3.2682686033956188E-002  -41.548666016567211     
   3.2682686063459414E-002   1.2383070351948006E-008   149.15630632864455        3.2682686033957208E-002  -41.548666016574451     
   3.2682686069549806E-002   1.1681901328397878E-008   149.15630632864455        3.2682686033985844E-002  -41.548666016579489     
   3.2682686075219597E-002   1.1030560172015717E-008   149.15630632864455        3.2682686034041675E-002  -41.548666016572525     
   3.2682686080426550E-002   1.0434124410700120E-008   149.15630632864455        3.2682686034123991E-002  -41.548666016570657     
   3.2682686085132286E-002   9.8969138751069275E-009   149.15630632864455        3.2682686034231842E-002  -41.548666016568752     
   3.2682686089304823E-002   9.4224655939275408E-009   149.15630632864455        3.2682686034364021E-002  -41.548666016575943     
   3.2682686092919459E-002   9.0135196524386083E-009   149.15630632864455        3.2682686034519084E-002  -41.548666016580782     
   3.2682686095959160E-002   8.6720158891354326E-009   149.15630632864455        3.2682686034695388E-002  -41.548666016570117     
   3.2682686098412447E-002   8.3991011519087189E-009   149.15630632864455        3.2682686034891092E-002  -41.548666016577648     
   3.2682686100274187E-002   8.1951466888620730E-009   149.15630632864455        3.2682686035104179E-002  -41.548666016576988     
   3.2682686101546746E-002   8.0597751117714950E-009   149.15630632864455        3.2682686035332503E-002  -41.548666016579176     
   3.2682686102238477E-002   7.9918962441269123E-009   149.15630632864455        3.2682686035573769E-002  -41.548666016573037     
   3.2682686102361712E-002   7.9897510523880390E-009   149.15630632864455        3.2682686035825602E-002  -41.548666016581528     
   3.2682686101935525E-002   8.0509627602585791E-009   149.15630632864455        3.2682686036085554E-002  -41.548666016569086     
   3.2682686100984785E-002   8.1725941624326572E-009   149.15630632864455        3.2682686036351126E-002  -41.548666016572284     
   3.2682686099534938E-002   8.3512100876317397E-009   149.15630632864455        3.2682686036619807E-002  -41.548666016573584     
   3.2682686097621531E-002   8.5829439116402677E-009   149.15630632864455        3.2682686036889091E-002  -41.548666016568077     
   3.2682686095274922E-002   8.8635669896416408E-009   149.15630632864455        3.2682686037156496E-002  -41.548666016574956     
   3.2682686092536342E-002   9.1885598640712835E-009   149.15630632864455        3.2682686037419612E-002  -41.548666016570444     
   3.2682686089443608E-002   9.5531841090174238E-009   149.15630632864455        3.2682686037676101E-002  -41.548666016577528     
   3.2682686086037603E-002   9.9525536948308291E-009   149.15630632864455        3.2682686037923743E-002  -41.548666016576107     
   3.2682686082359261E-002   1.0381704796234967E-008   149.15630632864455        3.2682686038160408E-002  -41.548666016572589     
   3.2682686078453281E-002   1.0835663023060029E-008   149.15630632864455        3.2682686038384146E-002  -41.548666016572106     
   3.2682686074359930E-002   1.1309507123688891E-008   149.15630632864455        3.2682686038593145E-002  -41.548666016577997     
   3.2682686070120058E-002   1.1798428295872577E-008   149.15630632864455        3.2682686038785783E-002  -41.548666016572966     
   3.2682686065772161E-002   1.2297784336461636E-008   149.15630632864455        3.2682686038960594E-002  -41.548666016567523     
   3.2682686061357227E-002   1.2803147968789570E-008   149.15630632864455        3.2682686039116324E-002  -41.548666016561953     
   3.2682686056910180E-002   1.3310348802391464E-008   149.15630632864455        3.2682686039251937E-002  -41.548666016572852     
   3.2682686052463751E-002   1.3815508502096370E-008   149.15630632864455        3.2682686039366596E-002  -41.548666016580896     
   3.2682686048051357E-002   1.4315068870540983E-008   149.15630632864455        3.2682686039459674E-002  -41.548666016577968     
   3.2682686043699553E-002   1.4805812677570187E-008   149.15630632864455        3.2682686039530735E-002  -41.548666016579709     
   3.2682686039435790E-002   1.5284877199609893E-008   149.15630632864455        3.2682686039579592E-002  -41.548666016574614     
   3.2682686035283466E-002   1.5749760559875525E-008   149.15630632864455        3.2682686039606244E-002  -41.548666016572938     
   3.2682686031259650E-002   1.6198321084178161E-008   149.15630632864455        3.2682686039610880E-002  -41.548666016573200     
   3.2682686027385277E-002   1.6628770005085770E-008   149.15630632864455        3.2682686039593914E-002  -41.548666016582395     
   3.2682686023670984E-002   1.7039657957215134E-008   149.15630632864455        3.2682686039555889E-002  -41.548666016575233     
   3.2682686020131212E-002   1.7429855807185289E-008   149.15630632864455        3.2682686039497588E-002  -41.548666016574757     
   3.2682686016774015E-002   1.7798530451296158E-008   149.15630632864455        3.2682686039419900E-002  -41.548666016576199     
   3.2682686013606792E-002   1.8145116290917875E-008   149.15630632864455        3.2682686039323887E-002  -41.548666016575183     
   3.2682686010634565E-002   1.8469283159069034E-008   149.15630632864455        3.2682686039210720E-002  -41.548666016584647     
   3.2682686007860264E-002   1.8770901520636151E-008   149.15630632864455        3.2682686039081713E-002  -41.548666016573655     
   3.2682686005285677E-002   1.9050005802087784E-008   149.15630632864455        3.2682686038938244E-002  -41.548666016577386     
   3.2682686002911958E-002   1.9306756724491771E-008   149.15630632864455        3.2682686038781800E-002  -41.548666016576568     
   3.2682686000738724E-002   1.9541403515857232E-008   149.15630632864455        3.2682686038613934E-002  -41.548666016574032     
   3.2682685998766496E-002   1.9754246864939139E-008   149.15630632864455        3.2682686038436222E-002  -41.548666016578302     
   3.2682685996993130E-002   1.9945603449595011E-008   149.15630632864455        3.2682686038250308E-002  -41.548666016577577     
   3.2682685995417647E-002   2.0115772828819436E-008   149.15630632864455        3.2682686038057823E-002  -41.548666016573073     
   3.2682685994040048E-002   2.0265007429670914E-008   149.15630632864455        3.2682686037860426E-002  -41.548666016567992     
   3.2682685992858611E-002   2.0393486289445216E-008   149.15630632864455        3.2682686037659739E-002  -41.548666016573009     
   3.2682685991875987E-002   2.0501293130932262E-008   149.15630632864455        3.2682686037457366E-002  -41.548666016572355     
   3.2682685991091233E-002   2.0588399256065449E-008   149.15630632864455        3.2682686037254889E-002  -41.548666016571822     
   3.2682685990506756E-002   2.0654651642044575E-008   149.15630632864455        3.2682686037053814E-002  -41.548666016578167     
   3.2682685990126539E-002   2.0699766516027773E-008   149.15630632864455        3.2682686036855597E-002  -41.548666016574757     
   3.2682685989952324E-002   2.0723328571700231E-008   149.15630632864455        3.2682686036661635E-002  -41.548666016577606     
   3.2682685989989808E-002   2.0724795875308247E-008   149.15630632864455        3.2682686036473223E-002  -41.548666016582381     
   3.2682685990244188E-002   2.0703510391995814E-008   149.15630632864455        3.2682686036291590E-002  -41.548666016579411     
   3.2682685990719704E-002   2.0658713947702083E-008   149.15630632864455        3.2682686036117875E-002  -41.548666016583880     
   3.2682685991423953E-002   2.0589569329370015E-008   149.15630632864455        3.2682686035953118E-002  -41.548666016578018     
   3.2682685992364520E-002   2.0495186118713731E-008   149.15630632864455        3.2682686035798249E-002  -41.548666016572199     
   3.2682685993545360E-002   2.0374650754216953E-008   149.15630632864455        3.2682686035654121E-002  -41.548666016579482     
   3.2682685994973620E-002   2.0227060224099334E-008   149.15630632864455        3.2682686035521484E-002  -41.548666016577819     
   3.2682685996654415E-002   2.0051558711368780E-008   149.15630632864455        3.2682686035400969E-002  -41.548666016576611     
   3.2682685998593398E-002   1.9847376442096876E-008   149.15630632864455        3.2682686035293118E-002  -41.548666016573634     
   3.2682686000793083E-002   1.9613869931123371E-008   149.15630632864455        3.2682686035198388E-002  -41.548666016575780     
   3.2682686003256085E-002   1.9350562776492856E-008   149.15630632864455        3.2682686035117120E-002  -41.548666016572668     
   3.2682686005981960E-002   1.9057186125776316E-008   149.15630632864455        3.2682686035049570E-002  -41.548666016579695     
   3.2682686008967753E-002   1.8733717924868664E-008   149.15630632864455        3.2682686034995911E-002  -41.548666016581763     
   3.2682686012209944E-002   1.8380420062864229E-008   149.15630632864455        3.2682686034956228E-002  -41.548666016568404     
   3.2682686015700700E-002   1.7997872545598686E-008   149.15630632864455        3.2682686034930519E-002  -41.548666016571410     
   3.2682686019429731E-002   1.7587003865027363E-008   149.15630632864455        3.2682686034918709E-002  -41.548666016580512     
   3.2682686023383103E-002   1.7149116781353107E-008   149.15630632864455        3.2682686034920631E-002  -41.548666016574373     
   3.2682686027545010E-002   1.6685908799015300E-008   149.15630632864455        3.2682686034936077E-002  -41.548666016573250     
   3.2682686031894351E-002   1.6199486695550896E-008   149.15630632864455        3.2682686034964763E-002  -41.548666016575027     
   3.2682686036408871E-002   1.5692374552663044E-008   149.15630632864455        3.2682686035006327E-002  -41.548666016569982     
   3.2682686041059658E-002   1.5167514839807245E-008   149.15630632864455        3.2682686035060374E-002  -41.548666016576767     
   3.2682686045817311E-002   1.4628262211561271E-008   149.15630632864455        3.2682686035126425E-002  -41.548666016573584     
   3.2682686050648918E-002   1.4078369798510341E-008   149.15630632864455        3.2682686035203967E-002  -41.548666016579844     
   3.2682686055517801E-002   1.3521967895590811E-008   149.15630632864455        3.2682686035292431E-002  -41.548666016575638     
   3.2682686060382875E-002   1.2963535080263663E-008   149.15630632864455        3.2682686035391213E-002  -41.548666016575780     
   3.2682686065203609E-002   1.2407861922882183E-008   149.15630632864455        3.2682686035499633E-002  -41.548666016573065     
   3.2682686069937142E-002   1.1860007581699927E-008   149.15630632864455        3.2682686035617005E-002  -41.548666016570010     
   3.2682686074536151E-002   1.1325249702394591E-008   149.15630632864455        3.2682686035742578E-002  -41.548666016583759     
   3.2682686078955601E-002   1.0809028165097695E-008   149.15630632864455        3.2682686035875562E-002  -41.548666016578473     
   3.2682686083147228E-002   1.0316883338783739E-008   149.15630632864455        3.2682686036015152E-002  -41.548666016576384     
   3.2682686087065697E-002   9.8543896109063617E-009   149.15630632864455        3.2682686036160466E-002  -41.548666016577243     
   3.2682686090661821E-002   9.4270850582694111E-009   149.15630632864455        3.2682686036310638E-002  -41.548666016582281     
   3.2682686093891938E-002   9.0403982111930984E-009   149.15630632864455        3.2682686036464716E-002  -41.548666016570451     
   3.2682686096712418E-002   8.6995729354066353E-009   149.15630632864455        3.2682686036621764E-002  -41.548666016580114     
   3.2682686099080496E-002   8.4095925140122953E-009   149.15630632864455        3.2682686036780789E-002  -41.548666016571403     
   3.2682686100959972E-002   8.1751040536391874E-009   149.15630632864455        3.2682686036940786E-002  -41.548666016573542     
   3.2682686102313736E-002   8.0003443639060743E-009   149.15630632864455        3.2682686037100721E-002  -41.548666016573321     
   3.2682686103113999E-002   7.8890684669611845E-009   149.15630632864455        3.2682686037259545E-002  -41.548666016571495     
   3.2682686103333913E-002   7.8444818837332736E-009   149.15630632864455        3.2682686037416205E-002  -41.548666016572653     
   3.2682686102954724E-002   7.8691778155534800E-009   149.15630632864455        3.2682686037569617E-002  -41.548666016575595     
   3.2682686101960227E-002   7.9650802940676439E-009   149.15630632864455        3.2682686037718706E-002  -41.548666016574742     
   3.2682686100342737E-002   8.1333943095587593E-009   149.15630632864455        3.2682686037862403E-002  -41.548666016567950     
   3.2682686098102584E-002   8.3745638484576188E-009   149.15630632864455        3.2682686037999641E-002  -41.548666016575403     
   3.2682686095241449E-002   8.6882386759240312E-009   149.15630632864455        3.2682686038129356E-002  -41.548666016578373     
   3.2682686091775139E-002   9.0732505902195124E-009   149.15630632864455        3.2682686038250544E-002  -41.548666016570486     
   3.2682686087718932E-002   9.5275997537903566E-009   149.15630632864455        3.2682686038362191E-002  -41.548666016574607     
   3.2682686083102458E-002   1.0048451572766458E-008   149.15630632864455        3.2682686038463353E-002  -41.548666016570927     
   3.2682686077955971E-002   1.0632144454278594E-008   149.15630632864455        3.2682686038553108E-002  -41.548666016572696     
   3.2682686072321214E-002   1.1274208621272345E-008   149.15630632864455        3.2682686038630622E-002  -41.548666016573570     
   3.2682686066243367E-002   1.1969396009690171E-008   149.15630632864455        3.2682686038695112E-002  -41.548666016577805     
   3.2682686059775978E-002   1.2711721115183602E-008   149.15630632864455        3.2682686038745863E-002  -41.548666016576810     
   3.2682686052976480E-002   1.3494512497966995E-008   149.15630632864455        3.2682686038782251E-002  -41.548666016577045     
   3.2682686045908911E-002   1.4310474497881223E-008   149.15630632864455        3.2682686038803761E-002  -41.548666016565981     
   3.2682686038640073E-002   1.5151758559041224E-008   149.15630632864455        3.2682686038809979E-002  -41.548666016572568     
   3.2682686031243045E-002   1.6010043416947015E-008   149.15630632864455        3.2682686038800576E-002  -41.548666016571090     
   3.2682686023790784E-002   1.6876623263143896E-008   149.15630632864455        3.2682686038775374E-002  -41.548666016572597     
   3.2682686016361678E-002   1.7742502875273604E-008   149.15630632864455        3.2682686038734303E-002  -41.548666016569086     
   3.2682686009033235E-002   1.8598498585654209E-008   149.15630632864455        3.2682686038677432E-002  -41.548666016587077     
   3.2682686001886167E-002   1.9435343861273059E-008   149.15630632864455        3.2682686038604976E-002  -41.548666016584889     
   3.2682685994996338E-002   2.0243798183755808E-008   149.15630632864455        3.2682686038517261E-002  -41.548666016573314     
   3.2682685988442886E-002   2.1014757850958748E-008   149.15630632864455        3.2682686038414788E-002  -41.548666016573009     
   3.2682685982299509E-002   2.1739367273494182E-008   149.15630632864455        3.2682686038298187E-002  -41.548666016569442     
   3.2682685976638544E-002   2.2409129310416310E-008   149.15630632864455        3.2682686038168221E-002  -41.548666016576668     
   3.2682685971527681E-002   2.3016013179359842E-008   149.15630632864455        3.2682686038025807E-002  -41.548666016573513     
   3.2682685967028058E-002   2.3552558487772589E-008   149.15630632864455        3.2682686037872000E-002  -41.548666016568369     
   3.2682685963198101E-002   2.4011973963654831E-008   149.15630632864455        3.2682686037707985E-002  -41.548666016577627     
   3.2682685960086520E-002   2.4388229516036923E-008   149.15630632864455        3.2682686037535054E-002  -41.548666016581045     
   3.2682685957737448E-002   2.4676140326759755E-008   149.15630632864455        3.2682686037354643E-002  -41.548666016581784     
   3.2682685956183906E-002   2.4871441765393423E-008   149.15630632864455        3.2682686037168264E-002  -41.548666016577201     
   3.2682685955454399E-002   2.4970854026846477E-008   149.15630632864455        3.2682686036977542E-002  -41.548666016572831     
   3.2682685955565567E-002   2.4972135515234260E-008   149.15630632864455        3.2682686036784168E-002  -41.548666016577791     
   3.2682685956525806E-002   2.4874124136242726E-008   149.15630632864455        3.2682686036589914E-002  -41.548666016584598     
   3.2682685958334505E-002   2.4676765811666914E-008   149.15630632864455        3.2682686036396583E-002  -41.548666016579503     
   3.2682685960979140E-002   2.4381129692216546E-008   149.15630632864455        3.2682686036206013E-002  -41.548666016580242     
   3.2682685964443112E-002   2.3989409715560409E-008   149.15630632864455        3.2682686036020064E-002  -41.548666016578409     
   3.2682685968693434E-002   2.3504912333672171E-008   149.15630632864455        3.2682686035840590E-002  -41.548666016584548     
   3.2682685973693053E-002   2.2932030414845145E-008   149.15630632864455        3.2682686035669400E-002  -41.548666016568646     
   3.2682685979393805E-002   2.2276203508118117E-008   149.15630632864455        3.2682686035508286E-002  -41.548666016570031     
   3.2682685985741797E-002   2.1543864839189327E-008   149.15630632864455        3.2682686035358954E-002  -41.548666016569157     
   3.2682685992670817E-002   2.0742375584738712E-008   149.15630632864455        3.2682686035223035E-002  -41.548666016567111     
   3.2682686000111136E-002   1.9879947143589594E-008   149.15630632864455        3.2682686035102063E-002  -41.548666016578821     
   3.2682686007985358E-002   1.8965552286198300E-008   149.15630632864455        3.2682686034997438E-002  -41.548666016579034     
   3.2682686016210764E-002   1.8008826216376406E-008   149.15630632864455        3.2682686034910424E-002  -41.548666016578011     
   3.2682686024700980E-002   1.7019958718332332E-008   149.15630632864455        3.2682686034842132E-002  -41.548666016574558     
   3.2682686033363356E-002   1.6009578686499068E-008   149.15630632864455        3.2682686034793511E-002  -41.548666016583148     
   3.2682686042105974E-002   1.4988632443396619E-008   149.15630632864455        3.2682686034765297E-002  -41.548666016569626     
   3.2682686050833167E-002   1.3968257340012198E-008   149.15630632864455        3.2682686034758074E-002  -41.548666016578402     
   3.2682686059449524E-002   1.2959652203164121E-008   149.15630632864455        3.2682686034772181E-002  -41.548666016578160     
   3.2682686067861524E-002   1.1973946243530217E-008   149.15630632864455        3.2682686034807763E-002  -41.548666016576220     
   3.2682686075974826E-002   1.1022068065961592E-008   149.15630632864455        3.2682686034864732E-002  -41.548666016568212     
   3.2682686083700362E-002   1.0114616429877661E-008   149.15630632864455        3.2682686034942794E-002  -41.548666016572945     
   3.2682686090951596E-002   9.2617343917486370E-009   149.15630632864455        3.2682686035041417E-002  -41.548666016569314     
   3.2682686097648087E-002   8.4729884242136284E-009   149.15630632864455        3.2682686035159857E-002  -41.548666016574977     
   3.2682686103714657E-002   7.7572540474497049E-009   149.15630632864455        3.2682686035297157E-002  -41.548666016572398     
   3.2682686109084050E-002   7.1226094290472379E-009   149.15630632864455        3.2682686035452144E-002  -41.548666016572227     
   3.2682686113693883E-002   6.5762383097836081E-009   149.15630632864455        3.2682686035623444E-002  -41.548666016578927     
   3.2682686117493143E-002   6.1243434955137126E-009   149.15630632864455        3.2682686035809497E-002  -41.548666016570536     
   3.2682686120438280E-002   5.7720720216581867E-009   149.15630632864455        3.2682686036008560E-002  -41.548666016579958     
   3.2682686122498167E-002   5.5234529481859132E-009   149.15630632864455        3.2682686036218760E-002  -41.548666016574401     
   3.2682686123645825E-002   5.3813485815312562E-009   149.15630632864455        3.2682686036438043E-002  -41.548666016575488     
   3.2682686123869237E-002   5.3474197478059841E-009   149.15630632864455        3.2682686036664278E-002  -41.548666016574359     
   3.2682686123165453E-002   5.4221055612075225E-009   149.15630632864455        3.2682686036895219E-002  -41.548666016577329     
   3.2682686121541973E-002   5.6046179451782858E-009   149.15630632864455        3.2682686037128532E-002  -41.548666016569044     
   3.2682686119016535E-002   5.8929509742154025E-009   149.15630632864455        3.2682686037361859E-002  -41.548666016583148     
   3.2682686115615901E-002   6.2839049136500142E-009   149.15630632864455        3.2682686037592813E-002  -41.548666016575297     
   3.2682686111380407E-002   6.7731246459809069E-009   149.15630632864455        3.2682686037818987E-002  -41.548666016577300     
   3.2682686106354372E-002   7.3551519879267993E-009   149.15630632864455        3.2682686038038040E-002  -41.548666016575979     
   3.2682686100594133E-002   8.0234912246899148E-009   149.15630632864455        3.2682686038247664E-002  -41.548666016578295     
   3.2682686094164574E-002   8.7706870194600599E-009   149.15630632864455        3.2682686038445631E-002  -41.548666016575240     
   3.2682686087135752E-002   9.5884136991694717E-009   149.15630632864455        3.2682686038629824E-002  -41.548666016582537     
   3.2682686079586722E-002   1.0467574774034142E-008   149.15630632864455        3.2682686038798245E-002  -41.548666016570309     
   3.2682686071599111E-002   1.1398411420381483E-008   149.15630632864455        3.2682686038949062E-002  -41.548666016568198     
   3.2682686063263335E-002   1.2370618545232512E-008   149.15630632864455        3.2682686039080623E-002  -41.548666016573961     
   3.2682686054667370E-002   1.3373466958846919E-008   149.15630632864455        3.2682686039191444E-002  -41.548666016570593     
   3.2682686045908176E-002   1.4395930108849251E-008   149.15630632864455        3.2682686039280269E-002  -41.548666016582310     
   3.2682686037080272E-002   1.5426813777471200E-008   149.15630632864455        3.2682686039346077E-002  -41.548666016581038     
   3.2682686028278708E-002   1.6454887112937485E-008   149.15630632864455        3.2682686039388051E-002  -41.548666016575019     
   3.2682686019598756E-002   1.7469013356855000E-008   149.15630632864455        3.2682686039405662E-002  -41.548666016574153     
   3.2682686011133534E-002   1.8458278642186514E-008   149.15630632864455        3.2682686039398612E-002  -41.548666016569548     
   3.2682686002972652E-002   1.9412117270275107E-008   149.15630632864455        3.2682686039366873E-002  -41.548666016575808     
   3.2682685995202208E-002   2.0320431930142289E-008   149.15630632864455        3.2682686039310682E-002  -41.548666016578245     
   3.2682685987903186E-002   2.1173707398199487E-008   149.15630632864455        3.2682686039230531E-002  -41.548666016580825     
   3.2682685981150969E-002   2.1963116349914489E-008   149.15630632864455        3.2682686039127148E-002  -41.548666016577606     
   3.2682685975013746E-002   2.2680616026166171E-008   149.15630632864455        3.2682686039001548E-002  -41.548666016573108     
   3.2682685969552240E-002   2.3319034623948089E-008   149.15630632864455        3.2682686038854949E-002  -41.548666016575126     
   3.2682685964820352E-002   2.3872146422057205E-008   149.15630632864455        3.2682686038688798E-002  -41.548666016581464     
   3.2682685960861414E-002   2.4334734805507849E-008   149.15630632864455        3.2682686038504771E-002  -41.548666016583738     
   3.2682685957710851E-002   2.4702642515325069E-008   149.15630632864455        3.2682686038304716E-002  -41.548666016580746     
   3.2682685955396022E-002   2.4972808620986221E-008   149.15630632864455        3.2682686038090651E-002  -41.548666016568468     
   3.2682685953933310E-002   2.5143291888611653E-008   149.15630632864455        3.2682686037864749E-002  -41.548666016582565     
   3.2682685953330029E-002   2.5213280396673902E-008   149.15630632864455        3.2682686037629298E-002  -41.548666016576213     
   3.2682685953582181E-002   2.5183087430027728E-008   149.15630632864455        3.2682686037386693E-002  -41.548666016574415     
   3.2682685954678478E-002   2.5054133860110368E-008   149.15630632864455        3.2682686037139398E-002  -41.548666016577208     
   3.2682685956599691E-002   2.4828917391636000E-008   149.15630632864455        3.2682686036889931E-002  -41.548666016571829     
   3.2682685959314055E-002   2.4510969221941403E-008   149.15630632864455        3.2682686036640804E-002  -41.548666016577542     
   3.2682685962783460E-002   2.4104798815987282E-008   149.15630632864455        3.2682686036394529E-002  -41.548666016561782     
   3.2682685966962902E-002   2.3615827645761603E-008   149.15630632864455        3.2682686036153590E-002  -41.548666016572746     
   3.2682685971799380E-002   2.3050312875840599E-008   149.15630632864455        3.2682686035920394E-002  -41.548666016573250     
   3.2682685977232846E-002   2.2415262095080342E-008   149.15630632864455        3.2682686035697260E-002  -41.548666016570657     
   3.2682685983198553E-002   2.1718340296648996E-008   149.15630632864455        3.2682686035486394E-002  -41.548666016572163     
   3.2682685989626606E-002   2.0967770393604077E-008   149.15630632864455        3.2682686035289864E-002  -41.548666016582537     
   3.2682685996443452E-002   2.0172228623831524E-008   149.15630632864455        3.2682686035109564E-002  -41.548666016567502     
   3.2682686003571701E-002   1.9340736245692361E-008   149.15630632864455        3.2682686034947214E-002  -41.548666016573101     
   3.2682686010934596E-002   1.8482548953864811E-008   149.15630632864455        3.2682686034804329E-002  -41.548666016573897     
   3.2682686018449966E-002   1.7607045453506765E-008   149.15630632864455        3.2682686034682218E-002  -41.548666016578998     
   3.2682686026039048E-002   1.6723616619693948E-008   149.15630632864455        3.2682686034581972E-002  -41.548666016573719     
   3.2682686033622094E-002   1.5841556638911047E-008   149.15630632864455        3.2682686034504409E-002  -41.548666016575744     
   3.2682686041121491E-002   1.4969957480817568E-008   149.15630632864455        3.2682686034450140E-002  -41.548666016567317     
   3.2682686048463756E-002   1.4117607982078853E-008   149.15630632864455        3.2682686034419511E-002  -41.548666016590744     
   3.2682686055574423E-002   1.3292898741327559E-008   149.15630632864455        3.2682686034412621E-002  -41.548666016573705     
   3.2682686062387618E-002   1.2503733926556027E-008   149.15630632864455        3.2682686034429323E-002  -41.548666016574074     
   3.2682686068839839E-002   1.1757450984708204E-008   149.15630632864455        3.2682686034469215E-002  -41.548666016580206     
   3.2682686074872819E-002   1.1060749120097271E-008   149.15630632864455        3.2682686034531679E-002  -41.548666016582523     
   3.2682686080435980E-002   1.0419627275107978E-008   149.15630632864455        3.2682686034615847E-002  -41.548666016570081     
   3.2682686085483241E-002   9.8393322055464342E-009   149.15630632864455        3.2682686034720652E-002  -41.548666016583468     
   3.2682686089975994E-002   9.3243170961399317E-009   149.15630632864455        3.2682686034844831E-002  -41.548666016583432     
   3.2682686093882557E-002   8.8782110110636826E-009   149.15630632864455        3.2682686034986905E-002  -41.548666016570365     
   3.2682686097177491E-002   8.5037993222363587E-009   149.15630632864455        3.2682686035145278E-002  -41.548666016578984     
   3.2682686099843691E-002   8.2030151067966409E-009   149.15630632864455        3.2682686035318174E-002  -41.548666016570493     
   3.2682686101871902E-002   7.9769413565004216E-009   149.15630632864455        3.2682686035503707E-002  -41.548666016574344     
   3.2682686103257808E-002   7.8258236980141446E-009   149.15630632864455        3.2682686035699890E-002  -41.548666016578096     
   3.2682686104004627E-002   7.7490931862491964E-009   149.15630632864455        3.2682686035904650E-002  -41.548666016564702     
   3.2682686104124392E-002   7.7453986047088354E-009   149.15630632864455        3.2682686036115884E-002  -41.548666016577293     
   3.2682686103633583E-002   7.8126475890223541E-009   149.15630632864455        3.2682686036331440E-002  -41.548666016574650     
   3.2682686102554009E-002   7.9480557840058994E-009   149.15630632864455        3.2682686036549162E-002  -41.548666016571048     
   3.2682686100913190E-002   8.1482031521262585E-009   149.15630632864455        3.2682686036766925E-002  -41.548666016573115     
   3.2682686098746597E-002   8.4090964729721071E-009   149.15630632864455        3.2682686036982635E-002  -41.548666016580867     
   3.2682686096088494E-002   8.7262370106055069E-009   149.15630632864455        3.2682686037194278E-002  -41.548666016579347     
   3.2682686092983033E-002   9.0946922786926687E-009   149.15630632864455        3.2682686037399905E-002  -41.548666016576767     
   3.2682686089471974E-002   9.5091708027789555E-009   149.15630632864455        3.2682686037597684E-002  -41.548666016580235     
   3.2682686085604949E-002   9.9640987652402171E-009   149.15630632864455        3.2682686037785902E-002  -41.548666016570394     
   3.2682686081428269E-002   1.0453697420850510E-008   149.15630632864455        3.2682686037962982E-002  -41.548666016575162     
   3.2682686076992200E-002   1.0972060189612577E-008   149.15630632864455        3.2682686038127511E-002  -41.548666016573648     
   3.2682686072348567E-002   1.1513228367901348E-008   149.15630632864455        3.2682686038278216E-002  -41.548666016573669     
   3.2682686067546984E-002   1.2071264447971143E-008   149.15630632864455        3.2682686038414017E-002  -41.548666016571737     
   3.2682686062637363E-002   1.2640322098919099E-008   149.15630632864455        3.2682686038534026E-002  -41.548666016566514     
   3.2682686057668393E-002   1.3214711937912264E-008   149.15630632864455        3.2682686038637505E-002  -41.548666016572433     
   3.2682686052686566E-002   1.3788962307313625E-008   149.15630632864455        3.2682686038723936E-002  -41.548666016575069     
   3.2682686047737594E-002   1.4357874370234708E-008   149.15630632864455        3.2682686038792971E-002  -41.548666016564951     
   3.2682686042863597E-002   1.4916570941896712E-008   149.15630632864455        3.2682686038844458E-002  -41.548666016569378     
   3.2682686038103460E-002   1.5460538585608706E-008   149.15630632864455        3.2682686038878431E-002  -41.548666016570486     
   3.2682686033492871E-002   1.5985662618166163E-008   149.15630632864455        3.2682686038895084E-002  -41.548666016565626     
   3.2682686029064698E-002   1.6488254788215165E-008   149.15630632864455        3.2682686038894793E-002  -41.548666016568866     
   3.2682686024849347E-002   1.6965073510855996E-008   149.15630632864455        3.2682686038878091E-002  -41.548666016566607     
   3.2682686020869288E-002   1.7413336660425653E-008   149.15630632864455        3.2682686038845644E-002  -41.548666016571012     
   3.2682686017147314E-002   1.7830727039431248E-008   149.15630632864455        3.2682686038798273E-002  -41.548666016573435     
   3.2682686013700162E-002   1.8215390752939945E-008   149.15630632864455        3.2682686038736912E-002  -41.548666016566379     
   3.2682686010540862E-002   1.8565928823005719E-008   149.15630632864455        3.2682686038662589E-002  -41.548666016568760     
   3.2682686007680851E-002   1.8881382475210684E-008   149.15630632864455        3.2682686038576429E-002  -41.548666016568504     
   3.2682686005125229E-002   1.9161212617748464E-008   149.15630632864455        3.2682686038479618E-002  -41.548666016575162     
   3.2682686002877104E-002   1.9405274111519139E-008   149.15630632864455        3.2682686038373411E-002  -41.548666016575339     
   3.2682686000936580E-002   1.9613785496221018E-008   149.15630632864455        3.2682686038259107E-002  -41.548666016565640     
   3.2682685999300388E-002   1.9787294891759941E-008   149.15630632864455        3.2682686038138009E-002  -41.548666016569683     
   3.2682685997963937E-002   1.9926642835495318E-008   149.15630632864455        3.2682686038011451E-002  -41.548666016572049     
   3.2682685996918287E-002   2.0032922843776767E-008   149.15630632864455        3.2682686037880729E-002  -41.548666016583930     
   3.2682685996154211E-002   2.0107440500455031E-008   149.15630632864455        3.2682686037747141E-002  -41.548666016567587     
   3.2682685995660814E-002   2.0151671875456900E-008   149.15630632864455        3.2682686037611930E-002  -41.548666016573520     
   3.2682685995426043E-002   2.0167222063741138E-008   149.15630632864455        3.2682686037476309E-002  -41.548666016573051     
   3.2682685995435827E-002   2.0155784608818337E-008   149.15630632864455        3.2682686037341417E-002  -41.548666016565029     
   3.2682685995676343E-002   2.0119102536559478E-008   149.15630632864455        3.2682686037208329E-002  -41.548666016575368     
   3.2682685996134338E-002   2.0058931674996657E-008   149.15630632864455        3.2682686037078031E-002  -41.548666016574202     
   3.2682685996795566E-002   1.9977006874973569E-008   149.15630632864455        3.2682686036951444E-002  -41.548666016574948     
   3.2682685997645559E-002   1.9875011676298784E-008   149.15630632864455        3.2682686036829375E-002  -41.548666016586537     
   3.2682685998670774E-002   1.9754551885556948E-008   149.15630632864455        3.2682686036712552E-002  -41.548666016572774     
   3.2682685999858671E-002   1.9617133446423340E-008   149.15630632864455        3.2682686036601606E-002  -41.548666016570593     
   3.2682686001198100E-002   1.9464144892841244E-008   149.15630632864455        3.2682686036497058E-002  -41.548666016573890     
   3.2682686002676986E-002   1.9296844581003229E-008   149.15630632864455        3.2682686036399351E-002  -41.548666016571524     
   3.2682686004286685E-002   1.9116352799697388E-008   149.15630632864455        3.2682686036308833E-002  -41.548666016580903     
   3.2682686006016842E-002   1.8923648761877001E-008   149.15630632864455        3.2682686036225740E-002  -41.548666016583880     
   3.2682686007860291E-002   1.8719572384481255E-008   149.15630632864455        3.2682686036150245E-002  -41.548666016576057     
   3.2682686009809434E-002   1.8504830670776811E-008   149.15630632864455        3.2682686036082431E-002  -41.548666016575204     
   3.2682686011857226E-002   1.8280008421113343E-008   149.15630632864455        3.2682686036022313E-002  -41.548666016578792     
   3.2682686014000942E-002   1.8045582915153975E-008   149.15630632864455        3.2682686035969834E-002  -41.548666016570166     
   3.2682686016232788E-002   1.7801942133314553E-008   149.15630632864455        3.2682686035924877E-002  -41.548666016563239     
   3.2682686018550483E-002   1.7549406018130940E-008   149.15630632864455        3.2682686035887268E-002  -41.548666016579226     
   3.2682686020949134E-002   1.7288250218772215E-008   149.15630632864455        3.2682686035856813E-002  -41.548666016580739     
   3.2682686023424924E-002   1.7018731714918342E-008   149.15630632864455        3.2682686035833255E-002  -41.548666016579162     
   3.2682686025972768E-002   1.6741115680520684E-008   149.15630632864455        3.2682686035816338E-002  -41.548666016573300     
   3.2682686028590202E-002   1.6455702923951337E-008   149.15630632864455        3.2682686035805777E-002  -41.548666016572454     
   3.2682686031270065E-002   1.6162857229148228E-008   149.15630632864455        3.2682686035801274E-002  -41.548666016572781     
   3.2682686034008319E-002   1.5863031923049103E-008   149.15630632864455        3.2682686035802523E-002  -41.548666016580661     
   3.2682686036797262E-002   1.5556795007517605E-008   149.15630632864455        3.2682686035809233E-002  -41.548666016574792     
   3.2682686039629580E-002   1.5244852218797356E-008   149.15630632864455        3.2682686035821126E-002  -41.548666016574302     
   3.2682686042495988E-002   1.4928067414146699E-008   149.15630632864455        3.2682686035837918E-002  -41.548666016579944     
   3.2682686045385163E-002   1.4607479732960837E-008   149.15630632864455        3.2682686035859353E-002  -41.548666016575368     
   3.2682686048286218E-002   1.4284317037601160E-008   149.15630632864455        3.2682686035885200E-002  -41.548666016565193     
   3.2682686051184864E-002   1.3960005206161955E-008   149.15630632864455        3.2682686035915245E-002  -41.548666016568639     
   3.2682686054067017E-002   1.3636172924686229E-008   149.15630632864455        3.2682686035949295E-002  -41.548666016571360     
   3.2682686056914413E-002   1.3314651708500206E-008   149.15630632864455        3.2682686035987188E-002  -41.548666016571815     
   3.2682686059709677E-002   1.2997470969801767E-008   149.15630632864455        3.2682686036028773E-002  -41.548666016578466     
   3.2682686062431431E-002   1.2686848040411915E-008   149.15630632864455        3.2682686036073931E-002  -41.548666016577315     
   3.2682686065061861E-002   1.2385173152690944E-008   149.15630632864455        3.2682686036122545E-002  -41.548666016574614     
   3.2682686067576371E-002   1.2094989476697983E-008   149.15630632864455        3.2682686036174517E-002  -41.548666016578721     
   3.2682686069952817E-002   1.1818968406129214E-008   149.15630632864455        3.2682686036229772E-002  -41.548666016578437     
   3.2682686072167233E-002   1.1559880377573902E-008   149.15630632864455        3.2682686036288211E-002  -41.548666016576533     
   3.2682686074196533E-002   1.1320561596149921E-008   149.15630632864455        3.2682686036349766E-002  -41.548666016577549     
   3.2682686076015474E-002   1.1103877123529800E-008   149.15630632864455        3.2682686036414332E-002  -41.548666016573563     
   3.2682686077600866E-002   1.0912680860631577E-008   149.15630632864455        3.2682686036481820E-002  -41.548666016580597     
   3.2682686078929213E-002   1.0749773025524315E-008   149.15630632864455        3.2682686036552097E-002  -41.548666016565143     
   3.2682686079978006E-002   1.0617855786097029E-008   149.15630632864455        3.2682686036625025E-002  -41.548666016580007     
   3.2682686080728149E-002   1.0519487755770671E-008   149.15630632864455        3.2682686036700437E-002  -41.548666016577606     
   3.2682686081159415E-002   1.0457038097951507E-008   149.15630632864455        3.2682686036778111E-002  -41.548666016569193     
   3.2682686081253756E-002   1.0432641010639757E-008   149.15630632864455        3.2682686036857825E-002  -41.548666016574067     
   3.2682686080999737E-002   1.0448151375743341E-008   149.15630632864455        3.2682686036939280E-002  -41.548666016576341     
   3.2682686080382634E-002   1.0505102358058566E-008   149.15630632864455        3.2682686037022152E-002  -41.548666016579489     
   3.2682686079396721E-002   1.0604665726414844E-008   149.15630632864455        3.2682686037106064E-002  -41.548666016576853     
   3.2682686078034880E-002   1.0747615644135909E-008   149.15630632864455        3.2682686037190600E-002  -41.548666016572021     
   3.2682686076297110E-002   1.0934296638099483E-008   149.15630632864455        3.2682686037275289E-002  -41.548666016572476     
   3.2682686074185334E-002   1.1164596405733754E-008   149.15630632864455        3.2682686037359625E-002  -41.548666016581535     
   3.2682686071706053E-002   1.1437924057888114E-008   149.15630632864455        3.2682686037443044E-002  -41.548666016573193     
   3.2682686068870398E-002   1.1753194323590860E-008   149.15630632864455        3.2682686037524951E-002  -41.548666016585557     
   3.2682686065694466E-002   1.2108818161191635E-008   149.15630632864455        3.2682686037604720E-002  -41.548666016578103     
   3.2682686062197007E-002   1.2502700130533915E-008   149.15630632864455        3.2682686037681680E-002  -41.548666016570394     
   3.2682686058400898E-002   1.2932242783912926E-008   149.15630632864455        3.2682686037755149E-002  -41.548666016568774     
   3.2682686054334158E-002   1.3394358231028242E-008   149.15630632864455        3.2682686037824427E-002  -41.548666016574217     
   3.2682686050027963E-002   1.3885486926535848E-008   149.15630632864455        3.2682686037888806E-002  -41.548666016586900     
   3.2682686045518702E-002   1.4401623619715582E-008   149.15630632864455        3.2682686037947571E-002  -41.548666016580697     
   3.2682686040843643E-002   1.4938350295863182E-008   149.15630632864455        3.2682686038000029E-002  -41.548666016579027     
   3.2682686036046321E-002   1.5490875829973753E-008   149.15630632864455        3.2682686038045500E-002  -41.548666016583475     
   3.2682686031168563E-002   1.6054081966849098E-008   149.15630632864455        3.2682686038083331E-002  -41.548666016575332     
   3.2682686026258331E-002   1.6622575139396622E-008   149.15630632864455        3.2682686038112918E-002  -41.548666016576874     
   3.2682686021363434E-002   1.7190743540407191E-008   149.15630632864455        3.2682686038133693E-002  -41.548666016572128     
   3.2682686016533340E-002   1.7752818773987147E-008   149.15630632864455        3.2682686038145170E-002  -41.548666016569911     
   3.2682686011817591E-002   1.8302941332366745E-008   149.15630632864455        3.2682686038146919E-002  -41.548666016576135     
   3.2682686007267661E-002   1.8835229073496728E-008   149.15630632864455        3.2682686038138592E-002  -41.548666016571282     
   3.2682686002931075E-002   1.9343847815766501E-008   149.15630632864455        3.2682686038119933E-002  -41.548666016578352     
   3.2682685998857854E-002   1.9823083119212547E-008   149.15630632864455        3.2682686038090776E-002  -41.548666016567417     
   3.2682685995093670E-002   2.0267412288785915E-008   149.15630632864455        3.2682686038051065E-002  -41.548666016568262     
   3.2682685991682253E-002   2.0671575615181744E-008   149.15630632864455        3.2682686038000834E-002  -41.548666016579752     
   3.2682685988665854E-002   2.1030645862634147E-008   149.15630632864455        3.2682686037940251E-002  -41.548666016576128     
   3.2682685986081629E-002   2.1340095021405064E-008   149.15630632864455        3.2682686037869599E-002  -41.548666016579354     
   3.2682685983963490E-002   2.1595857365485334E-008   149.15630632864455        3.2682686037789246E-002  -41.548666016573613     
   3.2682685982340677E-002   2.1794387892884446E-008   149.15630632864455        3.2682686037699707E-002  -41.548666016577407     
   3.2682685981236942E-002   2.1932715276440168E-008   149.15630632864455        3.2682686037601598E-002  -41.548666016577407     
   3.2682685980671922E-002   2.2008488517023386E-008   149.15630632864455        3.2682686037495641E-002  -41.548666016574423     
   3.2682685980659251E-002   2.2020016567038444E-008   149.15630632864455        3.2682686037382690E-002  -41.548666016573698     
   3.2682685981205585E-002   2.1966300279623336E-008   149.15630632864455        3.2682686037263667E-002  -41.548666016565818     
   3.2682685982312096E-002   2.1847056136662964E-008   149.15630632864455        3.2682686037139599E-002  -41.548666016577521     
   3.2682685983974433E-002   2.1662731315000234E-008   149.15630632864455        3.2682686037011584E-002  -41.548666016581720     
   3.2682685986182326E-002   2.1414509764238378E-008   149.15630632864455        3.2682686036880799E-002  -41.548666016572696     
   3.2682685988916389E-002   2.1104309089133056E-008   149.15630632864455        3.2682686036748489E-002  -41.548666016574018     
   3.2682685992154376E-002   2.0734768153226300E-008   149.15630632864455        3.2682686036615942E-002  -41.548666016578011     
   3.2682685995866871E-002   2.0309225446436628E-008   149.15630632864455        3.2682686036484450E-002  -41.548666016578437     
   3.2682686000018592E-002   1.9831688386049865E-008   149.15630632864455        3.2682686036355373E-002  -41.548666016577307     
   3.2682686004569132E-002   1.9306793845917139E-008   149.15630632864455        3.2682686036230028E-002  -41.548666016574145     
   3.2682686009475229E-002   1.8739760331036325E-008   149.15630632864455        3.2682686036109743E-002  -41.548666016571737     
   3.2682686014684777E-002   1.8136332332212332E-008   149.15630632864455        3.2682686035995799E-002  -41.548666016578125     
   3.2682686020146776E-002   1.7502717506568974E-008   149.15630632864455        3.2682686035889454E-002  -41.548666016578565     
   3.2682686025802932E-002   1.6845517432628588E-008   149.15630632864455        3.2682686035791900E-002  -41.548666016573804     
   3.2682686031594514E-002   1.6171652781824601E-008   149.15630632864455        3.2682686035704234E-002  -41.548666016572213     
   3.2682686037460135E-002   1.5488283830666345E-008   149.15630632864455        3.2682686035627483E-002  -41.548666016579666     
   3.2682686043338571E-002   1.4802727307724621E-008   149.15630632864455        3.2682686035562562E-002  -41.548666016575240     
   3.2682686049166118E-002   1.4122370626228994E-008   149.15630632864455        3.2682686035510278E-002  -41.548666016576711     
   3.2682686054879652E-002   1.3454584595711100E-008   149.15630632864455        3.2682686035471302E-002  -41.548666016569840     
   3.2682686060417215E-002   1.2806635733711234E-008   149.15630632864455        3.2682686035446183E-002  -41.548666016567580     
   3.2682686065721514E-002   1.2185599310907912E-008   149.15630632864455        3.2682686035435317E-002  -41.548666016565377     
   3.2682686070730528E-002   1.1598274259986685E-008   149.15630632864455        3.2682686035438939E-002  -41.548666016569086     
   3.2682686075393833E-002   1.1051101059717601E-008   149.15630632864455        3.2682686035457147E-002  -41.548666016572504     
   3.2682686079658782E-002   1.0550083671595612E-008   149.15630632864455        3.2682686035489877E-002  -41.548666016575289     
   3.2682686083478345E-002   1.0100716557417225E-008   149.15630632864455        3.2682686035536888E-002  -41.548666016579105     
   3.2682686086812705E-002   9.7079177427929369E-009   149.15630632864455        3.2682686035597805E-002  -41.548666016574266     
   3.2682686089625455E-002   9.3759688147277778E-009   149.15630632864455        3.2682686035672086E-002  -41.548666016568475     
   3.2682686091885967E-002   9.1084626521330811E-009   149.15630632864455        3.2682686035759051E-002  -41.548666016571438     
   3.2682686093570203E-002   8.9082595876917687E-009   149.15630632864455        3.2682686035857847E-002  -41.548666016573485     
   3.2682686094660914E-002   8.7774525890272806E-009   149.15630632864455        3.2682686035967530E-002  -41.548666016563040     
   3.2682686095148135E-002   8.7173419285925196E-009   149.15630632864455        3.2682686036086997E-002  -41.548666016570948     
   3.2682686095027544E-002   8.7284196862295854E-009   149.15630632864455        3.2682686036215061E-002  -41.548666016568831     
   3.2682686094302152E-002   8.8103642979414728E-009   149.15630632864455        3.2682686036350404E-002  -41.548666016574487     
   3.2682686092982152E-002   8.9620452310371821E-009   149.15630632864455        3.2682686036491652E-002  -41.548666016579368     
   3.2682686091085517E-002   9.1815377309425476E-009   149.15630632864455        3.2682686036637362E-002  -41.548666016577990     
   3.2682686088633089E-002   9.4661474507764282E-009   149.15630632864455        3.2682686036786028E-002  -41.548666016580491     
   3.2682686085654930E-002   9.8124446429961020E-009   149.15630632864455        3.2682686036936102E-002  -41.548666016573520     
   3.2682686082187523E-002   1.0216307464943196E-008   149.15630632864455        3.2682686037086052E-002  -41.548666016572128     
   3.2682686078270705E-002   1.0672973828710540E-008   149.15630632864455        3.2682686037234322E-002  -41.548666016565662     
   3.2682686073949314E-002   1.1177101112101082E-008   149.15630632864455        3.2682686037379394E-002  -41.548666016575950     
   3.2682686069275053E-002   1.1722832943124092E-008   149.15630632864455        3.2682686037519768E-002  -41.548666016578927     
   3.2682686064298749E-002   1.2303872176916042E-008   149.15630632864455        3.2682686037654007E-002  -41.548666016574010     
   3.2682686059079577E-002   1.2913559102632920E-008   149.15630632864455        3.2682686037780746E-002  -41.548666016575645     
   3.2682686053675886E-002   1.3544953849628722E-008   149.15630632864455        3.2682686037898721E-002  -41.548666016577897     
   3.2682686048147197E-002   1.4190921908175571E-008   149.15630632864455        3.2682686038006746E-002  -41.548666016589415     
   3.2682686042556641E-002   1.4844221640933071E-008   149.15630632864455        3.2682686038103766E-002  -41.548666016571275     
   3.2682686036965475E-002   1.5497592637702174E-008   149.15630632864455        3.2682686038188857E-002  -41.548666016569818     
   3.2682686031433095E-002   1.6143843758073310E-008   149.15630632864455        3.2682686038261202E-002  -41.548666016575375     
   3.2682686026021160E-002   1.6775939714527968E-008   149.15630632864455        3.2682686038320162E-002  -41.548666016577798     
   3.2682686020786465E-002   1.7387085072205879E-008   149.15630632864455        3.2682686038365244E-002  -41.548666016572497     
   3.2682686015784265E-002   1.7970804580623400E-008   149.15630632864455        3.2682686038396101E-002  -41.548666016563637     
   3.2682686011066192E-002   1.8521018806391982E-008   149.15630632864455        3.2682686038412546E-002  -41.548666016587624     
   3.2682686006679569E-002   1.9032114103769786E-008   149.15630632864455        3.2682686038414545E-002  -41.548666016576753     
   3.2682686002668111E-002   1.9499006040753842E-008   149.15630632864455        3.2682686038402242E-002  -41.548666016569982     
   3.2682685999070163E-002   1.9917195491195873E-008   149.15630632864455        3.2682686038375923E-002  -41.548666016571090     
   3.2682685995917483E-002   2.0282816706586032E-008   149.15630632864455        3.2682686038336017E-002  -41.548666016587006     
   3.2682685993239174E-002   2.0592676793505475E-008   149.15630632864455        3.2682686038283108E-002  -41.548666016577251     
   3.2682685991055629E-002   2.0844286142565664E-008   149.15630632864455        3.2682686038217904E-002  -41.548666016578061     
   3.2682685989381857E-002   2.1035879480235317E-008   149.15630632864455        3.2682686038141243E-002  -41.548666016575694     
   3.2682685988227371E-002   2.1166427344486622E-008   149.15630632864455        3.2682686038054069E-002  -41.548666016576483     
   3.2682685987593794E-002   2.1235637916922422E-008   149.15630632864455        3.2682686037957431E-002  -41.548666016575851     
   3.2682685987479816E-002   2.1243949276119223E-008   149.15630632864455        3.2682686037852453E-002  -41.548666016577101     
   3.2682685987873751E-002   2.1192512267294147E-008   149.15630632864455        3.2682686037740334E-002  -41.548666016573769     
   3.2682685988761062E-002   2.1083164310639712E-008   149.15630632864455        3.2682686037622317E-002  -41.548666016573470     
   3.2682685990123174E-002   2.0918394592450947E-008   149.15630632864455        3.2682686037499707E-002  -41.548666016556425     
   3.2682685991932081E-002   2.0701301198348777E-008   149.15630632864455        3.2682686037373808E-002  -41.548666016578011     
   3.2682685994157440E-002   2.0435540854499537E-008   149.15630632864455        3.2682686037245938E-002  -41.548666016572326     
   3.2682685996764910E-002   2.0125272039294421E-008   149.15630632864455        3.2682686037117395E-002  -41.548666016570657     
   3.2682685999715452E-002   1.9775092313543294E-008   149.15630632864455        3.2682686036989476E-002  -41.548666016579865     
   3.2682686002968003E-002   1.9389970790195092E-008   149.15630632864455        3.2682686036863411E-002  -41.548666016570110     
   3.2682686006477661E-002   1.8975176724173928E-008   149.15630632864455        3.2682686036740377E-002  -41.548666016579929     
   3.2682686010199594E-002   1.8536205248374823E-008   149.15630632864455        3.2682686036621507E-002  -41.548666016575588     
   3.2682686014085027E-002   1.8078701312622401E-008   149.15630632864455        3.2682686036507834E-002  -41.548666016571168     
   3.2682686018085813E-002   1.7608382897822019E-008   149.15630632864455        3.2682686036400302E-002  -41.548666016569541     
   3.2682686022154211E-002   1.7130964577869324E-008   149.15630632864455        3.2682686036299771E-002  -41.548666016570124     
   3.2682686026242712E-002   1.6652082487044979E-008   149.15630632864455        3.2682686036206977E-002  -41.548666016583454     
   3.2682686030304484E-002   1.6177221720589537E-008   149.15630632864455        3.2682686036122566E-002  -41.548666016577656     
   3.2682686034296637E-002   1.5711647151983670E-008   149.15630632864455        3.2682686036047043E-002  -41.548666016563935     
   3.2682686038174605E-002   1.5260338592513517E-008   149.15630632864455        3.2682686035980811E-002  -41.548666016571424     
   3.2682686041901506E-002   1.4827931147804682E-008   149.15630632864455        3.2682686035924162E-002  -41.548666016569207     
   3.2682686045439252E-002   1.4418661543542099E-008   149.15630632864455        3.2682686035877255E-002  -41.548666016577108     
   3.2682686048755585E-002   1.4036321099515132E-008   149.15630632864455        3.2682686035840132E-002  -41.548666016574984     
   3.2682686051824207E-002   1.3684215929056577E-008   149.15630632864455        3.2682686035812744E-002  -41.548666016573819     
   3.2682686054618992E-002   1.3365134831280234E-008   149.15630632864455        3.2682686035794918E-002  -41.548666016572930     
   3.2682686057121671E-002   1.3081325227749232E-008   149.15630632864455        3.2682686035786397E-002  -41.548666016566308     
   3.2682686059317068E-002   1.2834477375415566E-008   149.15630632864455        3.2682686035786827E-002  -41.548666016569484     
   3.2682686061194885E-002   1.2625716965187208E-008   149.15630632864455        3.2682686035795785E-002  -41.548666016572710     
   3.2682686062749100E-002   1.2455606092351695E-008   149.15630632864455        3.2682686035812758E-002  -41.548666016564958     
   3.2682686063979900E-002   1.2324152463128193E-008   149.15630632864455        3.2682686035837190E-002  -41.548666016561462     
   3.2682686064890804E-002   1.2230826582294215E-008   149.15630632864455        3.2682686035868477E-002  -41.548666016577570     
   3.2682686065488638E-002   1.2174586552240463E-008   149.15630632864455        3.2682686035905968E-002  -41.548666016581926     
   3.2682686065786719E-002   1.2153910005311559E-008   149.15630632864455        3.2682686035949003E-002  -41.548666016571687     
   3.2682686065798661E-002   1.2166832590654184E-008   149.15630632864455        3.2682686035996895E-002  -41.548666016567537     
   3.2682686065545544E-002   1.2210992345303501E-008   149.15630632864455        3.2682686036048958E-002  -41.548666016581798     
   3.2682686065048622E-002   1.2283679198109368E-008   149.15630632864455        3.2682686036104532E-002  -41.548666016585059     
   3.2682686064331827E-002   1.2381888785800825E-008   149.15630632864455        3.2682686036162957E-002  -41.548666016566095     
   3.2682686063421763E-002   1.2502379703608142E-008   149.15630632864455        3.2682686036223610E-002  -41.548666016574280     
   3.2682686062345784E-002   1.2641733269303302E-008   149.15630632864455        3.2682686036285907E-002  -41.548666016570266     
   3.2682686061132289E-002   1.2796414850096709E-008   149.15630632864455        3.2682686036349315E-002  -41.548666016572966     
   3.2682686059812102E-002   1.2962835786472635E-008   149.15630632864455        3.2682686036413333E-002  -41.548666016576945     
   3.2682686058413929E-002   1.3137414946262354E-008   149.15630632864455        3.2682686036477546E-002  -41.548666016567545     
   3.2682686056966392E-002   1.3316638955873207E-008   149.15630632864455        3.2682686036541571E-002  -41.548666016578856     
   3.2682686055497276E-002   1.3497120183340215E-008   149.15630632864455        3.2682686036605110E-002  -41.548666016576618     
   3.2682686054033669E-002   1.3675651589336483E-008   149.15630632864455        3.2682686036667907E-002  -41.548666016574472     
   3.2682686052599060E-002   1.3849257616713355E-008   149.15630632864455        3.2682686036729788E-002  -41.548666016572959     
   3.2682686051215618E-002   1.4015240355744551E-008   149.15630632864455        3.2682686036790642E-002  -41.548666016575119     
   3.2682686049904305E-002   1.4171220300093254E-008   149.15630632864455        3.2682686036850386E-002  -41.548666016572874     
   3.2682686048679389E-002   1.4315171096103214E-008   149.15630632864455        3.2682686036909034E-002  -41.548666016577265     
   3.2682686047557037E-002   1.4445447784330731E-008   149.15630632864455        3.2682686036966606E-002  -41.548666016578224     
   3.2682686046547241E-002   1.4560808135756563E-008   149.15630632864455        3.2682686037023206E-002  -41.548666016585351     
   3.2682686045656072E-002   1.4660426794057964E-008   149.15630632864455        3.2682686037078926E-002  -41.548666016571737     
   3.2682686044887117E-002   1.4743902048348151E-008   149.15630632864455        3.2682686037133916E-002  -41.548666016583390     
   3.2682686044241384E-002   1.4811255176083131E-008   149.15630632864455        3.2682686037188345E-002  -41.548666016570742     
   3.2682686043714514E-002   1.4862922411568692E-008   149.15630632864455        3.2682686037242371E-002  -41.548666016575027     
   3.2682686043300775E-002   1.4899739710089624E-008   149.15630632864455        3.2682686037296162E-002  -41.548666016568681     
   3.2682686042989635E-002   1.4922920589569013E-008   149.15630632864455        3.2682686037349862E-002  -41.548666016566258     
   3.2682686042769478E-002   1.4934027438684698E-008   149.15630632864455        3.2682686037403624E-002  -41.548666016574728     
   3.2682686042625031E-002   1.4934936781468819E-008   149.15630632864455        3.2682686037457546E-002  -41.548666016580782     
   3.2682686042539197E-002   1.4927799081929006E-008   149.15630632864455        3.2682686037511698E-002  -41.548666016580285     
   3.2682686042493234E-002   1.4914993756617275E-008   149.15630632864455        3.2682686037566099E-002  -41.548666016570181     
   3.2682686042466332E-002   1.4899080137205491E-008   149.15630632864455        3.2682686037620742E-002  -41.548666016573748     
   3.2682686042436668E-002   1.4882745188021837E-008   149.15630632864455        3.2682686037675532E-002  -41.548666016571708     
   3.2682686042382267E-002   1.4868748834104858E-008   149.15630632864455        3.2682686037730321E-002  -41.548666016570380     
   3.2682686042282326E-002   1.4859867792803929E-008   149.15630632864455        3.2682686037784903E-002  -41.548666016578970     
   3.2682686042113808E-002   1.4858838826038927E-008   149.15630632864455        3.2682686037838998E-002  -41.548666016572284     
   3.2682686041856104E-002   1.4868302340384054E-008   149.15630632864455        3.2682686037892275E-002  -41.548666016578373     
   3.2682686041489800E-002   1.4890747258192118E-008   149.15630632864455        3.2682686037944317E-002  -41.548666016579077     
   3.2682686040997916E-002   1.4928458065004707E-008   149.15630632864455        3.2682686037994652E-002  -41.548666016575758     
   3.2682686040363493E-002   1.4983464906834603E-008   149.15630632864455        3.2682686038042752E-002  -41.548666016578522     
   3.2682686039573465E-002   1.5057497565919355E-008   149.15630632864455        3.2682686038088021E-002  -41.548666016578352     
   3.2682686038618368E-002   1.5151944086043186E-008   149.15630632864455        3.2682686038129842E-002  -41.548666016579141     
   3.2682686037489771E-002   1.5267814749194397E-008   149.15630632864455        3.2682686038167513E-002  -41.548666016572625     
   3.2682686036185508E-002   1.5405712025297943E-008   149.15630632864455        3.2682686038200362E-002  -41.548666016565463     
   3.2682686034704249E-002   1.5565807027217753E-008   149.15630632864455        3.2682686038227653E-002  -41.548666016569477     
   3.2682686033048865E-002   1.5747822905395972E-008   149.15630632864455        3.2682686038248650E-002  -41.548666016578863     
   3.2682686031227731E-002   1.5951025511874097E-008   149.15630632864455        3.2682686038262639E-002  -41.548666016579062     
   3.2682686029250750E-002   1.6174221553590255E-008   149.15630632864455        3.2682686038268904E-002  -41.548666016572177     
   3.2682686027134401E-002   1.6415764341314967E-008   149.15630632864455        3.2682686038266774E-002  -41.548666016564482     
   3.2682686024894589E-002   1.6673567125073615E-008   149.15630632864455        3.2682686038255603E-002  -41.548666016577293     
   3.2682686022554835E-002   1.6945123891245182E-008   149.15630632864455        3.2682686038234827E-002  -41.548666016569470     
   3.2682686020138879E-002   1.7227537382053137E-008   149.15630632864455        3.2682686038203929E-002  -41.548666016565726     
   3.2682686017674767E-002   1.7517553987004210E-008   149.15630632864455        3.2682686038162496E-002  -41.548666016570948     
   3.2682686015193849E-002   1.7811605049366576E-008   149.15630632864455        3.2682686038110198E-002  -41.548666016568184     
   3.2682686012725171E-002   1.8105854030582343E-008   149.15630632864455        3.2682686038046804E-002  -41.548666016578196     
   3.2682686010307362E-002   1.8396248883177542E-008   149.15630632864455        3.2682686037972211E-002  -41.548666016580299     
   3.2682686007972202E-002   1.8678578899593733E-008   149.15630632864455        3.2682686037886433E-002  -41.548666016578416     
   3.2682686005757106E-002   1.8948535231559469E-008   149.15630632864455        3.2682686037789614E-002  -41.548666016578409     
   3.2682686003698239E-002   1.9201774213381932E-008   149.15630632864455        3.2682686037682047E-002  -41.548666016585244     
   3.2682686001829775E-002   1.9433982573680544E-008   149.15630632864455        3.2682686037564163E-002  -41.548666016575609     
   3.2682686000187491E-002   1.9640943584400928E-008   149.15630632864455        3.2682686037436515E-002  -41.548666016572106     
   3.2682685998805264E-002   1.9818603174086370E-008   149.15630632864455        3.2682686037299825E-002  -41.548666016572298     
   3.2682685997713880E-002   1.9963135024390970E-008   149.15630632864455        3.2682686037154941E-002  -41.548666016581912     
   3.2682685996941782E-002   2.0071003675224651E-008   149.15630632864455        3.2682686037002862E-002  -41.548666016577478     
   3.2682685996515075E-002   2.0139024684540400E-008   149.15630632864455        3.2682686036844696E-002  -41.548666016579517     
   3.2682685996455241E-002   2.0164420923139456E-008   149.15630632864455        3.2682686036681681E-002  -41.548666016577428     
   3.2682685996781119E-002   2.0144874132822914E-008   149.15630632864455        3.2682686036515168E-002  -41.548666016579972     
   3.2682685997507364E-002   2.0078570937114980E-008   149.15630632864455        3.2682686036346602E-002  -41.548666016578949     
   3.2682685998641520E-002   1.9964242566383248E-008   149.15630632864455        3.2682686036177515E-002  -41.548666016584505     
   3.2682686000189108E-002   1.9801197643024929E-008   149.15630632864455        3.2682686036009517E-002  -41.548666016579588     
   3.2682686002150033E-002   1.9589347465957896E-008   149.15630632864455        3.2682686035844254E-002  -41.548666016575908     
   3.2682686004516320E-002   1.9329223335704084E-008   149.15630632864455        3.2682686035683410E-002  -41.548666016569463     
   3.2682686007278916E-002   1.9021985570575318E-008   149.15630632864455        3.2682686035528694E-002  -41.548666016578089     
   3.2682686010421208E-002   1.8669423979083024E-008   149.15630632864455        3.2682686035381804E-002  -41.548666016576725     
   3.2682686013919632E-002   1.8273949672449996E-008   149.15630632864455        3.2682686035244400E-002  -41.548666016569705     
   3.2682686017749693E-002   1.7838578222056437E-008   149.15630632864455        3.2682686035118105E-002  -41.548666016572405     
   3.2682686021879549E-002   1.7366904288035948E-008   149.15630632864455        3.2682686035004474E-002  -41.548666016567743     
   3.2682686026271543E-002   1.6863067965612873E-008   149.15630632864455        3.2682686034904963E-002  -41.548666016566393     
   3.2682686030887649E-002   1.6331713213263945E-008   149.15630632864455        3.2682686034820940E-002  -41.548666016578458     
   3.2682686035681918E-002   1.5777938839769131E-008   149.15630632864455        3.2682686034753626E-002  -41.548666016585244     
   3.2682686040607790E-002   1.5207242633958910E-008   149.15630632864455        3.2682686034704096E-002  -41.548666016574572     
   3.2682686045616749E-002   1.4625459320215900E-008   149.15630632864455        3.2682686034673274E-002  -41.548666016571481     
   3.2682686050654997E-002   1.4038693113085689E-008   149.15630632864455        3.2682686034661894E-002  -41.548666016568355     
   3.2682686055669374E-002   1.3453245723928474E-008   149.15630632864455        3.2682686034670505E-002  -41.548666016572120     
   3.2682686060605697E-002   1.2875540741030069E-008   149.15630632864455        3.2682686034699454E-002  -41.548666016586012     
   3.2682686065407855E-002   1.2312045360538999E-008   149.15630632864455        3.2682686034748880E-002  -41.548666016579922     
   3.2682686070023600E-002   1.1769190488203346E-008   149.15630632864455        3.2682686034818699E-002  -41.548666016574664     
   3.2682686074397914E-002   1.1253290260639714E-008   149.15630632864455        3.2682686034908599E-002  -41.548666016579951     
   3.2682686078478899E-002   1.0770462049373703E-008   149.15630632864455        3.2682686035018060E-002  -41.548666016579681     
   3.2682686082219872E-002   1.0326548010861390E-008   149.15630632864455        3.2682686035146333E-002  -41.548666016578665     
   3.2682686085572114E-002   9.9270392310649261E-009   149.15630632864455        3.2682686035292452E-002  -41.548666016576945     
   3.2682686088494811E-002   9.5770034842150577E-009   149.15630632864455        3.2682686035455252E-002  -41.548666016569562     
   3.2682686090948959E-002   9.2810175823853836E-009   149.15630632864455        3.2682686035633346E-002  -41.548666016574096     
   3.2682686092903090E-002   9.0431052361323170E-009   149.15630632864455        3.2682686035825186E-002  -41.548666016573705     
   3.2682686094325904E-002   8.8666812774376713E-009   149.15630632864455        3.2682686036029023E-002  -41.548666016575787     
   3.2682686095196652E-002   8.7545030154100522E-009   149.15630632864455        3.2682686036242976E-002  -41.548666016569683     
   3.2682686095499631E-002   8.7086294037428200E-009   149.15630632864455        3.2682686036465007E-002  -41.548666016574835     
   3.2682686095223165E-002   8.7303885981812458E-009   149.15630632864455        3.2682686036692978E-002  -41.548666016581386     
   3.2682686094363637E-002   8.8203543734957859E-009   149.15630632864455        3.2682686036924653E-002  -41.548666016580491     
   3.2682686092923185E-002   8.9783317541712188E-009   149.15630632864455        3.2682686037157717E-002  -41.548666016577975     
   3.2682686090912051E-002   9.2033520926808457E-009   149.15630632864455        3.2682686037389816E-002  -41.548666016560034     
   3.2682686088345535E-002   9.4936777056642784E-009   149.15630632864455        3.2682686037618591E-002  -41.548666016570692     
   3.2682686085244321E-002   9.8468160532374035E-009   149.15630632864455        3.2682686037841670E-002  -41.548666016572113     
   3.2682686081639337E-002   1.0259543321415315E-008   149.15630632864455        3.2682686038056741E-002  -41.548666016579794     
   3.2682686077562507E-002   1.0727937144377381E-008   149.15630632864455        3.2682686038261535E-002  -41.548666016570941     
   3.2682686073053815E-002   1.1247418083443456E-008   149.15630632864455        3.2682686038453881E-002  -41.548666016571879     
   3.2682686068157517E-002   1.1812799364745749E-008   149.15630632864455        3.2682686038631704E-002  -41.548666016567005     
   3.2682686062924238E-002   1.2418344269498911E-008   149.15630632864455        3.2682686038793103E-002  -41.548666016570415     
   3.2682686057407463E-002   1.3057830470636088E-008   149.15630632864455        3.2682686038936308E-002  -41.548666016577918     
   3.2682686051663072E-002   1.3724620518882117E-008   149.15630632864455        3.2682686039059744E-002  -41.548666016572668     
   3.2682686045750996E-002   1.4411737601391479E-008   149.15630632864455        3.2682686039162030E-002  -41.548666016576405     
   3.2682686039732518E-002   1.5111945627706314E-008   149.15630632864455        3.2682686039242015E-002  -41.548666016579752     
   3.2682686033672442E-002   1.5817832642093140E-008   149.15630632864455        3.2682686039298775E-002  -41.548666016564823     
   3.2682686027634335E-002   1.6521896518874504E-008   149.15630632864455        3.2682686039331631E-002  -41.548666016573975     
   3.2682686021681950E-002   1.7216631868852410E-008   149.15630632864455        3.2682686039340166E-002  -41.548666016580867     
   3.2682686015876816E-002   1.7894617070607025E-008   149.15630632864455        3.2682686039324206E-002  -41.548666016573776     
   3.2682686010282735E-002   1.8548600340405556E-008   149.15630632864455        3.2682686039283856E-002  -41.548666016579894     
   3.2682686004958300E-002   1.9171583768867503E-008   149.15630632864455        3.2682686039219470E-002  -41.548666016574344     
   3.2682685999961179E-002   1.9756904280947503E-008   149.15630632864455        3.2682686039131700E-002  -41.548666016584889     
   3.2682685995343241E-002   2.0298310517772355E-008   149.15630632864455        3.2682686039021400E-002  -41.548666016574678     
   3.2682685991153267E-002   2.0790034694039686E-008   149.15630632864455        3.2682686038889699E-002  -41.548666016570543     
   3.2682685987436282E-002   2.1226858551967405E-008   149.15630632864455        3.2682686038737960E-002  -41.548666016576249     
   3.2682685984230325E-002   2.1604172611366724E-008   149.15630632864455        3.2682686038567756E-002  -41.548666016579496     
   3.2682685981570217E-002   2.1918028004197697E-008   149.15630632864455        3.2682686038380877E-002  -41.548666016579745     
   3.2682685979482311E-002   2.2165180279699006E-008   149.15630632864455        3.2682686038179275E-002  -41.548666016572881     
   3.2682685977987798E-002   2.2343124671418655E-008   149.15630632864455        3.2682686037965085E-002  -41.548666016577641     
   3.2682685977100508E-002   2.2450122428937853E-008   149.15630632864455        3.2682686037740542E-002  -41.548666016568625     
   3.2682685976829641E-002   2.2485217933037763E-008   149.15630632864455        3.2682686037508041E-002  -41.548666016582153     
   3.2682685977174580E-002   2.2448246432118480E-008   149.15630632864455        3.2682686037270023E-002  -41.548666016574479     
   3.2682685978131752E-002   2.2339832358184524E-008   149.15630632864455        3.2682686037029000E-002  -41.548666016571929     
   3.2682685979687986E-002   2.2161378300817194E-008   149.15630632864455        3.2682686036787520E-002  -41.548666016572859     
   3.2682685981825145E-002   2.1915044836034107E-008   149.15630632864455        3.2682686036548135E-002  -41.548666016567196     
   3.2682685984517325E-002   2.1603721521836336E-008   149.15630632864455        3.2682686036313351E-002  -41.548666016570586     
   3.2682685987734328E-002   2.1230989482419872E-008   149.15630632864455        3.2682686036085630E-002  -41.548666016580796     
   3.2682685991440398E-002   2.0801076106633189E-008   149.15630632864455        3.2682686035867353E-002  -41.548666016579261     
   3.2682685995594665E-002   2.0318802482188796E-008   149.15630632864455        3.2682686035660796E-002  -41.548666016574259     
   3.2682686000149473E-002   1.9789524274318675E-008   149.15630632864455        3.2682686035468096E-002  -41.548666016562663     
   3.2682686005056465E-002   1.9219066834443370E-008   149.15630632864455        3.2682686035291238E-002  -41.548666016577627     
   3.2682686010263334E-002   1.8613655390450574E-008   149.15630632864455        3.2682686035132025E-002  -41.548666016579624     
   3.2682686015711837E-002   1.7979841224436833E-008   149.15630632864455        3.2682686034992060E-002  -41.548666016568177     
   3.2682686021345796E-002   1.7324424785487897E-008   149.15630632864455        3.2682686034872739E-002  -41.548666016574458     
   3.2682686027105147E-002   1.6654376714051410E-008   149.15630632864455        3.2682686034775234E-002  -41.548666016572462     
   3.2682686032928392E-002   1.5976757770273578E-008   149.15630632864455        3.2682686034700474E-002  -41.548666016582139     
   3.2682686038756903E-002   1.5298638661172773E-008   149.15630632864455        3.2682686034649140E-002  -41.548666016573442     
   3.2682686044530805E-002   1.4627020751030062E-008   149.15630632864455        3.2682686034621655E-002  -41.548666016576206     
   3.2682686050189202E-002   1.3968758615967612E-008   149.15630632864455        3.2682686034618186E-002  -41.548666016569562     
   3.2682686055677944E-002   1.3330485367838753E-008   149.15630632864455        3.2682686034638662E-002  -41.548666016576341     
   3.2682686060941067E-002   1.2718541624925485E-008   149.15630632864455        3.2682686034682738E-002  -41.548666016580896     
   3.2682686065927551E-002   1.2138908948425280E-008   149.15630632864455        3.2682686034749817E-002  -41.548666016574089     
   3.2682686070591167E-002   1.1597148494985711E-008   149.15630632864455        3.2682686034839085E-002  -41.548666016575716     
   3.2682686074886447E-002   1.1098345557708812E-008   149.15630632864455        3.2682686034949490E-002  -41.548666016566685     
   3.2682686078776224E-002   1.0647060582497208E-008   149.15630632864455        3.2682686035079775E-002  -41.548666016579702     
   3.2682686082224369E-002   1.0247287154395719E-008   149.15630632864455        3.2682686035228475E-002  -41.548666016578338     
   3.2682686085201466E-002   9.9024173510378567E-009   149.15630632864455        3.2682686035393947E-002  -41.548666016573698     
   3.2682686087684786E-002   9.6152147589428103E-009   149.15630632864455        3.2682686035574386E-002  -41.548666016568546     
   3.2682686089654647E-002   9.3877953445811791E-009   149.15630632864455        3.2682686035767863E-002  -41.548666016568355     
   3.2682686091099769E-002   9.2216162673096600E-009   149.15630632864455        3.2682686035972325E-002  -41.548666016578260     
   3.2682686092012206E-002   9.1174726170232711E-009   149.15630632864455        3.2682686036185619E-002  -41.548666016570415     
   3.2682686092389723E-002   9.0755019569357594E-009   149.15630632864455        3.2682686036405541E-002  -41.548666016569705     
   3.2682686092236728E-002   9.0951964527620606E-009   149.15630632864455        3.2682686036629827E-002  -41.548666016569371     
   3.2682686091562378E-002   9.1754222751884099E-009   149.15630632864455        3.2682686036856215E-002  -41.548666016582892     
   3.2682686090381143E-002   9.3144458737840289E-009   149.15630632864455        3.2682686037082437E-002  -41.548666016580107     
   3.2682686088712554E-002   9.5099666389817563E-009   149.15630632864455        3.2682686037306258E-002  -41.548666016570948     
   3.2682686086580023E-002   9.7591553952531610E-009   149.15630632864455        3.2682686037525499E-002  -41.548666016580228     
   3.2682686084011148E-002   1.0058698103855303E-008   149.15630632864455        3.2682686037738058E-002  -41.548666016582658     
   3.2682686081037880E-002   1.0404844098784678E-008   149.15630632864455        3.2682686037941930E-002  -41.548666016566720     
   3.2682686077696393E-002   1.0793458135032541E-008   149.15630632864455        3.2682686038135227E-002  -41.548666016571275     
   3.2682686074022742E-002   1.1220075494385710E-008   149.15630632864455        3.2682686038316200E-002  -41.548666016576895     
   3.2682686070057969E-002   1.1679959371481970E-008   149.15630632864455        3.2682686038483254E-002  -41.548666016570060     
   3.2682686065844513E-002   1.2168159751440620E-008   149.15630632864455        3.2682686038634931E-002  -41.548666016574238     
   3.2682686061426651E-002   1.2679572990141755E-008   149.15630632864455        3.2682686038770004E-002  -41.548666016573279     
   3.2682686056846266E-002   1.3209001319095686E-008   149.15630632864455        3.2682686038887368E-002  -41.548666016589088     
   3.2682686052151619E-002   1.3751211518449532E-008   149.15630632864455        3.2682686038986164E-002  -41.548666016579730     
   3.2682686047385022E-002   1.4300992033307277E-008   149.15630632864455        3.2682686039065698E-002  -41.548666016572092     
   3.2682686042592307E-002   1.4853207849897370E-008   149.15630632864455        3.2682686039125490E-002  -41.548666016573740     
   3.2682686037813914E-002   1.5402852498049856E-008   149.15630632864455        3.2682686039165264E-002  -41.548666016569257     
   3.2682686033094953E-002   1.5945096604502055E-008   149.15630632864455        3.2682686039184942E-002  -41.548666016575943     
   3.2682686028473809E-002   1.6475332486434415E-008   149.15630632864455        3.2682686039184623E-002  -41.548666016572568     
   3.2682686023987585E-002   1.6989214345182324E-008   149.15630632864455        3.2682686039164612E-002  -41.548666016583574     
   3.2682686019672558E-002   1.7482693695545512E-008   149.15630632864455        3.2682686039125400E-002  -41.548666016577123     
   3.2682686015561950E-002   1.7952049744944123E-008   149.15630632864455        3.2682686039067620E-002  -41.548666016577343     
   3.2682686011683192E-002   1.8393914517705262E-008   149.15630632864455        3.2682686038992090E-002  -41.548666016576846     
   3.2682686008065259E-002   1.8805292601806578E-008   149.15630632864455        3.2682686038899768E-002  -41.548666016573165     
   3.2682686004730670E-002   1.9183575477276111E-008   149.15630632864455        3.2682686038791736E-002  -41.548666016573677     
   3.2682686001697936E-002   1.9526550465669739E-008   149.15630632864455        3.2682686038669202E-002  -41.548666016582089     
   3.2682685998986480E-002   1.9832404417688753E-008   149.15630632864455        3.2682686038533464E-002  -41.548666016579503     
   3.2682685996607390E-002   2.0099722329784610E-008   149.15630632864455        3.2682686038385922E-002  -41.548666016573648     
   3.2682685994570158E-002   2.0327481149494729E-008   149.15630632864455        3.2682686038228027E-002  -41.548666016582338     
   3.2682685992883848E-002   2.0515039092305506E-008   149.15630632864455        3.2682686038061307E-002  -41.548666016570927     
   3.2682685991548159E-002   2.0662120849245909E-008   149.15630632864455        3.2682686037887286E-002  -41.548666016571481     
   3.2682685990567374E-002   2.0768799113270749E-008   149.15630632864455        3.2682686037707548E-002  -41.548666016569811     
   3.2682685989936434E-002   2.0835472893250270E-008   149.15630632864455        3.2682686037523660E-002  -41.548666016576959     
   3.2682685989652238E-002   2.0862843116672925E-008   149.15630632864455        3.2682686037337164E-002  -41.548666016582310     
   3.2682685989705772E-002   2.0851886045354691E-008   149.15630632864455        3.2682686037149612E-002  -41.548666016573911     
   3.2682685990088153E-002   2.0803825042690761E-008   149.15630632864455        3.2682686036962491E-002  -41.548666016563381     
   3.2682685990786615E-002   2.0720101235845265E-008   149.15630632864455        3.2682686036777236E-002  -41.548666016568120     
   3.2682685991789986E-002   2.0602343612115432E-008   149.15630632864455        3.2682686036595250E-002  -41.548666016570763     
   3.2682685993081703E-002   2.0452339075660906E-008   149.15630632864455        3.2682686036417830E-002  -41.548666016576348     
   3.2682685994646354E-002   2.0272002969158990E-008   149.15630632864455        3.2682686036246203E-002  -41.548666016577137     
   3.2682685996466856E-002   2.0063350535358272E-008   149.15630632864455        3.2682686036081522E-002  -41.548666016572206     
   3.2682685998524766E-002   1.9828469756476640E-008   149.15630632864455        3.2682686035924835E-002  -41.548666016573655     
   3.2682686000802826E-002   1.9569495965683440E-008   149.15630632864455        3.2682686035777099E-002  -41.548666016580789     
   3.2682686003282453E-002   1.9288588575365088E-008   149.15630632864455        3.2682686035639182E-002  -41.548666016579027     
   3.2682686005943137E-002   1.8987910212535570E-008   149.15630632864455        3.2682686035511818E-002  -41.548666016574806     
   3.2682686008766886E-002   1.8669608493275515E-008   149.15630632864455        3.2682686035395675E-002  -41.548666016569484     
   3.2682686011736101E-002   1.8335800606881347E-008   149.15630632864455        3.2682686035291300E-002  -41.548666016581045     
   3.2682686014830375E-002   1.7988560817404567E-008   149.15630632864455        3.2682686035199152E-002  -41.548666016575787     
   3.2682686018032620E-002   1.7629910926485042E-008   149.15630632864455        3.2682686035119583E-002  -41.548666016573755     
   3.2682686021323987E-002   1.7261813678138673E-008   149.15630632864455        3.2682686035052866E-002  -41.548666016567275     
   3.2682686024688240E-002   1.6886169024319402E-008   149.15630632864455        3.2682686034999166E-002  -41.548666016576497     
   3.2682686028107512E-002   1.6504813110934632E-008   149.15630632864455        3.2682686034958566E-002  -41.548666016573620     
   3.2682686031565517E-002   1.6119519788313437E-008   149.15630632864455        3.2682686034931095E-002  -41.548666016572781     
   3.2682686035045601E-002   1.5732004399025065E-008   149.15630632864455        3.2682686034916669E-002  -41.548666016572277     
   3.2682686038532027E-002   1.5343929550403957E-008   149.15630632864455        3.2682686034915157E-002  -41.548666016574025     
   3.2682686042009933E-002   1.4956912539531636E-008   149.15630632864455        3.2682686034926370E-002  -41.548666016569712     
   3.2682686045464170E-002   1.4572534065806749E-008   149.15630632864455        3.2682686034950045E-002  -41.548666016570067     
   3.2682686048878612E-002   1.4192347841089331E-008   149.15630632864455        3.2682686034985871E-002  -41.548666016568205     
   3.2682686052239888E-002   1.3817890689978199E-008   149.15630632864455        3.2682686035033486E-002  -41.548666016576121     
   3.2682686055532553E-002   1.3450692723470109E-008   149.15630632864455        3.2682686035092494E-002  -41.548666016562130     
   3.2682686058742555E-002   1.3092287168385241E-008   149.15630632864455        3.2682686035162438E-002  -41.548666016572980     
   3.2682686061853684E-002   1.2744219442353290E-008   149.15630632864455        3.2682686035242853E-002  -41.548666016572582     
   3.2682686064852078E-002   1.2408055079536641E-008   149.15630632864455        3.2682686035333211E-002  -41.548666016570344     
   3.2682686067722559E-002   1.2085386135954760E-008   149.15630632864455        3.2682686035432985E-002  -41.548666016573343     
   3.2682686070451251E-002   1.1777835734359243E-008   149.15630632864455        3.2682686035541600E-002  -41.548666016567125     
   3.2682686073020981E-002   1.1487060446557354E-008   149.15630632864455        3.2682686035658444E-002  -41.548666016581663     
   3.2682686075417099E-002   1.1214750255723434E-008   149.15630632864455        3.2682686035782907E-002  -41.548666016577926     
   3.2682686077622938E-002   1.0962625891376616E-008   149.15630632864455        3.2682686035914343E-002  -41.548666016568220     
   3.2682686079625003E-002   1.0732433384704946E-008   149.15630632864455        3.2682686036052067E-002  -41.548666016574273     
   3.2682686081406440E-002   1.0525935750763691E-008   149.15630632864455        3.2682686036195382E-002  -41.548666016572930     
   3.2682686082951981E-002   1.0344901765781984E-008   149.15630632864455        3.2682686036343570E-002  -41.548666016579077     
   3.2682686084246675E-002   1.0191091871425328E-008   149.15630632864455        3.2682686036495878E-002  -41.548666016578736     
   3.2682686085275900E-002   1.0066241302131292E-008   149.15630632864455        3.2682686036651545E-002  -41.548666016564326     
   3.2682686086023933E-002   9.9720405955136946E-009   149.15630632864455        3.2682686036809766E-002  -41.548666016572724     
   3.2682686086479680E-002   9.9101137083094964E-009   149.15630632864455        3.2682686036969721E-002  -41.548666016575453     
   3.2682686086628068E-002   9.8819940199789001E-009   149.15630632864455        3.2682686037130558E-002  -41.548666016571481     
   3.2682686086460688E-002   9.8890985622766119E-009   149.15630632864455        3.2682686037291402E-002  -41.548666016576050     
   3.2682686085965321E-002   9.9327008645249476E-009   149.15630632864455        3.2682686037451357E-002  -41.548666016577599     
   3.2682686085134825E-002   1.0013902849893933E-008   149.15630632864455        3.2682686037609508E-002  -41.548666016566720     
   3.2682686083962867E-002   1.0133606257293332E-008   149.15630632864455        3.2682686037764912E-002  -41.548666016576092     
   3.2682686082443721E-002   1.0292484095246106E-008   149.15630632864455        3.2682686037916610E-002  -41.548666016572710     
   3.2682686080576583E-002   1.0490952657970777E-008   149.15630632864455        3.2682686038063631E-002  -41.548666016573627     
   3.2682686078361979E-002   1.0729144649209323E-008   149.15630632864455        3.2682686038204997E-002  -41.548666016580185     
   3.2682686075802179E-002   1.1006883965642206E-008   149.15630632864455        3.2682686038339709E-002  -41.548666016574039     
   3.2682686072904379E-002   1.1323662688795352E-008   149.15630632864455        3.2682686038466788E-002  -41.548666016572575     
   3.2682686069678099E-002   1.1678620821947484E-008   149.15630632864455        3.2682686038585262E-002  -41.548666016577037     
   3.2682686066133525E-002   1.2070529286855398E-008   149.15630632864455        3.2682686038694161E-002  -41.548666016577570     
   3.2682686062289405E-002   1.2497776664161183E-008   149.15630632864455        3.2682686038792555E-002  -41.548666016571218     
   3.2682686058161443E-002   1.2958360121457510E-008   149.15630632864455        3.2682686038879527E-002  -41.548666016574813     
   3.2682686053775549E-002   1.3449880924534767E-008   149.15630632864455        3.2682686038954203E-002  -41.548666016575645     
   3.2682686049154912E-002   1.3969544871122691E-008   149.15630632864455        3.2682686039015786E-002  -41.548666016573215     
   3.2682686044328543E-002   1.4514167922951071E-008   149.15630632864455        3.2682686039063498E-002  -41.548666016580313     
   3.2682686039330201E-002   1.5080187242170621E-008   149.15630632864455        3.2682686039096659E-002  -41.548666016577400     
   3.2682686034193442E-002   1.5663677763093706E-008   149.15630632864455        3.2682686039114679E-002  -41.548666016577712     
   3.2682686028955639E-002   1.6260374350558731E-008   149.15630632864455        3.2682686039117032E-002  -41.548666016576568     
   3.2682686023659382E-002   1.6865699513666200E-008   149.15630632864455        3.2682686039103306E-002  -41.548666016571502     
   3.2682686018345931E-002   1.7474796558986364E-008   149.15630632864455        3.2682686039073205E-002  -41.548666016573257     
   3.2682686013059459E-002   1.8082567981766082E-008   149.15630632864455        3.2682686039026534E-002  -41.548666016570770     
   3.2682686007846989E-002   1.8683718808839302E-008   149.15630632864455        3.2682686038963252E-002  -41.548666016574941     
   3.2682686002755541E-002   1.9272804523938066E-008   149.15630632864455        3.2682686038883427E-002  -41.548666016567537     
   3.2682685997832160E-002   1.9844283126184218E-008   149.15630632864455        3.2682686038787281E-002  -41.548666016573378     
   3.2682685993124128E-002   2.0392570796907848E-008   149.15630632864455        3.2682686038675184E-002  -41.548666016579382     
   3.2682685988681348E-002   2.0912100579977165E-008   149.15630632864455        3.2682686038547647E-002  -41.548666016580221     
   3.2682685984548085E-002   2.1397383417705251E-008   149.15630632864455        3.2682686038405330E-002  -41.548666016572945     
   3.2682685980772973E-002   2.1843070829001424E-008   149.15630632864455        3.2682686038249059E-002  -41.548666016575034     
   3.2682685977396507E-002   2.2244018469818477E-008   149.15630632864455        3.2682686038079785E-002  -41.548666016570508     
   3.2682685974459794E-002   2.2595349779061101E-008   149.15630632864455        3.2682686037898638E-002  -41.548666016569477     
   3.2682685972002391E-002   2.2892518886581703E-008   149.15630632864455        3.2682686037706868E-002  -41.548666016582878     
   3.2682685970057947E-002   2.3131371944342388E-008   149.15630632864455        3.2682686037505862E-002  -41.548666016579411     
   3.2682685968656734E-002   2.3308206037804562E-008   149.15630632864455        3.2682686037297133E-002  -41.548666016577229     
   3.2682685967826315E-002   2.3419824842098174E-008   149.15630632864455        3.2682686037082326E-002  -41.548666016579254     
   3.2682685967585265E-002   2.3463590207046920E-008   149.15630632864455        3.2682686036863175E-002  -41.548666016582807     
   3.2682685967951368E-002   2.3437468886391329E-008   149.15630632864455        3.2682686036641491E-002  -41.548666016572014     
   3.2682685968933936E-002   2.3340073669322020E-008   149.15630632864455        3.2682686036419197E-002  -41.548666016572007     
   3.2682685970538798E-002   2.3170698226502965E-008   149.15630632864455        3.2682686036198234E-002  -41.548666016563800     
   3.2682685972762866E-002   2.2929345047402525E-008   149.15630632864455        3.2682686035980610E-002  -41.548666016581997     
   3.2682685975598327E-002   2.2616745920371927E-008   149.15630632864455        3.2682686035768349E-002  -41.548666016582750     
   3.2682685979031192E-002   2.2234374490631353E-008   149.15630632864455        3.2682686035563464E-002  -41.548666016582480     
   3.2682685983040242E-002   2.1784450523014654E-008   149.15630632864455        3.2682686035367961E-002  -41.548666016566294     
   3.2682685987600303E-002   2.1269935595083487E-008   149.15630632864455        3.2682686035183789E-002  -41.548666016569918     
   3.2682685992675875E-002   2.0694520050777445E-008   149.15630632864455        3.2682686035012842E-002  -41.548666016574941     
   3.2682685998229800E-002   2.0062601153456305E-008   149.15630632864455        3.2682686034856932E-002  -41.548666016580384     
   3.2682686004215603E-002   1.9379252489046855E-008   149.15630632864455        3.2682686034717759E-002  -41.548666016570280     
   3.2682686010584661E-002   1.8650184783369614E-008   149.15630632864455        3.2682686034596897E-002  -41.548666016574110     
   3.2682686017281276E-002   1.7881698410936520E-008   149.15630632864455        3.2682686034495777E-002  -41.548666016573478     
   3.2682686024245226E-002   1.7080627984265182E-008   149.15630632864455        3.2682686034415646E-002  -41.548666016572795     
   3.2682686031414505E-002   1.6254279521384081E-008   149.15630632864455        3.2682686034357596E-002  -41.548666016570131     
   3.2682686038721522E-002   1.5410360793273314E-008   149.15630632864455        3.2682686034322506E-002  -41.548666016575694     
   3.2682686046096011E-002   1.4556905550956831E-008   149.15630632864455        3.2682686034311043E-002  -41.548666016579006     
   3.2682686053467580E-002   1.3702192422463012E-008   149.15630632864455        3.2682686034323637E-002  -41.548666016571630     
   3.2682686060765125E-002   1.2854659351671163E-008   149.15630632864455        3.2682686034360517E-002  -41.548666016573307     
   3.2682686067913365E-002   1.2022814522711465E-008   149.15630632864455        3.2682686034421635E-002  -41.548666016576931     
   3.2682686074841240E-002   1.1215144774362721E-008   149.15630632864455        3.2682686034506719E-002  -41.548666016567360     
   3.2682686081477341E-002   1.0440022557404014E-008   149.15630632864455        3.2682686034615251E-002  -41.548666016583859     
   3.2682686087750462E-002   9.7056125237152416E-009   149.15630632864455        3.2682686034746444E-002  -41.548666016566749     
   3.2682686093596196E-002   9.0197788582760269E-009   149.15630632864455        3.2682686034899294E-002  -41.548666016573584     
   3.2682686098948824E-002   8.3899944735051478E-009   149.15630632864455        3.2682686035072551E-002  -41.548666016568731     
   3.2682686103750497E-002   7.8232531795590167E-009   149.15630632864455        3.2682686035264731E-002  -41.548666016579013     
   3.2682686107947091E-002   7.3259859240678417E-009   149.15630632864455        3.2682686035474147E-002  -41.548666016566358     
   3.2682686111489771E-002   6.9039821603696663E-009   149.15630632864455        3.2682686035698898E-002  -41.548666016572803     
   3.2682686114335426E-002   6.5623173550298534E-009   149.15630632864455        3.2682686035936909E-002  -41.548666016577762     
   3.2682686116449124E-002   6.3052875837251006E-009   149.15630632864455        3.2682686036185939E-002  -41.548666016572533     
   3.2682686117802964E-002   6.1363520898843331E-009   149.15630632864455        3.2682686036443614E-002  -41.548666016564269     
   3.2682686118375340E-002   6.0580845940781140E-009   149.15630632864455        3.2682686036707424E-002  -41.548666016575403     
   3.2682686118153371E-002   6.0721340447171029E-009   149.15630632864455        3.2682686036974787E-002  -41.548666016577883     
   3.2682686117132147E-002   6.1791953932974396E-009   149.15630632864455        3.2682686037243031E-002  -41.548666016577243     
   3.2682686115315426E-002   6.3789908616696424E-009   149.15630632864455        3.2682686037509463E-002  -41.548666016579247     
   3.2682686112716262E-002   6.6702620460125464E-009   149.15630632864455        3.2682686037771379E-002  -41.548666016575595     
   3.2682686109352273E-002   7.0507730737498553E-009   149.15630632864455        3.2682686038026085E-002  -41.548666016576902     
   3.2682686105254578E-002   7.5173248972402804E-009   149.15630632864455        3.2682686038270951E-002  -41.548666016565960     
   3.2682686100459359E-002   8.0657806734824843E-009   149.15630632864455        3.2682686038503418E-002  -41.548666016566585     
   3.2682686095009843E-002   8.6911020437489781E-009   149.15630632864455        3.2682686038721036E-002  -41.548666016574927     
   3.2682686088957545E-002   9.3873959929820330E-009   149.15630632864455        3.2682686038921473E-002  -41.548666016582203     
   3.2682686082360295E-002   1.0147971837622726E-008   149.15630632864455        3.2682686039102585E-002  -41.548666016572767     
   3.2682686075283386E-002   1.0965407763869866E-008   149.15630632864455        3.2682686039262394E-002  -41.548666016570095     
   3.2682686067795785E-002   1.1831626217927369E-008   149.15630632864455        3.2682686039399160E-002  -41.548666016573478     
   3.2682686059971849E-002   1.2737977337266921E-008   149.15630632864455        3.2682686039511320E-002  -41.548666016575218     
   3.2682686051891389E-002   1.3675329508598030E-008   149.15630632864455        3.2682686039597626E-002  -41.548666016571950     
   3.2682686043634973E-002   1.4634166045580167E-008   149.15630632864455        3.2682686039657044E-002  -41.548666016576924     
   3.2682686035286929E-002   1.5604686898668048E-008   149.15630632864455        3.2682686039688831E-002  -41.548666016564056     
   3.2682686026933104E-002   1.6576914241726096E-008   149.15630632864455        3.2682686039692557E-002  -41.548666016566067     
   3.2682686018659798E-002   1.7540800726226975E-008   149.15630632864455        3.2682686039668049E-002  -41.548666016574842     
   3.2682686010551562E-002   1.8486339154809306E-008   149.15630632864455        3.2682686039615466E-002  -41.548666016575638     
   3.2682686002693424E-002   1.9403672302099609E-008   149.15630632864455        3.2682686039535232E-002  -41.548666016575297     
   3.2682685995167181E-002   2.0283201602481947E-008   149.15630632864455        3.2682686039428095E-002  -41.548666016571886     
   3.2682685988051699E-002   2.1115693432022653E-008   149.15630632864455        3.2682686039295084E-002  -41.548666016577059     
   3.2682685981420968E-002   2.1892381735087413E-008   149.15630632864455        3.2682686039137487E-002  -41.548666016577748     
   3.2682685975344683E-002   2.2605065785002224E-008   149.15630632864455        3.2682686038956896E-002  -41.548666016578686     
   3.2682685969887895E-002   2.3246201921943009E-008   149.15630632864455        3.2682686038755127E-002  -41.548666016583518     
   3.2682685965107261E-002   2.3808988179657181E-008   149.15630632864455        3.2682686038534227E-002  -41.548666016573733     
   3.2682685961053420E-002   2.4287440794394798E-008   149.15630632864455        3.2682686038296452E-002  -41.548666016577137     
   3.2682685957769894E-002   2.4676461684079998E-008   149.15630632864455        3.2682686038044265E-002  -41.548666016580654     
   3.2682685955290759E-002   2.4971896091700813E-008   149.15630632864455        3.2682686037780261E-002  -41.548666016571623     
   3.2682685953644104E-002   2.5170579702880439E-008   149.15630632864455        3.2682686037507180E-002  -41.548666016574437     
   3.2682685952846263E-002   2.5270374672535413E-008   149.15630632864455        3.2682686037227855E-002  -41.548666016574742     
   3.2682685952904932E-002   2.5270194127198921E-008   149.15630632864455        3.2682686036945206E-002  -41.548666016582210     
   3.2682685953822330E-002   2.5170014847055100E-008   149.15630632864455        3.2682686036662162E-002  -41.548666016578480     
   3.2682685955586488E-002   2.4970877972870458E-008   149.15630632864455        3.2682686036381692E-002  -41.548666016572298     
   3.2682685958180330E-002   2.4674877725795349E-008   149.15630632864455        3.2682686036106710E-002  -41.548666016574451     
   3.2682685961576294E-002   2.4285138271409192E-008   149.15630632864455        3.2682686035840097E-002  -41.548666016575183     
   3.2682685965737909E-002   2.3805779000849019E-008   149.15630632864455        3.2682686035584635E-002  -41.548666016578686     
   3.2682685970621954E-002   2.3241868639883627E-008   149.15630632864455        3.2682686035342974E-002  -41.548666016574501     
   3.2682685976177107E-002   2.2599368729940162E-008   149.15630632864455        3.2682686035117633E-002  -41.548666016568461     
   3.2682685982344271E-002   2.1885067151069016E-008   149.15630632864455        3.2682686034910952E-002  -41.548666016582317     
   3.2682685989059268E-002   2.1106502474628303E-008   149.15630632864455        3.2682686034725059E-002  -41.548666016575496     
   3.2682685996251910E-002   2.0271880041232021E-008   149.15630632864455        3.2682686034561870E-002  -41.548666016577798     
   3.2682686003845843E-002   1.9389980756226910E-008   149.15630632864455        3.2682686034423057E-002  -41.548666016573343     
   3.2682686011762420E-002   1.8470063679237573E-008   149.15630632864455        3.2682686034310023E-002  -41.548666016573890     
   3.2682686019918139E-002   1.7521763555007860E-008   149.15630632864455        3.2682686034223883E-002  -41.548666016570635     
   3.2682686028228526E-002   1.6554984489414052E-008   149.15630632864455        3.2682686034165492E-002  -41.548666016582324     
   3.2682686036607636E-002   1.5579791015986375E-008   149.15630632864455        3.2682686034135391E-002  -41.548666016583368     
   3.2682686044969544E-002   1.4606297824532173E-008   149.15630632864455        3.2682686034133823E-002  -41.548666016578601     
   3.2682686053227404E-002   1.3644559433862110E-008   149.15630632864455        3.2682686034160732E-002  -41.548666016574217     
   3.2682686061297331E-002   1.2704461085255150E-008   149.15630632864455        3.2682686034215765E-002  -41.548666016574664     
   3.2682686069095419E-002   1.1795612112406544E-008   149.15630632864455        3.2682686034298261E-002  -41.548666016570209     
   3.2682686076545321E-002   1.0927243007320514E-008   149.15630632864455        3.2682686034407278E-002  -41.548666016575595     
   3.2682686083569702E-002   1.0108107350557474E-008   149.15630632864455        3.2682686034541608E-002  -41.548666016575957     
   3.2682686090099361E-002   9.3463897091992807E-009   149.15630632864455        3.2682686034699773E-002  -41.548666016582793     
   3.2682686096071584E-002   8.6496205276141454E-009   149.15630632864455        3.2682686034880046E-002  -41.548666016575815     
   3.2682686101426155E-002   8.0245989457423585E-009   149.15630632864455        3.2682686035080510E-002  -41.548666016574131     
   3.2682686106112906E-002   7.4773243784244816E-009   149.15630632864455        3.2682686035299009E-002  -41.548666016571431     
   3.2682686110087532E-002   7.0129375784823427E-009   149.15630632864455        3.2682686035533239E-002  -41.548666016572959     
   3.2682686113314111E-002   6.6356717874353120E-009   149.15630632864455        3.2682686035780728E-002  -41.548666016571651     
   3.2682686115764227E-002   6.3488144523059627E-009   149.15630632864455        3.2682686036038903E-002  -41.548666016573407     
   3.2682686117418175E-002   6.1546798567011457E-009   149.15630632864455        3.2682686036305079E-002  -41.548666016582693     
   3.2682686118264859E-002   6.0545928808932813E-009   149.15630632864455        3.2682686036576529E-002  -41.548666016574316     
   3.2682686118300427E-002   6.0488839705997390E-009   149.15630632864455        3.2682686036850470E-002  -41.548666016570770     
   3.2682686117532798E-002   6.1368952594351814E-009   149.15630632864455        3.2682686037124140E-002  -41.548666016571559     
   3.2682686115973955E-002   6.3169976571856432E-009   149.15630632864455        3.2682686037394791E-002  -41.548666016572234     
   3.2682686113645693E-002   6.5866185867950390E-009   149.15630632864455        3.2682686037659739E-002  -41.548666016575361     
   3.2682686110578167E-002   6.9422799289871228E-009   149.15630632864455        3.2682686037916367E-002  -41.548666016578913     
   3.2682686106809397E-002   7.3796456161345426E-009   149.15630632864455        3.2682686038162191E-002  -41.548666016573193     
   3.2682686102381592E-002   7.8935782078935950E-009   149.15630632864455        3.2682686038394859E-002  -41.548666016575133     
   3.2682686097346016E-002   8.4782036814866444E-009   149.15630632864455        3.2682686038612158E-002  -41.548666016570458     
   3.2682686091758707E-002   9.1269835805232261E-009   149.15630632864455        3.2682686038812088E-002  -41.548666016576547     
   3.2682686085679681E-002   9.8327935889019607E-009   149.15630632864455        3.2682686038992832E-002  -41.548666016569946     
   3.2682686079175204E-002   1.0588007531554111E-008   149.15630632864455        3.2682686039152802E-002  -41.548666016579510     
   3.2682686072313553E-002   1.1384585752245781E-008   149.15630632864455        3.2682686039290608E-002  -41.548666016573826     
   3.2682686065165764E-002   1.2214166780723546E-008   149.15630632864455        3.2682686039405141E-002  -41.548666016575623     
   3.2682686057806325E-002   1.3068161177756185E-008   149.15630632864455        3.2682686039495534E-002  -41.548666016570230     
   3.2682686050309981E-002   1.3937846437017075E-008   149.15630632864455        3.2682686039561169E-002  -41.548666016576561     
   3.2682686042751458E-002   1.4814461827204286E-008   149.15630632864455        3.2682686039601672E-002  -41.548666016569044     
   3.2682686035205410E-002   1.5689302076213705E-008   149.15630632864455        3.2682686039616944E-002  -41.548666016573577     
   3.2682686027745628E-002   1.6553808831096974E-008   149.15630632864455        3.2682686039607153E-002  -41.548666016574686     
   3.2682686020442900E-002   1.7399658872238378E-008   149.15630632864455        3.2682686039572688E-002  -41.548666016581528     
   3.2682686013365998E-002   1.8218848117052870E-008   149.15630632864455        3.2682686039514193E-002  -41.548666016560595     
   3.2682686006581613E-002   1.9003770516640674E-008   149.15630632864455        3.2682686039432543E-002  -41.548666016574074     
   3.2682686000150278E-002   1.9747291027038107E-008   149.15630632864455        3.2682686039328813E-002  -41.548666016573790     
   3.2682685994129344E-002   2.0442811923922931E-008   149.15630632864455        3.2682686039204295E-002  -41.548666016580128     
   3.2682685988571110E-002   2.1084331824709488E-008   149.15630632864455        3.2682686039060459E-002  -41.548666016571353     
   3.2682685983520282E-002   2.1666496883141419E-008   149.15630632864455        3.2682686038898935E-002  -41.548666016577315     
   3.2682685979018779E-002   2.2184643727801170E-008   149.15630632864455        3.2682686038721494E-002  -41.548666016576178     
   3.2682685975101364E-002   2.2634833825829572E-008   149.15630632864455        3.2682686038530036E-002  -41.548666016573840     
   3.2682685971794440E-002   2.3013879064584662E-008   149.15630632864455        3.2682686038326560E-002  -41.548666016576462     
   3.2682685969120939E-002   2.3319358456274755E-008   149.15630632864455        3.2682686038113126E-002  -41.548666016578068     
   3.2682685967094949E-002   2.3549625981698969E-008   149.15630632864455        3.2682686037891887E-002  -41.548666016574103     
   3.2682685965724136E-002   2.3703809697756480E-008   149.15630632864455        3.2682686037664971E-002  -41.548666016576760     
   3.2682685965011067E-002   2.3781802338224257E-008   149.15630632864455        3.2682686037434558E-002  -41.548666016575929     
   3.2682685964950345E-002   2.3784243736786300E-008   149.15630632864455        3.2682686037202806E-002  -41.548666016577613     
   3.2682685965531692E-002   2.3712495494412860E-008   149.15630632864455        3.2682686036971817E-002  -41.548666016576597     
   3.2682685966737700E-002   2.3568608398706324E-008   149.15630632864455        3.2682686036743659E-002  -41.548666016570358     
   3.2682685968545011E-002   2.3355283179807764E-008   149.15630632864455        3.2682686036520310E-002  -41.548666016573215     
   3.2682685970926814E-002   2.3075825254989731E-008   149.15630632864455        3.2682686036303664E-002  -41.548666016570415     
   3.2682685973850642E-002   2.2734094171473450E-008   149.15630632864455        3.2682686036095504E-002  -41.548666016574451     
   3.2682685977279351E-002   2.2334448503615675E-008   149.15630632864455        3.2682686035897489E-002  -41.548666016569818     
   3.2682685981171904E-002   2.1881686996193510E-008   149.15630632864455        3.2682686035711138E-002  -41.548666016585059     
   3.2682685985485432E-002   2.1380986769668409E-008   149.15630632864455        3.2682686035537825E-002  -41.548666016569207     
   3.2682685990171566E-002   2.0837839415886503E-008   149.15630632864455        3.2682686035378772E-002  -41.548666016576846     
   3.2682685995182384E-002   2.0257985814096181E-008   149.15630632864455        3.2682686035235026E-002  -41.548666016576298     
   3.2682686000465602E-002   1.9647350487208963E-008   149.15630632864455        3.2682686035107489E-002  -41.548666016582743     
   3.2682686005970227E-002   1.9011976297606397E-008   149.15630632864455        3.2682686034996855E-002  -41.548666016574494     
   3.2682686011644764E-002   1.8357960250951396E-008   149.15630632864455        3.2682686034903687E-002  -41.548666016566905     
   3.2682686017434966E-002   1.7691391136066054E-008   149.15630632864455        3.2682686034828344E-002  -41.548666016572625     
   3.2682686023290615E-002   1.7018289679746551E-008   149.15630632864455        3.2682686034771043E-002  -41.548666016576590     
   3.2682686029158824E-002   1.6344551838370610E-008   149.15630632864455        3.2682686034731831E-002  -41.548666016572184     
   3.2682686034991491E-002   1.5675895784273071E-008   149.15630632864455        3.2682686034710584E-002  -41.548666016572788     
   3.2682686040738866E-002   1.5017813075213997E-008   149.15630632864455        3.2682686034707038E-002  -41.548666016582771     
   3.2682686046357587E-002   1.4375524421029078E-008   149.15630632864455        3.2682686034720798E-002  -41.548666016567957     
   3.2682686051803037E-002   1.3753940383877369E-008   149.15630632864455        3.2682686034751315E-002  -41.548666016577599     
   3.2682686057036191E-002   1.3157627268522401E-008   149.15630632864455        3.2682686034797931E-002  -41.548666016572277     
   3.2682686062018643E-002   1.2590778378308847E-008   149.15630632864455        3.2682686034859881E-002  -41.548666016579496     
   3.2682686066717002E-002   1.2057190731783410E-008   149.15630632864455        3.2682686034936292E-002  -41.548666016573065     
   3.2682686071101641E-002   1.1560247255604143E-008   149.15630632864455        3.2682686035026220E-002  -41.548666016574636     
   3.2682686075146093E-002   1.1102904392847374E-008   149.15630632864455        3.2682686035128625E-002  -41.548666016580654     
   3.2682686078826850E-002   1.0687684992747545E-008   149.15630632864455        3.2682686035242429E-002  -41.548666016575702     
   3.2682686082124920E-002   1.0316676279506061E-008   149.15630632864455        3.2682686035366504E-002  -41.548666016581947     
   3.2682686085025468E-002   9.9915326349842616E-009   149.15630632864455        3.2682686035499668E-002  -41.548666016567175     
   3.2682686087515164E-002   9.7134828737424807E-009   149.15630632864455        3.2682686035640729E-002  -41.548666016573456     
   3.2682686089587680E-002   9.4833416394531049E-009   149.15630632864455        3.2682686035788479E-002  -41.548666016597984     
   3.2682686091236500E-002   9.3015245100895224E-009   149.15630632864455        3.2682686035941703E-002  -41.548666016565981     
   3.2682686092461576E-002   9.1680663655826635E-009   149.15630632864455        3.2682686036099196E-002  -41.548666016573200     
   3.2682686093263386E-002   9.0826425464484921E-009   149.15630632864455        3.2682686036259775E-002  -41.548666016575091     
   3.2682686093647891E-002   9.0445923152885179E-009   149.15630632864455        3.2682686036422263E-002  -41.548666016568234     
   3.2682686093622210E-002   9.0529441249294970E-009   149.15630632864455        3.2682686036585536E-002  -41.548666016576611     
   3.2682686093196918E-002   9.1064421974070197E-009   149.15630632864455        3.2682686036748482E-002  -41.548666016575730     
   3.2682686092382333E-002   9.2035739267117207E-009   149.15630632864455        3.2682686036910061E-002  -41.548666016582217     
   3.2682686091195574E-002   9.3425976347458941E-009   149.15630632864455        3.2682686037069260E-002  -41.548666016571929     
   3.2682686089651754E-002   9.5215702339091272E-009   149.15630632864455        3.2682686037225114E-002  -41.548666016571858     
   3.2682686087769378E-002   9.7383743804656479E-009   149.15630632864455        3.2682686037376743E-002  -41.548666016585820     
   3.2682686085565578E-002   9.9907447396359783E-009   149.15630632864455        3.2682686037523272E-002  -41.548666016573030     
   3.2682686083064544E-002   1.0276293025557823E-008   149.15630632864455        3.2682686037663923E-002  -41.548666016581024     
   3.2682686080286058E-002   1.0592531525768361E-008   149.15630632864455        3.2682686037797969E-002  -41.548666016579226     
   3.2682686077253553E-002   1.0936894869917314E-008   149.15630632864455        3.2682686037924728E-002  -41.548666016576568     
   3.2682686073988686E-002   1.1306759855088413E-008   149.15630632864455        3.2682686038043585E-002  -41.548666016570962     
   3.2682686070516317E-002   1.1699463194253976E-008   149.15630632864455        3.2682686038153969E-002  -41.548666016581933     
   3.2682686066859888E-002   1.2112317109054120E-008   149.15630632864455        3.2682686038255374E-002  -41.548666016579723     
   3.2682686063044065E-002   1.2542622742379733E-008   149.15630632864455        3.2682686038347349E-002  -41.548666016576014     
   3.2682686059092310E-002   1.2987681419040643E-008   149.15630632864455        3.2682686038429484E-002  -41.548666016576831     
   3.2682686055029810E-002   1.3444803833154055E-008   149.15630632864455        3.2682686038501441E-002  -41.548666016575488     
   3.2682686050880559E-002   1.3911317288079555E-008   149.15630632864455        3.2682686038562905E-002  -41.548666016571531     
   3.2682686046669032E-002   1.4384571157769091E-008   149.15630632864455        3.2682686038613629E-002  -41.548666016577371     
   3.2682686042419050E-002   1.4861940776514091E-008   149.15630632864455        3.2682686038653416E-002  -41.548666016571467     
   3.2682686038154649E-002   1.5340829996839757E-008   149.15630632864455        3.2682686038682088E-002  -41.548666016569015     
   3.2682686033898088E-002   1.5818672681861349E-008   149.15630632864455        3.2682686038699546E-002  -41.548666016586175     
   3.2682686029675445E-002   1.6292933418592957E-008   149.15630632864455        3.2682686038705722E-002  -41.548666016574586     
   3.2682686025507508E-002   1.6761107751997285E-008   149.15630632864455        3.2682686038700580E-002  -41.548666016582146     
   3.2682686021418147E-002   1.7220722245885747E-008   149.15630632864455        3.2682686038684162E-002  -41.548666016571843     
   3.2682686017429366E-002   1.7669334675978639E-008   149.15630632864455        3.2682686038656532E-002  -41.548666016578686     
   3.2682686013563660E-002   1.8104534652615185E-008   149.15630632864455        3.2682686038617813E-002  -41.548666016573208     
   3.2682686009843358E-002   1.8523944955816819E-008   149.15630632864455        3.2682686038568172E-002  -41.548666016575631     
   3.2682686006288320E-002   1.8925223844152103E-008   149.15630632864455        3.2682686038507831E-002  -41.548666016574622     
   3.2682686002920694E-002   1.9306068571519662E-008   149.15630632864455        3.2682686038437062E-002  -41.548666016581990     
   3.2682685999760937E-002   1.9664220312681975E-008   149.15630632864455        3.2682686038356182E-002  -41.548666016582843     
   3.2682685996827839E-002   1.9997470660369264E-008   149.15630632864455        3.2682686038265588E-002  -41.548666016569513     
   3.2682685994141571E-002   2.0303669814366878E-008   149.15630632864455        3.2682686038165716E-002  -41.548666016578913     
   3.2682685991720251E-002   2.0580736537011142E-008   149.15630632864455        3.2682686038057053E-002  -41.548666016577840     
   3.2682685989581836E-002   2.0826669901003490E-008   149.15630632864455        3.2682686037940174E-002  -41.548666016572312     
   3.2682685987742537E-002   2.1039562805043689E-008   149.15630632864455        3.2682686037815697E-002  -41.548666016574181     
   3.2682685986218429E-002   2.1217617181684109E-008   149.15630632864455        3.2682686037684296E-002  -41.548666016582338     
   3.2682685985023607E-002   2.1359160770903701E-008   149.15630632864455        3.2682686037546704E-002  -41.548666016573286     
   3.2682685984170241E-002   2.1462665282902398E-008   149.15630632864455        3.2682686037403728E-002  -41.548666016575588     
   3.2682685983670023E-002   2.1526765726039306E-008   149.15630632864455        3.2682686037256235E-002  -41.548666016573939     
   3.2682685983533515E-002   2.1550280631105814E-008   149.15630632864455        3.2682686037105127E-002  -41.548666016581350     
   3.2682685983766536E-002   2.1532232862183788E-008   149.15630632864455        3.2682686036951382E-002  -41.548666016572206     
   3.2682685984376306E-002   2.1471870668493305E-008   149.15630632864455        3.2682686036796006E-002  -41.548666016572042     
   3.2682685985365383E-002   2.1368688600953257E-008   149.15630632864455        3.2682686036640068E-002  -41.548666016575652     
   3.2682685986733913E-002   2.1222447892891169E-008   149.15630632864455        3.2682686036484665E-002  -41.548666016569157     
   3.2682685988482091E-002   2.1033195886705158E-008   149.15630632864455        3.2682686036330920E-002  -41.548666016578437     
   3.2682685990603456E-002   2.0801284077846477E-008   149.15630632864455        3.2682686036179999E-002  -41.548666016566742     
   3.2682685993091612E-002   2.0527384344813761E-008   149.15630632864455        3.2682686036033054E-002  -41.548666016572767     
   3.2682685995936968E-002   2.0212502938730402E-008   149.15630632864455        3.2682686035891285E-002  -41.548666016576668     
   3.2682685999125785E-002   1.9857991819039635E-008   149.15630632864455        3.2682686035755859E-002  -41.548666016575879     
   3.2682686002641868E-002   1.9465556942686973E-008   149.15630632864455        3.2682686035627934E-002  -41.548666016576000     
   3.2682686006466323E-002   1.9037263142643258E-008   149.15630632864455        3.2682686035508654E-002  -41.548666016578345     
   3.2682686010575251E-002   1.8575535267542895E-008   149.15630632864455        3.2682686035399117E-002  -41.548666016576270     
   3.2682686014945450E-002   1.8083155297271524E-008   149.15630632864455        3.2682686035300383E-002  -41.548666016576703     
   3.2682686019546596E-002   1.7563255198725505E-008   149.15630632864455        3.2682686035213453E-002  -41.548666016574174     
   3.2682686024349490E-002   1.7019305341264561E-008   149.15630632864455        3.2682686035139248E-002  -41.548666016571552     
   3.2682686029318522E-002   1.6455098351764235E-008   149.15630632864455        3.2682686035078623E-002  -41.548666016578437     
   3.2682686034417166E-002   1.5874728353664834E-008   149.15630632864455        3.2682686035032320E-002  -41.548666016574735     
   3.2682686039608250E-002   1.5282565602317928E-008   149.15630632864455        3.2682686035000991E-002  -41.548666016583837     
   3.2682686044849606E-002   1.4683226598985614E-008   149.15630632864455        3.2682686034985191E-002  -41.548666016574110     
   3.2682686050099968E-002   1.4081539837215594E-008   149.15630632864455        3.2682686034985316E-002  -41.548666016572639     
   3.2682686055315303E-002   1.3482507406755696E-008   149.15630632864455        3.2682686035001643E-002  -41.548666016583887     
   3.2682686060450127E-002   1.2891262750547769E-008   149.15630632864455        3.2682686035034325E-002  -41.548666016569186     
   3.2682686065460723E-002   1.2313024938733591E-008   149.15630632864455        3.2682686035083348E-002  -41.548666016573272     
   3.2682686070300407E-002   1.1753049888639500E-008   149.15630632864455        3.2682686035148560E-002  -41.548666016568014     
   3.2682686074924180E-002   1.1216579020492053E-008   149.15630632864455        3.2682686035229669E-002  -41.548666016569079     
   3.2682686079289411E-002   1.0708785894018797E-008   149.15630632864455        3.2682686035326217E-002  -41.548666016573080     
   3.2682686083350267E-002   1.0234721420160302E-008   149.15630632864455        3.2682686035437579E-002  -41.548666016577535     
   3.2682686087066717E-002   9.7992582840939424E-009   149.15630632864455        3.2682686035562999E-002  -41.548666016578288     
   3.2682686090399829E-002   9.4070352496057640E-009   149.15630632864455        3.2682686035701555E-002  -41.548666016566536     
   3.2682686093312492E-002   9.0624020400265844E-009   149.15630632864455        3.2682686035852185E-002  -41.548666016570486     
   3.2682686095770352E-002   8.7693655069728642E-009   149.15630632864455        3.2682686036013715E-002  -41.548666016569101     
   3.2682686097743226E-002   8.5315378042846531E-009   149.15630632864455        3.2682686036184794E-002  -41.548666016573094     
   3.2682686099207270E-002   8.3520872807881999E-009   149.15630632864455        3.2682686036364005E-002  -41.548666016571921     
   3.2682686100137623E-002   8.2336927916265656E-009   149.15630632864455        3.2682686036549793E-002  -41.548666016575929     
   3.2682686100518200E-002   8.1785021036745084E-009   149.15630632864455        3.2682686036740523E-002  -41.548666016571993     
   3.2682686100336672E-002   8.1880950364743744E-009   149.15630632864455        3.2682686036934472E-002  -41.548666016579190     
   3.2682686099586127E-002   8.2634519361217972E-009   149.15630632864455        3.2682686037129885E-002  -41.548666016576313     
   3.2682686098264413E-002   8.4049280262322911E-009   149.15630632864455        3.2682686037324937E-002  -41.548666016579993     
   3.2682686096375216E-002   8.6122341181751365E-009   149.15630632864455        3.2682686037517776E-002  -41.548666016576348     
   3.2682686093928631E-002   8.8844240925398978E-009   149.15630632864455        3.2682686037706556E-002  -41.548666016574117     
   3.2682686090938953E-002   9.2198894866111491E-009   149.15630632864455        3.2682686037889444E-002  -41.548666016565505     
   3.2682686087427457E-002   9.6163614390538645E-009   149.15630632864455        3.2682686038064637E-002  -41.548666016577698     
   3.2682686083420946E-002   1.0070920154234033E-008   149.15630632864455        3.2682686038230380E-002  -41.548666016578757     
   3.2682686078948621E-002   1.0580011955802714E-008   149.15630632864455        3.2682686038384992E-002  -41.548666016577023     
   3.2682686074048763E-002   1.1139473903511867E-008   149.15630632864455        3.2682686038526886E-002  -41.548666016569946     
   3.2682686068764247E-002   1.1744565850109507E-008   149.15630632864455        3.2682686038654568E-002  -41.548666016572199     
   3.2682686063140433E-002   1.2390009717641266E-008   149.15630632864455        3.2682686038766694E-002  -41.548666016579894     
   3.2682686057226400E-002   1.3070035676193679E-008   149.15630632864455        3.2682686038862034E-002  -41.548666016582942     
   3.2682686051077985E-002   1.3778434814274731E-008   149.15630632864455        3.2682686038939548E-002  -41.548666016576526     
   3.2682686044751129E-002   1.4508617799900052E-008   149.15630632864455        3.2682686038998342E-002  -41.548666016575467     
   3.2682686038305202E-002   1.5253678946341977E-008   149.15630632864455        3.2682686039037713E-002  -41.548666016576981     
   3.2682686031803007E-002   1.6006465017759360E-008   149.15630632864455        3.2682686039057135E-002  -41.548666016575652     
   3.2682686025307175E-002   1.6759648038652667E-008   149.15630632864455        3.2682686039056309E-002  -41.548666016580654     
   3.2682686018880872E-002   1.7505801308235621E-008   149.15630632864455        3.2682686039035118E-002  -41.548666016578224     
   3.2682686012588766E-002   1.8237477767521071E-008   149.15630632864455        3.2682686038993665E-002  -41.548666016565335     
   3.2682686006494516E-002   1.8947289823885787E-008   149.15630632864455        3.2682686038932263E-002  -41.548666016565058     
   3.2682686000658837E-002   1.9627989705899764E-008   149.15630632864455        3.2682686038851411E-002  -41.548666016574813     
   3.2682685995142381E-002   2.0272549400962396E-008   149.15630632864455        3.2682686038751844E-002  -41.548666016582132     
   3.2682685990001709E-002   2.0874239219850927E-008   149.15630632864455        3.2682686038634487E-002  -41.548666016580142     
   3.2682685985291698E-002   2.1426704036143566E-008   149.15630632864455        3.2682686038500434E-002  -41.548666016576526     
   3.2682685981061860E-002   2.1924036264875157E-008   149.15630632864455        3.2682686038350985E-002  -41.548666016571133     
   3.2682685977358503E-002   2.2360844673171243E-008   149.15630632864455        3.2682686038187594E-002  -41.548666016577378     
   3.2682685974221928E-002   2.2732318156205062E-008   149.15630632864455        3.2682686038011867E-002  -41.548666016579155     
   3.2682685971684847E-002   2.3034283663931497E-008   149.15630632864455        3.2682686037825544E-002  -41.548666016578530     
   3.2682685969780134E-002   2.3263257527202082E-008   149.15630632864455        3.2682686037630491E-002  -41.548666016567360     
   3.2682685968528136E-002   2.3416489505259765E-008   149.15630632864455        3.2682686037428660E-002  -41.548666016576526     
   3.2682685967946684E-002   2.3491998959384548E-008   149.15630632864455        3.2682686037222096E-002  -41.548666016578643     
   3.2682685968042954E-002   2.3488602648729327E-008   149.15630632864455        3.2682686037012888E-002  -41.548666016583383     
   3.2682685968821068E-002   2.3405933742808124E-008   149.15630632864455        3.2682686036803160E-002  -41.548666016565882     
   3.2682685970274614E-002   2.3244451749544254E-008   149.15630632864455        3.2682686036595035E-002  -41.548666016577627     
   3.2682685972393585E-002   2.3005443166928001E-008   149.15630632864455        3.2682686036390643E-002  -41.548666016578728     
   3.2682685975158179E-002   2.2691012778855628E-008   149.15630632864455        3.2682686036192073E-002  -41.548666016569221     
   3.2682685978543020E-002   2.2304065629796766E-008   149.15630632864455        3.2682686036001336E-002  -41.548666016575226     
   3.2682685982515641E-002   2.1848279827638428E-008   149.15630632864455        3.2682686035820384E-002  -41.548666016573797     
   3.2682685987038114E-002   2.1328070437483435E-008   149.15630632864455        3.2682686035651054E-002  -41.548666016579901     
   3.2682685992066154E-002   2.0748544839856599E-008   149.15630632864455        3.2682686035495082E-002  -41.548666016574003     
   3.2682685997550101E-002   2.0115450033573312E-008   149.15630632864455        3.2682686035354021E-002  -41.548666016577222     
   3.2682686003434769E-002   1.9435112464546383E-008   149.15630632864455        3.2682686035229287E-002  -41.548666016577457     
   3.2682686009661531E-002   1.8714371056059635E-008   149.15630632864455        3.2682686035122144E-002  -41.548666016574991     
   3.2682686016168139E-002   1.7960504202117958E-008   149.15630632864455        3.2682686035033631E-002  -41.548666016571133     
   3.2682686022888430E-002   1.7181151562390955E-008   149.15630632864455        3.2682686034964610E-002  -41.548666016572312     
   3.2682686029754028E-002   1.6384231563643656E-008   149.15630632864455        3.2682686034915739E-002  -41.548666016574771     
   3.2682686036696010E-002   1.5577855567774273E-008   149.15630632864455        3.2682686034887443E-002  -41.548666016573129     
   3.2682686043644972E-002   1.4770239709933238E-008   149.15630632864455        3.2682686034879942E-002  -41.548666016573016     
   3.2682686050528272E-002   1.3969615440781394E-008   149.15630632864455        3.2682686034893230E-002  -41.548666016571886     
   3.2682686057277380E-002   1.3184139824676137E-008   149.15630632864455        3.2682686034927078E-002  -41.548666016579801     
   3.2682686063823636E-002   1.2421806649970082E-008   149.15630632864455        3.2682686034981062E-002  -41.548666016571765     
   3.2682686070102114E-002   1.1690359398657825E-008   149.15630632864455        3.2682686035054531E-002  -41.548666016567871     
   3.2682686076046401E-002   1.0997207100414789E-008   149.15630632864455        3.2682686035146631E-002  -41.548666016572390     
   3.2682686081600736E-002   1.0349344060973148E-008   149.15630632864455        3.2682686035256321E-002  -41.548666016571701     
   3.2682686086706304E-002   9.7532744071234407E-009   149.15630632864455        3.2682686035382380E-002  -41.548666016574899     
   3.2682686091313959E-002   9.2149423310667415E-009   149.15630632864455        3.2682686035523441E-002  -41.548666016579816     
   3.2682686095378728E-002   8.7396688461446405E-009   149.15630632864455        3.2682686035677949E-002  -41.548666016564390     
   3.2682686098860887E-002   8.3320957851712098E-009   149.15630632864455        3.2682686035844274E-002  -41.548666016582345     
   3.2682686101726158E-002   7.9961376825478309E-009   149.15630632864455        3.2682686036020620E-002  -41.548666016576071     
   3.2682686103948991E-002   7.7349420833484878E-009   149.15630632864455        3.2682686036205132E-002  -41.548666016569399     
   3.2682686105508008E-002   7.5508587180116780E-009   149.15630632864455        3.2682686036395889E-002  -41.548666016579162     
   3.2682686106392675E-002   7.4454178712808995E-009   149.15630632864455        3.2682686036590906E-002  -41.548666016574174     
   3.2682686106594673E-002   7.4193181602735532E-009   149.15630632864455        3.2682686036788186E-002  -41.548666016569030     
   3.2682686106116902E-002   7.4724238205005632E-009   149.15630632864455        3.2682686036985722E-002  -41.548666016572234     
   3.2682686104967232E-002   7.6037714815565852E-009   149.15630632864455        3.2682686037181531E-002  -41.548666016574053     
   3.2682686103160719E-002   7.8115862979804249E-009   149.15630632864455        3.2682686037373676E-002  -41.548666016571168     
   3.2682686100719498E-002   8.0933071867192269E-009   149.15630632864455        3.2682686037560277E-002  -41.548666016574835     
   3.2682686097672435E-002   8.4456208121967664E-009   149.15630632864455        3.2682686037739522E-002  -41.548666016565264     
   3.2682686094053809E-002   8.8645038547177602E-009   149.15630632864455        3.2682686037909726E-002  -41.548666016573705     
   3.2682686089903323E-002   9.3452729991097763E-009   149.15630632864455        3.2682686038069300E-002  -41.548666016570202     
   3.2682686085266109E-002   9.8826419894331034E-009   149.15630632864455        3.2682686038216800E-002  -41.548666016579084     
   3.2682686080192438E-002   1.0470785013355300E-008   149.15630632864455        3.2682686038350929E-002  -41.548666016563722     
   3.2682686074737143E-002   1.1103405607504787E-008   149.15630632864455        3.2682686038470542E-002  -41.548666016571907     
   3.2682686068954907E-002   1.1773810213682859E-008   149.15630632864455        3.2682686038574674E-002  -41.548666016572724     
   3.2682686062908542E-002   1.2474985465789631E-008   149.15630632864455        3.2682686038662520E-002  -41.548666016579411     
   3.2682686056658361E-002   1.3199678249561583E-008   149.15630632864455        3.2682686038733477E-002  -41.548666016580313     
   3.2682686050267702E-002   1.3940477551975461E-008   149.15630632864455        3.2682686038787122E-002  -41.548666016579013     
   3.2682686043801819E-002   1.4689897104702922E-008   149.15630632864455        3.2682686038823197E-002  -41.548666016569257     
   3.2682686037324382E-002   1.5440457826401569E-008   149.15630632864455        3.2682686038841675E-002  -41.548666016574636     
   3.2682686030898536E-002   1.6184769081879722E-008   149.15630632864455        3.2682686038842661E-002  -41.548666016574195     
   3.2682686024585773E-002   1.6915607801751924E-008   149.15630632864455        3.2682686038826479E-002  -41.548666016574053     
   3.2682686018446400E-002   1.7625994543958758E-008   149.15630632864455        3.2682686038793596E-002  -41.548666016567488     
   3.2682686012538480E-002   1.8309265627806971E-008   149.15630632864455        3.2682686038744663E-002  -41.548666016575972     
   3.2682686006914798E-002   1.8959140530927011E-008   149.15630632864455        3.2682686038680450E-002  -41.548666016572511     
   3.2682686001625161E-002   1.9569783809339329E-008   149.15630632864455        3.2682686038601902E-002  -41.548666016578750     
   3.2682685996716379E-002   2.0135860879267369E-008   149.15630632864455        3.2682686038510052E-002  -41.548666016579922     
   3.2682685992230107E-002   2.0652587085455580E-008   149.15630632864455        3.2682686038406066E-002  -41.548666016581244     
   3.2682685988202162E-002   2.1115769573363502E-008   149.15630632864455        3.2682686038291206E-002  -41.548666016579851     
   3.2682685984663166E-002   2.1521841580345677E-008   149.15630632864455        3.2682686038166778E-002  -41.548666016576142     
   3.2682685981638773E-002   2.1867888862296552E-008   149.15630632864455        3.2682686038034182E-002  -41.548666016578835     
   3.2682685979149202E-002   2.2151668076179862E-008   149.15630632864455        3.2682686037894849E-002  -41.548666016573257     
   3.2682685977207297E-002   2.2371617043650553E-008   149.15630632864455        3.2682686037750229E-002  -41.548666016580285     
   3.2682685975822023E-002   2.2526856925171446E-008   149.15630632864455        3.2682686037601778E-002  -41.548666016585820     
   3.2682685974996357E-002   2.2617186436610064E-008   149.15630632864455        3.2682686037450961E-002  -41.548666016568411     
   3.2682685974724963E-002   2.2643068339400800E-008   149.15630632864455        3.2682686037299187E-002  -41.548666016575034     
   3.2682685975000299E-002   2.2605608530011956E-008   149.15630632864455        3.2682686037147864E-002  -41.548666016567545     
   3.2682685975808201E-002   2.2506528143361887E-008   149.15630632864455        3.2682686036998303E-002  -41.548666016570508     
   3.2682685977129450E-002   2.2348129166741861E-008   149.15630632864455        3.2682686036851767E-002  -41.548666016577634     
   3.2682685978940793E-002   2.2133254134873548E-008   149.15630632864455        3.2682686036709450E-002  -41.548666016565839     
   3.2682685981212829E-002   2.1865240541900903E-008   149.15630632864455        3.2682686036572442E-002  -41.548666016573755     
   3.2682685983914952E-002   2.1547870661655992E-008   149.15630632864455        3.2682686036441727E-002  -41.548666016573833     
   3.2682685987011371E-002   2.1185317512870362E-008   149.15630632864455        3.2682686036318194E-002  -41.548666016577315     
   3.2682685990465039E-002   2.0782087740683290E-008   149.15630632864455        3.2682686036202613E-002  -41.548666016577435     
   3.2682685994233719E-002   2.0342962209274362E-008   149.15630632864455        3.2682686036095650E-002  -41.548666016577904     
   3.2682685998276555E-002   1.9872935112784278E-008   149.15630632864455        3.2682686035997839E-002  -41.548666016577840     
   3.2682686002549130E-002   1.9377152412863126E-008   149.15630632864455        3.2682686035909590E-002  -41.548666016578686     
   3.2682686007005218E-002   1.8860850401261382E-008   149.15630632864455        3.2682686035831202E-002  -41.548666016569982     
   3.2682686011602874E-002   1.8329295165184282E-008   149.15630632864455        3.2682686035762881E-002  -41.548666016574735     
   3.2682686016295509E-002   1.7787723702150272E-008   149.15630632864455        3.2682686035704671E-002  -41.548666016576128     
   3.2682686021038042E-002   1.7241287390477964E-008   149.15630632864455        3.2682686035656563E-002  -41.548666016569257     
   3.2682686025789401E-002   1.6694998471918842E-008   149.15630632864455        3.2682686035618413E-002  -41.548666016574110     
   3.2682686030506537E-002   1.6153680145119446E-008   149.15630632864455        3.2682686035589999E-002  -41.548666016573975     
   3.2682686035149865E-002   1.5621920803896726E-008   149.15630632864455        3.2682686035571000E-002  -41.548666016569790     
   3.2682686039682399E-002   1.5104032883193427E-008   149.15630632864455        3.2682686035561036E-002  -41.548666016579617     
   3.2682686044068668E-002   1.4604016699544161E-008   149.15630632864455        3.2682686035559676E-002  -41.548666016577769     
   3.2682686048278245E-002   1.4125529593297897E-008   149.15630632864455        3.2682686035566400E-002  -41.548666016574494     
   3.2682686052279517E-002   1.3671860597213922E-008   149.15630632864455        3.2682686035580680E-002  -41.548666016567630     
   3.2682686056048953E-002   1.3245910772391833E-008   149.15630632864455        3.2682686035601920E-002  -41.548666016573456     
   3.2682686059563426E-002   1.2850179268674584E-008   149.15630632864455        3.2682686035629543E-002  -41.548666016579034     
   3.2682686062804271E-002   1.2486755083844687E-008   149.15630632864455        3.2682686035662940E-002  -41.548666016572547     
   3.2682686065755279E-002   1.2157314415405247E-008   149.15630632864455        3.2682686035701486E-002  -41.548666016567665     
   3.2682686068404847E-002   1.1863123421799150E-008   149.15630632864455        3.2682686035744597E-002  -41.548666016581578     
   3.2682686070745551E-002   1.1605046137416815E-008   149.15630632864455        3.2682686035791692E-002  -41.548666016569108     
   3.2682686072770972E-002   1.1383557218661142E-008   149.15630632864455        3.2682686035842200E-002  -41.548666016564205     
   3.2682686074479148E-002   1.1198759137809945E-008   149.15630632864455        3.2682686035895601E-002  -41.548666016575211     
   3.2682686075871124E-002   1.1050403387960728E-008   149.15630632864455        3.2682686035951418E-002  -41.548666016579944     
   3.2682686076950927E-002   1.0937915216899427E-008   149.15630632864455        3.2682686036009198E-002  -41.548666016570941     
   3.2682686077723719E-002   1.0860421370572148E-008   149.15630632864455        3.2682686036068546E-002  -41.548666016568980     
   3.2682686078199248E-002   1.0816780298474930E-008   149.15630632864455        3.2682686036129123E-002  -41.548666016573826     
   3.2682686078388409E-002   1.0805614254192912E-008   149.15630632864455        3.2682686036190622E-002  -41.548666016566330     
   3.2682686078303942E-002   1.0825342714254891E-008   149.15630632864455        3.2682686036252795E-002  -41.548666016584008     
   3.2682686077958642E-002   1.0874216537601682E-008   149.15630632864455        3.2682686036315453E-002  -41.548666016578608     
   3.2682686077369308E-002   1.0950352296399008E-008   149.15630632864455        3.2682686036378437E-002  -41.548666016572618     
   3.2682686076551150E-002   1.1051766225791639E-008   149.15630632864455        3.2682686036441658E-002  -41.548666016571055     
   3.2682686075521140E-002   1.1176407265581868E-008   149.15630632864455        3.2682686036505045E-002  -41.548666016575865     
   3.2682686074297640E-002   1.1322188699981614E-008   149.15630632864455        3.2682686036568570E-002  -41.548666016574451     
   3.2682686072897475E-002   1.1487017941774114E-008   149.15630632864455        3.2682686036632221E-002  -41.548666016580285     
   3.2682686071338299E-002   1.1668824053979924E-008   149.15630632864455        3.2682686036696038E-002  -41.548666016570529     
   3.2682686069638159E-002   1.1865582654167490E-008   149.15630632864455        3.2682686036760056E-002  -41.548666016567701     
   3.2682686067812224E-002   1.2075337903337405E-008   149.15630632864455        3.2682686036824324E-002  -41.548666016574117     
   3.2682686065879131E-002   1.2296221341723370E-008   149.15630632864455        3.2682686036888897E-002  -41.548666016574636     
   3.2682686063851579E-002   1.2526467396686107E-008   149.15630632864455        3.2682686036953824E-002  -41.548666016572454     
   3.2682686061746076E-002   1.2764425452474749E-008   149.15630632864455        3.2682686037019147E-002  -41.548666016579020     
   3.2682686059574972E-002   1.3008568436421001E-008   149.15630632864455        3.2682686037084879E-002  -41.548666016573250     
   3.2682686057352660E-002   1.3257497940503435E-008   149.15630632864455        3.2682686037151007E-002  -41.548666016569918     
   3.2682686055090032E-002   1.3509945959854585E-008   149.15630632864455        3.2682686037217502E-002  -41.548666016575709     
   3.2682686052797207E-002   1.3764773389683572E-008   149.15630632864455        3.2682686037284296E-002  -41.548666016571723     
   3.2682686050484258E-002   1.4020965478573909E-008   149.15630632864455        3.2682686037351256E-002  -41.548666016579169     
   3.2682686048160735E-002   1.4277624487846095E-008   149.15630632864455        3.2682686037418238E-002  -41.548666016569932     
   3.2682686045833319E-002   1.4533959853344022E-008   149.15630632864455        3.2682686037485031E-002  -41.548666016576284     
   3.2682686043510566E-002   1.4789276186461556E-008   149.15630632864455        3.2682686037551388E-002  -41.548666016564702     
   3.2682686041198269E-002   1.5042959485127054E-008   149.15630632864455        3.2682686037616995E-002  -41.548666016580171     
   3.2682686038903210E-002   1.5294461952422900E-008   149.15630632864455        3.2682686037681527E-002  -41.548666016570387     
   3.2682686036629736E-002   1.5543285839667397E-008   149.15630632864455        3.2682686037744574E-002  -41.548666016575467     
   3.2682686034383956E-002   1.5788966742417780E-008   149.15630632864455        3.2682686037805692E-002  -41.548666016572660     
   3.2682686032171691E-002   1.6031056781619297E-008   149.15630632864455        3.2682686037864402E-002  -41.548666016577279     
   3.2682686029996189E-002   1.6269108097927854E-008   149.15630632864455        3.2682686037920204E-002  -41.548666016577492     
   3.2682686027864477E-002   1.6502657075422158E-008   149.15630632864455        3.2682686037972551E-002  -41.548666016573186     
   3.2682686025781588E-002   1.6731209691646318E-008   149.15630632864455        3.2682686038020888E-002  -41.548666016576760     
   3.2682686023752926E-002   1.6954228364400536E-008   149.15630632864455        3.2682686038064637E-002  -41.548666016571474     
   3.2682686021785479E-002   1.7171120632868142E-008   149.15630632864455        3.2682686038103211E-002  -41.548666016570635     
   3.2682686019883569E-002   1.7381229971703140E-008   149.15630632864455        3.2682686038136032E-002  -41.548666016581628     
   3.2682686018057253E-002   1.7583828992398040E-008   149.15630632864455        3.2682686038162538E-002  -41.548666016578821     
   3.2682686016312176E-002   1.7778115237542428E-008   149.15630632864455        3.2682686038182203E-002  -41.548666016571154     
   3.2682686014656799E-002   1.7963209721118863E-008   149.15630632864455        3.2682686038194492E-002  -41.548666016573414     
   3.2682686013099517E-002   1.8138158312964762E-008   149.15630632864455        3.2682686038198953E-002  -41.548666016571289     
   3.2682686011651030E-002   1.8301936008436025E-008   149.15630632864455        3.2682686038195172E-002  -41.548666016580853     
   3.2682686010318547E-002   1.8453454066624206E-008   149.15630632864455        3.2682686038182786E-002  -41.548666016577521     
   3.2682686009113775E-002   1.8591569942682108E-008   149.15630632864455        3.2682686038161511E-002  -41.548666016574323     
   3.2682686008047579E-002   1.8715099883468898E-008   149.15630632864455        3.2682686038131140E-002  -41.548666016576526     
   3.2682686007127017E-002   1.8822834001425834E-008   149.15630632864455        3.2682686038091539E-002  -41.548666016571460     
   3.2682686006363787E-002   1.8913553590073439E-008   149.15630632864455        3.2682686038042676E-002  -41.548666016574529     
   3.2682686005769512E-002   1.8986050397145123E-008   149.15630632864455        3.2682686037984618E-002  -41.548666016577542     
   3.2682686005351111E-002   1.9039147528756929E-008   149.15630632864455        3.2682686037917505E-002  -41.548666016581222     
   3.2682686005118963E-002   1.9071721620703041E-008   149.15630632864455        3.2682686037841614E-002  -41.548666016572298     
   3.2682686005080765E-002   1.9082725881790955E-008   149.15630632864455        3.2682686037757300E-002  -41.548666016576206     
   3.2682686005244883E-002   1.9071213589762473E-008   149.15630632864455        3.2682686037665033E-002  -41.548666016578970     
   3.2682686005615871E-002   1.9036361602894601E-008   149.15630632864455        3.2682686037565377E-002  -41.548666016575403     
   3.2682686006200043E-002   1.8977493440398423E-008   149.15630632864455        3.2682686037459004E-002  -41.548666016571758     
   3.2682686006999112E-002   1.8894101482436035E-008   149.15630632864455        3.2682686037346670E-002  -41.548666016577158     
   3.2682686008016014E-002   1.8785867845962067E-008   149.15630632864455        3.2682686037229229E-002  -41.548666016571104     
   3.2682686009250062E-002   1.8652683505514299E-008   149.15630632864455        3.2682686037107611E-002  -41.548666016578210     
   3.2682686010699583E-002   1.8494665248740066E-008   149.15630632864455        3.2682686036982822E-002  -41.548666016573648     
   3.2682686012360650E-002   1.8312170084123478E-008   149.15630632864455        3.2682686036855930E-002  -41.548666016571971     
   3.2682686014226130E-002   1.8105806752878222E-008   149.15630632864455        3.2682686036728054E-002  -41.548666016569534     
   3.2682686016287814E-002   1.7876444037851695E-008   149.15630632864455        3.2682686036600357E-002  -41.548666016579901     
   3.2682686018535752E-002   1.7625215608640613E-008   149.15630632864455        3.2682686036474042E-002  -41.548666016577982     
   3.2682686020955545E-002   1.7353521193696997E-008   149.15630632864455        3.2682686036350307E-002  -41.548666016568177     
   3.2682686023533560E-002   1.7063023925725755E-008   149.15630632864455        3.2682686036230368E-002  -41.548666016575297     
   3.2682686026251642E-002   1.6755643765505119E-008   149.15630632864455        3.2682686036115412E-002  -41.548666016570131     
   3.2682686029090600E-002   1.6433546970496964E-008   149.15630632864455        3.2682686036006624E-002  -41.548666016573421     
   3.2682686032029111E-002   1.6099131637332011E-008   149.15630632864455        3.2682686035905135E-002  -41.548666016577748     
   3.2682686035045191E-002   1.5755009410236043E-008   149.15630632864455        3.2682686035812022E-002  -41.548666016568070     
   3.2682686038112779E-002   1.5403983510001626E-008   149.15630632864455        3.2682686035728298E-002  -41.548666016577535     
   3.2682686041207838E-002   1.5049023298979713E-008   149.15630632864455        3.2682686035654905E-002  -41.548666016583361     
   3.2682686044302044E-002   1.4693235655802071E-008   149.15630632864455        3.2682686035592677E-002  -41.548666016571474     
   3.2682686047368424E-002   1.4339833488571173E-008   149.15630632864455        3.2682686035542356E-002  -41.548666016576107     
   3.2682686050377989E-002   1.3992101765553105E-008   149.15630632864455        3.2682686035504560E-002  -41.548666016574082     
   3.2682686053303954E-002   1.3653361487654721E-008   149.15630632864455        3.2682686035479802E-002  -41.548666016575346     
   3.2682686056116149E-002   1.3326932066305692E-008   149.15630632864455        3.2682686035468457E-002  -41.548666016574998     
   3.2682686058787706E-002   1.3016092602896405E-008   149.15630632864455        3.2682686035470761E-002  -41.548666016576554     
   3.2682686061290683E-002   1.2724042591421866E-008   149.15630632864455        3.2682686035486803E-002  -41.548666016566784     
   3.2682686063600003E-002   1.2453862583777178E-008   149.15630632864455        3.2682686035516550E-002  -41.548666016571346     
   3.2682686065690664E-002   1.2208475367011213E-008   149.15630632864455        3.2682686035559814E-002  -41.548666016572021     
   3.2682686067538880E-002   1.1990608203444936E-008   149.15630632864455        3.2682686035616255E-002  -41.548666016582175     
   3.2682686069125666E-002   1.1802756677896437E-008   149.15630632864455        3.2682686035685408E-002  -41.548666016573208     
   3.2682686070430865E-002   1.1647150681451603E-008   149.15630632864455        3.2682686035766656E-002  -41.548666016571048     
   3.2682686071438871E-002   1.1525723038159479E-008   149.15630632864455        3.2682686035859256E-002  -41.548666016569676     
   3.2682686072137077E-002   1.1440081250356130E-008   149.15630632864455        3.2682686035962347E-002  -41.548666016580867     
   3.2682686072514504E-002   1.1391482800234495E-008   149.15630632864455        3.2682686036074944E-002  -41.548666016576945     
   3.2682686072564075E-002   1.1380814400146500E-008   149.15630632864455        3.2682686036195951E-002  -41.548666016576661     
   3.2682686072282974E-002   1.1408575533020294E-008   149.15630632864455        3.2682686036324182E-002  -41.548666016580540     
   3.2682686071670124E-002   1.1474866567631326E-008   149.15630632864455        3.2682686036458374E-002  -41.548666016573058     
   3.2682686070729647E-002   1.1579381671969933E-008   149.15630632864455        3.2682686036597200E-002  -41.548666016578103     
   3.2682686069467538E-002   1.1721406682869485E-008   149.15630632864455        3.2682686036739260E-002  -41.548666016577840     
   3.2682686067893228E-002   1.1899822022032651E-008   149.15630632864455        3.2682686036883131E-002  -41.548666016575957     
   3.2682686066021288E-002   1.2113110678757373E-008   149.15630632864455        3.2682686037027370E-002  -41.548666016578778     
   3.2682686063868212E-002   1.2359371209044078E-008   149.15630632864455        3.2682686037170498E-002  -41.548666016571424     
   3.2682686061453234E-002   1.2636335630309743E-008   149.15630632864455        3.2682686037311087E-002  -41.548666016574629     
   3.2682686058800106E-002   1.2941392021879787E-008   149.15630632864455        3.2682686037447700E-002  -41.548666016570920     
   3.2682686055932712E-002   1.3271611574550917E-008   149.15630632864455        3.2682686037578963E-002  -41.548666016577137     
   3.2682686052880348E-002   1.3623779769053485E-008   149.15630632864455        3.2682686037703544E-002  -41.548666016573250     
   3.2682686049671082E-002   1.3994431304017316E-008   149.15630632864455        3.2682686037820187E-002  -41.548666016572945     
   3.2682686046337200E-002   1.4379888339952596E-008   149.15630632864455        3.2682686037927698E-002  -41.548666016582409     
   3.2682686042912718E-002   1.4776301577627449E-008   149.15630632864455        3.2682686038025030E-002  -41.548666016577741     
   3.2682686039431162E-002   1.5179693647830252E-008   149.15630632864455        3.2682686038111190E-002  -41.548666016569733     
   3.2682686035925987E-002   1.5586004255456838E-008   149.15630632864455        3.2682686038185339E-002  -41.548666016568603     
   3.2682686032433843E-002   1.5991136494599334E-008   149.15630632864455        3.2682686038246735E-002  -41.548666016577599     
   3.2682686028989487E-002   1.6391003733337580E-008   149.15630632864455        3.2682686038294800E-002  -41.548666016568838     
   3.2682686025626399E-002   1.6781576457523829E-008   149.15630632864455        3.2682686038329078E-002  -41.548666016568667     
   3.2682686022378435E-002   1.7158928462081627E-008   149.15630632864455        3.2682686038349271E-002  -41.548666016572113     
   3.2682686019278318E-002   1.7519281786387482E-008   149.15630632864455        3.2682686038355217E-002  -41.548666016579354     
   3.2682686016356370E-002   1.7859049806839299E-008   149.15630632864455        3.2682686038346905E-002  -41.548666016577613     
   3.2682686013640778E-002   1.8174877924722838E-008   149.15630632864455        3.2682686038324464E-002  -41.548666016575943     
   3.2682686011158348E-002   1.8463681320553825E-008   149.15630632864455        3.2682686038288174E-002  -41.548666016577819     
   3.2682686008932066E-002   1.8722679286540468E-008   149.15630632864455        3.2682686038238470E-002  -41.548666016578913     
   3.2682686006982674E-002   1.8949425696431925E-008   149.15630632864455        3.2682686038175889E-002  -41.548666016572113     
   3.2682686005329344E-002   1.9141835225700909E-008   149.15630632864455        3.2682686038101122E-002  -41.548666016568255     
   3.2682686003984877E-002   1.9298204994338757E-008   149.15630632864455        3.2682686038014962E-002  -41.548666016572618     
   3.2682686002962390E-002   1.9417231368402000E-008   149.15630632864455        3.2682686037918331E-002  -41.548666016578409     
   3.2682686002266641E-002   1.9498021723838309E-008   149.15630632864455        3.2682686037812235E-002  -41.548666016586495     
   3.2682686001904285E-002   1.9540101046434218E-008   149.15630632864455        3.2682686037697757E-002  -41.548666016579212     
   3.2682686001874552E-002   1.9543413313588142E-008   149.15630632864455        3.2682686037576070E-002  -41.548666016574636     
   3.2682686002175110E-002   1.9508317675793362E-008   149.15630632864455        3.2682686037448401E-002  -41.548666016567182     
   3.2682686002798285E-002   1.9435579527757610E-008   149.15630632864455        3.2682686037316028E-002  -41.548666016576277     
   3.2682686003735882E-002   1.9326356629527239E-008   149.15630632864455        3.2682686037180247E-002  -41.548666016582985     
   3.2682686004974461E-002   1.9182180505523223E-008   149.15630632864455        3.2682686037042392E-002  -41.548666016574870     
   3.2682686006497215E-002   1.9004933413752826E-008   149.15630632864455        3.2682686036903795E-002  -41.548666016583965     
   3.2682686008286096E-002   1.8796821237127577E-008   149.15630632864455        3.2682686036765773E-002  -41.548666016578508     
   3.2682686010320178E-002   1.8560342703027326E-008   149.15630632864455        3.2682686036629625E-002  -41.548666016575567     
   3.2682686012575790E-002   1.8298255385563880E-008   149.15630632864455        3.2682686036496600E-002  -41.548666016566656     
   3.2682686015028085E-002   1.8013538985992855E-008   149.15630632864455        3.2682686036367918E-002  -41.548666016580214     
   3.2682686017649655E-002   1.7709356420680757E-008   149.15630632864455        3.2682686036244732E-002  -41.548666016576568     
   3.2682686020411918E-002   1.7389013271957185E-008   149.15630632864455        3.2682686036128117E-002  -41.548666016576739     
   3.2682686023287298E-002   1.7055916174610115E-008   149.15630632864455        3.2682686036019072E-002  -41.548666016575503     
   3.2682686026244703E-002   1.6713530720035083E-008   149.15630632864455        3.2682686035918514E-002  -41.548666016575567     
   3.2682686029255621E-002   1.6365339460356633E-008   149.15630632864455        3.2682686035827246E-002  -41.548666016588840     
   3.2682686032290499E-002   1.6014800586722759E-008   149.15630632864455        3.2682686035746006E-002  -41.548666016578565     
   3.2682686035319812E-002   1.5665307839565531E-008   149.15630632864455        3.2682686035675375E-002  -41.548666016575147     
   3.2682686038315145E-002   1.5320152183788544E-008   149.15630632864455        3.2682686035615860E-002  -41.548666016570451     
   3.2682686041250665E-002   1.4982485749450229E-008   149.15630632864455        3.2682686035567850E-002  -41.548666016580384     
   3.2682686044099393E-002   1.4655288498970460E-008   149.15630632864455        3.2682686035531615E-002  -41.548666016575702     
   3.2682686046838112E-002   1.4341338035701814E-008   149.15630632864455        3.2682686035507294E-002  -41.548666016572852     
   3.2682686049445096E-002   1.4043182916656940E-008   149.15630632864455        3.2682686035494964E-002  -41.548666016569840     
   3.2682686051899661E-002   1.3763119775256334E-008   149.15630632864455        3.2682686035494540E-002  -41.548666016571588     
   3.2682686054184326E-002   1.3503174498862802E-008   149.15630632864455        3.2682686035505878E-002  -41.548666016571239     
   3.2682686056283911E-002   1.3265087641567225E-008   149.15630632864455        3.2682686035528694E-002  -41.548666016569456     
   3.2682686058184980E-002   1.3050304186302897E-008   149.15630632864455        3.2682686035562646E-002  -41.548666016577279     
   3.2682686059878167E-002   1.2859967702901273E-008   149.15630632864455        3.2682686035607290E-002  -41.548666016572241     
   3.2682686061354785E-002   1.2694918881121055E-008   149.15630632864455        3.2682686035662094E-002  -41.548666016583262     
   3.2682686062610648E-002   1.2555698351014440E-008   149.15630632864455        3.2682686035726466E-002  -41.548666016574664     
   3.2682686063642608E-002   1.2442553638527099E-008   149.15630632864455        3.2682686035799741E-002  -41.548666016573840     
   3.2682686064449316E-002   1.2355450042595604E-008   149.15630632864455        3.2682686035881224E-002  -41.548666016574359     
   3.2682686065033155E-002   1.2294085162310051E-008   149.15630632864455        3.2682686035970146E-002  -41.548666016579020     
   3.2682686065398855E-002   1.2257906749981592E-008   149.15630632864455        3.2682686036065701E-002  -41.548666016572824     
   3.2682686065550762E-002   1.2246133518759671E-008   149.15630632864455        3.2682686036167072E-002  -41.548666016577542     
   3.2682686065497991E-002   1.2257778492653157E-008   149.15630632864455        3.2682686036273403E-002  -41.548666016578430     
   3.2682686065248850E-002   1.2291674452916443E-008   149.15630632864455        3.2682686036383843E-002  -41.548666016578856     
   3.2682686064814746E-002   1.2346501008370215E-008   149.15630632864455        3.2682686036497523E-002  -41.548666016576234     
   3.2682686064206823E-002   1.2420812798598734E-008   149.15630632864455        3.2682686036613583E-002  -41.548666016566308     
   3.2682686063437431E-002   1.2513068328701845E-008   149.15630632864455        3.2682686036731169E-002  -41.548666016560986     
   3.2682686062520686E-002   1.2621658931963047E-008   149.15630632864455        3.2682686036849457E-002  -41.548666016574920     
   3.2682686061468881E-002   1.2744937362773497E-008   149.15630632864455        3.2682686036967626E-002  -41.548666016573144     
   3.2682686060296791E-002   1.2881245536429438E-008   149.15630632864455        3.2682686037084900E-002  -41.548666016574373     
   3.2682686059017294E-002   1.3028940954412971E-008   149.15630632864455        3.2682686037200509E-002  -41.548666016571516     
   3.2682686057645426E-002   1.3186421383149752E-008   149.15630632864455        3.2682686037313738E-002  -41.548666016573847     
   3.2682686056191262E-002   1.3352147390841620E-008   149.15630632864455        3.2682686037423907E-002  -41.548666016576846     
   3.2682686054670299E-002   1.3524662389688426E-008   149.15630632864455        3.2682686037530384E-002  -41.548666016571552     
   3.2682686053092332E-002   1.3702609879362353E-008   149.15630632864455        3.2682686037632552E-002  -41.548666016575623     
   3.2682686051468811E-002   1.3884747640898118E-008   149.15630632864455        3.2682686037729870E-002  -41.548666016574444     
   3.2682686049808680E-002   1.4069958687412847E-008   149.15630632864455        3.2682686037821804E-002  -41.548666016572703     
   3.2682686048122626E-002   1.4257258838567847E-008   149.15630632864455        3.2682686037907901E-002  -41.548666016569932     
   3.2682686046416345E-002   1.4445800847862034E-008   149.15630632864455        3.2682686037987727E-002  -41.548666016577336     
   3.2682686044698532E-002   1.4634875075275118E-008   149.15630632864455        3.2682686038060883E-002  -41.548666016581137     
   3.2682686042973377E-002   1.4823906761157255E-008   149.15630632864455        3.2682686038127032E-002  -41.548666016575147     
   3.2682686041245836E-002   1.5012450019511004E-008   149.15630632864455        3.2682686038185867E-002  -41.548666016576512     
   3.2682686039520424E-002   1.5200178728911266E-008   149.15630632864455        3.2682686038237124E-002  -41.548666016571339     
   3.2682686037798010E-002   1.5386874556330549E-008   149.15630632864455        3.2682686038280562E-002  -41.548666016575936     
   3.2682686036083541E-002   1.5572412402159859E-008   149.15630632864455        3.2682686038315985E-002  -41.548666016574174     
   3.2682686034376511E-002   1.5756743602700534E-008   149.15630632864455        3.2682686038343227E-002  -41.548666016570749     
   3.2682686032679327E-002   1.5939877268671032E-008   149.15630632864455        3.2682686038362149E-002  -41.548666016573954     
   3.2682686030991247E-002   1.6121860174037364E-008   149.15630632864455        3.2682686038372655E-002  -41.548666016574209     
   3.2682686029315233E-002   1.6302755638203332E-008   149.15630632864455        3.2682686038374667E-002  -41.548666016575190     
   3.2682686027650572E-002   1.6482621865617788E-008   149.15630632864455        3.2682686038368144E-002  -41.548666016577592     
   3.2682686025998574E-002   1.6661490219932846E-008   149.15630632864455        3.2682686038353066E-002  -41.548666016579226     
   3.2682686024360946E-002   1.6839343914662903E-008   149.15630632864455        3.2682686038329453E-002  -41.548666016582224     
   3.2682686022740645E-002   1.7016097598729199E-008   149.15630632864455        3.2682686038297340E-002  -41.548666016574387     
   3.2682686021137747E-002   1.7191578303392803E-008   149.15630632864455        3.2682686038256796E-002  -41.548666016576391     
   3.2682686019557608E-002   1.7365508196754971E-008   149.15630632864455        3.2682686038207925E-002  -41.548666016574963     
   3.2682686018005266E-002   1.7537489563924054E-008   149.15630632864455        3.2682686038150874E-002  -41.548666016569712     
   3.2682686016485052E-002   1.7706992395253514E-008   149.15630632864455        3.2682686038085794E-002  -41.548666016571033     
   3.2682686015003660E-002   1.7873344922232150E-008   149.15630632864455        3.2682686038012894E-002  -41.548666016571524     
   3.2682686013570855E-002   1.8035727391484890E-008   149.15630632864455        3.2682686037932424E-002  -41.548666016579539     
   3.2682686012192284E-002   1.8193169312559284E-008   149.15630632864455        3.2682686037844660E-002  -41.548666016572319     
   3.2682686010879994E-002   1.8344550355602410E-008   149.15630632864455        3.2682686037749924E-002  -41.548666016579325     
   3.2682686009645648E-002   1.8488605011515778E-008   149.15630632864455        3.2682686037648581E-002  -41.548666016571765     
   3.2682686008500599E-002   1.8623931060896858E-008   149.15630632864455        3.2682686037541049E-002  -41.548666016571786     
   3.2682686007457475E-002   1.8749001830007980E-008   149.15630632864455        3.2682686037427779E-002  -41.548666016576462     
   3.2682686006532319E-002   1.8862182143082154E-008   149.15630632864455        3.2682686037309290E-002  -41.548666016576270     
   3.2682686005737295E-002   1.8961747811832534E-008   149.15630632864455        3.2682686037186152E-002  -41.548666016584413     
   3.2682686005088217E-002   1.9045908436105363E-008   149.15630632864455        3.2682686037058949E-002  -41.548666016570003     
   3.2682686004600406E-002   1.9112833225317699E-008   149.15630632864455        3.2682686036928366E-002  -41.548666016578956     
   3.2682686004288988E-002   1.9160679489612472E-008   149.15630632864455        3.2682686036795104E-002  -41.548666016575197     
   3.2682686004168432E-002   1.9187623393820758E-008   149.15630632864455        3.2682686036659921E-002  -41.548666016575673     
   3.2682686004253086E-002   1.9191892516996846E-008   149.15630632864455        3.2682686036523641E-002  -41.548666016577897     
   3.2682686004556059E-002   1.9171799716601828E-008   149.15630632864455        3.2682686036387097E-002  -41.548666016575105     
   3.2682686005090451E-002   1.9125777760145238E-008   149.15630632864455        3.2682686036251206E-002  -41.548666016575737     
   3.2682686005866900E-002   1.9052414158628979E-008   149.15630632864455        3.2682686036116883E-002  -41.548666016573669     
   3.2682686006892114E-002   1.8950485616588704E-008   149.15630632864455        3.2682686035985092E-002  -41.548666016578949     
   3.2682686008176150E-002   1.8818991502756523E-008   149.15630632864455        3.2682686035856827E-002  -41.548666016577265     
   3.2682686009722794E-002   1.8657185743996646E-008   149.15630632864455        3.2682686035733093E-002  -41.548666016575382     
   3.2682686011534859E-002   1.8464606553373163E-008   149.15630632864455        3.2682686035614909E-002  -41.548666016575709     
   3.2682686013610615E-002   1.8241103420888568E-008   149.15630632864455        3.2682686035503297E-002  -41.548666016576000     
   3.2682686015949390E-002   1.7986860822450876E-008   149.15630632864455        3.2682686035399276E-002  -41.548666016569960     
   3.2682686018541754E-002   1.7702418138786851E-008   149.15630632864455        3.2682686035303846E-002  -41.548666016572369     
   3.2682686021381531E-002   1.7388685320957188E-008   149.15630632864455        3.2682686035217977E-002  -41.548666016568710     
   3.2682686024454358E-002   1.7046953892000198E-008   149.15630632864455        3.2682686035142607E-002  -41.548666016575261     
   3.2682686027745156E-002   1.6678902934836434E-008   149.15630632864455        3.2682686035078623E-002  -41.548666016575964     
   3.2682686031234774E-002   1.6286599783628101E-008   149.15630632864455        3.2682686035026859E-002  -41.548666016578501     
   3.2682686034900321E-002   1.5872495208487029E-008   149.15630632864455        3.2682686034988084E-002  -41.548666016572909     
   3.2682686038718219E-002   1.5439412961161570E-008   149.15630632864455        3.2682686034962993E-002  -41.548666016572206     
   3.2682686042657699E-002   1.4990533630388397E-008   149.15630632864455        3.2682686034952162E-002  -41.548666016573776     
   3.2682686046690043E-002   1.4529372839160600E-008   149.15630632864455        3.2682686034956096E-002  -41.548666016565797     
   3.2682686050780473E-002   1.4059753901140163E-008   149.15630632864455        3.2682686034975185E-002  -41.548666016573804     
   3.2682686054894300E-002   1.3585775138151027E-008   149.15630632864455        3.2682686035009685E-002  -41.548666016560233     
   3.2682686058993111E-002   1.3111772144288619E-008   149.15630632864455        3.2682686035059749E-002  -41.548666016579631     
   3.2682686063038098E-002   1.2642275363235597E-008   149.15630632864455        3.2682686035125377E-002  -41.548666016573080     
   3.2682686066989625E-002   1.2181963422452791E-008   149.15630632864455        3.2682686035206451E-002  -41.548666016573861     
   3.2682686070805447E-002   1.1735612740375624E-008   149.15630632864455        3.2682686035302694E-002  -41.548666016576796     
   3.2682686074446049E-002   1.1308043988832898E-008   149.15630632864455        3.2682686035413695E-002  -41.548666016573087     
   3.2682686077870185E-002   1.0904066051837856E-008   149.15630632864455        3.2682686035538887E-002  -41.548666016579858     
   3.2682686081037179E-002   1.0528418172888017E-008   149.15630632864455        3.2682686035677568E-002  -41.548666016568227     
   3.2682686083908327E-002   1.0185711024662881E-008   149.15630632864455        3.2682686035828877E-002  -41.548666016572213     
   3.2682686086447366E-002   9.8803674673261568E-009   149.15630632864455        3.2682686035991816E-002  -41.548666016576988     
   3.2682686088618643E-002   9.6165637833221191E-009   149.15630632864455        3.2682686036165268E-002  -41.548666016584257     
   3.2682686090390489E-002   9.3981721876736766E-009   149.15630632864455        3.2682686036347962E-002  -41.548666016571360     
   3.2682686091733380E-002   9.2287054127618002E-009   149.15630632864455        3.2682686036538525E-002  -41.548666016576604     
   3.2682686092622919E-002   9.1112641551973746E-009   149.15630632864455        3.2682686036735464E-002  -41.548666016574899     
   3.2682686093036324E-002   9.0484881499097946E-009   149.15630632864455        3.2682686036937185E-002  -41.548666016579233     
   3.2682686092956957E-002   9.0425116029909330E-009   149.15630632864455        3.2682686037142021E-002  -41.548666016574849     
   3.2682686092374125E-002   9.0949236704939102E-009   149.15630632864455        3.2682686037348217E-002  -41.548666016578878     
   3.2682686091279237E-002   9.2067346157406903E-009   149.15630632864455        3.2682686037553976E-002  -41.548666016573819     
   3.2682686089670045E-002   9.3783482135768775E-009   149.15630632864455        3.2682686037757452E-002  -41.548666016572810     
   3.2682686087550504E-002   9.6095408969762964E-009   149.15630632864455        3.2682686037956779E-002  -41.548666016571325     
   3.2682686084929344E-002   9.8994480604660842E-009   149.15630632864455        3.2682686038150104E-002  -41.548666016582430     
   3.2682686081821025E-002   1.0246557847070582E-008   149.15630632864455        3.2682686038335573E-002  -41.548666016571069     
   3.2682686078244302E-002   1.0648712651891870E-008   149.15630632864455        3.2682686038511377E-002  -41.548666016575666     
   3.2682686074224844E-002   1.1103118477459787E-008   149.15630632864455        3.2682686038675753E-002  -41.548666016572739     
   3.2682686069792279E-002   1.1606362174788054E-008   149.15630632864455        3.2682686038827020E-002  -41.548666016575588     
   3.2682686064984590E-002   1.2154436501010849E-008   149.15630632864455        3.2682686038963599E-002  -41.548666016575446     
   3.2682686059837311E-002   1.2742772821035834E-008   149.15630632864455        3.2682686039083989E-002  -41.548666016583091     
   3.2682686054400584E-002   1.3366281178214879E-008   149.15630632864455        3.2682686039186865E-002  -41.548666016578309     
   3.2682686048717949E-002   1.4019397358959827E-008   149.15630632864455        3.2682686039271019E-002  -41.548666016574366     
   3.2682686042843502E-002   1.4696136480018885E-008   149.15630632864455        3.2682686039335399E-002  -41.548666016578586     
   3.2682686036831429E-002   1.5390152536158286E-008   149.15630632864455        3.2682686039379141E-002  -41.548666016573058     
   3.2682686030738872E-002   1.6094803261223981E-008   149.15630632864455        3.2682686039401575E-002  -41.548666016578920     
   3.2682686024624985E-002   1.6803219578731948E-008   149.15630632864455        3.2682686039402206E-002  -41.548666016579631     
   3.2682686018551128E-002   1.7508378849955719E-008   149.15630632864455        3.2682686039380765E-002  -41.548666016564979     
   3.2682686012576144E-002   1.8203181069054883E-008   149.15630632864455        3.2682686039337196E-002  -41.548666016567729     
   3.2682686006761448E-002   1.8880527107028810E-008   149.15630632864455        3.2682686039271630E-002  -41.548666016574678     
   3.2682686001167645E-002   1.9533398069890265E-008   149.15630632864455        3.2682686039184471E-002  -41.548666016567310     
   3.2682685995853285E-002   2.0154934812106665E-008   149.15630632864455        3.2682686039076272E-002  -41.548666016573200     
   3.2682685990872429E-002   2.0738516634153126E-008   149.15630632864455        3.2682686038947868E-002  -41.548666016572760     
   3.2682685986281067E-002   2.1277838193612589E-008   149.15630632864455        3.2682686038800264E-002  -41.548666016570749     
   3.2682685982128347E-002   2.1766983672456813E-008   149.15630632864455        3.2682686038634681E-002  -41.548666016576206     
   3.2682685978460052E-002   2.2200497269011089E-008   149.15630632864455        3.2682686038452528E-002  -41.548666016573634     
   3.2682685975317802E-002   2.2573449121100698E-008   149.15630632864455        3.2682686038255394E-002  -41.548666016566692     
   3.2682685972737609E-002   2.2881495816969237E-008   149.15630632864455        3.2682686038045049E-002  -41.548666016582402     
   3.2682685970751073E-002   2.3120934711844138E-008   149.15630632864455        3.2682686037823379E-002  -41.548666016578245     
   3.2682685969382945E-002   2.3288751339701952E-008   149.15630632864455        3.2682686037592446E-002  -41.548666016572945     
   3.2682685968652037E-002   2.3382659291288869E-008   149.15630632864455        3.2682686037354379E-002  -41.548666016575481     
   3.2682685968569512E-002   2.3401132019424862E-008   149.15630632864455        3.2682686037111441E-002  -41.548666016570543     
   3.2682685969143192E-002   2.3343426129947543E-008   149.15630632864455        3.2682686036865929E-002  -41.548666016570770     
   3.2682685970369552E-002   2.3209595820217427E-008   149.15630632864455        3.2682686036620209E-002  -41.548666016577727     
   3.2682685972240839E-002   2.3000498235470660E-008   149.15630632864455        3.2682686036376654E-002  -41.548666016570877     
   3.2682685974743650E-002   2.2717789624998051E-008   149.15630632864455        3.2682686036137637E-002  -41.548666016571438     
   3.2682685977854856E-002   2.2363912293886769E-008   149.15630632864455        3.2682686035905510E-002  -41.548666016570195     
   3.2682685981545938E-002   2.1942072459983262E-008   149.15630632864455        3.2682686035682557E-002  -41.548666016573421     
   3.2682685985784075E-002   2.1456209238898057E-008   149.15630632864455        3.2682686035471004E-002  -41.548666016576902     
   3.2682685990526976E-002   2.0910955090340947E-008   149.15630632864455        3.2682686035272961E-002  -41.548666016572717     
   3.2682685995730883E-002   2.0311588165316451E-008   149.15630632864455        3.2682686035090419E-002  -41.548666016573897     
   3.2682686001344156E-002   1.9663977094921327E-008   149.15630632864455        3.2682686034925232E-002  -41.548666016571360     
   3.2682686007312313E-002   1.8974518855758496E-008   149.15630632864455        3.2682686034779064E-002  -41.548666016571502     
   3.2682686013574630E-002   1.8250070433133597E-008   149.15630632864455        3.2682686034653428E-002  -41.548666016566017     
   3.2682686020070545E-002   1.7497875080469849E-008   149.15630632864455        3.2682686034549616E-002  -41.548666016580071     
   3.2682686026734790E-002   1.6725484040378356E-008   149.15630632864455        3.2682686034468701E-002  -41.548666016572014     
   3.2682686033500725E-002   1.5940674648881602E-008   149.15630632864455        3.2682686034411546E-002  -41.548666016575474     
   3.2682686040299586E-002   1.5151365788558744E-008   149.15630632864455        3.2682686034378759E-002  -41.548666016573108     
   3.2682686047063654E-002   1.4365531688484336E-008   149.15630632864455        3.2682686034370710E-002  -41.548666016570216     
   3.2682686053724479E-002   1.3591115088145229E-008   149.15630632864455        3.2682686034387530E-002  -41.548666016564951     
   3.2682686060215800E-002   1.2835940788928112E-008   149.15630632864455        3.2682686034429080E-002  -41.548666016583411     
   3.2682686066473413E-002   1.2107630610289830E-008   149.15630632864455        3.2682686034494972E-002  -41.548666016567886     
   3.2682686072432375E-002   1.1413520748353890E-008   149.15630632864455        3.2682686034584595E-002  -41.548666016565434     
   3.2682686078034047E-002   1.0760582502707280E-008   149.15630632864455        3.2682686034697067E-002  -41.548666016572305     
   3.2682686083223368E-002   1.0155347293184317E-008   149.15630632864455        3.2682686034831279E-002  -41.548666016575758     
   3.2682686087948012E-002   9.6038368329097533E-009   149.15630632864455        3.2682686034985919E-002  -41.548666016579297     
   3.2682686092162253E-002   9.1114992576481922E-009   149.15630632864455        3.2682686035159433E-002  -41.548666016568326     
   3.2682686095824844E-002   8.6831519356088858E-009   149.15630632864455        3.2682686035350107E-002  -41.548666016567182     
   3.2682686098900522E-002   8.3229315969847025E-009   149.15630632864455        3.2682686035556033E-002  -41.548666016580597     
   3.2682686101360596E-002   8.0342523301648206E-009   149.15630632864455        3.2682686035775156E-002  -41.548666016580306     
   3.2682686103182250E-002   7.8197718928793596E-009   149.15630632864455        3.2682686036005278E-002  -41.548666016574337     
   3.2682686104348893E-002   7.6813666827689350E-009   149.15630632864455        3.2682686036244107E-002  -41.548666016562066     
   3.2682686104852518E-002   7.6201156044108779E-009   149.15630632864455        3.2682686036489245E-002  -41.548666016579141     
   3.2682686104690842E-002   7.6362929602270307E-009   149.15630632864455        3.2682686036738247E-002  -41.548666016576490     
   3.2682686103867709E-002   7.7293703822435274E-009   149.15630632864455        3.2682686036988616E-002  -41.548666016566095     
   3.2682686102395719E-002   7.8980277119207591E-009   149.15630632864455        3.2682686037237868E-002  -41.548666016581954     
   3.2682686100292450E-002   8.1401726275948272E-009   149.15630632864455        3.2682686037483512E-002  -41.548666016585585     
   3.2682686097582694E-002   8.4529687148230249E-009   149.15630632864455        3.2682686037723112E-002  -41.548666016581116     
   3.2682686094296011E-002   8.8328715755536291E-009   149.15630632864455        3.2682686037954302E-002  -41.548666016563971     
   3.2682686090468566E-002   9.2756724786246931E-009   149.15630632864455        3.2682686038174778E-002  -41.548666016579986     
   3.2682686086143081E-002   9.7765489680654606E-009   149.15630632864455        3.2682686038382397E-002  -41.548666016576142     
   3.2682686081364702E-002   1.0330121767741724E-008   149.15630632864455        3.2682686038575104E-002  -41.548666016577108     
   3.2682686076183985E-002   1.0930517252211722E-008   149.15630632864455        3.2682686038751046E-002  -41.548666016575339     
   3.2682686070654096E-002   1.1571434695058765E-008   149.15630632864455        3.2682686038908511E-002  -41.548666016574906     
   3.2682686064833696E-002   1.2246217457911703E-008   149.15630632864455        3.2682686039045998E-002  -41.548666016573272     
   3.2682686058782009E-002   1.2947927246600415E-008   149.15630632864455        3.2682686039162197E-002  -41.548666016567090     
   3.2682686052559265E-002   1.3669420535524755E-008   149.15630632864455        3.2682686039256045E-002  -41.548666016579965     
   3.2682686046228766E-002   1.4403426247740618E-008   149.15630632864455        3.2682686039326683E-002  -41.548666016585152     
   3.2682686039853318E-002   1.5142623776380683E-008   149.15630632864455        3.2682686039373493E-002  -41.548666016578721     
   3.2682686033494675E-002   1.5879720442697327E-008   149.15630632864455        3.2682686039396128E-002  -41.548666016571644     
   3.2682686027215316E-002   1.6607527507165712E-008   149.15630632864455        3.2682686039394442E-002  -41.548666016569193     
   3.2682686021076240E-002   1.7319033881877426E-008   149.15630632864455        3.2682686039368553E-002  -41.548666016575019     
   3.2682686015135132E-002   1.8007476734689002E-008   149.15630632864455        3.2682686039318828E-002  -41.548666016574749     
   3.2682686009446058E-002   1.8666408227438866E-008   149.15630632864455        3.2682686039245866E-002  -41.548666016572163     
   3.2682686004062579E-002   1.9289757690933677E-008   149.15630632864455        3.2682686039150477E-002  -41.548666016577279     
   3.2682685999033657E-002   1.9871888607858075E-008   149.15630632864455        3.2682686039033709E-002  -41.548666016570905     
   3.2682685994402411E-002   2.0407649849786503E-008   149.15630632864455        3.2682686038896805E-002  -41.548666016580249     
   3.2682685990210937E-002   2.0892420695167468E-008   149.15630632864455        3.2682686038741207E-002  -41.548666016576213     
   3.2682685986492238E-002   2.1322149240440028E-008   149.15630632864455        3.2682686038568533E-002  -41.548666016581777     
   3.2682685983276977E-002   2.1693383904833695E-008   149.15630632864455        3.2682686038380544E-002  -41.548666016573769     
   3.2682685980591132E-002   2.2003297819876188E-008   149.15630632864455        3.2682686038179157E-002  -41.548666016576341     
   3.2682685978450338E-002   2.2249705985849563E-008   149.15630632864455        3.2682686037966382E-002  -41.548666016569229     
   3.2682685976872530E-002   2.2431075168180455E-008   149.15630632864455        3.2682686037744359E-002  -41.548666016581919     
   3.2682685975862852E-002   2.2546526595699582E-008   149.15630632864455        3.2682686037515271E-002  -41.548666016572945     
   3.2682685975424418E-002   2.2595831608893481E-008   149.15630632864455        3.2682686037281375E-002  -41.548666016573520     
   3.2682685975554050E-002   2.2579400488474565E-008   149.15630632864455        3.2682686037044932E-002  -41.548666016576981     
   3.2682685976244054E-002   2.2498264771687728E-008   149.15630632864455        3.2682686036808233E-002  -41.548666016570692     
   3.2682685977480044E-002   2.2354053434972376E-008   149.15630632864455        3.2682686036573538E-002  -41.548666016572149     
   3.2682685979242780E-002   2.2148963385990009E-008   149.15630632864455        3.2682686036343056E-002  -41.548666016569079     
   3.2682685981510931E-002   2.1885724764977702E-008   149.15630632864455        3.2682686036118951E-002  -41.548666016578920     
   3.2682685984256436E-002   2.1567561604068575E-008   149.15630632864455        3.2682686035903297E-002  -41.548666016573272     
   3.2682685987446683E-002   2.1198148433358924E-008   149.15630632864455        3.2682686035698079E-002  -41.548666016578458     
   3.2682685991047504E-002   2.0781563453779250E-008   149.15630632864455        3.2682686035505143E-002  -41.548666016575766     
   3.2682685995022637E-002   2.0322238918848915E-008   149.15630632864455        3.2682686035326210E-002  -41.548666016571914     
   3.2682685999329657E-002   1.9824909380181306E-008   149.15630632864455        3.2682686035162847E-002  -41.548666016582530     
   3.2682686003926383E-002   1.9294558455406222E-008   149.15630632864455        3.2682686035016464E-002  -41.548666016563708     
   3.2682686008766830E-002   1.8736364771821325E-008   149.15630632864455        3.2682686034888275E-002  -41.548666016571296     
   3.2682686013807777E-002   1.8155647725158582E-008   149.15630632864455        3.2682686034779328E-002  -41.548666016575297     
   3.2682686018999874E-002   1.7557813670866771E-008   149.15630632864455        3.2682686034690475E-002  -41.548666016573357     
   3.2682686024297490E-002   1.6948303135612603E-008   149.15630632864455        3.2682686034622363E-002  -41.548666016579730     
   3.2682686029654066E-002   1.6332539599925322E-008   149.15630632864455        3.2682686034575442E-002  -41.548666016567736     
   3.2682686035021079E-002   1.5715880360125201E-008   149.15630632864455        3.2682686034549956E-002  -41.548666016565583     
   3.2682686040354660E-002   1.5103569929399598E-008   149.15630632864455        3.2682686034545966E-002  -41.548666016576178     
   3.2682686045610365E-002   1.4500696385031184E-008   149.15630632864455        3.2682686034563313E-002  -41.548666016581038     
   3.2682686050744404E-002   1.3912151012501909E-008   149.15630632864455        3.2682686034601643E-002  -41.548666016567928     
   3.2682686055716309E-002   1.3342591538132222E-008   149.15630632864455        3.2682686034660430E-002  -41.548666016566592     
   3.2682686060488089E-002   1.2796409181390756E-008   149.15630632864455        3.2682686034738971E-002  -41.548666016576497     
   3.2682686065024204E-002   1.2277699696621777E-008   149.15630632864455        3.2682686034836372E-002  -41.548666016575879     
   3.2682686069289320E-002   1.1790238513056247E-008   149.15630632864455        3.2682686034951607E-002  -41.548666016584214     
   3.2682686073254481E-002   1.1337460022232203E-008   149.15630632864455        3.2682686035083480E-002  -41.548666016570579     
   3.2682686076891759E-002   1.0922441004304352E-008   149.15630632864455        3.2682686035230682E-002  -41.548666016569399     
   3.2682686080176805E-002   1.0547888130163825E-008   149.15630632864455        3.2682686035391775E-002  -41.548666016576021     
   3.2682686083088802E-002   1.0216129425359687E-008   149.15630632864455        3.2682686035565227E-002  -41.548666016575353     
   3.2682686085611298E-002   9.9291095353481483E-009   149.15630632864455        3.2682686035749406E-002  -41.548666016573506     
   3.2682686087728882E-002   9.6883885900607453E-009   149.15630632864455        3.2682686035942626E-002  -41.548666016573236     
   3.2682686089430493E-002   9.4951444298696934E-009   149.15630632864455        3.2682686036143146E-002  -41.548666016576078     
   3.2682686090708624E-002   9.3501779248860660E-009   149.15630632864455        3.2682686036349162E-002  -41.548666016575439     
   3.2682686091559207E-002   9.2539210955583505E-009   149.15630632864455        3.2682686036558890E-002  -41.548666016567303     
   3.2682686091981938E-002   9.2064477249846532E-009   149.15630632864455        3.2682686036770506E-002  -41.548666016569967     
   3.2682686091976741E-002   9.2074861420918304E-009   149.15630632864455        3.2682686036982218E-002  -41.548666016568625     
   3.2682686091548542E-002   9.2564338499469319E-009   149.15630632864455        3.2682686037192245E-002  -41.548666016575680     
   3.2682686090706507E-002   9.3523736746687385E-009   149.15630632864455        3.2682686037398857E-002  -41.548666016576973     
   3.2682686089460136E-002   9.4940911175743519E-009   149.15630632864455        3.2682686037600377E-002  -41.548666016573542     
   3.2682686087822647E-002   9.6800926059042293E-009   149.15630632864455        3.2682686037795207E-002  -41.548666016577720     
   3.2682686085807898E-002   9.9086243550672288E-009   149.15630632864455        3.2682686037981801E-002  -41.548666016572241     
   3.2682686083435220E-002   1.0177691577636316E-008   149.15630632864455        3.2682686038158736E-002  -41.548666016572035     
   3.2682686080721869E-002   1.0485077800490400E-008   149.15630632864455        3.2682686038324651E-002  -41.548666016567545     
   3.2682686077690863E-002   1.0828364080775586E-008   149.15630632864455        3.2682686038478327E-002  -41.548666016574025     
   3.2682686074364704E-002   1.1204947943299198E-008   149.15630632864455        3.2682686038618652E-002  -41.548666016577172     
   3.2682686070767221E-002   1.1612061895604465E-008   149.15630632864455        3.2682686038744621E-002  -41.548666016572298     
   3.2682686066926016E-002   1.2046791411594821E-008   149.15630632864455        3.2682686038855394E-002  -41.548666016574444     
   3.2682686062866381E-002   1.2506092309550283E-008   149.15630632864455        3.2682686038950221E-002  -41.548666016567893     
   3.2682686058617384E-002   1.2986807484632197E-008   149.15630632864455        3.2682686039028512E-002  -41.548666016577982     
   3.2682686054208182E-002   1.3485682989063808E-008   149.15630632864455        3.2682686039089796E-002  -41.548666016575162     
   3.2682686049668071E-002   1.3999383484278976E-008   149.15630632864455        3.2682686039133761E-002  -41.548666016577542     
   3.2682686045028754E-002   1.4524507117745325E-008   149.15630632864455        3.2682686039160212E-002  -41.548666016579659     
   3.2682686040320624E-002   1.5057599902413423E-008   149.15630632864455        3.2682686039169094E-002  -41.548666016576540     
   3.2682686035574532E-002   1.5595169698052150E-008   149.15630632864455        3.2682686039160490E-002  -41.548666016572959     
   3.2682686030822458E-002   1.6133699910995354E-008   149.15630632864455        3.2682686039134594E-002  -41.548666016574913     
   3.2682686026096572E-002   1.6669663041456679E-008   149.15630632864455        3.2682686039091746E-002  -41.548666016567509     
   3.2682686021428195E-002   1.7199534215197527E-008   149.15630632864455        3.2682686039032398E-002  -41.548666016568461     
   3.2682686016848525E-002   1.7719804839194934E-008   149.15630632864455        3.2682686038957118E-002  -41.548666016578494     
   3.2682686012389807E-002   1.8226996518515438E-008   149.15630632864455        3.2682686038866572E-002  -41.548666016570401     
   3.2682686008080629E-002   1.8717675364089514E-008   149.15630632864455        3.2682686038761538E-002  -41.548666016571786     
   3.2682686003953465E-002   1.9188466808790401E-008   149.15630632864455        3.2682686038642883E-002  -41.548666016578785     
   3.2682686000036321E-002   1.9636071032223844E-008   149.15630632864455        3.2682686038511564E-002  -41.548666016577236     
   3.2682685996357701E-002   2.0057279073156719E-008   149.15630632864455        3.2682686038368616E-002  -41.548666016577357     
   3.2682685992945652E-002   2.0448989683111263E-008   149.15630632864455        3.2682686038215149E-002  -41.548666016573456     
   3.2682685989826973E-002   2.0808226946033522E-008   149.15630632864455        3.2682686038052335E-002  -41.548666016572852     
   3.2682685987023605E-002   2.1132158657271274E-008   149.15630632864455        3.2682686037881395E-002  -41.548666016578395     
   3.2682685984563149E-002   2.1418115421290809E-008   149.15630632864455        3.2682686037703614E-002  -41.548666016575574     
   3.2682685982463593E-002   2.1663610392283331E-008   149.15630632864455        3.2682686037520288E-002  -41.548666016573620     
   3.2682685980747160E-002   2.1866359545849502E-008   149.15630632864455        3.2682686037332757E-002  -41.548666016568149     
   3.2682685979429991E-002   2.2024302333804901E-008   149.15630632864455        3.2682686037142396E-002  -41.548666016579766     
   3.2682685978527116E-002   2.2135622538933953E-008   149.15630632864455        3.2682686036950577E-002  -41.548666016569278     
   3.2682685978052822E-002   2.2198769113067455E-008   149.15630632864455        3.2682686036758668E-002  -41.548666016577101     
   3.2682685978016143E-002   2.2212476750356382E-008   149.15630632864455        3.2682686036568057E-002  -41.548666016577897     
   3.2682685978424511E-002   2.2175785919524767E-008   149.15630632864455        3.2682686036380110E-002  -41.548666016593089     
   3.2682685979283248E-002   2.2088062054596576E-008   149.15630632864455        3.2682686036196160E-002  -41.548666016569356     
   3.2682685980594026E-002   2.1949013583570831E-008   149.15630632864455        3.2682686036017532E-002  -41.548666016576909     
   3.2682685982355075E-002   2.1758708459692181E-008   149.15630632864455        3.2682686035845517E-002  -41.548666016577059     
   3.2682685984559950E-002   2.1517588850630073E-008   149.15630632864455        3.2682686035681342E-002  -41.548666016580960     
   3.2682685987201573E-002   2.1226483637536251E-008   149.15630632864455        3.2682686035526202E-002  -41.548666016580036     
   3.2682685990267663E-002   2.0886618378882391E-008   149.15630632864455        3.2682686035381221E-002  -41.548666016577521     
   3.2682685993741779E-002   2.0499622403396205E-008   149.15630632864455        3.2682686035247474E-002  -41.548666016576838     
   3.2682685997606917E-002   2.0067532712443417E-008   149.15630632864455        3.2682686035125960E-002  -41.548666016576725     
   3.2682686001838886E-002   1.9592794394953476E-008   149.15630632864455        3.2682686035017589E-002  -41.548666016572255     
   3.2682686006411305E-002   1.9078257287058066E-008   149.15630632864455        3.2682686034923199E-002  -41.548666016575325     
   3.2682686011296563E-002   1.8527168644096772E-008   149.15630632864455        3.2682686034843540E-002  -41.548666016571865     
   3.2682686016460488E-002   1.7943161633969974E-008   149.15630632864455        3.2682686034779258E-002  -41.548666016577954     
   3.2682686021867281E-002   1.7330239507619021E-008   149.15630632864455        3.2682686034730901E-002  -41.548666016578963     
   3.2682686027478258E-002   1.6692755354141137E-008   149.15630632864455        3.2682686034698920E-002  -41.548666016582040     
   3.2682686033251362E-002   1.6035387403947874E-008   149.15630632864455        3.2682686034683633E-002  -41.548666016577172     
   3.2682686039143795E-002   1.5363109902905700E-008   149.15630632864455        3.2682686034685285E-002  -41.548666016571559     
   3.2682686045108537E-002   1.4681159642382070E-008   149.15630632864455        3.2682686034703971E-002  -41.548666016572184     
   3.2682686051097448E-002   1.3994998294072336E-008   149.15630632864455        3.2682686034739672E-002  -41.548666016570444     
   3.2682686057061434E-002   1.3310270763265635E-008   149.15630632864455        3.2682686034792269E-002  -41.548666016570984     
   3.2682686062950342E-002   1.2632759838644044E-008   149.15630632864455        3.2682686034861491E-002  -41.548666016568539     
   3.2682686068712677E-002   1.1968337480226929E-008   149.15630632864455        3.2682686034946964E-002  -41.548666016563999     
   3.2682686074297168E-002   1.1322913148300469E-008   149.15630632864455        3.2682686035048182E-002  -41.548666016579730     
   3.2682686079652842E-002   1.0702379634112598E-008   149.15630632864455        3.2682686035164533E-002  -41.548666016580356     
   3.2682686084730656E-002   1.0112556907094364E-008   149.15630632864455        3.2682686035295262E-002  -41.548666016566209     
   3.2682686089480835E-002   9.5591345420989648E-009   149.15630632864455        3.2682686035439529E-002  -41.548666016574693     
   3.2682686093856148E-002   9.0476133328357585E-009   149.15630632864455        3.2682686035596355E-002  -41.548666016572014     
   3.2682686097811837E-002   8.5832467336078196E-009   149.15630632864455        3.2682686035764658E-002  -41.548666016568156     
   3.2682686101305869E-002   8.1709827996925389E-009   149.15630632864455        3.2682686035943265E-002  -41.548666016577421     
   3.2682686104299780E-002   7.8154073168453247E-009   149.15630632864455        3.2682686036130899E-002  -41.548666016574757     
   3.2682686106759139E-002   7.5206888216232755E-009   149.15630632864455        3.2682686036326195E-002  -41.548666016566678     
   3.2682686108651327E-002   7.2905262163593785E-009   149.15630632864455        3.2682686036527707E-002  -41.548666016573300     
   3.2682686109951953E-002   7.1280996752134624E-009   149.15630632864455        3.2682686036733924E-002  -41.548666016581684     
   3.2682686110639556E-002   7.0360255206740344E-009   149.15630632864455        3.2682686036943284E-002  -41.548666016574032     
   3.2682686110695768E-002   7.0163157231031987E-009   149.15630632864455        3.2682686037154164E-002  -41.548666016578743     
   3.2682686110112429E-002   7.0703426396493896E-009   149.15630632864455        3.2682686037364905E-002  -41.548666016579695     
   3.2682686108884001E-002   7.1988095633394026E-009   149.15630632864455        3.2682686037573822E-002  -41.548666016576163     
   3.2682686107011312E-002   7.4017275985394760E-009   149.15630632864455        3.2682686037779234E-002  -41.548666016570408     
   3.2682686104503519E-002   7.6783993160903876E-009   149.15630632864455        3.2682686037979448E-002  -41.548666016577194     
   3.2682686101371837E-002   8.0274095708944619E-009   149.15630632864455        3.2682686038172794E-002  -41.548666016576206     
   3.2682686097637220E-002   8.4466237872269982E-009   149.15630632864455        3.2682686038357625E-002  -41.548666016571183     
   3.2682686093324934E-002   8.9331939334517798E-009   149.15630632864455        3.2682686038532360E-002  -41.548666016575012     
   3.2682686088469706E-002   9.4835723193346636E-009   149.15630632864455        3.2682686038695473E-002  -41.548666016573343     
   3.2682686083103943E-002   1.0093533256642108E-008   149.15630632864455        3.2682686038845492E-002  -41.548666016567879     
   3.2682686077274190E-002   1.0758202528513367E-008   149.15630632864455        3.2682686038981050E-002  -41.548666016576398     
   3.2682686071027180E-002   1.1472094516399457E-008   149.15630632864455        3.2682686039100885E-002  -41.548666016571467     
   3.2682686064417911E-002   1.2229156736368202E-008   149.15630632864455        3.2682686039203851E-002  -41.548666016569761     
   3.2682686057502221E-002   1.3022821440652383E-008   149.15630632864455        3.2682686039288908E-002  -41.548666016578622     
   3.2682686050340436E-002   1.3846063846720077E-008   149.15630632864455        3.2682686039355181E-002  -41.548666016568106     
   3.2682686042998295E-002   1.4691466466331539E-008   149.15630632864455        3.2682686039401943E-002  -41.548666016578984     
   3.2682686035543411E-002   1.5551288922028911E-008   149.15630632864455        3.2682686039428595E-002  -41.548666016577094     
   3.2682686028043140E-002   1.6417542559540887E-008   149.15630632864455        3.2682686039434757E-002  -41.548666016574984     
   3.2682686020569028E-002   1.7282069093216235E-008   149.15630632864455        3.2682686039420171E-002  -41.548666016568362     
   3.2682686013191568E-002   1.8136622458309762E-008   149.15630632864455        3.2682686039384796E-002  -41.548666016577243     
   3.2682686005982446E-002   1.8972952990021481E-008   149.15630632864455        3.2682686039328758E-002  -41.548666016573051     
   3.2682685999009510E-002   1.9782893005563651E-008   149.15630632864455        3.2682686039252361E-002  -41.548666016578061     
   3.2682685992343960E-002   2.0558442832829952E-008   149.15630632864455        3.2682686039156097E-002  -41.548666016570465     
   3.2682685986050258E-002   2.1291856307866212E-008   149.15630632864455        3.2682686039040655E-002  -41.548666016582821     
   3.2682685980192742E-002   2.1975724754109799E-008   149.15630632864455        3.2682686038906887E-002  -41.548666016570266     
   3.2682685974829540E-002   2.2603058459308211E-008   149.15630632864455        3.2682686038755841E-002  -41.548666016565782     
   3.2682685970017507E-002   2.3167364681367234E-008   149.15630632864455        3.2682686038588704E-002  -41.548666016578636     
   3.2682685965806008E-002   2.3662721242021747E-008   149.15630632864455        3.2682686038406836E-002  -41.548666016580967     
   3.2682685962238868E-002   2.4083844806952992E-008   149.15630632864455        3.2682686038211756E-002  -41.548666016575929     
   3.2682685959355681E-002   2.4426153002655070E-008   149.15630632864455        3.2682686038005088E-002  -41.548666016572660     
   3.2682685957187312E-002   2.4685819583062487E-008   149.15630632864455        3.2682686037788622E-002  -41.548666016569079     
   3.2682685955760044E-002   2.4859821932352112E-008   149.15630632864455        3.2682686037564225E-002  -41.548666016574998     
   3.2682685955091967E-002   2.4945980273286870E-008   149.15630632864455        3.2682686037333854E-002  -41.548666016573364     
   3.2682685955191061E-002   2.4942988042441370E-008   149.15630632864455        3.2682686037099555E-002  -41.548666016567658     
   3.2682685956062156E-002   2.4850432993057030E-008   149.15630632864455        3.2682686036863418E-002  -41.548666016570074     
   3.2682685957700040E-002   2.4668808692129262E-008   149.15630632864455        3.2682686036627565E-002  -41.548666016578615     
   3.2682685960090468E-002   2.4399516189563341E-008   149.15630632864455        3.2682686036394154E-002  -41.548666016576703     
   3.2682685963213894E-002   2.4044855752017488E-008   149.15630632864455        3.2682686036165309E-002  -41.548666016570166     
   3.2682685967041075E-002   2.3608008671229159E-008   149.15630632864455        3.2682686035943154E-002  -41.548666016575922     
   3.2682685971537138E-002   2.3093009274708614E-008   149.15630632864455        3.2682686035729741E-002  -41.548666016577670     
   3.2682685976661213E-002   2.2504707384053094E-008   149.15630632864455        3.2682686035527063E-002  -41.548666016574607     
   3.2682685982362479E-002   2.1848721581391351E-008   149.15630632864455        3.2682686035337041E-002  -41.548666016570579     
   3.2682685988585966E-002   2.1131383756079372E-008   149.15630632864455        3.2682686035161466E-002  -41.548666016570749     
   3.2682685995272936E-002   2.0359675510349293E-008   149.15630632864455        3.2682686035002025E-002  -41.548666016584512     
   3.2682686002356215E-002   1.9541157102568328E-008   149.15630632864455        3.2682686034860242E-002  -41.548666016574337     
   3.2682686009768501E-002   1.8683889699081621E-008   149.15630632864455        3.2682686034737479E-002  -41.548666016576604     
   3.2682686017433835E-002   1.7796351788983290E-008   149.15630632864455        3.2682686034634957E-002  -41.548666016576050     
   3.2682686025277873E-002   1.6887350689264260E-008   149.15630632864455        3.2682686034553668E-002  -41.548666016578885     
   3.2682686033223739E-002   1.5965930129963901E-008   149.15630632864455        3.2682686034494438E-002  -41.548666016579467     
   3.2682686041191324E-002   1.5041274959119289E-008   149.15630632864455        3.2682686034457856E-002  -41.548666016567743     
   3.2682686049102419E-002   1.4122614045070856E-008   149.15630632864455        3.2682686034444318E-002  -41.548666016571673     
   3.2682686056876936E-002   1.3219122478185576E-008   149.15630632864455        3.2682686034453984E-002  -41.548666016574842     
   3.2682686064439026E-002   1.2339824185155174E-008   149.15630632864455        3.2682686034486798E-002  -41.548666016566109     
   3.2682686071713103E-002   1.1493496066597666E-008   149.15630632864455        3.2682686034542476E-002  -41.548666016576362     
   3.2682686078626511E-002   1.0688574752549567E-008   149.15630632864455        3.2682686034620517E-002  -41.548666016574465     
   3.2682686085110310E-002   9.9330670409141433E-009   149.15630632864455        3.2682686034720188E-002  -41.548666016572277     
   3.2682686091102191E-002   9.2344650412918151E-009   149.15630632864455        3.2682686034840557E-002  -41.548666016571396     
   3.2682686096542186E-002   8.5996669915599791E-009   149.15630632864455        3.2682686034980479E-002  -41.548666016574487     
   3.2682686101377284E-002   8.0349046474845444E-009   149.15630632864455        3.2682686035138617E-002  -41.548666016572348     
   3.2682686105560708E-002   7.5456780676215967E-009   149.15630632864455        3.2682686035313456E-002  -41.548666016577066     
   3.2682686109052693E-002   7.1366985278591629E-009   149.15630632864455        3.2682686035503304E-002  -41.548666016579510     
   3.2682686111819688E-002   6.8118402029002776E-009   149.15630632864455        3.2682686035706336E-002  -41.548666016580185     
   3.2682686113836255E-002   6.5741011474848281E-009   149.15630632864455        3.2682686035920575E-002  -41.548666016569001     
   3.2682686115085485E-002   6.4255739991877390E-009   149.15630632864455        3.2682686036143951E-002  -41.548666016567147     
   3.2682686115558565E-002   6.3674267087501452E-009   149.15630632864455        3.2682686036374281E-002  -41.548666016574700     
   3.2682686115251471E-002   6.3998934847206392E-009   149.15630632864455        3.2682686036609329E-002  -41.548666016571595     
   3.2682686114171543E-002   6.5222760179033986E-009   149.15630632864455        3.2682686036846806E-002  -41.548666016572909     
   3.2682686112333083E-002   6.7329549294840186E-009   149.15630632864455        3.2682686037084394E-002  -41.548666016576462     
   3.2682686109758899E-002   7.0294112663330592E-009   149.15630632864455        3.2682686037319782E-002  -41.548666016570309     
   3.2682686106476018E-002   7.4082577490963262E-009   149.15630632864455        3.2682686037550666E-002  -41.548666016575218     
   3.2682686102522847E-002   7.8652793651234359E-009   149.15630632864455        3.2682686037774793E-002  -41.548666016575417     
   3.2682686097940720E-002   8.3954827901773147E-009   149.15630632864455        3.2682686037989989E-002  -41.548666016585045     
   3.2682686092779689E-002   8.9931540216697292E-009   149.15630632864455        3.2682686038194166E-002  -41.548666016556851     
   3.2682686087094702E-002   9.6519235131616990E-009   149.15630632864455        3.2682686038385339E-002  -41.548666016566962     
   3.2682686080944698E-002   1.0364838016098098E-008   149.15630632864455        3.2682686038561656E-002  -41.548666016576263     
   3.2682686074394757E-002   1.1124438261378924E-008   149.15630632864455        3.2682686038721404E-002  -41.548666016576021     
   3.2682686067511763E-002   1.1922841550937560E-008   149.15630632864455        3.2682686038863068E-002  -41.548666016576448     
   3.2682686060367123E-002   1.2751828279123550E-008   149.15630632864455        3.2682686038985290E-002  -41.548666016579034     
   3.2682686053031616E-002   1.3602931365690531E-008   149.15630632864455        3.2682686039086896E-002  -41.548666016572199     
   3.2682686045581028E-002   1.4467527556897859E-008   149.15630632864455        3.2682686039166950E-002  -41.548666016579730     
   3.2682686038090242E-002   1.5336929539155219E-008   149.15630632864455        3.2682686039224716E-002  -41.548666016574231     
   3.2682686030632416E-002   1.6202477810491322E-008   149.15630632864455        3.2682686039259667E-002  -41.548666016579418     
   3.2682686023280616E-002   1.7055631268928178E-008   149.15630632864455        3.2682686039271519E-002  -41.548666016585052     
   3.2682686016107389E-002   1.7888055503454572E-008   149.15630632864455        3.2682686039260223E-002  -41.548666016575936     
   3.2682686009182497E-002   1.8691707811924585E-008   149.15630632864455        3.2682686039225931E-002  -41.548666016570792     
   3.2682686002569475E-002   1.9458918020453304E-008   149.15630632864455        3.2682686039169052E-002  -41.548666016577116     
   3.2682685996332568E-002   2.0182464240132276E-008   149.15630632864455        3.2682686039090199E-002  -41.548666016579013     
   3.2682685990528322E-002   2.0855642767767574E-008   149.15630632864455        3.2682686038990202E-002  -41.548666016575069     
   3.2682685985210097E-002   2.1472331417408878E-008   149.15630632864455        3.2682686038870090E-002  -41.548666016581045     
   3.2682685980424786E-002   2.2027045657103226E-008   149.15630632864455        3.2682686038731097E-002  -41.548666016581677     
   3.2682685976213530E-002   2.2514987019605798E-008   149.15630632864455        3.2682686038574611E-002  -41.548666016573137     
   3.2682685972612091E-002   2.2932083355423055E-008   149.15630632864455        3.2682686038402221E-002  -41.548666016575808     
   3.2682685969649204E-002   2.3275020599928060E-008   149.15630632864455        3.2682686038215635E-002  -41.548666016576483     
   3.2682685967346456E-002   2.3541265832413262E-008   149.15630632864455        3.2682686038016710E-002  -41.548666016580100     
   3.2682685965719376E-002   2.3729081512173122E-008   149.15630632864455        3.2682686037807392E-002  -41.548666016572341     
   3.2682685964776817E-002   2.3837530883503414E-008   149.15630632864455        3.2682686037589719E-002  -41.548666016574266     
   3.2682685964518877E-002   2.3866474646915884E-008   149.15630632864455        3.2682686037365814E-002  -41.548666016575496     
   3.2682685964941449E-002   2.3816559096154683E-008   149.15630632864455        3.2682686037137844E-002  -41.548666016567971     
   3.2682685966033416E-002   2.3689196018614665E-008   149.15630632864455        3.2682686036907986E-002  -41.548666016581180     
   3.2682685967775259E-002   2.3486534749460040E-008   149.15630632864455        3.2682686036678427E-002  -41.548666016581251     
   3.2682685970143552E-002   2.3211426855682466E-008   149.15630632864455        3.2682686036451344E-002  -41.548666016576639     
   3.2682685973108257E-002   2.2867384004891571E-008   149.15630632864455        3.2682686036228863E-002  -41.548666016580064     
   3.2682685976634665E-002   2.2458529643498542E-008   149.15630632864455        3.2682686036013063E-002  -41.548666016581720     
   3.2682685980681594E-002   2.1989545169610335E-008   149.15630632864455        3.2682686035805923E-002  -41.548666016580270     
   3.2682685985206343E-002   2.1465611336937722E-008   149.15630632864455        3.2682686035609330E-002  -41.548666016582388     
   3.2682685990160693E-002   2.0892345666372142E-008   149.15630632864455        3.2682686035425061E-002  -41.548666016576696     
   3.2682685995491914E-002   2.0275736671608014E-008   149.15630632864455        3.2682686035254767E-002  -41.548666016567275     
   3.2682686001147369E-002   1.9622075724119923E-008   149.15630632864455        3.2682686035099925E-002  -41.548666016577080     
   3.2682686007070812E-002   1.8937887390733689E-008   149.15630632864455        3.2682686034961869E-002  -41.548666016571055     
   3.2682686013203864E-002   1.8229859074140916E-008   149.15630632864455        3.2682686034841764E-002  -41.548666016564127     
   3.2682686019489607E-002   1.7504770773298044E-008   149.15630632864455        3.2682686034740595E-002  -41.548666016586161     
   3.2682686025868365E-002   1.6769425757084013E-008   149.15630632864455        3.2682686034659153E-002  -41.548666016575055     
   3.2682686032281971E-002   1.6030582911478022E-008   149.15630632864455        3.2682686034598028E-002  -41.548666016571211     
   3.2682686038672477E-002   1.5294891478429997E-008   149.15630632864455        3.2682686034557630E-002  -41.548666016573996     
   3.2682686044984803E-002   1.4568828854273030E-008   149.15630632864455        3.2682686034538173E-002  -41.548666016575147     
   3.2682686051164554E-002   1.3858642058038402E-008   149.15630632864455        3.2682686034539665E-002  -41.548666016582075     
   3.2682686057159079E-002   1.3170293416066484E-008   149.15630632864455        3.2682686034561932E-002  -41.548666016563097     
   3.2682686062919956E-002   1.2509410940151888E-008   149.15630632864455        3.2682686034604586E-002  -41.548666016565825     
   3.2682686068401849E-002   1.1881243803020216E-008   149.15630632864455        3.2682686034667091E-002  -41.548666016583105     
   3.2682686073561333E-002   1.1290623238315225E-008   149.15630632864455        3.2682686034748713E-002  -41.548666016575567     
   3.2682686078360765E-002   1.0741929113810290E-008   149.15630632864455        3.2682686034848571E-002  -41.548666016570969     
   3.2682686082766144E-002   1.0239062347124238E-008   149.15630632864455        3.2682686034965616E-002  -41.548666016577137     
   3.2682686086746147E-002   9.7854232542775227E-009   149.15630632864455        3.2682686035098669E-002  -41.548666016577243     
   3.2682686090275463E-002   9.3838958436545145E-009   149.15630632864455        3.2682686035246419E-002  -41.548666016570870     
   3.2682686093333704E-002   9.0368379928140932E-009   149.15630632864455        3.2682686035407450E-002  -41.548666016574231     
   3.2682686095903107E-002   8.7460773739047885E-009   149.15630632864455        3.2682686035580243E-002  -41.548666016573847     
   3.2682686097972681E-002   8.5129129259270931E-009   149.15630632864455        3.2682686035763193E-002  -41.548666016592527     
   3.2682686099533183E-002   8.3381216101202759E-009   149.15630632864455        3.2682686035954644E-002  -41.548666016566827     
   3.2682686100584155E-002   8.2219701285640284E-009   149.15630632864455        3.2682686036152889E-002  -41.548666016576050     
   3.2682686101123758E-002   8.1642312364178859E-009   149.15630632864455        3.2682686036356177E-002  -41.548666016573726     
   3.2682686101159125E-002   8.1642042359192826E-009   149.15630632864455        3.2682686036562762E-002  -41.548666016563040     
   3.2682686100698029E-002   8.2207392052666036E-009   149.15630632864455        3.2682686036770887E-002  -41.548666016571659     
   3.2682686099755276E-002   8.3322644883471524E-009   149.15630632864455        3.2682686036978818E-002  -41.548666016569470     
   3.2682686098345397E-002   8.4968169522710147E-009   149.15630632864455        3.2682686037184855E-002  -41.548666016579290     
   3.2682686096489250E-002   8.7120745083536534E-009   149.15630632864455        3.2682686037387332E-002  -41.548666016576057     
   3.2682686094209275E-002   8.9753903889457548E-009   149.15630632864455        3.2682686037584667E-002  -41.548666016579269     
   3.2682686091529391E-002   9.2838286769879600E-009   149.15630632864455        3.2682686037775334E-002  -41.548666016571431     
   3.2682686088477235E-002   9.6342005967292566E-009   149.15630632864455        3.2682686037957896E-002  -41.548666016567800     
   3.2682686085082610E-002   1.0023101092831397E-008   149.15630632864455        3.2682686038131008E-002  -41.548666016579830     
   3.2682686081376457E-002   1.0446945250105805E-008   149.15630632864455        3.2682686038293447E-002  -41.548666016572142     
   3.2682686077390867E-002   1.0902004136791700E-008   149.15630632864455        3.2682686038444077E-002  -41.548666016580441     
   3.2682686073158079E-002   1.1384439690171341E-008   149.15630632864455        3.2682686038581897E-002  -41.548666016579681     
   3.2682686068714627E-002   1.1890338303391247E-008   149.15630632864455        3.2682686038706027E-002  -41.548666016576256     
   3.2682686064094704E-002   1.2415742815933238E-008   149.15630632864455        3.2682686038815724E-002  -41.548666016568959     
   3.2682686059331993E-002   1.2956682656412525E-008   149.15630632864455        3.2682686038910364E-002  -41.548666016577556     
   3.2682686054462097E-002   1.3509201934273455E-008   149.15630632864455        3.2682686038989460E-002  -41.548666016578920     
   3.2682686049520127E-002   1.4069385325798368E-008   149.15630632864455        3.2682686039052652E-002  -41.548666016573044     
   3.2682686044540103E-002   1.4633381648585941E-008   149.15630632864455        3.2682686039099733E-002  -41.548666016573520     
   3.2682686039554661E-002   1.5197425066599895E-008   149.15630632864455        3.2682686039130590E-002  -41.548666016578821     
   3.2682686034596987E-002   1.5757853914237267E-008   149.15630632864455        3.2682686039145266E-002  -41.548666016572518     
   3.2682686029699343E-002   1.6311127171540961E-008   149.15630632864455        3.2682686039143920E-002  -41.548666016576938     
   3.2682686024891994E-002   1.6853838663310381E-008   149.15630632864455        3.2682686039126822E-002  -41.548666016573215     
   3.2682686020204514E-002   1.7382729091807192E-008   149.15630632864455        3.2682686039094362E-002  -41.548666016570905     
   3.2682686015664597E-002   1.7894696045146417E-008   149.15630632864455        3.2682686039047025E-002  -41.548666016579254     
   3.2682686011298770E-002   1.8386802151004416E-008   149.15630632864455        3.2682686038985394E-002  -41.548666016568319     
   3.2682686007133165E-002   1.8856281567747388E-008   149.15630632864455        3.2682686038910141E-002  -41.548666016577208     
   3.2682686003190263E-002   1.9300545022012198E-008   149.15630632864455        3.2682686038822052E-002  -41.548666016575929     
   3.2682685999492533E-002   1.9717183612980316E-008   149.15630632864455        3.2682686038721931E-002  -41.548666016578515     
   3.2682685996060327E-002   2.0103971609101773E-008   149.15630632864455        3.2682686038610693E-002  -41.548666016567317     
   3.2682685992912491E-002   2.0458868462859856E-008   149.15630632864455        3.2682686038489291E-002  -41.548666016573556     
   3.2682685990065123E-002   2.0780020263424167E-008   149.15630632864455        3.2682686038358721E-002  -41.548666016573804     
   3.2682685987533967E-002   2.1065760836070727E-008   149.15630632864455        3.2682686038220034E-002  -41.548666016573797     
   3.2682685985332860E-002   2.1314612681282570E-008   149.15630632864455        3.2682686038074303E-002  -41.548666016581542     
   3.2682685983473694E-002   2.1525287925802953E-008   149.15630632864455        3.2682686037922626E-002  -41.548666016574550     
   3.2682685981964797E-002   2.1696689433512669E-008   149.15630632864455        3.2682686037766112E-002  -41.548666016579141     
   3.2682685980816667E-002   2.1827912196055752E-008   149.15630632864455        3.2682686037605893E-002  -41.548666016576661     
   3.2682685980033731E-002   2.1918245092204801E-008   149.15630632864455        3.2682686037443072E-002  -41.548666016577272     
   3.2682685979621394E-002   2.1967173072263180E-008   149.15630632864455        3.2682686037278780E-002  -41.548666016567850     
   3.2682685979581801E-002   2.1974379789377509E-008   149.15630632864455        3.2682686037114099E-002  -41.548666016569406     
   3.2682685979917477E-002   2.1939750664847916E-008   149.15630632864455        3.2682686036950126E-002  -41.548666016571602     
   3.2682685980624626E-002   2.1863376339724003E-008   149.15630632864455        3.2682686036787902E-002  -41.548666016584477     
   3.2682685981701549E-002   2.1745556430999718E-008   149.15630632864455        3.2682686036628453E-002  -41.548666016567516     
   3.2682685983142584E-002   2.1586803478646976E-008   149.15630632864455        3.2682686036472779E-002  -41.548666016576519     
   3.2682685984943158E-002   2.1387846939592969E-008   149.15630632864455        3.2682686036321816E-002  -41.548666016566727     
   3.2682685987090461E-002   2.1149637057982033E-008   149.15630632864455        3.2682686036176467E-002  -41.548666016569015     
   3.2682685989575799E-002   2.0873348417755067E-008   149.15630632864455        3.2682686036037606E-002  -41.548666016570074     
   3.2682685992384587E-002   2.0560382964403483E-008   149.15630632864455        3.2682686035906010E-002  -41.548666016576782     
   3.2682685995502225E-002   2.0212372268358357E-008   149.15630632864455        3.2682686035782456E-002  -41.548666016579169     
   3.2682685998912012E-002   1.9831178793081281E-008   149.15630632864455        3.2682686035667617E-002  -41.548666016574948     
   3.2682686002593955E-002   1.9418895926838059E-008   149.15630632864455        3.2682686035562146E-002  -41.548666016570984     
   3.2682686006526109E-002   1.8977846538644577E-008   149.15630632864455        3.2682686035466604E-002  -41.548666016583887     
   3.2682686010686419E-002   1.8510579826080695E-008   149.15630632864455        3.2682686035381506E-002  -41.548666016569790     
   3.2682686015048368E-002   1.8019866235469613E-008   149.15630632864455        3.2682686035307287E-002  -41.548666016571772     
   3.2682686019585641E-002   1.7508690253325914E-008   149.15630632864455        3.2682686035244352E-002  -41.548666016575453     
   3.2682686024269582E-002   1.6980240891787214E-008   149.15630632864455        3.2682686035192983E-002  -41.548666016570579     
   3.2682686029068812E-002   1.6437899719569357E-008   149.15630632864455        3.2682686035153431E-002  -41.548666016574032     
   3.2682686033953016E-002   1.5885226323475916E-008   149.15630632864455        3.2682686035125884E-002  -41.548666016577741     
   3.2682686038887000E-002   1.5325941123122756E-008   149.15630632864455        3.2682686035110424E-002  -41.548666016565228     
   3.2682686043837658E-002   1.4763905502882035E-008   149.15630632864455        3.2682686035107093E-002  -41.548666016572568     
   3.2682686048770608E-002   1.4203099269223227E-008   149.15630632864455        3.2682686035115857E-002  -41.548666016571865     
   3.2682686053646888E-002   1.3647595487994886E-008   149.15630632864455        3.2682686035136604E-002  -41.548666016580476     
   3.2682686058432116E-002   1.3101532804305297E-008   149.15630632864455        3.2682686035169155E-002  -41.548666016575289     
   3.2682686063090091E-002   1.2569085396093485E-008   149.15630632864455        3.2682686035213258E-002  -41.548666016570891     
   3.2682686067583087E-002   1.2054430761003190E-008   149.15630632864455        3.2682686035268589E-002  -41.548666016572703     
   3.2682686071875973E-002   1.1561715583586958E-008   149.15630632864455        3.2682686035334765E-002  -41.548666016576277     
   3.2682686075932749E-002   1.1095019975345295E-008   149.15630632864455        3.2682686035411329E-002  -41.548666016571865     
   3.2682686079719657E-002   1.0658320423106036E-008   149.15630632864455        3.2682686035497753E-002  -41.548666016571559     
   3.2682686083203495E-002   1.0255451820600730E-008   149.15630632864455        3.2682686035593447E-002  -41.548666016572163     
   3.2682686086351831E-002   9.8900689931518346E-009   149.15630632864455        3.2682686035697781E-002  -41.548666016575538     
   3.2682686089136499E-002   9.5656081555612373E-009   149.15630632864455        3.2682686035810031E-002  -41.548666016575247     
   3.2682686091530529E-002   9.2852487678971138E-009   149.15630632864455        3.2682686035929442E-002  -41.548666016571275     
   3.2682686093509820E-002   9.0518762720905564E-009   149.15630632864455        3.2682686036055196E-002  -41.548666016567260     
   3.2682686095051157E-002   8.8680462039768944E-009   149.15630632864455        3.2682686036186424E-002  -41.548666016577080     
   3.2682686096138718E-002   8.7359501800642891E-009   149.15630632864455        3.2682686036322232E-002  -41.548666016576220     
   3.2682686096757174E-002   8.6573842555931408E-009   149.15630632864455        3.2682686036461656E-002  -41.548666016576433     
   3.2682686096894793E-002   8.6337201401581743E-009   149.15630632864455        3.2682686036603729E-002  -41.548666016575659     
   3.2682686096544997E-002   8.6658797395358164E-009   149.15630632864455        3.2682686036747441E-002  -41.548666016569278     
   3.2682686095705696E-002   8.7543134669883045E-009   149.15630632864455        3.2682686036891756E-002  -41.548666016583262     
   3.2682686094377335E-002   8.8989827347475549E-009   149.15630632864455        3.2682686037035641E-002  -41.548666016572298     
   3.2682686092566436E-002   9.0993469968385760E-009   149.15630632864455        3.2682686037178041E-002  -41.548666016564546     
   3.2682686090282541E-002   9.3543556681035944E-009   149.15630632864455        3.2682686037317908E-002  -41.548666016577279     
   3.2682686087539360E-002   9.6624451920720086E-009   149.15630632864455        3.2682686037454188E-002  -41.548666016572753     
   3.2682686084358349E-002   1.0021541472471098E-008   149.15630632864455        3.2682686037585867E-002  -41.548666016574010     
   3.2682686080759665E-002   1.0429067820648357E-008   149.15630632864455        3.2682686037711933E-002  -41.548666016576398     
   3.2682686076773430E-002   1.0881958504700342E-008   149.15630632864455        3.2682686037831414E-002  -41.548666016577762     
   3.2682686072429266E-002   1.1376677916502729E-008   149.15630632864455        3.2682686037943394E-002  -41.548666016566870     
   3.2682686067762742E-002   1.1909245301072468E-008   149.15630632864455        3.2682686038046971E-002  -41.548666016579176     
   3.2682686062812646E-002   1.2475264919855143E-008   149.15630632864455        3.2682686038141326E-002  -41.548666016574245     
   3.2682686057620342E-002   1.3069961446474425E-008   149.15630632864455        3.2682686038225689E-002  -41.548666016570515     
   3.2682686052231152E-002   1.3688220321299926E-008   149.15630632864455        3.2682686038299380E-002  -41.548666016577663     
   3.2682686046692451E-002   1.4324632721001687E-008   149.15630632864455        3.2682686038361781E-002  -41.548666016572064     
   3.2682686041052483E-002   1.4973544732021367E-008   149.15630632864455        3.2682686038412373E-002  -41.548666016580214     
   3.2682686035361015E-002   1.5629110253678720E-008   149.15630632864455        3.2682686038450710E-002  -41.548666016577528     
   3.2682686029671809E-002   1.6285347098200131E-008   149.15630632864455        3.2682686038476454E-002  -41.548666016580768     
   3.2682686024037517E-002   1.6936195702594192E-008   149.15630632864455        3.2682686038489374E-002  -41.548666016575091     
   3.2682686018506997E-002   1.7575579821458643E-008   149.15630632864455        3.2682686038489325E-002  -41.548666016570174     
   3.2682686013135703E-002   1.8197468531481815E-008   149.15630632864455        3.2682686038476294E-002  -41.548666016585678     
   3.2682686007972528E-002   1.8795938848204905E-008   149.15630632864455        3.2682686038450356E-002  -41.548666016575211     
   3.2682686003067257E-002   1.9365238234006015E-008   149.15630632864455        3.2682686038411714E-002  -41.548666016571609     
   3.2682685998467034E-002   1.9899846263773045E-008   149.15630632864455        3.2682686038360678E-002  -41.548666016583411     
   3.2682685994216788E-002   2.0394534711738627E-008   149.15630632864455        3.2682686038297659E-002  -41.548666016567822     
   3.2682685990357271E-002   2.0844425329396725E-008   149.15630632864455        3.2682686038223177E-002  -41.548666016572241     
   3.2682685986927550E-002   2.1245044600705364E-008   149.15630632864455        3.2682686038137870E-002  -41.548666016569001     
   3.2682685983960381E-002   2.1592374786536953E-008   149.15630632864455        3.2682686038042454E-002  -41.548666016586935     
   3.2682685981486548E-002   2.1882900605399272E-008   149.15630632864455        3.2682686037937760E-002  -41.548666016566429     
   3.2682685979530259E-002   2.2113650941680015E-008   149.15630632864455        3.2682686037824697E-002  -41.548666016583745     
   3.2682685978111171E-002   2.2282235025265043E-008   149.15630632864455        3.2682686037704252E-002  -41.548666016576561     
   3.2682685977245614E-002   2.2386872587048035E-008   149.15630632864455        3.2682686037577492E-002  -41.548666016574018     
   3.2682685976941163E-002   2.2426417562628380E-008   149.15630632864455        3.2682686037445535E-002  -41.548666016581905     
   3.2682685977201753E-002   2.2400374990645083E-008   149.15630632864455        3.2682686037309561E-002  -41.548666016574479     
   3.2682685978026385E-002   2.2308910831976109E-008   149.15630632864455        3.2682686037170790E-002  -41.548666016571516     
   3.2682685979405691E-002   2.2152854520042257E-008   149.15630632864455        3.2682686037030471E-002  -41.548666016580398     
   3.2682685981327897E-002   2.1933694139894977E-008   149.15630632864455        3.2682686036889862E-002  -41.548666016571609     
   3.2682685983773434E-002   2.1653564223550087E-008   149.15630632864455        3.2682686036750258E-002  -41.548666016574415     
   3.2682685986717974E-002   2.1315226239846152E-008   149.15630632864455        3.2682686036612910E-002  -41.548666016579489     
   3.2682685990133097E-002   2.0922041947653450E-008   149.15630632864455        3.2682686036479079E-002  -41.548666016568760     
   3.2682685993983045E-002   2.0477939870541904E-008   149.15630632864455        3.2682686036349981E-002  -41.548666016573733     
   3.2682685998231861E-002   1.9987375237835208E-008   149.15630632864455        3.2682686036226809E-002  -41.548666016569477     
   3.2682686002833417E-002   1.9455283819966465E-008   149.15630632864455        3.2682686036110672E-002  -41.548666016573996     
   3.2682686007744439E-002   1.8887030164214501E-008   149.15630632864455        3.2682686036002641E-002  -41.548666016577712     
   3.2682686012914568E-002   1.8288350809098481E-008   149.15630632864455        3.2682686035903692E-002  -41.548666016565491     
   3.2682686018291877E-002   1.7665293121093008E-008   149.15630632864455        3.2682686035814722E-002  -41.548666016571353     
   3.2682686023821191E-002   1.7024150454845111E-008   149.15630632864455        3.2682686035736548E-002  -41.548666016579531     
   3.2682686029448023E-002   1.6371394386850950E-008   149.15630632864455        3.2682686035669851E-002  -41.548666016573392     
   3.2682686035116676E-002   1.5713604812071894E-008   149.15630632864455        3.2682686035615222E-002  -41.548666016578373     
   3.2682686040768939E-002   1.5057398722686345E-008   149.15630632864455        3.2682686035573137E-002  -41.548666016572469     
   3.2682686046348421E-002   1.4409358507329848E-008   149.15630632864455        3.2682686035543938E-002  -41.548666016561533     
   3.2682686051801392E-002   1.3775960617776640E-008   149.15630632864455        3.2682686035527847E-002  -41.548666016572035     
   3.2682686057072391E-002   1.3163505447912108E-008   149.15630632864455        3.2682686035524974E-002  -41.548666016578807     
   3.2682686062109743E-002   1.2578049256789512E-008   149.15630632864455        3.2682686035535265E-002  -41.548666016577904     
   3.2682686066865321E-002   1.2025338943830796E-008   149.15630632864455        3.2682686035558579E-002  -41.548666016565861     
   3.2682686071291711E-002   1.1510750450167397E-008   149.15630632864455        3.2682686035594613E-002  -41.548666016570301     
   3.2682686075347918E-002   1.1039231516011998E-008   149.15630632864455        3.2682686035642970E-002  -41.548666016566266     
   3.2682686078995347E-002   1.0615249470424147E-008   149.15630632864455        3.2682686035703103E-002  -41.548666016576128     
   3.2682686082200610E-002   1.0242744667614626E-008   149.15630632864455        3.2682686035774386E-002  -41.548666016569072     
   3.2682686084934048E-002   9.9250901137325565E-009   149.15630632864455        3.2682686035856064E-002  -41.548666016580157     
   3.2682686087173486E-002   9.6650577508645926E-009   149.15630632864455        3.2682686035947296E-002  -41.548666016572618     
   3.2682686088899390E-002   9.4647917818520086E-009   149.15630632864455        3.2682686036047147E-002  -41.548666016581421     
   3.2682686090098931E-002   9.3257893313714130E-009   149.15630632864455        3.2682686036154603E-002  -41.548666016577542     
   3.2682686090766765E-002   9.2488886468867162E-009   149.15630632864455        3.2682686036268581E-002  -41.548666016566187     
   3.2682686090899450E-002   9.2342649487651875E-009   149.15630632864455        3.2682686036387951E-002  -41.548666016575957     
   3.2682686090501650E-002   9.2814339432471910E-009   149.15630632864455        3.2682686036511525E-002  -41.548666016573527     
   3.2682686089582878E-002   9.3892629162595502E-009   149.15630632864455        3.2682686036638098E-002  -41.548666016590730     
   3.2682686088158878E-002   9.5559892317211601E-009   149.15630632864455        3.2682686036766433E-002  -41.548666016578707     
   3.2682686086248955E-002   9.7792459661698400E-009   149.15630632864455        3.2682686036895295E-002  -41.548666016574188     
   3.2682686083878941E-002   1.0056094323383623E-008   149.15630632864455        3.2682686037023456E-002  -41.548666016570287     
   3.2682686081077737E-002   1.0383062389491959E-008   149.15630632864455        3.2682686037149702E-002  -41.548666016565456     
   3.2682686077878567E-002   1.0756189711806139E-008   149.15630632864455        3.2682686037272868E-002  -41.548666016577791     
   3.2682686074320615E-002   1.1171077114408862E-008   149.15630632864455        3.2682686037391794E-002  -41.548666016575645     
   3.2682686070443799E-002   1.1622941101281318E-008   149.15630632864455        3.2682686037505418E-002  -41.548666016583212     
   3.2682686066292058E-002   1.2106672144107856E-008   149.15630632864455        3.2682686037612728E-002  -41.548666016576455     
   3.2682686061909424E-002   1.2616896107896860E-008   149.15630632864455        3.2682686037712794E-002  -41.548666016576995     
   3.2682686057346186E-002   1.3148038033300624E-008   149.15630632864455        3.2682686037804741E-002  -41.548666016572291     
   3.2682686052649589E-002   1.3694387470768361E-008   149.15630632864455        3.2682686037887827E-002  -41.548666016580761     
   3.2682686047868691E-002   1.4250164548672048E-008   149.15630632864455        3.2682686037961386E-002  -41.548666016573698     
   3.2682686043054000E-002   1.4809585955199397E-008   149.15630632864455        3.2682686038024850E-002  -41.548666016579766     
   3.2682686038253576E-002   1.5366930022304927E-008   149.15630632864455        3.2682686038077780E-002  -41.548666016571389     
   3.2682686033515165E-002   1.5916600119205595E-008   149.15630632864455        3.2682686038119829E-002  -41.548666016576334     
   3.2682686028885785E-002   1.6453185592318471E-008   149.15630632864455        3.2682686038150763E-002  -41.548666016570358     
   3.2682686024408172E-002   1.6971519527769057E-008   149.15630632864455        3.2682686038170490E-002  -41.548666016576085     
   3.2682686020126819E-002   1.7466732661241198E-008   149.15630632864455        3.2682686038178983E-002  -41.548666016574224     
   3.2682686016077989E-002   1.7934302816997189E-008   149.15630632864455        3.2682686038176360E-002  -41.548666016577407     
   3.2682686012299018E-002   1.8370099322747651E-008   149.15630632864455        3.2682686038162843E-002  -41.548666016580036     
   3.2682686008820502E-002   1.8770421918687720E-008   149.15630632864455        3.2682686038138731E-002  -41.548666016575567     
   3.2682686005670883E-002   1.9132033756380946E-008   149.15630632864455        3.2682686038104446E-002  -41.548666016569896     
   3.2682686002874016E-002   1.9452188165405611E-008   149.15630632864455        3.2682686038060481E-002  -41.548666016570706     
   3.2682686000449691E-002   1.9728648951225952E-008   149.15630632864455        3.2682686038007405E-002  -41.548666016575368     
   3.2682685998413001E-002   1.9959704075582636E-008   149.15630632864455        3.2682686037945899E-002  -41.548666016572568     
   3.2682685996774631E-002   2.0144172660003636E-008   149.15630632864455        3.2682686037876670E-002  -41.548666016579645     
   3.2682685995539806E-002   2.0281405341816835E-008   149.15630632864455        3.2682686037800480E-002  -41.548666016576902     
   3.2682685994711400E-002   2.0371278099704047E-008   149.15630632864455        3.2682686037718164E-002  -41.548666016576689     
   3.2682685994285997E-002   2.0414179750851619E-008   149.15630632864455        3.2682686037630575E-002  -41.548666016575304     
   3.2682685994256520E-002   2.0410993403128130E-008   149.15630632864455        3.2682686037538593E-002  -41.548666016568710     
   3.2682685994612874E-002   2.0363072222251153E-008   149.15630632864455        3.2682686037443114E-002  -41.548666016570472     
   3.2682685995339772E-002   2.0272209944582713E-008   149.15630632864455        3.2682686037345046E-002  -41.548666016576000     
   3.2682685996419207E-002   2.0140606630250013E-008   149.15630632864455        3.2682686037245272E-002  -41.548666016577805     
   3.2682685997829010E-002   1.9970830207604277E-008   149.15630632864455        3.2682686037144686E-002  -41.548666016580299     
   3.2682685999546490E-002   1.9765774408126958E-008   149.15630632864455        3.2682686037044127E-002  -41.548666016577307     
   3.2682686001545030E-002   1.9528613729968605E-008   149.15630632864455        3.2682686036944443E-002  -41.548666016576469     
   3.2682686003795342E-002   1.9262756098188903E-008   149.15630632864455        3.2682686036846424E-002  -41.548666016563587     
   3.2682686006267045E-002   1.8971793909777740E-008   149.15630632864455        3.2682686036750799E-002  -41.548666016577201     
   3.2682686008929325E-002   1.8659454161680207E-008   149.15630632864455        3.2682686036658262E-002  -41.548666016571886     
   3.2682686011748910E-002   1.8329548360348420E-008   149.15630632864455        3.2682686036569458E-002  -41.548666016582793     
   3.2682686014696212E-002   1.7985922901536650E-008   149.15630632864455        3.2682686036484949E-002  -41.548666016569250     
   3.2682686017735670E-002   1.7632410589915243E-008   149.15630632864455        3.2682686036405256E-002  -41.548666016573222     
   3.2682686020836113E-002   1.7272783939533775E-008   149.15630632864455        3.2682686036330823E-002  -41.548666016570415     
   3.2682686023966248E-002   1.6910710858758823E-008   149.15630632864455        3.2682686036262017E-002  -41.548666016579872     
   3.2682686027096362E-002   1.6549713278017892E-008   149.15630632864455        3.2682686036199157E-002  -41.548666016575758     
   3.2682686030197521E-002   1.6193129225791130E-008   149.15630632864455        3.2682686036142480E-002  -41.548666016573591     
   3.2682686033243022E-002   1.5844078798874616E-008   149.15630632864455        3.2682686036092153E-002  -41.548666016574941     
   3.2682686036207151E-002   1.5505434407942338E-008   149.15630632864455        3.2682686036048299E-002  -41.548666016572504     
   3.2682686039068737E-002   1.5179795609771559E-008   149.15630632864455        3.2682686036010968E-002  -41.548666016573605     
   3.2682686041806935E-002   1.4869468764233491E-008   149.15630632864455        3.2682686035980145E-002  -41.548666016578807     
   3.2682686044403650E-002   1.4576451678444637E-008   149.15630632864455        3.2682686035955782E-002  -41.548666016571900     
   3.2682686046844378E-002   1.4302423323388288E-008   149.15630632864455        3.2682686035937783E-002  -41.548666016576476     
   3.2682686049116533E-002   1.4048738631116789E-008   149.15630632864455        3.2682686035925994E-002  -41.548666016573563     
   3.2682686051210698E-002   1.3816428304349218E-008   149.15630632864455        3.2682686035920228E-002  -41.548666016570017     
   3.2682686053119241E-002   1.3606203495973569E-008   149.15630632864455        3.2682686035920269E-002  -41.548666016575034     
   3.2682686054839025E-002   1.3418465144959764E-008   149.15630632864455        3.2682686035925883E-002  -41.548666016575098     
   3.2682686056367212E-002   1.3253317688282108E-008   149.15630632864455        3.2682686035936812E-002  -41.548666016574316     
   3.2682686057703934E-002   1.3110586806565322E-008   149.15630632864455        3.2682686035952785E-002  -41.548666016567402     
   3.2682686058851544E-002   1.2989840805525593E-008   149.15630632864455        3.2682686035973504E-002  -41.548666016579993     
   3.2682686059816175E-002   1.2890415186289543E-008   149.15630632864455        3.2682686035998700E-002  -41.548666016576639     
   3.2682686060603004E-002   1.2811439915990911E-008   149.15630632864455        3.2682686036028086E-002  -41.548666016568376     
   3.2682686061219719E-002   1.2751868876782051E-008   149.15630632864455        3.2682686036061379E-002  -41.548666016580292     
   3.2682686061675598E-002   1.2710510946204177E-008   149.15630632864455        3.2682686036098300E-002  -41.548666016568390     
   3.2682686061980951E-002   1.2686062145627845E-008   149.15630632864455        3.2682686036138608E-002  -41.548666016579233     
   3.2682686062146332E-002   1.2677138286227879E-008   149.15630632864455        3.2682686036182046E-002  -41.548666016568475     
   3.2682686062182754E-002   1.2682307543525097E-008   149.15630632864455        3.2682686036228391E-002  -41.548666016576718     
   3.2682686062102985E-002   1.2700122402133503E-008   149.15630632864455        3.2682686036277428E-002  -41.548666016579965     
   3.2682686061915781E-002   1.2729150431544092E-008   149.15630632864455        3.2682686036328970E-002  -41.548666016578302     
   3.2682686061634179E-002   1.2768003381356666E-008   149.15630632864455        3.2682686036382830E-002  -41.548666016570579     
   3.2682686061268430E-002   1.2815364119611353E-008   149.15630632864455        3.2682686036438861E-002  -41.548666016571396     
   3.2682686060828692E-002   1.2870010980542835E-008   149.15630632864455        3.2682686036496905E-002  -41.548666016570166     
   3.2682686060324095E-002   1.2930839137184225E-008   149.15630632864455        3.2682686036556836E-002  -41.548666016575723     
   3.2682686059761483E-002   1.2996878668975372E-008   149.15630632864455        3.2682686036618537E-002  -41.548666016580015     
   3.2682686059148328E-002   1.3067309054312330E-008   149.15630632864455        3.2682686036681889E-002  -41.548666016569733     
   3.2682686058490423E-002   1.3141469881506855E-008   149.15630632864455        3.2682686036746775E-002  -41.548666016579361     
   3.2682686057792502E-002   1.3218867638044903E-008   149.15630632864455        3.2682686036813083E-002  -41.548666016576725     
   3.2682686057056043E-002   1.3299178506425505E-008   149.15630632864455        3.2682686036880702E-002  -41.548666016572227     
   3.2682686056283362E-002   1.3382247163870886E-008   149.15630632864455        3.2682686036949501E-002  -41.548666016570138     
   3.2682686055475897E-002   1.3468081651965094E-008   149.15630632864455        3.2682686037019341E-002  -41.548666016573016     
   3.2682686054632176E-002   1.3556844449693347E-008   149.15630632864455        3.2682686037090070E-002  -41.548666016577862     
   3.2682686053749632E-002   1.3648839948188319E-008   149.15630632864455        3.2682686037161519E-002  -41.548666016570309     
   3.2682686052825760E-002   1.3744498587143404E-008   149.15630632864455        3.2682686037233490E-002  -41.548666016575481     
   3.2682686051857625E-002   1.3844357969964066E-008   149.15630632864455        3.2682686037305751E-002  -41.548666016574074     
   3.2682686050840112E-002   1.3949041326387799E-008   149.15630632864455        3.2682686037378054E-002  -41.548666016576071     
   3.2682686049768532E-002   1.4059233737235253E-008   149.15630632864455        3.2682686037450115E-002  -41.548666016577435     
   3.2682686048638665E-002   1.4175656574824524E-008   149.15630632864455        3.2682686037521613E-002  -41.548666016581407     
   3.2682686047443420E-002   1.4299040644164027E-008   149.15630632864455        3.2682686037592210E-002  -41.548666016572724     
   3.2682686046181193E-002   1.4430098533737356E-008   149.15630632864455        3.2682686037661508E-002  -41.548666016580427     
   3.2682686044845199E-002   1.4569496700112251E-008   149.15630632864455        3.2682686037729100E-002  -41.548666016579602     
   3.2682686043433398E-002   1.4717827817487721E-008   149.15630632864455        3.2682686037794541E-002  -41.548666016566358     
   3.2682686041940481E-002   1.4875583921591866E-008   149.15630632864455        3.2682686037857352E-002  -41.548666016570657     
   3.2682686040366830E-002   1.5043130867115777E-008   149.15630632864455        3.2682686037917040E-002  -41.548666016568603     
   3.2682686038710398E-002   1.5220684599014421E-008   149.15630632864455        3.2682686037973072E-002  -41.548666016576284     
   3.2682686036973836E-002   1.5408289711203360E-008   149.15630632864455        3.2682686038024912E-002  -41.548666016571303     
   3.2682686035158108E-002   1.5605800731457198E-008   149.15630632864455        3.2682686038072027E-002  -41.548666016567509     
   3.2682686033267995E-002   1.5812866529312395E-008   149.15630632864455        3.2682686038113848E-002  -41.548666016572845     
   3.2682686031308979E-002   1.6028918195288625E-008   149.15630632864455        3.2682686038149826E-002  -41.548666016570337     
   3.2682686029290135E-002   1.6253160685363906E-008   149.15630632864455        3.2682686038179413E-002  -41.548666016574188     
   3.2682686027219320E-002   1.6484568465056911E-008   149.15630632864455        3.2682686038202097E-002  -41.548666016572788     
   3.2682686025109389E-002   1.6721885323906311E-008   149.15630632864455        3.2682686038217362E-002  -41.548666016583738     
   3.2682686022972696E-002   1.6963628464280857E-008   149.15630632864455        3.2682686038224745E-002  -41.548666016572668     
   3.2682686020826121E-002   1.7208096899471548E-008   149.15630632864455        3.2682686038223822E-002  -41.548666016576455     
   3.2682686018684126E-002   1.7453384125952652E-008   149.15630632864455        3.2682686038214205E-002  -41.548666016578672     
   3.2682686016566286E-002   1.7697394964553239E-008   149.15630632864455        3.2682686038195574E-002  -41.548666016559608     
   3.2682686014491591E-002   1.7937866396160785E-008   149.15630632864455        3.2682686038167673E-002  -41.548666016571417     
   3.2682686012481088E-002   1.8172392150555320E-008   149.15630632864455        3.2682686038130314E-002  -41.548666016567495     
   3.2682686010555927E-002   1.8398450743320091E-008   149.15630632864455        3.2682686038083372E-002  -41.548666016583610     
   3.2682686008738221E-002   1.8613436595875968E-008   149.15630632864455        3.2682686038026841E-002  -41.548666016579844     
   3.2682686007050134E-002   1.8814693819038070E-008   149.15630632864455        3.2682686037960769E-002  -41.548666016568589     
   3.2682686005513918E-002   1.8999552191948824E-008   149.15630632864455        3.2682686037885329E-002  -41.548666016580150     
   3.2682686004152431E-002   1.9165364826111667E-008   149.15630632864455        3.2682686037800758E-002  -41.548666016573023     
   3.2682686002986898E-002   1.9309546969646703E-008   149.15630632864455        3.2682686037707409E-002  -41.548666016575979     
   3.2682686002036207E-002   1.9429615380257100E-008   149.15630632864455        3.2682686037605740E-002  -41.548666016570039     
   3.2682686001321737E-002   1.9523227677143332E-008   149.15630632864455        3.2682686037496293E-002  -41.548666016569911     
   3.2682686000859884E-002   1.9588221072543585E-008   149.15630632864455        3.2682686037379720E-002  -41.548666016574266     
   3.2682686000665727E-002   1.9622649883085429E-008   149.15630632864455        3.2682686037256756E-002  -41.548666016583965     
   3.2682686000753934E-002   1.9624821229468972E-008   149.15630632864455        3.2682686037128227E-002  -41.548666016569243     
   3.2682686001135428E-002   1.9593328350495392E-008   149.15630632864455        3.2682686036995055E-002  -41.548666016569278     
   3.2682686001816584E-002   1.9527080983558362E-008   149.15630632864455        3.2682686036858234E-002  -41.548666016578458     
   3.2682686002804176E-002   1.9425332298232148E-008   149.15630632864455        3.2682686036718832E-002  -41.548666016576377     
   3.2682686004101194E-002   1.9287701912207266E-008   149.15630632864455        3.2682686036577965E-002  -41.548666016580491     
   3.2682686005703829E-002   1.9114194568738033E-008   149.15630632864455        3.2682686036436821E-002  -41.548666016566415     
   3.2682686007610422E-002   1.8905214111486220E-008   149.15630632864455        3.2682686036296621E-002  -41.548666016572177     
   3.2682686009810627E-002   1.8661572455142882E-008   149.15630632864455        3.2682686036158599E-002  -41.548666016583496     
   3.2682686012294099E-002   1.8384493317922944E-008   149.15630632864455        3.2682686036024026E-002  -41.548666016590751     
   3.2682686015046210E-002   1.8075610553867629E-008   149.15630632864455        3.2682686035894172E-002  -41.548666016579730     
   3.2682686018047843E-002   1.7736960997691563E-008   149.15630632864455        3.2682686035770299E-002  -41.548666016577236     
   3.2682686021278211E-002   1.7370971811724102E-008   149.15630632864455        3.2682686035653628E-002  -41.548666016577364     
   3.2682686024711458E-002   1.6980442402378729E-008   149.15630632864455        3.2682686035545361E-002  -41.548666016569427     
   3.2682686028321140E-002   1.6568521051207860E-008   149.15630632864455        3.2682686035446641E-002  -41.548666016571083     
   3.2682686032077114E-002   1.6138676481795433E-008   149.15630632864455        3.2682686035358559E-002  -41.548666016567289     
   3.2682686035945568E-002   1.5694664657655989E-008   149.15630632864455        3.2682686035282099E-002  -41.548666016576682     
   3.2682686039893022E-002   1.5240491176618116E-008   149.15630632864455        3.2682686035218185E-002  -41.548666016571630     
   3.2682686043882969E-002   1.4780369692979587E-008   149.15630632864455        3.2682686035167614E-002  -41.548666016576071     
   3.2682686047877316E-002   1.4318676859032251E-008   149.15630632864455        3.2682686035131095E-002  -41.548666016581670     
   3.2682686051838536E-002   1.3859904331425623E-008   149.15630632864455        3.2682686035109182E-002  -41.548666016570294     
   3.2682686055726343E-002   1.3408608434577189E-008   149.15630632864455        3.2682686035102333E-002  -41.548666016581741     
   3.2682686059503023E-002   1.2969358111973003E-008   149.15630632864455        3.2682686035110840E-002  -41.548666016573740     
   3.2682686063129025E-002   1.2546681826618372E-008   149.15630632864455        3.2682686035134856E-002  -41.548666016571502     
   3.2682686066568163E-002   1.2145014093094673E-008   149.15630632864455        3.2682686035174394E-002  -41.548666016584058     
   3.2682686069782245E-002   1.1768642335553711E-008   149.15630632864455        3.2682686035229315E-002  -41.548666016575417     
   3.2682686072738013E-002   1.1421654768478035E-008   149.15630632864455        3.2682686035299315E-002  -41.548666016566543     
   3.2682686075402277E-002   1.1107889989713092E-008   149.15630632864455        3.2682686035383948E-002  -41.548666016570834     
   3.2682686077746471E-002   1.0830888958428351E-008   149.15630632864455        3.2682686035482605E-002  -41.548666016573989     
   3.2682686079741619E-002   1.0593850004499081E-008   149.15630632864455        3.2682686035594544E-002  -41.548666016578387     
   3.2682686081366194E-002   1.0399587480505621E-008   149.15630632864455        3.2682686035718882E-002  -41.548666016574181     
   3.2682686082600276E-002   1.0250494623657195E-008   149.15630632864455        3.2682686035854606E-002  -41.548666016568717     
   3.2682686083426588E-002   1.0148511143038714E-008   149.15630632864455        3.2682686036000566E-002  -41.548666016580803     
   3.2682686083834671E-002   1.0095095988316323E-008   149.15630632864455        3.2682686036155498E-002  -41.548666016582267     
   3.2682686083815249E-002   1.0091205690357506E-008   149.15630632864455        3.2682686036318062E-002  -41.548666016578814     
   3.2682686083367211E-002   1.0137278592736599E-008   149.15630632864455        3.2682686036486788E-002  -41.548666016579709     
   3.2682686082491010E-002   1.0233225217016556E-008   149.15630632864455        3.2682686036660177E-002  -41.548666016570238     
   3.2682686081191056E-002   1.0378424925098539E-008   149.15630632864455        3.2682686036836633E-002  -41.548666016569541     
   3.2682686079479904E-002   1.0571728959668032E-008   149.15630632864455        3.2682686037014533E-002  -41.548666016568724     
   3.2682686077372299E-002   1.0811469860166391E-008   149.15630632864455        3.2682686037192238E-002  -41.548666016577016     
   3.2682686074885066E-002   1.1095477167927241E-008   149.15630632864455        3.2682686037368069E-002  -41.548666016563928     
   3.2682686072042853E-002   1.1421099251235084E-008   149.15630632864455        3.2682686037540390E-002  -41.548666016563921     
   3.2682686068873631E-002   1.1785231000199093E-008   149.15630632864455        3.2682686037707562E-002  -41.548666016577378     
   3.2682686065405565E-002   1.2184347063778474E-008   149.15630632864455        3.2682686037868003E-002  -41.548666016577556     
   3.2682686061672822E-002   1.2614540227946495E-008   149.15630632864455        3.2682686038020180E-002  -41.548666016579503     
   3.2682686057712088E-002   1.3071564465919791E-008   149.15630632864455        3.2682686038162628E-002  -41.548666016570415     
   3.2682686053564100E-002   1.3550882129600258E-008   149.15630632864455        3.2682686038293995E-002  -41.548666016571055     
   3.2682686049268009E-002   1.4047714696643529E-008   149.15630632864455        3.2682686038413018E-002  -41.548666016576909     
   3.2682686044866613E-002   1.4557096440754997E-008   149.15630632864455        3.2682686038518559E-002  -41.548666016574927     
   3.2682686040404536E-002   1.5073930354466153E-008   149.15630632864455        3.2682686038609597E-002  -41.548666016570927     
   3.2682686035923045E-002   1.5593045624307027E-008   149.15630632864455        3.2682686038685259E-002  -41.548666016573108     
   3.2682686031470606E-002   1.6109255938370436E-008   149.15630632864455        3.2682686038744822E-002  -41.548666016570614     
   3.2682686027089111E-002   1.6617417896129458E-008   149.15630632864455        3.2682686038787739E-002  -41.548666016571460     
   3.2682686022820817E-002   1.7112488790037640E-008   149.15630632864455        3.2682686038813580E-002  -41.548666016573122     
   3.2682686018708759E-002   1.7589583037799054E-008   149.15630632864455        3.2682686038822135E-002  -41.548666016575531     
   3.2682686014792191E-002   1.8044026563459754E-008   149.15630632864455        3.2682686038813337E-002  -41.548666016574636     
   3.2682686011109185E-002   1.8471408454059520E-008   149.15630632864455        3.2682686038787295E-002  -41.548666016579020     
   3.2682686007694590E-002   1.8867629255968408E-008   149.15630632864455        3.2682686038744295E-002  -41.548666016570493     
   3.2682686004580977E-002   1.9228945321208600E-008   149.15630632864455        3.2682686038684759E-002  -41.548666016582288     
   3.2682686001794858E-002   1.9552008667854494E-008   149.15630632864455        3.2682686038609313E-002  -41.548666016566749     
   3.2682685999363754E-002   1.9833901879384675E-008   149.15630632864455        3.2682686038518712E-002  -41.548666016574636     
   3.2682685997306511E-002   2.0072167634945873E-008   149.15630632864455        3.2682686038413865E-002  -41.548666016570863     
   3.2682685995641635E-002   2.0264832534766789E-008   149.15630632864455        3.2682686038295813E-002  -41.548666016574344     
   3.2682685994380713E-002   2.0410424961414018E-008   149.15630632864455        3.2682686038165730E-002  -41.548666016577648     
   3.2682685993532065E-002   2.0507986797270985E-008   149.15630632864455        3.2682686038024891E-002  -41.548666016573264     
   3.2682685993099023E-002   2.0557078900236250E-008   149.15630632864455        3.2682686037874685E-002  -41.548666016579112     
   3.2682685993082015E-002   2.0557780322133575E-008   149.15630632864455        3.2682686037716568E-002  -41.548666016581194     
   3.2682685993476207E-002   2.0510681336715775E-008   149.15630632864455        3.2682686037552089E-002  -41.548666016575758     
   3.2682685994271841E-002   2.0416870424975857E-008   149.15630632864455        3.2682686037382835E-002  -41.548666016576803     
   3.2682685995455339E-002   2.0277915443816234E-008   149.15630632864455        3.2682686037210418E-002  -41.548666016573286     
   3.2682685997011157E-002   2.0095839278904711E-008   149.15630632864455        3.2682686037036501E-002  -41.548666016576689     
   3.2682685998915655E-002   1.9873090352642660E-008   149.15630632864455        3.2682686036862724E-002  -41.548666016577791     
   3.2682686001147418E-002   1.9612508422746435E-008   149.15630632864455        3.2682686036690722E-002  -41.548666016574487     
   3.2682686003677977E-002   1.9317286165007155E-008   149.15630632864455        3.2682686036522100E-002  -41.548666016569555     
   3.2682686006478515E-002   1.8990927084653804E-008   149.15630632864455        3.2682686036358405E-002  -41.548666016571865     
   3.2682686009515939E-002   1.8637200343693281E-008   149.15630632864455        3.2682686036201156E-002  -41.548666016570031     
   3.2682686012757679E-002   1.8260093126098635E-008   149.15630632864455        3.2682686036051754E-002  -41.548666016567942     
   3.2682686016166869E-002   1.7863761188384045E-008   149.15630632864455        3.2682686035911547E-002  -41.548666016578579     
   3.2682686019707231E-002   1.7452478259430535E-008   149.15630632864455        3.2682686035781755E-002  -41.548666016570600     
   3.2682686023342795E-002   1.7030584960555901E-008   149.15630632864455        3.2682686035663495E-002  -41.548666016577606     
   3.2682686027036147E-002   1.6602437914490663E-008   149.15630632864455        3.2682686035557781E-002  -41.548666016572639     
   3.2682686030749322E-002   1.6172359700238130E-008   149.15630632864455        3.2682686035465459E-002  -41.548666016578103     
   3.2682686034447267E-002   1.5744590290205010E-008   149.15630632864455        3.2682686035387265E-002  -41.548666016574522     
   3.2682686038093836E-002   1.5323240576530128E-008   149.15630632864455        3.2682686035323774E-002  -41.548666016582985     
   3.2682686041656417E-002   1.4912248556016181E-008   149.15630632864455        3.2682686035275445E-002  -41.548666016569818     
   3.2682686045102174E-002   1.4515338697861012E-008   149.15630632864455        3.2682686035242561E-002  -41.548666016569634     
   3.2682686048400120E-002   1.4135984966236919E-008   149.15630632864455        3.2682686035225256E-002  -41.548666016577286     
   3.2682686051524093E-002   1.3777377911701656E-008   149.15630632864455        3.2682686035223528E-002  -41.548666016574785     
   3.2682686054449336E-002   1.3442396181991851E-008   149.15630632864455        3.2682686035237232E-002  -41.548666016575282     
   3.2682686057153090E-002   1.3133582735149933E-008   149.15630632864455        3.2682686035266070E-002  -41.548666016568205     
   3.2682686059615683E-002   1.2853125967146057E-008   149.15630632864455        3.2682686035309598E-002  -41.548666016580448     
   3.2682686061822126E-002   1.2602845893175572E-008   149.15630632864455        3.2682686035367281E-002  -41.548666016580981     
   3.2682686063759299E-002   1.2384185447722944E-008   149.15630632864455        3.2682686035438419E-002  -41.548666016566443     
   3.2682686065416543E-002   1.2198206894492852E-008   149.15630632864455        3.2682686035522220E-002  -41.548666016575041     
   3.2682686066787502E-002   1.2045593264423303E-008   149.15630632864455        3.2682686035617789E-002  -41.548666016571168     
   3.2682686067870399E-002   1.1926654669182728E-008   149.15630632864455        3.2682686035724134E-002  -41.548666016574842     
   3.2682686068664007E-002   1.1841339270078704E-008   149.15630632864455        3.2682686035840187E-002  -41.548666016569967     
   3.2682686069170547E-002   1.1789248618970365E-008   149.15630632864455        3.2682686035964796E-002  -41.548666016576810     
   3.2682686069395978E-002   1.1769657029453955E-008   149.15630632864455        3.2682686036096774E-002  -41.548666016564553     
   3.2682686069347655E-002   1.1781534584249877E-008   149.15630632864455        3.2682686036234865E-002  -41.548666016574600     
   3.2682686069037535E-002   1.1823573339024912E-008   149.15630632864455        3.2682686036377792E-002  -41.548666016584320     
   3.2682686068476768E-002   1.1894216244397627E-008   149.15630632864455        3.2682686036524265E-002  -41.548666016580079     
   3.2682686067680995E-002   1.1991688277245124E-008   149.15630632864455        3.2682686036672987E-002  -41.548666016577542     
   3.2682686066665835E-002   1.2114029249946237E-008   149.15630632864455        3.2682686036822638E-002  -41.548666016578565     
   3.2682686065448281E-002   1.2259127752213758E-008   149.15630632864455        3.2682686036971942E-002  -41.548666016571090     
   3.2682686064046625E-002   1.2424755674639697E-008   149.15630632864455        3.2682686037119650E-002  -41.548666016576114     
   3.2682686062482855E-002   1.2608602766284619E-008   149.15630632864455        3.2682686037264527E-002  -41.548666016576391     
   3.2682686060773194E-002   1.2808310690390444E-008   149.15630632864455        3.2682686037405408E-002  -41.548666016579489     
   3.2682686058939994E-002   1.3021506062123857E-008   149.15630632864455        3.2682686037541181E-002  -41.548666016565981     
   3.2682686057001829E-002   1.3245831979927636E-008   149.15630632864455        3.2682686037670772E-002  -41.548666016574153     
   3.2682686054980051E-002   1.3478977597264979E-008   149.15630632864455        3.2682686037793222E-002  -41.548666016575922     
   3.2682686052892401E-002   1.3718705323428391E-008   149.15630632864455        3.2682686037907624E-002  -41.548666016568980     
   3.2682686050757567E-002   1.3962875289848809E-008   149.15630632864455        3.2682686038013144E-002  -41.548666016571346     
   3.2682686048593194E-002   1.4209466771732148E-008   149.15630632864455        3.2682686038109046E-002  -41.548666016575659     
   3.2682686046415645E-002   1.4456596312252613E-008   149.15630632864455        3.2682686038194707E-002  -41.548666016580526     
   3.2682686044241099E-002   1.4702532357538157E-008   149.15630632864455        3.2682686038269557E-002  -41.548666016571708     
   3.2682686042081868E-002   1.4945706274165721E-008   149.15630632864455        3.2682686038333152E-002  -41.548666016582558     
   3.2682686039951545E-002   1.5184719685695270E-008   149.15630632864455        3.2682686038385124E-002  -41.548666016578693     
   3.2682686037861404E-002   1.5418348130025561E-008   149.15630632864455        3.2682686038425217E-002  -41.548666016575716     
   3.2682686035820988E-002   1.5645541103865360E-008   149.15630632864455        3.2682686038453250E-002  -41.548666016579155     
   3.2682686033839149E-002   1.5865418623479089E-008   149.15630632864455        3.2682686038469154E-002  -41.548666016570131     
   3.2682686031922009E-002   1.6077264490870711E-008   149.15630632864455        3.2682686038472929E-002  -41.548666016571580     
   3.2682686030077020E-002   1.6280516511062659E-008   149.15630632864455        3.2682686038464692E-002  -41.548666016571971     
   3.2682686028307900E-002   1.6474753957914623E-008   149.15630632864455        3.2682686038444618E-002  -41.548666016573577     
   3.2682686026618474E-002   1.6659682632268302E-008   149.15630632864455        3.2682686038412963E-002  -41.548666016578927     
   3.2682686025011877E-002   1.6835117896355334E-008   149.15630632864455        3.2682686038370073E-002  -41.548666016572838     
   3.2682686023490254E-002   1.7000966101747471E-008   149.15630632864455        3.2682686038316366E-002  -41.548666016568468     
   3.2682686022053792E-002   1.7157204854253197E-008   149.15630632864455        3.2682686038252307E-002  -41.548666016579595     
   3.2682686020704371E-002   1.7303862577167992E-008   149.15630632864455        3.2682686038178442E-002  -41.548666016578167     
   3.2682686019442769E-002   1.7440997844356756E-008   149.15630632864455        3.2682686038095363E-002  -41.548666016573414     
   3.2682686018269694E-002   1.7568678956574156E-008   149.15630632864455        3.2682686038003721E-002  -41.548666016576796     
   3.2682686017185526E-002   1.7686964227784398E-008   149.15630632864455        3.2682686037904203E-002  -41.548666016576576     
   3.2682686016190267E-002   1.7795883433485173E-008   149.15630632864455        3.2682686037797566E-002  -41.548666016580206     
   3.2682686015286275E-002   1.7895420850405654E-008   149.15630632864455        3.2682686037684559E-002  -41.548666016578650     
   3.2682686014473702E-002   1.7985500286315045E-008   149.15630632864455        3.2682686037566001E-002  -41.548666016573058     
   3.2682686013755326E-002   1.8065972461182396E-008   149.15630632864455        3.2682686037442711E-002  -41.548666016568724     
   3.2682686013133649E-002   1.8136605056784426E-008   149.15630632864455        3.2682686037315542E-002  -41.548666016578508     
   3.2682686012612421E-002   1.8197075701606226E-008   149.15630632864455        3.2682686037185382E-002  -41.548666016583716     
   3.2682686012194977E-002   1.8246968102810408E-008   149.15630632864455        3.2682686037053113E-002  -41.548666016570941     
   3.2682686011885738E-002   1.8285771477548734E-008   149.15630632864455        3.2682686036919616E-002  -41.548666016572788     
   3.2682686011689693E-002   1.8312883373241150E-008   149.15630632864455        3.2682686036785806E-002  -41.548666016574302     
   3.2682686011613088E-002   1.8327615901590975E-008   149.15630632864455        3.2682686036652579E-002  -41.548666016582196     
   3.2682686011662014E-002   1.8329205344927642E-008   149.15630632864455        3.2682686036520837E-002  -41.548666016574529     
   3.2682686011843112E-002   1.8316825027290781E-008   149.15630632864455        3.2682686036391476E-002  -41.548666016583581     
   3.2682686012162981E-002   1.8289601277467449E-008   149.15630632864455        3.2682686036265375E-002  -41.548666016565001     
   3.2682686012629046E-002   1.8246632248098094E-008   149.15630632864455        3.2682686036143410E-002  -41.548666016575297     
   3.2682686013247614E-002   1.8187009294930502E-008   149.15630632864455        3.2682686036026427E-002  -41.548666016580867     
   3.2682686014025852E-002   1.8109840564541130E-008   149.15630632864455        3.2682686035915273E-002  -41.548666016573996     
   3.2682686014970048E-002   1.8014276388269934E-008   149.15630632864455        3.2682686035810732E-002  -41.548666016578473     
   3.2682686016084775E-002   1.7899536035310553E-008   149.15630632864455        3.2682686035713601E-002  -41.548666016574423     
   3.2682686017375513E-002   1.7764935340355645E-008   149.15630632864455        3.2682686035624610E-002  -41.548666016573428     
   3.2682686018845074E-002   1.7609914690920503E-008   149.15630632864455        3.2682686035544473E-002  -41.548666016570493     
   3.2682686020495302E-002   1.7434066837341355E-008   149.15630632864455        3.2682686035473862E-002  -41.548666016578103     
   3.2682686022326796E-002   1.7237163975365109E-008   149.15630632864455        3.2682686035413376E-002  -41.548666016574181     
   3.2682686024338388E-002   1.7019183546624087E-008   149.15630632864455        3.2682686035363590E-002  -41.548666016575268     
   3.2682686026526304E-002   1.6780332207184320E-008   149.15630632864455        3.2682686035325016E-002  -41.548666016583354     
   3.2682686028885084E-002   1.6521067428629930E-008   149.15630632864455        3.2682686035298114E-002  -41.548666016570415     
   3.2682686031407011E-002   1.6242116219353831E-008   149.15630632864455        3.2682686035283258E-002  -41.548666016574344     
   3.2682686034082274E-002   1.5944490486145386E-008   149.15630632864455        3.2682686035280767E-002  -41.548666016580874     
   3.2682686036897869E-002   1.5629498597130713E-008   149.15630632864455        3.2682686035290898E-002  -41.548666016568653     
   3.2682686039837740E-002   1.5298752756297491E-008   149.15630632864455        3.2682686035313803E-002  -41.548666016566784     
   3.2682686042885156E-002   1.4954171856473362E-008   149.15630632864455        3.2682686035349566E-002  -41.548666016572170     
   3.2682686046019808E-002   1.4597979541056744E-008   149.15630632864455        3.2682686035398187E-002  -41.548666016579546     
   3.2682686049219103E-002   1.4232697274103109E-008   149.15630632864455        3.2682686035459568E-002  -41.548666016578807     
   3.2682686052457832E-002   1.3861132292583472E-008   149.15630632864455        3.2682686035533530E-002  -41.548666016586409     
   3.2682686055709023E-002   1.3486360392905429E-008   149.15630632864455        3.2682686035619794E-002  -41.548666016578899     
   3.2682686058943124E-002   1.3111703584421183E-008   149.15630632864455        3.2682686035717973E-002  -41.548666016570095     
   3.2682686062128645E-002   1.2740702725085962E-008   149.15630632864455        3.2682686035827593E-002  -41.548666016572902     
   3.2682686065235188E-002   1.2377085337179328E-008   149.15630632864455        3.2682686035948073E-002  -41.548666016580057     
   3.2682686068228425E-002   1.2024728882663078E-008   149.15630632864455        3.2682686036078747E-002  -41.548666016572000     
   3.2682686071074836E-002   1.1687619857290067E-008   149.15630632864455        3.2682686036218829E-002  -41.548666016574032     
   3.2682686073739545E-002   1.1369809138606924E-008   149.15630632864455        3.2682686036367453E-002  -41.548666016570280     
   3.2682686076188711E-002   1.1075364094346720E-008   149.15630632864455        3.2682686036523662E-002  -41.548666016577371     
   3.2682686078387188E-002   1.0808318023195407E-008   149.15630632864455        3.2682686036686399E-002  -41.548666016575872     
   3.2682686080303183E-002   1.0572617558578999E-008   149.15630632864455        3.2682686036854522E-002  -41.548666016571445     
   3.2682686081904624E-002   1.0372068716586588E-008   149.15630632864455        3.2682686037026815E-002  -41.548666016570920     
   3.2682686083161584E-002   1.0210282310954848E-008   149.15630632864455        3.2682686037202001E-002  -41.548666016576192     
   3.2682686084046765E-002   1.0090619490199179E-008   149.15630632864455        3.2682686037378721E-002  -41.548666016585223     
   3.2682686084535076E-002   1.0016138173593400E-008   149.15630632864455        3.2682686037555565E-002  -41.548666016579133     
   3.2682686084605506E-002   9.9895411736642979E-009   149.15630632864455        3.2682686037731105E-002  -41.548666016574188     
   3.2682686084238799E-002   1.0013126792631564E-008   149.15630632864455        3.2682686037903849E-002  -41.548666016571872     
   3.2682686083422334E-002   1.0088742668454702E-008   149.15630632864455        3.2682686038072298E-002  -41.548666016579965     
   3.2682686082144294E-002   1.0217743622820214E-008   149.15630632864455        3.2682686038234932E-002  -41.548666016579730     
   3.2682686080402340E-002   1.0400954228953269E-008   149.15630632864455        3.2682686038390273E-002  -41.548666016578863     
   3.2682686078191588E-002   1.0638636771452379E-008   149.15630632864455        3.2682686038536815E-002  -41.548666016569079     
   3.2682686075521418E-002   1.0930465213862834E-008   149.15630632864455        3.2682686038673116E-002  -41.548666016574956     
   3.2682686072397819E-002   1.1275505723454001E-008   149.15630632864455        3.2682686038797766E-002  -41.548666016578892     
   3.2682686068838153E-002   1.1672204227001097E-008   149.15630632864455        3.2682686038909434E-002  -41.548666016573705     
   3.2682686064861285E-002   1.2118381387254327E-008   149.15630632864455        3.2682686039006856E-002  -41.548666016584868     
   3.2682686060493765E-002   1.2611235298483613E-008   149.15630632864455        3.2682686039088853E-002  -41.548666016573840     
   3.2682686055765457E-002   1.3147352101784242E-008   149.15630632864455        3.2682686039154356E-002  -41.548666016575723     
   3.2682686050712680E-002   1.3722724618330347E-008   149.15630632864455        3.2682686039202435E-002  -41.548666016569101     
   3.2682686045375518E-002   1.4332778992729601E-008   149.15630632864455        3.2682686039232266E-002  -41.548666016574117     
   3.2682686039799090E-002   1.4972409230297063E-008   149.15630632864455        3.2682686039243174E-002  -41.548666016571360     
   3.2682686034032980E-002   1.5636019403091774E-008   149.15630632864455        3.2682686039234653E-002  -41.548666016579794     
   3.2682686028128120E-002   1.6317573191411328E-008   149.15630632864455        3.2682686039206349E-002  -41.548666016572703     
   3.2682686022140132E-002   1.7010650321705641E-008   149.15630632864455        3.2682686039158096E-002  -41.548666016571644     
   3.2682686016128400E-002   1.7708509359770331E-008   149.15630632864455        3.2682686039089873E-002  -41.548666016580434     
   3.2682686010152430E-002   1.8404156221400546E-008   149.15630632864455        3.2682686039001867E-002  -41.548666016580036     
   3.2682686004273903E-002   1.9090417672787736E-008   149.15630632864455        3.2682686038894473E-002  -41.548666016566671     
   3.2682685998555047E-002   1.9760019011032855E-008   149.15630632864455        3.2682686038768234E-002  -41.548666016570856     
   3.2682685993057223E-002   2.0405665042505523E-008   149.15630632864455        3.2682686038623905E-002  -41.548666016573939     
   3.2682685987842366E-002   2.1020123414711174E-008   149.15630632864455        3.2682686038462430E-002  -41.548666016575496     
   3.2682685982972116E-002   2.1596309306708314E-008   149.15630632864455        3.2682686038284919E-002  -41.548666016575531     
   3.2682685978501984E-002   2.2127370444742933E-008   149.15630632864455        3.2682686038092663E-002  -41.548666016577108     
   3.2682685974487750E-002   2.2606771384669361E-008   149.15630632864455        3.2682686037887126E-002  -41.548666016588257     
   3.2682685970982256E-002   2.3028375990919906E-008   149.15630632864455        3.2682686037669925E-002  -41.548666016578736     
   3.2682685968030707E-002   2.3386527044130173E-008   149.15630632864455        3.2682686037442808E-002  -41.548666016577734     
   3.2682685965676958E-002   2.3676121926143762E-008   149.15630632864455        3.2682686037207670E-002  -41.548666016577663     
   3.2682685963956820E-002   2.3892683361399037E-008   149.15630632864455        3.2682686036966516E-002  -41.548666016579880     
   3.2682685962902275E-002   2.4032424238351391E-008   149.15630632864455        3.2682686036721434E-002  -41.548666016576561     
   3.2682685962537164E-002   2.4092305592602725E-008   149.15630632864455        3.2682686036474597E-002  -41.548666016572618     
   3.2682685962880202E-002   2.4070086904184025E-008   149.15630632864455        3.2682686036228238E-002  -41.548666016582395     
   3.2682685963940444E-002   2.3964367944588812E-008   149.15630632864455        3.2682686035984614E-002  -41.548666016576043     
   3.2682685965721193E-002   2.3774621503463848E-008   149.15630632864455        3.2682686035746006E-002  -41.548666016570351     
   3.2682685968217412E-002   2.3501216429239302E-008   149.15630632864455        3.2682686035514684E-002  -41.548666016567040     
   3.2682685971417498E-002   2.3145430531245867E-008   149.15630632864455        3.2682686035292875E-002  -41.548666016580022     
   3.2682685975300767E-002   2.2709453011676671E-008   149.15630632864455        3.2682686035082752E-002  -41.548666016565186     
   3.2682685979839733E-002   2.2196376222328907E-008   149.15630632864455        3.2682686034886423E-002  -41.548666016574110     
   3.2682685984997545E-002   2.1610176672350642E-008   149.15630632864455        3.2682686034705880E-002  -41.548666016576362     
   3.2682685990734116E-002   2.0955685346913320E-008   149.15630632864455        3.2682686034542989E-002  -41.548666016574387     
   3.2682685996997606E-002   2.0238547531478007E-008   149.15630632864455        3.2682686034399486E-002  -41.548666016571026     
   3.2682686003733231E-002   1.9465172470502213E-008   149.15630632864455        3.2682686034276917E-002  -41.548666016575382     
   3.2682686010879224E-002   1.8642673320738897E-008   149.15630632864455        3.2682686034176671E-002  -41.548666016577549     
   3.2682686018368372E-002   1.7778797986498690E-008   149.15630632864455        3.2682686034099920E-002  -41.548666016584136     
   3.2682686026127734E-002   1.6881851545539640E-008   149.15630632864455        3.2682686034047628E-002  -41.548666016566663     
   3.2682686034083856E-002   1.5960611087670390E-008   149.15630632864455        3.2682686034020532E-002  -41.548666016573399     
   3.2682686042155941E-002   1.5024233892559156E-008   149.15630632864455        3.2682686034019130E-002  -41.548666016575126     
   3.2682686050264809E-002   1.4082159966930363E-008   149.15630632864455        3.2682686034043666E-002  -41.548666016568482     
   3.2682686058326388E-002   1.3144010043103573E-008   149.15630632864455        3.2682686034094140E-002  -41.548666016570827     
   3.2682686066259833E-002   1.2219480209364187E-008   149.15630632864455        3.2682686034170294E-002  -41.548666016566720     
   3.2682686073980907E-002   1.1318234397111574E-008   149.15630632864455        3.2682686034271602E-002  -41.548666016574593     
   3.2682686081409271E-002   1.0449795989299427E-008   149.15630632864455        3.2682686034397307E-002  -41.548666016570301     
   3.2682686088465591E-002   9.6234398383605877E-009   149.15630632864455        3.2682686034546403E-002  -41.548666016583020     
   3.2682686095073361E-002   8.8480859896390154E-009   149.15630632864455        3.2682686034717620E-002  -41.548666016566472     
   3.2682686101162317E-002   8.1321963978305660E-009   149.15630632864455        3.2682686034909467E-002  -41.548666016576526     
   3.2682686106664617E-002   7.4836758991165267E-009   149.15630632864455        3.2682686035120256E-002  -41.548666016580455     
   3.2682686111520011E-002   6.9097786606964033E-009   149.15630632864455        3.2682686035348074E-002  -41.548666016577798     
   3.2682686115672530E-002   6.4170212726492654E-009   149.15630632864455        3.2682686035590838E-002  -41.548666016566308     
   3.2682686119075606E-002   6.0111035753813315E-009   149.15630632864455        3.2682686035846287E-002  -41.548666016570358     
   3.2682686121687454E-002   5.6968382298307329E-009   149.15630632864455        3.2682686036112032E-002  -41.548666016570266     
   3.2682686123476953E-002   5.4780899382466403E-009   149.15630632864455        3.2682686036385571E-002  -41.548666016570998     
   3.2682686124420844E-002   5.3577251119446956E-009   149.15630632864455        3.2682686036664292E-002  -41.548666016574238     
   3.2682686124504208E-002   5.3375726603025459E-009   149.15630632864455        3.2682686036945532E-002  -41.548666016562990     
   3.2682686123721799E-002   5.4183964439271939E-009   149.15630632864455        3.2682686037226585E-002  -41.548666016575680     
   3.2682686122076837E-002   5.5998797959197458E-009   149.15630632864455        3.2682686037504724E-002  -41.548666016567495     
   3.2682686119583179E-002   5.8806223703638246E-009   149.15630632864455        3.2682686037777263E-002  -41.548666016567680     
   3.2682686116261885E-002   6.2581494283318824E-009   149.15630632864455        3.2682686038041531E-002  -41.548666016570223     
   3.2682686112144449E-002   6.7289335207231066E-009   149.15630632864455        3.2682686038294960E-002  -41.548666016566720     
   3.2682686107271722E-002   7.2884283759452608E-009   149.15630632864455        3.2682686038535053E-002  -41.548666016571516     
   3.2682686101689028E-002   7.9311146510333382E-009   149.15630632864455        3.2682686038759470E-002  -41.548666016575503     
   3.2682686095455514E-002   8.6505570588355837E-009   149.15630632864455        3.2682686038966000E-002  -41.548666016578302     
   3.2682686088631348E-002   9.4394722434715020E-009   149.15630632864455        3.2682686039152614E-002  -41.548666016579460     
   3.2682686081286792E-002   1.0289806643245293E-008   149.15630632864455        3.2682686039317496E-002  -41.548666016567552     
   3.2682686073497426E-002   1.1192823456037097E-008   149.15630632864455        3.2682686039459008E-002  -41.548666016577307     
   3.2682686065342699E-002   1.2139197708832865E-008   149.15630632864455        3.2682686039575796E-002  -41.548666016570671     
   3.2682686056907585E-002   1.3119118331731187E-008   149.15630632864455        3.2682686039666710E-002  -41.548666016580277     
   3.2682686048278724E-002   1.4122396048854029E-008   149.15630632864455        3.2682686039730902E-002  -41.548666016566344     
   3.2682686039545557E-002   1.5138575825353239E-008   149.15630632864455        3.2682686039767754E-002  -41.548666016567267     
   3.2682686030799442E-002   1.6157052551936946E-008   149.15630632864455        3.2682686039776955E-002  -41.548666016574245     
   3.2682686022131265E-002   1.7167188606995964E-008   149.15630632864455        3.2682686039758470E-002  -41.548666016573058     
   3.2682686013630682E-002   1.8158431911799414E-008   149.15630632864455        3.2682686039712534E-002  -41.548666016573968     
   3.2682686005385583E-002   1.9120433086904407E-008   149.15630632864455        3.2682686039639669E-002  -41.548666016577350     
   3.2682685997483141E-002   2.0043160327996337E-008   149.15630632864455        3.2682686039540679E-002  -41.548666016583887     
   3.2682685990004123E-002   2.0917010646482685E-008   149.15630632864455        3.2682686039416618E-002  -41.548666016579816     
   3.2682685983026573E-002   2.1732916164212100E-008   149.15630632864455        3.2682686039268806E-002  -41.548666016572781     
   3.2682685976619878E-002   2.2482444212120358E-008   149.15630632864455        3.2682686039098803E-002  -41.548666016573044     
   3.2682685970852075E-002   2.3157890058449428E-008   149.15630632864455        3.2682686038908365E-002  -41.548666016576348     
   3.2682685965780452E-002   2.3752361182645230E-008   149.15630632864455        3.2682686038699497E-002  -41.548666016576050     
   3.2682685961456640E-002   2.4259852114954043E-008   149.15630632864455        3.2682686038474358E-002  -41.548666016569619     
   3.2682685957923500E-002   2.4675308977681681E-008   149.15630632864455        3.2682686038235265E-002  -41.548666016570671     
   3.2682685955213467E-002   2.4994682990596463E-008   149.15630632864455        3.2682686037984687E-002  -41.548666016583205     
   3.2682685953354412E-002   2.5214972338427235E-008   149.15630632864455        3.2682686037725193E-002  -41.548666016577769     
   3.2682685952360895E-002   2.5334251941115505E-008   149.15630632864455        3.2682686037459427E-002  -41.548666016577606     
   3.2682685952240567E-002   2.5351690815529626E-008   149.15630632864455        3.2682686037190101E-002  -41.548666016576405     
   3.2682685952989093E-002   2.5267556868943971E-008   149.15630632864455        3.2682686036919935E-002  -41.548666016570152     
   3.2682685954595961E-002   2.5083209117642432E-008   149.15630632864455        3.2682686036651670E-002  -41.548666016575041     
   3.2682685957041137E-002   2.4801077476626726E-008   149.15630632864455        3.2682686036387985E-002  -41.548666016577506     
   3.2682685960292099E-002   2.4424630416697517E-008   149.15630632864455        3.2682686036131517E-002  -41.548666016569001     
   3.2682685964312466E-002   2.3958330931241116E-008   149.15630632864455        3.2682686035884818E-002  -41.548666016571183     
   3.2682685969054971E-002   2.3407581394785922E-008   149.15630632864455        3.2682686035650312E-002  -41.548666016574899     
   3.2682685974466490E-002   2.2778658027335849E-008   149.15630632864455        3.2682686035430300E-002  -41.548666016574984     
   3.2682685980484988E-002   2.2078635800986722E-008   149.15630632864455        3.2682686035226907E-002  -41.548666016568376     
   3.2682685987045976E-002   2.1315304736458567E-008   149.15630632864455        3.2682686035042076E-002  -41.548666016571225     
   3.2682685994076151E-002   2.0497078636061938E-008   149.15630632864455        3.2682686034877569E-002  -41.548666016573293     
   3.2682686001498040E-002   1.9632897384682962E-008   149.15630632864455        3.2682686034734898E-002  -41.548666016582139     
   3.2682686009233207E-002   1.8732124020886359E-008   149.15630632864455        3.2682686034615382E-002  -41.548666016566209     
   3.2682686017198578E-002   1.7804437835043764E-008   149.15630632864455        3.2682686034520056E-002  -41.548666016572852     
   3.2682686025309410E-002   1.6859724790194242E-008   149.15630632864455        3.2682686034449716E-002  -41.548666016581628     
   3.2682686033480755E-002   1.5907966583586032E-008   149.15630632864455        3.2682686034404905E-002  -41.548666016575993     
   3.2682686041626656E-002   1.4959129672266830E-008   149.15630632864455        3.2682686034385899E-002  -41.548666016575005     
   3.2682686049663484E-002   1.4023055574909458E-008   149.15630632864455        3.2682686034392706E-002  -41.548666016572525     
   3.2682686057507668E-002   1.3109353734474463E-008   149.15630632864455        3.2682686034425069E-002  -41.548666016572788     
   3.2682686065083136E-002   1.2227298182636552E-008   149.15630632864455        3.2682686034482489E-002  -41.548666016574359     
   3.2682686072310611E-002   1.1385729188029050E-008   149.15630632864455        3.2682686034564201E-002  -41.548666016577108     
   3.2682686079121101E-002   1.0592960997165578E-008   149.15630632864455        3.2682686034669214E-002  -41.548666016572533     
   3.2682686085448096E-002   9.8566966902998857E-009   149.15630632864455        3.2682686034796328E-002  -41.548666016563566     
   3.2682686091231761E-002   9.1839510757438110E-009   149.15630632864455        3.2682686034944099E-002  -41.548666016574920     
   3.2682686096416516E-002   8.5809824367352732E-009   149.15630632864455        3.2682686035110910E-002  -41.548666016576973     
   3.2682686100957710E-002   8.0532338265074605E-009   149.15630632864455        3.2682686035294957E-002  -41.548666016576284     
   3.2682686104816137E-002   7.6052844809874428E-009   149.15630632864455        3.2682686035494297E-002  -41.548666016572490     
   3.2682686107958547E-002   7.2408117865394534E-009   149.15630632864455        3.2682686035706850E-002  -41.548666016576227     
   3.2682686110361611E-002   6.9625641042179355E-009   149.15630632864455        3.2682686035930435E-002  -41.548666016577876     
   3.2682686112010216E-002   6.7723446136741649E-009   149.15630632864455        3.2682686036162763E-002  -41.548666016577187     
   3.2682686112895092E-002   6.6710062013125290E-009   149.15630632864455        3.2682686036401509E-002  -41.548666016570387     
   3.2682686113019117E-002   6.6584572799825809E-009   149.15630632864455        3.2682686036644294E-002  -41.548666016579212     
   3.2682686112388608E-002   6.7336782935170068E-009   149.15630632864455        3.2682686036888738E-002  -41.548666016581478     
   3.2682686111020376E-002   6.8947485304955782E-009   149.15630632864455        3.2682686037132480E-002  -41.548666016574252     
   3.2682686108937473E-002   7.1388827491145380E-009   149.15630632864455        3.2682686037373176E-002  -41.548666016574778     
   3.2682686106170381E-002   7.4624770008171295E-009   149.15630632864455        3.2682686037608558E-002  -41.548666016578665     
   3.2682686102756701E-002   7.8611629356551594E-009   149.15630632864455        3.2682686037836424E-002  -41.548666016570465     
   3.2682686098738159E-002   8.3298697785353487E-009   149.15630632864455        3.2682686038054701E-002  -41.548666016576611     
   3.2682686094164616E-002   8.8628930836485570E-009   149.15630632864455        3.2682686038261403E-002  -41.548666016582310     
   3.2682686089087511E-002   9.4539693053680878E-009   149.15630632864455        3.2682686038454707E-002  -41.548666016573883     
   3.2682686083566517E-002   1.0096355168623295E-008   149.15630632864455        3.2682686038632926E-002  -41.548666016578295     
   3.2682686077660471E-002   1.0782910780671799E-008   149.15630632864455        3.2682686038794560E-002  -41.548666016574501     
   3.2682686071435270E-002   1.1506185399624372E-008   149.15630632864455        3.2682686038938272E-002  -41.548666016569676     
   3.2682686064953954E-002   1.2258504763324977E-008   149.15630632864455        3.2682686039062929E-002  -41.548666016580832     
   3.2682686058284921E-002   1.3032058885032681E-008   149.15630632864455        3.2682686039167581E-002  -41.548666016563899     
   3.2682686051495158E-002   1.3818989239588774E-008   149.15630632864455        3.2682686039251486E-002  -41.548666016578274     
   3.2682686044650931E-002   1.4611474295053425E-008   149.15630632864455        3.2682686039314124E-002  -41.548666016583006     
   3.2682686037819611E-002   1.5401812389277679E-008   149.15630632864455        3.2682686039355154E-002  -41.548666016578046     
   3.2682686031064688E-002   1.6182501008033088E-008   149.15630632864455        3.2682686039374444E-002  -41.548666016574437     
   3.2682686024449986E-002   1.6946311589810728E-008   149.15630632864455        3.2682686039372078E-002  -41.548666016569641     
   3.2682686018032966E-002   1.7686359061317518E-008   149.15630632864455        3.2682686039348340E-002  -41.548666016572362     
   3.2682686011871236E-002   1.8396165395917236E-008   149.15630632864455        3.2682686039303667E-002  -41.548666016573343     
   3.2682686006016072E-002   1.9069716582951745E-008   149.15630632864455        3.2682686039238719E-002  -41.548666016572604     
   3.2682686000515188E-002   1.9701512497943227E-008   149.15630632864455        3.2682686039154307E-002  -41.548666016571900     
   3.2682685995412582E-002   2.0286609270596834E-008   149.15630632864455        3.2682686039051390E-002  -41.548666016566614     
   3.2682685990746932E-002   2.0820653857434988E-008   149.15630632864455        3.2682686038931097E-002  -41.548666016583191     
   3.2682685986548513E-002   2.1299910637299427E-008   149.15630632864455        3.2682686038794678E-002  -41.548666016570401     
   3.2682685982848521E-002   2.1721279959568725E-008   149.15630632864455        3.2682686038643487E-002  -41.548666016577123     
   3.2682685979665872E-002   2.2082308684632158E-008   149.15630632864455        3.2682686038479000E-002  -41.548666016582416     
   3.2682685977018879E-002   2.2381192862549958E-008   149.15630632864455        3.2682686038302752E-002  -41.548666016567736     
   3.2682685974917705E-002   2.2616772798104546E-008   149.15630632864455        3.2682686038116374E-002  -41.548666016571694     
   3.2682685973369478E-002   2.2788520846124540E-008   149.15630632864455        3.2682686037921529E-002  -41.548666016578025     
   3.2682685972373407E-002   2.2896522369324933E-008   149.15630632864455        3.2682686037719927E-002  -41.548666016567253     
   3.2682685971924252E-002   2.2941450371261623E-008   149.15630632864455        3.2682686037513294E-002  -41.548666016573378     
   3.2682685972014992E-002   2.2924534387484286E-008   149.15630632864455        3.2682686037303364E-002  -41.548666016569506     
   3.2682685972628266E-002   2.2847524278140875E-008   149.15630632864455        3.2682686037091853E-002  -41.548666016574550     
   3.2682685973748467E-002   2.2712649614609509E-008   149.15630632864455        3.2682686036880459E-002  -41.548666016573328     
   3.2682685975352704E-002   2.2522575390420093E-008   149.15630632864455        3.2682686036670842E-002  -41.548666016579730     
   3.2682685977415749E-002   2.2280354812483187E-008   149.15630632864455        3.2682686036464612E-002  -41.548666016584633     
   3.2682685979908969E-002   2.1989379942631558E-008   149.15630632864455        3.2682686036263293E-002  -41.548666016561583     
   3.2682685982801940E-002   2.1653330961212087E-008   149.15630632864455        3.2682686036068380E-002  -41.548666016575787     
   3.2682685986060334E-002   2.1276124814522702E-008   149.15630632864455        3.2682686035881238E-002  -41.548666016572469     
